time	seconds	group	step	event	name	number	text
09:48:33.992	53.706	1000BS	DECIDE	step started	DECIDE	0	
09:48:33.998	53.712	1000BS	DECIDE	census before	models	0	
09:48:33.999	53.713	1000BS	DECIDE	census before	sets	0	
09:48:34.001	53.715	1000BS	DECIDE	census before	tests	0	
09:48:34.002	53.716	1000BS	DECIDE	census before	results	0	
09:48:34.003	53.717	1000BS	DECIDE	census before	views	0	
09:48:34.714	54.428	1000BS		census after	models	2	
09:48:34.716	54.429	1000BS		census after	sets	61	
09:48:34.718	54.431	1000BS		census after	tests	21	
09:48:34.719	54.433	1000BS		census after	results	0	
09:48:34.720	54.434	1000BS		census after	views	12	
09:48:34.725	54.439	1000BS		step finished	DECIDE	0.717	Weekly run plus XML
09:48:34.741	54.455	1000BS	UNITS	step started	UNITS	0	
09:48:34.744	54.457	1000BS	UNITS	census before	models	2	
09:48:34.744	54.458	1000BS	UNITS	census before	sets	61	
09:48:34.745	54.459	1000BS	UNITS	census before	tests	21	
09:48:34.746	54.460	1000BS	UNITS	census before	results	0	
09:48:34.746	54.460	1000BS	UNITS	census before	views	12	
09:48:34.779	54.493	1000BS		census after	models	2	
09:48:34.780	54.494	1000BS		census after	sets	61	
09:48:34.781	54.494	1000BS		census after	tests	21	
09:48:34.782	54.495	1000BS		census after	results	0	
09:48:34.782	54.496	1000BS		census after	views	12	
09:48:34.784	54.498	1000BS		step finished	UNITS	0.038	the document was asked for Meters
09:48:34.811	54.524	1000BS		model placement	1104-PAR-1000BS-ZZZ-AR-MOD-003001.nwc	684686.56	Community-2-BS1
09:48:34.811	54.525	1000BS		model placement	1104-PAR-1000BS-ZZZ-AR-MOD-003002.nwc	688556.56	Community-2-BS2
09:48:34.856	54.569	1000BS		model export	1104-PAR-1000BS-ZZZ-AR-MOD-003001.nwc	53	1 workset(s), element id 100%
09:48:34.857	54.570	1000BS		model export	1104-PAR-1000BS-ZZZ-AR-MOD-003002.nwc	53	1 workset(s), element id 100%
09:48:34.862	54.575	1000BS	SETS	step started	SETS	0	
09:48:34.863	54.577	1000BS	SETS	census before	models	2	
09:48:34.864	54.578	1000BS	SETS	census before	sets	61	
09:48:34.865	54.579	1000BS	SETS	census before	tests	21	
09:48:34.866	54.580	1000BS	SETS	census before	results	0	
09:48:34.867	54.581	1000BS	SETS	census before	views	12	
09:48:35.129	54.844	1000BS		census after	models	2	
09:48:35.130	54.844	1000BS		census after	sets	61	
09:48:35.131	54.845	1000BS		census after	tests	21	
09:48:35.133	54.846	1000BS		census after	results	0	
09:48:35.133	54.847	1000BS		census after	views	12	
09:48:35.135	54.849	1000BS		step finished	SETS	0.268	0 created, 61 already there, 0 finding items, 0 at zero.
09:48:35.494	55.208	1000BS		set finding nothing	lcop_selection_set_tree/Architecture/BLD-AR-Floors		lcop_selection_set_tree/Architecture/BLD-AR-Floors   asks for "Floors", WHICH MODELS IN THIS PROJECT DO CARRY, and still found nothing HERE. Either this group holds no model of that kind, which is ordinary, or something else is wrong, and this reader cannot tell which
09:48:35.495	55.209	1000BS		set finding nothing	lcop_selection_set_tree/Architecture/BLD-AR-Stairs		lcop_selection_set_tree/Architecture/BLD-AR-Stairs   asks for "Stairs", WHICH MODELS IN THIS PROJECT DO CARRY, and still found nothing HERE. Either this group holds no model of that kind, which is ordinary, or something else is wrong, and this reader cannot tell which
09:48:35.496	55.209	1000BS		set finding nothing	lcop_selection_set_tree/Architecture/BLD-AR-Ramps		lcop_selection_set_tree/Architecture/BLD-AR-Ramps   asks for "Ramps" and NO MODEL IN THIS PROJECT CARRIES IT, and nothing the models carry is close to it
09:48:35.496	55.210	1000BS		set finding nothing	lcop_selection_set_tree/Architecture/BLD-AR-Roofs		lcop_selection_set_tree/Architecture/BLD-AR-Roofs   asks for "Roofs" and NO MODEL IN THIS PROJECT CARRIES IT. The nearest the models carry is "Doors", which is a suggestion and not a correction
09:48:35.497	55.211	1000BS		set finding nothing	lcop_selection_set_tree/Architecture/BLD-AR-Columns		lcop_selection_set_tree/Architecture/BLD-AR-Columns   asks for "Columns" and NO MODEL IN THIS PROJECT CARRIES IT, and nothing the models carry is close to it
09:48:35.498	55.212	1000BS		set finding nothing	lcop_selection_set_tree/Architecture/BLD-AR-Windows		lcop_selection_set_tree/Architecture/BLD-AR-Windows   asks for "Windows", WHICH MODELS IN THIS PROJECT DO CARRY, and still found nothing HERE. Either this group holds no model of that kind, which is ordinary, or something else is wrong, and this reader cannot tell which
09:48:35.498	55.212	1000BS		set finding nothing	lcop_selection_set_tree/Architecture/BLD-AR-Casework		lcop_selection_set_tree/Architecture/BLD-AR-Casework   asks for "Casework" and NO MODEL IN THIS PROJECT CARRIES IT, and nothing the models carry is close to it
09:48:35.499	55.213	1000BS		set finding nothing	lcop_selection_set_tree/Architecture/BLD-AR-Parking		lcop_selection_set_tree/Architecture/BLD-AR-Parking   asks for "Parking" and NO MODEL IN THIS PROJECT CARRIES IT, and nothing the models carry is close to it
09:48:35.500	55.214	1000BS		set finding nothing	lcop_selection_set_tree/Architecture/BLD-AR-Railings		lcop_selection_set_tree/Architecture/BLD-AR-Railings   asks for "Railings" and NO MODEL IN THIS PROJECT CARRIES IT. The nearest the models carry is "Ceilings", which is a suggestion and not a correction
09:48:35.501	55.214	1000BS		set finding nothing	lcop_selection_set_tree/Structure/BLD-ST-Foundation		lcop_selection_set_tree/Structure/BLD-ST-Foundation   asks for "Structural Foundations", WHICH MODELS IN THIS PROJECT DO CARRY, and still found nothing HERE. Either this group holds no model of that kind, which is ordinary, or something else is wrong, and this reader cannot tell which
09:48:35.501	55.215	1000BS		set finding nothing	lcop_selection_set_tree/Structure/BLD-ST-Columns		lcop_selection_set_tree/Structure/BLD-ST-Columns   asks for "Structural Columns", WHICH MODELS IN THIS PROJECT DO CARRY, and still found nothing HERE. Either this group holds no model of that kind, which is ordinary, or something else is wrong, and this reader cannot tell which
09:48:35.502	55.216	1000BS		set finding nothing	lcop_selection_set_tree/Structure/BLD-ST-Framing		lcop_selection_set_tree/Structure/BLD-ST-Framing   asks for "Structural Framing", WHICH MODELS IN THIS PROJECT DO CARRY, and still found nothing HERE. Either this group holds no model of that kind, which is ordinary, or something else is wrong, and this reader cannot tell which
09:48:35.503	55.217	1000BS		set finding nothing	lcop_selection_set_tree/Structure/BLD-ST-Walls		lcop_selection_set_tree/Structure/BLD-ST-Walls   asks for "Walls", WHICH MODELS IN THIS PROJECT DO CARRY, and still found nothing HERE. Either this group holds no model of that kind, which is ordinary, or something else is wrong, and this reader cannot tell which
09:48:35.503	55.217	1000BS		set finding nothing	lcop_selection_set_tree/Structure/BLD-ST-Floors		lcop_selection_set_tree/Structure/BLD-ST-Floors   asks for "Floors", WHICH MODELS IN THIS PROJECT DO CARRY, and still found nothing HERE. Either this group holds no model of that kind, which is ordinary, or something else is wrong, and this reader cannot tell which
09:48:35.504	55.218	1000BS		set finding nothing	lcop_selection_set_tree/Structure/BLD-ST-Stair		lcop_selection_set_tree/Structure/BLD-ST-Stair   asks for "Stairs", WHICH MODELS IN THIS PROJECT DO CARRY, and still found nothing HERE. Either this group holds no model of that kind, which is ordinary, or something else is wrong, and this reader cannot tell which
09:48:35.505	55.219	1000BS		set finding nothing	lcop_selection_set_tree/Mechanical/Mechanical-HVAC/BLD-ME-Ducts&Duct Fittings		lcop_selection_set_tree/Mechanical/Mechanical-HVAC/BLD-ME-Ducts&Duct Fittings   asks for "Ducts", WHICH MODELS IN THIS PROJECT DO CARRY, and still found nothing HERE. Either this group holds no model of that kind, which is ordinary, or something else is wrong, and this reader cannot tell which
09:48:35.506	55.219	1000BS		set finding nothing	lcop_selection_set_tree/Mechanical/Mechanical-HVAC/BLD-ME-Duct Accessory		lcop_selection_set_tree/Mechanical/Mechanical-HVAC/BLD-ME-Duct Accessory   asks for "Duct Accessories", WHICH MODELS IN THIS PROJECT DO CARRY, and still found nothing HERE. Either this group holds no model of that kind, which is ordinary, or something else is wrong, and this reader cannot tell which
09:48:35.506	55.220	1000BS		set finding nothing	lcop_selection_set_tree/Mechanical/Mechanical-HVAC/BLD-ME-Mechanical Equipment		lcop_selection_set_tree/Mechanical/Mechanical-HVAC/BLD-ME-Mechanical Equipment   asks for "Mechanical Equipment", WHICH MODELS IN THIS PROJECT DO CARRY, and still found nothing HERE. Either this group holds no model of that kind, which is ordinary, or something else is wrong, and this reader cannot tell which
09:48:35.507	55.221	1000BS		set finding nothing	lcop_selection_set_tree/Mechanical/Mechanical-HVAC/BLD-ME-Flex Ducts		lcop_selection_set_tree/Mechanical/Mechanical-HVAC/BLD-ME-Flex Ducts   asks for "Flex Ducts" and NO MODEL IN THIS PROJECT CARRIES IT, and nothing the models carry is close to it
09:48:35.508	55.222	1000BS		set finding nothing	lcop_selection_set_tree/Mechanical/Mechanical-HVAC/BLD-ME-Air Terminals		lcop_selection_set_tree/Mechanical/Mechanical-HVAC/BLD-ME-Air Terminals   asks for "Air Terminals", WHICH MODELS IN THIS PROJECT DO CARRY, and still found nothing HERE. Either this group holds no model of that kind, which is ordinary, or something else is wrong, and this reader cannot tell which
09:48:35.508	55.222	1000BS		set finding nothing	lcop_selection_set_tree/Mechanical/Mechanical-HVAC/BLD-ME-Pipes&Pipe Fittings		lcop_selection_set_tree/Mechanical/Mechanical-HVAC/BLD-ME-Pipes&Pipe Fittings   asks for "Pipes", WHICH MODELS IN THIS PROJECT DO CARRY, and still found nothing HERE. Either this group holds no model of that kind, which is ordinary, or something else is wrong, and this reader cannot tell which
09:48:35.509	55.223	1000BS		set finding nothing	lcop_selection_set_tree/Mechanical/Mechanical-HVAC/BLD-ME-Pipe Accessories		lcop_selection_set_tree/Mechanical/Mechanical-HVAC/BLD-ME-Pipe Accessories   asks for "Pipe Accessories", WHICH MODELS IN THIS PROJECT DO CARRY, and still found nothing HERE. Either this group holds no model of that kind, which is ordinary, or something else is wrong, and this reader cannot tell which
09:48:35.510	55.224	1000BS		set finding nothing	lcop_selection_set_tree/Mechanical/Mechanical-HVAC/BLD-ME-Plumbing Fixtures		lcop_selection_set_tree/Mechanical/Mechanical-HVAC/BLD-ME-Plumbing Fixtures   asks for "Plumbing Fixtures", WHICH MODELS IN THIS PROJECT DO CARRY, and still found nothing HERE. Either this group holds no model of that kind, which is ordinary, or something else is wrong, and this reader cannot tell which
09:48:35.511	55.224	1000BS		set finding nothing	lcop_selection_set_tree/Mechanical/Mechanical-HVAC/BLD-ME-Flex Pipes		lcop_selection_set_tree/Mechanical/Mechanical-HVAC/BLD-ME-Flex Pipes   asks for "Flex Pipes", WHICH MODELS IN THIS PROJECT DO CARRY, and still found nothing HERE. Either this group holds no model of that kind, which is ordinary, or something else is wrong, and this reader cannot tell which
09:48:35.511	55.225	1000BS		set finding nothing	lcop_selection_set_tree/Mechanical/Mechanical-Fire Fighting/BLD-FF-Mechanical Equipment		lcop_selection_set_tree/Mechanical/Mechanical-Fire Fighting/BLD-FF-Mechanical Equipment   asks for "FF-FIRE FIGHTING" and NO MODEL IN THIS PROJECT CARRIES IT, and nothing the models carry is close to it
09:48:35.512	55.226	1000BS		set finding nothing	lcop_selection_set_tree/Mechanical/Mechanical-Fire Fighting/BLD-FF-Pipes & Pipe Fittings		lcop_selection_set_tree/Mechanical/Mechanical-Fire Fighting/BLD-FF-Pipes & Pipe Fittings   asks for "FP-PIPING" and NO MODEL IN THIS PROJECT CARRIES IT. The nearest the models carry is "ME-Piping", which is a suggestion and not a correction
09:48:35.513	55.227	1000BS		set finding nothing	lcop_selection_set_tree/Mechanical/Mechanical-Fire Fighting/BLD-FF-Pipe Accessories		lcop_selection_set_tree/Mechanical/Mechanical-Fire Fighting/BLD-FF-Pipe Accessories   asks for "FP-PIPING" and NO MODEL IN THIS PROJECT CARRIES IT. The nearest the models carry is "ME-Piping", which is a suggestion and not a correction
09:48:35.513	55.227	1000BS		set finding nothing	lcop_selection_set_tree/Mechanical/Mechanical-Fire Fighting/BLD-FF-Pipe Insulations		lcop_selection_set_tree/Mechanical/Mechanical-Fire Fighting/BLD-FF-Pipe Insulations   asks for "Pipe Insulation" and NO MODEL IN THIS PROJECT CARRIES IT, and nothing the models carry is close to it
09:48:35.514	55.228	1000BS		set finding nothing	lcop_selection_set_tree/Mechanical/Mechanical-Fire Fighting/BLD-FF-Plumbing Fixtures		lcop_selection_set_tree/Mechanical/Mechanical-Fire Fighting/BLD-FF-Plumbing Fixtures   asks for "FF-FIRE FIGHTING" and NO MODEL IN THIS PROJECT CARRIES IT, and nothing the models carry is close to it
09:48:35.515	55.229	1000BS		set finding nothing	lcop_selection_set_tree/Mechanical/Mechanical-Fire Fighting/BLD-FF-Sprinklers		lcop_selection_set_tree/Mechanical/Mechanical-Fire Fighting/BLD-FF-Sprinklers   asks for "FP-PIPING" and NO MODEL IN THIS PROJECT CARRIES IT. The nearest the models carry is "ME-Piping", which is a suggestion and not a correction
09:48:35.516	55.229	1000BS		set finding nothing	lcop_selection_set_tree/Mechanical/Mechanical-Water Supply/BLD-PL-Mechanical Equipment		lcop_selection_set_tree/Mechanical/Mechanical-Water Supply/BLD-PL-Mechanical Equipment   asks for "Mechanical Equipment", WHICH MODELS IN THIS PROJECT DO CARRY, and still found nothing HERE. Either this group holds no model of that kind, which is ordinary, or something else is wrong, and this reader cannot tell which
09:48:35.516	55.230	1000BS		set finding nothing	lcop_selection_set_tree/Mechanical/Mechanical-Water Supply/BLD-PL-Pipes & Pipe Fittings		lcop_selection_set_tree/Mechanical/Mechanical-Water Supply/BLD-PL-Pipes & Pipe Fittings   asks for "Pipes", WHICH MODELS IN THIS PROJECT DO CARRY, and still found nothing HERE. Either this group holds no model of that kind, which is ordinary, or something else is wrong, and this reader cannot tell which
09:48:35.517	55.231	1000BS		set finding nothing	lcop_selection_set_tree/Mechanical/Mechanical-Water Supply/BLD-PL-Pipe Accessories		lcop_selection_set_tree/Mechanical/Mechanical-Water Supply/BLD-PL-Pipe Accessories   asks for "Pipe Accessories", WHICH MODELS IN THIS PROJECT DO CARRY, and still found nothing HERE. Either this group holds no model of that kind, which is ordinary, or something else is wrong, and this reader cannot tell which
09:48:35.518	55.232	1000BS		set finding nothing	lcop_selection_set_tree/Mechanical/Mechanical-Water Supply/BLD-PL-Pipe Insulations		lcop_selection_set_tree/Mechanical/Mechanical-Water Supply/BLD-PL-Pipe Insulations   asks for "Pipe Insulation" and NO MODEL IN THIS PROJECT CARRIES IT, and nothing the models carry is close to it
09:48:35.518	55.232	1000BS		set finding nothing	lcop_selection_set_tree/Mechanical/Mechanical-Water Supply/BLD-PL-Plumbing Fixtures		lcop_selection_set_tree/Mechanical/Mechanical-Water Supply/BLD-PL-Plumbing Fixtures   asks for "Plumbing Fixtures", WHICH MODELS IN THIS PROJECT DO CARRY, and still found nothing HERE. Either this group holds no model of that kind, which is ordinary, or something else is wrong, and this reader cannot tell which
09:48:35.519	55.233	1000BS		set finding nothing	lcop_selection_set_tree/Mechanical/Mechanical-Drainage/BLD-DR-Mechanical Equipment		lcop_selection_set_tree/Mechanical/Mechanical-Drainage/BLD-DR-Mechanical Equipment   asks for "Mechanical Equipment", WHICH MODELS IN THIS PROJECT DO CARRY, and still found nothing HERE. Either this group holds no model of that kind, which is ordinary, or something else is wrong, and this reader cannot tell which
09:48:35.520	55.234	1000BS		set finding nothing	lcop_selection_set_tree/Mechanical/Mechanical-Drainage/BLD-DR-Pipes & Pipe Fittings		lcop_selection_set_tree/Mechanical/Mechanical-Drainage/BLD-DR-Pipes & Pipe Fittings   asks for "Pipes", WHICH MODELS IN THIS PROJECT DO CARRY, and still found nothing HERE. Either this group holds no model of that kind, which is ordinary, or something else is wrong, and this reader cannot tell which
09:48:35.521	55.234	1000BS		set finding nothing	lcop_selection_set_tree/Mechanical/Mechanical-Drainage/BLD-DR-Pipe Accessories		lcop_selection_set_tree/Mechanical/Mechanical-Drainage/BLD-DR-Pipe Accessories   asks for "Pipe Accessories", WHICH MODELS IN THIS PROJECT DO CARRY, and still found nothing HERE. Either this group holds no model of that kind, which is ordinary, or something else is wrong, and this reader cannot tell which
09:48:35.521	55.235	1000BS		set finding nothing	lcop_selection_set_tree/Mechanical/Mechanical-Drainage/BLD-DR-Pipe Insulations		lcop_selection_set_tree/Mechanical/Mechanical-Drainage/BLD-DR-Pipe Insulations   asks for "Pipe Insulation" and NO MODEL IN THIS PROJECT CARRIES IT, and nothing the models carry is close to it
09:48:35.522	55.236	1000BS		set finding nothing	lcop_selection_set_tree/Mechanical/Mechanical-Drainage/BLD-DR-Plumbing Fixtures		lcop_selection_set_tree/Mechanical/Mechanical-Drainage/BLD-DR-Plumbing Fixtures   asks for "Plumbing Fixtures", WHICH MODELS IN THIS PROJECT DO CARRY, and still found nothing HERE. Either this group holds no model of that kind, which is ordinary, or something else is wrong, and this reader cannot tell which
09:48:35.523	55.237	1000BS		set finding nothing	lcop_selection_set_tree/Electrical/BLD-EL-Cable Tray&Cable Tray Fittings		lcop_selection_set_tree/Electrical/BLD-EL-Cable Tray&Cable Tray Fittings   asks for "Cable Tray" and NO MODEL IN THIS PROJECT CARRIES IT. The nearest the models carry is "Cable Trays", which is a suggestion and not a correction
09:48:35.523	55.237	1000BS		set finding nothing	lcop_selection_set_tree/Electrical/BLD-EL-Electrical Equipment		lcop_selection_set_tree/Electrical/BLD-EL-Electrical Equipment   asks for "Electrical Equipment", WHICH MODELS IN THIS PROJECT DO CARRY, and still found nothing HERE. Either this group holds no model of that kind, which is ordinary, or something else is wrong, and this reader cannot tell which
09:48:35.525	55.238	1000BS		set finding nothing	lcop_selection_set_tree/Electrical/BLD-EL-Electrical Fixtures		lcop_selection_set_tree/Electrical/BLD-EL-Electrical Fixtures   asks for "Electrical Fixtures", WHICH MODELS IN THIS PROJECT DO CARRY, and still found nothing HERE. Either this group holds no model of that kind, which is ordinary, or something else is wrong, and this reader cannot tell which
09:48:35.525	55.239	1000BS		set finding nothing	lcop_selection_set_tree/Electrical/BLD-EL-Conduits & Conduit Fittings		lcop_selection_set_tree/Electrical/BLD-EL-Conduits & Conduit Fittings   asks for "Conduit" and NO MODEL IN THIS PROJECT CARRIES IT. The nearest the models carry is "Conduits", which is a suggestion and not a correction
09:48:35.526	55.239	1000BS		set finding nothing	lcop_selection_set_tree/Electrical/BLD-EL-Devices		lcop_selection_set_tree/Electrical/BLD-EL-Devices   asks for "Devices" and NO MODEL IN THIS PROJECT CARRIES IT, and nothing the models carry is close to it
09:48:35.527	55.240	1000BS		set finding nothing	lcop_selection_set_tree/Electrical/BLD-EL-Lighting Fixtures		lcop_selection_set_tree/Electrical/BLD-EL-Lighting Fixtures   asks for "Lighting Fixtures", WHICH MODELS IN THIS PROJECT DO CARRY, and still found nothing HERE. Either this group holds no model of that kind, which is ordinary, or something else is wrong, and this reader cannot tell which
09:48:35.527	55.241	1000BS		set finding nothing	lcop_selection_set_tree/Electrical/BLD-EL-Lighting Devices		lcop_selection_set_tree/Electrical/BLD-EL-Lighting Devices   asks for "Lighting Devices", WHICH MODELS IN THIS PROJECT DO CARRY, and still found nothing HERE. Either this group holds no model of that kind, which is ordinary, or something else is wrong, and this reader cannot tell which
09:48:35.528	55.242	1000BS		set finding nothing	lcop_selection_set_tree/Electrical/BLD-EL-Fire Alarm Devices		lcop_selection_set_tree/Electrical/BLD-EL-Fire Alarm Devices   asks for "Fire Alarm Devices", WHICH MODELS IN THIS PROJECT DO CARRY, and still found nothing HERE. Either this group holds no model of that kind, which is ordinary, or something else is wrong, and this reader cannot tell which
09:48:35.528	55.242	1000BS		set finding nothing	lcop_selection_set_tree/Electrical/BLD-EL-Telecom Equipment		lcop_selection_set_tree/Electrical/BLD-EL-Telecom Equipment   asks for "Telephone Equipment" and NO MODEL IN THIS PROJECT CARRIES IT, and nothing the models carry is close to it
09:48:35.530	55.243	1000BS		set finding nothing	lcop_selection_set_tree/Electrical/BLD-EL-Telecom Fixtures		lcop_selection_set_tree/Electrical/BLD-EL-Telecom Fixtures   asks for "Telephone Devices" and NO MODEL IN THIS PROJECT CARRIES IT, and nothing the models carry is close to it
09:48:35.530	55.244	1000BS		set finding nothing	lcop_selection_set_tree/Electrical/BLD-Security Devices		lcop_selection_set_tree/Electrical/BLD-Security Devices   asks for "Security Devices", WHICH MODELS IN THIS PROJECT DO CARRY, and still found nothing HERE. Either this group holds no model of that kind, which is ordinary, or something else is wrong, and this reader cannot tell which
09:48:35.531	55.244	1000BS		set finding nothing	lcop_selection_set_tree/Electrical/BLD-EL-Communication Devices		lcop_selection_set_tree/Electrical/BLD-EL-Communication Devices   asks for "Communication Devices", WHICH MODELS IN THIS PROJECT DO CARRY, and still found nothing HERE. Either this group holds no model of that kind, which is ordinary, or something else is wrong, and this reader cannot tell which
09:48:35.531	55.245	1000BS		set finding nothing	lcop_selection_set_tree/Electrical/BLD-EL-Telephone Devices		lcop_selection_set_tree/Electrical/BLD-EL-Telephone Devices   asks for "Telephone Devices" and NO MODEL IN THIS PROJECT CARRIES IT, and nothing the models carry is close to it
09:48:35.532	55.246	1000BS		set finding nothing	lcop_selection_set_tree/Electrical/BLD-EL-Data Devices		lcop_selection_set_tree/Electrical/BLD-EL-Data Devices   asks for "Data Devices", WHICH MODELS IN THIS PROJECT DO CARRY, and still found nothing HERE. Either this group holds no model of that kind, which is ordinary, or something else is wrong, and this reader cannot tell which
09:48:35.609	55.323	1000BS	VIEWS	step started	VIEWS	0	
09:48:35.612	55.326	1000BS	VIEWS	census before	models	2	
09:48:35.612	55.327	1000BS	VIEWS	census before	sets	61	
09:48:35.613	55.327	1000BS	VIEWS	census before	tests	21	
09:48:35.614	55.328	1000BS	VIEWS	census before	results	0	
09:48:35.614	55.329	1000BS	VIEWS	census before	views	12	
09:48:35.643	55.358	1000BS		census after	models	2	
09:48:35.645	55.359	1000BS		census after	sets	61	
09:48:35.646	55.359	1000BS		census after	tests	21	
09:48:35.647	55.360	1000BS		census after	results	0	
09:48:35.647	55.361	1000BS		census after	views	12	
09:48:35.649	55.363	1000BS		step finished	VIEWS	0.035	No viewpoint was planned for this group.
09:48:35.685	55.399	1000BS	WORKBOOK	step started	WORKBOOK	0	
09:48:35.687	55.402	1000BS	WORKBOOK	census before	models	2	
09:48:35.688	55.402	1000BS	WORKBOOK	census before	sets	61	
09:48:35.689	55.403	1000BS	WORKBOOK	census before	tests	21	
09:48:35.689	55.404	1000BS	WORKBOOK	census before	results	0	
09:48:35.691	55.404	1000BS	WORKBOOK	census before	views	12	
09:48:38.083	57.797	1000BS	WORKBOOK	written	XLSX	95017	C:\\00-NM\\Federation Task\\C02 + 04\\C02\\Clash Report\\1104-PAR-1000BS-ZZZ-BM-MOD-000001.xlsx
09:48:38.633	58.347	1000BS		census after	models	2	
09:48:38.634	58.348	1000BS		census after	sets	61	
09:48:38.635	58.349	1000BS		census after	tests	21	
09:48:38.636	58.349	1000BS		census after	results	0	
09:48:38.636	58.350	1000BS		census after	views	12	
09:48:38.639	58.353	1000BS		step finished	WORKBOOK	2.947	wrote 95017 bytes
09:48:38.642	58.355	1000BS	HTML	step started	HTML	0	
09:48:38.644	58.358	1000BS	HTML	census before	models	2	
09:48:38.645	58.359	1000BS	HTML	census before	sets	61	
09:48:38.646	58.360	1000BS	HTML	census before	tests	21	
09:48:38.646	58.361	1000BS	HTML	census before	results	0	
09:48:38.648	58.361	1000BS	HTML	census before	views	12	
09:48:38.813	58.527	1000BS	HTML	written	HTML	2683307	C:\\00-NM\\Federation Task\\C02 + 04\\C02\\Clash Report\\1104-PAR-1000BS-ZZZ-BM-MOD-000001.html
09:48:38.957	58.671	1000BS		census after	models	2	
09:48:38.958	58.672	1000BS		census after	sets	61	
09:48:38.959	58.672	1000BS		census after	tests	21	
09:48:38.960	58.673	1000BS		census after	results	0	
09:48:38.960	58.674	1000BS		census after	views	12	
09:48:38.963	58.677	1000BS		step finished	HTML	0.315	wrote 2683307 bytes
09:48:38.971	58.684	1000BS	NWD	step started	NWD	0	
09:48:38.975	58.689	1000BS	NWD	census before	models	2	
09:48:38.976	58.690	1000BS	NWD	census before	sets	61	
09:48:38.977	58.690	1000BS	NWD	census before	tests	21	
09:48:38.978	58.691	1000BS	NWD	census before	results	0	
09:48:38.978	58.692	1000BS	NWD	census before	views	12	
09:48:39.071	58.784	1000BS	NWD	written	NWD	249135	C:\\00-NM\\Federation Task\\C02 + 04\\C02\\NWD\\1104-PAR-1000BS-ZZZ-BM-MOD-000001.nwd
09:48:39.074	58.787	1000BS		census after	models	2	
09:48:39.075	58.788	1000BS		census after	sets	61	
09:48:39.075	58.789	1000BS		census after	tests	21	
09:48:39.076	58.789	1000BS		census after	results	0	
09:48:39.077	58.790	1000BS		census after	views	12	
09:48:39.079	58.792	1000BS		step finished	NWD	0.104	published 249135 bytes
09:48:39.081	58.795	1000BS	CONFIRM	step started	CONFIRM	0	
09:48:39.084	58.797	1000BS	CONFIRM	census before	models	2	
09:48:39.084	58.798	1000BS	CONFIRM	census before	sets	61	
09:48:39.085	58.798	1000BS	CONFIRM	census before	tests	21	
09:48:39.086	58.799	1000BS	CONFIRM	census before	results	0	
09:48:39.086	58.800	1000BS	CONFIRM	census before	views	12	
09:48:39.107	58.820	1000BS		census after	models	2	
09:48:39.107	58.821	1000BS		census after	sets	61	
09:48:39.108	58.821	1000BS		census after	tests	21	
09:48:39.109	58.822	1000BS		census after	results	0	
09:48:39.109	58.823	1000BS		census after	views	12	
09:48:39.111	58.825	1000BS		step finished	CONFIRM	0.025	the NWF is 13091 bytes
09:48:39.131	58.845			group finished	1000BS	5.176	DONE Weekly run plus XML
09:48:39.163	58.876			timing	WORKBOOK	2.947	1 visits
09:48:39.164	58.877			timing	DECIDE	0.717	1 visits
09:48:39.165	58.878			timing	HTML	0.315	1 visits
09:48:39.165	58.878			timing	SETS	0.268	1 visits
09:48:39.166	58.879			timing	NWD	0.104	1 visits
09:48:39.166	58.880			timing	UNITS	0.038	1 visits
09:48:39.167	58.880			timing	VIEWS	0.035	1 visits
09:48:39.168	58.881			timing	CONFIRM	0.025	1 visits
09:48:39.203	58.917	1A0215	DECIDE	step started	DECIDE	0	
09:48:39.206	58.920	1A0215	DECIDE	census before	models	0	
09:48:39.207	58.920	1A0215	DECIDE	census before	sets	0	
09:48:39.208	58.921	1A0215	DECIDE	census before	tests	0	
09:48:39.209	58.922	1A0215	DECIDE	census before	results	0	
09:48:39.209	58.923	1A0215	DECIDE	census before	views	0	
09:48:40.293	60.007	1A0215		census after	models	3	
09:48:40.294	60.008	1A0215		census after	sets	62	
09:48:40.295	60.009	1A0215		census after	tests	1830	
09:48:40.296	60.010	1A0215		census after	results	0	
09:48:40.297	60.011	1A0215		census after	views	20	
09:48:40.300	60.013	1A0215		step finished	DECIDE	1.089	Weekly run plus XML
09:48:40.309	60.023	1A0215	UNITS	step started	UNITS	0	
09:48:40.315	60.029	1A0215	UNITS	census before	models	3	
09:48:40.316	60.030	1A0215	UNITS	census before	sets	62	
09:48:40.316	60.030	1A0215	UNITS	census before	tests	1830	
09:48:40.319	60.033	1A0215	UNITS	census before	results	0	
09:48:40.320	60.034	1A0215	UNITS	census before	views	20	
09:48:40.547	60.261	1A0215		census after	models	3	
09:48:40.548	60.262	1A0215		census after	sets	62	
09:48:40.549	60.263	1A0215		census after	tests	1830	
09:48:40.550	60.264	1A0215		census after	results	0	
09:48:40.551	60.265	1A0215		census after	views	20	
09:48:40.554	60.268	1A0215		step finished	UNITS	0.23	the document was asked for Meters
09:48:40.573	60.287	1A0215		model placement	1104-PAR-1A0215-ZZZ-LS-MOD-000001.nwc	675666.8	Mukaab
09:48:40.574	60.288	1A0215		model placement	1104-PAR-1A0215-ZZZ-LT-MOD-000001.nwc	675666.8	Default Site
09:48:40.575	60.289	1A0215		model placement	1104-PAR-1A0215-ZZZ-SW-MOD-000001.nwc	675666.8	Default Site
09:48:40.934	60.648	1A0215		model export	1104-PAR-1A0215-ZZZ-LS-MOD-000001.nwc	8674	4 workset(s), element id 100%
09:48:40.935	60.649	1A0215		model export	1104-PAR-1A0215-ZZZ-LT-MOD-000001.nwc	279	2 workset(s), element id 100%
09:48:40.936	60.650	1A0215		model export	1104-PAR-1A0215-ZZZ-SW-MOD-000001.nwc	229	1 workset(s), element id 100%
09:48:40.942	60.656	1A0215	SETS	step started	SETS	0	
09:48:40.947	60.662	1A0215	SETS	census before	models	3	
09:48:40.948	60.663	1A0215	SETS	census before	sets	62	
09:48:40.949	60.663	1A0215	SETS	census before	tests	1830	
09:48:40.950	60.664	1A0215	SETS	census before	results	0	
09:48:40.951	60.665	1A0215	SETS	census before	views	20	
09:48:42.659	62.372	1A0215		census after	models	3	
09:48:42.660	62.373	1A0215		census after	sets	61	
09:48:42.660	62.374	1A0215		census after	tests	1830	
09:48:42.660	62.375	1A0215		census after	results	0	
09:48:42.661	62.375	1A0215		census after	views	20	
09:48:42.664	62.378	1A0215		step finished	SETS	1.703	0 created, 61 already there, 0 finding items, 0 at zero.
09:48:43.132	62.846	1A0215	TESTS RUN	step started	TESTS RUN	0	
09:48:43.136	62.850	1A0215	TESTS RUN	census before	models	3	
09:48:43.138	62.851	1A0215	TESTS RUN	census before	sets	61	
09:48:43.138	62.852	1A0215	TESTS RUN	census before	tests	1830	
09:48:43.139	62.853	1A0215	TESTS RUN	census before	results	0	
09:48:43.139	62.853	1A0215	TESTS RUN	census before	views	20	
09:48:43.281	62.995	1A0215		census after	models	3	
09:48:43.282	62.996	1A0215		census after	sets	61	
09:48:43.283	62.997	1A0215		census after	tests	1830	
09:48:43.284	62.997	1A0215		census after	results	0	
09:48:43.284	62.998	1A0215		census after	views	20	
09:48:43.287	63.001	1A0215		step finished	TESTS RUN	0.138	BLD-EL-Lighting Fixtures-vs-BLD-AR-Furniture
09:48:43.293	63.007	1A0215	HARVEST	step started	HARVEST	0	
09:48:43.301	63.014	1A0215	HARVEST	census before	models	3	
09:48:43.302	63.015	1A0215	HARVEST	census before	sets	61	
09:48:43.302	63.016	1A0215	HARVEST	census before	tests	1830	
09:48:43.302	63.016	1A0215	HARVEST	census before	results	0	
09:48:43.303	63.017	1A0215	HARVEST	census before	views	20	
09:48:43.321	63.035	1A0215		census after	models	3	
09:48:43.322	63.036	1A0215		census after	sets	61	
09:48:43.323	63.037	1A0215		census after	tests	1830	
09:48:43.324	63.037	1A0215		census after	results	0	
09:48:43.325	63.038	1A0215		census after	views	20	
09:48:43.328	63.041	1A0215		step finished	HARVEST	0.025	BLD-EL-Lighting Fixtures-vs-BLD-AR-Furniture
09:48:43.329	63.042	1A0215		rows for the workbook	BLD-EL-Lighting Fixtures-vs-BLD-AR-Furniture	0	0 in the document
09:48:43.333	63.046	1A0215		test passed	BLD-EL-Lighting Fixtures-vs-BLD-AR-Furniture	0	ran and found nothing
09:48:43.723	63.437	1A0215		set finding nothing	lcop_selection_set_tree/Architecture/BLD-AR-Floors		lcop_selection_set_tree/Architecture/BLD-AR-Floors   asks for "Floors", WHICH MODELS IN THIS PROJECT DO CARRY, and still found nothing HERE. Either this group holds no model of that kind, which is ordinary, or something else is wrong, and this reader cannot tell which
09:48:43.724	63.437	1A0215		set finding nothing	lcop_selection_set_tree/Architecture/BLD-AR-Stairs		lcop_selection_set_tree/Architecture/BLD-AR-Stairs   asks for "Stairs", WHICH MODELS IN THIS PROJECT DO CARRY, and still found nothing HERE. Either this group holds no model of that kind, which is ordinary, or something else is wrong, and this reader cannot tell which
09:48:43.727	63.440	1A0215		set finding nothing	lcop_selection_set_tree/Architecture/BLD-AR-Ramps		lcop_selection_set_tree/Architecture/BLD-AR-Ramps   asks for "Ramps" and NO MODEL IN THIS PROJECT CARRIES IT, and nothing the models carry is close to it
09:48:43.727	63.441	1A0215		set finding nothing	lcop_selection_set_tree/Architecture/BLD-AR-Roofs		lcop_selection_set_tree/Architecture/BLD-AR-Roofs   asks for "Roofs" and NO MODEL IN THIS PROJECT CARRIES IT. The nearest the models carry is "Doors", which is a suggestion and not a correction
09:48:43.728	63.441	1A0215		set finding nothing	lcop_selection_set_tree/Architecture/BLD-AR-Ceilings		lcop_selection_set_tree/Architecture/BLD-AR-Ceilings   asks for "Ceilings", WHICH MODELS IN THIS PROJECT DO CARRY, and still found nothing HERE. Either this group holds no model of that kind, which is ordinary, or something else is wrong, and this reader cannot tell which
09:48:43.729	63.442	1A0215		set finding nothing	lcop_selection_set_tree/Architecture/BLD-AR-Columns		lcop_selection_set_tree/Architecture/BLD-AR-Columns   asks for "Columns" and NO MODEL IN THIS PROJECT CARRIES IT, and nothing the models carry is close to it
09:48:43.729	63.443	1A0215		set finding nothing	lcop_selection_set_tree/Architecture/BLD-AR-Walls		lcop_selection_set_tree/Architecture/BLD-AR-Walls   asks for "Walls", WHICH MODELS IN THIS PROJECT DO CARRY, and still found nothing HERE. Either this group holds no model of that kind, which is ordinary, or something else is wrong, and this reader cannot tell which
09:48:43.730	63.444	1A0215		set finding nothing	lcop_selection_set_tree/Architecture/BLD-AR-Windows		lcop_selection_set_tree/Architecture/BLD-AR-Windows   asks for "Windows", WHICH MODELS IN THIS PROJECT DO CARRY, and still found nothing HERE. Either this group holds no model of that kind, which is ordinary, or something else is wrong, and this reader cannot tell which
09:48:43.731	63.444	1A0215		set finding nothing	lcop_selection_set_tree/Architecture/BLD-AR-Curtain Panels		lcop_selection_set_tree/Architecture/BLD-AR-Curtain Panels   asks for "Curtain Panels", WHICH MODELS IN THIS PROJECT DO CARRY, and still found nothing HERE. Either this group holds no model of that kind, which is ordinary, or something else is wrong, and this reader cannot tell which
09:48:43.731	63.445	1A0215		set finding nothing	lcop_selection_set_tree/Architecture/BLD-AR-Curtain Mullions		lcop_selection_set_tree/Architecture/BLD-AR-Curtain Mullions   asks for "Curtain Wall Mullions", WHICH MODELS IN THIS PROJECT DO CARRY, and still found nothing HERE. Either this group holds no model of that kind, which is ordinary, or something else is wrong, and this reader cannot tell which
09:48:43.732	63.446	1A0215		set finding nothing	lcop_selection_set_tree/Architecture/BLD-AR-Doors		lcop_selection_set_tree/Architecture/BLD-AR-Doors   asks for "Doors", WHICH MODELS IN THIS PROJECT DO CARRY, and still found nothing HERE. Either this group holds no model of that kind, which is ordinary, or something else is wrong, and this reader cannot tell which
09:48:43.733	63.447	1A0215		set finding nothing	lcop_selection_set_tree/Architecture/BLD-AR-Casework		lcop_selection_set_tree/Architecture/BLD-AR-Casework   asks for "Casework" and NO MODEL IN THIS PROJECT CARRIES IT, and nothing the models carry is close to it
09:48:43.734	63.447	1A0215		set finding nothing	lcop_selection_set_tree/Architecture/BLD-AR-Parking		lcop_selection_set_tree/Architecture/BLD-AR-Parking   asks for "Parking" and NO MODEL IN THIS PROJECT CARRIES IT, and nothing the models carry is close to it
09:48:43.734	63.448	1A0215		set finding nothing	lcop_selection_set_tree/Architecture/BLD-AR-Railings		lcop_selection_set_tree/Architecture/BLD-AR-Railings   asks for "Railings" and NO MODEL IN THIS PROJECT CARRIES IT. The nearest the models carry is "Ceilings", which is a suggestion and not a correction
09:48:43.735	63.449	1A0215		set finding nothing	lcop_selection_set_tree/Architecture/BLD-AR-Site		lcop_selection_set_tree/Architecture/BLD-AR-Site   asks for "Site", WHICH MODELS IN THIS PROJECT DO CARRY, and still found nothing HERE. Either this group holds no model of that kind, which is ordinary, or something else is wrong, and this reader cannot tell which
09:48:43.736	63.449	1A0215		set finding nothing	lcop_selection_set_tree/Structure/BLD-ST-Foundation		lcop_selection_set_tree/Structure/BLD-ST-Foundation   asks for "Structural Foundations", WHICH MODELS IN THIS PROJECT DO CARRY, and still found nothing HERE. Either this group holds no model of that kind, which is ordinary, or something else is wrong, and this reader cannot tell which
09:48:43.736	63.450	1A0215		set finding nothing	lcop_selection_set_tree/Structure/BLD-ST-Columns		lcop_selection_set_tree/Structure/BLD-ST-Columns   asks for "Structural Columns", WHICH MODELS IN THIS PROJECT DO CARRY, and still found nothing HERE. Either this group holds no model of that kind, which is ordinary, or something else is wrong, and this reader cannot tell which
09:48:43.737	63.451	1A0215		set finding nothing	lcop_selection_set_tree/Structure/BLD-ST-Framing		lcop_selection_set_tree/Structure/BLD-ST-Framing   asks for "Structural Framing", WHICH MODELS IN THIS PROJECT DO CARRY, and still found nothing HERE. Either this group holds no model of that kind, which is ordinary, or something else is wrong, and this reader cannot tell which
09:48:43.738	63.452	1A0215		set finding nothing	lcop_selection_set_tree/Structure/BLD-ST-Walls		lcop_selection_set_tree/Structure/BLD-ST-Walls   asks for "Walls", WHICH MODELS IN THIS PROJECT DO CARRY, and still found nothing HERE. Either this group holds no model of that kind, which is ordinary, or something else is wrong, and this reader cannot tell which
09:48:43.739	63.452	1A0215		set finding nothing	lcop_selection_set_tree/Structure/BLD-ST-Floors		lcop_selection_set_tree/Structure/BLD-ST-Floors   asks for "Floors", WHICH MODELS IN THIS PROJECT DO CARRY, and still found nothing HERE. Either this group holds no model of that kind, which is ordinary, or something else is wrong, and this reader cannot tell which
09:48:43.739	63.453	1A0215		set finding nothing	lcop_selection_set_tree/Structure/BLD-ST-Stair		lcop_selection_set_tree/Structure/BLD-ST-Stair   asks for "Stairs", WHICH MODELS IN THIS PROJECT DO CARRY, and still found nothing HERE. Either this group holds no model of that kind, which is ordinary, or something else is wrong, and this reader cannot tell which
09:48:43.740	63.454	1A0215		set finding nothing	lcop_selection_set_tree/Mechanical/Mechanical-HVAC/BLD-ME-Ducts&Duct Fittings		lcop_selection_set_tree/Mechanical/Mechanical-HVAC/BLD-ME-Ducts&Duct Fittings   asks for "Ducts", WHICH MODELS IN THIS PROJECT DO CARRY, and still found nothing HERE. Either this group holds no model of that kind, which is ordinary, or something else is wrong, and this reader cannot tell which
09:48:43.740	63.454	1A0215		set finding nothing	lcop_selection_set_tree/Mechanical/Mechanical-HVAC/BLD-ME-Duct Accessory		lcop_selection_set_tree/Mechanical/Mechanical-HVAC/BLD-ME-Duct Accessory   asks for "Duct Accessories", WHICH MODELS IN THIS PROJECT DO CARRY, and still found nothing HERE. Either this group holds no model of that kind, which is ordinary, or something else is wrong, and this reader cannot tell which
09:48:43.741	63.455	1A0215		set finding nothing	lcop_selection_set_tree/Mechanical/Mechanical-HVAC/BLD-ME-Mechanical Equipment		lcop_selection_set_tree/Mechanical/Mechanical-HVAC/BLD-ME-Mechanical Equipment   asks for "Mechanical Equipment", WHICH MODELS IN THIS PROJECT DO CARRY, and still found nothing HERE. Either this group holds no model of that kind, which is ordinary, or something else is wrong, and this reader cannot tell which
09:48:43.742	63.456	1A0215		set finding nothing	lcop_selection_set_tree/Mechanical/Mechanical-HVAC/BLD-ME-Flex Ducts		lcop_selection_set_tree/Mechanical/Mechanical-HVAC/BLD-ME-Flex Ducts   asks for "Flex Ducts" and NO MODEL IN THIS PROJECT CARRIES IT, and nothing the models carry is close to it
09:48:43.742	63.456	1A0215		set finding nothing	lcop_selection_set_tree/Mechanical/Mechanical-HVAC/BLD-ME-Air Terminals		lcop_selection_set_tree/Mechanical/Mechanical-HVAC/BLD-ME-Air Terminals   asks for "Air Terminals", WHICH MODELS IN THIS PROJECT DO CARRY, and still found nothing HERE. Either this group holds no model of that kind, which is ordinary, or something else is wrong, and this reader cannot tell which
09:48:43.743	63.457	1A0215		set finding nothing	lcop_selection_set_tree/Mechanical/Mechanical-HVAC/BLD-ME-Pipes&Pipe Fittings		lcop_selection_set_tree/Mechanical/Mechanical-HVAC/BLD-ME-Pipes&Pipe Fittings   asks for "Pipes", WHICH MODELS IN THIS PROJECT DO CARRY, and still found nothing HERE. Either this group holds no model of that kind, which is ordinary, or something else is wrong, and this reader cannot tell which
09:48:43.745	63.458	1A0215		set finding nothing	lcop_selection_set_tree/Mechanical/Mechanical-HVAC/BLD-ME-Pipe Accessories		lcop_selection_set_tree/Mechanical/Mechanical-HVAC/BLD-ME-Pipe Accessories   asks for "Pipe Accessories", WHICH MODELS IN THIS PROJECT DO CARRY, and still found nothing HERE. Either this group holds no model of that kind, which is ordinary, or something else is wrong, and this reader cannot tell which
09:48:43.745	63.459	1A0215		set finding nothing	lcop_selection_set_tree/Mechanical/Mechanical-HVAC/BLD-ME-Plumbing Fixtures		lcop_selection_set_tree/Mechanical/Mechanical-HVAC/BLD-ME-Plumbing Fixtures   asks for "Plumbing Fixtures", WHICH MODELS IN THIS PROJECT DO CARRY, and still found nothing HERE. Either this group holds no model of that kind, which is ordinary, or something else is wrong, and this reader cannot tell which
09:48:43.746	63.459	1A0215		set finding nothing	lcop_selection_set_tree/Mechanical/Mechanical-HVAC/BLD-ME-Flex Pipes		lcop_selection_set_tree/Mechanical/Mechanical-HVAC/BLD-ME-Flex Pipes   asks for "Flex Pipes", WHICH MODELS IN THIS PROJECT DO CARRY, and still found nothing HERE. Either this group holds no model of that kind, which is ordinary, or something else is wrong, and this reader cannot tell which
09:48:43.747	63.460	1A0215		set finding nothing	lcop_selection_set_tree/Mechanical/Mechanical-Fire Fighting/BLD-FF-Mechanical Equipment		lcop_selection_set_tree/Mechanical/Mechanical-Fire Fighting/BLD-FF-Mechanical Equipment   asks for "FF-FIRE FIGHTING" and NO MODEL IN THIS PROJECT CARRIES IT, and nothing the models carry is close to it
09:48:43.747	63.461	1A0215		set finding nothing	lcop_selection_set_tree/Mechanical/Mechanical-Fire Fighting/BLD-FF-Pipes & Pipe Fittings		lcop_selection_set_tree/Mechanical/Mechanical-Fire Fighting/BLD-FF-Pipes & Pipe Fittings   asks for "FP-PIPING" and NO MODEL IN THIS PROJECT CARRIES IT. The nearest the models carry is "ME-Piping", which is a suggestion and not a correction
09:48:43.748	63.462	1A0215		set finding nothing	lcop_selection_set_tree/Mechanical/Mechanical-Fire Fighting/BLD-FF-Pipe Accessories		lcop_selection_set_tree/Mechanical/Mechanical-Fire Fighting/BLD-FF-Pipe Accessories   asks for "FP-PIPING" and NO MODEL IN THIS PROJECT CARRIES IT. The nearest the models carry is "ME-Piping", which is a suggestion and not a correction
09:48:43.749	63.462	1A0215		set finding nothing	lcop_selection_set_tree/Mechanical/Mechanical-Fire Fighting/BLD-FF-Pipe Insulations		lcop_selection_set_tree/Mechanical/Mechanical-Fire Fighting/BLD-FF-Pipe Insulations   asks for "Pipe Insulation" and NO MODEL IN THIS PROJECT CARRIES IT, and nothing the models carry is close to it
09:48:43.750	63.463	1A0215		set finding nothing	lcop_selection_set_tree/Mechanical/Mechanical-Fire Fighting/BLD-FF-Plumbing Fixtures		lcop_selection_set_tree/Mechanical/Mechanical-Fire Fighting/BLD-FF-Plumbing Fixtures   asks for "FF-FIRE FIGHTING" and NO MODEL IN THIS PROJECT CARRIES IT, and nothing the models carry is close to it
09:48:43.750	63.464	1A0215		set finding nothing	lcop_selection_set_tree/Mechanical/Mechanical-Fire Fighting/BLD-FF-Sprinklers		lcop_selection_set_tree/Mechanical/Mechanical-Fire Fighting/BLD-FF-Sprinklers   asks for "FP-PIPING" and NO MODEL IN THIS PROJECT CARRIES IT. The nearest the models carry is "ME-Piping", which is a suggestion and not a correction
09:48:43.751	63.465	1A0215		set finding nothing	lcop_selection_set_tree/Mechanical/Mechanical-Water Supply/BLD-PL-Mechanical Equipment		lcop_selection_set_tree/Mechanical/Mechanical-Water Supply/BLD-PL-Mechanical Equipment   asks for "Mechanical Equipment", WHICH MODELS IN THIS PROJECT DO CARRY, and still found nothing HERE. Either this group holds no model of that kind, which is ordinary, or something else is wrong, and this reader cannot tell which
09:48:43.752	63.465	1A0215		set finding nothing	lcop_selection_set_tree/Mechanical/Mechanical-Water Supply/BLD-PL-Pipes & Pipe Fittings		lcop_selection_set_tree/Mechanical/Mechanical-Water Supply/BLD-PL-Pipes & Pipe Fittings   asks for "Pipes", WHICH MODELS IN THIS PROJECT DO CARRY, and still found nothing HERE. Either this group holds no model of that kind, which is ordinary, or something else is wrong, and this reader cannot tell which
09:48:43.752	63.466	1A0215		set finding nothing	lcop_selection_set_tree/Mechanical/Mechanical-Water Supply/BLD-PL-Pipe Accessories		lcop_selection_set_tree/Mechanical/Mechanical-Water Supply/BLD-PL-Pipe Accessories   asks for "Pipe Accessories", WHICH MODELS IN THIS PROJECT DO CARRY, and still found nothing HERE. Either this group holds no model of that kind, which is ordinary, or something else is wrong, and this reader cannot tell which
09:48:43.753	63.467	1A0215		set finding nothing	lcop_selection_set_tree/Mechanical/Mechanical-Water Supply/BLD-PL-Pipe Insulations		lcop_selection_set_tree/Mechanical/Mechanical-Water Supply/BLD-PL-Pipe Insulations   asks for "Pipe Insulation" and NO MODEL IN THIS PROJECT CARRIES IT, and nothing the models carry is close to it
09:48:43.754	63.467	1A0215		set finding nothing	lcop_selection_set_tree/Mechanical/Mechanical-Water Supply/BLD-PL-Plumbing Fixtures		lcop_selection_set_tree/Mechanical/Mechanical-Water Supply/BLD-PL-Plumbing Fixtures   asks for "Plumbing Fixtures", WHICH MODELS IN THIS PROJECT DO CARRY, and still found nothing HERE. Either this group holds no model of that kind, which is ordinary, or something else is wrong, and this reader cannot tell which
09:48:43.754	63.468	1A0215		set finding nothing	lcop_selection_set_tree/Mechanical/Mechanical-Drainage/BLD-DR-Mechanical Equipment		lcop_selection_set_tree/Mechanical/Mechanical-Drainage/BLD-DR-Mechanical Equipment   asks for "Mechanical Equipment", WHICH MODELS IN THIS PROJECT DO CARRY, and still found nothing HERE. Either this group holds no model of that kind, which is ordinary, or something else is wrong, and this reader cannot tell which
09:48:43.755	63.469	1A0215		set finding nothing	lcop_selection_set_tree/Mechanical/Mechanical-Drainage/BLD-DR-Pipes & Pipe Fittings		lcop_selection_set_tree/Mechanical/Mechanical-Drainage/BLD-DR-Pipes & Pipe Fittings   asks for "Pipes", WHICH MODELS IN THIS PROJECT DO CARRY, and still found nothing HERE. Either this group holds no model of that kind, which is ordinary, or something else is wrong, and this reader cannot tell which
09:48:43.756	63.469	1A0215		set finding nothing	lcop_selection_set_tree/Mechanical/Mechanical-Drainage/BLD-DR-Pipe Accessories		lcop_selection_set_tree/Mechanical/Mechanical-Drainage/BLD-DR-Pipe Accessories   asks for "Pipe Accessories", WHICH MODELS IN THIS PROJECT DO CARRY, and still found nothing HERE. Either this group holds no model of that kind, which is ordinary, or something else is wrong, and this reader cannot tell which
09:48:43.757	63.470	1A0215		set finding nothing	lcop_selection_set_tree/Mechanical/Mechanical-Drainage/BLD-DR-Pipe Insulations		lcop_selection_set_tree/Mechanical/Mechanical-Drainage/BLD-DR-Pipe Insulations   asks for "Pipe Insulation" and NO MODEL IN THIS PROJECT CARRIES IT, and nothing the models carry is close to it
09:48:43.757	63.471	1A0215		set finding nothing	lcop_selection_set_tree/Mechanical/Mechanical-Drainage/BLD-DR-Plumbing Fixtures		lcop_selection_set_tree/Mechanical/Mechanical-Drainage/BLD-DR-Plumbing Fixtures   asks for "Plumbing Fixtures", WHICH MODELS IN THIS PROJECT DO CARRY, and still found nothing HERE. Either this group holds no model of that kind, which is ordinary, or something else is wrong, and this reader cannot tell which
09:48:43.758	63.472	1A0215		set finding nothing	lcop_selection_set_tree/Electrical/BLD-EL-Cable Tray&Cable Tray Fittings		lcop_selection_set_tree/Electrical/BLD-EL-Cable Tray&Cable Tray Fittings   asks for "Cable Tray" and NO MODEL IN THIS PROJECT CARRIES IT. The nearest the models carry is "Cable Trays", which is a suggestion and not a correction
09:48:43.759	63.472	1A0215		set finding nothing	lcop_selection_set_tree/Electrical/BLD-EL-Electrical Equipment		lcop_selection_set_tree/Electrical/BLD-EL-Electrical Equipment   asks for "Electrical Equipment", WHICH MODELS IN THIS PROJECT DO CARRY, and still found nothing HERE. Either this group holds no model of that kind, which is ordinary, or something else is wrong, and this reader cannot tell which
09:48:43.759	63.473	1A0215		set finding nothing	lcop_selection_set_tree/Electrical/BLD-EL-Electrical Fixtures		lcop_selection_set_tree/Electrical/BLD-EL-Electrical Fixtures   asks for "Electrical Fixtures", WHICH MODELS IN THIS PROJECT DO CARRY, and still found nothing HERE. Either this group holds no model of that kind, which is ordinary, or something else is wrong, and this reader cannot tell which
09:48:43.760	63.474	1A0215		set finding nothing	lcop_selection_set_tree/Electrical/BLD-EL-Conduits & Conduit Fittings		lcop_selection_set_tree/Electrical/BLD-EL-Conduits & Conduit Fittings   asks for "Conduit" and NO MODEL IN THIS PROJECT CARRIES IT. The nearest the models carry is "Conduits", which is a suggestion and not a correction
09:48:43.761	63.474	1A0215		set finding nothing	lcop_selection_set_tree/Electrical/BLD-EL-Devices		lcop_selection_set_tree/Electrical/BLD-EL-Devices   asks for "Devices" and NO MODEL IN THIS PROJECT CARRIES IT, and nothing the models carry is close to it
09:48:43.762	63.475	1A0215		set finding nothing	lcop_selection_set_tree/Electrical/BLD-EL-Lighting Devices		lcop_selection_set_tree/Electrical/BLD-EL-Lighting Devices   asks for "Lighting Devices", WHICH MODELS IN THIS PROJECT DO CARRY, and still found nothing HERE. Either this group holds no model of that kind, which is ordinary, or something else is wrong, and this reader cannot tell which
09:48:43.762	63.476	1A0215		set finding nothing	lcop_selection_set_tree/Electrical/BLD-EL-Fire Alarm Devices		lcop_selection_set_tree/Electrical/BLD-EL-Fire Alarm Devices   asks for "Fire Alarm Devices", WHICH MODELS IN THIS PROJECT DO CARRY, and still found nothing HERE. Either this group holds no model of that kind, which is ordinary, or something else is wrong, and this reader cannot tell which
09:48:43.763	63.477	1A0215		set finding nothing	lcop_selection_set_tree/Electrical/BLD-EL-Telecom Equipment		lcop_selection_set_tree/Electrical/BLD-EL-Telecom Equipment   asks for "Telephone Equipment" and NO MODEL IN THIS PROJECT CARRIES IT, and nothing the models carry is close to it
09:48:43.764	63.477	1A0215		set finding nothing	lcop_selection_set_tree/Electrical/BLD-EL-Telecom Fixtures		lcop_selection_set_tree/Electrical/BLD-EL-Telecom Fixtures   asks for "Telephone Devices" and NO MODEL IN THIS PROJECT CARRIES IT, and nothing the models carry is close to it
09:48:43.765	63.478	1A0215		set finding nothing	lcop_selection_set_tree/Electrical/BLD-Security Devices		lcop_selection_set_tree/Electrical/BLD-Security Devices   asks for "Security Devices", WHICH MODELS IN THIS PROJECT DO CARRY, and still found nothing HERE. Either this group holds no model of that kind, which is ordinary, or something else is wrong, and this reader cannot tell which
09:48:43.765	63.479	1A0215		set finding nothing	lcop_selection_set_tree/Electrical/BLD-EL-Communication Devices		lcop_selection_set_tree/Electrical/BLD-EL-Communication Devices   asks for "Communication Devices", WHICH MODELS IN THIS PROJECT DO CARRY, and still found nothing HERE. Either this group holds no model of that kind, which is ordinary, or something else is wrong, and this reader cannot tell which
09:48:43.766	63.480	1A0215		set finding nothing	lcop_selection_set_tree/Electrical/BLD-EL-Telephone Devices		lcop_selection_set_tree/Electrical/BLD-EL-Telephone Devices   asks for "Telephone Devices" and NO MODEL IN THIS PROJECT CARRIES IT, and nothing the models carry is close to it
09:48:43.767	63.480	1A0215		set finding nothing	lcop_selection_set_tree/Electrical/BLD-EL-Data Devices		lcop_selection_set_tree/Electrical/BLD-EL-Data Devices   asks for "Data Devices", WHICH MODELS IN THIS PROJECT DO CARRY, and still found nothing HERE. Either this group holds no model of that kind, which is ordinary, or something else is wrong, and this reader cannot tell which
09:48:43.838	63.552	1A0215	VIEWS	step started	VIEWS	0	
09:48:43.846	63.560	1A0215	VIEWS	census before	models	3	
09:48:43.847	63.561	1A0215	VIEWS	census before	sets	61	
09:48:43.848	63.561	1A0215	VIEWS	census before	tests	1830	
09:48:43.849	63.562	1A0215	VIEWS	census before	results	0	
09:48:43.849	63.563	1A0215	VIEWS	census before	views	20	
09:48:43.873	63.587	1A0215		census after	models	3	
09:48:43.874	63.588	1A0215		census after	sets	61	
09:48:43.874	63.589	1A0215		census after	tests	1830	
09:48:43.875	63.590	1A0215		census after	results	0	
09:48:43.876	63.590	1A0215		census after	views	20	
09:48:43.879	63.593	1A0215		step finished	VIEWS	0.031	No viewpoint was planned for this group.
09:48:43.921	63.635	1A0215	NWF SAVE	step started	NWF SAVE	0	
09:48:43.938	63.651	1A0215	NWF SAVE	census before	models	3	
09:48:43.939	63.652	1A0215	NWF SAVE	census before	sets	61	
09:48:43.939	63.653	1A0215	NWF SAVE	census before	tests	1830	
09:48:43.940	63.654	1A0215	NWF SAVE	census before	results	0	
09:48:43.941	63.654	1A0215	NWF SAVE	census before	views	20	
09:48:44.024	63.737	1A0215	NWF SAVE	written	NWF	78380	C:\\00-NM\\Federation Task\\C02 + 04\\C02\\NWF\\1104-PAR-1A0215-ZZZ-BM-MOD-000001.nwf
09:48:44.028	63.742	1A0215		census after	models	3	
09:48:44.029	63.743	1A0215		census after	sets	61	
09:48:44.030	63.744	1A0215		census after	tests	1830	
09:48:44.030	63.744	1A0215		census after	results	0	
09:48:44.031	63.745	1A0215		census after	views	20	
09:48:44.034	63.748	1A0215		step finished	NWF SAVE	0.106	saved 78380 bytes
09:48:44.039	63.753	1A0215	WORKBOOK	step started	WORKBOOK	0	
09:48:44.044	63.758	1A0215	WORKBOOK	census before	models	3	
09:48:44.045	63.758	1A0215	WORKBOOK	census before	sets	61	
09:48:44.046	63.759	1A0215	WORKBOOK	census before	tests	1830	
09:48:44.046	63.760	1A0215	WORKBOOK	census before	results	0	
09:48:44.047	63.761	1A0215	WORKBOOK	census before	views	20	
09:48:45.172	64.886	1A0215	WORKBOOK	written	XLSX	95025	C:\\00-NM\\Federation Task\\C02 + 04\\C02\\Clash Report\\1104-PAR-1A0215-ZZZ-BM-MOD-000001.xlsx
09:48:45.293	65.007	1A0215		census after	models	3	
09:48:45.294	65.008	1A0215		census after	sets	61	
09:48:45.294	65.008	1A0215		census after	tests	1830	
09:48:45.296	65.009	1A0215		census after	results	0	
09:48:45.297	65.010	1A0215		census after	views	20	
09:48:45.300	65.013	1A0215		step finished	WORKBOOK	1.252	wrote 95025 bytes
09:48:45.303	65.016	1A0215	HTML	step started	HTML	0	
09:48:45.307	65.021	1A0215	HTML	census before	models	3	
09:48:45.308	65.021	1A0215	HTML	census before	sets	61	
09:48:45.308	65.022	1A0215	HTML	census before	tests	1830	
09:48:45.309	65.023	1A0215	HTML	census before	results	0	
09:48:45.310	65.024	1A0215	HTML	census before	views	20	
09:48:45.407	65.121	1A0215	HTML	written	HTML	2683307	C:\\00-NM\\Federation Task\\C02 + 04\\C02\\Clash Report\\1104-PAR-1A0215-ZZZ-BM-MOD-000001.html
09:48:45.554	65.268	1A0215		census after	models	3	
09:48:45.555	65.269	1A0215		census after	sets	61	
09:48:45.556	65.269	1A0215		census after	tests	1830	
09:48:45.557	65.270	1A0215		census after	results	0	
09:48:45.557	65.271	1A0215		census after	views	20	
09:48:45.560	65.274	1A0215		step finished	HTML	0.25	wrote 2683307 bytes
09:48:45.566	65.279	1A0215	NWD	step started	NWD	0	
09:48:45.570	65.284	1A0215	NWD	census before	models	3	
09:48:45.570	65.284	1A0215	NWD	census before	sets	61	
09:48:45.571	65.285	1A0215	NWD	census before	tests	1830	
09:48:45.572	65.286	1A0215	NWD	census before	results	0	
09:48:45.573	65.287	1A0215	NWD	census before	views	20	
09:48:47.630	67.344	1A0215	NWD	written	NWD	14276898	C:\\00-NM\\Federation Task\\C02 + 04\\C02\\NWD\\1104-PAR-1A0215-ZZZ-BM-MOD-000001.nwd
09:48:47.638	67.352	1A0215		census after	models	3	
09:48:47.639	67.353	1A0215		census after	sets	61	
09:48:47.640	67.354	1A0215		census after	tests	1830	
09:48:47.641	67.355	1A0215		census after	results	0	
09:48:47.641	67.355	1A0215		census after	views	20	
09:48:47.645	67.359	1A0215		step finished	NWD	2.068	published 14276898 bytes
09:48:47.649	67.363	1A0215	CONFIRM	step started	CONFIRM	0	
09:48:47.656	67.371	1A0215	CONFIRM	census before	models	3	
09:48:47.657	67.371	1A0215	CONFIRM	census before	sets	61	
09:48:47.658	67.372	1A0215	CONFIRM	census before	tests	1830	
09:48:47.658	67.373	1A0215	CONFIRM	census before	results	0	
09:48:47.659	67.373	1A0215	CONFIRM	census before	views	20	
09:48:47.691	67.406	1A0215		census after	models	3	
09:48:47.692	67.406	1A0215		census after	sets	61	
09:48:47.694	67.407	1A0215		census after	tests	1830	
09:48:47.695	67.408	1A0215		census after	results	0	
09:48:47.695	67.409	1A0215		census after	views	20	
09:48:47.698	67.412	1A0215		step finished	CONFIRM	0.042	the NWF is 78380 bytes
09:48:47.738	67.452			group finished	1A0215	8.533	DONE Weekly run plus XML
09:48:47.797	67.511			timing	NWD	2.068	1 visits
09:48:47.798	67.512			timing	SETS	1.703	1 visits
09:48:47.798	67.513			timing	WORKBOOK	1.252	1 visits
09:48:47.799	67.513			timing	DECIDE	1.089	1 visits
09:48:47.800	67.514			timing	HTML	0.25	1 visits
09:48:47.801	67.515			timing	UNITS	0.23	1 visits
09:48:47.802	67.516			timing	TESTS RUN	0.138	1 visits
09:48:47.803	67.517			timing	NWF SAVE	0.106	1 visits
09:48:47.803	67.517			timing	CONFIRM	0.042	1 visits
09:48:47.804	67.518			timing	VIEWS	0.031	1 visits
09:48:47.805	67.519			timing	HARVEST	0.025	1 visits
09:48:47.896	67.610	1A02BS	DECIDE	step started	DECIDE	0	
09:48:47.900	67.614	1A02BS	DECIDE	census before	models	0	
09:48:47.900	67.614	1A02BS	DECIDE	census before	sets	0	
09:48:47.901	67.615	1A02BS	DECIDE	census before	tests	0	
09:48:47.902	67.616	1A02BS	DECIDE	census before	results	0	
09:48:47.903	67.617	1A02BS	DECIDE	census before	views	0	
09:48:48.705	68.419	1A02BS		census after	models	6	
09:48:48.706	68.420	1A02BS		census after	sets	61	
09:48:48.706	68.420	1A02BS		census after	tests	105	
09:48:48.707	68.421	1A02BS		census after	results	109	
09:48:48.707	68.422	1A02BS		census after	views	136	
09:48:48.712	68.425	1A02BS		step finished	DECIDE	0.809	Weekly run plus XML
09:48:48.722	68.436	1A02BS	UNITS	step started	UNITS	0	
09:48:48.725	68.439	1A02BS	UNITS	census before	models	6	
09:48:48.726	68.440	1A02BS	UNITS	census before	sets	61	
09:48:48.726	68.441	1A02BS	UNITS	census before	tests	105	
09:48:48.727	68.442	1A02BS	UNITS	census before	results	109	
09:48:48.728	68.442	1A02BS	UNITS	census before	views	136	
09:48:48.752	68.466	1A02BS		census after	models	6	
09:48:48.753	68.467	1A02BS		census after	sets	61	
09:48:48.754	68.468	1A02BS		census after	tests	105	
09:48:48.754	68.468	1A02BS		census after	results	109	
09:48:48.755	68.469	1A02BS		census after	views	136	
09:48:48.759	68.472	1A02BS		step finished	UNITS	0.03	the document was asked for Meters
09:48:48.806	68.520	1A02BS		model placement	1104-PAR-1A02BS-ZZZ-AR-MOD-001000.nwc	684688	Exhibition Pavilion
09:48:48.806	68.521	1A02BS		model placement	1104-PAR-1A02BS-ZZZ-AR-MOD-002000.nwc	684688	Exhibition Pavilion
09:48:48.807	68.521	1A02BS		model placement	1104-PAR-1A02BS-ZZZ-AR-MOD-003000.nwc	684688	Bus-3
09:48:48.807	68.522	1A02BS		model placement	1104-PAR-1A02BS-ZZZ-AR-MOD-004000.nwc	684688	Exhibition Pavilion
09:48:48.809	68.523	1A02BS		model placement	1104-PAR-1A02BS-ZZZ-EL-MOD-003000.nwc	684186.56	Community-2-BS1
09:48:48.809	68.524	1A02BS		model placement	1104-PAR-1A02BS-ZZZ-EL-MOD-003001.nwc	688356.56	Community-2-BS2
09:48:48.853	68.567	1A02BS		model export	1104-PAR-1A02BS-ZZZ-AR-MOD-001000.nwc	16	1 workset(s), element id 100%
09:48:48.854	68.568	1A02BS		model export	1104-PAR-1A02BS-ZZZ-AR-MOD-002000.nwc	21	1 workset(s), element id 100%
09:48:48.854	68.568	1A02BS		model export	1104-PAR-1A02BS-ZZZ-AR-MOD-003000.nwc	41	1 workset(s), element id 100%
09:48:48.855	68.569	1A02BS		model export	1104-PAR-1A02BS-ZZZ-AR-MOD-004000.nwc	10	1 workset(s), element id 100%
09:48:48.856	68.570	1A02BS		model export	1104-PAR-1A02BS-ZZZ-EL-MOD-003000.nwc	55	5 workset(s), element id 100%
09:48:48.856	68.571	1A02BS		model export	1104-PAR-1A02BS-ZZZ-EL-MOD-003001.nwc	55	5 workset(s), element id 100%
09:48:48.862	68.576	1A02BS	SETS	step started	SETS	0	
09:48:48.865	68.579	1A02BS	SETS	census before	models	6	
09:48:48.867	68.580	1A02BS	SETS	census before	sets	61	
09:48:48.867	68.581	1A02BS	SETS	census before	tests	105	
09:48:48.868	68.582	1A02BS	SETS	census before	results	109	
09:48:48.869	68.582	1A02BS	SETS	census before	views	136	
09:48:49.104	68.818	1A02BS		census after	models	6	
09:48:49.105	68.818	1A02BS		census after	sets	61	
09:48:49.106	68.819	1A02BS		census after	tests	105	
09:48:49.106	68.820	1A02BS		census after	results	109	
09:48:49.107	68.821	1A02BS		census after	views	136	
09:48:49.110	68.824	1A02BS		step finished	SETS	0.241	0 created, 61 already there, 0 finding items, 0 at zero.
09:48:49.187	68.901	1A02BS	TESTS RUN	step started	TESTS RUN	0	
09:48:49.190	68.904	1A02BS	TESTS RUN	census before	models	6	
09:48:49.191	68.905	1A02BS	TESTS RUN	census before	sets	61	
09:48:49.192	68.906	1A02BS	TESTS RUN	census before	tests	105	
09:48:49.192	68.907	1A02BS	TESTS RUN	census before	results	109	
09:48:49.194	68.907	1A02BS	TESTS RUN	census before	views	136	
09:48:49.399	69.113	1A02BS		census after	models	6	
09:48:49.400	69.114	1A02BS		census after	sets	61	
09:48:49.401	69.115	1A02BS		census after	tests	105	
09:48:49.402	69.115	1A02BS		census after	results	109	
09:48:49.403	69.116	1A02BS		census after	views	136	
09:48:49.406	69.120	1A02BS		step finished	TESTS RUN	0.216	BLD-AR-Walls-vs-BLD-AR-Floors
09:48:50.391	70.105	1A02BS	HARVEST	step started	HARVEST	0	
09:48:50.395	70.109	1A02BS	HARVEST	census before	models	6	
09:48:50.396	70.110	1A02BS	HARVEST	census before	sets	61	
09:48:50.397	70.111	1A02BS	HARVEST	census before	tests	105	
09:48:50.397	70.111	1A02BS	HARVEST	census before	results	109	
09:48:50.399	70.112	1A02BS	HARVEST	census before	views	136	
09:48:50.432	70.146	1A02BS	IMAGES	step started	IMAGES	0	
09:48:50.437	70.151	1A02BS	IMAGES	census before	models	6	
09:48:50.438	70.152	1A02BS	IMAGES	census before	sets	61	
09:48:50.438	70.152	1A02BS	IMAGES	census before	tests	105	
09:48:50.439	70.153	1A02BS	IMAGES	census before	results	109	
09:48:50.440	70.154	1A02BS	IMAGES	census before	views	136	
09:48:50.476	70.190	1A02BS	HARVEST	census after	models	6	
09:48:50.477	70.190	1A02BS	HARVEST	census after	sets	61	
09:48:50.478	70.191	1A02BS	HARVEST	census after	tests	105	
09:48:50.478	70.192	1A02BS	HARVEST	census after	results	109	
09:48:50.478	70.193	1A02BS	HARVEST	census after	views	136	
09:48:50.482	70.196	1A02BS	HARVEST	step finished	IMAGES	0.044	BLD-AR-Walls-vs-BLD-AR-Floors
09:48:52.956	72.670	1A02BS		census after	models	6	
09:48:52.957	72.671	1A02BS		census after	sets	61	
09:48:52.958	72.671	1A02BS		census after	tests	105	
09:48:52.958	72.672	1A02BS		census after	results	109	
09:48:52.959	72.673	1A02BS		census after	views	136	
09:48:52.964	72.678	1A02BS		step finished	HARVEST	2.555	BLD-AR-Walls-vs-BLD-AR-Floors
09:48:52.965	72.679	1A02BS		rows for the workbook	BLD-AR-Walls-vs-BLD-AR-Floors	78	78 in the document
09:48:52.970	72.684	1A02BS		test found clashes	BLD-AR-Walls-vs-BLD-AR-Floors	78	ran and found clashes
09:48:53.234	72.947	1A02BS		rows for the workbook	BLD-AR-Curtain Panels-vs-BLD-AR-Floors	0	0 in the document
09:48:53.238	72.951	1A02BS		test passed	BLD-AR-Curtain Panels-vs-BLD-AR-Floors	0	ran and found nothing
09:48:53.493	73.207	1A02BS		rows for the workbook	BLD-AR-Curtain Panels-vs-BLD-AR-Walls	0	0 in the document
09:48:53.497	73.211	1A02BS		test passed	BLD-AR-Curtain Panels-vs-BLD-AR-Walls	0	ran and found nothing
09:48:53.794	73.508	1A02BS		rows for the workbook	BLD-AR-Curtain Mullions-vs-BLD-AR-Floors	0	0 in the document
09:48:53.798	73.512	1A02BS		test passed	BLD-AR-Curtain Mullions-vs-BLD-AR-Floors	0	ran and found nothing
09:48:54.055	73.768	1A02BS		rows for the workbook	BLD-AR-Curtain Mullions-vs-BLD-AR-Walls	0	0 in the document
09:48:54.059	73.772	1A02BS		test passed	BLD-AR-Curtain Mullions-vs-BLD-AR-Walls	0	ran and found nothing
09:48:54.460	74.174	1A02BS		rows for the workbook	BLD-AR-Curtain Mullions-vs-BLD-AR-Curtain Panels	4	4 in the document
09:48:54.461	74.175	1A02BS		test found clashes	BLD-AR-Curtain Mullions-vs-BLD-AR-Curtain Panels	4	ran and found clashes
09:48:54.728	74.441	1A02BS		rows for the workbook	BLD-AR-Doors-vs-BLD-AR-Floors	0	0 in the document
09:48:54.729	74.442	1A02BS		test passed	BLD-AR-Doors-vs-BLD-AR-Floors	0	ran and found nothing
09:48:54.999	74.713	1A02BS		rows for the workbook	BLD-AR-Doors-vs-BLD-AR-Walls	1	1 in the document
09:48:55.000	74.714	1A02BS		test found clashes	BLD-AR-Doors-vs-BLD-AR-Walls	1	ran and found clashes
09:48:55.316	75.029	1A02BS		rows for the workbook	BLD-AR-Doors-vs-BLD-AR-Curtain Panels	2	2 in the document
09:48:55.317	75.030	1A02BS		test found clashes	BLD-AR-Doors-vs-BLD-AR-Curtain Panels	2	ran and found clashes
09:48:55.677	75.392	1A02BS		rows for the workbook	BLD-AR-Doors-vs-BLD-AR-Curtain Mullions	2	2 in the document
09:48:55.678	75.392	1A02BS		test found clashes	BLD-AR-Doors-vs-BLD-AR-Curtain Mullions	2	ran and found clashes
09:48:55.942	75.656	1A02BS		rows for the workbook	BLD-AR-Furniture-vs-BLD-AR-Floors	0	0 in the document
09:48:55.942	75.657	1A02BS		test passed	BLD-AR-Furniture-vs-BLD-AR-Floors	0	ran and found nothing
09:48:56.266	75.980	1A02BS		rows for the workbook	BLD-AR-Furniture-vs-BLD-AR-Walls	2	2 in the document
09:48:56.267	75.981	1A02BS		test found clashes	BLD-AR-Furniture-vs-BLD-AR-Walls	2	ran and found clashes
09:48:56.509	76.222	1A02BS		rows for the workbook	BLD-AR-Furniture-vs-BLD-AR-Curtain Panels	0	0 in the document
09:48:56.510	76.223	1A02BS		test passed	BLD-AR-Furniture-vs-BLD-AR-Curtain Panels	0	ran and found nothing
09:48:56.736	76.450	1A02BS		rows for the workbook	BLD-AR-Furniture-vs-BLD-AR-Curtain Mullions	0	0 in the document
09:48:56.738	76.451	1A02BS		test passed	BLD-AR-Furniture-vs-BLD-AR-Curtain Mullions	0	ran and found nothing
09:48:56.991	76.704	1A02BS		rows for the workbook	BLD-AR-Furniture-vs-BLD-AR-Doors	0	0 in the document
09:48:56.991	76.705	1A02BS		test passed	BLD-AR-Furniture-vs-BLD-AR-Doors	0	ran and found nothing
09:48:57.240	76.954	1A02BS		rows for the workbook	BLD-AR-Site-vs-BLD-AR-Floors	0	0 in the document
09:48:57.241	76.955	1A02BS		test passed	BLD-AR-Site-vs-BLD-AR-Floors	0	ran and found nothing
09:48:57.472	77.186	1A02BS		rows for the workbook	BLD-AR-Site-vs-BLD-AR-Walls	0	0 in the document
09:48:57.473	77.187	1A02BS		test passed	BLD-AR-Site-vs-BLD-AR-Walls	0	ran and found nothing
09:48:57.711	77.425	1A02BS		rows for the workbook	BLD-AR-Site-vs-BLD-AR-Curtain Panels	0	0 in the document
09:48:57.712	77.426	1A02BS		test passed	BLD-AR-Site-vs-BLD-AR-Curtain Panels	0	ran and found nothing
09:48:58.003	77.716	1A02BS		rows for the workbook	BLD-AR-Site-vs-BLD-AR-Curtain Mullions	1	1 in the document
09:48:58.004	77.717	1A02BS		test found clashes	BLD-AR-Site-vs-BLD-AR-Curtain Mullions	1	ran and found clashes
09:48:58.234	77.948	1A02BS		rows for the workbook	BLD-AR-Site-vs-BLD-AR-Doors	0	0 in the document
09:48:58.235	77.948	1A02BS		test passed	BLD-AR-Site-vs-BLD-AR-Doors	0	ran and found nothing
09:48:58.606	78.320	1A02BS		rows for the workbook	BLD-AR-Site-vs-BLD-AR-Furniture	3	3 in the document
09:48:58.607	78.321	1A02BS		test found clashes	BLD-AR-Site-vs-BLD-AR-Furniture	3	ran and found clashes
09:48:58.849	78.562	1A02BS		rows for the workbook	BLD-EL-Electrical Equipment-vs-BLD-AR-Floors	0	0 in the document
09:48:58.850	78.563	1A02BS		test passed	BLD-EL-Electrical Equipment-vs-BLD-AR-Floors	0	ran and found nothing
09:48:59.078	78.792	1A02BS		rows for the workbook	BLD-EL-Electrical Equipment-vs-BLD-AR-Walls	0	0 in the document
09:48:59.079	78.793	1A02BS		test passed	BLD-EL-Electrical Equipment-vs-BLD-AR-Walls	0	ran and found nothing
09:48:59.333	79.047	1A02BS		rows for the workbook	BLD-EL-Electrical Equipment-vs-BLD-AR-Curtain Panels	0	0 in the document
09:48:59.334	79.048	1A02BS		test passed	BLD-EL-Electrical Equipment-vs-BLD-AR-Curtain Panels	0	ran and found nothing
09:48:59.587	79.301	1A02BS		rows for the workbook	BLD-EL-Electrical Equipment-vs-BLD-AR-Curtain Mullions	0	0 in the document
09:48:59.588	79.301	1A02BS		test passed	BLD-EL-Electrical Equipment-vs-BLD-AR-Curtain Mullions	0	ran and found nothing
09:48:59.814	79.528	1A02BS		rows for the workbook	BLD-EL-Electrical Equipment-vs-BLD-AR-Doors	0	0 in the document
09:48:59.815	79.528	1A02BS		test passed	BLD-EL-Electrical Equipment-vs-BLD-AR-Doors	0	ran and found nothing
09:49:00.075	79.789	1A02BS		rows for the workbook	BLD-EL-Electrical Equipment-vs-BLD-AR-Furniture	0	0 in the document
09:49:00.076	79.789	1A02BS		test passed	BLD-EL-Electrical Equipment-vs-BLD-AR-Furniture	0	ran and found nothing
09:49:00.319	80.033	1A02BS		rows for the workbook	BLD-EL-Electrical Equipment-vs-BLD-AR-Site	0	0 in the document
09:49:00.320	80.034	1A02BS		test passed	BLD-EL-Electrical Equipment-vs-BLD-AR-Site	0	ran and found nothing
09:49:00.567	80.281	1A02BS		rows for the workbook	BLD-EL-Electrical Fixtures-vs-BLD-AR-Floors	0	0 in the document
09:49:00.569	80.282	1A02BS		test passed	BLD-EL-Electrical Fixtures-vs-BLD-AR-Floors	0	ran and found nothing
09:49:00.819	80.532	1A02BS		rows for the workbook	BLD-EL-Electrical Fixtures-vs-BLD-AR-Walls	0	0 in the document
09:49:00.820	80.533	1A02BS		test passed	BLD-EL-Electrical Fixtures-vs-BLD-AR-Walls	0	ran and found nothing
09:49:01.055	80.769	1A02BS		rows for the workbook	BLD-EL-Electrical Fixtures-vs-BLD-AR-Curtain Panels	0	0 in the document
09:49:01.056	80.769	1A02BS		test passed	BLD-EL-Electrical Fixtures-vs-BLD-AR-Curtain Panels	0	ran and found nothing
09:49:01.283	80.996	1A02BS		rows for the workbook	BLD-EL-Electrical Fixtures-vs-BLD-AR-Curtain Mullions	0	0 in the document
09:49:01.284	80.997	1A02BS		test passed	BLD-EL-Electrical Fixtures-vs-BLD-AR-Curtain Mullions	0	ran and found nothing
09:49:01.518	81.232	1A02BS		rows for the workbook	BLD-EL-Electrical Fixtures-vs-BLD-AR-Doors	0	0 in the document
09:49:01.519	81.233	1A02BS		test passed	BLD-EL-Electrical Fixtures-vs-BLD-AR-Doors	0	ran and found nothing
09:49:01.752	81.465	1A02BS		rows for the workbook	BLD-EL-Electrical Fixtures-vs-BLD-AR-Furniture	0	0 in the document
09:49:01.753	81.466	1A02BS		test passed	BLD-EL-Electrical Fixtures-vs-BLD-AR-Furniture	0	ran and found nothing
09:49:02.004	81.717	1A02BS		rows for the workbook	BLD-EL-Electrical Fixtures-vs-BLD-AR-Site	0	0 in the document
09:49:02.004	81.718	1A02BS		test passed	BLD-EL-Electrical Fixtures-vs-BLD-AR-Site	0	ran and found nothing
09:49:02.252	81.966	1A02BS		rows for the workbook	BLD-EL-Electrical Fixtures-vs-BLD-EL-Electrical Equipment	0	0 in the document
09:49:02.253	81.967	1A02BS		test passed	BLD-EL-Electrical Fixtures-vs-BLD-EL-Electrical Equipment	0	ran and found nothing
09:49:02.501	82.215	1A02BS		rows for the workbook	BLD-EL-Conduits & Conduit Fittings-vs-BLD-AR-Floors	0	0 in the document
09:49:02.502	82.216	1A02BS		test passed	BLD-EL-Conduits & Conduit Fittings-vs-BLD-AR-Floors	0	ran and found nothing
09:49:02.734	82.448	1A02BS		rows for the workbook	BLD-EL-Conduits & Conduit Fittings-vs-BLD-AR-Walls	0	0 in the document
09:49:02.735	82.448	1A02BS		test passed	BLD-EL-Conduits & Conduit Fittings-vs-BLD-AR-Walls	0	ran and found nothing
09:49:02.973	82.686	1A02BS		rows for the workbook	BLD-EL-Conduits & Conduit Fittings-vs-BLD-AR-Curtain Panels	0	0 in the document
09:49:02.974	82.687	1A02BS		test passed	BLD-EL-Conduits & Conduit Fittings-vs-BLD-AR-Curtain Panels	0	ran and found nothing
09:49:03.195	82.908	1A02BS		rows for the workbook	BLD-EL-Conduits & Conduit Fittings-vs-BLD-AR-Curtain Mullions	0	0 in the document
09:49:03.196	82.909	1A02BS		test passed	BLD-EL-Conduits & Conduit Fittings-vs-BLD-AR-Curtain Mullions	0	ran and found nothing
09:49:03.445	83.159	1A02BS		rows for the workbook	BLD-EL-Conduits & Conduit Fittings-vs-BLD-AR-Doors	0	0 in the document
09:49:03.446	83.160	1A02BS		test passed	BLD-EL-Conduits & Conduit Fittings-vs-BLD-AR-Doors	0	ran and found nothing
09:49:03.694	83.408	1A02BS		rows for the workbook	BLD-EL-Conduits & Conduit Fittings-vs-BLD-AR-Furniture	0	0 in the document
09:49:03.695	83.409	1A02BS		test passed	BLD-EL-Conduits & Conduit Fittings-vs-BLD-AR-Furniture	0	ran and found nothing
09:49:03.965	83.679	1A02BS		rows for the workbook	BLD-EL-Conduits & Conduit Fittings-vs-BLD-AR-Site	0	0 in the document
09:49:03.966	83.680	1A02BS		test passed	BLD-EL-Conduits & Conduit Fittings-vs-BLD-AR-Site	0	ran and found nothing
09:49:04.641	84.355	1A02BS		rows for the workbook	BLD-EL-Conduits & Conduit Fittings-vs-BLD-EL-Electrical Equipment	12	12 in the document
09:49:04.642	84.356	1A02BS		test found clashes	BLD-EL-Conduits & Conduit Fittings-vs-BLD-EL-Electrical Equipment	12	ran and found clashes
09:49:04.896	84.609	1A02BS		rows for the workbook	BLD-EL-Conduits & Conduit Fittings-vs-BLD-EL-Electrical Fixtures	0	0 in the document
09:49:04.897	84.610	1A02BS		test passed	BLD-EL-Conduits & Conduit Fittings-vs-BLD-EL-Electrical Fixtures	0	ran and found nothing
09:49:05.131	84.844	1A02BS		rows for the workbook	BLD-EL-Lighting Fixtures-vs-BLD-AR-Floors	0	0 in the document
09:49:05.132	84.845	1A02BS		test passed	BLD-EL-Lighting Fixtures-vs-BLD-AR-Floors	0	ran and found nothing
09:49:05.366	85.080	1A02BS		rows for the workbook	BLD-EL-Lighting Fixtures-vs-BLD-AR-Walls	0	0 in the document
09:49:05.367	85.081	1A02BS		test passed	BLD-EL-Lighting Fixtures-vs-BLD-AR-Walls	0	ran and found nothing
09:49:05.595	85.309	1A02BS		rows for the workbook	BLD-EL-Lighting Fixtures-vs-BLD-AR-Curtain Panels	0	0 in the document
09:49:05.596	85.310	1A02BS		test passed	BLD-EL-Lighting Fixtures-vs-BLD-AR-Curtain Panels	0	ran and found nothing
09:49:05.829	85.543	1A02BS		rows for the workbook	BLD-EL-Lighting Fixtures-vs-BLD-AR-Curtain Mullions	0	0 in the document
09:49:05.830	85.544	1A02BS		test passed	BLD-EL-Lighting Fixtures-vs-BLD-AR-Curtain Mullions	0	ran and found nothing
09:49:06.063	85.776	1A02BS		rows for the workbook	BLD-EL-Lighting Fixtures-vs-BLD-AR-Doors	0	0 in the document
09:49:06.064	85.777	1A02BS		test passed	BLD-EL-Lighting Fixtures-vs-BLD-AR-Doors	0	ran and found nothing
09:49:06.300	86.014	1A02BS		rows for the workbook	BLD-EL-Lighting Fixtures-vs-BLD-AR-Furniture	0	0 in the document
09:49:06.301	86.015	1A02BS		test passed	BLD-EL-Lighting Fixtures-vs-BLD-AR-Furniture	0	ran and found nothing
09:49:06.532	86.246	1A02BS		rows for the workbook	BLD-EL-Lighting Fixtures-vs-BLD-AR-Site	0	0 in the document
09:49:06.533	86.246	1A02BS		test passed	BLD-EL-Lighting Fixtures-vs-BLD-AR-Site	0	ran and found nothing
09:49:06.765	86.479	1A02BS		rows for the workbook	BLD-EL-Lighting Fixtures-vs-BLD-EL-Electrical Equipment	0	0 in the document
09:49:06.767	86.480	1A02BS		test passed	BLD-EL-Lighting Fixtures-vs-BLD-EL-Electrical Equipment	0	ran and found nothing
09:49:07.008	86.721	1A02BS		rows for the workbook	BLD-EL-Lighting Fixtures-vs-BLD-EL-Electrical Fixtures	0	0 in the document
09:49:07.009	86.722	1A02BS		test passed	BLD-EL-Lighting Fixtures-vs-BLD-EL-Electrical Fixtures	0	ran and found nothing
09:49:07.235	86.948	1A02BS		rows for the workbook	BLD-EL-Lighting Fixtures-vs-BLD-EL-Conduits & Conduit Fittings	0	0 in the document
09:49:07.236	86.949	1A02BS		test passed	BLD-EL-Lighting Fixtures-vs-BLD-EL-Conduits & Conduit Fittings	0	ran and found nothing
09:49:07.470	87.184	1A02BS		rows for the workbook	BLD-EL-Lighting Devices-vs-BLD-AR-Floors	0	0 in the document
09:49:07.471	87.185	1A02BS		test passed	BLD-EL-Lighting Devices-vs-BLD-AR-Floors	0	ran and found nothing
09:49:07.705	87.418	1A02BS		rows for the workbook	BLD-EL-Lighting Devices-vs-BLD-AR-Walls	0	0 in the document
09:49:07.706	87.419	1A02BS		test passed	BLD-EL-Lighting Devices-vs-BLD-AR-Walls	0	ran and found nothing
09:49:07.961	87.675	1A02BS		rows for the workbook	BLD-EL-Lighting Devices-vs-BLD-AR-Curtain Panels	0	0 in the document
09:49:07.962	87.676	1A02BS		test passed	BLD-EL-Lighting Devices-vs-BLD-AR-Curtain Panels	0	ran and found nothing
09:49:08.222	87.935	1A02BS		rows for the workbook	BLD-EL-Lighting Devices-vs-BLD-AR-Curtain Mullions	0	0 in the document
09:49:08.223	87.936	1A02BS		test passed	BLD-EL-Lighting Devices-vs-BLD-AR-Curtain Mullions	0	ran and found nothing
09:49:08.490	88.203	1A02BS		rows for the workbook	BLD-EL-Lighting Devices-vs-BLD-AR-Doors	0	0 in the document
09:49:08.491	88.204	1A02BS		test passed	BLD-EL-Lighting Devices-vs-BLD-AR-Doors	0	ran and found nothing
09:49:08.735	88.449	1A02BS		rows for the workbook	BLD-EL-Lighting Devices-vs-BLD-AR-Furniture	0	0 in the document
09:49:08.736	88.449	1A02BS		test passed	BLD-EL-Lighting Devices-vs-BLD-AR-Furniture	0	ran and found nothing
09:49:08.985	88.698	1A02BS		rows for the workbook	BLD-EL-Lighting Devices-vs-BLD-AR-Site	0	0 in the document
09:49:08.986	88.699	1A02BS		test passed	BLD-EL-Lighting Devices-vs-BLD-AR-Site	0	ran and found nothing
09:49:09.232	88.946	1A02BS		rows for the workbook	BLD-EL-Lighting Devices-vs-BLD-EL-Electrical Equipment	0	0 in the document
09:49:09.234	88.947	1A02BS		test passed	BLD-EL-Lighting Devices-vs-BLD-EL-Electrical Equipment	0	ran and found nothing
09:49:09.493	89.207	1A02BS		rows for the workbook	BLD-EL-Lighting Devices-vs-BLD-EL-Electrical Fixtures	0	0 in the document
09:49:09.495	89.208	1A02BS		test passed	BLD-EL-Lighting Devices-vs-BLD-EL-Electrical Fixtures	0	ran and found nothing
09:49:09.763	89.477	1A02BS		rows for the workbook	BLD-EL-Lighting Devices-vs-BLD-EL-Conduits & Conduit Fittings	0	0 in the document
09:49:09.764	89.477	1A02BS		test passed	BLD-EL-Lighting Devices-vs-BLD-EL-Conduits & Conduit Fittings	0	ran and found nothing
09:49:10.012	89.726	1A02BS		rows for the workbook	BLD-EL-Lighting Devices-vs-BLD-EL-Lighting Fixtures	0	0 in the document
09:49:10.014	89.727	1A02BS		test passed	BLD-EL-Lighting Devices-vs-BLD-EL-Lighting Fixtures	0	ran and found nothing
09:49:10.255	89.969	1A02BS		rows for the workbook	BLD-Security Devices-vs-BLD-AR-Floors	0	0 in the document
09:49:10.256	89.970	1A02BS		test passed	BLD-Security Devices-vs-BLD-AR-Floors	0	ran and found nothing
09:49:10.528	90.242	1A02BS		rows for the workbook	BLD-Security Devices-vs-BLD-AR-Walls	0	0 in the document
09:49:10.530	90.243	1A02BS		test passed	BLD-Security Devices-vs-BLD-AR-Walls	0	ran and found nothing
09:49:10.794	90.508	1A02BS		rows for the workbook	BLD-Security Devices-vs-BLD-AR-Curtain Panels	0	0 in the document
09:49:10.795	90.509	1A02BS		test passed	BLD-Security Devices-vs-BLD-AR-Curtain Panels	0	ran and found nothing
09:49:11.077	90.790	1A02BS		rows for the workbook	BLD-Security Devices-vs-BLD-AR-Curtain Mullions	0	0 in the document
09:49:11.078	90.791	1A02BS		test passed	BLD-Security Devices-vs-BLD-AR-Curtain Mullions	0	ran and found nothing
09:49:11.344	91.057	1A02BS		rows for the workbook	BLD-Security Devices-vs-BLD-AR-Doors	0	0 in the document
09:49:11.345	91.058	1A02BS		test passed	BLD-Security Devices-vs-BLD-AR-Doors	0	ran and found nothing
09:49:11.579	91.292	1A02BS		rows for the workbook	BLD-Security Devices-vs-BLD-AR-Furniture	0	0 in the document
09:49:11.580	91.293	1A02BS		test passed	BLD-Security Devices-vs-BLD-AR-Furniture	0	ran and found nothing
09:49:11.845	91.559	1A02BS		rows for the workbook	BLD-Security Devices-vs-BLD-AR-Site	0	0 in the document
09:49:11.864	91.578	1A02BS		test passed	BLD-Security Devices-vs-BLD-AR-Site	0	ran and found nothing
09:49:12.196	91.910	1A02BS		rows for the workbook	BLD-Security Devices-vs-BLD-EL-Electrical Equipment	0	0 in the document
09:49:12.211	91.925	1A02BS		test passed	BLD-Security Devices-vs-BLD-EL-Electrical Equipment	0	ran and found nothing
09:49:12.551	92.266	1A02BS		rows for the workbook	BLD-Security Devices-vs-BLD-EL-Electrical Fixtures	0	0 in the document
09:49:12.564	92.278	1A02BS		test passed	BLD-Security Devices-vs-BLD-EL-Electrical Fixtures	0	ran and found nothing
09:49:12.882	92.596	1A02BS		rows for the workbook	BLD-Security Devices-vs-BLD-EL-Conduits & Conduit Fittings	0	0 in the document
09:49:12.898	92.612	1A02BS		test passed	BLD-Security Devices-vs-BLD-EL-Conduits & Conduit Fittings	0	ran and found nothing
09:49:13.209	92.923	1A02BS		rows for the workbook	BLD-Security Devices-vs-BLD-EL-Lighting Fixtures	0	0 in the document
09:49:13.216	92.929	1A02BS		test passed	BLD-Security Devices-vs-BLD-EL-Lighting Fixtures	0	ran and found nothing
09:49:13.537	93.251	1A02BS		rows for the workbook	BLD-Security Devices-vs-BLD-EL-Lighting Devices	0	0 in the document
09:49:13.554	93.267	1A02BS		test passed	BLD-Security Devices-vs-BLD-EL-Lighting Devices	0	ran and found nothing
09:49:13.831	93.545	1A02BS		rows for the workbook	BLD-EL-Communication Devices-vs-BLD-AR-Floors	0	0 in the document
09:49:13.848	93.562	1A02BS		test passed	BLD-EL-Communication Devices-vs-BLD-AR-Floors	0	ran and found nothing
09:49:14.149	93.862	1A02BS		rows for the workbook	BLD-EL-Communication Devices-vs-BLD-AR-Walls	0	0 in the document
09:49:14.165	93.878	1A02BS		test passed	BLD-EL-Communication Devices-vs-BLD-AR-Walls	0	ran and found nothing
09:49:14.443	94.157	1A02BS		rows for the workbook	BLD-EL-Communication Devices-vs-BLD-AR-Curtain Panels	0	0 in the document
09:49:14.459	94.173	1A02BS		test passed	BLD-EL-Communication Devices-vs-BLD-AR-Curtain Panels	0	ran and found nothing
09:49:14.741	94.455	1A02BS		rows for the workbook	BLD-EL-Communication Devices-vs-BLD-AR-Curtain Mullions	0	0 in the document
09:49:14.756	94.470	1A02BS		test passed	BLD-EL-Communication Devices-vs-BLD-AR-Curtain Mullions	0	ran and found nothing
09:49:15.070	94.783	1A02BS		rows for the workbook	BLD-EL-Communication Devices-vs-BLD-AR-Doors	0	0 in the document
09:49:15.084	94.798	1A02BS		test passed	BLD-EL-Communication Devices-vs-BLD-AR-Doors	0	ran and found nothing
09:49:15.385	95.098	1A02BS		rows for the workbook	BLD-EL-Communication Devices-vs-BLD-AR-Furniture	0	0 in the document
09:49:15.400	95.114	1A02BS		test passed	BLD-EL-Communication Devices-vs-BLD-AR-Furniture	0	ran and found nothing
09:49:15.681	95.395	1A02BS		rows for the workbook	BLD-EL-Communication Devices-vs-BLD-AR-Site	0	0 in the document
09:49:15.697	95.410	1A02BS		test passed	BLD-EL-Communication Devices-vs-BLD-AR-Site	0	ran and found nothing
09:49:16.070	95.783	1A02BS		rows for the workbook	BLD-EL-Communication Devices-vs-BLD-EL-Electrical Equipment	2	2 in the document
09:49:16.083	95.797	1A02BS		test found clashes	BLD-EL-Communication Devices-vs-BLD-EL-Electrical Equipment	2	ran and found clashes
09:49:16.368	96.082	1A02BS		rows for the workbook	BLD-EL-Communication Devices-vs-BLD-EL-Electrical Fixtures	0	0 in the document
09:49:16.369	96.083	1A02BS		test passed	BLD-EL-Communication Devices-vs-BLD-EL-Electrical Fixtures	0	ran and found nothing
09:49:16.694	96.407	1A02BS		rows for the workbook	BLD-EL-Communication Devices-vs-BLD-EL-Conduits & Conduit Fittings	2	2 in the document
09:49:16.694	96.408	1A02BS		test found clashes	BLD-EL-Communication Devices-vs-BLD-EL-Conduits & Conduit Fittings	2	ran and found clashes
09:49:16.927	96.641	1A02BS		rows for the workbook	BLD-EL-Communication Devices-vs-BLD-EL-Lighting Fixtures	0	0 in the document
09:49:16.928	96.642	1A02BS		test passed	BLD-EL-Communication Devices-vs-BLD-EL-Lighting Fixtures	0	ran and found nothing
09:49:17.179	96.892	1A02BS		rows for the workbook	BLD-EL-Communication Devices-vs-BLD-EL-Lighting Devices	0	0 in the document
09:49:17.180	96.893	1A02BS		test passed	BLD-EL-Communication Devices-vs-BLD-EL-Lighting Devices	0	ran and found nothing
09:49:17.485	97.199	1A02BS		rows for the workbook	BLD-EL-Communication Devices-vs-BLD-Security Devices	0	0 in the document
09:49:17.486	97.200	1A02BS		test passed	BLD-EL-Communication Devices-vs-BLD-Security Devices	0	ran and found nothing
09:49:17.765	97.479	1A02BS		rows for the workbook	BLD-EL-Data Devices-vs-BLD-AR-Floors	0	0 in the document
09:49:17.766	97.480	1A02BS		test passed	BLD-EL-Data Devices-vs-BLD-AR-Floors	0	ran and found nothing
09:49:18.017	97.731	1A02BS		rows for the workbook	BLD-EL-Data Devices-vs-BLD-AR-Walls	0	0 in the document
09:49:18.018	97.731	1A02BS		test passed	BLD-EL-Data Devices-vs-BLD-AR-Walls	0	ran and found nothing
09:49:18.266	97.980	1A02BS		rows for the workbook	BLD-EL-Data Devices-vs-BLD-AR-Curtain Panels	0	0 in the document
09:49:18.267	97.981	1A02BS		test passed	BLD-EL-Data Devices-vs-BLD-AR-Curtain Panels	0	ran and found nothing
09:49:18.516	98.230	1A02BS		rows for the workbook	BLD-EL-Data Devices-vs-BLD-AR-Curtain Mullions	0	0 in the document
09:49:18.517	98.231	1A02BS		test passed	BLD-EL-Data Devices-vs-BLD-AR-Curtain Mullions	0	ran and found nothing
09:49:18.756	98.470	1A02BS		rows for the workbook	BLD-EL-Data Devices-vs-BLD-AR-Doors	0	0 in the document
09:49:18.757	98.471	1A02BS		test passed	BLD-EL-Data Devices-vs-BLD-AR-Doors	0	ran and found nothing
09:49:19.015	98.729	1A02BS		rows for the workbook	BLD-EL-Data Devices-vs-BLD-AR-Furniture	0	0 in the document
09:49:19.016	98.730	1A02BS		test passed	BLD-EL-Data Devices-vs-BLD-AR-Furniture	0	ran and found nothing
09:49:19.253	98.966	1A02BS		rows for the workbook	BLD-EL-Data Devices-vs-BLD-AR-Site	0	0 in the document
09:49:19.254	98.967	1A02BS		test passed	BLD-EL-Data Devices-vs-BLD-AR-Site	0	ran and found nothing
09:49:19.509	99.223	1A02BS		rows for the workbook	BLD-EL-Data Devices-vs-BLD-EL-Electrical Equipment	0	0 in the document
09:49:19.510	99.223	1A02BS		test passed	BLD-EL-Data Devices-vs-BLD-EL-Electrical Equipment	0	ran and found nothing
09:49:19.777	99.491	1A02BS		rows for the workbook	BLD-EL-Data Devices-vs-BLD-EL-Electrical Fixtures	0	0 in the document
09:49:19.779	99.492	1A02BS		test passed	BLD-EL-Data Devices-vs-BLD-EL-Electrical Fixtures	0	ran and found nothing
09:49:20.033	99.747	1A02BS		rows for the workbook	BLD-EL-Data Devices-vs-BLD-EL-Conduits & Conduit Fittings	0	0 in the document
09:49:20.034	99.748	1A02BS		test passed	BLD-EL-Data Devices-vs-BLD-EL-Conduits & Conduit Fittings	0	ran and found nothing
09:49:20.285	99.998	1A02BS		rows for the workbook	BLD-EL-Data Devices-vs-BLD-EL-Lighting Fixtures	0	0 in the document
09:49:20.286	99.999	1A02BS		test passed	BLD-EL-Data Devices-vs-BLD-EL-Lighting Fixtures	0	ran and found nothing
09:49:20.536	100.249	1A02BS		rows for the workbook	BLD-EL-Data Devices-vs-BLD-EL-Lighting Devices	0	0 in the document
09:49:20.537	100.250	1A02BS		test passed	BLD-EL-Data Devices-vs-BLD-EL-Lighting Devices	0	ran and found nothing
09:49:20.789	100.503	1A02BS		rows for the workbook	BLD-EL-Data Devices-vs-BLD-Security Devices	0	0 in the document
09:49:20.789	100.503	1A02BS		test passed	BLD-EL-Data Devices-vs-BLD-Security Devices	0	ran and found nothing
09:49:21.034	100.748	1A02BS		rows for the workbook	BLD-EL-Data Devices-vs-BLD-EL-Communication Devices	0	0 in the document
09:49:21.035	100.749	1A02BS		test passed	BLD-EL-Data Devices-vs-BLD-EL-Communication Devices	0	ran and found nothing
09:49:21.400	101.114	1A02BS		set finding nothing	lcop_selection_set_tree/Architecture/BLD-AR-Stairs		lcop_selection_set_tree/Architecture/BLD-AR-Stairs   asks for "Stairs", WHICH MODELS IN THIS PROJECT DO CARRY, and still found nothing HERE. Either this group holds no model of that kind, which is ordinary, or something else is wrong, and this reader cannot tell which
09:49:21.401	101.115	1A02BS		set finding nothing	lcop_selection_set_tree/Architecture/BLD-AR-Ramps		lcop_selection_set_tree/Architecture/BLD-AR-Ramps   asks for "Ramps" and NO MODEL IN THIS PROJECT CARRIES IT, and nothing the models carry is close to it
09:49:21.402	101.115	1A02BS		set finding nothing	lcop_selection_set_tree/Architecture/BLD-AR-Roofs		lcop_selection_set_tree/Architecture/BLD-AR-Roofs   asks for "Roofs" and NO MODEL IN THIS PROJECT CARRIES IT. The nearest the models carry is "Doors", which is a suggestion and not a correction
09:49:21.402	101.116	1A02BS		set finding nothing	lcop_selection_set_tree/Architecture/BLD-AR-Ceilings		lcop_selection_set_tree/Architecture/BLD-AR-Ceilings   asks for "Ceilings", WHICH MODELS IN THIS PROJECT DO CARRY, and still found nothing HERE. Either this group holds no model of that kind, which is ordinary, or something else is wrong, and this reader cannot tell which
09:49:21.403	101.117	1A02BS		set finding nothing	lcop_selection_set_tree/Architecture/BLD-AR-Columns		lcop_selection_set_tree/Architecture/BLD-AR-Columns   asks for "Columns" and NO MODEL IN THIS PROJECT CARRIES IT, and nothing the models carry is close to it
09:49:21.404	101.117	1A02BS		set finding nothing	lcop_selection_set_tree/Architecture/BLD-AR-Windows		lcop_selection_set_tree/Architecture/BLD-AR-Windows   asks for "Windows", WHICH MODELS IN THIS PROJECT DO CARRY, and still found nothing HERE. Either this group holds no model of that kind, which is ordinary, or something else is wrong, and this reader cannot tell which
09:49:21.404	101.118	1A02BS		set finding nothing	lcop_selection_set_tree/Architecture/BLD-AR-Casework		lcop_selection_set_tree/Architecture/BLD-AR-Casework   asks for "Casework" and NO MODEL IN THIS PROJECT CARRIES IT, and nothing the models carry is close to it
09:49:21.405	101.119	1A02BS		set finding nothing	lcop_selection_set_tree/Architecture/BLD-AR-Parking		lcop_selection_set_tree/Architecture/BLD-AR-Parking   asks for "Parking" and NO MODEL IN THIS PROJECT CARRIES IT, and nothing the models carry is close to it
09:49:21.406	101.120	1A02BS		set finding nothing	lcop_selection_set_tree/Architecture/BLD-AR-Railings		lcop_selection_set_tree/Architecture/BLD-AR-Railings   asks for "Railings" and NO MODEL IN THIS PROJECT CARRIES IT. The nearest the models carry is "Ceilings", which is a suggestion and not a correction
09:49:21.407	101.120	1A02BS		set finding nothing	lcop_selection_set_tree/Structure/BLD-ST-Foundation		lcop_selection_set_tree/Structure/BLD-ST-Foundation   asks for "Structural Foundations", WHICH MODELS IN THIS PROJECT DO CARRY, and still found nothing HERE. Either this group holds no model of that kind, which is ordinary, or something else is wrong, and this reader cannot tell which
09:49:21.407	101.121	1A02BS		set finding nothing	lcop_selection_set_tree/Structure/BLD-ST-Columns		lcop_selection_set_tree/Structure/BLD-ST-Columns   asks for "Structural Columns", WHICH MODELS IN THIS PROJECT DO CARRY, and still found nothing HERE. Either this group holds no model of that kind, which is ordinary, or something else is wrong, and this reader cannot tell which
09:49:21.408	101.122	1A02BS		set finding nothing	lcop_selection_set_tree/Structure/BLD-ST-Framing		lcop_selection_set_tree/Structure/BLD-ST-Framing   asks for "Structural Framing", WHICH MODELS IN THIS PROJECT DO CARRY, and still found nothing HERE. Either this group holds no model of that kind, which is ordinary, or something else is wrong, and this reader cannot tell which
09:49:21.409	101.122	1A02BS		set finding nothing	lcop_selection_set_tree/Structure/BLD-ST-Walls		lcop_selection_set_tree/Structure/BLD-ST-Walls   asks for "Walls", WHICH MODELS IN THIS PROJECT DO CARRY, and still found nothing HERE. Either this group holds no model of that kind, which is ordinary, or something else is wrong, and this reader cannot tell which
09:49:21.409	101.123	1A02BS		set finding nothing	lcop_selection_set_tree/Structure/BLD-ST-Floors		lcop_selection_set_tree/Structure/BLD-ST-Floors   asks for "Floors", WHICH MODELS IN THIS PROJECT DO CARRY, and still found nothing HERE. Either this group holds no model of that kind, which is ordinary, or something else is wrong, and this reader cannot tell which
09:49:21.410	101.124	1A02BS		set finding nothing	lcop_selection_set_tree/Structure/BLD-ST-Stair		lcop_selection_set_tree/Structure/BLD-ST-Stair   asks for "Stairs", WHICH MODELS IN THIS PROJECT DO CARRY, and still found nothing HERE. Either this group holds no model of that kind, which is ordinary, or something else is wrong, and this reader cannot tell which
09:49:21.411	101.124	1A02BS		set finding nothing	lcop_selection_set_tree/Mechanical/Mechanical-HVAC/BLD-ME-Ducts&Duct Fittings		lcop_selection_set_tree/Mechanical/Mechanical-HVAC/BLD-ME-Ducts&Duct Fittings   asks for "Ducts", WHICH MODELS IN THIS PROJECT DO CARRY, and still found nothing HERE. Either this group holds no model of that kind, which is ordinary, or something else is wrong, and this reader cannot tell which
09:49:21.412	101.125	1A02BS		set finding nothing	lcop_selection_set_tree/Mechanical/Mechanical-HVAC/BLD-ME-Duct Accessory		lcop_selection_set_tree/Mechanical/Mechanical-HVAC/BLD-ME-Duct Accessory   asks for "Duct Accessories", WHICH MODELS IN THIS PROJECT DO CARRY, and still found nothing HERE. Either this group holds no model of that kind, which is ordinary, or something else is wrong, and this reader cannot tell which
09:49:21.412	101.126	1A02BS		set finding nothing	lcop_selection_set_tree/Mechanical/Mechanical-HVAC/BLD-ME-Mechanical Equipment		lcop_selection_set_tree/Mechanical/Mechanical-HVAC/BLD-ME-Mechanical Equipment   asks for "Mechanical Equipment", WHICH MODELS IN THIS PROJECT DO CARRY, and still found nothing HERE. Either this group holds no model of that kind, which is ordinary, or something else is wrong, and this reader cannot tell which
09:49:21.413	101.127	1A02BS		set finding nothing	lcop_selection_set_tree/Mechanical/Mechanical-HVAC/BLD-ME-Flex Ducts		lcop_selection_set_tree/Mechanical/Mechanical-HVAC/BLD-ME-Flex Ducts   asks for "Flex Ducts" and NO MODEL IN THIS PROJECT CARRIES IT, and nothing the models carry is close to it
09:49:21.414	101.127	1A02BS		set finding nothing	lcop_selection_set_tree/Mechanical/Mechanical-HVAC/BLD-ME-Air Terminals		lcop_selection_set_tree/Mechanical/Mechanical-HVAC/BLD-ME-Air Terminals   asks for "Air Terminals", WHICH MODELS IN THIS PROJECT DO CARRY, and still found nothing HERE. Either this group holds no model of that kind, which is ordinary, or something else is wrong, and this reader cannot tell which
09:49:21.415	101.128	1A02BS		set finding nothing	lcop_selection_set_tree/Mechanical/Mechanical-HVAC/BLD-ME-Pipes&Pipe Fittings		lcop_selection_set_tree/Mechanical/Mechanical-HVAC/BLD-ME-Pipes&Pipe Fittings   asks for "Pipes", WHICH MODELS IN THIS PROJECT DO CARRY, and still found nothing HERE. Either this group holds no model of that kind, which is ordinary, or something else is wrong, and this reader cannot tell which
09:49:21.415	101.129	1A02BS		set finding nothing	lcop_selection_set_tree/Mechanical/Mechanical-HVAC/BLD-ME-Pipe Accessories		lcop_selection_set_tree/Mechanical/Mechanical-HVAC/BLD-ME-Pipe Accessories   asks for "Pipe Accessories", WHICH MODELS IN THIS PROJECT DO CARRY, and still found nothing HERE. Either this group holds no model of that kind, which is ordinary, or something else is wrong, and this reader cannot tell which
09:49:21.416	101.130	1A02BS		set finding nothing	lcop_selection_set_tree/Mechanical/Mechanical-HVAC/BLD-ME-Plumbing Fixtures		lcop_selection_set_tree/Mechanical/Mechanical-HVAC/BLD-ME-Plumbing Fixtures   asks for "Plumbing Fixtures", WHICH MODELS IN THIS PROJECT DO CARRY, and still found nothing HERE. Either this group holds no model of that kind, which is ordinary, or something else is wrong, and this reader cannot tell which
09:49:21.417	101.131	1A02BS		set finding nothing	lcop_selection_set_tree/Mechanical/Mechanical-HVAC/BLD-ME-Flex Pipes		lcop_selection_set_tree/Mechanical/Mechanical-HVAC/BLD-ME-Flex Pipes   asks for "Flex Pipes", WHICH MODELS IN THIS PROJECT DO CARRY, and still found nothing HERE. Either this group holds no model of that kind, which is ordinary, or something else is wrong, and this reader cannot tell which
09:49:21.417	101.131	1A02BS		set finding nothing	lcop_selection_set_tree/Mechanical/Mechanical-Fire Fighting/BLD-FF-Mechanical Equipment		lcop_selection_set_tree/Mechanical/Mechanical-Fire Fighting/BLD-FF-Mechanical Equipment   asks for "FF-FIRE FIGHTING" and NO MODEL IN THIS PROJECT CARRIES IT, and nothing the models carry is close to it
09:49:21.418	101.132	1A02BS		set finding nothing	lcop_selection_set_tree/Mechanical/Mechanical-Fire Fighting/BLD-FF-Pipes & Pipe Fittings		lcop_selection_set_tree/Mechanical/Mechanical-Fire Fighting/BLD-FF-Pipes & Pipe Fittings   asks for "FP-PIPING" and NO MODEL IN THIS PROJECT CARRIES IT. The nearest the models carry is "ME-Piping", which is a suggestion and not a correction
09:49:21.418	101.132	1A02BS		set finding nothing	lcop_selection_set_tree/Mechanical/Mechanical-Fire Fighting/BLD-FF-Pipe Accessories		lcop_selection_set_tree/Mechanical/Mechanical-Fire Fighting/BLD-FF-Pipe Accessories   asks for "FP-PIPING" and NO MODEL IN THIS PROJECT CARRIES IT. The nearest the models carry is "ME-Piping", which is a suggestion and not a correction
09:49:21.419	101.133	1A02BS		set finding nothing	lcop_selection_set_tree/Mechanical/Mechanical-Fire Fighting/BLD-FF-Pipe Insulations		lcop_selection_set_tree/Mechanical/Mechanical-Fire Fighting/BLD-FF-Pipe Insulations   asks for "Pipe Insulation" and NO MODEL IN THIS PROJECT CARRIES IT, and nothing the models carry is close to it
09:49:21.420	101.134	1A02BS		set finding nothing	lcop_selection_set_tree/Mechanical/Mechanical-Fire Fighting/BLD-FF-Plumbing Fixtures		lcop_selection_set_tree/Mechanical/Mechanical-Fire Fighting/BLD-FF-Plumbing Fixtures   asks for "FF-FIRE FIGHTING" and NO MODEL IN THIS PROJECT CARRIES IT, and nothing the models carry is close to it
09:49:21.420	101.134	1A02BS		set finding nothing	lcop_selection_set_tree/Mechanical/Mechanical-Fire Fighting/BLD-FF-Sprinklers		lcop_selection_set_tree/Mechanical/Mechanical-Fire Fighting/BLD-FF-Sprinklers   asks for "FP-PIPING" and NO MODEL IN THIS PROJECT CARRIES IT. The nearest the models carry is "ME-Piping", which is a suggestion and not a correction
09:49:21.421	101.135	1A02BS		set finding nothing	lcop_selection_set_tree/Mechanical/Mechanical-Water Supply/BLD-PL-Mechanical Equipment		lcop_selection_set_tree/Mechanical/Mechanical-Water Supply/BLD-PL-Mechanical Equipment   asks for "Mechanical Equipment", WHICH MODELS IN THIS PROJECT DO CARRY, and still found nothing HERE. Either this group holds no model of that kind, which is ordinary, or something else is wrong, and this reader cannot tell which
09:49:21.423	101.137	1A02BS		set finding nothing	lcop_selection_set_tree/Mechanical/Mechanical-Water Supply/BLD-PL-Pipes & Pipe Fittings		lcop_selection_set_tree/Mechanical/Mechanical-Water Supply/BLD-PL-Pipes & Pipe Fittings   asks for "Pipes", WHICH MODELS IN THIS PROJECT DO CARRY, and still found nothing HERE. Either this group holds no model of that kind, which is ordinary, or something else is wrong, and this reader cannot tell which
09:49:21.423	101.137	1A02BS		set finding nothing	lcop_selection_set_tree/Mechanical/Mechanical-Water Supply/BLD-PL-Pipe Accessories		lcop_selection_set_tree/Mechanical/Mechanical-Water Supply/BLD-PL-Pipe Accessories   asks for "Pipe Accessories", WHICH MODELS IN THIS PROJECT DO CARRY, and still found nothing HERE. Either this group holds no model of that kind, which is ordinary, or something else is wrong, and this reader cannot tell which
09:49:21.424	101.138	1A02BS		set finding nothing	lcop_selection_set_tree/Mechanical/Mechanical-Water Supply/BLD-PL-Pipe Insulations		lcop_selection_set_tree/Mechanical/Mechanical-Water Supply/BLD-PL-Pipe Insulations   asks for "Pipe Insulation" and NO MODEL IN THIS PROJECT CARRIES IT, and nothing the models carry is close to it
09:49:21.424	101.139	1A02BS		set finding nothing	lcop_selection_set_tree/Mechanical/Mechanical-Water Supply/BLD-PL-Plumbing Fixtures		lcop_selection_set_tree/Mechanical/Mechanical-Water Supply/BLD-PL-Plumbing Fixtures   asks for "Plumbing Fixtures", WHICH MODELS IN THIS PROJECT DO CARRY, and still found nothing HERE. Either this group holds no model of that kind, which is ordinary, or something else is wrong, and this reader cannot tell which
09:49:21.425	101.139	1A02BS		set finding nothing	lcop_selection_set_tree/Mechanical/Mechanical-Drainage/BLD-DR-Mechanical Equipment		lcop_selection_set_tree/Mechanical/Mechanical-Drainage/BLD-DR-Mechanical Equipment   asks for "Mechanical Equipment", WHICH MODELS IN THIS PROJECT DO CARRY, and still found nothing HERE. Either this group holds no model of that kind, which is ordinary, or something else is wrong, and this reader cannot tell which
09:49:21.426	101.140	1A02BS		set finding nothing	lcop_selection_set_tree/Mechanical/Mechanical-Drainage/BLD-DR-Pipes & Pipe Fittings		lcop_selection_set_tree/Mechanical/Mechanical-Drainage/BLD-DR-Pipes & Pipe Fittings   asks for "Pipes", WHICH MODELS IN THIS PROJECT DO CARRY, and still found nothing HERE. Either this group holds no model of that kind, which is ordinary, or something else is wrong, and this reader cannot tell which
09:49:21.426	101.141	1A02BS		set finding nothing	lcop_selection_set_tree/Mechanical/Mechanical-Drainage/BLD-DR-Pipe Accessories		lcop_selection_set_tree/Mechanical/Mechanical-Drainage/BLD-DR-Pipe Accessories   asks for "Pipe Accessories", WHICH MODELS IN THIS PROJECT DO CARRY, and still found nothing HERE. Either this group holds no model of that kind, which is ordinary, or something else is wrong, and this reader cannot tell which
09:49:21.427	101.141	1A02BS		set finding nothing	lcop_selection_set_tree/Mechanical/Mechanical-Drainage/BLD-DR-Pipe Insulations		lcop_selection_set_tree/Mechanical/Mechanical-Drainage/BLD-DR-Pipe Insulations   asks for "Pipe Insulation" and NO MODEL IN THIS PROJECT CARRIES IT, and nothing the models carry is close to it
09:49:21.428	101.142	1A02BS		set finding nothing	lcop_selection_set_tree/Mechanical/Mechanical-Drainage/BLD-DR-Plumbing Fixtures		lcop_selection_set_tree/Mechanical/Mechanical-Drainage/BLD-DR-Plumbing Fixtures   asks for "Plumbing Fixtures", WHICH MODELS IN THIS PROJECT DO CARRY, and still found nothing HERE. Either this group holds no model of that kind, which is ordinary, or something else is wrong, and this reader cannot tell which
09:49:21.428	101.143	1A02BS		set finding nothing	lcop_selection_set_tree/Electrical/BLD-EL-Cable Tray&Cable Tray Fittings		lcop_selection_set_tree/Electrical/BLD-EL-Cable Tray&Cable Tray Fittings   asks for "Cable Tray" and NO MODEL IN THIS PROJECT CARRIES IT. The nearest the models carry is "Cable Trays", which is a suggestion and not a correction
09:49:21.430	101.143	1A02BS		set finding nothing	lcop_selection_set_tree/Electrical/BLD-EL-Devices		lcop_selection_set_tree/Electrical/BLD-EL-Devices   asks for "Devices" and NO MODEL IN THIS PROJECT CARRIES IT, and nothing the models carry is close to it
09:49:21.430	101.144	1A02BS		set finding nothing	lcop_selection_set_tree/Electrical/BLD-EL-Fire Alarm Devices		lcop_selection_set_tree/Electrical/BLD-EL-Fire Alarm Devices   asks for "Fire Alarm Devices", WHICH MODELS IN THIS PROJECT DO CARRY, and still found nothing HERE. Either this group holds no model of that kind, which is ordinary, or something else is wrong, and this reader cannot tell which
09:49:21.431	101.145	1A02BS		set finding nothing	lcop_selection_set_tree/Electrical/BLD-EL-Telecom Equipment		lcop_selection_set_tree/Electrical/BLD-EL-Telecom Equipment   asks for "Telephone Equipment" and NO MODEL IN THIS PROJECT CARRIES IT, and nothing the models carry is close to it
09:49:21.431	101.145	1A02BS		set finding nothing	lcop_selection_set_tree/Electrical/BLD-EL-Telecom Fixtures		lcop_selection_set_tree/Electrical/BLD-EL-Telecom Fixtures   asks for "Telephone Devices" and NO MODEL IN THIS PROJECT CARRIES IT, and nothing the models carry is close to it
09:49:21.432	101.146	1A02BS		set finding nothing	lcop_selection_set_tree/Electrical/BLD-EL-Telephone Devices		lcop_selection_set_tree/Electrical/BLD-EL-Telephone Devices   asks for "Telephone Devices" and NO MODEL IN THIS PROJECT CARRIES IT, and nothing the models carry is close to it
09:49:21.590	101.305	1A02BS	VIEWS	step started	VIEWS	0	
09:49:21.595	101.309	1A02BS	VIEWS	census before	models	6	
09:49:21.596	101.310	1A02BS	VIEWS	census before	sets	61	
09:49:21.596	101.311	1A02BS	VIEWS	census before	tests	105	
09:49:21.597	101.311	1A02BS	VIEWS	census before	results	109	
09:49:21.598	101.312	1A02BS	VIEWS	census before	views	136	
09:49:22.992	102.705	1A02BS		census after	models	6	
09:49:22.992	102.706	1A02BS		census after	sets	61	
09:49:22.993	102.706	1A02BS		census after	tests	105	
09:49:22.993	102.707	1A02BS		census after	results	109	
09:49:22.994	102.708	1A02BS		census after	views	136	
09:49:22.998	102.712	1A02BS		step finished	VIEWS	1.4	0 created, 101 already there.
09:49:23.086	102.800	1A02BS	NWF SAVE	step started	NWF SAVE	0	
09:49:23.090	102.804	1A02BS	NWF SAVE	census before	models	6	
09:49:23.091	102.805	1A02BS	NWF SAVE	census before	sets	61	
09:49:23.092	102.805	1A02BS	NWF SAVE	census before	tests	105	
09:49:23.092	102.806	1A02BS	NWF SAVE	census before	results	109	
09:49:23.093	102.807	1A02BS	NWF SAVE	census before	views	136	
09:49:23.335	103.049	1A02BS	NWF SAVE	written	NWF	1296688	C:\\00-NM\\Federation Task\\C02 + 04\\C02\\NWF\\1104-PAR-1A02BS-ZZZ-BM-MOD-000001.nwf
09:49:23.340	103.054	1A02BS		census after	models	6	
09:49:23.341	103.055	1A02BS		census after	sets	61	
09:49:23.342	103.056	1A02BS		census after	tests	105	
09:49:23.342	103.056	1A02BS		census after	results	109	
09:49:23.344	103.057	1A02BS		census after	views	136	
09:49:23.348	103.061	1A02BS		step finished	NWF SAVE	0.253	saved 1296688 bytes
09:49:23.355	103.069	1A02BS	WORKBOOK	step started	WORKBOOK	0	
09:49:23.359	103.073	1A02BS	WORKBOOK	census before	models	6	
09:49:23.360	103.074	1A02BS	WORKBOOK	census before	sets	61	
09:49:23.361	103.075	1A02BS	WORKBOOK	census before	tests	105	
09:49:23.361	103.075	1A02BS	WORKBOOK	census before	results	109	
09:49:23.362	103.076	1A02BS	WORKBOOK	census before	views	136	
09:49:24.656	104.370	1A02BS	WORKBOOK	written	XLSX	116978	C:\\00-NM\\Federation Task\\C02 + 04\\C02\\Clash Report\\1104-PAR-1A02BS-ZZZ-BM-MOD-000001.xlsx
09:49:24.864	104.578	1A02BS		census after	models	6	
09:49:24.865	104.579	1A02BS		census after	sets	61	
09:49:24.865	104.579	1A02BS		census after	tests	105	
09:49:24.866	104.580	1A02BS		census after	results	109	
09:49:24.867	104.581	1A02BS		census after	views	136	
09:49:24.870	104.584	1A02BS		step finished	WORKBOOK	1.508	wrote 116978 bytes
09:49:24.874	104.588	1A02BS	HTML	step started	HTML	0	
09:49:24.878	104.592	1A02BS	HTML	census before	models	6	
09:49:24.879	104.593	1A02BS	HTML	census before	sets	61	
09:49:24.879	104.593	1A02BS	HTML	census before	tests	105	
09:49:24.880	104.594	1A02BS	HTML	census before	results	109	
09:49:24.882	104.595	1A02BS	HTML	census before	views	136	
09:49:25.016	104.729	1A02BS	HTML	written	HTML	3972854	C:\\00-NM\\Federation Task\\C02 + 04\\C02\\Clash Report\\1104-PAR-1A02BS-ZZZ-BM-MOD-000001.html
09:49:25.221	104.935	1A02BS		census after	models	6	
09:49:25.222	104.936	1A02BS		census after	sets	61	
09:49:25.223	104.936	1A02BS		census after	tests	105	
09:49:25.223	104.937	1A02BS		census after	results	109	
09:49:25.224	104.938	1A02BS		census after	views	136	
09:49:25.228	104.942	1A02BS		step finished	HTML	0.346	wrote 3972854 bytes
09:49:25.234	104.948	1A02BS	NWD	step started	NWD	0	
09:49:25.239	104.953	1A02BS	NWD	census before	models	6	
09:49:25.239	104.953	1A02BS	NWD	census before	sets	61	
09:49:25.240	104.954	1A02BS	NWD	census before	tests	105	
09:49:25.241	104.955	1A02BS	NWD	census before	results	109	
09:49:25.242	104.955	1A02BS	NWD	census before	views	136	
09:49:25.592	105.306	1A02BS	NWD	written	NWD	2781922	C:\\00-NM\\Federation Task\\C02 + 04\\C02\\NWD\\1104-PAR-1A02BS-ZZZ-BM-MOD-000001.nwd
09:49:25.596	105.310	1A02BS		census after	models	6	
09:49:25.597	105.311	1A02BS		census after	sets	61	
09:49:25.597	105.312	1A02BS		census after	tests	105	
09:49:25.598	105.312	1A02BS		census after	results	109	
09:49:25.599	105.313	1A02BS		census after	views	136	
09:49:25.603	105.317	1A02BS		step finished	NWD	0.361	published 2781922 bytes
09:49:25.606	105.320	1A02BS	CONFIRM	step started	CONFIRM	0	
09:49:25.611	105.324	1A02BS	CONFIRM	census before	models	6	
09:49:25.612	105.325	1A02BS	CONFIRM	census before	sets	61	
09:49:25.612	105.326	1A02BS	CONFIRM	census before	tests	105	
09:49:25.613	105.327	1A02BS	CONFIRM	census before	results	109	
09:49:25.613	105.327	1A02BS	CONFIRM	census before	views	136	
09:49:25.646	105.360	1A02BS		census after	models	6	
09:49:25.646	105.360	1A02BS		census after	sets	61	
09:49:25.647	105.361	1A02BS		census after	tests	105	
09:49:25.647	105.362	1A02BS		census after	results	109	
09:49:25.649	105.363	1A02BS		census after	views	136	
09:49:25.653	105.367	1A02BS		step finished	CONFIRM	0.039	the NWF is 1296688 bytes
09:49:25.691	105.405	1A02BS		gap	Family	218	it would belong in a workbook column of ours, which is Q25
09:49:25.692	105.405	1A02BS		gap	Type Name	218	it would belong in a workbook column of ours, which is Q25
09:49:25.692	105.406	1A02BS		gap	Material	192	it would belong in a workbook column of ours, which is Q25
09:49:25.692	105.407	1A02BS		gap	Id From	218	the ITEM IDS block counts it per property and no output names it per item
09:49:25.703	105.417	1A02BS		step total	TESTS RUN	22.064	
09:49:25.703	105.418	1A02BS		step total	HARVEST	5.508	
09:49:25.704	105.418	1A02BS		step total	IMAGES	2.658	
09:49:25.711	105.425			group finished	1A02BS	37.872	DONE Weekly run plus XML
09:49:25.783	105.497			timing	TESTS RUN	22.064	105 visits
09:49:25.784	105.498			timing	HARVEST	5.508	105 visits
09:49:25.785	105.498			timing	WORKBOOK	1.508	1 visits
09:49:25.785	105.499			timing	VIEWS	1.4	1 visits
09:49:25.786	105.499			timing	DECIDE	0.809	1 visits
09:49:25.787	105.500			timing	NWD	0.361	1 visits
09:49:25.787	105.501			timing	HTML	0.346	1 visits
09:49:25.788	105.501			timing	NWF SAVE	0.253	1 visits
09:49:25.789	105.502			timing	SETS	0.241	1 visits
09:49:25.789	105.503			timing	CONFIRM	0.039	1 visits
09:49:25.790	105.503			timing	UNITS	0.03	1 visits
09:49:25.790	105.504			timing nested	IMAGES	2.658	109 visits
09:49:25.860	105.574	1A02MM	DECIDE	step started	DECIDE	0	
09:49:25.865	105.578	1A02MM	DECIDE	census before	models	0	
09:49:25.865	105.579	1A02MM	DECIDE	census before	sets	0	
09:49:25.866	105.580	1A02MM	DECIDE	census before	tests	0	
09:49:25.867	105.581	1A02MM	DECIDE	census before	results	0	
09:49:25.868	105.581	1A02MM	DECIDE	census before	views	0	
09:49:27.788	107.502	1A02MM		census after	models	4	
09:49:27.790	107.503	1A02MM		census after	sets	62	
09:49:27.791	107.504	1A02MM		census after	tests	1830	
09:49:27.791	107.505	1A02MM		census after	results	568	
09:49:27.792	107.506	1A02MM		census after	views	551	
09:49:27.796	107.510	1A02MM		step finished	DECIDE	1.924	Weekly run plus XML
09:49:27.810	107.523	1A02MM	UNITS	step started	UNITS	0	
09:49:27.820	107.534	1A02MM	UNITS	census before	models	4	
09:49:27.821	107.535	1A02MM	UNITS	census before	sets	62	
09:49:27.821	107.536	1A02MM	UNITS	census before	tests	1830	
09:49:27.822	107.536	1A02MM	UNITS	census before	results	568	
09:49:27.825	107.539	1A02MM	UNITS	census before	views	551	
09:49:27.876	107.590	1A02MM		census after	models	4	
09:49:27.882	107.595	1A02MM		census after	sets	62	
09:49:27.883	107.596	1A02MM		census after	tests	1830	
09:49:27.884	107.598	1A02MM		census after	results	568	
09:49:27.886	107.599	1A02MM		census after	views	551	
09:49:27.891	107.604	1A02MM		step finished	UNITS	0.043	the document was asked for Meters
09:49:27.939	107.654	1A02MM		model placement	1104-PAR-1A02MM-ZZZ-AR-MOD-000001.nwc	-155	SWLS-02-SharedCoordinate
09:49:27.941	107.655	1A02MM		model placement	1104-PAR-1A02MM-ZZZ-EL-MOD-000001.nwc	-60	LTB2
09:49:27.942	107.656	1A02MM		model placement	1104-PAR-1A02MM-ZZZ-ME-MOD-000001.nwc	-150	PW3_Shared_Location
09:49:27.942	107.657	1A02MM		model placement	1104-PAR-1A02MM-ZZZ-ST-MOD-000001.nwc	-77.5	Internal
09:49:28.039	107.752	1A02MM		model export	1104-PAR-1A02MM-ZZZ-AR-MOD-000001.nwc	86	2 workset(s), element id 100%
09:49:28.039	107.753	1A02MM		model export	1104-PAR-1A02MM-ZZZ-EL-MOD-000001.nwc	308	9 workset(s), element id 100%
09:49:28.040	107.754	1A02MM		model export	1104-PAR-1A02MM-ZZZ-ME-MOD-000001.nwc	236	6 workset(s), element id 100%
09:49:28.041	107.754	1A02MM		model export	1104-PAR-1A02MM-ZZZ-ST-MOD-000001.nwc	53	2 workset(s), element id 100%
09:49:28.047	107.761	1A02MM	SETS	step started	SETS	0	
09:49:28.056	107.769	1A02MM	SETS	census before	models	4	
09:49:28.057	107.770	1A02MM	SETS	census before	sets	62	
09:49:28.057	107.771	1A02MM	SETS	census before	tests	1830	
09:49:28.058	107.771	1A02MM	SETS	census before	results	568	
09:49:28.059	107.772	1A02MM	SETS	census before	views	551	
09:49:28.578	108.292	1A02MM		census after	models	4	
09:49:28.580	108.293	1A02MM		census after	sets	61	
09:49:28.580	108.294	1A02MM		census after	tests	1830	
09:49:28.581	108.294	1A02MM		census after	results	568	
09:49:28.581	108.295	1A02MM		census after	views	551	
09:49:28.586	108.299	1A02MM		step finished	SETS	0.521	0 created, 61 already there, 0 finding items, 0 at zero.
09:49:28.715	108.429	1A02MM	TESTS RUN	step started	TESTS RUN	0	
09:49:28.727	108.441	1A02MM	TESTS RUN	census before	models	4	
09:49:28.728	108.442	1A02MM	TESTS RUN	census before	sets	61	
09:49:28.729	108.442	1A02MM	TESTS RUN	census before	tests	1830	
09:49:28.729	108.443	1A02MM	TESTS RUN	census before	results	568	
09:49:28.730	108.444	1A02MM	TESTS RUN	census before	views	551	
09:49:30.558	110.271	1A02MM		census after	models	4	
09:49:30.558	110.272	1A02MM		census after	sets	61	
09:49:30.559	110.273	1A02MM		census after	tests	1830	
09:49:30.560	110.273	1A02MM		census after	results	568	
09:49:30.560	110.274	1A02MM		census after	views	551	
09:49:30.566	110.280	1A02MM		step finished	TESTS RUN	1.833	BLD-AR-Walls-vs-BLD-AR-Floors
09:49:30.573	110.286	1A02MM	HARVEST	step started	HARVEST	0	
09:49:30.593	110.307	1A02MM	HARVEST	census before	models	4	
09:49:30.594	110.308	1A02MM	HARVEST	census before	sets	61	
09:49:30.595	110.309	1A02MM	HARVEST	census before	tests	1830	
09:49:30.595	110.310	1A02MM	HARVEST	census before	results	568	
09:49:30.597	110.310	1A02MM	HARVEST	census before	views	551	
09:49:30.623	110.337	1A02MM		census after	models	4	
09:49:30.623	110.337	1A02MM		census after	sets	61	
09:49:30.624	110.338	1A02MM		census after	tests	1830	
09:49:30.625	110.339	1A02MM		census after	results	568	
09:49:30.626	110.340	1A02MM		census after	views	551	
09:49:30.630	110.344	1A02MM		step finished	HARVEST	0.045	BLD-AR-Walls-vs-BLD-AR-Floors
09:49:30.631	110.345	1A02MM		rows for the workbook	BLD-AR-Walls-vs-BLD-AR-Floors	0	0 in the document
09:49:30.631	110.345	1A02MM		test passed	BLD-AR-Walls-vs-BLD-AR-Floors	0	ran and found nothing
09:49:32.581	112.295	1A02MM		rows for the workbook	BLD-AR-Doors-vs-BLD-AR-Floors	0	0 in the document
09:49:32.582	112.296	1A02MM		test passed	BLD-AR-Doors-vs-BLD-AR-Floors	0	ran and found nothing
09:49:34.558	114.272	1A02MM	IMAGES	step started	IMAGES	0	
09:49:34.581	114.295	1A02MM	IMAGES	census before	models	4	
09:49:34.582	114.296	1A02MM	IMAGES	census before	sets	61	
09:49:34.583	114.297	1A02MM	IMAGES	census before	tests	1830	
09:49:34.584	114.298	1A02MM	IMAGES	census before	results	568	
09:49:34.585	114.299	1A02MM	IMAGES	census before	views	551	
09:49:34.637	114.352	1A02MM	HARVEST	census after	models	4	
09:49:34.638	114.352	1A02MM	HARVEST	census after	sets	61	
09:49:34.639	114.353	1A02MM	HARVEST	census after	tests	1830	
09:49:34.639	114.354	1A02MM	HARVEST	census after	results	568	
09:49:34.640	114.354	1A02MM	HARVEST	census after	views	551	
09:49:34.645	114.359	1A02MM	HARVEST	step finished	IMAGES	0.073	BLD-AR-Doors-vs-BLD-AR-Walls
09:49:34.901	114.615	1A02MM		rows for the workbook	BLD-AR-Doors-vs-BLD-AR-Walls	13	13 in the document
09:49:34.902	114.616	1A02MM		test found clashes	BLD-AR-Doors-vs-BLD-AR-Walls	13	ran and found clashes
09:49:37.016	116.730	1A02MM		rows for the workbook	BLD-ST-Foundation-vs-BLD-AR-Floors	0	0 in the document
09:49:37.018	116.731	1A02MM		test passed	BLD-ST-Foundation-vs-BLD-AR-Floors	0	ran and found nothing
09:49:38.931	118.644	1A02MM		rows for the workbook	BLD-ST-Foundation-vs-BLD-AR-Walls	0	0 in the document
09:49:38.932	118.646	1A02MM		test passed	BLD-ST-Foundation-vs-BLD-AR-Walls	0	ran and found nothing
09:49:40.802	120.516	1A02MM		rows for the workbook	BLD-ST-Foundation-vs-BLD-AR-Doors	0	0 in the document
09:49:40.803	120.516	1A02MM		test passed	BLD-ST-Foundation-vs-BLD-AR-Doors	0	ran and found nothing
09:49:43.121	122.835	1A02MM		rows for the workbook	BLD-ST-Columns-vs-BLD-AR-Floors	12	12 in the document
09:49:43.122	122.836	1A02MM		test found clashes	BLD-ST-Columns-vs-BLD-AR-Floors	12	ran and found clashes
09:49:45.004	124.718	1A02MM		rows for the workbook	BLD-ST-Columns-vs-BLD-AR-Walls	0	0 in the document
09:49:45.004	124.718	1A02MM		test passed	BLD-ST-Columns-vs-BLD-AR-Walls	0	ran and found nothing
09:49:46.879	126.593	1A02MM		rows for the workbook	BLD-ST-Columns-vs-BLD-AR-Doors	0	0 in the document
09:49:46.880	126.594	1A02MM		test passed	BLD-ST-Columns-vs-BLD-AR-Doors	0	ran and found nothing
09:49:49.174	128.888	1A02MM		rows for the workbook	BLD-ST-Columns-vs-BLD-ST-Foundation	9	9 in the document
09:49:49.175	128.889	1A02MM		test found clashes	BLD-ST-Columns-vs-BLD-ST-Foundation	9	ran and found clashes
09:49:51.070	130.785	1A02MM		rows for the workbook	BLD-ST-Framing-vs-BLD-AR-Floors	0	0 in the document
09:49:51.072	130.785	1A02MM		test passed	BLD-ST-Framing-vs-BLD-AR-Floors	0	ran and found nothing
09:49:55.595	135.309	1A02MM		rows for the workbook	BLD-ST-Framing-vs-BLD-AR-Walls	65	65 in the document
09:49:55.596	135.310	1A02MM		test found clashes	BLD-ST-Framing-vs-BLD-AR-Walls	65	ran and found clashes
09:49:57.482	137.196	1A02MM		rows for the workbook	BLD-ST-Framing-vs-BLD-AR-Doors	0	0 in the document
09:49:57.484	137.197	1A02MM		test passed	BLD-ST-Framing-vs-BLD-AR-Doors	0	ran and found nothing
09:49:59.378	139.092	1A02MM		rows for the workbook	BLD-ST-Framing-vs-BLD-ST-Foundation	0	0 in the document
09:49:59.380	139.093	1A02MM		test passed	BLD-ST-Framing-vs-BLD-ST-Foundation	0	ran and found nothing
09:50:01.301	141.015	1A02MM		rows for the workbook	BLD-ST-Framing-vs-BLD-ST-Columns	1	1 in the document
09:50:01.302	141.016	1A02MM		test found clashes	BLD-ST-Framing-vs-BLD-ST-Columns	1	ran and found clashes
09:50:03.175	142.889	1A02MM		rows for the workbook	BLD-ST-Walls-vs-BLD-AR-Floors	0	0 in the document
09:50:03.177	142.890	1A02MM		test passed	BLD-ST-Walls-vs-BLD-AR-Floors	0	ran and found nothing
09:50:05.399	145.113	1A02MM		rows for the workbook	BLD-ST-Walls-vs-BLD-AR-Walls	8	8 in the document
09:50:05.400	145.114	1A02MM		test found clashes	BLD-ST-Walls-vs-BLD-AR-Walls	8	ran and found clashes
09:50:07.253	146.967	1A02MM		rows for the workbook	BLD-ST-Walls-vs-BLD-AR-Doors	0	0 in the document
09:50:07.254	146.968	1A02MM		test passed	BLD-ST-Walls-vs-BLD-AR-Doors	0	ran and found nothing
09:50:09.118	148.832	1A02MM		rows for the workbook	BLD-ST-Walls-vs-BLD-ST-Foundation	0	0 in the document
09:50:09.119	148.833	1A02MM		test passed	BLD-ST-Walls-vs-BLD-ST-Foundation	0	ran and found nothing
09:50:10.970	150.684	1A02MM		rows for the workbook	BLD-ST-Walls-vs-BLD-ST-Columns	0	0 in the document
09:50:10.972	150.686	1A02MM		test passed	BLD-ST-Walls-vs-BLD-ST-Columns	0	ran and found nothing
09:50:12.867	152.581	1A02MM		rows for the workbook	BLD-ST-Walls-vs-BLD-ST-Framing	0	0 in the document
09:50:12.869	152.583	1A02MM		test passed	BLD-ST-Walls-vs-BLD-ST-Framing	0	ran and found nothing
09:50:14.768	154.481	1A02MM		rows for the workbook	BLD-ST-Floors-vs-BLD-AR-Floors	0	0 in the document
09:50:14.769	154.483	1A02MM		test passed	BLD-ST-Floors-vs-BLD-AR-Floors	0	ran and found nothing
09:50:18.229	157.944	1A02MM		rows for the workbook	BLD-ST-Floors-vs-BLD-AR-Walls	38	38 in the document
09:50:18.230	157.945	1A02MM		test found clashes	BLD-ST-Floors-vs-BLD-AR-Walls	38	ran and found clashes
09:50:20.112	159.827	1A02MM		rows for the workbook	BLD-ST-Floors-vs-BLD-AR-Doors	0	0 in the document
09:50:20.113	159.827	1A02MM		test passed	BLD-ST-Floors-vs-BLD-AR-Doors	0	ran and found nothing
09:50:22.019	161.733	1A02MM		rows for the workbook	BLD-ST-Floors-vs-BLD-ST-Foundation	0	0 in the document
09:50:22.030	161.743	1A02MM		test passed	BLD-ST-Floors-vs-BLD-ST-Foundation	0	ran and found nothing
09:50:24.136	163.850	1A02MM		rows for the workbook	BLD-ST-Floors-vs-BLD-ST-Columns	9	9 in the document
09:50:24.137	163.851	1A02MM		test found clashes	BLD-ST-Floors-vs-BLD-ST-Columns	9	ran and found clashes
09:50:26.165	165.878	1A02MM		rows for the workbook	BLD-ST-Floors-vs-BLD-ST-Framing	0	0 in the document
09:50:26.178	165.891	1A02MM		test passed	BLD-ST-Floors-vs-BLD-ST-Framing	0	ran and found nothing
09:50:28.270	167.983	1A02MM		rows for the workbook	BLD-ST-Floors-vs-BLD-ST-Walls	0	0 in the document
09:50:28.275	167.989	1A02MM		test passed	BLD-ST-Floors-vs-BLD-ST-Walls	0	ran and found nothing
09:50:30.555	170.268	1A02MM		rows for the workbook	BLD-ME-Ducts&Duct Fittings-vs-BLD-AR-Floors	2	2 in the document
09:50:30.556	170.269	1A02MM		test found clashes	BLD-ME-Ducts&Duct Fittings-vs-BLD-AR-Floors	2	ran and found clashes
09:50:33.252	172.966	1A02MM		rows for the workbook	BLD-ME-Ducts&Duct Fittings-vs-BLD-AR-Walls	21	21 in the document
09:50:33.252	172.967	1A02MM		test found clashes	BLD-ME-Ducts&Duct Fittings-vs-BLD-AR-Walls	21	ran and found clashes
09:50:35.179	174.893	1A02MM		rows for the workbook	BLD-ME-Ducts&Duct Fittings-vs-BLD-AR-Doors	0	0 in the document
09:50:35.181	174.894	1A02MM		test passed	BLD-ME-Ducts&Duct Fittings-vs-BLD-AR-Doors	0	ran and found nothing
09:50:37.117	176.830	1A02MM		rows for the workbook	BLD-ME-Ducts&Duct Fittings-vs-BLD-ST-Foundation	0	0 in the document
09:50:37.119	176.832	1A02MM		test passed	BLD-ME-Ducts&Duct Fittings-vs-BLD-ST-Foundation	0	ran and found nothing
09:50:39.049	178.763	1A02MM		rows for the workbook	BLD-ME-Ducts&Duct Fittings-vs-BLD-ST-Columns	0	0 in the document
09:50:39.051	178.765	1A02MM		test passed	BLD-ME-Ducts&Duct Fittings-vs-BLD-ST-Columns	0	ran and found nothing
09:50:41.180	180.894	1A02MM		rows for the workbook	BLD-ME-Ducts&Duct Fittings-vs-BLD-ST-Framing	5	5 in the document
09:50:41.181	180.894	1A02MM		test found clashes	BLD-ME-Ducts&Duct Fittings-vs-BLD-ST-Framing	5	ran and found clashes
09:50:43.080	182.794	1A02MM		rows for the workbook	BLD-ME-Ducts&Duct Fittings-vs-BLD-ST-Walls	0	0 in the document
09:50:43.081	182.794	1A02MM		test passed	BLD-ME-Ducts&Duct Fittings-vs-BLD-ST-Walls	0	ran and found nothing
09:50:45.144	184.859	1A02MM		rows for the workbook	BLD-ME-Ducts&Duct Fittings-vs-BLD-ST-Floors	3	3 in the document
09:50:45.145	184.860	1A02MM		test found clashes	BLD-ME-Ducts&Duct Fittings-vs-BLD-ST-Floors	3	ran and found clashes
09:50:47.064	186.777	1A02MM		rows for the workbook	BLD-ME-Duct Accessory-vs-BLD-AR-Floors	0	0 in the document
09:50:47.064	186.778	1A02MM		test passed	BLD-ME-Duct Accessory-vs-BLD-AR-Floors	0	ran and found nothing
09:50:49.051	188.765	1A02MM		rows for the workbook	BLD-ME-Duct Accessory-vs-BLD-AR-Walls	0	0 in the document
09:50:49.053	188.766	1A02MM		test passed	BLD-ME-Duct Accessory-vs-BLD-AR-Walls	0	ran and found nothing
09:50:51.003	190.717	1A02MM		rows for the workbook	BLD-ME-Duct Accessory-vs-BLD-AR-Doors	0	0 in the document
09:50:51.004	190.718	1A02MM		test passed	BLD-ME-Duct Accessory-vs-BLD-AR-Doors	0	ran and found nothing
09:50:52.956	192.670	1A02MM		rows for the workbook	BLD-ME-Duct Accessory-vs-BLD-ST-Foundation	0	0 in the document
09:50:52.957	192.671	1A02MM		test passed	BLD-ME-Duct Accessory-vs-BLD-ST-Foundation	0	ran and found nothing
09:50:54.895	194.609	1A02MM		rows for the workbook	BLD-ME-Duct Accessory-vs-BLD-ST-Columns	0	0 in the document
09:50:54.896	194.610	1A02MM		test passed	BLD-ME-Duct Accessory-vs-BLD-ST-Columns	0	ran and found nothing
09:50:56.812	196.526	1A02MM		rows for the workbook	BLD-ME-Duct Accessory-vs-BLD-ST-Framing	0	0 in the document
09:50:56.812	196.527	1A02MM		test passed	BLD-ME-Duct Accessory-vs-BLD-ST-Framing	0	ran and found nothing
09:50:58.735	198.450	1A02MM		rows for the workbook	BLD-ME-Duct Accessory-vs-BLD-ST-Walls	0	0 in the document
09:50:58.737	198.451	1A02MM		test passed	BLD-ME-Duct Accessory-vs-BLD-ST-Walls	0	ran and found nothing
09:51:00.687	200.401	1A02MM		rows for the workbook	BLD-ME-Duct Accessory-vs-BLD-ST-Floors	0	0 in the document
09:51:00.688	200.402	1A02MM		test passed	BLD-ME-Duct Accessory-vs-BLD-ST-Floors	0	ran and found nothing
09:51:03.040	202.754	1A02MM		rows for the workbook	BLD-ME-Duct Accessory-vs-BLD-ME-Ducts&Duct Fittings	9	9 in the document
09:51:03.053	202.767	1A02MM		test found clashes	BLD-ME-Duct Accessory-vs-BLD-ME-Ducts&Duct Fittings	9	ran and found clashes
09:51:05.375	205.088	1A02MM		rows for the workbook	BLD-ME-Mechanical Equipment-vs-BLD-AR-Floors	0	0 in the document
09:51:05.389	205.102	1A02MM		test passed	BLD-ME-Mechanical Equipment-vs-BLD-AR-Floors	0	ran and found nothing
09:51:07.350	207.063	1A02MM		rows for the workbook	BLD-ME-Mechanical Equipment-vs-BLD-AR-Walls	0	0 in the document
09:51:07.351	207.065	1A02MM		test passed	BLD-ME-Mechanical Equipment-vs-BLD-AR-Walls	0	ran and found nothing
09:51:09.235	208.949	1A02MM		rows for the workbook	BLD-ME-Mechanical Equipment-vs-BLD-AR-Doors	0	0 in the document
09:51:09.237	208.951	1A02MM		test passed	BLD-ME-Mechanical Equipment-vs-BLD-AR-Doors	0	ran and found nothing
09:51:11.112	210.825	1A02MM		rows for the workbook	BLD-ME-Mechanical Equipment-vs-BLD-ST-Foundation	0	0 in the document
09:51:11.113	210.826	1A02MM		test passed	BLD-ME-Mechanical Equipment-vs-BLD-ST-Foundation	0	ran and found nothing
09:51:13.036	212.750	1A02MM		rows for the workbook	BLD-ME-Mechanical Equipment-vs-BLD-ST-Columns	0	0 in the document
09:51:13.037	212.751	1A02MM		test passed	BLD-ME-Mechanical Equipment-vs-BLD-ST-Columns	0	ran and found nothing
09:51:14.926	214.639	1A02MM		rows for the workbook	BLD-ME-Mechanical Equipment-vs-BLD-ST-Framing	0	0 in the document
09:51:14.927	214.640	1A02MM		test passed	BLD-ME-Mechanical Equipment-vs-BLD-ST-Framing	0	ran and found nothing
09:51:16.799	216.514	1A02MM		rows for the workbook	BLD-ME-Mechanical Equipment-vs-BLD-ST-Walls	0	0 in the document
09:51:16.801	216.514	1A02MM		test passed	BLD-ME-Mechanical Equipment-vs-BLD-ST-Walls	0	ran and found nothing
09:51:18.704	218.417	1A02MM		rows for the workbook	BLD-ME-Mechanical Equipment-vs-BLD-ST-Floors	0	0 in the document
09:51:18.705	218.418	1A02MM		test passed	BLD-ME-Mechanical Equipment-vs-BLD-ST-Floors	0	ran and found nothing
09:51:20.607	220.321	1A02MM		rows for the workbook	BLD-ME-Mechanical Equipment-vs-BLD-ME-Ducts&Duct Fittings	2	2 in the document
09:51:20.607	220.322	1A02MM		test found clashes	BLD-ME-Mechanical Equipment-vs-BLD-ME-Ducts&Duct Fittings	2	ran and found clashes
09:51:22.486	222.200	1A02MM		rows for the workbook	BLD-ME-Mechanical Equipment-vs-BLD-ME-Duct Accessory	0	0 in the document
09:51:22.487	222.201	1A02MM		test passed	BLD-ME-Mechanical Equipment-vs-BLD-ME-Duct Accessory	0	ran and found nothing
09:51:27.530	227.244	1A02MM		rows for the workbook	BLD-DR-Pipes & Pipe Fittings-vs-BLD-AR-Floors	6	6 in the document
09:51:27.531	227.245	1A02MM		test found clashes	BLD-DR-Pipes & Pipe Fittings-vs-BLD-AR-Floors	6	ran and found clashes
09:51:29.769	229.483	1A02MM		rows for the workbook	BLD-DR-Pipes & Pipe Fittings-vs-BLD-AR-Walls	7	7 in the document
09:51:29.769	229.484	1A02MM		test found clashes	BLD-DR-Pipes & Pipe Fittings-vs-BLD-AR-Walls	7	ran and found clashes
09:51:31.645	231.359	1A02MM		rows for the workbook	BLD-DR-Pipes & Pipe Fittings-vs-BLD-AR-Doors	0	0 in the document
09:51:31.646	231.360	1A02MM		test passed	BLD-DR-Pipes & Pipe Fittings-vs-BLD-AR-Doors	0	ran and found nothing
09:51:33.557	233.271	1A02MM		rows for the workbook	BLD-DR-Pipes & Pipe Fittings-vs-BLD-ST-Foundation	0	0 in the document
09:51:33.558	233.272	1A02MM		test passed	BLD-DR-Pipes & Pipe Fittings-vs-BLD-ST-Foundation	0	ran and found nothing
09:51:35.408	235.122	1A02MM		rows for the workbook	BLD-DR-Pipes & Pipe Fittings-vs-BLD-ST-Columns	0	0 in the document
09:51:35.442	235.156	1A02MM		test passed	BLD-DR-Pipes & Pipe Fittings-vs-BLD-ST-Columns	0	ran and found nothing
09:51:37.588	237.302	1A02MM		rows for the workbook	BLD-DR-Pipes & Pipe Fittings-vs-BLD-ST-Framing	6	6 in the document
09:51:37.589	237.303	1A02MM		test found clashes	BLD-DR-Pipes & Pipe Fittings-vs-BLD-ST-Framing	6	ran and found clashes
09:51:39.478	239.192	1A02MM		rows for the workbook	BLD-DR-Pipes & Pipe Fittings-vs-BLD-ST-Walls	0	0 in the document
09:51:39.479	239.193	1A02MM		test passed	BLD-DR-Pipes & Pipe Fittings-vs-BLD-ST-Walls	0	ran and found nothing
09:51:41.399	241.113	1A02MM		rows for the workbook	BLD-DR-Pipes & Pipe Fittings-vs-BLD-ST-Floors	1	1 in the document
09:51:41.401	241.114	1A02MM		test found clashes	BLD-DR-Pipes & Pipe Fittings-vs-BLD-ST-Floors	1	ran and found clashes
09:51:43.251	242.965	1A02MM		rows for the workbook	BLD-DR-Pipes & Pipe Fittings-vs-BLD-ME-Ducts&Duct Fittings	0	0 in the document
09:51:43.252	242.966	1A02MM		test passed	BLD-DR-Pipes & Pipe Fittings-vs-BLD-ME-Ducts&Duct Fittings	0	ran and found nothing
09:51:45.113	244.827	1A02MM		rows for the workbook	BLD-DR-Pipes & Pipe Fittings-vs-BLD-ME-Duct Accessory	0	0 in the document
09:51:45.126	244.840	1A02MM		test passed	BLD-DR-Pipes & Pipe Fittings-vs-BLD-ME-Duct Accessory	0	ran and found nothing
09:51:47.223	246.936	1A02MM		rows for the workbook	BLD-DR-Pipes & Pipe Fittings-vs-BLD-ME-Mechanical Equipment	0	0 in the document
09:51:47.224	246.938	1A02MM		test passed	BLD-DR-Pipes & Pipe Fittings-vs-BLD-ME-Mechanical Equipment	0	ran and found nothing
09:51:50.219	249.933	1A02MM		rows for the workbook	BLD-DR-Plumbing Fixtures-vs-BLD-AR-Floors	2	2 in the document
09:51:50.220	249.934	1A02MM		test found clashes	BLD-DR-Plumbing Fixtures-vs-BLD-AR-Floors	2	ran and found clashes
09:51:52.156	251.870	1A02MM		rows for the workbook	BLD-DR-Plumbing Fixtures-vs-BLD-AR-Walls	0	0 in the document
09:51:52.157	251.871	1A02MM		test passed	BLD-DR-Plumbing Fixtures-vs-BLD-AR-Walls	0	ran and found nothing
09:51:54.034	253.748	1A02MM		rows for the workbook	BLD-DR-Plumbing Fixtures-vs-BLD-AR-Doors	0	0 in the document
09:51:54.035	253.749	1A02MM		test passed	BLD-DR-Plumbing Fixtures-vs-BLD-AR-Doors	0	ran and found nothing
09:51:55.924	255.638	1A02MM		rows for the workbook	BLD-DR-Plumbing Fixtures-vs-BLD-ST-Foundation	0	0 in the document
09:51:55.924	255.638	1A02MM		test passed	BLD-DR-Plumbing Fixtures-vs-BLD-ST-Foundation	0	ran and found nothing
09:51:57.849	257.563	1A02MM		rows for the workbook	BLD-DR-Plumbing Fixtures-vs-BLD-ST-Columns	0	0 in the document
09:51:57.850	257.563	1A02MM		test passed	BLD-DR-Plumbing Fixtures-vs-BLD-ST-Columns	0	ran and found nothing
09:51:59.735	259.449	1A02MM		rows for the workbook	BLD-DR-Plumbing Fixtures-vs-BLD-ST-Framing	0	0 in the document
09:51:59.736	259.450	1A02MM		test passed	BLD-DR-Plumbing Fixtures-vs-BLD-ST-Framing	0	ran and found nothing
09:52:01.631	261.346	1A02MM		rows for the workbook	BLD-DR-Plumbing Fixtures-vs-BLD-ST-Walls	0	0 in the document
09:52:01.634	261.348	1A02MM		test passed	BLD-DR-Plumbing Fixtures-vs-BLD-ST-Walls	0	ran and found nothing
09:52:03.517	263.231	1A02MM		rows for the workbook	BLD-DR-Plumbing Fixtures-vs-BLD-ST-Floors	0	0 in the document
09:52:03.519	263.233	1A02MM		test passed	BLD-DR-Plumbing Fixtures-vs-BLD-ST-Floors	0	ran and found nothing
09:52:05.365	265.078	1A02MM		rows for the workbook	BLD-DR-Plumbing Fixtures-vs-BLD-ME-Ducts&Duct Fittings	0	0 in the document
09:52:05.366	265.079	1A02MM		test passed	BLD-DR-Plumbing Fixtures-vs-BLD-ME-Ducts&Duct Fittings	0	ran and found nothing
09:52:07.234	266.948	1A02MM		rows for the workbook	BLD-DR-Plumbing Fixtures-vs-BLD-ME-Duct Accessory	0	0 in the document
09:52:07.236	266.950	1A02MM		test passed	BLD-DR-Plumbing Fixtures-vs-BLD-ME-Duct Accessory	0	ran and found nothing
09:52:09.079	268.793	1A02MM		rows for the workbook	BLD-DR-Plumbing Fixtures-vs-BLD-ME-Mechanical Equipment	0	0 in the document
09:52:09.080	268.794	1A02MM		test passed	BLD-DR-Plumbing Fixtures-vs-BLD-ME-Mechanical Equipment	0	ran and found nothing
09:52:11.136	270.850	1A02MM		rows for the workbook	BLD-DR-Plumbing Fixtures-vs-BLD-DR-Pipes & Pipe Fittings	2	2 in the document
09:52:11.136	270.851	1A02MM		test found clashes	BLD-DR-Plumbing Fixtures-vs-BLD-DR-Pipes & Pipe Fittings	2	ran and found clashes
09:52:13.215	272.929	1A02MM		rows for the workbook	BLD-EL-Cable Tray&Cable Tray Fittings-vs-BLD-AR-Floors	7	7 in the document
09:52:13.216	272.930	1A02MM		test found clashes	BLD-EL-Cable Tray&Cable Tray Fittings-vs-BLD-AR-Floors	7	ran and found clashes
09:52:15.670	275.384	1A02MM		rows for the workbook	BLD-EL-Cable Tray&Cable Tray Fittings-vs-BLD-AR-Walls	23	23 in the document
09:52:15.671	275.385	1A02MM		test found clashes	BLD-EL-Cable Tray&Cable Tray Fittings-vs-BLD-AR-Walls	23	ran and found clashes
09:52:17.582	277.296	1A02MM		rows for the workbook	BLD-EL-Cable Tray&Cable Tray Fittings-vs-BLD-AR-Doors	0	0 in the document
09:52:17.583	277.298	1A02MM		test passed	BLD-EL-Cable Tray&Cable Tray Fittings-vs-BLD-AR-Doors	0	ran and found nothing
09:52:19.545	279.259	1A02MM		rows for the workbook	BLD-EL-Cable Tray&Cable Tray Fittings-vs-BLD-ST-Foundation	0	0 in the document
09:52:19.546	279.260	1A02MM		test passed	BLD-EL-Cable Tray&Cable Tray Fittings-vs-BLD-ST-Foundation	0	ran and found nothing
09:52:21.407	281.121	1A02MM		rows for the workbook	BLD-EL-Cable Tray&Cable Tray Fittings-vs-BLD-ST-Columns	0	0 in the document
09:52:21.408	281.122	1A02MM		test passed	BLD-EL-Cable Tray&Cable Tray Fittings-vs-BLD-ST-Columns	0	ran and found nothing
09:52:23.370	283.084	1A02MM		rows for the workbook	BLD-EL-Cable Tray&Cable Tray Fittings-vs-BLD-ST-Framing	2	2 in the document
09:52:23.371	283.085	1A02MM		test found clashes	BLD-EL-Cable Tray&Cable Tray Fittings-vs-BLD-ST-Framing	2	ran and found clashes
09:52:25.267	284.980	1A02MM		rows for the workbook	BLD-EL-Cable Tray&Cable Tray Fittings-vs-BLD-ST-Walls	0	0 in the document
09:52:25.268	284.982	1A02MM		test passed	BLD-EL-Cable Tray&Cable Tray Fittings-vs-BLD-ST-Walls	0	ran and found nothing
09:52:27.158	286.872	1A02MM		rows for the workbook	BLD-EL-Cable Tray&Cable Tray Fittings-vs-BLD-ST-Floors	3	3 in the document
09:52:27.159	286.873	1A02MM		test found clashes	BLD-EL-Cable Tray&Cable Tray Fittings-vs-BLD-ST-Floors	3	ran and found clashes
09:52:29.020	288.733	1A02MM		rows for the workbook	BLD-EL-Cable Tray&Cable Tray Fittings-vs-BLD-ME-Ducts&Duct Fittings	0	0 in the document
09:52:29.021	288.734	1A02MM		test passed	BLD-EL-Cable Tray&Cable Tray Fittings-vs-BLD-ME-Ducts&Duct Fittings	0	ran and found nothing
09:52:30.899	290.613	1A02MM		rows for the workbook	BLD-EL-Cable Tray&Cable Tray Fittings-vs-BLD-ME-Duct Accessory	0	0 in the document
09:52:30.900	290.613	1A02MM		test passed	BLD-EL-Cable Tray&Cable Tray Fittings-vs-BLD-ME-Duct Accessory	0	ran and found nothing
09:52:32.751	292.465	1A02MM		rows for the workbook	BLD-EL-Cable Tray&Cable Tray Fittings-vs-BLD-ME-Mechanical Equipment	0	0 in the document
09:52:32.753	292.466	1A02MM		test passed	BLD-EL-Cable Tray&Cable Tray Fittings-vs-BLD-ME-Mechanical Equipment	0	ran and found nothing
09:52:34.970	294.684	1A02MM		rows for the workbook	BLD-EL-Cable Tray&Cable Tray Fittings-vs-BLD-DR-Pipes & Pipe Fittings	0	0 in the document
09:52:34.985	294.699	1A02MM		test passed	BLD-EL-Cable Tray&Cable Tray Fittings-vs-BLD-DR-Pipes & Pipe Fittings	0	ran and found nothing
09:52:36.985	296.699	1A02MM		rows for the workbook	BLD-EL-Cable Tray&Cable Tray Fittings-vs-BLD-DR-Plumbing Fixtures	0	0 in the document
09:52:36.998	296.712	1A02MM		test passed	BLD-EL-Cable Tray&Cable Tray Fittings-vs-BLD-DR-Plumbing Fixtures	0	ran and found nothing
09:52:39.962	299.676	1A02MM		rows for the workbook	BLD-EL-Electrical Equipment-vs-BLD-AR-Floors	27	27 in the document
09:52:39.964	299.677	1A02MM		test found clashes	BLD-EL-Electrical Equipment-vs-BLD-AR-Floors	27	ran and found clashes
09:52:42.213	301.927	1A02MM		rows for the workbook	BLD-EL-Electrical Equipment-vs-BLD-AR-Walls	8	8 in the document
09:52:42.214	301.928	1A02MM		test found clashes	BLD-EL-Electrical Equipment-vs-BLD-AR-Walls	8	ran and found clashes
09:52:44.086	303.800	1A02MM		rows for the workbook	BLD-EL-Electrical Equipment-vs-BLD-AR-Doors	0	0 in the document
09:52:44.088	303.801	1A02MM		test passed	BLD-EL-Electrical Equipment-vs-BLD-AR-Doors	0	ran and found nothing
09:52:45.985	305.699	1A02MM		rows for the workbook	BLD-EL-Electrical Equipment-vs-BLD-ST-Foundation	0	0 in the document
09:52:45.986	305.700	1A02MM		test passed	BLD-EL-Electrical Equipment-vs-BLD-ST-Foundation	0	ran and found nothing
09:52:47.845	307.558	1A02MM		rows for the workbook	BLD-EL-Electrical Equipment-vs-BLD-ST-Columns	0	0 in the document
09:52:47.845	307.559	1A02MM		test passed	BLD-EL-Electrical Equipment-vs-BLD-ST-Columns	0	ran and found nothing
09:52:49.839	309.552	1A02MM		rows for the workbook	BLD-EL-Electrical Equipment-vs-BLD-ST-Framing	1	1 in the document
09:52:49.840	309.553	1A02MM		test found clashes	BLD-EL-Electrical Equipment-vs-BLD-ST-Framing	1	ran and found clashes
09:52:51.751	311.464	1A02MM		rows for the workbook	BLD-EL-Electrical Equipment-vs-BLD-ST-Walls	0	0 in the document
09:52:51.752	311.466	1A02MM		test passed	BLD-EL-Electrical Equipment-vs-BLD-ST-Walls	0	ran and found nothing
09:52:54.215	313.928	1A02MM		rows for the workbook	BLD-EL-Electrical Equipment-vs-BLD-ST-Floors	15	15 in the document
09:52:54.216	313.929	1A02MM		test found clashes	BLD-EL-Electrical Equipment-vs-BLD-ST-Floors	15	ran and found clashes
09:52:56.069	315.783	1A02MM		rows for the workbook	BLD-EL-Electrical Equipment-vs-BLD-ME-Ducts&Duct Fittings	0	0 in the document
09:52:56.071	315.785	1A02MM		test passed	BLD-EL-Electrical Equipment-vs-BLD-ME-Ducts&Duct Fittings	0	ran and found nothing
09:52:57.940	317.654	1A02MM		rows for the workbook	BLD-EL-Electrical Equipment-vs-BLD-ME-Duct Accessory	0	0 in the document
09:52:57.941	317.655	1A02MM		test passed	BLD-EL-Electrical Equipment-vs-BLD-ME-Duct Accessory	0	ran and found nothing
09:52:59.801	319.515	1A02MM		rows for the workbook	BLD-EL-Electrical Equipment-vs-BLD-ME-Mechanical Equipment	0	0 in the document
09:52:59.804	319.517	1A02MM		test passed	BLD-EL-Electrical Equipment-vs-BLD-ME-Mechanical Equipment	0	ran and found nothing
09:53:01.781	321.496	1A02MM		rows for the workbook	BLD-EL-Electrical Equipment-vs-BLD-DR-Pipes & Pipe Fittings	0	0 in the document
09:53:01.782	321.497	1A02MM		test passed	BLD-EL-Electrical Equipment-vs-BLD-DR-Pipes & Pipe Fittings	0	ran and found nothing
09:53:03.665	323.379	1A02MM		rows for the workbook	BLD-EL-Electrical Equipment-vs-BLD-DR-Plumbing Fixtures	0	0 in the document
09:53:03.665	323.379	1A02MM		test passed	BLD-EL-Electrical Equipment-vs-BLD-DR-Plumbing Fixtures	0	ran and found nothing
09:53:05.536	325.250	1A02MM		rows for the workbook	BLD-EL-Electrical Equipment-vs-BLD-EL-Cable Tray&Cable Tray Fittings	1	1 in the document
09:53:05.537	325.251	1A02MM		test found clashes	BLD-EL-Electrical Equipment-vs-BLD-EL-Cable Tray&Cable Tray Fittings	1	ran and found clashes
09:53:07.659	327.373	1A02MM		rows for the workbook	BLD-EL-Electrical Fixtures-vs-BLD-AR-Floors	2	2 in the document
09:53:07.673	327.386	1A02MM		test found clashes	BLD-EL-Electrical Fixtures-vs-BLD-AR-Floors	2	ran and found clashes
09:53:10.676	330.390	1A02MM		rows for the workbook	BLD-EL-Electrical Fixtures-vs-BLD-AR-Walls	19	19 in the document
09:53:10.692	330.406	1A02MM		test found clashes	BLD-EL-Electrical Fixtures-vs-BLD-AR-Walls	19	ran and found clashes
09:53:12.657	332.371	1A02MM		rows for the workbook	BLD-EL-Electrical Fixtures-vs-BLD-AR-Doors	0	0 in the document
09:53:12.658	332.372	1A02MM		test passed	BLD-EL-Electrical Fixtures-vs-BLD-AR-Doors	0	ran and found nothing
09:53:14.585	334.299	1A02MM		rows for the workbook	BLD-EL-Electrical Fixtures-vs-BLD-ST-Foundation	0	0 in the document
09:53:14.587	334.301	1A02MM		test passed	BLD-EL-Electrical Fixtures-vs-BLD-ST-Foundation	0	ran and found nothing
09:53:16.471	336.185	1A02MM		rows for the workbook	BLD-EL-Electrical Fixtures-vs-BLD-ST-Columns	0	0 in the document
09:53:16.472	336.186	1A02MM		test passed	BLD-EL-Electrical Fixtures-vs-BLD-ST-Columns	0	ran and found nothing
09:53:18.345	338.059	1A02MM		rows for the workbook	BLD-EL-Electrical Fixtures-vs-BLD-ST-Framing	0	0 in the document
09:53:18.346	338.059	1A02MM		test passed	BLD-EL-Electrical Fixtures-vs-BLD-ST-Framing	0	ran and found nothing
09:53:20.259	339.973	1A02MM		rows for the workbook	BLD-EL-Electrical Fixtures-vs-BLD-ST-Walls	0	0 in the document
09:53:20.260	339.974	1A02MM		test passed	BLD-EL-Electrical Fixtures-vs-BLD-ST-Walls	0	ran and found nothing
09:53:22.097	341.810	1A02MM		rows for the workbook	BLD-EL-Electrical Fixtures-vs-BLD-ST-Floors	2	2 in the document
09:53:22.098	341.811	1A02MM		test found clashes	BLD-EL-Electrical Fixtures-vs-BLD-ST-Floors	2	ran and found clashes
09:53:23.976	343.691	1A02MM		rows for the workbook	BLD-EL-Electrical Fixtures-vs-BLD-ME-Ducts&Duct Fittings	0	0 in the document
09:53:23.978	343.691	1A02MM		test passed	BLD-EL-Electrical Fixtures-vs-BLD-ME-Ducts&Duct Fittings	0	ran and found nothing
09:53:25.829	345.544	1A02MM		rows for the workbook	BLD-EL-Electrical Fixtures-vs-BLD-ME-Duct Accessory	0	0 in the document
09:53:25.830	345.544	1A02MM		test passed	BLD-EL-Electrical Fixtures-vs-BLD-ME-Duct Accessory	0	ran and found nothing
09:53:27.704	347.418	1A02MM		rows for the workbook	BLD-EL-Electrical Fixtures-vs-BLD-ME-Mechanical Equipment	0	0 in the document
09:53:27.705	347.419	1A02MM		test passed	BLD-EL-Electrical Fixtures-vs-BLD-ME-Mechanical Equipment	0	ran and found nothing
09:53:29.681	349.395	1A02MM		rows for the workbook	BLD-EL-Electrical Fixtures-vs-BLD-DR-Pipes & Pipe Fittings	0	0 in the document
09:53:29.682	349.396	1A02MM		test passed	BLD-EL-Electrical Fixtures-vs-BLD-DR-Pipes & Pipe Fittings	0	ran and found nothing
09:53:31.532	351.246	1A02MM		rows for the workbook	BLD-EL-Electrical Fixtures-vs-BLD-DR-Plumbing Fixtures	0	0 in the document
09:53:31.533	351.247	1A02MM		test passed	BLD-EL-Electrical Fixtures-vs-BLD-DR-Plumbing Fixtures	0	ran and found nothing
09:53:33.392	353.106	1A02MM		rows for the workbook	BLD-EL-Electrical Fixtures-vs-BLD-EL-Cable Tray&Cable Tray Fittings	2	2 in the document
09:53:33.394	353.107	1A02MM		test found clashes	BLD-EL-Electrical Fixtures-vs-BLD-EL-Cable Tray&Cable Tray Fittings	2	ran and found clashes
09:53:35.267	354.981	1A02MM		rows for the workbook	BLD-EL-Electrical Fixtures-vs-BLD-EL-Electrical Equipment	0	0 in the document
09:53:35.268	354.982	1A02MM		test passed	BLD-EL-Electrical Fixtures-vs-BLD-EL-Electrical Equipment	0	ran and found nothing
09:53:37.271	356.985	1A02MM		rows for the workbook	BLD-EL-Conduits & Conduit Fittings-vs-BLD-AR-Floors	4	4 in the document
09:53:37.272	356.986	1A02MM		test found clashes	BLD-EL-Conduits & Conduit Fittings-vs-BLD-AR-Floors	4	ran and found clashes
09:53:40.189	359.903	1A02MM		rows for the workbook	BLD-EL-Conduits & Conduit Fittings-vs-BLD-AR-Walls	38	38 in the document
09:53:40.189	359.904	1A02MM		test found clashes	BLD-EL-Conduits & Conduit Fittings-vs-BLD-AR-Walls	38	ran and found clashes
09:53:42.048	361.762	1A02MM		rows for the workbook	BLD-EL-Conduits & Conduit Fittings-vs-BLD-AR-Doors	0	0 in the document
09:53:42.049	361.763	1A02MM		test passed	BLD-EL-Conduits & Conduit Fittings-vs-BLD-AR-Doors	0	ran and found nothing
09:53:44.043	363.756	1A02MM		rows for the workbook	BLD-EL-Conduits & Conduit Fittings-vs-BLD-ST-Foundation	2	2 in the document
09:53:44.044	363.757	1A02MM		test found clashes	BLD-EL-Conduits & Conduit Fittings-vs-BLD-ST-Foundation	2	ran and found clashes
09:53:46.232	365.945	1A02MM		rows for the workbook	BLD-EL-Conduits & Conduit Fittings-vs-BLD-ST-Columns	20	20 in the document
09:53:46.233	365.946	1A02MM		test found clashes	BLD-EL-Conduits & Conduit Fittings-vs-BLD-ST-Columns	20	ran and found clashes
09:53:49.036	368.750	1A02MM		rows for the workbook	BLD-EL-Conduits & Conduit Fittings-vs-BLD-ST-Framing	25	25 in the document
09:53:49.037	368.751	1A02MM		test found clashes	BLD-EL-Conduits & Conduit Fittings-vs-BLD-ST-Framing	25	ran and found clashes
09:53:51.068	370.781	1A02MM		rows for the workbook	BLD-EL-Conduits & Conduit Fittings-vs-BLD-ST-Walls	2	2 in the document
09:53:51.069	370.783	1A02MM		test found clashes	BLD-EL-Conduits & Conduit Fittings-vs-BLD-ST-Walls	2	ran and found clashes
09:53:53.057	372.771	1A02MM		rows for the workbook	BLD-EL-Conduits & Conduit Fittings-vs-BLD-ST-Floors	12	12 in the document
09:53:53.058	372.772	1A02MM		test found clashes	BLD-EL-Conduits & Conduit Fittings-vs-BLD-ST-Floors	12	ran and found clashes
09:53:54.952	374.666	1A02MM		rows for the workbook	BLD-EL-Conduits & Conduit Fittings-vs-BLD-ME-Ducts&Duct Fittings	0	0 in the document
09:53:54.953	374.667	1A02MM		test passed	BLD-EL-Conduits & Conduit Fittings-vs-BLD-ME-Ducts&Duct Fittings	0	ran and found nothing
09:53:56.845	376.558	1A02MM		rows for the workbook	BLD-EL-Conduits & Conduit Fittings-vs-BLD-ME-Duct Accessory	0	0 in the document
09:53:56.845	376.559	1A02MM		test passed	BLD-EL-Conduits & Conduit Fittings-vs-BLD-ME-Duct Accessory	0	ran and found nothing
09:53:58.725	378.438	1A02MM		rows for the workbook	BLD-EL-Conduits & Conduit Fittings-vs-BLD-ME-Mechanical Equipment	0	0 in the document
09:53:58.726	378.439	1A02MM		test passed	BLD-EL-Conduits & Conduit Fittings-vs-BLD-ME-Mechanical Equipment	0	ran and found nothing
09:54:00.733	380.446	1A02MM		rows for the workbook	BLD-EL-Conduits & Conduit Fittings-vs-BLD-DR-Pipes & Pipe Fittings	0	0 in the document
09:54:00.734	380.448	1A02MM		test passed	BLD-EL-Conduits & Conduit Fittings-vs-BLD-DR-Pipes & Pipe Fittings	0	ran and found nothing
09:54:02.597	382.311	1A02MM		rows for the workbook	BLD-EL-Conduits & Conduit Fittings-vs-BLD-DR-Plumbing Fixtures	0	0 in the document
09:54:02.600	382.314	1A02MM		test passed	BLD-EL-Conduits & Conduit Fittings-vs-BLD-DR-Plumbing Fixtures	0	ran and found nothing
09:54:04.473	384.186	1A02MM		rows for the workbook	BLD-EL-Conduits & Conduit Fittings-vs-BLD-EL-Cable Tray&Cable Tray Fittings	0	0 in the document
09:54:04.474	384.187	1A02MM		test passed	BLD-EL-Conduits & Conduit Fittings-vs-BLD-EL-Cable Tray&Cable Tray Fittings	0	ran and found nothing
09:54:06.534	386.249	1A02MM		rows for the workbook	BLD-EL-Conduits & Conduit Fittings-vs-BLD-EL-Electrical Equipment	8	8 in the document
09:54:06.535	386.249	1A02MM		test found clashes	BLD-EL-Conduits & Conduit Fittings-vs-BLD-EL-Electrical Equipment	8	ran and found clashes
09:54:08.409	388.123	1A02MM		rows for the workbook	BLD-EL-Conduits & Conduit Fittings-vs-BLD-EL-Electrical Fixtures	1	1 in the document
09:54:08.410	388.124	1A02MM		test found clashes	BLD-EL-Conduits & Conduit Fittings-vs-BLD-EL-Electrical Fixtures	1	ran and found clashes
09:54:10.578	390.292	1A02MM		rows for the workbook	BLD-EL-Lighting Fixtures-vs-BLD-AR-Floors	0	0 in the document
09:54:10.580	390.293	1A02MM		test passed	BLD-EL-Lighting Fixtures-vs-BLD-AR-Floors	0	ran and found nothing
09:54:12.724	392.438	1A02MM		rows for the workbook	BLD-EL-Lighting Fixtures-vs-BLD-AR-Walls	5	5 in the document
09:54:12.726	392.440	1A02MM		test found clashes	BLD-EL-Lighting Fixtures-vs-BLD-AR-Walls	5	ran and found clashes
09:54:14.933	394.647	1A02MM		rows for the workbook	BLD-EL-Lighting Fixtures-vs-BLD-AR-Doors	0	0 in the document
09:54:14.945	394.659	1A02MM		test passed	BLD-EL-Lighting Fixtures-vs-BLD-AR-Doors	0	ran and found nothing
09:54:16.962	396.676	1A02MM		rows for the workbook	BLD-EL-Lighting Fixtures-vs-BLD-ST-Foundation	0	0 in the document
09:54:16.962	396.677	1A02MM		test passed	BLD-EL-Lighting Fixtures-vs-BLD-ST-Foundation	0	ran and found nothing
09:54:18.829	398.542	1A02MM		rows for the workbook	BLD-EL-Lighting Fixtures-vs-BLD-ST-Columns	0	0 in the document
09:54:18.829	398.543	1A02MM		test passed	BLD-EL-Lighting Fixtures-vs-BLD-ST-Columns	0	ran and found nothing
09:54:20.841	400.555	1A02MM		rows for the workbook	BLD-EL-Lighting Fixtures-vs-BLD-ST-Framing	2	2 in the document
09:54:20.842	400.556	1A02MM		test found clashes	BLD-EL-Lighting Fixtures-vs-BLD-ST-Framing	2	ran and found clashes
09:54:22.725	402.440	1A02MM		rows for the workbook	BLD-EL-Lighting Fixtures-vs-BLD-ST-Walls	0	0 in the document
09:54:22.726	402.441	1A02MM		test passed	BLD-EL-Lighting Fixtures-vs-BLD-ST-Walls	0	ran and found nothing
09:54:25.336	405.050	1A02MM		rows for the workbook	BLD-EL-Lighting Fixtures-vs-BLD-ST-Floors	36	36 in the document
09:54:25.337	405.051	1A02MM		test found clashes	BLD-EL-Lighting Fixtures-vs-BLD-ST-Floors	36	ran and found clashes
09:54:27.200	406.914	1A02MM		rows for the workbook	BLD-EL-Lighting Fixtures-vs-BLD-ME-Ducts&Duct Fittings	0	0 in the document
09:54:27.202	406.916	1A02MM		test passed	BLD-EL-Lighting Fixtures-vs-BLD-ME-Ducts&Duct Fittings	0	ran and found nothing
09:54:29.064	408.778	1A02MM		rows for the workbook	BLD-EL-Lighting Fixtures-vs-BLD-ME-Duct Accessory	0	0 in the document
09:54:29.065	408.779	1A02MM		test passed	BLD-EL-Lighting Fixtures-vs-BLD-ME-Duct Accessory	0	ran and found nothing
09:54:30.944	410.657	1A02MM		rows for the workbook	BLD-EL-Lighting Fixtures-vs-BLD-ME-Mechanical Equipment	0	0 in the document
09:54:30.945	410.658	1A02MM		test passed	BLD-EL-Lighting Fixtures-vs-BLD-ME-Mechanical Equipment	0	ran and found nothing
09:54:32.892	412.606	1A02MM		rows for the workbook	BLD-EL-Lighting Fixtures-vs-BLD-DR-Pipes & Pipe Fittings	0	0 in the document
09:54:32.892	412.607	1A02MM		test passed	BLD-EL-Lighting Fixtures-vs-BLD-DR-Pipes & Pipe Fittings	0	ran and found nothing
09:54:34.769	414.482	1A02MM		rows for the workbook	BLD-EL-Lighting Fixtures-vs-BLD-DR-Plumbing Fixtures	0	0 in the document
09:54:34.770	414.483	1A02MM		test passed	BLD-EL-Lighting Fixtures-vs-BLD-DR-Plumbing Fixtures	0	ran and found nothing
09:54:36.613	416.327	1A02MM		rows for the workbook	BLD-EL-Lighting Fixtures-vs-BLD-EL-Cable Tray&Cable Tray Fittings	0	0 in the document
09:54:36.614	416.328	1A02MM		test passed	BLD-EL-Lighting Fixtures-vs-BLD-EL-Cable Tray&Cable Tray Fittings	0	ran and found nothing
09:54:38.487	418.200	1A02MM		rows for the workbook	BLD-EL-Lighting Fixtures-vs-BLD-EL-Electrical Equipment	0	0 in the document
09:54:38.488	418.201	1A02MM		test passed	BLD-EL-Lighting Fixtures-vs-BLD-EL-Electrical Equipment	0	ran and found nothing
09:54:40.344	420.058	1A02MM		rows for the workbook	BLD-EL-Lighting Fixtures-vs-BLD-EL-Electrical Fixtures	0	0 in the document
09:54:40.345	420.059	1A02MM		test passed	BLD-EL-Lighting Fixtures-vs-BLD-EL-Electrical Fixtures	0	ran and found nothing
09:54:42.198	421.912	1A02MM		rows for the workbook	BLD-EL-Lighting Fixtures-vs-BLD-EL-Conduits & Conduit Fittings	0	0 in the document
09:54:42.199	421.913	1A02MM		test passed	BLD-EL-Lighting Fixtures-vs-BLD-EL-Conduits & Conduit Fittings	0	ran and found nothing
09:54:44.068	423.781	1A02MM		rows for the workbook	BLD-EL-Lighting Devices-vs-BLD-AR-Floors	0	0 in the document
09:54:44.070	423.783	1A02MM		test passed	BLD-EL-Lighting Devices-vs-BLD-AR-Floors	0	ran and found nothing
09:54:46.578	426.292	1A02MM		rows for the workbook	BLD-EL-Lighting Devices-vs-BLD-AR-Walls	16	16 in the document
09:54:46.579	426.293	1A02MM		test found clashes	BLD-EL-Lighting Devices-vs-BLD-AR-Walls	16	ran and found clashes
09:54:48.473	428.186	1A02MM		rows for the workbook	BLD-EL-Lighting Devices-vs-BLD-AR-Doors	0	0 in the document
09:54:48.474	428.187	1A02MM		test passed	BLD-EL-Lighting Devices-vs-BLD-AR-Doors	0	ran and found nothing
09:54:50.384	430.097	1A02MM		rows for the workbook	BLD-EL-Lighting Devices-vs-BLD-ST-Foundation	0	0 in the document
09:54:50.386	430.099	1A02MM		test passed	BLD-EL-Lighting Devices-vs-BLD-ST-Foundation	0	ran and found nothing
09:54:52.284	431.998	1A02MM		rows for the workbook	BLD-EL-Lighting Devices-vs-BLD-ST-Columns	0	0 in the document
09:54:52.285	431.999	1A02MM		test passed	BLD-EL-Lighting Devices-vs-BLD-ST-Columns	0	ran and found nothing
09:54:54.209	433.923	1A02MM		rows for the workbook	BLD-EL-Lighting Devices-vs-BLD-ST-Framing	0	0 in the document
09:54:54.210	433.924	1A02MM		test passed	BLD-EL-Lighting Devices-vs-BLD-ST-Framing	0	ran and found nothing
09:54:56.068	435.783	1A02MM		rows for the workbook	BLD-EL-Lighting Devices-vs-BLD-ST-Walls	0	0 in the document
09:54:56.070	435.784	1A02MM		test passed	BLD-EL-Lighting Devices-vs-BLD-ST-Walls	0	ran and found nothing
09:54:57.963	437.677	1A02MM		rows for the workbook	BLD-EL-Lighting Devices-vs-BLD-ST-Floors	0	0 in the document
09:54:57.965	437.678	1A02MM		test passed	BLD-EL-Lighting Devices-vs-BLD-ST-Floors	0	ran and found nothing
09:54:59.833	439.547	1A02MM		rows for the workbook	BLD-EL-Lighting Devices-vs-BLD-ME-Ducts&Duct Fittings	0	0 in the document
09:54:59.835	439.549	1A02MM		test passed	BLD-EL-Lighting Devices-vs-BLD-ME-Ducts&Duct Fittings	0	ran and found nothing
09:55:01.720	441.434	1A02MM		rows for the workbook	BLD-EL-Lighting Devices-vs-BLD-ME-Duct Accessory	0	0 in the document
09:55:01.721	441.435	1A02MM		test passed	BLD-EL-Lighting Devices-vs-BLD-ME-Duct Accessory	0	ran and found nothing
09:55:03.579	443.293	1A02MM		rows for the workbook	BLD-EL-Lighting Devices-vs-BLD-ME-Mechanical Equipment	0	0 in the document
09:55:03.580	443.294	1A02MM		test passed	BLD-EL-Lighting Devices-vs-BLD-ME-Mechanical Equipment	0	ran and found nothing
09:55:05.616	445.329	1A02MM		rows for the workbook	BLD-EL-Lighting Devices-vs-BLD-DR-Pipes & Pipe Fittings	0	0 in the document
09:55:05.617	445.330	1A02MM		test passed	BLD-EL-Lighting Devices-vs-BLD-DR-Pipes & Pipe Fittings	0	ran and found nothing
09:55:07.500	447.215	1A02MM		rows for the workbook	BLD-EL-Lighting Devices-vs-BLD-DR-Plumbing Fixtures	0	0 in the document
09:55:07.503	447.216	1A02MM		test passed	BLD-EL-Lighting Devices-vs-BLD-DR-Plumbing Fixtures	0	ran and found nothing
09:55:09.344	449.057	1A02MM		rows for the workbook	BLD-EL-Lighting Devices-vs-BLD-EL-Cable Tray&Cable Tray Fittings	0	0 in the document
09:55:09.345	449.058	1A02MM		test passed	BLD-EL-Lighting Devices-vs-BLD-EL-Cable Tray&Cable Tray Fittings	0	ran and found nothing
09:55:11.220	450.934	1A02MM		rows for the workbook	BLD-EL-Lighting Devices-vs-BLD-EL-Electrical Equipment	0	0 in the document
09:55:11.221	450.935	1A02MM		test passed	BLD-EL-Lighting Devices-vs-BLD-EL-Electrical Equipment	0	ran and found nothing
09:55:13.112	452.825	1A02MM		rows for the workbook	BLD-EL-Lighting Devices-vs-BLD-EL-Electrical Fixtures	0	0 in the document
09:55:13.113	452.827	1A02MM		test passed	BLD-EL-Lighting Devices-vs-BLD-EL-Electrical Fixtures	0	ran and found nothing
09:55:15.014	454.727	1A02MM		rows for the workbook	BLD-EL-Lighting Devices-vs-BLD-EL-Conduits & Conduit Fittings	0	0 in the document
09:55:15.015	454.728	1A02MM		test passed	BLD-EL-Lighting Devices-vs-BLD-EL-Conduits & Conduit Fittings	0	ran and found nothing
09:55:16.951	456.664	1A02MM		rows for the workbook	BLD-EL-Lighting Devices-vs-BLD-EL-Lighting Fixtures	0	0 in the document
09:55:16.953	456.666	1A02MM		test passed	BLD-EL-Lighting Devices-vs-BLD-EL-Lighting Fixtures	0	ran and found nothing
09:55:18.883	458.597	1A02MM		rows for the workbook	BLD-EL-Fire Alarm Devices-vs-BLD-AR-Floors	0	0 in the document
09:55:18.884	458.598	1A02MM		test passed	BLD-EL-Fire Alarm Devices-vs-BLD-AR-Floors	0	ran and found nothing
09:55:21.086	460.799	1A02MM		rows for the workbook	BLD-EL-Fire Alarm Devices-vs-BLD-AR-Walls	6	6 in the document
09:55:21.087	460.800	1A02MM		test found clashes	BLD-EL-Fire Alarm Devices-vs-BLD-AR-Walls	6	ran and found clashes
09:55:22.977	462.691	1A02MM		rows for the workbook	BLD-EL-Fire Alarm Devices-vs-BLD-AR-Doors	2	2 in the document
09:55:22.978	462.692	1A02MM		test found clashes	BLD-EL-Fire Alarm Devices-vs-BLD-AR-Doors	2	ran and found clashes
09:55:24.887	464.600	1A02MM		rows for the workbook	BLD-EL-Fire Alarm Devices-vs-BLD-ST-Foundation	0	0 in the document
09:55:24.888	464.602	1A02MM		test passed	BLD-EL-Fire Alarm Devices-vs-BLD-ST-Foundation	0	ran and found nothing
09:55:26.769	466.483	1A02MM		rows for the workbook	BLD-EL-Fire Alarm Devices-vs-BLD-ST-Columns	0	0 in the document
09:55:26.771	466.484	1A02MM		test passed	BLD-EL-Fire Alarm Devices-vs-BLD-ST-Columns	0	ran and found nothing
09:55:28.716	468.430	1A02MM		rows for the workbook	BLD-EL-Fire Alarm Devices-vs-BLD-ST-Framing	2	2 in the document
09:55:28.717	468.431	1A02MM		test found clashes	BLD-EL-Fire Alarm Devices-vs-BLD-ST-Framing	2	ran and found clashes
09:55:30.586	470.300	1A02MM		rows for the workbook	BLD-EL-Fire Alarm Devices-vs-BLD-ST-Walls	0	0 in the document
09:55:30.588	470.301	1A02MM		test passed	BLD-EL-Fire Alarm Devices-vs-BLD-ST-Walls	0	ran and found nothing
09:55:32.646	472.360	1A02MM		rows for the workbook	BLD-EL-Fire Alarm Devices-vs-BLD-ST-Floors	5	5 in the document
09:55:32.647	472.361	1A02MM		test found clashes	BLD-EL-Fire Alarm Devices-vs-BLD-ST-Floors	5	ran and found clashes
09:55:34.517	474.231	1A02MM		rows for the workbook	BLD-EL-Fire Alarm Devices-vs-BLD-ME-Ducts&Duct Fittings	0	0 in the document
09:55:34.519	474.233	1A02MM		test passed	BLD-EL-Fire Alarm Devices-vs-BLD-ME-Ducts&Duct Fittings	0	ran and found nothing
09:55:36.397	476.110	1A02MM		rows for the workbook	BLD-EL-Fire Alarm Devices-vs-BLD-ME-Duct Accessory	0	0 in the document
09:55:36.398	476.111	1A02MM		test passed	BLD-EL-Fire Alarm Devices-vs-BLD-ME-Duct Accessory	0	ran and found nothing
09:55:38.285	477.998	1A02MM		rows for the workbook	BLD-EL-Fire Alarm Devices-vs-BLD-ME-Mechanical Equipment	0	0 in the document
09:55:38.288	478.002	1A02MM		test passed	BLD-EL-Fire Alarm Devices-vs-BLD-ME-Mechanical Equipment	0	ran and found nothing
09:55:40.331	480.045	1A02MM		rows for the workbook	BLD-EL-Fire Alarm Devices-vs-BLD-DR-Pipes & Pipe Fittings	0	0 in the document
09:55:40.332	480.046	1A02MM		test passed	BLD-EL-Fire Alarm Devices-vs-BLD-DR-Pipes & Pipe Fittings	0	ran and found nothing
09:55:42.281	481.995	1A02MM		rows for the workbook	BLD-EL-Fire Alarm Devices-vs-BLD-DR-Plumbing Fixtures	0	0 in the document
09:55:42.282	481.996	1A02MM		test passed	BLD-EL-Fire Alarm Devices-vs-BLD-DR-Plumbing Fixtures	0	ran and found nothing
09:55:44.169	483.883	1A02MM		rows for the workbook	BLD-EL-Fire Alarm Devices-vs-BLD-EL-Cable Tray&Cable Tray Fittings	0	0 in the document
09:55:44.170	483.884	1A02MM		test passed	BLD-EL-Fire Alarm Devices-vs-BLD-EL-Cable Tray&Cable Tray Fittings	0	ran and found nothing
09:55:46.047	485.761	1A02MM		rows for the workbook	BLD-EL-Fire Alarm Devices-vs-BLD-EL-Electrical Equipment	0	0 in the document
09:55:46.048	485.762	1A02MM		test passed	BLD-EL-Fire Alarm Devices-vs-BLD-EL-Electrical Equipment	0	ran and found nothing
09:55:47.962	487.676	1A02MM		rows for the workbook	BLD-EL-Fire Alarm Devices-vs-BLD-EL-Electrical Fixtures	0	0 in the document
09:55:47.963	487.677	1A02MM		test passed	BLD-EL-Fire Alarm Devices-vs-BLD-EL-Electrical Fixtures	0	ran and found nothing
09:55:49.912	489.626	1A02MM		rows for the workbook	BLD-EL-Fire Alarm Devices-vs-BLD-EL-Conduits & Conduit Fittings	0	0 in the document
09:55:49.913	489.627	1A02MM		test passed	BLD-EL-Fire Alarm Devices-vs-BLD-EL-Conduits & Conduit Fittings	0	ran and found nothing
09:55:51.819	491.533	1A02MM		rows for the workbook	BLD-EL-Fire Alarm Devices-vs-BLD-EL-Lighting Fixtures	0	0 in the document
09:55:51.821	491.534	1A02MM		test passed	BLD-EL-Fire Alarm Devices-vs-BLD-EL-Lighting Fixtures	0	ran and found nothing
09:55:53.689	493.403	1A02MM		rows for the workbook	BLD-EL-Fire Alarm Devices-vs-BLD-EL-Lighting Devices	0	0 in the document
09:55:53.690	493.404	1A02MM		test passed	BLD-EL-Fire Alarm Devices-vs-BLD-EL-Lighting Devices	0	ran and found nothing
09:55:56.303	496.017	1A02MM		rows for the workbook	BLD-Security Devices-vs-BLD-AR-Floors	0	0 in the document
09:55:56.304	496.018	1A02MM		test passed	BLD-Security Devices-vs-BLD-AR-Floors	0	ran and found nothing
09:55:58.558	498.272	1A02MM		rows for the workbook	BLD-Security Devices-vs-BLD-AR-Walls	11	11 in the document
09:55:58.559	498.273	1A02MM		test found clashes	BLD-Security Devices-vs-BLD-AR-Walls	11	ran and found clashes
09:56:00.507	500.220	1A02MM		rows for the workbook	BLD-Security Devices-vs-BLD-AR-Doors	1	1 in the document
09:56:00.508	500.221	1A02MM		test found clashes	BLD-Security Devices-vs-BLD-AR-Doors	1	ran and found clashes
09:56:02.400	502.114	1A02MM		rows for the workbook	BLD-Security Devices-vs-BLD-ST-Foundation	0	0 in the document
09:56:02.401	502.116	1A02MM		test passed	BLD-Security Devices-vs-BLD-ST-Foundation	0	ran and found nothing
09:56:04.252	503.966	1A02MM		rows for the workbook	BLD-Security Devices-vs-BLD-ST-Columns	0	0 in the document
09:56:04.254	503.968	1A02MM		test passed	BLD-Security Devices-vs-BLD-ST-Columns	0	ran and found nothing
09:56:06.161	505.875	1A02MM		rows for the workbook	BLD-Security Devices-vs-BLD-ST-Framing	1	1 in the document
09:56:06.162	505.875	1A02MM		test found clashes	BLD-Security Devices-vs-BLD-ST-Framing	1	ran and found clashes
09:56:08.034	507.748	1A02MM		rows for the workbook	BLD-Security Devices-vs-BLD-ST-Walls	0	0 in the document
09:56:08.035	507.750	1A02MM		test passed	BLD-Security Devices-vs-BLD-ST-Walls	0	ran and found nothing
09:56:09.895	509.609	1A02MM		rows for the workbook	BLD-Security Devices-vs-BLD-ST-Floors	3	3 in the document
09:56:09.896	509.610	1A02MM		test found clashes	BLD-Security Devices-vs-BLD-ST-Floors	3	ran and found clashes
09:56:11.755	511.469	1A02MM		rows for the workbook	BLD-Security Devices-vs-BLD-ME-Ducts&Duct Fittings	0	0 in the document
09:56:11.756	511.470	1A02MM		test passed	BLD-Security Devices-vs-BLD-ME-Ducts&Duct Fittings	0	ran and found nothing
09:56:13.660	513.374	1A02MM		rows for the workbook	BLD-Security Devices-vs-BLD-ME-Duct Accessory	0	0 in the document
09:56:13.661	513.374	1A02MM		test passed	BLD-Security Devices-vs-BLD-ME-Duct Accessory	0	ran and found nothing
09:56:15.584	515.298	1A02MM		rows for the workbook	BLD-Security Devices-vs-BLD-ME-Mechanical Equipment	0	0 in the document
09:56:15.586	515.300	1A02MM		test passed	BLD-Security Devices-vs-BLD-ME-Mechanical Equipment	0	ran and found nothing
09:56:17.663	517.377	1A02MM		rows for the workbook	BLD-Security Devices-vs-BLD-DR-Pipes & Pipe Fittings	0	0 in the document
09:56:17.664	517.378	1A02MM		test passed	BLD-Security Devices-vs-BLD-DR-Pipes & Pipe Fittings	0	ran and found nothing
09:56:19.536	519.250	1A02MM		rows for the workbook	BLD-Security Devices-vs-BLD-DR-Plumbing Fixtures	0	0 in the document
09:56:19.537	519.251	1A02MM		test passed	BLD-Security Devices-vs-BLD-DR-Plumbing Fixtures	0	ran and found nothing
09:56:21.431	521.145	1A02MM		rows for the workbook	BLD-Security Devices-vs-BLD-EL-Cable Tray&Cable Tray Fittings	0	0 in the document
09:56:21.432	521.146	1A02MM		test passed	BLD-Security Devices-vs-BLD-EL-Cable Tray&Cable Tray Fittings	0	ran and found nothing
09:56:23.303	523.017	1A02MM		rows for the workbook	BLD-Security Devices-vs-BLD-EL-Electrical Equipment	0	0 in the document
09:56:23.304	523.018	1A02MM		test passed	BLD-Security Devices-vs-BLD-EL-Electrical Equipment	0	ran and found nothing
09:56:25.185	524.899	1A02MM		rows for the workbook	BLD-Security Devices-vs-BLD-EL-Electrical Fixtures	0	0 in the document
09:56:25.187	524.901	1A02MM		test passed	BLD-Security Devices-vs-BLD-EL-Electrical Fixtures	0	ran and found nothing
09:56:27.053	526.767	1A02MM		rows for the workbook	BLD-Security Devices-vs-BLD-EL-Conduits & Conduit Fittings	0	0 in the document
09:56:27.054	526.768	1A02MM		test passed	BLD-Security Devices-vs-BLD-EL-Conduits & Conduit Fittings	0	ran and found nothing
09:56:28.933	528.647	1A02MM		rows for the workbook	BLD-Security Devices-vs-BLD-EL-Lighting Fixtures	0	0 in the document
09:56:28.935	528.649	1A02MM		test passed	BLD-Security Devices-vs-BLD-EL-Lighting Fixtures	0	ran and found nothing
09:56:30.843	530.556	1A02MM		rows for the workbook	BLD-Security Devices-vs-BLD-EL-Lighting Devices	1	1 in the document
09:56:30.844	530.557	1A02MM		test found clashes	BLD-Security Devices-vs-BLD-EL-Lighting Devices	1	ran and found clashes
09:56:32.792	532.506	1A02MM		rows for the workbook	BLD-Security Devices-vs-BLD-EL-Fire Alarm Devices	2	2 in the document
09:56:32.793	532.507	1A02MM		test found clashes	BLD-Security Devices-vs-BLD-EL-Fire Alarm Devices	2	ran and found clashes
09:56:34.640	534.354	1A02MM		rows for the workbook	BLD-EL-Communication Devices-vs-BLD-AR-Floors	0	0 in the document
09:56:34.641	534.355	1A02MM		test passed	BLD-EL-Communication Devices-vs-BLD-AR-Floors	0	ran and found nothing
09:56:36.562	536.276	1A02MM		rows for the workbook	BLD-EL-Communication Devices-vs-BLD-AR-Walls	0	0 in the document
09:56:36.564	536.277	1A02MM		test passed	BLD-EL-Communication Devices-vs-BLD-AR-Walls	0	ran and found nothing
09:56:38.406	538.120	1A02MM		rows for the workbook	BLD-EL-Communication Devices-vs-BLD-AR-Doors	0	0 in the document
09:56:38.407	538.120	1A02MM		test passed	BLD-EL-Communication Devices-vs-BLD-AR-Doors	0	ran and found nothing
09:56:40.303	540.017	1A02MM		rows for the workbook	BLD-EL-Communication Devices-vs-BLD-ST-Foundation	0	0 in the document
09:56:40.304	540.018	1A02MM		test passed	BLD-EL-Communication Devices-vs-BLD-ST-Foundation	0	ran and found nothing
09:56:42.162	541.876	1A02MM		rows for the workbook	BLD-EL-Communication Devices-vs-BLD-ST-Columns	0	0 in the document
09:56:42.163	541.877	1A02MM		test passed	BLD-EL-Communication Devices-vs-BLD-ST-Columns	0	ran and found nothing
09:56:44.051	543.764	1A02MM		rows for the workbook	BLD-EL-Communication Devices-vs-BLD-ST-Framing	0	0 in the document
09:56:44.052	543.765	1A02MM		test passed	BLD-EL-Communication Devices-vs-BLD-ST-Framing	0	ran and found nothing
09:56:45.918	545.632	1A02MM		rows for the workbook	BLD-EL-Communication Devices-vs-BLD-ST-Walls	0	0 in the document
09:56:45.919	545.633	1A02MM		test passed	BLD-EL-Communication Devices-vs-BLD-ST-Walls	0	ran and found nothing
09:56:47.785	547.499	1A02MM		rows for the workbook	BLD-EL-Communication Devices-vs-BLD-ST-Floors	0	0 in the document
09:56:47.787	547.500	1A02MM		test passed	BLD-EL-Communication Devices-vs-BLD-ST-Floors	0	ran and found nothing
09:56:49.692	549.406	1A02MM		rows for the workbook	BLD-EL-Communication Devices-vs-BLD-ME-Ducts&Duct Fittings	0	0 in the document
09:56:49.694	549.407	1A02MM		test passed	BLD-EL-Communication Devices-vs-BLD-ME-Ducts&Duct Fittings	0	ran and found nothing
09:56:51.587	551.301	1A02MM		rows for the workbook	BLD-EL-Communication Devices-vs-BLD-ME-Duct Accessory	0	0 in the document
09:56:51.588	551.302	1A02MM		test passed	BLD-EL-Communication Devices-vs-BLD-ME-Duct Accessory	0	ran and found nothing
09:56:53.474	553.188	1A02MM		rows for the workbook	BLD-EL-Communication Devices-vs-BLD-ME-Mechanical Equipment	0	0 in the document
09:56:53.476	553.189	1A02MM		test passed	BLD-EL-Communication Devices-vs-BLD-ME-Mechanical Equipment	0	ran and found nothing
09:56:55.477	555.191	1A02MM		rows for the workbook	BLD-EL-Communication Devices-vs-BLD-DR-Pipes & Pipe Fittings	0	0 in the document
09:56:55.479	555.192	1A02MM		test passed	BLD-EL-Communication Devices-vs-BLD-DR-Pipes & Pipe Fittings	0	ran and found nothing
09:56:57.347	557.060	1A02MM		rows for the workbook	BLD-EL-Communication Devices-vs-BLD-DR-Plumbing Fixtures	0	0 in the document
09:56:57.348	557.061	1A02MM		test passed	BLD-EL-Communication Devices-vs-BLD-DR-Plumbing Fixtures	0	ran and found nothing
09:56:59.209	558.923	1A02MM		rows for the workbook	BLD-EL-Communication Devices-vs-BLD-EL-Cable Tray&Cable Tray Fittings	0	0 in the document
09:56:59.210	558.924	1A02MM		test passed	BLD-EL-Communication Devices-vs-BLD-EL-Cable Tray&Cable Tray Fittings	0	ran and found nothing
09:57:01.047	560.761	1A02MM		rows for the workbook	BLD-EL-Communication Devices-vs-BLD-EL-Electrical Equipment	0	0 in the document
09:57:01.048	560.762	1A02MM		test passed	BLD-EL-Communication Devices-vs-BLD-EL-Electrical Equipment	0	ran and found nothing
09:57:02.908	562.622	1A02MM		rows for the workbook	BLD-EL-Communication Devices-vs-BLD-EL-Electrical Fixtures	0	0 in the document
09:57:02.909	562.623	1A02MM		test passed	BLD-EL-Communication Devices-vs-BLD-EL-Electrical Fixtures	0	ran and found nothing
09:57:04.786	564.500	1A02MM		rows for the workbook	BLD-EL-Communication Devices-vs-BLD-EL-Conduits & Conduit Fittings	0	0 in the document
09:57:04.788	564.501	1A02MM		test passed	BLD-EL-Communication Devices-vs-BLD-EL-Conduits & Conduit Fittings	0	ran and found nothing
09:57:06.643	566.357	1A02MM		rows for the workbook	BLD-EL-Communication Devices-vs-BLD-EL-Lighting Fixtures	0	0 in the document
09:57:06.644	566.358	1A02MM		test passed	BLD-EL-Communication Devices-vs-BLD-EL-Lighting Fixtures	0	ran and found nothing
09:57:08.485	568.199	1A02MM		rows for the workbook	BLD-EL-Communication Devices-vs-BLD-EL-Lighting Devices	0	0 in the document
09:57:08.487	568.201	1A02MM		test passed	BLD-EL-Communication Devices-vs-BLD-EL-Lighting Devices	0	ran and found nothing
09:57:10.383	570.097	1A02MM		rows for the workbook	BLD-EL-Communication Devices-vs-BLD-EL-Fire Alarm Devices	0	0 in the document
09:57:10.385	570.099	1A02MM		test passed	BLD-EL-Communication Devices-vs-BLD-EL-Fire Alarm Devices	0	ran and found nothing
09:57:12.284	571.998	1A02MM		rows for the workbook	BLD-EL-Communication Devices-vs-BLD-Security Devices	0	0 in the document
09:57:12.286	572.000	1A02MM		test passed	BLD-EL-Communication Devices-vs-BLD-Security Devices	0	ran and found nothing
09:57:14.682	574.396	1A02MM		rows for the workbook	BLD-EL-Data Devices-vs-BLD-AR-Floors	0	0 in the document
09:57:14.684	574.398	1A02MM		test passed	BLD-EL-Data Devices-vs-BLD-AR-Floors	0	ran and found nothing
09:57:16.807	576.520	1A02MM		rows for the workbook	BLD-EL-Data Devices-vs-BLD-AR-Walls	4	4 in the document
09:57:16.808	576.521	1A02MM		test found clashes	BLD-EL-Data Devices-vs-BLD-AR-Walls	4	ran and found clashes
09:57:18.705	578.419	1A02MM		rows for the workbook	BLD-EL-Data Devices-vs-BLD-AR-Doors	0	0 in the document
09:57:18.706	578.420	1A02MM		test passed	BLD-EL-Data Devices-vs-BLD-AR-Doors	0	ran and found nothing
09:57:20.645	580.359	1A02MM		rows for the workbook	BLD-EL-Data Devices-vs-BLD-ST-Foundation	0	0 in the document
09:57:20.645	580.360	1A02MM		test passed	BLD-EL-Data Devices-vs-BLD-ST-Foundation	0	ran and found nothing
09:57:22.560	582.274	1A02MM		rows for the workbook	BLD-EL-Data Devices-vs-BLD-ST-Columns	0	0 in the document
09:57:22.562	582.275	1A02MM		test passed	BLD-EL-Data Devices-vs-BLD-ST-Columns	0	ran and found nothing
09:57:24.467	584.181	1A02MM		rows for the workbook	BLD-EL-Data Devices-vs-BLD-ST-Framing	0	0 in the document
09:57:24.468	584.183	1A02MM		test passed	BLD-EL-Data Devices-vs-BLD-ST-Framing	0	ran and found nothing
09:57:26.347	586.060	1A02MM		rows for the workbook	BLD-EL-Data Devices-vs-BLD-ST-Walls	0	0 in the document
09:57:26.348	586.061	1A02MM		test passed	BLD-EL-Data Devices-vs-BLD-ST-Walls	0	ran and found nothing
09:57:28.220	587.933	1A02MM		rows for the workbook	BLD-EL-Data Devices-vs-BLD-ST-Floors	0	0 in the document
09:57:28.221	587.934	1A02MM		test passed	BLD-EL-Data Devices-vs-BLD-ST-Floors	0	ran and found nothing
09:57:30.099	589.813	1A02MM		rows for the workbook	BLD-EL-Data Devices-vs-BLD-ME-Ducts&Duct Fittings	0	0 in the document
09:57:30.102	589.815	1A02MM		test passed	BLD-EL-Data Devices-vs-BLD-ME-Ducts&Duct Fittings	0	ran and found nothing
09:57:31.982	591.696	1A02MM		rows for the workbook	BLD-EL-Data Devices-vs-BLD-ME-Duct Accessory	0	0 in the document
09:57:31.983	591.697	1A02MM		test passed	BLD-EL-Data Devices-vs-BLD-ME-Duct Accessory	0	ran and found nothing
09:57:33.868	593.582	1A02MM		rows for the workbook	BLD-EL-Data Devices-vs-BLD-ME-Mechanical Equipment	0	0 in the document
09:57:33.870	593.583	1A02MM		test passed	BLD-EL-Data Devices-vs-BLD-ME-Mechanical Equipment	0	ran and found nothing
09:57:35.869	595.583	1A02MM		rows for the workbook	BLD-EL-Data Devices-vs-BLD-DR-Pipes & Pipe Fittings	0	0 in the document
09:57:35.871	595.584	1A02MM		test passed	BLD-EL-Data Devices-vs-BLD-DR-Pipes & Pipe Fittings	0	ran and found nothing
09:57:37.719	597.433	1A02MM		rows for the workbook	BLD-EL-Data Devices-vs-BLD-DR-Plumbing Fixtures	0	0 in the document
09:57:37.720	597.434	1A02MM		test passed	BLD-EL-Data Devices-vs-BLD-DR-Plumbing Fixtures	0	ran and found nothing
09:57:39.563	599.278	1A02MM		rows for the workbook	BLD-EL-Data Devices-vs-BLD-EL-Cable Tray&Cable Tray Fittings	0	0 in the document
09:57:39.564	599.279	1A02MM		test passed	BLD-EL-Data Devices-vs-BLD-EL-Cable Tray&Cable Tray Fittings	0	ran and found nothing
09:57:41.419	601.133	1A02MM		rows for the workbook	BLD-EL-Data Devices-vs-BLD-EL-Electrical Equipment	0	0 in the document
09:57:41.421	601.134	1A02MM		test passed	BLD-EL-Data Devices-vs-BLD-EL-Electrical Equipment	0	ran and found nothing
09:57:43.320	603.033	1A02MM		rows for the workbook	BLD-EL-Data Devices-vs-BLD-EL-Electrical Fixtures	0	0 in the document
09:57:43.321	603.035	1A02MM		test passed	BLD-EL-Data Devices-vs-BLD-EL-Electrical Fixtures	0	ran and found nothing
09:57:45.174	604.888	1A02MM		rows for the workbook	BLD-EL-Data Devices-vs-BLD-EL-Conduits & Conduit Fittings	0	0 in the document
09:57:45.176	604.889	1A02MM		test passed	BLD-EL-Data Devices-vs-BLD-EL-Conduits & Conduit Fittings	0	ran and found nothing
09:57:47.047	606.760	1A02MM		rows for the workbook	BLD-EL-Data Devices-vs-BLD-EL-Lighting Fixtures	0	0 in the document
09:57:47.048	606.761	1A02MM		test passed	BLD-EL-Data Devices-vs-BLD-EL-Lighting Fixtures	0	ran and found nothing
09:57:48.925	608.638	1A02MM		rows for the workbook	BLD-EL-Data Devices-vs-BLD-EL-Lighting Devices	0	0 in the document
09:57:48.926	608.639	1A02MM		test passed	BLD-EL-Data Devices-vs-BLD-EL-Lighting Devices	0	ran and found nothing
09:57:50.828	610.542	1A02MM		rows for the workbook	BLD-EL-Data Devices-vs-BLD-EL-Fire Alarm Devices	0	0 in the document
09:57:50.829	610.542	1A02MM		test passed	BLD-EL-Data Devices-vs-BLD-EL-Fire Alarm Devices	0	ran and found nothing
09:57:52.735	612.449	1A02MM		rows for the workbook	BLD-EL-Data Devices-vs-BLD-Security Devices	0	0 in the document
09:57:52.737	612.451	1A02MM		test passed	BLD-EL-Data Devices-vs-BLD-Security Devices	0	ran and found nothing
09:57:54.579	614.293	1A02MM		rows for the workbook	BLD-EL-Data Devices-vs-BLD-EL-Communication Devices	0	0 in the document
09:57:54.580	614.294	1A02MM		test passed	BLD-EL-Data Devices-vs-BLD-EL-Communication Devices	0	ran and found nothing
09:57:55.738	615.452	1A02MM		set finding nothing	lcop_selection_set_tree/Architecture/BLD-AR-Stairs		lcop_selection_set_tree/Architecture/BLD-AR-Stairs   asks for "Stairs", WHICH MODELS IN THIS PROJECT DO CARRY, and still found nothing HERE. Either this group holds no model of that kind, which is ordinary, or something else is wrong, and this reader cannot tell which
09:57:55.739	615.453	1A02MM		set finding nothing	lcop_selection_set_tree/Architecture/BLD-AR-Ramps		lcop_selection_set_tree/Architecture/BLD-AR-Ramps   asks for "Ramps" and NO MODEL IN THIS PROJECT CARRIES IT, and nothing the models carry is close to it
09:57:55.740	615.454	1A02MM		set finding nothing	lcop_selection_set_tree/Architecture/BLD-AR-Roofs		lcop_selection_set_tree/Architecture/BLD-AR-Roofs   asks for "Roofs" and NO MODEL IN THIS PROJECT CARRIES IT. The nearest the models carry is "Doors", which is a suggestion and not a correction
09:57:55.740	615.454	1A02MM		set finding nothing	lcop_selection_set_tree/Architecture/BLD-AR-Ceilings		lcop_selection_set_tree/Architecture/BLD-AR-Ceilings   asks for "Ceilings", WHICH MODELS IN THIS PROJECT DO CARRY, and still found nothing HERE. Either this group holds no model of that kind, which is ordinary, or something else is wrong, and this reader cannot tell which
09:57:55.741	615.455	1A02MM		set finding nothing	lcop_selection_set_tree/Architecture/BLD-AR-Columns		lcop_selection_set_tree/Architecture/BLD-AR-Columns   asks for "Columns" and NO MODEL IN THIS PROJECT CARRIES IT, and nothing the models carry is close to it
09:57:55.742	615.456	1A02MM		set finding nothing	lcop_selection_set_tree/Architecture/BLD-AR-Windows		lcop_selection_set_tree/Architecture/BLD-AR-Windows   asks for "Windows", WHICH MODELS IN THIS PROJECT DO CARRY, and still found nothing HERE. Either this group holds no model of that kind, which is ordinary, or something else is wrong, and this reader cannot tell which
09:57:55.742	615.456	1A02MM		set finding nothing	lcop_selection_set_tree/Architecture/BLD-AR-Curtain Panels		lcop_selection_set_tree/Architecture/BLD-AR-Curtain Panels   asks for "Curtain Panels", WHICH MODELS IN THIS PROJECT DO CARRY, and still found nothing HERE. Either this group holds no model of that kind, which is ordinary, or something else is wrong, and this reader cannot tell which
09:57:55.742	615.457	1A02MM		set finding nothing	lcop_selection_set_tree/Architecture/BLD-AR-Curtain Mullions		lcop_selection_set_tree/Architecture/BLD-AR-Curtain Mullions   asks for "Curtain Wall Mullions", WHICH MODELS IN THIS PROJECT DO CARRY, and still found nothing HERE. Either this group holds no model of that kind, which is ordinary, or something else is wrong, and this reader cannot tell which
09:57:55.744	615.458	1A02MM		set finding nothing	lcop_selection_set_tree/Architecture/BLD-AR-Casework		lcop_selection_set_tree/Architecture/BLD-AR-Casework   asks for "Casework" and NO MODEL IN THIS PROJECT CARRIES IT, and nothing the models carry is close to it
09:57:55.745	615.458	1A02MM		set finding nothing	lcop_selection_set_tree/Architecture/BLD-AR-Furniture		lcop_selection_set_tree/Architecture/BLD-AR-Furniture   asks for "Furniture", WHICH MODELS IN THIS PROJECT DO CARRY, and still found nothing HERE. Either this group holds no model of that kind, which is ordinary, or something else is wrong, and this reader cannot tell which
09:57:55.746	615.459	1A02MM		set finding nothing	lcop_selection_set_tree/Architecture/BLD-AR-Parking		lcop_selection_set_tree/Architecture/BLD-AR-Parking   asks for "Parking" and NO MODEL IN THIS PROJECT CARRIES IT, and nothing the models carry is close to it
09:57:55.746	615.460	1A02MM		set finding nothing	lcop_selection_set_tree/Architecture/BLD-AR-Railings		lcop_selection_set_tree/Architecture/BLD-AR-Railings   asks for "Railings" and NO MODEL IN THIS PROJECT CARRIES IT. The nearest the models carry is "Ceilings", which is a suggestion and not a correction
09:57:55.747	615.460	1A02MM		set finding nothing	lcop_selection_set_tree/Architecture/BLD-AR-Site		lcop_selection_set_tree/Architecture/BLD-AR-Site   asks for "Site", WHICH MODELS IN THIS PROJECT DO CARRY, and still found nothing HERE. Either this group holds no model of that kind, which is ordinary, or something else is wrong, and this reader cannot tell which
09:57:55.747	615.461	1A02MM		set finding nothing	lcop_selection_set_tree/Structure/BLD-ST-Stair		lcop_selection_set_tree/Structure/BLD-ST-Stair   asks for "Stairs", WHICH MODELS IN THIS PROJECT DO CARRY, and still found nothing HERE. Either this group holds no model of that kind, which is ordinary, or something else is wrong, and this reader cannot tell which
09:57:55.748	615.461	1A02MM		set finding nothing	lcop_selection_set_tree/Mechanical/Mechanical-HVAC/BLD-ME-Flex Ducts		lcop_selection_set_tree/Mechanical/Mechanical-HVAC/BLD-ME-Flex Ducts   asks for "Flex Ducts" and NO MODEL IN THIS PROJECT CARRIES IT, and nothing the models carry is close to it
09:57:55.749	615.462	1A02MM		set finding nothing	lcop_selection_set_tree/Mechanical/Mechanical-HVAC/BLD-ME-Air Terminals		lcop_selection_set_tree/Mechanical/Mechanical-HVAC/BLD-ME-Air Terminals   asks for "Air Terminals", WHICH MODELS IN THIS PROJECT DO CARRY, and still found nothing HERE. Either this group holds no model of that kind, which is ordinary, or something else is wrong, and this reader cannot tell which
09:57:55.749	615.463	1A02MM		set finding nothing	lcop_selection_set_tree/Mechanical/Mechanical-HVAC/BLD-ME-Pipes&Pipe Fittings		lcop_selection_set_tree/Mechanical/Mechanical-HVAC/BLD-ME-Pipes&Pipe Fittings   asks for "Pipes", WHICH MODELS IN THIS PROJECT DO CARRY, and still found nothing HERE. Either this group holds no model of that kind, which is ordinary, or something else is wrong, and this reader cannot tell which
09:57:55.750	615.463	1A02MM		set finding nothing	lcop_selection_set_tree/Mechanical/Mechanical-HVAC/BLD-ME-Pipe Accessories		lcop_selection_set_tree/Mechanical/Mechanical-HVAC/BLD-ME-Pipe Accessories   asks for "Pipe Accessories", WHICH MODELS IN THIS PROJECT DO CARRY, and still found nothing HERE. Either this group holds no model of that kind, which is ordinary, or something else is wrong, and this reader cannot tell which
09:57:55.750	615.464	1A02MM		set finding nothing	lcop_selection_set_tree/Mechanical/Mechanical-HVAC/BLD-ME-Plumbing Fixtures		lcop_selection_set_tree/Mechanical/Mechanical-HVAC/BLD-ME-Plumbing Fixtures   asks for "Plumbing Fixtures", WHICH MODELS IN THIS PROJECT DO CARRY, and still found nothing HERE. Either this group holds no model of that kind, which is ordinary, or something else is wrong, and this reader cannot tell which
09:57:55.751	615.465	1A02MM		set finding nothing	lcop_selection_set_tree/Mechanical/Mechanical-HVAC/BLD-ME-Flex Pipes		lcop_selection_set_tree/Mechanical/Mechanical-HVAC/BLD-ME-Flex Pipes   asks for "Flex Pipes", WHICH MODELS IN THIS PROJECT DO CARRY, and still found nothing HERE. Either this group holds no model of that kind, which is ordinary, or something else is wrong, and this reader cannot tell which
09:57:55.751	615.465	1A02MM		set finding nothing	lcop_selection_set_tree/Mechanical/Mechanical-Fire Fighting/BLD-FF-Mechanical Equipment		lcop_selection_set_tree/Mechanical/Mechanical-Fire Fighting/BLD-FF-Mechanical Equipment   asks for "FF-FIRE FIGHTING" and NO MODEL IN THIS PROJECT CARRIES IT, and nothing the models carry is close to it
09:57:55.753	615.467	1A02MM		set finding nothing	lcop_selection_set_tree/Mechanical/Mechanical-Fire Fighting/BLD-FF-Pipes & Pipe Fittings		lcop_selection_set_tree/Mechanical/Mechanical-Fire Fighting/BLD-FF-Pipes & Pipe Fittings   asks for "FP-PIPING" and NO MODEL IN THIS PROJECT CARRIES IT. The nearest the models carry is "ME-Piping", which is a suggestion and not a correction
09:57:55.754	615.468	1A02MM		set finding nothing	lcop_selection_set_tree/Mechanical/Mechanical-Fire Fighting/BLD-FF-Pipe Accessories		lcop_selection_set_tree/Mechanical/Mechanical-Fire Fighting/BLD-FF-Pipe Accessories   asks for "FP-PIPING" and NO MODEL IN THIS PROJECT CARRIES IT. The nearest the models carry is "ME-Piping", which is a suggestion and not a correction
09:57:55.755	615.469	1A02MM		set finding nothing	lcop_selection_set_tree/Mechanical/Mechanical-Fire Fighting/BLD-FF-Pipe Insulations		lcop_selection_set_tree/Mechanical/Mechanical-Fire Fighting/BLD-FF-Pipe Insulations   asks for "Pipe Insulation" and NO MODEL IN THIS PROJECT CARRIES IT, and nothing the models carry is close to it
09:57:55.755	615.469	1A02MM		set finding nothing	lcop_selection_set_tree/Mechanical/Mechanical-Fire Fighting/BLD-FF-Plumbing Fixtures		lcop_selection_set_tree/Mechanical/Mechanical-Fire Fighting/BLD-FF-Plumbing Fixtures   asks for "FF-FIRE FIGHTING" and NO MODEL IN THIS PROJECT CARRIES IT, and nothing the models carry is close to it
09:57:55.756	615.470	1A02MM		set finding nothing	lcop_selection_set_tree/Mechanical/Mechanical-Fire Fighting/BLD-FF-Sprinklers		lcop_selection_set_tree/Mechanical/Mechanical-Fire Fighting/BLD-FF-Sprinklers   asks for "FP-PIPING" and NO MODEL IN THIS PROJECT CARRIES IT. The nearest the models carry is "ME-Piping", which is a suggestion and not a correction
09:57:55.757	615.470	1A02MM		set finding nothing	lcop_selection_set_tree/Mechanical/Mechanical-Water Supply/BLD-PL-Mechanical Equipment		lcop_selection_set_tree/Mechanical/Mechanical-Water Supply/BLD-PL-Mechanical Equipment   asks for "Mechanical Equipment", WHICH MODELS IN THIS PROJECT DO CARRY, and still found nothing HERE. Either this group holds no model of that kind, which is ordinary, or something else is wrong, and this reader cannot tell which
09:57:55.757	615.471	1A02MM		set finding nothing	lcop_selection_set_tree/Mechanical/Mechanical-Water Supply/BLD-PL-Pipes & Pipe Fittings		lcop_selection_set_tree/Mechanical/Mechanical-Water Supply/BLD-PL-Pipes & Pipe Fittings   asks for "Pipes", WHICH MODELS IN THIS PROJECT DO CARRY, and still found nothing HERE. Either this group holds no model of that kind, which is ordinary, or something else is wrong, and this reader cannot tell which
09:57:55.758	615.472	1A02MM		set finding nothing	lcop_selection_set_tree/Mechanical/Mechanical-Water Supply/BLD-PL-Pipe Accessories		lcop_selection_set_tree/Mechanical/Mechanical-Water Supply/BLD-PL-Pipe Accessories   asks for "Pipe Accessories", WHICH MODELS IN THIS PROJECT DO CARRY, and still found nothing HERE. Either this group holds no model of that kind, which is ordinary, or something else is wrong, and this reader cannot tell which
09:57:55.758	615.472	1A02MM		set finding nothing	lcop_selection_set_tree/Mechanical/Mechanical-Water Supply/BLD-PL-Pipe Insulations		lcop_selection_set_tree/Mechanical/Mechanical-Water Supply/BLD-PL-Pipe Insulations   asks for "Pipe Insulation" and NO MODEL IN THIS PROJECT CARRIES IT, and nothing the models carry is close to it
09:57:55.759	615.473	1A02MM		set finding nothing	lcop_selection_set_tree/Mechanical/Mechanical-Water Supply/BLD-PL-Plumbing Fixtures		lcop_selection_set_tree/Mechanical/Mechanical-Water Supply/BLD-PL-Plumbing Fixtures   asks for "Plumbing Fixtures", WHICH MODELS IN THIS PROJECT DO CARRY, and still found nothing HERE. Either this group holds no model of that kind, which is ordinary, or something else is wrong, and this reader cannot tell which
09:57:55.760	615.474	1A02MM		set finding nothing	lcop_selection_set_tree/Mechanical/Mechanical-Drainage/BLD-DR-Mechanical Equipment		lcop_selection_set_tree/Mechanical/Mechanical-Drainage/BLD-DR-Mechanical Equipment   asks for "Mechanical Equipment", WHICH MODELS IN THIS PROJECT DO CARRY, and still found nothing HERE. Either this group holds no model of that kind, which is ordinary, or something else is wrong, and this reader cannot tell which
09:57:55.760	615.474	1A02MM		set finding nothing	lcop_selection_set_tree/Mechanical/Mechanical-Drainage/BLD-DR-Pipe Accessories		lcop_selection_set_tree/Mechanical/Mechanical-Drainage/BLD-DR-Pipe Accessories   asks for "Pipe Accessories", WHICH MODELS IN THIS PROJECT DO CARRY, and still found nothing HERE. Either this group holds no model of that kind, which is ordinary, or something else is wrong, and this reader cannot tell which
09:57:55.761	615.475	1A02MM		set finding nothing	lcop_selection_set_tree/Mechanical/Mechanical-Drainage/BLD-DR-Pipe Insulations		lcop_selection_set_tree/Mechanical/Mechanical-Drainage/BLD-DR-Pipe Insulations   asks for "Pipe Insulation" and NO MODEL IN THIS PROJECT CARRIES IT, and nothing the models carry is close to it
09:57:55.762	615.475	1A02MM		set finding nothing	lcop_selection_set_tree/Electrical/BLD-EL-Devices		lcop_selection_set_tree/Electrical/BLD-EL-Devices   asks for "Devices" and NO MODEL IN THIS PROJECT CARRIES IT, and nothing the models carry is close to it
09:57:55.762	615.476	1A02MM		set finding nothing	lcop_selection_set_tree/Electrical/BLD-EL-Telecom Equipment		lcop_selection_set_tree/Electrical/BLD-EL-Telecom Equipment   asks for "Telephone Equipment" and NO MODEL IN THIS PROJECT CARRIES IT, and nothing the models carry is close to it
09:57:55.762	615.477	1A02MM		set finding nothing	lcop_selection_set_tree/Electrical/BLD-EL-Telecom Fixtures		lcop_selection_set_tree/Electrical/BLD-EL-Telecom Fixtures   asks for "Telephone Devices" and NO MODEL IN THIS PROJECT CARRIES IT, and nothing the models carry is close to it
09:57:55.764	615.477	1A02MM		set finding nothing	lcop_selection_set_tree/Electrical/BLD-EL-Telephone Devices		lcop_selection_set_tree/Electrical/BLD-EL-Telephone Devices   asks for "Telephone Devices" and NO MODEL IN THIS PROJECT CARRIES IT, and nothing the models carry is close to it
09:57:56.358	616.071	1A02MM	VIEWS	step started	VIEWS	0	
09:57:56.372	616.086	1A02MM	VIEWS	census before	models	4	
09:57:56.372	616.086	1A02MM	VIEWS	census before	sets	61	
09:57:56.373	616.087	1A02MM	VIEWS	census before	tests	1830	
09:57:56.374	616.088	1A02MM	VIEWS	census before	results	568	
09:57:56.375	616.089	1A02MM	VIEWS	census before	views	551	
09:58:01.334	621.048	1A02MM		census after	models	4	
09:58:01.334	621.049	1A02MM		census after	sets	61	
09:58:01.335	621.049	1A02MM		census after	tests	1830	
09:58:01.336	621.050	1A02MM		census after	results	568	
09:58:01.336	621.051	1A02MM		census after	views	551	
09:58:01.344	621.058	1A02MM		step finished	VIEWS	4.956	0 created, 403 already there.
09:58:01.558	621.271	1A02MM	NWF SAVE	step started	NWF SAVE	0	
09:58:01.568	621.283	1A02MM	NWF SAVE	census before	models	4	
09:58:01.569	621.283	1A02MM	NWF SAVE	census before	sets	61	
09:58:01.571	621.284	1A02MM	NWF SAVE	census before	tests	1830	
09:58:01.571	621.285	1A02MM	NWF SAVE	census before	results	568	
09:58:01.572	621.286	1A02MM	NWF SAVE	census before	views	551	
09:58:03.405	623.119	1A02MM	NWF SAVE	written	NWF	27464957	C:\\00-NM\\Federation Task\\C02 + 04\\C02\\NWF\\1104-PAR-1A02MM-ZZZ-BM-MOD-000001.nwf
09:58:03.417	623.132	1A02MM		census after	models	4	
09:58:03.419	623.133	1A02MM		census after	sets	61	
09:58:03.420	623.134	1A02MM		census after	tests	1830	
09:58:03.421	623.135	1A02MM		census after	results	568	
09:58:03.421	623.135	1A02MM		census after	views	551	
09:58:03.429	623.143	1A02MM		step finished	NWF SAVE	1.855	saved 27464957 bytes
09:58:03.461	623.175	1A02MM	WORKBOOK	step started	WORKBOOK	0	
09:58:03.476	623.190	1A02MM	WORKBOOK	census before	models	4	
09:58:03.477	623.191	1A02MM	WORKBOOK	census before	sets	61	
09:58:03.478	623.192	1A02MM	WORKBOOK	census before	tests	1830	
09:58:03.478	623.192	1A02MM	WORKBOOK	census before	results	568	
09:58:03.479	623.193	1A02MM	WORKBOOK	census before	views	551	
09:58:05.234	624.948	1A02MM	WORKBOOK	written	XLSX	183623	C:\\00-NM\\Federation Task\\C02 + 04\\C02\\Clash Report\\1104-PAR-1A02MM-ZZZ-BM-MOD-000001.xlsx
09:58:05.502	625.217	1A02MM		census after	models	4	
09:58:05.504	625.218	1A02MM		census after	sets	61	
09:58:05.504	625.219	1A02MM		census after	tests	1830	
09:58:05.506	625.219	1A02MM		census after	results	568	
09:58:05.507	625.220	1A02MM		census after	views	551	
09:58:05.513	625.227	1A02MM		step finished	WORKBOOK	2.036	wrote 183623 bytes
09:58:05.625	625.339	1A02MM	HTML	step started	HTML	0	
09:58:05.637	625.351	1A02MM	HTML	census before	models	4	
09:58:05.638	625.352	1A02MM	HTML	census before	sets	61	
09:58:05.639	625.353	1A02MM	HTML	census before	tests	1830	
09:58:05.640	625.353	1A02MM	HTML	census before	results	568	
09:58:05.640	625.354	1A02MM	HTML	census before	views	551	
09:58:05.797	625.511	1A02MM	HTML	written	HTML	4436647	C:\\00-NM\\Federation Task\\C02 + 04\\C02\\Clash Report\\1104-PAR-1A02MM-ZZZ-BM-MOD-000001.html
09:58:06.084	625.798	1A02MM		census after	models	4	
09:58:06.085	625.799	1A02MM		census after	sets	61	
09:58:06.086	625.799	1A02MM		census after	tests	1830	
09:58:06.086	625.800	1A02MM		census after	results	568	
09:58:06.087	625.801	1A02MM		census after	views	551	
09:58:06.095	625.808	1A02MM		step finished	HTML	0.556	wrote 4436647 bytes
09:58:06.111	625.825	1A02MM	NWD	step started	NWD	0	
09:58:06.140	625.854	1A02MM	NWD	census before	models	4	
09:58:06.141	625.855	1A02MM	NWD	census before	sets	61	
09:58:06.142	625.856	1A02MM	NWD	census before	tests	1830	
09:58:06.142	625.856	1A02MM	NWD	census before	results	568	
09:58:06.143	625.857	1A02MM	NWD	census before	views	551	
09:58:08.245	627.960	1A02MM	NWD	written	NWD	29378970	C:\\00-NM\\Federation Task\\C02 + 04\\C02\\NWD\\1104-PAR-1A02MM-ZZZ-BM-MOD-000001.nwd
09:58:08.260	627.974	1A02MM		census after	models	4	
09:58:08.262	627.975	1A02MM		census after	sets	61	
09:58:08.262	627.976	1A02MM		census after	tests	1830	
09:58:08.263	627.976	1A02MM		census after	results	568	
09:58:08.263	627.977	1A02MM		census after	views	551	
09:58:08.272	627.986	1A02MM		step finished	NWD	2.144	published 29378970 bytes
09:58:08.279	627.993	1A02MM	CONFIRM	step started	CONFIRM	0	
09:58:08.293	628.007	1A02MM	CONFIRM	census before	models	4	
09:58:08.294	628.008	1A02MM	CONFIRM	census before	sets	61	
09:58:08.294	628.009	1A02MM	CONFIRM	census before	tests	1830	
09:58:08.295	628.009	1A02MM	CONFIRM	census before	results	568	
09:58:08.296	628.010	1A02MM	CONFIRM	census before	views	551	
09:58:08.341	628.055	1A02MM		census after	models	4	
09:58:08.342	628.055	1A02MM		census after	sets	61	
09:58:08.342	628.056	1A02MM		census after	tests	1830	
09:58:08.344	628.057	1A02MM		census after	results	568	
09:58:08.344	628.058	1A02MM		census after	views	551	
09:58:08.353	628.067	1A02MM		step finished	CONFIRM	0.055	the NWF is 27464957 bytes
09:58:08.430	628.143	1A02MM		gap	Family	904	it would belong in a workbook column of ours, which is Q25
09:58:08.430	628.144	1A02MM		gap	Type Name	904	it would belong in a workbook column of ours, which is Q25
09:58:08.431	628.145	1A02MM		gap	Material	764	it would belong in a workbook column of ours, which is Q25
09:58:08.432	628.145	1A02MM		gap	Id From	904	the ITEM IDS block counts it per property and no output names it per item
09:58:08.451	628.165	1A02MM		step total	TESTS RUN	465.596	
09:58:08.452	628.166	1A02MM		step total	HARVEST	19.079	
09:58:08.453	628.166	1A02MM		step total	IMAGES	10.951	
09:58:08.468	628.181			group finished	1A02MM	522.622	FAILED Weekly run plus XML
09:58:08.617	628.331			timing	TESTS RUN	465.596	253 visits
09:58:08.618	628.332			timing	HARVEST	19.079	253 visits
09:58:08.618	628.333			timing	VIEWS	4.956	1 visits
09:58:08.619	628.334			timing	NWD	2.144	1 visits
09:58:08.620	628.334			timing	WORKBOOK	2.036	1 visits
09:58:08.622	628.335			timing	DECIDE	1.924	1 visits
09:58:08.623	628.336			timing	NWF SAVE	1.855	1 visits
09:58:08.623	628.337			timing	HTML	0.556	1 visits
09:58:08.624	628.338			timing	SETS	0.521	1 visits
09:58:08.624	628.339			timing	CONFIRM	0.055	1 visits
09:58:08.625	628.339			timing	UNITS	0.043	1 visits
09:58:08.626	628.340			timing nested	IMAGES	10.951	542 visits
09:58:08.826	628.540	1A02MS	DECIDE	step started	DECIDE	0	
09:58:08.846	628.560	1A02MS	DECIDE	census before	models	0	
09:58:08.847	628.561	1A02MS	DECIDE	census before	sets	0	
09:58:08.847	628.562	1A02MS	DECIDE	census before	tests	0	
09:58:08.849	628.562	1A02MS	DECIDE	census before	results	0	
09:58:08.849	628.563	1A02MS	DECIDE	census before	views	0	
09:58:09.926	629.640	1A02MS		census after	models	1	
09:58:09.926	629.641	1A02MS		census after	sets	61	
09:58:09.927	629.641	1A02MS		census after	tests	15	
09:58:09.928	629.642	1A02MS		census after	results	0	
09:58:09.929	629.643	1A02MS		census after	views	6	
09:58:09.937	629.650	1A02MS		step finished	DECIDE	1.079	Weekly run plus XML
09:58:09.966	629.680	1A02MS	UNITS	step started	UNITS	0	
09:58:09.974	629.688	1A02MS	UNITS	census before	models	1	
09:58:09.975	629.689	1A02MS	UNITS	census before	sets	61	
09:58:09.976	629.689	1A02MS	UNITS	census before	tests	15	
09:58:09.976	629.690	1A02MS	UNITS	census before	results	0	
09:58:09.977	629.691	1A02MS	UNITS	census before	views	6	
09:58:10.175	629.889	1A02MS		census after	models	1	
09:58:10.176	629.890	1A02MS		census after	sets	61	
09:58:10.177	629.890	1A02MS		census after	tests	15	
09:58:10.178	629.891	1A02MS		census after	results	0	
09:58:10.178	629.892	1A02MS		census after	views	6	
09:58:10.185	629.899	1A02MS		step finished	UNITS	0.212	the document was asked for Meters
09:58:10.229	629.943	1A02MS		model placement	1104-PAR-1A02MS-ZZZ-ST-MOD-000001.nwc	2247887.95	Default Site
09:58:10.394	630.108	1A02MS		model export	1104-PAR-1A02MS-ZZZ-ST-MOD-000001.nwc	2139	1 workset(s), element id 100%
09:58:10.409	630.122	1A02MS	SETS	step started	SETS	0	
09:58:10.428	630.141	1A02MS	SETS	census before	models	1	
09:58:10.428	630.142	1A02MS	SETS	census before	sets	61	
09:58:10.429	630.143	1A02MS	SETS	census before	tests	15	
09:58:10.430	630.143	1A02MS	SETS	census before	results	0	
09:58:10.431	630.144	1A02MS	SETS	census before	views	6	
09:58:11.517	631.231	1A02MS		census after	models	1	
09:58:11.518	631.232	1A02MS		census after	sets	61	
09:58:11.518	631.233	1A02MS		census after	tests	15	
09:58:11.519	631.233	1A02MS		census after	results	0	
09:58:11.520	631.234	1A02MS		census after	views	6	
09:58:11.528	631.242	1A02MS		step finished	SETS	1.108	0 created, 61 already there, 0 finding items, 0 at zero.
09:58:12.712	632.426	1A02MS		set finding nothing	lcop_selection_set_tree/Architecture/BLD-AR-Floors		lcop_selection_set_tree/Architecture/BLD-AR-Floors   asks for "Floors", WHICH MODELS IN THIS PROJECT DO CARRY, and still found nothing HERE. Either this group holds no model of that kind, which is ordinary, or something else is wrong, and this reader cannot tell which
09:58:12.713	632.427	1A02MS		set finding nothing	lcop_selection_set_tree/Architecture/BLD-AR-Stairs		lcop_selection_set_tree/Architecture/BLD-AR-Stairs   asks for "Stairs", WHICH MODELS IN THIS PROJECT DO CARRY, and still found nothing HERE. Either this group holds no model of that kind, which is ordinary, or something else is wrong, and this reader cannot tell which
09:58:12.714	632.427	1A02MS		set finding nothing	lcop_selection_set_tree/Architecture/BLD-AR-Ramps		lcop_selection_set_tree/Architecture/BLD-AR-Ramps   asks for "Ramps" and NO MODEL IN THIS PROJECT CARRIES IT, and nothing the models carry is close to it
09:58:12.714	632.428	1A02MS		set finding nothing	lcop_selection_set_tree/Architecture/BLD-AR-Roofs		lcop_selection_set_tree/Architecture/BLD-AR-Roofs   asks for "Roofs" and NO MODEL IN THIS PROJECT CARRIES IT. The nearest the models carry is "Doors", which is a suggestion and not a correction
09:58:12.715	632.429	1A02MS		set finding nothing	lcop_selection_set_tree/Architecture/BLD-AR-Ceilings		lcop_selection_set_tree/Architecture/BLD-AR-Ceilings   asks for "Ceilings", WHICH MODELS IN THIS PROJECT DO CARRY, and still found nothing HERE. Either this group holds no model of that kind, which is ordinary, or something else is wrong, and this reader cannot tell which
09:58:12.716	632.429	1A02MS		set finding nothing	lcop_selection_set_tree/Architecture/BLD-AR-Columns		lcop_selection_set_tree/Architecture/BLD-AR-Columns   asks for "Columns" and NO MODEL IN THIS PROJECT CARRIES IT, and nothing the models carry is close to it
09:58:12.716	632.430	1A02MS		set finding nothing	lcop_selection_set_tree/Architecture/BLD-AR-Walls		lcop_selection_set_tree/Architecture/BLD-AR-Walls   asks for "Walls", WHICH MODELS IN THIS PROJECT DO CARRY, and still found nothing HERE. Either this group holds no model of that kind, which is ordinary, or something else is wrong, and this reader cannot tell which
09:58:12.716	632.431	1A02MS		set finding nothing	lcop_selection_set_tree/Architecture/BLD-AR-Windows		lcop_selection_set_tree/Architecture/BLD-AR-Windows   asks for "Windows", WHICH MODELS IN THIS PROJECT DO CARRY, and still found nothing HERE. Either this group holds no model of that kind, which is ordinary, or something else is wrong, and this reader cannot tell which
09:58:12.717	632.431	1A02MS		set finding nothing	lcop_selection_set_tree/Architecture/BLD-AR-Curtain Panels		lcop_selection_set_tree/Architecture/BLD-AR-Curtain Panels   asks for "Curtain Panels", WHICH MODELS IN THIS PROJECT DO CARRY, and still found nothing HERE. Either this group holds no model of that kind, which is ordinary, or something else is wrong, and this reader cannot tell which
09:58:12.717	632.432	1A02MS		set finding nothing	lcop_selection_set_tree/Architecture/BLD-AR-Curtain Mullions		lcop_selection_set_tree/Architecture/BLD-AR-Curtain Mullions   asks for "Curtain Wall Mullions", WHICH MODELS IN THIS PROJECT DO CARRY, and still found nothing HERE. Either this group holds no model of that kind, which is ordinary, or something else is wrong, and this reader cannot tell which
09:58:12.719	632.433	1A02MS		set finding nothing	lcop_selection_set_tree/Architecture/BLD-AR-Doors		lcop_selection_set_tree/Architecture/BLD-AR-Doors   asks for "Doors", WHICH MODELS IN THIS PROJECT DO CARRY, and still found nothing HERE. Either this group holds no model of that kind, which is ordinary, or something else is wrong, and this reader cannot tell which
09:58:12.719	632.433	1A02MS		set finding nothing	lcop_selection_set_tree/Architecture/BLD-AR-Casework		lcop_selection_set_tree/Architecture/BLD-AR-Casework   asks for "Casework" and NO MODEL IN THIS PROJECT CARRIES IT, and nothing the models carry is close to it
09:58:12.720	632.434	1A02MS		set finding nothing	lcop_selection_set_tree/Architecture/BLD-AR-Furniture		lcop_selection_set_tree/Architecture/BLD-AR-Furniture   asks for "Furniture", WHICH MODELS IN THIS PROJECT DO CARRY, and still found nothing HERE. Either this group holds no model of that kind, which is ordinary, or something else is wrong, and this reader cannot tell which
09:58:12.721	632.434	1A02MS		set finding nothing	lcop_selection_set_tree/Architecture/BLD-AR-Parking		lcop_selection_set_tree/Architecture/BLD-AR-Parking   asks for "Parking" and NO MODEL IN THIS PROJECT CARRIES IT, and nothing the models carry is close to it
09:58:12.721	632.435	1A02MS		set finding nothing	lcop_selection_set_tree/Architecture/BLD-AR-Railings		lcop_selection_set_tree/Architecture/BLD-AR-Railings   asks for "Railings" and NO MODEL IN THIS PROJECT CARRIES IT. The nearest the models carry is "Ceilings", which is a suggestion and not a correction
09:58:12.722	632.436	1A02MS		set finding nothing	lcop_selection_set_tree/Architecture/BLD-AR-Site		lcop_selection_set_tree/Architecture/BLD-AR-Site   asks for "Site", WHICH MODELS IN THIS PROJECT DO CARRY, and still found nothing HERE. Either this group holds no model of that kind, which is ordinary, or something else is wrong, and this reader cannot tell which
09:58:12.723	632.436	1A02MS		set finding nothing	lcop_selection_set_tree/Mechanical/Mechanical-HVAC/BLD-ME-Ducts&Duct Fittings		lcop_selection_set_tree/Mechanical/Mechanical-HVAC/BLD-ME-Ducts&Duct Fittings   asks for "Ducts", WHICH MODELS IN THIS PROJECT DO CARRY, and still found nothing HERE. Either this group holds no model of that kind, which is ordinary, or something else is wrong, and this reader cannot tell which
09:58:12.723	632.437	1A02MS		set finding nothing	lcop_selection_set_tree/Mechanical/Mechanical-HVAC/BLD-ME-Duct Accessory		lcop_selection_set_tree/Mechanical/Mechanical-HVAC/BLD-ME-Duct Accessory   asks for "Duct Accessories", WHICH MODELS IN THIS PROJECT DO CARRY, and still found nothing HERE. Either this group holds no model of that kind, which is ordinary, or something else is wrong, and this reader cannot tell which
09:58:12.724	632.438	1A02MS		set finding nothing	lcop_selection_set_tree/Mechanical/Mechanical-HVAC/BLD-ME-Mechanical Equipment		lcop_selection_set_tree/Mechanical/Mechanical-HVAC/BLD-ME-Mechanical Equipment   asks for "Mechanical Equipment", WHICH MODELS IN THIS PROJECT DO CARRY, and still found nothing HERE. Either this group holds no model of that kind, which is ordinary, or something else is wrong, and this reader cannot tell which
09:58:12.725	632.439	1A02MS		set finding nothing	lcop_selection_set_tree/Mechanical/Mechanical-HVAC/BLD-ME-Flex Ducts		lcop_selection_set_tree/Mechanical/Mechanical-HVAC/BLD-ME-Flex Ducts   asks for "Flex Ducts" and NO MODEL IN THIS PROJECT CARRIES IT, and nothing the models carry is close to it
09:58:12.726	632.440	1A02MS		set finding nothing	lcop_selection_set_tree/Mechanical/Mechanical-HVAC/BLD-ME-Air Terminals		lcop_selection_set_tree/Mechanical/Mechanical-HVAC/BLD-ME-Air Terminals   asks for "Air Terminals", WHICH MODELS IN THIS PROJECT DO CARRY, and still found nothing HERE. Either this group holds no model of that kind, which is ordinary, or something else is wrong, and this reader cannot tell which
09:58:12.727	632.441	1A02MS		set finding nothing	lcop_selection_set_tree/Mechanical/Mechanical-HVAC/BLD-ME-Pipes&Pipe Fittings		lcop_selection_set_tree/Mechanical/Mechanical-HVAC/BLD-ME-Pipes&Pipe Fittings   asks for "Pipes", WHICH MODELS IN THIS PROJECT DO CARRY, and still found nothing HERE. Either this group holds no model of that kind, which is ordinary, or something else is wrong, and this reader cannot tell which
09:58:12.728	632.442	1A02MS		set finding nothing	lcop_selection_set_tree/Mechanical/Mechanical-HVAC/BLD-ME-Pipe Accessories		lcop_selection_set_tree/Mechanical/Mechanical-HVAC/BLD-ME-Pipe Accessories   asks for "Pipe Accessories", WHICH MODELS IN THIS PROJECT DO CARRY, and still found nothing HERE. Either this group holds no model of that kind, which is ordinary, or something else is wrong, and this reader cannot tell which
09:58:12.728	632.442	1A02MS		set finding nothing	lcop_selection_set_tree/Mechanical/Mechanical-HVAC/BLD-ME-Plumbing Fixtures		lcop_selection_set_tree/Mechanical/Mechanical-HVAC/BLD-ME-Plumbing Fixtures   asks for "Plumbing Fixtures", WHICH MODELS IN THIS PROJECT DO CARRY, and still found nothing HERE. Either this group holds no model of that kind, which is ordinary, or something else is wrong, and this reader cannot tell which
09:58:12.729	632.443	1A02MS		set finding nothing	lcop_selection_set_tree/Mechanical/Mechanical-HVAC/BLD-ME-Flex Pipes		lcop_selection_set_tree/Mechanical/Mechanical-HVAC/BLD-ME-Flex Pipes   asks for "Flex Pipes", WHICH MODELS IN THIS PROJECT DO CARRY, and still found nothing HERE. Either this group holds no model of that kind, which is ordinary, or something else is wrong, and this reader cannot tell which
09:58:12.730	632.444	1A02MS		set finding nothing	lcop_selection_set_tree/Mechanical/Mechanical-Fire Fighting/BLD-FF-Mechanical Equipment		lcop_selection_set_tree/Mechanical/Mechanical-Fire Fighting/BLD-FF-Mechanical Equipment   asks for "FF-FIRE FIGHTING" and NO MODEL IN THIS PROJECT CARRIES IT, and nothing the models carry is close to it
09:58:12.730	632.444	1A02MS		set finding nothing	lcop_selection_set_tree/Mechanical/Mechanical-Fire Fighting/BLD-FF-Pipes & Pipe Fittings		lcop_selection_set_tree/Mechanical/Mechanical-Fire Fighting/BLD-FF-Pipes & Pipe Fittings   asks for "FP-PIPING" and NO MODEL IN THIS PROJECT CARRIES IT. The nearest the models carry is "ME-Piping", which is a suggestion and not a correction
09:58:12.731	632.445	1A02MS		set finding nothing	lcop_selection_set_tree/Mechanical/Mechanical-Fire Fighting/BLD-FF-Pipe Accessories		lcop_selection_set_tree/Mechanical/Mechanical-Fire Fighting/BLD-FF-Pipe Accessories   asks for "FP-PIPING" and NO MODEL IN THIS PROJECT CARRIES IT. The nearest the models carry is "ME-Piping", which is a suggestion and not a correction
09:58:12.732	632.446	1A02MS		set finding nothing	lcop_selection_set_tree/Mechanical/Mechanical-Fire Fighting/BLD-FF-Pipe Insulations		lcop_selection_set_tree/Mechanical/Mechanical-Fire Fighting/BLD-FF-Pipe Insulations   asks for "Pipe Insulation" and NO MODEL IN THIS PROJECT CARRIES IT, and nothing the models carry is close to it
09:58:12.732	632.446	1A02MS		set finding nothing	lcop_selection_set_tree/Mechanical/Mechanical-Fire Fighting/BLD-FF-Plumbing Fixtures		lcop_selection_set_tree/Mechanical/Mechanical-Fire Fighting/BLD-FF-Plumbing Fixtures   asks for "FF-FIRE FIGHTING" and NO MODEL IN THIS PROJECT CARRIES IT, and nothing the models carry is close to it
09:58:12.733	632.447	1A02MS		set finding nothing	lcop_selection_set_tree/Mechanical/Mechanical-Fire Fighting/BLD-FF-Sprinklers		lcop_selection_set_tree/Mechanical/Mechanical-Fire Fighting/BLD-FF-Sprinklers   asks for "FP-PIPING" and NO MODEL IN THIS PROJECT CARRIES IT. The nearest the models carry is "ME-Piping", which is a suggestion and not a correction
09:58:12.734	632.448	1A02MS		set finding nothing	lcop_selection_set_tree/Mechanical/Mechanical-Water Supply/BLD-PL-Mechanical Equipment		lcop_selection_set_tree/Mechanical/Mechanical-Water Supply/BLD-PL-Mechanical Equipment   asks for "Mechanical Equipment", WHICH MODELS IN THIS PROJECT DO CARRY, and still found nothing HERE. Either this group holds no model of that kind, which is ordinary, or something else is wrong, and this reader cannot tell which
09:58:12.734	632.448	1A02MS		set finding nothing	lcop_selection_set_tree/Mechanical/Mechanical-Water Supply/BLD-PL-Pipes & Pipe Fittings		lcop_selection_set_tree/Mechanical/Mechanical-Water Supply/BLD-PL-Pipes & Pipe Fittings   asks for "Pipes", WHICH MODELS IN THIS PROJECT DO CARRY, and still found nothing HERE. Either this group holds no model of that kind, which is ordinary, or something else is wrong, and this reader cannot tell which
09:58:12.735	632.449	1A02MS		set finding nothing	lcop_selection_set_tree/Mechanical/Mechanical-Water Supply/BLD-PL-Pipe Accessories		lcop_selection_set_tree/Mechanical/Mechanical-Water Supply/BLD-PL-Pipe Accessories   asks for "Pipe Accessories", WHICH MODELS IN THIS PROJECT DO CARRY, and still found nothing HERE. Either this group holds no model of that kind, which is ordinary, or something else is wrong, and this reader cannot tell which
09:58:12.736	632.449	1A02MS		set finding nothing	lcop_selection_set_tree/Mechanical/Mechanical-Water Supply/BLD-PL-Pipe Insulations		lcop_selection_set_tree/Mechanical/Mechanical-Water Supply/BLD-PL-Pipe Insulations   asks for "Pipe Insulation" and NO MODEL IN THIS PROJECT CARRIES IT, and nothing the models carry is close to it
09:58:12.736	632.450	1A02MS		set finding nothing	lcop_selection_set_tree/Mechanical/Mechanical-Water Supply/BLD-PL-Plumbing Fixtures		lcop_selection_set_tree/Mechanical/Mechanical-Water Supply/BLD-PL-Plumbing Fixtures   asks for "Plumbing Fixtures", WHICH MODELS IN THIS PROJECT DO CARRY, and still found nothing HERE. Either this group holds no model of that kind, which is ordinary, or something else is wrong, and this reader cannot tell which
09:58:12.737	632.451	1A02MS		set finding nothing	lcop_selection_set_tree/Mechanical/Mechanical-Drainage/BLD-DR-Mechanical Equipment		lcop_selection_set_tree/Mechanical/Mechanical-Drainage/BLD-DR-Mechanical Equipment   asks for "Mechanical Equipment", WHICH MODELS IN THIS PROJECT DO CARRY, and still found nothing HERE. Either this group holds no model of that kind, which is ordinary, or something else is wrong, and this reader cannot tell which
09:58:12.737	632.451	1A02MS		set finding nothing	lcop_selection_set_tree/Mechanical/Mechanical-Drainage/BLD-DR-Pipes & Pipe Fittings		lcop_selection_set_tree/Mechanical/Mechanical-Drainage/BLD-DR-Pipes & Pipe Fittings   asks for "Pipes", WHICH MODELS IN THIS PROJECT DO CARRY, and still found nothing HERE. Either this group holds no model of that kind, which is ordinary, or something else is wrong, and this reader cannot tell which
09:58:12.738	632.452	1A02MS		set finding nothing	lcop_selection_set_tree/Mechanical/Mechanical-Drainage/BLD-DR-Pipe Accessories		lcop_selection_set_tree/Mechanical/Mechanical-Drainage/BLD-DR-Pipe Accessories   asks for "Pipe Accessories", WHICH MODELS IN THIS PROJECT DO CARRY, and still found nothing HERE. Either this group holds no model of that kind, which is ordinary, or something else is wrong, and this reader cannot tell which
09:58:12.739	632.453	1A02MS		set finding nothing	lcop_selection_set_tree/Mechanical/Mechanical-Drainage/BLD-DR-Pipe Insulations		lcop_selection_set_tree/Mechanical/Mechanical-Drainage/BLD-DR-Pipe Insulations   asks for "Pipe Insulation" and NO MODEL IN THIS PROJECT CARRIES IT, and nothing the models carry is close to it
09:58:12.739	632.453	1A02MS		set finding nothing	lcop_selection_set_tree/Mechanical/Mechanical-Drainage/BLD-DR-Plumbing Fixtures		lcop_selection_set_tree/Mechanical/Mechanical-Drainage/BLD-DR-Plumbing Fixtures   asks for "Plumbing Fixtures", WHICH MODELS IN THIS PROJECT DO CARRY, and still found nothing HERE. Either this group holds no model of that kind, which is ordinary, or something else is wrong, and this reader cannot tell which
09:58:12.740	632.454	1A02MS		set finding nothing	lcop_selection_set_tree/Electrical/BLD-EL-Cable Tray&Cable Tray Fittings		lcop_selection_set_tree/Electrical/BLD-EL-Cable Tray&Cable Tray Fittings   asks for "Cable Tray" and NO MODEL IN THIS PROJECT CARRIES IT. The nearest the models carry is "Cable Trays", which is a suggestion and not a correction
09:58:12.741	632.454	1A02MS		set finding nothing	lcop_selection_set_tree/Electrical/BLD-EL-Electrical Equipment		lcop_selection_set_tree/Electrical/BLD-EL-Electrical Equipment   asks for "Electrical Equipment", WHICH MODELS IN THIS PROJECT DO CARRY, and still found nothing HERE. Either this group holds no model of that kind, which is ordinary, or something else is wrong, and this reader cannot tell which
09:58:12.741	632.455	1A02MS		set finding nothing	lcop_selection_set_tree/Electrical/BLD-EL-Electrical Fixtures		lcop_selection_set_tree/Electrical/BLD-EL-Electrical Fixtures   asks for "Electrical Fixtures", WHICH MODELS IN THIS PROJECT DO CARRY, and still found nothing HERE. Either this group holds no model of that kind, which is ordinary, or something else is wrong, and this reader cannot tell which
09:58:12.742	632.456	1A02MS		set finding nothing	lcop_selection_set_tree/Electrical/BLD-EL-Conduits & Conduit Fittings		lcop_selection_set_tree/Electrical/BLD-EL-Conduits & Conduit Fittings   asks for "Conduit" and NO MODEL IN THIS PROJECT CARRIES IT. The nearest the models carry is "Conduits", which is a suggestion and not a correction
09:58:12.742	632.457	1A02MS		set finding nothing	lcop_selection_set_tree/Electrical/BLD-EL-Devices		lcop_selection_set_tree/Electrical/BLD-EL-Devices   asks for "Devices" and NO MODEL IN THIS PROJECT CARRIES IT, and nothing the models carry is close to it
09:58:12.744	632.457	1A02MS		set finding nothing	lcop_selection_set_tree/Electrical/BLD-EL-Lighting Fixtures		lcop_selection_set_tree/Electrical/BLD-EL-Lighting Fixtures   asks for "Lighting Fixtures", WHICH MODELS IN THIS PROJECT DO CARRY, and still found nothing HERE. Either this group holds no model of that kind, which is ordinary, or something else is wrong, and this reader cannot tell which
09:58:12.744	632.458	1A02MS		set finding nothing	lcop_selection_set_tree/Electrical/BLD-EL-Lighting Devices		lcop_selection_set_tree/Electrical/BLD-EL-Lighting Devices   asks for "Lighting Devices", WHICH MODELS IN THIS PROJECT DO CARRY, and still found nothing HERE. Either this group holds no model of that kind, which is ordinary, or something else is wrong, and this reader cannot tell which
09:58:12.745	632.458	1A02MS		set finding nothing	lcop_selection_set_tree/Electrical/BLD-EL-Fire Alarm Devices		lcop_selection_set_tree/Electrical/BLD-EL-Fire Alarm Devices   asks for "Fire Alarm Devices", WHICH MODELS IN THIS PROJECT DO CARRY, and still found nothing HERE. Either this group holds no model of that kind, which is ordinary, or something else is wrong, and this reader cannot tell which
09:58:12.745	632.459	1A02MS		set finding nothing	lcop_selection_set_tree/Electrical/BLD-EL-Telecom Equipment		lcop_selection_set_tree/Electrical/BLD-EL-Telecom Equipment   asks for "Telephone Equipment" and NO MODEL IN THIS PROJECT CARRIES IT, and nothing the models carry is close to it
09:58:12.747	632.460	1A02MS		set finding nothing	lcop_selection_set_tree/Electrical/BLD-EL-Telecom Fixtures		lcop_selection_set_tree/Electrical/BLD-EL-Telecom Fixtures   asks for "Telephone Devices" and NO MODEL IN THIS PROJECT CARRIES IT, and nothing the models carry is close to it
09:58:12.747	632.461	1A02MS		set finding nothing	lcop_selection_set_tree/Electrical/BLD-Security Devices		lcop_selection_set_tree/Electrical/BLD-Security Devices   asks for "Security Devices", WHICH MODELS IN THIS PROJECT DO CARRY, and still found nothing HERE. Either this group holds no model of that kind, which is ordinary, or something else is wrong, and this reader cannot tell which
09:58:12.748	632.461	1A02MS		set finding nothing	lcop_selection_set_tree/Electrical/BLD-EL-Communication Devices		lcop_selection_set_tree/Electrical/BLD-EL-Communication Devices   asks for "Communication Devices", WHICH MODELS IN THIS PROJECT DO CARRY, and still found nothing HERE. Either this group holds no model of that kind, which is ordinary, or something else is wrong, and this reader cannot tell which
09:58:12.748	632.462	1A02MS		set finding nothing	lcop_selection_set_tree/Electrical/BLD-EL-Telephone Devices		lcop_selection_set_tree/Electrical/BLD-EL-Telephone Devices   asks for "Telephone Devices" and NO MODEL IN THIS PROJECT CARRIES IT, and nothing the models carry is close to it
09:58:12.749	632.462	1A02MS		set finding nothing	lcop_selection_set_tree/Electrical/BLD-EL-Data Devices		lcop_selection_set_tree/Electrical/BLD-EL-Data Devices   asks for "Data Devices", WHICH MODELS IN THIS PROJECT DO CARRY, and still found nothing HERE. Either this group holds no model of that kind, which is ordinary, or something else is wrong, and this reader cannot tell which
09:58:13.015	632.729	1A02MS	VIEWS	step started	VIEWS	0	
09:58:13.027	632.741	1A02MS	VIEWS	census before	models	1	
09:58:13.028	632.741	1A02MS	VIEWS	census before	sets	61	
09:58:13.030	632.743	1A02MS	VIEWS	census before	tests	15	
09:58:13.031	632.744	1A02MS	VIEWS	census before	results	0	
09:58:13.032	632.745	1A02MS	VIEWS	census before	views	6	
09:58:13.088	632.802	1A02MS		census after	models	1	
09:58:13.089	632.803	1A02MS		census after	sets	61	
09:58:13.090	632.804	1A02MS		census after	tests	15	
09:58:13.090	632.804	1A02MS		census after	results	0	
09:58:13.091	632.805	1A02MS		census after	views	6	
09:58:13.099	632.813	1A02MS		step finished	VIEWS	0.076	No viewpoint was planned for this group.
09:58:13.268	632.982	1A02MS	WORKBOOK	step started	WORKBOOK	0	
09:58:13.280	632.994	1A02MS	WORKBOOK	census before	models	1	
09:58:13.281	632.995	1A02MS	WORKBOOK	census before	sets	61	
09:58:13.282	632.996	1A02MS	WORKBOOK	census before	tests	15	
09:58:13.282	632.996	1A02MS	WORKBOOK	census before	results	0	
09:58:13.283	632.997	1A02MS	WORKBOOK	census before	views	6	
09:58:14.515	634.229	1A02MS	WORKBOOK	written	XLSX	95020	C:\\00-NM\\Federation Task\\C02 + 04\\C02\\Clash Report\\1104-PAR-1A02MS-ZZZ-BM-MOD-000001.xlsx
09:58:14.687	634.401	1A02MS		census after	models	1	
09:58:14.688	634.402	1A02MS		census after	sets	61	
09:58:14.688	634.403	1A02MS		census after	tests	15	
09:58:14.689	634.403	1A02MS		census after	results	0	
09:58:14.690	634.404	1A02MS		census after	views	6	
09:58:14.698	634.412	1A02MS		step finished	WORKBOOK	1.42	wrote 95020 bytes
09:58:14.705	634.420	1A02MS	HTML	step started	HTML	0	
09:58:14.715	634.429	1A02MS	HTML	census before	models	1	
09:58:14.716	634.430	1A02MS	HTML	census before	sets	61	
09:58:14.716	634.430	1A02MS	HTML	census before	tests	15	
09:58:14.717	634.431	1A02MS	HTML	census before	results	0	
09:58:14.717	634.432	1A02MS	HTML	census before	views	6	
09:58:14.843	634.557	1A02MS	HTML	written	HTML	2683307	C:\\00-NM\\Federation Task\\C02 + 04\\C02\\Clash Report\\1104-PAR-1A02MS-ZZZ-BM-MOD-000001.html
09:58:15.092	634.805	1A02MS		census after	models	1	
09:58:15.092	634.806	1A02MS		census after	sets	61	
09:58:15.093	634.807	1A02MS		census after	tests	15	
09:58:15.093	634.807	1A02MS		census after	results	0	
09:58:15.094	634.808	1A02MS		census after	views	6	
09:58:15.104	634.817	1A02MS		step finished	HTML	0.384	wrote 2683307 bytes
09:58:15.125	634.838	1A02MS	NWD	step started	NWD	0	
09:58:15.134	634.848	1A02MS	NWD	census before	models	1	
09:58:15.135	634.849	1A02MS	NWD	census before	sets	61	
09:58:15.136	634.849	1A02MS	NWD	census before	tests	15	
09:58:15.137	634.850	1A02MS	NWD	census before	results	0	
09:58:15.137	634.851	1A02MS	NWD	census before	views	6	
09:58:16.508	636.222	1A02MS	NWD	written	NWD	12752976	C:\\00-NM\\Federation Task\\C02 + 04\\C02\\NWD\\1104-PAR-1A02MS-ZZZ-BM-MOD-000001.nwd
09:58:16.517	636.231	1A02MS		census after	models	1	
09:58:16.518	636.232	1A02MS		census after	sets	61	
09:58:16.519	636.233	1A02MS		census after	tests	15	
09:58:16.520	636.234	1A02MS		census after	results	0	
09:58:16.521	636.234	1A02MS		census after	views	6	
09:58:16.530	636.243	1A02MS		step finished	NWD	1.396	published 12752976 bytes
09:58:16.539	636.253	1A02MS	CONFIRM	step started	CONFIRM	0	
09:58:16.547	636.261	1A02MS	CONFIRM	census before	models	1	
09:58:16.547	636.261	1A02MS	CONFIRM	census before	sets	61	
09:58:16.548	636.262	1A02MS	CONFIRM	census before	tests	15	
09:58:16.549	636.263	1A02MS	CONFIRM	census before	results	0	
09:58:16.549	636.263	1A02MS	CONFIRM	census before	views	6	
09:58:16.630	636.344	1A02MS		census after	models	1	
09:58:16.631	636.345	1A02MS		census after	sets	61	
09:58:16.632	636.346	1A02MS		census after	tests	15	
09:58:16.633	636.347	1A02MS		census after	results	0	
09:58:16.634	636.348	1A02MS		census after	views	6	
09:58:16.644	636.358	1A02MS		step finished	CONFIRM	0.092	the NWF is 81957 bytes
09:58:16.722	636.436			group finished	1A02MS	8.062	DONE Weekly run plus XML
09:58:16.859	636.572			timing	WORKBOOK	1.42	1 visits
09:58:16.859	636.573			timing	NWD	1.396	1 visits
09:58:16.860	636.574			timing	SETS	1.108	1 visits
09:58:16.861	636.575			timing	DECIDE	1.079	1 visits
09:58:16.862	636.575			timing	HTML	0.384	1 visits
09:58:16.862	636.576			timing	UNITS	0.212	1 visits
09:58:16.863	636.577			timing	CONFIRM	0.092	1 visits
09:58:16.864	636.577			timing	VIEWS	0.076	1 visits
09:58:16.970	636.683	1A02WE	DECIDE	step started	DECIDE	0	
09:58:16.978	636.692	1A02WE	DECIDE	census before	models	0	
09:58:16.979	636.693	1A02WE	DECIDE	census before	sets	0	
09:58:16.979	636.693	1A02WE	DECIDE	census before	tests	0	
09:58:16.980	636.694	1A02WE	DECIDE	census before	results	0	
09:58:16.981	636.695	1A02WE	DECIDE	census before	views	0	
09:58:17.799	637.513	1A02WE		census after	models	4	
09:58:17.800	637.514	1A02WE		census after	sets	62	
09:58:17.800	637.514	1A02WE		census after	tests	1830	
09:58:17.801	637.515	1A02WE		census after	results	29	
09:58:17.802	637.516	1A02WE		census after	views	52	
09:58:17.811	637.525	1A02WE		step finished	DECIDE	0.825	Weekly run plus XML
09:58:17.853	637.567	1A02WE	UNITS	step started	UNITS	0	
09:58:17.865	637.579	1A02WE	UNITS	census before	models	4	
09:58:17.866	637.580	1A02WE	UNITS	census before	sets	62	
09:58:17.867	637.581	1A02WE	UNITS	census before	tests	1830	
09:58:17.868	637.581	1A02WE	UNITS	census before	results	29	
09:58:17.868	637.582	1A02WE	UNITS	census before	views	52	
09:58:17.922	637.636	1A02WE		census after	models	4	
09:58:17.923	637.637	1A02WE		census after	sets	62	
09:58:17.923	637.637	1A02WE		census after	tests	1830	
09:58:17.924	637.638	1A02WE		census after	results	29	
09:58:17.925	637.639	1A02WE		census after	views	52	
09:58:17.933	637.647	1A02WE		step finished	UNITS	0.057	the document was asked for Meters
09:58:18.046	637.760	1A02WE		model placement	1104-PAR-1A02WE-ZZZ-AR-MOD-000001.nwc	-1	IRPS-SharedCoordinate
09:58:18.047	637.761	1A02WE		model placement	1104-PAR-1A02WE-ZZZ-EL-MOD-000001.nwc	150	BUL_0105_SharedCoordinate
09:58:18.047	637.761	1A02WE		model placement	1104-PAR-1A02WE-ZZZ-ME-MOD-000001.nwc	632.3	PW5_Shared_Location
09:58:18.048	637.762	1A02WE		model placement	1104-PAR-1A02WE-ZZZ-ST-MOD-000001.nwc	-1	BUL_0105_SharedCoordinate
09:58:18.149	637.863	1A02WE		model export	1104-PAR-1A02WE-ZZZ-AR-MOD-000001.nwc	26	2 workset(s), element id 100%
09:58:18.150	637.864	1A02WE		model export	1104-PAR-1A02WE-ZZZ-EL-MOD-000001.nwc	77	5 workset(s), element id 100%
09:58:18.151	637.865	1A02WE		model export	1104-PAR-1A02WE-ZZZ-ME-MOD-000001.nwc	14	4 workset(s), element id 100%
09:58:18.151	637.866	1A02WE		model export	1104-PAR-1A02WE-ZZZ-ST-MOD-000001.nwc	36	2 workset(s), element id 100%
09:58:18.168	637.882	1A02WE	SETS	step started	SETS	0	
09:58:18.183	637.897	1A02WE	SETS	census before	models	4	
09:58:18.184	637.898	1A02WE	SETS	census before	sets	62	
09:58:18.186	637.900	1A02WE	SETS	census before	tests	1830	
09:58:18.187	637.901	1A02WE	SETS	census before	results	29	
09:58:18.187	637.902	1A02WE	SETS	census before	views	52	
09:58:18.931	638.644	1A02WE		census after	models	4	
09:58:18.931	638.645	1A02WE		census after	sets	61	
09:58:18.932	638.645	1A02WE		census after	tests	1830	
09:58:18.933	638.646	1A02WE		census after	results	29	
09:58:18.933	638.647	1A02WE		census after	views	52	
09:58:18.941	638.654	1A02WE		step finished	SETS	0.758	0 created, 61 already there, 0 finding items, 0 at zero.
09:58:19.097	638.812	1A02WE	TESTS RUN	step started	TESTS RUN	0	
09:58:19.125	638.838	1A02WE	TESTS RUN	census before	models	4	
09:58:19.126	638.839	1A02WE	TESTS RUN	census before	sets	61	
09:58:19.126	638.840	1A02WE	TESTS RUN	census before	tests	1830	
09:58:19.127	638.840	1A02WE	TESTS RUN	census before	results	29	
09:58:19.128	638.841	1A02WE	TESTS RUN	census before	views	52	
09:58:19.266	638.979	1A02WE		census after	models	4	
09:58:19.266	638.980	1A02WE		census after	sets	61	
09:58:19.267	638.980	1A02WE		census after	tests	1830	
09:58:19.268	638.981	1A02WE		census after	results	29	
09:58:19.268	638.982	1A02WE		census after	views	52	
09:58:19.276	638.989	1A02WE		step finished	TESTS RUN	0.163	BLD-AR-Walls-vs-BLD-AR-Floors
09:58:19.284	638.997	1A02WE	HARVEST	step started	HARVEST	0	
09:58:19.294	639.008	1A02WE	HARVEST	census before	models	4	
09:58:19.295	639.009	1A02WE	HARVEST	census before	sets	61	
09:58:19.296	639.010	1A02WE	HARVEST	census before	tests	1830	
09:58:19.296	639.011	1A02WE	HARVEST	census before	results	29	
09:58:19.297	639.011	1A02WE	HARVEST	census before	views	52	
09:58:19.336	639.051	1A02WE		census after	models	4	
09:58:19.338	639.052	1A02WE		census after	sets	61	
09:58:19.339	639.053	1A02WE		census after	tests	1830	
09:58:19.339	639.053	1A02WE		census after	results	29	
09:58:19.340	639.054	1A02WE		census after	views	52	
09:58:19.348	639.062	1A02WE		step finished	HARVEST	0.049	BLD-AR-Walls-vs-BLD-AR-Floors
09:58:19.349	639.063	1A02WE		rows for the workbook	BLD-AR-Walls-vs-BLD-AR-Floors	0	0 in the document
09:58:19.349	639.063	1A02WE		test passed	BLD-AR-Walls-vs-BLD-AR-Floors	0	ran and found nothing
09:58:19.562	639.275	1A02WE		rows for the workbook	BLD-AR-Windows-vs-BLD-AR-Floors	0	0 in the document
09:58:19.563	639.276	1A02WE		test passed	BLD-AR-Windows-vs-BLD-AR-Floors	0	ran and found nothing
09:58:19.803	639.517	1A02WE	IMAGES	step started	IMAGES	0	
09:58:19.822	639.536	1A02WE	IMAGES	census before	models	4	
09:58:19.823	639.537	1A02WE	IMAGES	census before	sets	61	
09:58:19.824	639.538	1A02WE	IMAGES	census before	tests	1830	
09:58:19.825	639.539	1A02WE	IMAGES	census before	results	29	
09:58:19.826	639.540	1A02WE	IMAGES	census before	views	52	
09:58:19.877	639.591	1A02WE	HARVEST	census after	models	4	
09:58:19.878	639.592	1A02WE	HARVEST	census after	sets	61	
09:58:19.879	639.593	1A02WE	HARVEST	census after	tests	1830	
09:58:19.880	639.594	1A02WE	HARVEST	census after	results	29	
09:58:19.880	639.595	1A02WE	HARVEST	census after	views	52	
09:58:19.890	639.604	1A02WE	HARVEST	step finished	IMAGES	0.063	BLD-AR-Windows-vs-BLD-AR-Walls
09:58:19.963	639.677	1A02WE		rows for the workbook	BLD-AR-Windows-vs-BLD-AR-Walls	3	3 in the document
09:58:19.964	639.677	1A02WE		test found clashes	BLD-AR-Windows-vs-BLD-AR-Walls	3	ran and found clashes
09:58:20.147	639.861	1A02WE		rows for the workbook	BLD-AR-Doors-vs-BLD-AR-Floors	0	0 in the document
09:58:20.148	639.862	1A02WE		test passed	BLD-AR-Doors-vs-BLD-AR-Floors	0	ran and found nothing
09:58:20.417	640.130	1A02WE		rows for the workbook	BLD-AR-Doors-vs-BLD-AR-Walls	2	2 in the document
09:58:20.418	640.131	1A02WE		test found clashes	BLD-AR-Doors-vs-BLD-AR-Walls	2	ran and found clashes
09:58:20.588	640.302	1A02WE		rows for the workbook	BLD-AR-Doors-vs-BLD-AR-Windows	0	0 in the document
09:58:20.588	640.302	1A02WE		test passed	BLD-AR-Doors-vs-BLD-AR-Windows	0	ran and found nothing
09:58:20.753	640.467	1A02WE		rows for the workbook	BLD-ST-Foundation-vs-BLD-AR-Floors	0	0 in the document
09:58:20.754	640.468	1A02WE		test passed	BLD-ST-Foundation-vs-BLD-AR-Floors	0	ran and found nothing
09:58:20.912	640.626	1A02WE		rows for the workbook	BLD-ST-Foundation-vs-BLD-AR-Walls	0	0 in the document
09:58:20.913	640.627	1A02WE		test passed	BLD-ST-Foundation-vs-BLD-AR-Walls	0	ran and found nothing
09:58:21.089	640.803	1A02WE		rows for the workbook	BLD-ST-Foundation-vs-BLD-AR-Windows	0	0 in the document
09:58:21.091	640.804	1A02WE		test passed	BLD-ST-Foundation-vs-BLD-AR-Windows	0	ran and found nothing
09:58:21.263	640.976	1A02WE		rows for the workbook	BLD-ST-Foundation-vs-BLD-AR-Doors	0	0 in the document
09:58:21.264	640.977	1A02WE		test passed	BLD-ST-Foundation-vs-BLD-AR-Doors	0	ran and found nothing
09:58:21.438	641.152	1A02WE		rows for the workbook	BLD-ST-Columns-vs-BLD-AR-Floors	0	0 in the document
09:58:21.439	641.152	1A02WE		test passed	BLD-ST-Columns-vs-BLD-AR-Floors	0	ran and found nothing
09:58:21.609	641.322	1A02WE		rows for the workbook	BLD-ST-Columns-vs-BLD-AR-Walls	0	0 in the document
09:58:21.610	641.323	1A02WE		test passed	BLD-ST-Columns-vs-BLD-AR-Walls	0	ran and found nothing
09:58:21.793	641.507	1A02WE		rows for the workbook	BLD-ST-Columns-vs-BLD-AR-Windows	0	0 in the document
09:58:21.794	641.508	1A02WE		test passed	BLD-ST-Columns-vs-BLD-AR-Windows	0	ran and found nothing
09:58:21.965	641.679	1A02WE		rows for the workbook	BLD-ST-Columns-vs-BLD-AR-Doors	0	0 in the document
09:58:21.966	641.679	1A02WE		test passed	BLD-ST-Columns-vs-BLD-AR-Doors	0	ran and found nothing
09:58:22.136	641.850	1A02WE		rows for the workbook	BLD-ST-Columns-vs-BLD-ST-Foundation	0	0 in the document
09:58:22.137	641.850	1A02WE		test passed	BLD-ST-Columns-vs-BLD-ST-Foundation	0	ran and found nothing
09:58:22.307	642.021	1A02WE		rows for the workbook	BLD-ST-Framing-vs-BLD-AR-Floors	0	0 in the document
09:58:22.308	642.021	1A02WE		test passed	BLD-ST-Framing-vs-BLD-AR-Floors	0	ran and found nothing
09:58:22.462	642.176	1A02WE		rows for the workbook	BLD-ST-Framing-vs-BLD-AR-Walls	0	0 in the document
09:58:22.463	642.177	1A02WE		test passed	BLD-ST-Framing-vs-BLD-AR-Walls	0	ran and found nothing
09:58:22.668	642.382	1A02WE		rows for the workbook	BLD-ST-Framing-vs-BLD-AR-Windows	0	0 in the document
09:58:22.669	642.383	1A02WE		test passed	BLD-ST-Framing-vs-BLD-AR-Windows	0	ran and found nothing
09:58:22.837	642.551	1A02WE		rows for the workbook	BLD-ST-Framing-vs-BLD-AR-Doors	0	0 in the document
09:58:22.838	642.551	1A02WE		test passed	BLD-ST-Framing-vs-BLD-AR-Doors	0	ran and found nothing
09:58:23.010	642.724	1A02WE		rows for the workbook	BLD-ST-Framing-vs-BLD-ST-Foundation	0	0 in the document
09:58:23.011	642.725	1A02WE		test passed	BLD-ST-Framing-vs-BLD-ST-Foundation	0	ran and found nothing
09:58:23.182	642.896	1A02WE		rows for the workbook	BLD-ST-Framing-vs-BLD-ST-Columns	0	0 in the document
09:58:23.184	642.897	1A02WE		test passed	BLD-ST-Framing-vs-BLD-ST-Columns	0	ran and found nothing
09:58:23.354	643.068	1A02WE		rows for the workbook	BLD-ST-Walls-vs-BLD-AR-Floors	0	0 in the document
09:58:23.355	643.069	1A02WE		test passed	BLD-ST-Walls-vs-BLD-AR-Floors	0	ran and found nothing
09:58:23.506	643.219	1A02WE		rows for the workbook	BLD-ST-Walls-vs-BLD-AR-Walls	0	0 in the document
09:58:23.507	643.220	1A02WE		test passed	BLD-ST-Walls-vs-BLD-AR-Walls	0	ran and found nothing
09:58:23.682	643.395	1A02WE		rows for the workbook	BLD-ST-Walls-vs-BLD-AR-Windows	0	0 in the document
09:58:23.682	643.396	1A02WE		test passed	BLD-ST-Walls-vs-BLD-AR-Windows	0	ran and found nothing
09:58:23.838	643.551	1A02WE		rows for the workbook	BLD-ST-Walls-vs-BLD-AR-Doors	0	0 in the document
09:58:23.839	643.552	1A02WE		test passed	BLD-ST-Walls-vs-BLD-AR-Doors	0	ran and found nothing
09:58:24.124	643.837	1A02WE		rows for the workbook	BLD-ST-Walls-vs-BLD-ST-Foundation	3	3 in the document
09:58:24.125	643.838	1A02WE		test found clashes	BLD-ST-Walls-vs-BLD-ST-Foundation	3	ran and found clashes
09:58:24.305	644.019	1A02WE		rows for the workbook	BLD-ST-Walls-vs-BLD-ST-Columns	0	0 in the document
09:58:24.306	644.020	1A02WE		test passed	BLD-ST-Walls-vs-BLD-ST-Columns	0	ran and found nothing
09:58:24.480	644.193	1A02WE		rows for the workbook	BLD-ST-Walls-vs-BLD-ST-Framing	0	0 in the document
09:58:24.481	644.194	1A02WE		test passed	BLD-ST-Walls-vs-BLD-ST-Framing	0	ran and found nothing
09:58:24.649	644.363	1A02WE		rows for the workbook	BLD-ST-Floors-vs-BLD-AR-Floors	0	0 in the document
09:58:24.651	644.364	1A02WE		test passed	BLD-ST-Floors-vs-BLD-AR-Floors	0	ran and found nothing
09:58:24.821	644.535	1A02WE		rows for the workbook	BLD-ST-Floors-vs-BLD-AR-Walls	0	0 in the document
09:58:24.823	644.536	1A02WE		test passed	BLD-ST-Floors-vs-BLD-AR-Walls	0	ran and found nothing
09:58:25.006	644.720	1A02WE		rows for the workbook	BLD-ST-Floors-vs-BLD-AR-Windows	0	0 in the document
09:58:25.007	644.721	1A02WE		test passed	BLD-ST-Floors-vs-BLD-AR-Windows	0	ran and found nothing
09:58:25.158	644.872	1A02WE		rows for the workbook	BLD-ST-Floors-vs-BLD-AR-Doors	0	0 in the document
09:58:25.159	644.872	1A02WE		test passed	BLD-ST-Floors-vs-BLD-AR-Doors	0	ran and found nothing
09:58:25.319	645.033	1A02WE		rows for the workbook	BLD-ST-Floors-vs-BLD-ST-Foundation	0	0 in the document
09:58:25.320	645.034	1A02WE		test passed	BLD-ST-Floors-vs-BLD-ST-Foundation	0	ran and found nothing
09:58:25.490	645.204	1A02WE		rows for the workbook	BLD-ST-Floors-vs-BLD-ST-Columns	0	0 in the document
09:58:25.491	645.205	1A02WE		test passed	BLD-ST-Floors-vs-BLD-ST-Columns	0	ran and found nothing
09:58:25.658	645.371	1A02WE		rows for the workbook	BLD-ST-Floors-vs-BLD-ST-Framing	0	0 in the document
09:58:25.659	645.372	1A02WE		test passed	BLD-ST-Floors-vs-BLD-ST-Framing	0	ran and found nothing
09:58:25.835	645.549	1A02WE		rows for the workbook	BLD-ST-Floors-vs-BLD-ST-Walls	0	0 in the document
09:58:25.836	645.549	1A02WE		test passed	BLD-ST-Floors-vs-BLD-ST-Walls	0	ran and found nothing
09:58:26.006	645.720	1A02WE		rows for the workbook	BLD-ME-Mechanical Equipment-vs-BLD-AR-Floors	0	0 in the document
09:58:26.007	645.721	1A02WE		test passed	BLD-ME-Mechanical Equipment-vs-BLD-AR-Floors	0	ran and found nothing
09:58:26.162	645.876	1A02WE		rows for the workbook	BLD-ME-Mechanical Equipment-vs-BLD-AR-Walls	0	0 in the document
09:58:26.163	645.876	1A02WE		test passed	BLD-ME-Mechanical Equipment-vs-BLD-AR-Walls	0	ran and found nothing
09:58:26.320	646.033	1A02WE		rows for the workbook	BLD-ME-Mechanical Equipment-vs-BLD-AR-Windows	0	0 in the document
09:58:26.321	646.035	1A02WE		test passed	BLD-ME-Mechanical Equipment-vs-BLD-AR-Windows	0	ran and found nothing
09:58:26.461	646.174	1A02WE		rows for the workbook	BLD-ME-Mechanical Equipment-vs-BLD-AR-Doors	0	0 in the document
09:58:26.461	646.175	1A02WE		test passed	BLD-ME-Mechanical Equipment-vs-BLD-AR-Doors	0	ran and found nothing
09:58:26.617	646.331	1A02WE		rows for the workbook	BLD-ME-Mechanical Equipment-vs-BLD-ST-Foundation	0	0 in the document
09:58:26.618	646.331	1A02WE		test passed	BLD-ME-Mechanical Equipment-vs-BLD-ST-Foundation	0	ran and found nothing
09:58:26.756	646.470	1A02WE		rows for the workbook	BLD-ME-Mechanical Equipment-vs-BLD-ST-Columns	0	0 in the document
09:58:26.757	646.471	1A02WE		test passed	BLD-ME-Mechanical Equipment-vs-BLD-ST-Columns	0	ran and found nothing
09:58:26.896	646.610	1A02WE		rows for the workbook	BLD-ME-Mechanical Equipment-vs-BLD-ST-Framing	0	0 in the document
09:58:26.897	646.611	1A02WE		test passed	BLD-ME-Mechanical Equipment-vs-BLD-ST-Framing	0	ran and found nothing
09:58:27.038	646.752	1A02WE		rows for the workbook	BLD-ME-Mechanical Equipment-vs-BLD-ST-Walls	0	0 in the document
09:58:27.039	646.752	1A02WE		test passed	BLD-ME-Mechanical Equipment-vs-BLD-ST-Walls	0	ran and found nothing
09:58:27.177	646.890	1A02WE		rows for the workbook	BLD-ME-Mechanical Equipment-vs-BLD-ST-Floors	0	0 in the document
09:58:27.178	646.891	1A02WE		test passed	BLD-ME-Mechanical Equipment-vs-BLD-ST-Floors	0	ran and found nothing
09:58:27.582	647.296	1A02WE		rows for the workbook	BLD-DR-Pipes & Pipe Fittings-vs-BLD-AR-Floors	0	0 in the document
09:58:27.583	647.297	1A02WE		test passed	BLD-DR-Pipes & Pipe Fittings-vs-BLD-AR-Floors	0	ran and found nothing
09:58:27.742	647.456	1A02WE		rows for the workbook	BLD-DR-Pipes & Pipe Fittings-vs-BLD-AR-Walls	0	0 in the document
09:58:27.743	647.457	1A02WE		test passed	BLD-DR-Pipes & Pipe Fittings-vs-BLD-AR-Walls	0	ran and found nothing
09:58:27.883	647.597	1A02WE		rows for the workbook	BLD-DR-Pipes & Pipe Fittings-vs-BLD-AR-Windows	0	0 in the document
09:58:27.884	647.598	1A02WE		test passed	BLD-DR-Pipes & Pipe Fittings-vs-BLD-AR-Windows	0	ran and found nothing
09:58:28.039	647.752	1A02WE		rows for the workbook	BLD-DR-Pipes & Pipe Fittings-vs-BLD-AR-Doors	0	0 in the document
09:58:28.040	647.753	1A02WE		test passed	BLD-DR-Pipes & Pipe Fittings-vs-BLD-AR-Doors	0	ran and found nothing
09:58:28.195	647.909	1A02WE		rows for the workbook	BLD-DR-Pipes & Pipe Fittings-vs-BLD-ST-Foundation	0	0 in the document
09:58:28.196	647.910	1A02WE		test passed	BLD-DR-Pipes & Pipe Fittings-vs-BLD-ST-Foundation	0	ran and found nothing
09:58:28.353	648.066	1A02WE		rows for the workbook	BLD-DR-Pipes & Pipe Fittings-vs-BLD-ST-Columns	0	0 in the document
09:58:28.353	648.067	1A02WE		test passed	BLD-DR-Pipes & Pipe Fittings-vs-BLD-ST-Columns	0	ran and found nothing
09:58:28.510	648.223	1A02WE		rows for the workbook	BLD-DR-Pipes & Pipe Fittings-vs-BLD-ST-Framing	0	0 in the document
09:58:28.511	648.224	1A02WE		test passed	BLD-DR-Pipes & Pipe Fittings-vs-BLD-ST-Framing	0	ran and found nothing
09:58:28.672	648.386	1A02WE		rows for the workbook	BLD-DR-Pipes & Pipe Fittings-vs-BLD-ST-Walls	0	0 in the document
09:58:28.674	648.387	1A02WE		test passed	BLD-DR-Pipes & Pipe Fittings-vs-BLD-ST-Walls	0	ran and found nothing
09:58:28.920	648.633	1A02WE		rows for the workbook	BLD-DR-Pipes & Pipe Fittings-vs-BLD-ST-Floors	2	2 in the document
09:58:28.921	648.634	1A02WE		test found clashes	BLD-DR-Pipes & Pipe Fittings-vs-BLD-ST-Floors	2	ran and found clashes
09:58:29.087	648.800	1A02WE		rows for the workbook	BLD-DR-Pipes & Pipe Fittings-vs-BLD-ME-Mechanical Equipment	0	0 in the document
09:58:29.088	648.801	1A02WE		test passed	BLD-DR-Pipes & Pipe Fittings-vs-BLD-ME-Mechanical Equipment	0	ran and found nothing
09:58:29.251	648.964	1A02WE		rows for the workbook	BLD-DR-Plumbing Fixtures-vs-BLD-AR-Floors	0	0 in the document
09:58:29.252	648.965	1A02WE		test passed	BLD-DR-Plumbing Fixtures-vs-BLD-AR-Floors	0	ran and found nothing
09:58:29.429	649.142	1A02WE		rows for the workbook	BLD-DR-Plumbing Fixtures-vs-BLD-AR-Walls	0	0 in the document
09:58:29.430	649.143	1A02WE		test passed	BLD-DR-Plumbing Fixtures-vs-BLD-AR-Walls	0	ran and found nothing
09:58:29.584	649.297	1A02WE		rows for the workbook	BLD-DR-Plumbing Fixtures-vs-BLD-AR-Windows	0	0 in the document
09:58:29.584	649.298	1A02WE		test passed	BLD-DR-Plumbing Fixtures-vs-BLD-AR-Windows	0	ran and found nothing
09:58:29.741	649.455	1A02WE		rows for the workbook	BLD-DR-Plumbing Fixtures-vs-BLD-AR-Doors	0	0 in the document
09:58:29.742	649.456	1A02WE		test passed	BLD-DR-Plumbing Fixtures-vs-BLD-AR-Doors	0	ran and found nothing
09:58:29.898	649.612	1A02WE		rows for the workbook	BLD-DR-Plumbing Fixtures-vs-BLD-ST-Foundation	0	0 in the document
09:58:29.899	649.613	1A02WE		test passed	BLD-DR-Plumbing Fixtures-vs-BLD-ST-Foundation	0	ran and found nothing
09:58:30.054	649.768	1A02WE		rows for the workbook	BLD-DR-Plumbing Fixtures-vs-BLD-ST-Columns	0	0 in the document
09:58:30.055	649.769	1A02WE		test passed	BLD-DR-Plumbing Fixtures-vs-BLD-ST-Columns	0	ran and found nothing
09:58:30.194	649.908	1A02WE		rows for the workbook	BLD-DR-Plumbing Fixtures-vs-BLD-ST-Framing	0	0 in the document
09:58:30.195	649.909	1A02WE		test passed	BLD-DR-Plumbing Fixtures-vs-BLD-ST-Framing	0	ran and found nothing
09:58:30.352	650.065	1A02WE		rows for the workbook	BLD-DR-Plumbing Fixtures-vs-BLD-ST-Walls	0	0 in the document
09:58:30.352	650.066	1A02WE		test passed	BLD-DR-Plumbing Fixtures-vs-BLD-ST-Walls	0	ran and found nothing
09:58:30.553	650.266	1A02WE		rows for the workbook	BLD-DR-Plumbing Fixtures-vs-BLD-ST-Floors	1	1 in the document
09:58:30.553	650.267	1A02WE		test found clashes	BLD-DR-Plumbing Fixtures-vs-BLD-ST-Floors	1	ran and found clashes
09:58:30.724	650.438	1A02WE		rows for the workbook	BLD-DR-Plumbing Fixtures-vs-BLD-ME-Mechanical Equipment	0	0 in the document
09:58:30.725	650.439	1A02WE		test passed	BLD-DR-Plumbing Fixtures-vs-BLD-ME-Mechanical Equipment	0	ran and found nothing
09:58:30.878	650.591	1A02WE		rows for the workbook	BLD-DR-Plumbing Fixtures-vs-BLD-DR-Pipes & Pipe Fittings	0	0 in the document
09:58:30.879	650.592	1A02WE		test passed	BLD-DR-Plumbing Fixtures-vs-BLD-DR-Pipes & Pipe Fittings	0	ran and found nothing
09:58:31.070	650.783	1A02WE		rows for the workbook	BLD-EL-Electrical Equipment-vs-BLD-AR-Floors	0	0 in the document
09:58:31.071	650.784	1A02WE		test passed	BLD-EL-Electrical Equipment-vs-BLD-AR-Floors	0	ran and found nothing
09:58:31.225	650.939	1A02WE		rows for the workbook	BLD-EL-Electrical Equipment-vs-BLD-AR-Walls	0	0 in the document
09:58:31.226	650.940	1A02WE		test passed	BLD-EL-Electrical Equipment-vs-BLD-AR-Walls	0	ran and found nothing
09:58:31.365	651.079	1A02WE		rows for the workbook	BLD-EL-Electrical Equipment-vs-BLD-AR-Windows	0	0 in the document
09:58:31.367	651.080	1A02WE		test passed	BLD-EL-Electrical Equipment-vs-BLD-AR-Windows	0	ran and found nothing
09:58:31.521	651.235	1A02WE		rows for the workbook	BLD-EL-Electrical Equipment-vs-BLD-AR-Doors	0	0 in the document
09:58:31.522	651.236	1A02WE		test passed	BLD-EL-Electrical Equipment-vs-BLD-AR-Doors	0	ran and found nothing
09:58:31.736	651.450	1A02WE		rows for the workbook	BLD-EL-Electrical Equipment-vs-BLD-ST-Foundation	1	1 in the document
09:58:31.737	651.451	1A02WE		test found clashes	BLD-EL-Electrical Equipment-vs-BLD-ST-Foundation	1	ran and found clashes
09:58:31.945	651.658	1A02WE		rows for the workbook	BLD-EL-Electrical Equipment-vs-BLD-ST-Columns	1	1 in the document
09:58:31.945	651.659	1A02WE		test found clashes	BLD-EL-Electrical Equipment-vs-BLD-ST-Columns	1	ran and found clashes
09:58:32.098	651.812	1A02WE		rows for the workbook	BLD-EL-Electrical Equipment-vs-BLD-ST-Framing	0	0 in the document
09:58:32.099	651.813	1A02WE		test passed	BLD-EL-Electrical Equipment-vs-BLD-ST-Framing	0	ran and found nothing
09:58:32.301	652.014	1A02WE		rows for the workbook	BLD-EL-Electrical Equipment-vs-BLD-ST-Walls	1	1 in the document
09:58:32.301	652.015	1A02WE		test found clashes	BLD-EL-Electrical Equipment-vs-BLD-ST-Walls	1	ran and found clashes
09:58:32.504	652.218	1A02WE		rows for the workbook	BLD-EL-Electrical Equipment-vs-BLD-ST-Floors	1	1 in the document
09:58:32.505	652.218	1A02WE		test found clashes	BLD-EL-Electrical Equipment-vs-BLD-ST-Floors	1	ran and found clashes
09:58:32.661	652.375	1A02WE		rows for the workbook	BLD-EL-Electrical Equipment-vs-BLD-ME-Mechanical Equipment	0	0 in the document
09:58:32.663	652.376	1A02WE		test passed	BLD-EL-Electrical Equipment-vs-BLD-ME-Mechanical Equipment	0	ran and found nothing
09:58:32.816	652.529	1A02WE		rows for the workbook	BLD-EL-Electrical Equipment-vs-BLD-DR-Pipes & Pipe Fittings	0	0 in the document
09:58:32.817	652.530	1A02WE		test passed	BLD-EL-Electrical Equipment-vs-BLD-DR-Pipes & Pipe Fittings	0	ran and found nothing
09:58:32.958	652.672	1A02WE		rows for the workbook	BLD-EL-Electrical Equipment-vs-BLD-DR-Plumbing Fixtures	0	0 in the document
09:58:32.959	652.673	1A02WE		test passed	BLD-EL-Electrical Equipment-vs-BLD-DR-Plumbing Fixtures	0	ran and found nothing
09:58:33.097	652.811	1A02WE		rows for the workbook	BLD-EL-Electrical Fixtures-vs-BLD-AR-Floors	0	0 in the document
09:58:33.098	652.812	1A02WE		test passed	BLD-EL-Electrical Fixtures-vs-BLD-AR-Floors	0	ran and found nothing
09:58:33.244	652.957	1A02WE		rows for the workbook	BLD-EL-Electrical Fixtures-vs-BLD-AR-Walls	0	0 in the document
09:58:33.245	652.958	1A02WE		test passed	BLD-EL-Electrical Fixtures-vs-BLD-AR-Walls	0	ran and found nothing
09:58:33.395	653.109	1A02WE		rows for the workbook	BLD-EL-Electrical Fixtures-vs-BLD-AR-Windows	0	0 in the document
09:58:33.396	653.110	1A02WE		test passed	BLD-EL-Electrical Fixtures-vs-BLD-AR-Windows	0	ran and found nothing
09:58:33.553	653.266	1A02WE		rows for the workbook	BLD-EL-Electrical Fixtures-vs-BLD-AR-Doors	0	0 in the document
09:58:33.554	653.267	1A02WE		test passed	BLD-EL-Electrical Fixtures-vs-BLD-AR-Doors	0	ran and found nothing
09:58:33.710	653.424	1A02WE		rows for the workbook	BLD-EL-Electrical Fixtures-vs-BLD-ST-Foundation	0	0 in the document
09:58:33.711	653.425	1A02WE		test passed	BLD-EL-Electrical Fixtures-vs-BLD-ST-Foundation	0	ran and found nothing
09:58:33.851	653.565	1A02WE		rows for the workbook	BLD-EL-Electrical Fixtures-vs-BLD-ST-Columns	0	0 in the document
09:58:33.852	653.566	1A02WE		test passed	BLD-EL-Electrical Fixtures-vs-BLD-ST-Columns	0	ran and found nothing
09:58:33.989	653.703	1A02WE		rows for the workbook	BLD-EL-Electrical Fixtures-vs-BLD-ST-Framing	0	0 in the document
09:58:33.990	653.704	1A02WE		test passed	BLD-EL-Electrical Fixtures-vs-BLD-ST-Framing	0	ran and found nothing
09:58:34.130	653.844	1A02WE		rows for the workbook	BLD-EL-Electrical Fixtures-vs-BLD-ST-Walls	0	0 in the document
09:58:34.131	653.845	1A02WE		test passed	BLD-EL-Electrical Fixtures-vs-BLD-ST-Walls	0	ran and found nothing
09:58:34.287	654.001	1A02WE		rows for the workbook	BLD-EL-Electrical Fixtures-vs-BLD-ST-Floors	0	0 in the document
09:58:34.288	654.002	1A02WE		test passed	BLD-EL-Electrical Fixtures-vs-BLD-ST-Floors	0	ran and found nothing
09:58:34.458	654.172	1A02WE		rows for the workbook	BLD-EL-Electrical Fixtures-vs-BLD-ME-Mechanical Equipment	0	0 in the document
09:58:34.459	654.173	1A02WE		test passed	BLD-EL-Electrical Fixtures-vs-BLD-ME-Mechanical Equipment	0	ran and found nothing
09:58:34.597	654.311	1A02WE		rows for the workbook	BLD-EL-Electrical Fixtures-vs-BLD-DR-Pipes & Pipe Fittings	0	0 in the document
09:58:34.598	654.312	1A02WE		test passed	BLD-EL-Electrical Fixtures-vs-BLD-DR-Pipes & Pipe Fittings	0	ran and found nothing
09:58:34.742	654.456	1A02WE		rows for the workbook	BLD-EL-Electrical Fixtures-vs-BLD-DR-Plumbing Fixtures	0	0 in the document
09:58:34.743	654.457	1A02WE		test passed	BLD-EL-Electrical Fixtures-vs-BLD-DR-Plumbing Fixtures	0	ran and found nothing
09:58:34.898	654.611	1A02WE		rows for the workbook	BLD-EL-Electrical Fixtures-vs-BLD-EL-Electrical Equipment	0	0 in the document
09:58:34.899	654.612	1A02WE		test passed	BLD-EL-Electrical Fixtures-vs-BLD-EL-Electrical Equipment	0	ran and found nothing
09:58:35.039	654.753	1A02WE		rows for the workbook	BLD-EL-Conduits & Conduit Fittings-vs-BLD-AR-Floors	0	0 in the document
09:58:35.040	654.754	1A02WE		test passed	BLD-EL-Conduits & Conduit Fittings-vs-BLD-AR-Floors	0	ran and found nothing
09:58:35.175	654.889	1A02WE		rows for the workbook	BLD-EL-Conduits & Conduit Fittings-vs-BLD-AR-Walls	0	0 in the document
09:58:35.176	654.890	1A02WE		test passed	BLD-EL-Conduits & Conduit Fittings-vs-BLD-AR-Walls	0	ran and found nothing
09:58:35.313	655.027	1A02WE		rows for the workbook	BLD-EL-Conduits & Conduit Fittings-vs-BLD-AR-Windows	0	0 in the document
09:58:35.314	655.028	1A02WE		test passed	BLD-EL-Conduits & Conduit Fittings-vs-BLD-AR-Windows	0	ran and found nothing
09:58:35.485	655.198	1A02WE		rows for the workbook	BLD-EL-Conduits & Conduit Fittings-vs-BLD-AR-Doors	0	0 in the document
09:58:35.486	655.199	1A02WE		test passed	BLD-EL-Conduits & Conduit Fittings-vs-BLD-AR-Doors	0	ran and found nothing
09:58:35.659	655.372	1A02WE		rows for the workbook	BLD-EL-Conduits & Conduit Fittings-vs-BLD-ST-Foundation	1	1 in the document
09:58:35.659	655.373	1A02WE		test found clashes	BLD-EL-Conduits & Conduit Fittings-vs-BLD-ST-Foundation	1	ran and found clashes
09:58:35.817	655.530	1A02WE		rows for the workbook	BLD-EL-Conduits & Conduit Fittings-vs-BLD-ST-Columns	0	0 in the document
09:58:35.818	655.531	1A02WE		test passed	BLD-EL-Conduits & Conduit Fittings-vs-BLD-ST-Columns	0	ran and found nothing
09:58:35.955	655.668	1A02WE		rows for the workbook	BLD-EL-Conduits & Conduit Fittings-vs-BLD-ST-Framing	0	0 in the document
09:58:35.956	655.669	1A02WE		test passed	BLD-EL-Conduits & Conduit Fittings-vs-BLD-ST-Framing	0	ran and found nothing
09:58:36.269	655.983	1A02WE		rows for the workbook	BLD-EL-Conduits & Conduit Fittings-vs-BLD-ST-Walls	4	4 in the document
09:58:36.270	655.984	1A02WE		test found clashes	BLD-EL-Conduits & Conduit Fittings-vs-BLD-ST-Walls	4	ran and found clashes
09:58:36.523	656.237	1A02WE		rows for the workbook	BLD-EL-Conduits & Conduit Fittings-vs-BLD-ST-Floors	2	2 in the document
09:58:36.524	656.238	1A02WE		test found clashes	BLD-EL-Conduits & Conduit Fittings-vs-BLD-ST-Floors	2	ran and found clashes
09:58:36.688	656.401	1A02WE		rows for the workbook	BLD-EL-Conduits & Conduit Fittings-vs-BLD-ME-Mechanical Equipment	0	0 in the document
09:58:36.689	656.402	1A02WE		test passed	BLD-EL-Conduits & Conduit Fittings-vs-BLD-ME-Mechanical Equipment	0	ran and found nothing
09:58:36.849	656.563	1A02WE		rows for the workbook	BLD-EL-Conduits & Conduit Fittings-vs-BLD-DR-Pipes & Pipe Fittings	0	0 in the document
09:58:36.850	656.564	1A02WE		test passed	BLD-EL-Conduits & Conduit Fittings-vs-BLD-DR-Pipes & Pipe Fittings	0	ran and found nothing
09:58:36.988	656.702	1A02WE		rows for the workbook	BLD-EL-Conduits & Conduit Fittings-vs-BLD-DR-Plumbing Fixtures	0	0 in the document
09:58:36.989	656.703	1A02WE		test passed	BLD-EL-Conduits & Conduit Fittings-vs-BLD-DR-Plumbing Fixtures	0	ran and found nothing
09:58:37.321	657.035	1A02WE		rows for the workbook	BLD-EL-Conduits & Conduit Fittings-vs-BLD-EL-Electrical Equipment	6	6 in the document
09:58:37.322	657.036	1A02WE		test found clashes	BLD-EL-Conduits & Conduit Fittings-vs-BLD-EL-Electrical Equipment	6	ran and found clashes
09:58:37.475	657.189	1A02WE		rows for the workbook	BLD-EL-Conduits & Conduit Fittings-vs-BLD-EL-Electrical Fixtures	0	0 in the document
09:58:37.476	657.190	1A02WE		test passed	BLD-EL-Conduits & Conduit Fittings-vs-BLD-EL-Electrical Fixtures	0	ran and found nothing
09:58:37.806	657.519	1A02WE		rows for the workbook	BLD-EL-Lighting Fixtures-vs-BLD-AR-Floors	0	0 in the document
09:58:37.807	657.520	1A02WE		test passed	BLD-EL-Lighting Fixtures-vs-BLD-AR-Floors	0	ran and found nothing
09:58:37.945	657.658	1A02WE		rows for the workbook	BLD-EL-Lighting Fixtures-vs-BLD-AR-Walls	0	0 in the document
09:58:37.946	657.659	1A02WE		test passed	BLD-EL-Lighting Fixtures-vs-BLD-AR-Walls	0	ran and found nothing
09:58:38.081	657.795	1A02WE		rows for the workbook	BLD-EL-Lighting Fixtures-vs-BLD-AR-Windows	0	0 in the document
09:58:38.082	657.796	1A02WE		test passed	BLD-EL-Lighting Fixtures-vs-BLD-AR-Windows	0	ran and found nothing
09:58:38.222	657.936	1A02WE		rows for the workbook	BLD-EL-Lighting Fixtures-vs-BLD-AR-Doors	0	0 in the document
09:58:38.223	657.937	1A02WE		test passed	BLD-EL-Lighting Fixtures-vs-BLD-AR-Doors	0	ran and found nothing
09:58:38.360	658.074	1A02WE		rows for the workbook	BLD-EL-Lighting Fixtures-vs-BLD-ST-Foundation	0	0 in the document
09:58:38.361	658.075	1A02WE		test passed	BLD-EL-Lighting Fixtures-vs-BLD-ST-Foundation	0	ran and found nothing
09:58:38.502	658.215	1A02WE		rows for the workbook	BLD-EL-Lighting Fixtures-vs-BLD-ST-Columns	0	0 in the document
09:58:38.503	658.216	1A02WE		test passed	BLD-EL-Lighting Fixtures-vs-BLD-ST-Columns	0	ran and found nothing
09:58:38.642	658.356	1A02WE		rows for the workbook	BLD-EL-Lighting Fixtures-vs-BLD-ST-Framing	0	0 in the document
09:58:38.643	658.357	1A02WE		test passed	BLD-EL-Lighting Fixtures-vs-BLD-ST-Framing	0	ran and found nothing
09:58:38.785	658.499	1A02WE		rows for the workbook	BLD-EL-Lighting Fixtures-vs-BLD-ST-Walls	0	0 in the document
09:58:38.786	658.499	1A02WE		test passed	BLD-EL-Lighting Fixtures-vs-BLD-ST-Walls	0	ran and found nothing
09:58:38.955	658.668	1A02WE		rows for the workbook	BLD-EL-Lighting Fixtures-vs-BLD-ST-Floors	0	0 in the document
09:58:38.955	658.669	1A02WE		test passed	BLD-EL-Lighting Fixtures-vs-BLD-ST-Floors	0	ran and found nothing
09:58:39.113	658.827	1A02WE		rows for the workbook	BLD-EL-Lighting Fixtures-vs-BLD-ME-Mechanical Equipment	0	0 in the document
09:58:39.114	658.828	1A02WE		test passed	BLD-EL-Lighting Fixtures-vs-BLD-ME-Mechanical Equipment	0	ran and found nothing
09:58:39.300	659.014	1A02WE		rows for the workbook	BLD-EL-Lighting Fixtures-vs-BLD-DR-Pipes & Pipe Fittings	1	1 in the document
09:58:39.301	659.015	1A02WE		test found clashes	BLD-EL-Lighting Fixtures-vs-BLD-DR-Pipes & Pipe Fittings	1	ran and found clashes
09:58:39.454	659.168	1A02WE		rows for the workbook	BLD-EL-Lighting Fixtures-vs-BLD-DR-Plumbing Fixtures	0	0 in the document
09:58:39.455	659.168	1A02WE		test passed	BLD-EL-Lighting Fixtures-vs-BLD-DR-Plumbing Fixtures	0	ran and found nothing
09:58:39.610	659.324	1A02WE		rows for the workbook	BLD-EL-Lighting Fixtures-vs-BLD-EL-Electrical Equipment	0	0 in the document
09:58:39.611	659.324	1A02WE		test passed	BLD-EL-Lighting Fixtures-vs-BLD-EL-Electrical Equipment	0	ran and found nothing
09:58:39.754	659.467	1A02WE		rows for the workbook	BLD-EL-Lighting Fixtures-vs-BLD-EL-Electrical Fixtures	0	0 in the document
09:58:39.755	659.468	1A02WE		test passed	BLD-EL-Lighting Fixtures-vs-BLD-EL-Electrical Fixtures	0	ran and found nothing
09:58:39.925	659.639	1A02WE		rows for the workbook	BLD-EL-Lighting Fixtures-vs-BLD-EL-Conduits & Conduit Fittings	0	0 in the document
09:58:39.926	659.640	1A02WE		test passed	BLD-EL-Lighting Fixtures-vs-BLD-EL-Conduits & Conduit Fittings	0	ran and found nothing
09:58:40.094	659.808	1A02WE		rows for the workbook	BLD-EL-Lighting Devices-vs-BLD-AR-Floors	0	0 in the document
09:58:40.095	659.808	1A02WE		test passed	BLD-EL-Lighting Devices-vs-BLD-AR-Floors	0	ran and found nothing
09:58:40.251	659.964	1A02WE		rows for the workbook	BLD-EL-Lighting Devices-vs-BLD-AR-Walls	0	0 in the document
09:58:40.252	659.965	1A02WE		test passed	BLD-EL-Lighting Devices-vs-BLD-AR-Walls	0	ran and found nothing
09:58:40.391	660.104	1A02WE		rows for the workbook	BLD-EL-Lighting Devices-vs-BLD-AR-Windows	0	0 in the document
09:58:40.392	660.105	1A02WE		test passed	BLD-EL-Lighting Devices-vs-BLD-AR-Windows	0	ran and found nothing
09:58:40.602	660.316	1A02WE		rows for the workbook	BLD-EL-Lighting Devices-vs-BLD-AR-Doors	0	0 in the document
09:58:40.603	660.316	1A02WE		test passed	BLD-EL-Lighting Devices-vs-BLD-AR-Doors	0	ran and found nothing
09:58:40.756	660.470	1A02WE		rows for the workbook	BLD-EL-Lighting Devices-vs-BLD-ST-Foundation	0	0 in the document
09:58:40.757	660.470	1A02WE		test passed	BLD-EL-Lighting Devices-vs-BLD-ST-Foundation	0	ran and found nothing
09:58:40.897	660.610	1A02WE		rows for the workbook	BLD-EL-Lighting Devices-vs-BLD-ST-Columns	0	0 in the document
09:58:40.898	660.611	1A02WE		test passed	BLD-EL-Lighting Devices-vs-BLD-ST-Columns	0	ran and found nothing
09:58:41.037	660.750	1A02WE		rows for the workbook	BLD-EL-Lighting Devices-vs-BLD-ST-Framing	0	0 in the document
09:58:41.037	660.751	1A02WE		test passed	BLD-EL-Lighting Devices-vs-BLD-ST-Framing	0	ran and found nothing
09:58:41.193	660.906	1A02WE		rows for the workbook	BLD-EL-Lighting Devices-vs-BLD-ST-Walls	0	0 in the document
09:58:41.194	660.907	1A02WE		test passed	BLD-EL-Lighting Devices-vs-BLD-ST-Walls	0	ran and found nothing
09:58:41.333	661.047	1A02WE		rows for the workbook	BLD-EL-Lighting Devices-vs-BLD-ST-Floors	0	0 in the document
09:58:41.334	661.048	1A02WE		test passed	BLD-EL-Lighting Devices-vs-BLD-ST-Floors	0	ran and found nothing
09:58:41.488	661.202	1A02WE		rows for the workbook	BLD-EL-Lighting Devices-vs-BLD-ME-Mechanical Equipment	0	0 in the document
09:58:41.489	661.202	1A02WE		test passed	BLD-EL-Lighting Devices-vs-BLD-ME-Mechanical Equipment	0	ran and found nothing
09:58:41.645	661.359	1A02WE		rows for the workbook	BLD-EL-Lighting Devices-vs-BLD-DR-Pipes & Pipe Fittings	0	0 in the document
09:58:41.646	661.360	1A02WE		test passed	BLD-EL-Lighting Devices-vs-BLD-DR-Pipes & Pipe Fittings	0	ran and found nothing
09:58:41.832	661.546	1A02WE		rows for the workbook	BLD-EL-Lighting Devices-vs-BLD-DR-Plumbing Fixtures	0	0 in the document
09:58:41.834	661.547	1A02WE		test passed	BLD-EL-Lighting Devices-vs-BLD-DR-Plumbing Fixtures	0	ran and found nothing
09:58:41.975	661.689	1A02WE		rows for the workbook	BLD-EL-Lighting Devices-vs-BLD-EL-Electrical Equipment	0	0 in the document
09:58:41.976	661.690	1A02WE		test passed	BLD-EL-Lighting Devices-vs-BLD-EL-Electrical Equipment	0	ran and found nothing
09:58:42.129	661.842	1A02WE		rows for the workbook	BLD-EL-Lighting Devices-vs-BLD-EL-Electrical Fixtures	0	0 in the document
09:58:42.130	661.843	1A02WE		test passed	BLD-EL-Lighting Devices-vs-BLD-EL-Electrical Fixtures	0	ran and found nothing
09:58:42.301	662.015	1A02WE		rows for the workbook	BLD-EL-Lighting Devices-vs-BLD-EL-Conduits & Conduit Fittings	0	0 in the document
09:58:42.302	662.016	1A02WE		test passed	BLD-EL-Lighting Devices-vs-BLD-EL-Conduits & Conduit Fittings	0	ran and found nothing
09:58:42.492	662.206	1A02WE		rows for the workbook	BLD-EL-Lighting Devices-vs-BLD-EL-Lighting Fixtures	0	0 in the document
09:58:42.493	662.207	1A02WE		test passed	BLD-EL-Lighting Devices-vs-BLD-EL-Lighting Fixtures	0	ran and found nothing
09:58:42.632	662.345	1A02WE		rows for the workbook	BLD-EL-Fire Alarm Devices-vs-BLD-AR-Floors	0	0 in the document
09:58:42.633	662.346	1A02WE		test passed	BLD-EL-Fire Alarm Devices-vs-BLD-AR-Floors	0	ran and found nothing
09:58:42.787	662.501	1A02WE		rows for the workbook	BLD-EL-Fire Alarm Devices-vs-BLD-AR-Walls	0	0 in the document
09:58:42.787	662.502	1A02WE		test passed	BLD-EL-Fire Alarm Devices-vs-BLD-AR-Walls	0	ran and found nothing
09:58:42.927	662.641	1A02WE		rows for the workbook	BLD-EL-Fire Alarm Devices-vs-BLD-AR-Windows	0	0 in the document
09:58:42.928	662.641	1A02WE		test passed	BLD-EL-Fire Alarm Devices-vs-BLD-AR-Windows	0	ran and found nothing
09:58:43.066	662.780	1A02WE		rows for the workbook	BLD-EL-Fire Alarm Devices-vs-BLD-AR-Doors	0	0 in the document
09:58:43.067	662.781	1A02WE		test passed	BLD-EL-Fire Alarm Devices-vs-BLD-AR-Doors	0	ran and found nothing
09:58:43.237	662.951	1A02WE		rows for the workbook	BLD-EL-Fire Alarm Devices-vs-BLD-ST-Foundation	0	0 in the document
09:58:43.237	662.951	1A02WE		test passed	BLD-EL-Fire Alarm Devices-vs-BLD-ST-Foundation	0	ran and found nothing
09:58:43.377	663.091	1A02WE		rows for the workbook	BLD-EL-Fire Alarm Devices-vs-BLD-ST-Columns	0	0 in the document
09:58:43.378	663.091	1A02WE		test passed	BLD-EL-Fire Alarm Devices-vs-BLD-ST-Columns	0	ran and found nothing
09:58:43.518	663.231	1A02WE		rows for the workbook	BLD-EL-Fire Alarm Devices-vs-BLD-ST-Framing	0	0 in the document
09:58:43.519	663.232	1A02WE		test passed	BLD-EL-Fire Alarm Devices-vs-BLD-ST-Framing	0	ran and found nothing
09:58:43.659	663.373	1A02WE		rows for the workbook	BLD-EL-Fire Alarm Devices-vs-BLD-ST-Walls	0	0 in the document
09:58:43.660	663.374	1A02WE		test passed	BLD-EL-Fire Alarm Devices-vs-BLD-ST-Walls	0	ran and found nothing
09:58:43.797	663.511	1A02WE		rows for the workbook	BLD-EL-Fire Alarm Devices-vs-BLD-ST-Floors	0	0 in the document
09:58:43.798	663.512	1A02WE		test passed	BLD-EL-Fire Alarm Devices-vs-BLD-ST-Floors	0	ran and found nothing
09:58:43.971	663.685	1A02WE		rows for the workbook	BLD-EL-Fire Alarm Devices-vs-BLD-ME-Mechanical Equipment	0	0 in the document
09:58:43.972	663.685	1A02WE		test passed	BLD-EL-Fire Alarm Devices-vs-BLD-ME-Mechanical Equipment	0	ran and found nothing
09:58:44.110	663.824	1A02WE		rows for the workbook	BLD-EL-Fire Alarm Devices-vs-BLD-DR-Pipes & Pipe Fittings	0	0 in the document
09:58:44.112	663.825	1A02WE		test passed	BLD-EL-Fire Alarm Devices-vs-BLD-DR-Pipes & Pipe Fittings	0	ran and found nothing
09:58:44.293	664.007	1A02WE		rows for the workbook	BLD-EL-Fire Alarm Devices-vs-BLD-DR-Plumbing Fixtures	0	0 in the document
09:58:44.294	664.008	1A02WE		test passed	BLD-EL-Fire Alarm Devices-vs-BLD-DR-Plumbing Fixtures	0	ran and found nothing
09:58:44.467	664.181	1A02WE		rows for the workbook	BLD-EL-Fire Alarm Devices-vs-BLD-EL-Electrical Equipment	0	0 in the document
09:58:44.468	664.182	1A02WE		test passed	BLD-EL-Fire Alarm Devices-vs-BLD-EL-Electrical Equipment	0	ran and found nothing
09:58:44.654	664.368	1A02WE		rows for the workbook	BLD-EL-Fire Alarm Devices-vs-BLD-EL-Electrical Fixtures	0	0 in the document
09:58:44.655	664.369	1A02WE		test passed	BLD-EL-Fire Alarm Devices-vs-BLD-EL-Electrical Fixtures	0	ran and found nothing
09:58:44.831	664.545	1A02WE		rows for the workbook	BLD-EL-Fire Alarm Devices-vs-BLD-EL-Conduits & Conduit Fittings	0	0 in the document
09:58:44.832	664.546	1A02WE		test passed	BLD-EL-Fire Alarm Devices-vs-BLD-EL-Conduits & Conduit Fittings	0	ran and found nothing
09:58:45.029	664.743	1A02WE		rows for the workbook	BLD-EL-Fire Alarm Devices-vs-BLD-EL-Lighting Fixtures	0	0 in the document
09:58:45.030	664.744	1A02WE		test passed	BLD-EL-Fire Alarm Devices-vs-BLD-EL-Lighting Fixtures	0	ran and found nothing
09:58:45.217	664.931	1A02WE		rows for the workbook	BLD-EL-Fire Alarm Devices-vs-BLD-EL-Lighting Devices	0	0 in the document
09:58:45.218	664.932	1A02WE		test passed	BLD-EL-Fire Alarm Devices-vs-BLD-EL-Lighting Devices	0	ran and found nothing
09:58:46.470	666.184	1A02WE		set finding nothing	lcop_selection_set_tree/Architecture/BLD-AR-Stairs		lcop_selection_set_tree/Architecture/BLD-AR-Stairs   asks for "Stairs", WHICH MODELS IN THIS PROJECT DO CARRY, and still found nothing HERE. Either this group holds no model of that kind, which is ordinary, or something else is wrong, and this reader cannot tell which
09:58:46.471	666.185	1A02WE		set finding nothing	lcop_selection_set_tree/Architecture/BLD-AR-Ramps		lcop_selection_set_tree/Architecture/BLD-AR-Ramps   asks for "Ramps" and NO MODEL IN THIS PROJECT CARRIES IT, and nothing the models carry is close to it
09:58:46.472	666.185	1A02WE		set finding nothing	lcop_selection_set_tree/Architecture/BLD-AR-Roofs		lcop_selection_set_tree/Architecture/BLD-AR-Roofs   asks for "Roofs" and NO MODEL IN THIS PROJECT CARRIES IT. The nearest the models carry is "Doors", which is a suggestion and not a correction
09:58:46.473	666.186	1A02WE		set finding nothing	lcop_selection_set_tree/Architecture/BLD-AR-Ceilings		lcop_selection_set_tree/Architecture/BLD-AR-Ceilings   asks for "Ceilings", WHICH MODELS IN THIS PROJECT DO CARRY, and still found nothing HERE. Either this group holds no model of that kind, which is ordinary, or something else is wrong, and this reader cannot tell which
09:58:46.473	666.187	1A02WE		set finding nothing	lcop_selection_set_tree/Architecture/BLD-AR-Columns		lcop_selection_set_tree/Architecture/BLD-AR-Columns   asks for "Columns" and NO MODEL IN THIS PROJECT CARRIES IT, and nothing the models carry is close to it
09:58:46.474	666.187	1A02WE		set finding nothing	lcop_selection_set_tree/Architecture/BLD-AR-Curtain Panels		lcop_selection_set_tree/Architecture/BLD-AR-Curtain Panels   asks for "Curtain Panels", WHICH MODELS IN THIS PROJECT DO CARRY, and still found nothing HERE. Either this group holds no model of that kind, which is ordinary, or something else is wrong, and this reader cannot tell which
09:58:46.475	666.188	1A02WE		set finding nothing	lcop_selection_set_tree/Architecture/BLD-AR-Curtain Mullions		lcop_selection_set_tree/Architecture/BLD-AR-Curtain Mullions   asks for "Curtain Wall Mullions", WHICH MODELS IN THIS PROJECT DO CARRY, and still found nothing HERE. Either this group holds no model of that kind, which is ordinary, or something else is wrong, and this reader cannot tell which
09:58:46.475	666.189	1A02WE		set finding nothing	lcop_selection_set_tree/Architecture/BLD-AR-Casework		lcop_selection_set_tree/Architecture/BLD-AR-Casework   asks for "Casework" and NO MODEL IN THIS PROJECT CARRIES IT, and nothing the models carry is close to it
09:58:46.476	666.190	1A02WE		set finding nothing	lcop_selection_set_tree/Architecture/BLD-AR-Furniture		lcop_selection_set_tree/Architecture/BLD-AR-Furniture   asks for "Furniture", WHICH MODELS IN THIS PROJECT DO CARRY, and still found nothing HERE. Either this group holds no model of that kind, which is ordinary, or something else is wrong, and this reader cannot tell which
09:58:46.477	666.190	1A02WE		set finding nothing	lcop_selection_set_tree/Architecture/BLD-AR-Parking		lcop_selection_set_tree/Architecture/BLD-AR-Parking   asks for "Parking" and NO MODEL IN THIS PROJECT CARRIES IT, and nothing the models carry is close to it
09:58:46.477	666.191	1A02WE		set finding nothing	lcop_selection_set_tree/Architecture/BLD-AR-Railings		lcop_selection_set_tree/Architecture/BLD-AR-Railings   asks for "Railings" and NO MODEL IN THIS PROJECT CARRIES IT. The nearest the models carry is "Ceilings", which is a suggestion and not a correction
09:58:46.478	666.192	1A02WE		set finding nothing	lcop_selection_set_tree/Architecture/BLD-AR-Site		lcop_selection_set_tree/Architecture/BLD-AR-Site   asks for "Site", WHICH MODELS IN THIS PROJECT DO CARRY, and still found nothing HERE. Either this group holds no model of that kind, which is ordinary, or something else is wrong, and this reader cannot tell which
09:58:46.479	666.192	1A02WE		set finding nothing	lcop_selection_set_tree/Structure/BLD-ST-Stair		lcop_selection_set_tree/Structure/BLD-ST-Stair   asks for "Stairs", WHICH MODELS IN THIS PROJECT DO CARRY, and still found nothing HERE. Either this group holds no model of that kind, which is ordinary, or something else is wrong, and this reader cannot tell which
09:58:46.480	666.193	1A02WE		set finding nothing	lcop_selection_set_tree/Mechanical/Mechanical-HVAC/BLD-ME-Ducts&Duct Fittings		lcop_selection_set_tree/Mechanical/Mechanical-HVAC/BLD-ME-Ducts&Duct Fittings   asks for "Ducts", WHICH MODELS IN THIS PROJECT DO CARRY, and still found nothing HERE. Either this group holds no model of that kind, which is ordinary, or something else is wrong, and this reader cannot tell which
09:58:46.480	666.194	1A02WE		set finding nothing	lcop_selection_set_tree/Mechanical/Mechanical-HVAC/BLD-ME-Duct Accessory		lcop_selection_set_tree/Mechanical/Mechanical-HVAC/BLD-ME-Duct Accessory   asks for "Duct Accessories", WHICH MODELS IN THIS PROJECT DO CARRY, and still found nothing HERE. Either this group holds no model of that kind, which is ordinary, or something else is wrong, and this reader cannot tell which
09:58:46.481	666.195	1A02WE		set finding nothing	lcop_selection_set_tree/Mechanical/Mechanical-HVAC/BLD-ME-Flex Ducts		lcop_selection_set_tree/Mechanical/Mechanical-HVAC/BLD-ME-Flex Ducts   asks for "Flex Ducts" and NO MODEL IN THIS PROJECT CARRIES IT, and nothing the models carry is close to it
09:58:46.482	666.195	1A02WE		set finding nothing	lcop_selection_set_tree/Mechanical/Mechanical-HVAC/BLD-ME-Air Terminals		lcop_selection_set_tree/Mechanical/Mechanical-HVAC/BLD-ME-Air Terminals   asks for "Air Terminals", WHICH MODELS IN THIS PROJECT DO CARRY, and still found nothing HERE. Either this group holds no model of that kind, which is ordinary, or something else is wrong, and this reader cannot tell which
09:58:46.482	666.196	1A02WE		set finding nothing	lcop_selection_set_tree/Mechanical/Mechanical-HVAC/BLD-ME-Pipes&Pipe Fittings		lcop_selection_set_tree/Mechanical/Mechanical-HVAC/BLD-ME-Pipes&Pipe Fittings   asks for "Pipes", WHICH MODELS IN THIS PROJECT DO CARRY, and still found nothing HERE. Either this group holds no model of that kind, which is ordinary, or something else is wrong, and this reader cannot tell which
09:58:46.483	666.197	1A02WE		set finding nothing	lcop_selection_set_tree/Mechanical/Mechanical-HVAC/BLD-ME-Pipe Accessories		lcop_selection_set_tree/Mechanical/Mechanical-HVAC/BLD-ME-Pipe Accessories   asks for "Pipe Accessories", WHICH MODELS IN THIS PROJECT DO CARRY, and still found nothing HERE. Either this group holds no model of that kind, which is ordinary, or something else is wrong, and this reader cannot tell which
09:58:46.483	666.197	1A02WE		set finding nothing	lcop_selection_set_tree/Mechanical/Mechanical-HVAC/BLD-ME-Plumbing Fixtures		lcop_selection_set_tree/Mechanical/Mechanical-HVAC/BLD-ME-Plumbing Fixtures   asks for "Plumbing Fixtures", WHICH MODELS IN THIS PROJECT DO CARRY, and still found nothing HERE. Either this group holds no model of that kind, which is ordinary, or something else is wrong, and this reader cannot tell which
09:58:46.485	666.198	1A02WE		set finding nothing	lcop_selection_set_tree/Mechanical/Mechanical-HVAC/BLD-ME-Flex Pipes		lcop_selection_set_tree/Mechanical/Mechanical-HVAC/BLD-ME-Flex Pipes   asks for "Flex Pipes", WHICH MODELS IN THIS PROJECT DO CARRY, and still found nothing HERE. Either this group holds no model of that kind, which is ordinary, or something else is wrong, and this reader cannot tell which
09:58:46.485	666.199	1A02WE		set finding nothing	lcop_selection_set_tree/Mechanical/Mechanical-Fire Fighting/BLD-FF-Mechanical Equipment		lcop_selection_set_tree/Mechanical/Mechanical-Fire Fighting/BLD-FF-Mechanical Equipment   asks for "FF-FIRE FIGHTING" and NO MODEL IN THIS PROJECT CARRIES IT, and nothing the models carry is close to it
09:58:46.486	666.200	1A02WE		set finding nothing	lcop_selection_set_tree/Mechanical/Mechanical-Fire Fighting/BLD-FF-Pipes & Pipe Fittings		lcop_selection_set_tree/Mechanical/Mechanical-Fire Fighting/BLD-FF-Pipes & Pipe Fittings   asks for "FP-PIPING" and NO MODEL IN THIS PROJECT CARRIES IT. The nearest the models carry is "ME-Piping", which is a suggestion and not a correction
09:58:46.487	666.200	1A02WE		set finding nothing	lcop_selection_set_tree/Mechanical/Mechanical-Fire Fighting/BLD-FF-Pipe Accessories		lcop_selection_set_tree/Mechanical/Mechanical-Fire Fighting/BLD-FF-Pipe Accessories   asks for "FP-PIPING" and NO MODEL IN THIS PROJECT CARRIES IT. The nearest the models carry is "ME-Piping", which is a suggestion and not a correction
09:58:46.488	666.201	1A02WE		set finding nothing	lcop_selection_set_tree/Mechanical/Mechanical-Fire Fighting/BLD-FF-Pipe Insulations		lcop_selection_set_tree/Mechanical/Mechanical-Fire Fighting/BLD-FF-Pipe Insulations   asks for "Pipe Insulation" and NO MODEL IN THIS PROJECT CARRIES IT, and nothing the models carry is close to it
09:58:46.488	666.202	1A02WE		set finding nothing	lcop_selection_set_tree/Mechanical/Mechanical-Fire Fighting/BLD-FF-Plumbing Fixtures		lcop_selection_set_tree/Mechanical/Mechanical-Fire Fighting/BLD-FF-Plumbing Fixtures   asks for "FF-FIRE FIGHTING" and NO MODEL IN THIS PROJECT CARRIES IT, and nothing the models carry is close to it
09:58:46.488	666.203	1A02WE		set finding nothing	lcop_selection_set_tree/Mechanical/Mechanical-Fire Fighting/BLD-FF-Sprinklers		lcop_selection_set_tree/Mechanical/Mechanical-Fire Fighting/BLD-FF-Sprinklers   asks for "FP-PIPING" and NO MODEL IN THIS PROJECT CARRIES IT. The nearest the models carry is "ME-Piping", which is a suggestion and not a correction
09:58:46.490	666.203	1A02WE		set finding nothing	lcop_selection_set_tree/Mechanical/Mechanical-Water Supply/BLD-PL-Mechanical Equipment		lcop_selection_set_tree/Mechanical/Mechanical-Water Supply/BLD-PL-Mechanical Equipment   asks for "Mechanical Equipment", WHICH MODELS IN THIS PROJECT DO CARRY, and still found nothing HERE. Either this group holds no model of that kind, which is ordinary, or something else is wrong, and this reader cannot tell which
09:58:46.491	666.204	1A02WE		set finding nothing	lcop_selection_set_tree/Mechanical/Mechanical-Water Supply/BLD-PL-Pipes & Pipe Fittings		lcop_selection_set_tree/Mechanical/Mechanical-Water Supply/BLD-PL-Pipes & Pipe Fittings   asks for "Pipes", WHICH MODELS IN THIS PROJECT DO CARRY, and still found nothing HERE. Either this group holds no model of that kind, which is ordinary, or something else is wrong, and this reader cannot tell which
09:58:46.491	666.205	1A02WE		set finding nothing	lcop_selection_set_tree/Mechanical/Mechanical-Water Supply/BLD-PL-Pipe Accessories		lcop_selection_set_tree/Mechanical/Mechanical-Water Supply/BLD-PL-Pipe Accessories   asks for "Pipe Accessories", WHICH MODELS IN THIS PROJECT DO CARRY, and still found nothing HERE. Either this group holds no model of that kind, which is ordinary, or something else is wrong, and this reader cannot tell which
09:58:46.492	666.205	1A02WE		set finding nothing	lcop_selection_set_tree/Mechanical/Mechanical-Water Supply/BLD-PL-Pipe Insulations		lcop_selection_set_tree/Mechanical/Mechanical-Water Supply/BLD-PL-Pipe Insulations   asks for "Pipe Insulation" and NO MODEL IN THIS PROJECT CARRIES IT, and nothing the models carry is close to it
09:58:46.492	666.206	1A02WE		set finding nothing	lcop_selection_set_tree/Mechanical/Mechanical-Water Supply/BLD-PL-Plumbing Fixtures		lcop_selection_set_tree/Mechanical/Mechanical-Water Supply/BLD-PL-Plumbing Fixtures   asks for "Plumbing Fixtures", WHICH MODELS IN THIS PROJECT DO CARRY, and still found nothing HERE. Either this group holds no model of that kind, which is ordinary, or something else is wrong, and this reader cannot tell which
09:58:46.493	666.207	1A02WE		set finding nothing	lcop_selection_set_tree/Mechanical/Mechanical-Drainage/BLD-DR-Mechanical Equipment		lcop_selection_set_tree/Mechanical/Mechanical-Drainage/BLD-DR-Mechanical Equipment   asks for "Mechanical Equipment", WHICH MODELS IN THIS PROJECT DO CARRY, and still found nothing HERE. Either this group holds no model of that kind, which is ordinary, or something else is wrong, and this reader cannot tell which
09:58:46.494	666.208	1A02WE		set finding nothing	lcop_selection_set_tree/Mechanical/Mechanical-Drainage/BLD-DR-Pipe Accessories		lcop_selection_set_tree/Mechanical/Mechanical-Drainage/BLD-DR-Pipe Accessories   asks for "Pipe Accessories", WHICH MODELS IN THIS PROJECT DO CARRY, and still found nothing HERE. Either this group holds no model of that kind, which is ordinary, or something else is wrong, and this reader cannot tell which
09:58:46.494	666.208	1A02WE		set finding nothing	lcop_selection_set_tree/Mechanical/Mechanical-Drainage/BLD-DR-Pipe Insulations		lcop_selection_set_tree/Mechanical/Mechanical-Drainage/BLD-DR-Pipe Insulations   asks for "Pipe Insulation" and NO MODEL IN THIS PROJECT CARRIES IT, and nothing the models carry is close to it
09:58:46.495	666.209	1A02WE		set finding nothing	lcop_selection_set_tree/Electrical/BLD-EL-Cable Tray&Cable Tray Fittings		lcop_selection_set_tree/Electrical/BLD-EL-Cable Tray&Cable Tray Fittings   asks for "Cable Tray" and NO MODEL IN THIS PROJECT CARRIES IT. The nearest the models carry is "Cable Trays", which is a suggestion and not a correction
09:58:46.496	666.210	1A02WE		set finding nothing	lcop_selection_set_tree/Electrical/BLD-EL-Devices		lcop_selection_set_tree/Electrical/BLD-EL-Devices   asks for "Devices" and NO MODEL IN THIS PROJECT CARRIES IT, and nothing the models carry is close to it
09:58:46.497	666.211	1A02WE		set finding nothing	lcop_selection_set_tree/Electrical/BLD-EL-Telecom Equipment		lcop_selection_set_tree/Electrical/BLD-EL-Telecom Equipment   asks for "Telephone Equipment" and NO MODEL IN THIS PROJECT CARRIES IT, and nothing the models carry is close to it
09:58:46.497	666.211	1A02WE		set finding nothing	lcop_selection_set_tree/Electrical/BLD-EL-Telecom Fixtures		lcop_selection_set_tree/Electrical/BLD-EL-Telecom Fixtures   asks for "Telephone Devices" and NO MODEL IN THIS PROJECT CARRIES IT, and nothing the models carry is close to it
09:58:46.498	666.212	1A02WE		set finding nothing	lcop_selection_set_tree/Electrical/BLD-Security Devices		lcop_selection_set_tree/Electrical/BLD-Security Devices   asks for "Security Devices", WHICH MODELS IN THIS PROJECT DO CARRY, and still found nothing HERE. Either this group holds no model of that kind, which is ordinary, or something else is wrong, and this reader cannot tell which
09:58:46.499	666.213	1A02WE		set finding nothing	lcop_selection_set_tree/Electrical/BLD-EL-Communication Devices		lcop_selection_set_tree/Electrical/BLD-EL-Communication Devices   asks for "Communication Devices", WHICH MODELS IN THIS PROJECT DO CARRY, and still found nothing HERE. Either this group holds no model of that kind, which is ordinary, or something else is wrong, and this reader cannot tell which
09:58:46.499	666.213	1A02WE		set finding nothing	lcop_selection_set_tree/Electrical/BLD-EL-Telephone Devices		lcop_selection_set_tree/Electrical/BLD-EL-Telephone Devices   asks for "Telephone Devices" and NO MODEL IN THIS PROJECT CARRIES IT, and nothing the models carry is close to it
09:58:46.500	666.214	1A02WE		set finding nothing	lcop_selection_set_tree/Electrical/BLD-EL-Data Devices		lcop_selection_set_tree/Electrical/BLD-EL-Data Devices   asks for "Data Devices", WHICH MODELS IN THIS PROJECT DO CARRY, and still found nothing HERE. Either this group holds no model of that kind, which is ordinary, or something else is wrong, and this reader cannot tell which
09:58:46.840	666.553	1A02WE	VIEWS	step started	VIEWS	0	
09:58:46.857	666.571	1A02WE	VIEWS	census before	models	4	
09:58:46.858	666.572	1A02WE	VIEWS	census before	sets	61	
09:58:46.859	666.572	1A02WE	VIEWS	census before	tests	1830	
09:58:46.859	666.573	1A02WE	VIEWS	census before	results	29	
09:58:46.860	666.574	1A02WE	VIEWS	census before	views	52	
09:58:47.176	666.890	1A02WE		census after	models	4	
09:58:47.177	666.891	1A02WE		census after	sets	61	
09:58:47.178	666.891	1A02WE		census after	tests	1830	
09:58:47.179	666.892	1A02WE		census after	results	29	
09:58:47.179	666.893	1A02WE		census after	views	52	
09:58:47.188	666.902	1A02WE		step finished	VIEWS	0.334	0 created, 16 already there.
09:58:47.408	667.122	1A02WE	NWF SAVE	step started	NWF SAVE	0	
09:58:47.424	667.138	1A02WE	NWF SAVE	census before	models	4	
09:58:47.425	667.139	1A02WE	NWF SAVE	census before	sets	61	
09:58:47.425	667.139	1A02WE	NWF SAVE	census before	tests	1830	
09:58:47.426	667.140	1A02WE	NWF SAVE	census before	results	29	
09:58:47.427	667.141	1A02WE	NWF SAVE	census before	views	52	
09:58:47.610	667.324	1A02WE	NWF SAVE	written	NWF	481760	C:\\00-NM\\Federation Task\\C02 + 04\\C02\\NWF\\1104-PAR-1A02WE-ZZZ-BM-MOD-000001.nwf
09:58:47.623	667.337	1A02WE		census after	models	4	
09:58:47.624	667.338	1A02WE		census after	sets	61	
09:58:47.624	667.339	1A02WE		census after	tests	1830	
09:58:47.626	667.339	1A02WE		census after	results	29	
09:58:47.627	667.340	1A02WE		census after	views	52	
09:58:47.635	667.349	1A02WE		step finished	NWF SAVE	0.21	saved 481760 bytes
09:58:47.651	667.365	1A02WE	WORKBOOK	step started	WORKBOOK	0	
09:58:47.664	667.378	1A02WE	WORKBOOK	census before	models	4	
09:58:47.665	667.378	1A02WE	WORKBOOK	census before	sets	61	
09:58:47.665	667.379	1A02WE	WORKBOOK	census before	tests	1830	
09:58:47.667	667.380	1A02WE	WORKBOOK	census before	results	29	
09:58:47.667	667.381	1A02WE	WORKBOOK	census before	views	52	
09:58:48.860	668.573	1A02WE	WORKBOOK	written	XLSX	107571	C:\\00-NM\\Federation Task\\C02 + 04\\C02\\Clash Report\\1104-PAR-1A02WE-ZZZ-BM-MOD-000001.xlsx
09:58:49.079	668.793	1A02WE		census after	models	4	
09:58:49.080	668.794	1A02WE		census after	sets	61	
09:58:49.080	668.794	1A02WE		census after	tests	1830	
09:58:49.081	668.795	1A02WE		census after	results	29	
09:58:49.082	668.796	1A02WE		census after	views	52	
09:58:49.091	668.804	1A02WE		step finished	WORKBOOK	1.423	wrote 107571 bytes
09:58:49.100	668.813	1A02WE	HTML	step started	HTML	0	
09:58:49.112	668.826	1A02WE	HTML	census before	models	4	
09:58:49.113	668.826	1A02WE	HTML	census before	sets	61	
09:58:49.113	668.827	1A02WE	HTML	census before	tests	1830	
09:58:49.114	668.828	1A02WE	HTML	census before	results	29	
09:58:49.115	668.829	1A02WE	HTML	census before	views	52	
09:58:49.250	668.964	1A02WE	HTML	written	HTML	3884533	C:\\00-NM\\Federation Task\\C02 + 04\\C02\\Clash Report\\1104-PAR-1A02WE-ZZZ-BM-MOD-000001.html
09:58:49.562	669.276	1A02WE		census after	models	4	
09:58:49.563	669.277	1A02WE		census after	sets	61	
09:58:49.564	669.278	1A02WE		census after	tests	1830	
09:58:49.565	669.279	1A02WE		census after	results	29	
09:58:49.565	669.279	1A02WE		census after	views	52	
09:58:49.574	669.288	1A02WE		step finished	HTML	0.459	wrote 3884533 bytes
09:58:49.591	669.305	1A02WE	NWD	step started	NWD	0	
09:58:49.603	669.317	1A02WE	NWD	census before	models	4	
09:58:49.604	669.318	1A02WE	NWD	census before	sets	61	
09:58:49.605	669.319	1A02WE	NWD	census before	tests	1830	
09:58:49.605	669.319	1A02WE	NWD	census before	results	29	
09:58:49.606	669.320	1A02WE	NWD	census before	views	52	
09:58:49.859	669.573	1A02WE	NWD	written	NWD	1115240	C:\\00-NM\\Federation Task\\C02 + 04\\C02\\NWD\\1104-PAR-1A02WE-ZZZ-BM-MOD-000001.nwd
09:58:49.875	669.589	1A02WE		census after	models	4	
09:58:49.877	669.590	1A02WE		census after	sets	61	
09:58:49.877	669.591	1A02WE		census after	tests	1830	
09:58:49.878	669.591	1A02WE		census after	results	29	
09:58:49.879	669.592	1A02WE		census after	views	52	
09:58:49.888	669.601	1A02WE		step finished	NWD	0.278	published 1115240 bytes
09:58:49.896	669.610	1A02WE	CONFIRM	step started	CONFIRM	0	
09:58:49.909	669.623	1A02WE	CONFIRM	census before	models	4	
09:58:49.910	669.624	1A02WE	CONFIRM	census before	sets	61	
09:58:49.911	669.624	1A02WE	CONFIRM	census before	tests	1830	
09:58:49.912	669.625	1A02WE	CONFIRM	census before	results	29	
09:58:49.912	669.626	1A02WE	CONFIRM	census before	views	52	
09:58:49.944	669.658	1A02WE		census after	models	4	
09:58:49.944	669.658	1A02WE		census after	sets	61	
09:58:49.945	669.659	1A02WE		census after	tests	1830	
09:58:49.945	669.660	1A02WE		census after	results	29	
09:58:49.946	669.660	1A02WE		census after	views	52	
09:58:49.956	669.670	1A02WE		step finished	CONFIRM	0.042	the NWF is 481760 bytes
09:58:50.042	669.756	1A02WE		gap	Family	58	it would belong in a workbook column of ours, which is Q25
09:58:50.042	669.756	1A02WE		gap	Type Name	58	it would belong in a workbook column of ours, which is Q25
09:58:50.042	669.757	1A02WE		gap	Material	38	it would belong in a workbook column of ours, which is Q25
09:58:50.044	669.758	1A02WE		gap	Id From	58	the ITEM IDS block counts it per property and no output names it per item
09:58:50.073	669.787	1A02WE		step total	TESTS RUN	17.736	
09:58:50.074	669.788	1A02WE		step total	HARVEST	3.402	
09:58:50.075	669.789	1A02WE		step total	IMAGES	0.694	
09:58:50.092	669.807			group finished	1A02WE	33.169	DONE Weekly run plus XML
09:58:50.290	670.004			timing	TESTS RUN	17.736	153 visits
09:58:50.291	670.005			timing	HARVEST	3.402	153 visits
09:58:50.292	670.006			timing	WORKBOOK	1.423	1 visits
09:58:50.293	670.007			timing	DECIDE	0.825	1 visits
09:58:50.294	670.007			timing	SETS	0.758	1 visits
09:58:50.295	670.008			timing	HTML	0.459	1 visits
09:58:50.295	670.009			timing	VIEWS	0.334	1 visits
09:58:50.296	670.009			timing	NWD	0.278	1 visits
09:58:50.297	670.010			timing	NWF SAVE	0.21	1 visits
09:58:50.298	670.011			timing	UNITS	0.057	1 visits
09:58:50.298	670.012			timing	CONFIRM	0.042	1 visits
09:58:50.299	670.012			timing nested	IMAGES	0.694	29 visits
09:58:50.477	670.191	1A02WL	DECIDE	step started	DECIDE	0	
09:58:50.486	670.200	1A02WL	DECIDE	census before	models	0	
09:58:50.487	670.201	1A02WL	DECIDE	census before	sets	0	
09:58:50.488	670.202	1A02WL	DECIDE	census before	tests	0	
09:58:50.489	670.203	1A02WL	DECIDE	census before	results	0	
09:58:50.490	670.203	1A02WL	DECIDE	census before	views	0	
09:58:51.741	671.455	1A02WL		census after	models	8	
09:58:51.742	671.456	1A02WL		census after	sets	62	
09:58:51.742	671.457	1A02WL		census after	tests	1830	
09:58:51.743	671.457	1A02WL		census after	results	135	
09:58:51.744	671.458	1A02WL		census after	views	198	
09:58:51.753	671.467	1A02WL		step finished	DECIDE	1.291	Weekly run plus XML
09:58:51.791	671.505	1A02WL	UNITS	step started	UNITS	0	
09:58:51.804	671.518	1A02WL	UNITS	census before	models	8	
09:58:51.805	671.519	1A02WL	UNITS	census before	sets	62	
09:58:51.806	671.519	1A02WL	UNITS	census before	tests	1830	
09:58:51.806	671.520	1A02WL	UNITS	census before	results	135	
09:58:51.807	671.521	1A02WL	UNITS	census before	views	198	
09:58:52.053	671.767	1A02WL		census after	models	8	
09:58:52.054	671.768	1A02WL		census after	sets	62	
09:58:52.055	671.768	1A02WL		census after	tests	1830	
09:58:52.055	671.769	1A02WL		census after	results	135	
09:58:52.056	671.770	1A02WL		census after	views	198	
09:58:52.066	671.780	1A02WL		step finished	UNITS	0.259	the document was asked for Meters
09:58:52.287	672.002	1A02WL		model placement	1104-PAR-1A02WL-ZZZ-ME-MOD-000001.nwc	0	PW3_Shared_Location
09:58:52.288	672.003	1A02WL		model placement	1104-PAR-1A02WL-ZZZ-ME-MOD-000002.nwc	0	SWLS-02 MECH
09:58:52.289	672.003	1A02WL		model placement	1104-PAR-1A02WL-ZZZ-ST-MOD-000001.nwc	200	LS
09:58:52.291	672.004	1A02WL		model placement	1104-PAR-1A02WL-ZZZ-ST-MOD-000002.nwc	0	PWPS_FUEL TANK 01
09:58:52.291	672.005	1A02WL		model placement	1104-PAR-1A02WL-ZZZ-ST-MOD-000003.nwc	1635.68	NHC-PUMP STATION
09:58:52.291	672.005	1A02WL		model placement	1104-PAR-1A02WL-ZZZ-ST-MOD-000004.nwc	-2750	Internal
09:58:52.292	672.006	1A02WL		model placement	1104-PAR-1A02WL-ZZZ-ST-MOD-000005.nwc	-2493.2	Internal
09:58:52.293	672.007	1A02WL		model placement	1104-PAR-1A02WL-ZZZ-ST-MOD-000007.nwc	1626.06	NHC-PUMP STATION
09:58:52.498	672.212	1A02WL		model export	1104-PAR-1A02WL-ZZZ-ME-MOD-000001.nwc	266	4 workset(s), element id 100%
09:58:52.500	672.213	1A02WL		model export	1104-PAR-1A02WL-ZZZ-ME-MOD-000002.nwc	443	3 workset(s), element id 100%
09:58:52.500	672.214	1A02WL		model export	1104-PAR-1A02WL-ZZZ-ST-MOD-000001.nwc	79	4 workset(s), element id 100%
09:58:52.500	672.215	1A02WL		model export	1104-PAR-1A02WL-ZZZ-ST-MOD-000002.nwc	4	1 workset(s), element id 100%
09:58:52.502	672.215	1A02WL		model export	1104-PAR-1A02WL-ZZZ-ST-MOD-000003.nwc	11	1 workset(s), element id 100%
09:58:52.502	672.216	1A02WL		model export	1104-PAR-1A02WL-ZZZ-ST-MOD-000004.nwc	2	1 workset(s), element id 100%
09:58:52.503	672.217	1A02WL		model export	1104-PAR-1A02WL-ZZZ-ST-MOD-000005.nwc	2	1 workset(s), element id 100%
09:58:52.504	672.217	1A02WL		model export	1104-PAR-1A02WL-ZZZ-ST-MOD-000007.nwc	11	2 workset(s), element id 100%
09:58:52.520	672.235	1A02WL	SETS	step started	SETS	0	
09:58:52.534	672.248	1A02WL	SETS	census before	models	8	
09:58:52.535	672.248	1A02WL	SETS	census before	sets	62	
09:58:52.535	672.249	1A02WL	SETS	census before	tests	1830	
09:58:52.536	672.250	1A02WL	SETS	census before	results	135	
09:58:52.537	672.250	1A02WL	SETS	census before	views	198	
09:58:53.559	673.273	1A02WL		census after	models	8	
09:58:53.560	673.274	1A02WL		census after	sets	61	
09:58:53.561	673.275	1A02WL		census after	tests	1830	
09:58:53.561	673.276	1A02WL		census after	results	135	
09:58:53.562	673.276	1A02WL		census after	views	198	
09:58:53.572	673.286	1A02WL		step finished	SETS	1.033	0 created, 61 already there, 0 finding items, 0 at zero.
09:58:53.826	673.539	1A02WL	TESTS RUN	step started	TESTS RUN	0	
09:58:53.838	673.552	1A02WL	TESTS RUN	census before	models	8	
09:58:53.839	673.553	1A02WL	TESTS RUN	census before	sets	61	
09:58:53.839	673.554	1A02WL	TESTS RUN	census before	tests	1830	
09:58:53.840	673.554	1A02WL	TESTS RUN	census before	results	135	
09:58:53.841	673.555	1A02WL	TESTS RUN	census before	views	198	
09:58:54.319	674.033	1A02WL		census after	models	8	
09:58:54.319	674.034	1A02WL		census after	sets	61	
09:58:54.321	674.034	1A02WL		census after	tests	1830	
09:58:54.321	674.035	1A02WL		census after	results	135	
09:58:54.322	674.036	1A02WL		census after	views	198	
09:58:54.331	674.045	1A02WL		step finished	TESTS RUN	0.489	BLD-ST-Columns-vs-BLD-ST-Foundation
09:58:54.375	674.089	1A02WL	HARVEST	step started	HARVEST	0	
09:58:54.389	674.103	1A02WL	HARVEST	census before	models	8	
09:58:54.390	674.104	1A02WL	HARVEST	census before	sets	61	
09:58:54.390	674.104	1A02WL	HARVEST	census before	tests	1830	
09:58:54.391	674.105	1A02WL	HARVEST	census before	results	135	
09:58:54.392	674.106	1A02WL	HARVEST	census before	views	198	
09:58:54.439	674.152	1A02WL	IMAGES	step started	IMAGES	0	
09:58:54.451	674.165	1A02WL	IMAGES	census before	models	8	
09:58:54.452	674.165	1A02WL	IMAGES	census before	sets	61	
09:58:54.453	674.166	1A02WL	IMAGES	census before	tests	1830	
09:58:54.453	674.167	1A02WL	IMAGES	census before	results	135	
09:58:54.454	674.168	1A02WL	IMAGES	census before	views	198	
09:58:54.499	674.213	1A02WL	HARVEST	census after	models	8	
09:58:54.500	674.214	1A02WL	HARVEST	census after	sets	61	
09:58:54.501	674.214	1A02WL	HARVEST	census after	tests	1830	
09:58:54.502	674.215	1A02WL	HARVEST	census after	results	135	
09:58:54.502	674.216	1A02WL	HARVEST	census after	views	198	
09:58:54.511	674.224	1A02WL	HARVEST	step finished	IMAGES	0.05	BLD-ST-Columns-vs-BLD-ST-Foundation
09:58:54.562	674.276	1A02WL		census after	models	8	
09:58:54.563	674.277	1A02WL		census after	sets	61	
09:58:54.564	674.277	1A02WL		census after	tests	1830	
09:58:54.565	674.278	1A02WL		census after	results	135	
09:58:54.565	674.279	1A02WL		census after	views	198	
09:58:54.574	674.288	1A02WL		step finished	HARVEST	0.192	BLD-ST-Columns-vs-BLD-ST-Foundation
09:58:54.575	674.289	1A02WL		rows for the workbook	BLD-ST-Columns-vs-BLD-ST-Foundation	2	2 in the document
09:58:54.576	674.289	1A02WL		test found clashes	BLD-ST-Columns-vs-BLD-ST-Foundation	2	ran and found clashes
09:58:55.133	674.846	1A02WL		rows for the workbook	BLD-ST-Framing-vs-BLD-ST-Foundation	0	0 in the document
09:58:55.133	674.847	1A02WL		test passed	BLD-ST-Framing-vs-BLD-ST-Foundation	0	ran and found nothing
09:58:55.658	675.371	1A02WL		rows for the workbook	BLD-ST-Framing-vs-BLD-ST-Columns	0	0 in the document
09:58:55.659	675.372	1A02WL		test passed	BLD-ST-Framing-vs-BLD-ST-Columns	0	ran and found nothing
09:58:56.351	676.065	1A02WL		rows for the workbook	BLD-ST-Walls-vs-BLD-ST-Foundation	4	4 in the document
09:58:56.352	676.066	1A02WL		test found clashes	BLD-ST-Walls-vs-BLD-ST-Foundation	4	ran and found clashes
09:58:56.893	676.606	1A02WL		rows for the workbook	BLD-ST-Walls-vs-BLD-ST-Columns	0	0 in the document
09:58:56.893	676.607	1A02WL		test passed	BLD-ST-Walls-vs-BLD-ST-Columns	0	ran and found nothing
09:58:57.375	677.089	1A02WL		rows for the workbook	BLD-ST-Walls-vs-BLD-ST-Framing	0	0 in the document
09:58:57.376	677.090	1A02WL		test passed	BLD-ST-Walls-vs-BLD-ST-Framing	0	ran and found nothing
09:58:57.886	677.599	1A02WL		rows for the workbook	BLD-ST-Floors-vs-BLD-ST-Foundation	0	0 in the document
09:58:57.887	677.600	1A02WL		test passed	BLD-ST-Floors-vs-BLD-ST-Foundation	0	ran and found nothing
09:58:58.382	678.095	1A02WL		rows for the workbook	BLD-ST-Floors-vs-BLD-ST-Columns	0	0 in the document
09:58:58.383	678.096	1A02WL		test passed	BLD-ST-Floors-vs-BLD-ST-Columns	0	ran and found nothing
09:58:58.881	678.595	1A02WL		rows for the workbook	BLD-ST-Floors-vs-BLD-ST-Framing	0	0 in the document
09:58:58.882	678.596	1A02WL		test passed	BLD-ST-Floors-vs-BLD-ST-Framing	0	ran and found nothing
09:58:59.601	679.315	1A02WL		rows for the workbook	BLD-ST-Floors-vs-BLD-ST-Walls	5	5 in the document
09:58:59.602	679.316	1A02WL		test found clashes	BLD-ST-Floors-vs-BLD-ST-Walls	5	ran and found clashes
09:59:00.315	680.029	1A02WL		rows for the workbook	BLD-ME-Mechanical Equipment-vs-BLD-ST-Foundation	4	4 in the document
09:59:00.316	680.030	1A02WL		test found clashes	BLD-ME-Mechanical Equipment-vs-BLD-ST-Foundation	4	ran and found clashes
09:59:00.816	680.529	1A02WL		rows for the workbook	BLD-ME-Mechanical Equipment-vs-BLD-ST-Columns	0	0 in the document
09:59:00.817	680.530	1A02WL		test passed	BLD-ME-Mechanical Equipment-vs-BLD-ST-Columns	0	ran and found nothing
09:59:01.313	681.027	1A02WL		rows for the workbook	BLD-ME-Mechanical Equipment-vs-BLD-ST-Framing	0	0 in the document
09:59:01.314	681.028	1A02WL		test passed	BLD-ME-Mechanical Equipment-vs-BLD-ST-Framing	0	ran and found nothing
09:59:01.862	681.576	1A02WL		rows for the workbook	BLD-ME-Mechanical Equipment-vs-BLD-ST-Walls	2	2 in the document
09:59:01.863	681.577	1A02WL		test found clashes	BLD-ME-Mechanical Equipment-vs-BLD-ST-Walls	2	ran and found clashes
09:59:02.452	682.167	1A02WL		rows for the workbook	BLD-ME-Mechanical Equipment-vs-BLD-ST-Floors	2	2 in the document
09:59:02.453	682.168	1A02WL		test found clashes	BLD-ME-Mechanical Equipment-vs-BLD-ST-Floors	2	ran and found clashes
09:59:02.991	682.705	1A02WL		rows for the workbook	BLD-ME-Pipes&Pipe Fittings-vs-BLD-ST-Foundation	0	0 in the document
09:59:02.993	682.706	1A02WL		test passed	BLD-ME-Pipes&Pipe Fittings-vs-BLD-ST-Foundation	0	ran and found nothing
09:59:03.477	683.191	1A02WL		rows for the workbook	BLD-ME-Pipes&Pipe Fittings-vs-BLD-ST-Columns	0	0 in the document
09:59:03.478	683.192	1A02WL		test passed	BLD-ME-Pipes&Pipe Fittings-vs-BLD-ST-Columns	0	ran and found nothing
09:59:03.958	683.671	1A02WL		rows for the workbook	BLD-ME-Pipes&Pipe Fittings-vs-BLD-ST-Framing	0	0 in the document
09:59:03.959	683.672	1A02WL		test passed	BLD-ME-Pipes&Pipe Fittings-vs-BLD-ST-Framing	0	ran and found nothing
09:59:04.563	684.276	1A02WL		rows for the workbook	BLD-ME-Pipes&Pipe Fittings-vs-BLD-ST-Walls	3	3 in the document
09:59:04.564	684.277	1A02WL		test found clashes	BLD-ME-Pipes&Pipe Fittings-vs-BLD-ST-Walls	3	ran and found clashes
09:59:05.081	684.795	1A02WL		rows for the workbook	BLD-ME-Pipes&Pipe Fittings-vs-BLD-ST-Floors	0	0 in the document
09:59:05.082	684.796	1A02WL		test passed	BLD-ME-Pipes&Pipe Fittings-vs-BLD-ST-Floors	0	ran and found nothing
09:59:05.648	685.361	1A02WL		rows for the workbook	BLD-ME-Pipes&Pipe Fittings-vs-BLD-ME-Mechanical Equipment	2	2 in the document
09:59:05.648	685.362	1A02WL		test found clashes	BLD-ME-Pipes&Pipe Fittings-vs-BLD-ME-Mechanical Equipment	2	ran and found clashes
09:59:06.286	685.999	1A02WL		rows for the workbook	BLD-ME-Pipe Accessories-vs-BLD-ST-Foundation	4	4 in the document
09:59:06.287	686.000	1A02WL		test found clashes	BLD-ME-Pipe Accessories-vs-BLD-ST-Foundation	4	ran and found clashes
09:59:06.771	686.485	1A02WL		rows for the workbook	BLD-ME-Pipe Accessories-vs-BLD-ST-Columns	0	0 in the document
09:59:06.772	686.486	1A02WL		test passed	BLD-ME-Pipe Accessories-vs-BLD-ST-Columns	0	ran and found nothing
09:59:07.276	686.989	1A02WL		rows for the workbook	BLD-ME-Pipe Accessories-vs-BLD-ST-Framing	0	0 in the document
09:59:07.276	686.990	1A02WL		test passed	BLD-ME-Pipe Accessories-vs-BLD-ST-Framing	0	ran and found nothing
09:59:07.752	687.465	1A02WL		rows for the workbook	BLD-ME-Pipe Accessories-vs-BLD-ST-Walls	0	0 in the document
09:59:07.753	687.466	1A02WL		test passed	BLD-ME-Pipe Accessories-vs-BLD-ST-Walls	0	ran and found nothing
09:59:08.424	688.137	1A02WL		rows for the workbook	BLD-ME-Pipe Accessories-vs-BLD-ST-Floors	5	5 in the document
09:59:08.425	688.138	1A02WL		test found clashes	BLD-ME-Pipe Accessories-vs-BLD-ST-Floors	5	ran and found clashes
09:59:08.914	688.627	1A02WL		rows for the workbook	BLD-ME-Pipe Accessories-vs-BLD-ME-Mechanical Equipment	0	0 in the document
09:59:08.915	688.628	1A02WL		test passed	BLD-ME-Pipe Accessories-vs-BLD-ME-Mechanical Equipment	0	ran and found nothing
09:59:12.428	692.143	1A02WL		rows for the workbook	BLD-ME-Pipe Accessories-vs-BLD-ME-Pipes&Pipe Fittings	89	89 in the document
09:59:12.430	692.144	1A02WL		test found clashes	BLD-ME-Pipe Accessories-vs-BLD-ME-Pipes&Pipe Fittings	89	ran and found clashes
09:59:13.084	692.798	1A02WL		rows for the workbook	BLD-PL-Mechanical Equipment-vs-BLD-ST-Foundation	0	0 in the document
09:59:13.085	692.799	1A02WL		test passed	BLD-PL-Mechanical Equipment-vs-BLD-ST-Foundation	0	ran and found nothing
09:59:13.597	693.311	1A02WL		rows for the workbook	BLD-PL-Mechanical Equipment-vs-BLD-ST-Columns	0	0 in the document
09:59:13.598	693.312	1A02WL		test passed	BLD-PL-Mechanical Equipment-vs-BLD-ST-Columns	0	ran and found nothing
09:59:14.071	693.785	1A02WL		rows for the workbook	BLD-PL-Mechanical Equipment-vs-BLD-ST-Framing	0	0 in the document
09:59:14.072	693.785	1A02WL		test passed	BLD-PL-Mechanical Equipment-vs-BLD-ST-Framing	0	ran and found nothing
09:59:14.553	694.266	1A02WL		rows for the workbook	BLD-PL-Mechanical Equipment-vs-BLD-ST-Walls	0	0 in the document
09:59:14.554	694.267	1A02WL		test passed	BLD-PL-Mechanical Equipment-vs-BLD-ST-Walls	0	ran and found nothing
09:59:15.040	694.753	1A02WL		rows for the workbook	BLD-PL-Mechanical Equipment-vs-BLD-ST-Floors	0	0 in the document
09:59:15.041	694.754	1A02WL		test passed	BLD-PL-Mechanical Equipment-vs-BLD-ST-Floors	0	ran and found nothing
09:59:15.550	695.263	1A02WL		rows for the workbook	BLD-PL-Mechanical Equipment-vs-BLD-ME-Mechanical Equipment	0	0 in the document
09:59:15.551	695.264	1A02WL		test passed	BLD-PL-Mechanical Equipment-vs-BLD-ME-Mechanical Equipment	0	ran and found nothing
09:59:16.019	695.733	1A02WL		rows for the workbook	BLD-PL-Mechanical Equipment-vs-BLD-ME-Pipes&Pipe Fittings	0	0 in the document
09:59:16.020	695.733	1A02WL		test passed	BLD-PL-Mechanical Equipment-vs-BLD-ME-Pipes&Pipe Fittings	0	ran and found nothing
09:59:16.489	696.203	1A02WL		rows for the workbook	BLD-PL-Mechanical Equipment-vs-BLD-ME-Pipe Accessories	0	0 in the document
09:59:16.490	696.204	1A02WL		test passed	BLD-PL-Mechanical Equipment-vs-BLD-ME-Pipe Accessories	0	ran and found nothing
09:59:17.000	696.714	1A02WL		rows for the workbook	BLD-PL-Pipes & Pipe Fittings-vs-BLD-ST-Foundation	0	0 in the document
09:59:17.001	696.715	1A02WL		test passed	BLD-PL-Pipes & Pipe Fittings-vs-BLD-ST-Foundation	0	ran and found nothing
09:59:17.548	697.262	1A02WL		rows for the workbook	BLD-PL-Pipes & Pipe Fittings-vs-BLD-ST-Columns	0	0 in the document
09:59:17.549	697.263	1A02WL		test passed	BLD-PL-Pipes & Pipe Fittings-vs-BLD-ST-Columns	0	ran and found nothing
09:59:18.053	697.767	1A02WL		rows for the workbook	BLD-PL-Pipes & Pipe Fittings-vs-BLD-ST-Framing	0	0 in the document
09:59:18.054	697.767	1A02WL		test passed	BLD-PL-Pipes & Pipe Fittings-vs-BLD-ST-Framing	0	ran and found nothing
09:59:18.532	698.245	1A02WL		rows for the workbook	BLD-PL-Pipes & Pipe Fittings-vs-BLD-ST-Walls	0	0 in the document
09:59:18.533	698.246	1A02WL		test passed	BLD-PL-Pipes & Pipe Fittings-vs-BLD-ST-Walls	0	ran and found nothing
09:59:19.010	698.724	1A02WL		rows for the workbook	BLD-PL-Pipes & Pipe Fittings-vs-BLD-ST-Floors	0	0 in the document
09:59:19.011	698.724	1A02WL		test passed	BLD-PL-Pipes & Pipe Fittings-vs-BLD-ST-Floors	0	ran and found nothing
09:59:19.506	699.220	1A02WL		rows for the workbook	BLD-PL-Pipes & Pipe Fittings-vs-BLD-ME-Mechanical Equipment	0	0 in the document
09:59:19.507	699.221	1A02WL		test passed	BLD-PL-Pipes & Pipe Fittings-vs-BLD-ME-Mechanical Equipment	0	ran and found nothing
09:59:19.986	699.700	1A02WL		rows for the workbook	BLD-PL-Pipes & Pipe Fittings-vs-BLD-ME-Pipes&Pipe Fittings	0	0 in the document
09:59:19.987	699.701	1A02WL		test passed	BLD-PL-Pipes & Pipe Fittings-vs-BLD-ME-Pipes&Pipe Fittings	0	ran and found nothing
09:59:20.488	700.202	1A02WL		rows for the workbook	BLD-PL-Pipes & Pipe Fittings-vs-BLD-ME-Pipe Accessories	0	0 in the document
09:59:20.501	700.215	1A02WL		test passed	BLD-PL-Pipes & Pipe Fittings-vs-BLD-ME-Pipe Accessories	0	ran and found nothing
09:59:21.148	700.862	1A02WL		rows for the workbook	BLD-PL-Pipes & Pipe Fittings-vs-BLD-PL-Mechanical Equipment	4	4 in the document
09:59:21.149	700.863	1A02WL		test found clashes	BLD-PL-Pipes & Pipe Fittings-vs-BLD-PL-Mechanical Equipment	4	ran and found clashes
09:59:21.627	701.341	1A02WL		rows for the workbook	BLD-PL-Pipe Accessories-vs-BLD-ST-Foundation	0	0 in the document
09:59:21.628	701.342	1A02WL		test passed	BLD-PL-Pipe Accessories-vs-BLD-ST-Foundation	0	ran and found nothing
09:59:22.126	701.840	1A02WL		rows for the workbook	BLD-PL-Pipe Accessories-vs-BLD-ST-Columns	0	0 in the document
09:59:22.127	701.840	1A02WL		test passed	BLD-PL-Pipe Accessories-vs-BLD-ST-Columns	0	ran and found nothing
09:59:22.653	702.367	1A02WL		rows for the workbook	BLD-PL-Pipe Accessories-vs-BLD-ST-Framing	0	0 in the document
09:59:22.654	702.368	1A02WL		test passed	BLD-PL-Pipe Accessories-vs-BLD-ST-Framing	0	ran and found nothing
09:59:23.161	702.875	1A02WL		rows for the workbook	BLD-PL-Pipe Accessories-vs-BLD-ST-Walls	0	0 in the document
09:59:23.162	702.876	1A02WL		test passed	BLD-PL-Pipe Accessories-vs-BLD-ST-Walls	0	ran and found nothing
09:59:23.650	703.364	1A02WL		rows for the workbook	BLD-PL-Pipe Accessories-vs-BLD-ST-Floors	0	0 in the document
09:59:23.650	703.365	1A02WL		test passed	BLD-PL-Pipe Accessories-vs-BLD-ST-Floors	0	ran and found nothing
09:59:24.139	703.853	1A02WL		rows for the workbook	BLD-PL-Pipe Accessories-vs-BLD-ME-Mechanical Equipment	0	0 in the document
09:59:24.140	703.854	1A02WL		test passed	BLD-PL-Pipe Accessories-vs-BLD-ME-Mechanical Equipment	0	ran and found nothing
09:59:24.656	704.370	1A02WL		rows for the workbook	BLD-PL-Pipe Accessories-vs-BLD-ME-Pipes&Pipe Fittings	0	0 in the document
09:59:24.657	704.371	1A02WL		test passed	BLD-PL-Pipe Accessories-vs-BLD-ME-Pipes&Pipe Fittings	0	ran and found nothing
09:59:25.133	704.846	1A02WL		rows for the workbook	BLD-PL-Pipe Accessories-vs-BLD-ME-Pipe Accessories	0	0 in the document
09:59:25.134	704.847	1A02WL		test passed	BLD-PL-Pipe Accessories-vs-BLD-ME-Pipe Accessories	0	ran and found nothing
09:59:25.678	705.391	1A02WL		rows for the workbook	BLD-PL-Pipe Accessories-vs-BLD-PL-Mechanical Equipment	1	1 in the document
09:59:25.678	705.392	1A02WL		test found clashes	BLD-PL-Pipe Accessories-vs-BLD-PL-Mechanical Equipment	1	ran and found clashes
09:59:26.303	706.017	1A02WL		rows for the workbook	BLD-PL-Pipe Accessories-vs-BLD-PL-Pipes & Pipe Fittings	3	3 in the document
09:59:26.304	706.018	1A02WL		test found clashes	BLD-PL-Pipe Accessories-vs-BLD-PL-Pipes & Pipe Fittings	3	ran and found clashes
09:59:26.800	706.514	1A02WL		rows for the workbook	BLD-PL-Plumbing Fixtures-vs-BLD-ST-Foundation	0	0 in the document
09:59:26.802	706.515	1A02WL		test passed	BLD-PL-Plumbing Fixtures-vs-BLD-ST-Foundation	0	ran and found nothing
09:59:27.289	707.002	1A02WL		rows for the workbook	BLD-PL-Plumbing Fixtures-vs-BLD-ST-Columns	0	0 in the document
09:59:27.290	707.003	1A02WL		test passed	BLD-PL-Plumbing Fixtures-vs-BLD-ST-Columns	0	ran and found nothing
09:59:27.818	707.532	1A02WL		rows for the workbook	BLD-PL-Plumbing Fixtures-vs-BLD-ST-Framing	0	0 in the document
09:59:27.819	707.532	1A02WL		test passed	BLD-PL-Plumbing Fixtures-vs-BLD-ST-Framing	0	ran and found nothing
09:59:28.313	708.027	1A02WL		rows for the workbook	BLD-PL-Plumbing Fixtures-vs-BLD-ST-Walls	0	0 in the document
09:59:28.314	708.028	1A02WL		test passed	BLD-PL-Plumbing Fixtures-vs-BLD-ST-Walls	0	ran and found nothing
09:59:28.859	708.573	1A02WL		rows for the workbook	BLD-PL-Plumbing Fixtures-vs-BLD-ST-Floors	0	0 in the document
09:59:28.880	708.593	1A02WL		test passed	BLD-PL-Plumbing Fixtures-vs-BLD-ST-Floors	0	ran and found nothing
09:59:29.456	709.170	1A02WL		rows for the workbook	BLD-PL-Plumbing Fixtures-vs-BLD-ME-Mechanical Equipment	0	0 in the document
09:59:29.463	709.177	1A02WL		test passed	BLD-PL-Plumbing Fixtures-vs-BLD-ME-Mechanical Equipment	0	ran and found nothing
09:59:30.048	709.761	1A02WL		rows for the workbook	BLD-PL-Plumbing Fixtures-vs-BLD-ME-Pipes&Pipe Fittings	0	0 in the document
09:59:30.066	709.780	1A02WL		test passed	BLD-PL-Plumbing Fixtures-vs-BLD-ME-Pipes&Pipe Fittings	0	ran and found nothing
09:59:30.646	710.359	1A02WL		rows for the workbook	BLD-PL-Plumbing Fixtures-vs-BLD-ME-Pipe Accessories	0	0 in the document
09:59:30.668	710.381	1A02WL		test passed	BLD-PL-Plumbing Fixtures-vs-BLD-ME-Pipe Accessories	0	ran and found nothing
09:59:31.304	711.018	1A02WL		rows for the workbook	BLD-PL-Plumbing Fixtures-vs-BLD-PL-Mechanical Equipment	0	0 in the document
09:59:31.324	711.038	1A02WL		test passed	BLD-PL-Plumbing Fixtures-vs-BLD-PL-Mechanical Equipment	0	ran and found nothing
09:59:31.890	711.604	1A02WL		rows for the workbook	BLD-PL-Plumbing Fixtures-vs-BLD-PL-Pipes & Pipe Fittings	0	0 in the document
09:59:31.905	711.618	1A02WL		test passed	BLD-PL-Plumbing Fixtures-vs-BLD-PL-Pipes & Pipe Fittings	0	ran and found nothing
09:59:32.459	712.173	1A02WL		rows for the workbook	BLD-PL-Plumbing Fixtures-vs-BLD-PL-Pipe Accessories	0	0 in the document
09:59:32.479	712.192	1A02WL		test passed	BLD-PL-Plumbing Fixtures-vs-BLD-PL-Pipe Accessories	0	ran and found nothing
09:59:33.192	712.906	1A02WL		rows for the workbook	BLD-DR-Pipes & Pipe Fittings-vs-BLD-ST-Foundation	0	0 in the document
09:59:33.195	712.908	1A02WL		test passed	BLD-DR-Pipes & Pipe Fittings-vs-BLD-ST-Foundation	0	ran and found nothing
09:59:33.673	713.386	1A02WL		rows for the workbook	BLD-DR-Pipes & Pipe Fittings-vs-BLD-ST-Columns	0	0 in the document
09:59:33.674	713.387	1A02WL		test passed	BLD-DR-Pipes & Pipe Fittings-vs-BLD-ST-Columns	0	ran and found nothing
09:59:34.157	713.871	1A02WL		rows for the workbook	BLD-DR-Pipes & Pipe Fittings-vs-BLD-ST-Framing	0	0 in the document
09:59:34.158	713.872	1A02WL		test passed	BLD-DR-Pipes & Pipe Fittings-vs-BLD-ST-Framing	0	ran and found nothing
09:59:34.663	714.377	1A02WL		rows for the workbook	BLD-DR-Pipes & Pipe Fittings-vs-BLD-ST-Walls	0	0 in the document
09:59:34.665	714.378	1A02WL		test passed	BLD-DR-Pipes & Pipe Fittings-vs-BLD-ST-Walls	0	ran and found nothing
09:59:35.145	714.859	1A02WL		rows for the workbook	BLD-DR-Pipes & Pipe Fittings-vs-BLD-ST-Floors	0	0 in the document
09:59:35.146	714.859	1A02WL		test passed	BLD-DR-Pipes & Pipe Fittings-vs-BLD-ST-Floors	0	ran and found nothing
09:59:35.648	715.362	1A02WL		rows for the workbook	BLD-DR-Pipes & Pipe Fittings-vs-BLD-ME-Mechanical Equipment	0	0 in the document
09:59:35.650	715.363	1A02WL		test passed	BLD-DR-Pipes & Pipe Fittings-vs-BLD-ME-Mechanical Equipment	0	ran and found nothing
09:59:36.131	715.845	1A02WL		rows for the workbook	BLD-DR-Pipes & Pipe Fittings-vs-BLD-ME-Pipes&Pipe Fittings	0	0 in the document
09:59:36.132	715.845	1A02WL		test passed	BLD-DR-Pipes & Pipe Fittings-vs-BLD-ME-Pipes&Pipe Fittings	0	ran and found nothing
09:59:36.640	716.353	1A02WL		rows for the workbook	BLD-DR-Pipes & Pipe Fittings-vs-BLD-ME-Pipe Accessories	0	0 in the document
09:59:36.641	716.354	1A02WL		test passed	BLD-DR-Pipes & Pipe Fittings-vs-BLD-ME-Pipe Accessories	0	ran and found nothing
09:59:37.134	716.847	1A02WL		rows for the workbook	BLD-DR-Pipes & Pipe Fittings-vs-BLD-PL-Mechanical Equipment	0	0 in the document
09:59:37.135	716.848	1A02WL		test passed	BLD-DR-Pipes & Pipe Fittings-vs-BLD-PL-Mechanical Equipment	0	ran and found nothing
09:59:37.641	717.355	1A02WL		rows for the workbook	BLD-DR-Pipes & Pipe Fittings-vs-BLD-PL-Pipes & Pipe Fittings	0	0 in the document
09:59:37.642	717.356	1A02WL		test passed	BLD-DR-Pipes & Pipe Fittings-vs-BLD-PL-Pipes & Pipe Fittings	0	ran and found nothing
09:59:38.131	717.844	1A02WL		rows for the workbook	BLD-DR-Pipes & Pipe Fittings-vs-BLD-PL-Pipe Accessories	0	0 in the document
09:59:38.132	717.846	1A02WL		test passed	BLD-DR-Pipes & Pipe Fittings-vs-BLD-PL-Pipe Accessories	0	ran and found nothing
09:59:38.614	718.328	1A02WL		rows for the workbook	BLD-DR-Pipes & Pipe Fittings-vs-BLD-PL-Plumbing Fixtures	0	0 in the document
09:59:38.615	718.329	1A02WL		test passed	BLD-DR-Pipes & Pipe Fittings-vs-BLD-PL-Plumbing Fixtures	0	ran and found nothing
09:59:39.128	718.842	1A02WL		rows for the workbook	BLD-DR-Plumbing Fixtures-vs-BLD-ST-Foundation	0	0 in the document
09:59:39.129	718.842	1A02WL		test passed	BLD-DR-Plumbing Fixtures-vs-BLD-ST-Foundation	0	ran and found nothing
09:59:39.614	719.328	1A02WL		rows for the workbook	BLD-DR-Plumbing Fixtures-vs-BLD-ST-Columns	0	0 in the document
09:59:39.615	719.329	1A02WL		test passed	BLD-DR-Plumbing Fixtures-vs-BLD-ST-Columns	0	ran and found nothing
09:59:40.095	719.809	1A02WL		rows for the workbook	BLD-DR-Plumbing Fixtures-vs-BLD-ST-Framing	0	0 in the document
09:59:40.096	719.810	1A02WL		test passed	BLD-DR-Plumbing Fixtures-vs-BLD-ST-Framing	0	ran and found nothing
09:59:40.583	720.296	1A02WL		rows for the workbook	BLD-DR-Plumbing Fixtures-vs-BLD-ST-Walls	0	0 in the document
09:59:40.584	720.297	1A02WL		test passed	BLD-DR-Plumbing Fixtures-vs-BLD-ST-Walls	0	ran and found nothing
09:59:41.066	720.780	1A02WL		rows for the workbook	BLD-DR-Plumbing Fixtures-vs-BLD-ST-Floors	0	0 in the document
09:59:41.067	720.781	1A02WL		test passed	BLD-DR-Plumbing Fixtures-vs-BLD-ST-Floors	0	ran and found nothing
09:59:41.550	721.264	1A02WL		rows for the workbook	BLD-DR-Plumbing Fixtures-vs-BLD-ME-Mechanical Equipment	0	0 in the document
09:59:41.551	721.265	1A02WL		test passed	BLD-DR-Plumbing Fixtures-vs-BLD-ME-Mechanical Equipment	0	ran and found nothing
09:59:42.039	721.753	1A02WL		rows for the workbook	BLD-DR-Plumbing Fixtures-vs-BLD-ME-Pipes&Pipe Fittings	0	0 in the document
09:59:42.041	721.754	1A02WL		test passed	BLD-DR-Plumbing Fixtures-vs-BLD-ME-Pipes&Pipe Fittings	0	ran and found nothing
09:59:42.541	722.255	1A02WL		rows for the workbook	BLD-DR-Plumbing Fixtures-vs-BLD-ME-Pipe Accessories	0	0 in the document
09:59:42.542	722.256	1A02WL		test passed	BLD-DR-Plumbing Fixtures-vs-BLD-ME-Pipe Accessories	0	ran and found nothing
09:59:43.018	722.732	1A02WL		rows for the workbook	BLD-DR-Plumbing Fixtures-vs-BLD-PL-Mechanical Equipment	0	0 in the document
09:59:43.019	722.733	1A02WL		test passed	BLD-DR-Plumbing Fixtures-vs-BLD-PL-Mechanical Equipment	0	ran and found nothing
09:59:43.528	723.242	1A02WL		rows for the workbook	BLD-DR-Plumbing Fixtures-vs-BLD-PL-Pipes & Pipe Fittings	0	0 in the document
09:59:43.529	723.242	1A02WL		test passed	BLD-DR-Plumbing Fixtures-vs-BLD-PL-Pipes & Pipe Fittings	0	ran and found nothing
09:59:44.008	723.722	1A02WL		rows for the workbook	BLD-DR-Plumbing Fixtures-vs-BLD-PL-Pipe Accessories	0	0 in the document
09:59:44.008	723.723	1A02WL		test passed	BLD-DR-Plumbing Fixtures-vs-BLD-PL-Pipe Accessories	0	ran and found nothing
09:59:44.501	724.215	1A02WL		rows for the workbook	BLD-DR-Plumbing Fixtures-vs-BLD-PL-Plumbing Fixtures	0	0 in the document
09:59:44.502	724.216	1A02WL		test passed	BLD-DR-Plumbing Fixtures-vs-BLD-PL-Plumbing Fixtures	0	ran and found nothing
09:59:45.128	724.843	1A02WL		rows for the workbook	BLD-DR-Plumbing Fixtures-vs-BLD-DR-Pipes & Pipe Fittings	5	5 in the document
09:59:45.130	724.844	1A02WL		test found clashes	BLD-DR-Plumbing Fixtures-vs-BLD-DR-Pipes & Pipe Fittings	5	ran and found clashes
09:59:46.713	726.426	1A02WL		set finding nothing	lcop_selection_set_tree/Architecture/BLD-AR-Floors		lcop_selection_set_tree/Architecture/BLD-AR-Floors   asks for "Floors", WHICH MODELS IN THIS PROJECT DO CARRY, and still found nothing HERE. Either this group holds no model of that kind, which is ordinary, or something else is wrong, and this reader cannot tell which
09:59:46.714	726.427	1A02WL		set finding nothing	lcop_selection_set_tree/Architecture/BLD-AR-Stairs		lcop_selection_set_tree/Architecture/BLD-AR-Stairs   asks for "Stairs", WHICH MODELS IN THIS PROJECT DO CARRY, and still found nothing HERE. Either this group holds no model of that kind, which is ordinary, or something else is wrong, and this reader cannot tell which
09:59:46.714	726.428	1A02WL		set finding nothing	lcop_selection_set_tree/Architecture/BLD-AR-Ramps		lcop_selection_set_tree/Architecture/BLD-AR-Ramps   asks for "Ramps" and NO MODEL IN THIS PROJECT CARRIES IT, and nothing the models carry is close to it
09:59:46.715	726.429	1A02WL		set finding nothing	lcop_selection_set_tree/Architecture/BLD-AR-Roofs		lcop_selection_set_tree/Architecture/BLD-AR-Roofs   asks for "Roofs" and NO MODEL IN THIS PROJECT CARRIES IT. The nearest the models carry is "Doors", which is a suggestion and not a correction
09:59:46.716	726.429	1A02WL		set finding nothing	lcop_selection_set_tree/Architecture/BLD-AR-Ceilings		lcop_selection_set_tree/Architecture/BLD-AR-Ceilings   asks for "Ceilings", WHICH MODELS IN THIS PROJECT DO CARRY, and still found nothing HERE. Either this group holds no model of that kind, which is ordinary, or something else is wrong, and this reader cannot tell which
09:59:46.716	726.430	1A02WL		set finding nothing	lcop_selection_set_tree/Architecture/BLD-AR-Columns		lcop_selection_set_tree/Architecture/BLD-AR-Columns   asks for "Columns" and NO MODEL IN THIS PROJECT CARRIES IT, and nothing the models carry is close to it
09:59:46.717	726.431	1A02WL		set finding nothing	lcop_selection_set_tree/Architecture/BLD-AR-Walls		lcop_selection_set_tree/Architecture/BLD-AR-Walls   asks for "Walls", WHICH MODELS IN THIS PROJECT DO CARRY, and still found nothing HERE. Either this group holds no model of that kind, which is ordinary, or something else is wrong, and this reader cannot tell which
09:59:46.718	726.432	1A02WL		set finding nothing	lcop_selection_set_tree/Architecture/BLD-AR-Windows		lcop_selection_set_tree/Architecture/BLD-AR-Windows   asks for "Windows", WHICH MODELS IN THIS PROJECT DO CARRY, and still found nothing HERE. Either this group holds no model of that kind, which is ordinary, or something else is wrong, and this reader cannot tell which
09:59:46.719	726.433	1A02WL		set finding nothing	lcop_selection_set_tree/Architecture/BLD-AR-Curtain Panels		lcop_selection_set_tree/Architecture/BLD-AR-Curtain Panels   asks for "Curtain Panels", WHICH MODELS IN THIS PROJECT DO CARRY, and still found nothing HERE. Either this group holds no model of that kind, which is ordinary, or something else is wrong, and this reader cannot tell which
09:59:46.719	726.433	1A02WL		set finding nothing	lcop_selection_set_tree/Architecture/BLD-AR-Curtain Mullions		lcop_selection_set_tree/Architecture/BLD-AR-Curtain Mullions   asks for "Curtain Wall Mullions", WHICH MODELS IN THIS PROJECT DO CARRY, and still found nothing HERE. Either this group holds no model of that kind, which is ordinary, or something else is wrong, and this reader cannot tell which
09:59:46.720	726.434	1A02WL		set finding nothing	lcop_selection_set_tree/Architecture/BLD-AR-Doors		lcop_selection_set_tree/Architecture/BLD-AR-Doors   asks for "Doors", WHICH MODELS IN THIS PROJECT DO CARRY, and still found nothing HERE. Either this group holds no model of that kind, which is ordinary, or something else is wrong, and this reader cannot tell which
09:59:46.721	726.435	1A02WL		set finding nothing	lcop_selection_set_tree/Architecture/BLD-AR-Casework		lcop_selection_set_tree/Architecture/BLD-AR-Casework   asks for "Casework" and NO MODEL IN THIS PROJECT CARRIES IT, and nothing the models carry is close to it
09:59:46.721	726.435	1A02WL		set finding nothing	lcop_selection_set_tree/Architecture/BLD-AR-Furniture		lcop_selection_set_tree/Architecture/BLD-AR-Furniture   asks for "Furniture", WHICH MODELS IN THIS PROJECT DO CARRY, and still found nothing HERE. Either this group holds no model of that kind, which is ordinary, or something else is wrong, and this reader cannot tell which
09:59:46.722	726.436	1A02WL		set finding nothing	lcop_selection_set_tree/Architecture/BLD-AR-Parking		lcop_selection_set_tree/Architecture/BLD-AR-Parking   asks for "Parking" and NO MODEL IN THIS PROJECT CARRIES IT, and nothing the models carry is close to it
09:59:46.722	726.437	1A02WL		set finding nothing	lcop_selection_set_tree/Architecture/BLD-AR-Railings		lcop_selection_set_tree/Architecture/BLD-AR-Railings   asks for "Railings" and NO MODEL IN THIS PROJECT CARRIES IT. The nearest the models carry is "Ceilings", which is a suggestion and not a correction
09:59:46.724	726.438	1A02WL		set finding nothing	lcop_selection_set_tree/Architecture/BLD-AR-Site		lcop_selection_set_tree/Architecture/BLD-AR-Site   asks for "Site", WHICH MODELS IN THIS PROJECT DO CARRY, and still found nothing HERE. Either this group holds no model of that kind, which is ordinary, or something else is wrong, and this reader cannot tell which
09:59:46.725	726.438	1A02WL		set finding nothing	lcop_selection_set_tree/Structure/BLD-ST-Stair		lcop_selection_set_tree/Structure/BLD-ST-Stair   asks for "Stairs", WHICH MODELS IN THIS PROJECT DO CARRY, and still found nothing HERE. Either this group holds no model of that kind, which is ordinary, or something else is wrong, and this reader cannot tell which
09:59:46.726	726.439	1A02WL		set finding nothing	lcop_selection_set_tree/Mechanical/Mechanical-HVAC/BLD-ME-Ducts&Duct Fittings		lcop_selection_set_tree/Mechanical/Mechanical-HVAC/BLD-ME-Ducts&Duct Fittings   asks for "Ducts", WHICH MODELS IN THIS PROJECT DO CARRY, and still found nothing HERE. Either this group holds no model of that kind, which is ordinary, or something else is wrong, and this reader cannot tell which
09:59:46.726	726.440	1A02WL		set finding nothing	lcop_selection_set_tree/Mechanical/Mechanical-HVAC/BLD-ME-Duct Accessory		lcop_selection_set_tree/Mechanical/Mechanical-HVAC/BLD-ME-Duct Accessory   asks for "Duct Accessories", WHICH MODELS IN THIS PROJECT DO CARRY, and still found nothing HERE. Either this group holds no model of that kind, which is ordinary, or something else is wrong, and this reader cannot tell which
09:59:46.727	726.440	1A02WL		set finding nothing	lcop_selection_set_tree/Mechanical/Mechanical-HVAC/BLD-ME-Flex Ducts		lcop_selection_set_tree/Mechanical/Mechanical-HVAC/BLD-ME-Flex Ducts   asks for "Flex Ducts" and NO MODEL IN THIS PROJECT CARRIES IT, and nothing the models carry is close to it
09:59:46.728	726.441	1A02WL		set finding nothing	lcop_selection_set_tree/Mechanical/Mechanical-HVAC/BLD-ME-Air Terminals		lcop_selection_set_tree/Mechanical/Mechanical-HVAC/BLD-ME-Air Terminals   asks for "Air Terminals", WHICH MODELS IN THIS PROJECT DO CARRY, and still found nothing HERE. Either this group holds no model of that kind, which is ordinary, or something else is wrong, and this reader cannot tell which
09:59:46.729	726.442	1A02WL		set finding nothing	lcop_selection_set_tree/Mechanical/Mechanical-HVAC/BLD-ME-Plumbing Fixtures		lcop_selection_set_tree/Mechanical/Mechanical-HVAC/BLD-ME-Plumbing Fixtures   asks for "Plumbing Fixtures", WHICH MODELS IN THIS PROJECT DO CARRY, and still found nothing HERE. Either this group holds no model of that kind, which is ordinary, or something else is wrong, and this reader cannot tell which
09:59:46.729	726.443	1A02WL		set finding nothing	lcop_selection_set_tree/Mechanical/Mechanical-HVAC/BLD-ME-Flex Pipes		lcop_selection_set_tree/Mechanical/Mechanical-HVAC/BLD-ME-Flex Pipes   asks for "Flex Pipes", WHICH MODELS IN THIS PROJECT DO CARRY, and still found nothing HERE. Either this group holds no model of that kind, which is ordinary, or something else is wrong, and this reader cannot tell which
09:59:46.730	726.443	1A02WL		set finding nothing	lcop_selection_set_tree/Mechanical/Mechanical-Fire Fighting/BLD-FF-Mechanical Equipment		lcop_selection_set_tree/Mechanical/Mechanical-Fire Fighting/BLD-FF-Mechanical Equipment   asks for "FF-FIRE FIGHTING" and NO MODEL IN THIS PROJECT CARRIES IT, and nothing the models carry is close to it
09:59:46.731	726.444	1A02WL		set finding nothing	lcop_selection_set_tree/Mechanical/Mechanical-Fire Fighting/BLD-FF-Pipes & Pipe Fittings		lcop_selection_set_tree/Mechanical/Mechanical-Fire Fighting/BLD-FF-Pipes & Pipe Fittings   asks for "FP-PIPING" and NO MODEL IN THIS PROJECT CARRIES IT. The nearest the models carry is "ME-Piping", which is a suggestion and not a correction
09:59:46.731	726.445	1A02WL		set finding nothing	lcop_selection_set_tree/Mechanical/Mechanical-Fire Fighting/BLD-FF-Pipe Accessories		lcop_selection_set_tree/Mechanical/Mechanical-Fire Fighting/BLD-FF-Pipe Accessories   asks for "FP-PIPING" and NO MODEL IN THIS PROJECT CARRIES IT. The nearest the models carry is "ME-Piping", which is a suggestion and not a correction
09:59:46.731	726.446	1A02WL		set finding nothing	lcop_selection_set_tree/Mechanical/Mechanical-Fire Fighting/BLD-FF-Pipe Insulations		lcop_selection_set_tree/Mechanical/Mechanical-Fire Fighting/BLD-FF-Pipe Insulations   asks for "Pipe Insulation" and NO MODEL IN THIS PROJECT CARRIES IT, and nothing the models carry is close to it
09:59:46.733	726.446	1A02WL		set finding nothing	lcop_selection_set_tree/Mechanical/Mechanical-Fire Fighting/BLD-FF-Plumbing Fixtures		lcop_selection_set_tree/Mechanical/Mechanical-Fire Fighting/BLD-FF-Plumbing Fixtures   asks for "FF-FIRE FIGHTING" and NO MODEL IN THIS PROJECT CARRIES IT, and nothing the models carry is close to it
09:59:46.733	726.447	1A02WL		set finding nothing	lcop_selection_set_tree/Mechanical/Mechanical-Fire Fighting/BLD-FF-Sprinklers		lcop_selection_set_tree/Mechanical/Mechanical-Fire Fighting/BLD-FF-Sprinklers   asks for "FP-PIPING" and NO MODEL IN THIS PROJECT CARRIES IT. The nearest the models carry is "ME-Piping", which is a suggestion and not a correction
09:59:46.734	726.448	1A02WL		set finding nothing	lcop_selection_set_tree/Mechanical/Mechanical-Water Supply/BLD-PL-Pipe Insulations		lcop_selection_set_tree/Mechanical/Mechanical-Water Supply/BLD-PL-Pipe Insulations   asks for "Pipe Insulation" and NO MODEL IN THIS PROJECT CARRIES IT, and nothing the models carry is close to it
09:59:46.735	726.448	1A02WL		set finding nothing	lcop_selection_set_tree/Mechanical/Mechanical-Drainage/BLD-DR-Mechanical Equipment		lcop_selection_set_tree/Mechanical/Mechanical-Drainage/BLD-DR-Mechanical Equipment   asks for "Mechanical Equipment", WHICH MODELS IN THIS PROJECT DO CARRY, and still found nothing HERE. Either this group holds no model of that kind, which is ordinary, or something else is wrong, and this reader cannot tell which
09:59:46.735	726.449	1A02WL		set finding nothing	lcop_selection_set_tree/Mechanical/Mechanical-Drainage/BLD-DR-Pipe Accessories		lcop_selection_set_tree/Mechanical/Mechanical-Drainage/BLD-DR-Pipe Accessories   asks for "Pipe Accessories", WHICH MODELS IN THIS PROJECT DO CARRY, and still found nothing HERE. Either this group holds no model of that kind, which is ordinary, or something else is wrong, and this reader cannot tell which
09:59:46.736	726.450	1A02WL		set finding nothing	lcop_selection_set_tree/Mechanical/Mechanical-Drainage/BLD-DR-Pipe Insulations		lcop_selection_set_tree/Mechanical/Mechanical-Drainage/BLD-DR-Pipe Insulations   asks for "Pipe Insulation" and NO MODEL IN THIS PROJECT CARRIES IT, and nothing the models carry is close to it
09:59:46.737	726.451	1A02WL		set finding nothing	lcop_selection_set_tree/Electrical/BLD-EL-Cable Tray&Cable Tray Fittings		lcop_selection_set_tree/Electrical/BLD-EL-Cable Tray&Cable Tray Fittings   asks for "Cable Tray" and NO MODEL IN THIS PROJECT CARRIES IT. The nearest the models carry is "Cable Trays", which is a suggestion and not a correction
09:59:46.737	726.451	1A02WL		set finding nothing	lcop_selection_set_tree/Electrical/BLD-EL-Electrical Equipment		lcop_selection_set_tree/Electrical/BLD-EL-Electrical Equipment   asks for "Electrical Equipment", WHICH MODELS IN THIS PROJECT DO CARRY, and still found nothing HERE. Either this group holds no model of that kind, which is ordinary, or something else is wrong, and this reader cannot tell which
09:59:46.738	726.452	1A02WL		set finding nothing	lcop_selection_set_tree/Electrical/BLD-EL-Electrical Fixtures		lcop_selection_set_tree/Electrical/BLD-EL-Electrical Fixtures   asks for "Electrical Fixtures", WHICH MODELS IN THIS PROJECT DO CARRY, and still found nothing HERE. Either this group holds no model of that kind, which is ordinary, or something else is wrong, and this reader cannot tell which
09:59:46.739	726.453	1A02WL		set finding nothing	lcop_selection_set_tree/Electrical/BLD-EL-Conduits & Conduit Fittings		lcop_selection_set_tree/Electrical/BLD-EL-Conduits & Conduit Fittings   asks for "Conduit" and NO MODEL IN THIS PROJECT CARRIES IT. The nearest the models carry is "Conduits", which is a suggestion and not a correction
09:59:46.740	726.453	1A02WL		set finding nothing	lcop_selection_set_tree/Electrical/BLD-EL-Devices		lcop_selection_set_tree/Electrical/BLD-EL-Devices   asks for "Devices" and NO MODEL IN THIS PROJECT CARRIES IT, and nothing the models carry is close to it
09:59:46.740	726.454	1A02WL		set finding nothing	lcop_selection_set_tree/Electrical/BLD-EL-Lighting Fixtures		lcop_selection_set_tree/Electrical/BLD-EL-Lighting Fixtures   asks for "Lighting Fixtures", WHICH MODELS IN THIS PROJECT DO CARRY, and still found nothing HERE. Either this group holds no model of that kind, which is ordinary, or something else is wrong, and this reader cannot tell which
09:59:46.741	726.455	1A02WL		set finding nothing	lcop_selection_set_tree/Electrical/BLD-EL-Lighting Devices		lcop_selection_set_tree/Electrical/BLD-EL-Lighting Devices   asks for "Lighting Devices", WHICH MODELS IN THIS PROJECT DO CARRY, and still found nothing HERE. Either this group holds no model of that kind, which is ordinary, or something else is wrong, and this reader cannot tell which
09:59:46.742	726.455	1A02WL		set finding nothing	lcop_selection_set_tree/Electrical/BLD-EL-Fire Alarm Devices		lcop_selection_set_tree/Electrical/BLD-EL-Fire Alarm Devices   asks for "Fire Alarm Devices", WHICH MODELS IN THIS PROJECT DO CARRY, and still found nothing HERE. Either this group holds no model of that kind, which is ordinary, or something else is wrong, and this reader cannot tell which
09:59:46.742	726.456	1A02WL		set finding nothing	lcop_selection_set_tree/Electrical/BLD-EL-Telecom Equipment		lcop_selection_set_tree/Electrical/BLD-EL-Telecom Equipment   asks for "Telephone Equipment" and NO MODEL IN THIS PROJECT CARRIES IT, and nothing the models carry is close to it
09:59:46.743	726.457	1A02WL		set finding nothing	lcop_selection_set_tree/Electrical/BLD-EL-Telecom Fixtures		lcop_selection_set_tree/Electrical/BLD-EL-Telecom Fixtures   asks for "Telephone Devices" and NO MODEL IN THIS PROJECT CARRIES IT, and nothing the models carry is close to it
09:59:46.743	726.458	1A02WL		set finding nothing	lcop_selection_set_tree/Electrical/BLD-Security Devices		lcop_selection_set_tree/Electrical/BLD-Security Devices   asks for "Security Devices", WHICH MODELS IN THIS PROJECT DO CARRY, and still found nothing HERE. Either this group holds no model of that kind, which is ordinary, or something else is wrong, and this reader cannot tell which
09:59:46.744	726.458	1A02WL		set finding nothing	lcop_selection_set_tree/Electrical/BLD-EL-Communication Devices		lcop_selection_set_tree/Electrical/BLD-EL-Communication Devices   asks for "Communication Devices", WHICH MODELS IN THIS PROJECT DO CARRY, and still found nothing HERE. Either this group holds no model of that kind, which is ordinary, or something else is wrong, and this reader cannot tell which
09:59:46.745	726.459	1A02WL		set finding nothing	lcop_selection_set_tree/Electrical/BLD-EL-Telephone Devices		lcop_selection_set_tree/Electrical/BLD-EL-Telephone Devices   asks for "Telephone Devices" and NO MODEL IN THIS PROJECT CARRIES IT, and nothing the models carry is close to it
09:59:46.746	726.460	1A02WL		set finding nothing	lcop_selection_set_tree/Electrical/BLD-EL-Data Devices		lcop_selection_set_tree/Electrical/BLD-EL-Data Devices   asks for "Data Devices", WHICH MODELS IN THIS PROJECT DO CARRY, and still found nothing HERE. Either this group holds no model of that kind, which is ordinary, or something else is wrong, and this reader cannot tell which
09:59:46.905	726.619	1A02WL		service with no readable size	BLD-ME-Pipe Accessories-vs-BLD-ST-Floors  Clash5  [Pipe Accessories]		
09:59:47.222	726.936	1A02WL	VIEWS	step started	VIEWS	0	
09:59:47.236	726.950	1A02WL	VIEWS	census before	models	8	
09:59:47.238	726.951	1A02WL	VIEWS	census before	sets	61	
09:59:47.238	726.952	1A02WL	VIEWS	census before	tests	1830	
09:59:47.239	726.953	1A02WL	VIEWS	census before	results	135	
09:59:47.240	726.953	1A02WL	VIEWS	census before	views	198	
09:59:48.326	728.039	1A02WL		census after	models	8	
09:59:48.327	728.040	1A02WL		census after	sets	61	
09:59:48.328	728.041	1A02WL		census after	tests	1830	
09:59:48.328	728.042	1A02WL		census after	results	135	
09:59:48.329	728.042	1A02WL		census after	views	198	
09:59:48.344	728.058	1A02WL		step finished	VIEWS	1.083	0 created, 131 already there.
09:59:48.610	728.324	1A02WL	NWF SAVE	step started	NWF SAVE	0	
09:59:48.628	728.342	1A02WL	NWF SAVE	census before	models	8	
09:59:48.629	728.343	1A02WL	NWF SAVE	census before	sets	61	
09:59:48.629	728.343	1A02WL	NWF SAVE	census before	tests	1830	
09:59:48.630	728.344	1A02WL	NWF SAVE	census before	results	135	
09:59:48.631	728.345	1A02WL	NWF SAVE	census before	views	198	
09:59:49.112	728.826	1A02WL	NWF SAVE	written	NWF	3189228	C:\\00-NM\\Federation Task\\C02 + 04\\C02\\NWF\\1104-PAR-1A02WL-ZZZ-BM-MOD-000001.nwf
09:59:49.128	728.841	1A02WL		census after	models	8	
09:59:49.129	728.842	1A02WL		census after	sets	61	
09:59:49.129	728.843	1A02WL		census after	tests	1830	
09:59:49.130	728.843	1A02WL		census after	results	135	
09:59:49.130	728.844	1A02WL		census after	views	198	
09:59:49.140	728.854	1A02WL		step finished	NWF SAVE	0.517	saved 3189228 bytes
09:59:49.159	728.873	1A02WL	WORKBOOK	step started	WORKBOOK	0	
09:59:49.187	728.901	1A02WL	WORKBOOK	census before	models	8	
09:59:49.188	728.902	1A02WL	WORKBOOK	census before	sets	61	
09:59:49.188	728.902	1A02WL	WORKBOOK	census before	tests	1830	
09:59:49.189	728.903	1A02WL	WORKBOOK	census before	results	135	
09:59:49.190	728.904	1A02WL	WORKBOOK	census before	views	198	
09:59:50.515	730.229	1A02WL	WORKBOOK	written	XLSX	122652	C:\\00-NM\\Federation Task\\C02 + 04\\C02\\Clash Report\\1104-PAR-1A02WL-ZZZ-BM-MOD-000001.xlsx
09:59:50.782	730.496	1A02WL		census after	models	8	
09:59:50.783	730.496	1A02WL		census after	sets	61	
09:59:50.784	730.497	1A02WL		census after	tests	1830	
09:59:50.784	730.498	1A02WL		census after	results	135	
09:59:50.784	730.499	1A02WL		census after	views	198	
09:59:50.794	730.508	1A02WL		step finished	WORKBOOK	1.601	wrote 122652 bytes
09:59:50.805	730.519	1A02WL	HTML	step started	HTML	0	
09:59:50.819	730.533	1A02WL	HTML	census before	models	8	
09:59:50.821	730.534	1A02WL	HTML	census before	sets	61	
09:59:50.821	730.535	1A02WL	HTML	census before	tests	1830	
09:59:50.822	730.536	1A02WL	HTML	census before	results	135	
09:59:50.823	730.537	1A02WL	HTML	census before	views	198	
09:59:51.016	730.730	1A02WL	HTML	written	HTML	3997969	C:\\00-NM\\Federation Task\\C02 + 04\\C02\\Clash Report\\1104-PAR-1A02WL-ZZZ-BM-MOD-000001.html
09:59:51.302	731.015	1A02WL		census after	models	8	
09:59:51.302	731.016	1A02WL		census after	sets	61	
09:59:51.303	731.017	1A02WL		census after	tests	1830	
09:59:51.303	731.017	1A02WL		census after	results	135	
09:59:51.304	731.018	1A02WL		census after	views	198	
09:59:51.315	731.028	1A02WL		step finished	HTML	0.492	wrote 3997969 bytes
09:59:51.336	731.050	1A02WL	NWD	step started	NWD	0	
09:59:51.360	731.073	1A02WL	NWD	census before	models	8	
09:59:51.361	731.074	1A02WL	NWD	census before	sets	61	
09:59:51.361	731.075	1A02WL	NWD	census before	tests	1830	
09:59:51.362	731.075	1A02WL	NWD	census before	results	135	
09:59:51.363	731.076	1A02WL	NWD	census before	views	198	
09:59:52.231	731.946	1A02WL	NWD	written	NWD	7711938	C:\\00-NM\\Federation Task\\C02 + 04\\C02\\NWD\\1104-PAR-1A02WL-ZZZ-BM-MOD-000001.nwd
09:59:52.249	731.963	1A02WL		census after	models	8	
09:59:52.251	731.964	1A02WL		census after	sets	61	
09:59:52.251	731.965	1A02WL		census after	tests	1830	
09:59:52.252	731.966	1A02WL		census after	results	135	
09:59:52.253	731.967	1A02WL		census after	views	198	
09:59:52.262	731.976	1A02WL		step finished	NWD	0.907	published 7711938 bytes
09:59:52.274	731.988	1A02WL	CONFIRM	step started	CONFIRM	0	
09:59:52.287	732.001	1A02WL	CONFIRM	census before	models	8	
09:59:52.289	732.002	1A02WL	CONFIRM	census before	sets	61	
09:59:52.289	732.003	1A02WL	CONFIRM	census before	tests	1830	
09:59:52.290	732.004	1A02WL	CONFIRM	census before	results	135	
09:59:52.291	732.004	1A02WL	CONFIRM	census before	views	198	
09:59:52.359	732.073	1A02WL		census after	models	8	
09:59:52.360	732.074	1A02WL		census after	sets	61	
09:59:52.361	732.075	1A02WL		census after	tests	1830	
09:59:52.361	732.075	1A02WL		census after	results	135	
09:59:52.362	732.076	1A02WL		census after	views	198	
09:59:52.372	732.086	1A02WL		step finished	CONFIRM	0.066	the NWF is 3189228 bytes
09:59:52.469	732.183	1A02WL		gap	Family	270	it would belong in a workbook column of ours, which is Q25
09:59:52.470	732.184	1A02WL		gap	Type Name	270	it would belong in a workbook column of ours, which is Q25
09:59:52.471	732.184	1A02WL		gap	Material	235	it would belong in a workbook column of ours, which is Q25
09:59:52.472	732.185	1A02WL		gap	Id From	270	the ITEM IDS block counts it per property and no output names it per item
09:59:52.501	732.215	1A02WL		step total	TESTS RUN	41.281	
09:59:52.503	732.216	1A02WL		step total	HARVEST	5.4	
09:59:52.503	732.217	1A02WL		step total	IMAGES	3.296	
09:59:52.522	732.236			group finished	1A02WL	62.158	FAILED Weekly run plus XML
09:59:52.749	732.463			timing	TESTS RUN	41.281	91 visits
09:59:52.750	732.464			timing	HARVEST	5.4	91 visits
09:59:52.751	732.465			timing	WORKBOOK	1.601	1 visits
09:59:52.751	732.466			timing	DECIDE	1.291	1 visits
09:59:52.752	732.466			timing	VIEWS	1.083	1 visits
09:59:52.753	732.467			timing	SETS	1.033	1 visits
09:59:52.753	732.467			timing	NWD	0.907	1 visits
09:59:52.754	732.468			timing	NWF SAVE	0.517	1 visits
09:59:52.755	732.469			timing	HTML	0.492	1 visits
09:59:52.756	732.470			timing	UNITS	0.259	1 visits
09:59:52.756	732.470			timing	CONFIRM	0.066	1 visits
09:59:52.757	732.471			timing nested	IMAGES	3.296	135 visits
09:59:52.895	732.608	1A02WM	DECIDE	step started	DECIDE	0	
09:59:52.907	732.621	1A02WM	DECIDE	census before	models	0	
09:59:52.908	732.622	1A02WM	DECIDE	census before	sets	0	
09:59:52.909	732.623	1A02WM	DECIDE	census before	tests	0	
09:59:52.910	732.623	1A02WM	DECIDE	census before	results	0	
09:59:52.910	732.624	1A02WM	DECIDE	census before	views	0	
09:59:54.051	733.764	1A02WM		census after	models	4	
09:59:54.051	733.765	1A02WM		census after	sets	62	
09:59:54.055	733.768	1A02WM		census after	tests	1830	
09:59:54.055	733.769	1A02WM		census after	results	260	
09:59:54.056	733.770	1A02WM		census after	views	331	
09:59:54.078	733.792	1A02WM		step finished	DECIDE	1.147	Weekly run plus XML
09:59:54.114	733.828	1A02WM	UNITS	step started	UNITS	0	
09:59:54.129	733.843	1A02WM	UNITS	census before	models	4	
09:59:54.130	733.844	1A02WM	UNITS	census before	sets	62	
09:59:54.130	733.844	1A02WM	UNITS	census before	tests	1830	
09:59:54.132	733.845	1A02WM	UNITS	census before	results	260	
09:59:54.132	733.846	1A02WM	UNITS	census before	views	331	
09:59:54.194	733.908	1A02WM		census after	models	4	
09:59:54.195	733.909	1A02WM		census after	sets	62	
09:59:54.196	733.909	1A02WM		census after	tests	1830	
09:59:54.196	733.910	1A02WM		census after	results	260	
09:59:54.197	733.911	1A02WM		census after	views	331	
09:59:54.220	733.934	1A02WM		step finished	UNITS	0.07	the document was asked for Meters
09:59:54.353	734.068	1A02WM		model placement	1104-PAR-1A02WM-ZZZ-AR-MOD-000001.nwc	-155	SWLS-04-SharedCoordinate
09:59:54.355	734.068	1A02WM		model placement	1104-PAR-1A02WM-ZZZ-EL-MOD-000001.nwc	-155	LTB2
09:59:54.355	734.069	1A02WM		model placement	1104-PAR-1A02WM-ZZZ-ME-MOD-000001.nwc	-5	PW3_Shared_Location
09:59:54.356	734.070	1A02WM		model placement	1104-PAR-1A02WM-ZZZ-ST-MOD-000001.nwc	0	ST_PW5_CHLORINATION
09:59:54.531	734.245	1A02WM		model export	1104-PAR-1A02WM-ZZZ-AR-MOD-000001.nwc	54	2 workset(s), element id 100%
09:59:54.533	734.246	1A02WM		model export	1104-PAR-1A02WM-ZZZ-EL-MOD-000001.nwc	218	9 workset(s), element id 100%
09:59:54.533	734.247	1A02WM		model export	1104-PAR-1A02WM-ZZZ-ME-MOD-000001.nwc	392	5 workset(s), element id 100%
09:59:54.534	734.248	1A02WM		model export	1104-PAR-1A02WM-ZZZ-ST-MOD-000001.nwc	73	2 workset(s), element id 100%
09:59:54.555	734.269	1A02WM	SETS	step started	SETS	0	
09:59:54.582	734.295	1A02WM	SETS	census before	models	4	
09:59:54.582	734.296	1A02WM	SETS	census before	sets	62	
09:59:54.583	734.296	1A02WM	SETS	census before	tests	1830	
09:59:54.584	734.297	1A02WM	SETS	census before	results	260	
09:59:54.584	734.298	1A02WM	SETS	census before	views	331	
09:59:55.537	735.251	1A02WM		census after	models	4	
09:59:55.538	735.252	1A02WM		census after	sets	61	
09:59:55.539	735.253	1A02WM		census after	tests	1830	
09:59:55.539	735.253	1A02WM		census after	results	260	
09:59:55.540	735.254	1A02WM		census after	views	331	
09:59:55.552	735.266	1A02WM		step finished	SETS	0.97	0 created, 61 already there, 0 finding items, 0 at zero.
09:59:55.762	735.476	1A02WM	TESTS RUN	step started	TESTS RUN	0	
09:59:55.797	735.511	1A02WM	TESTS RUN	census before	models	4	
09:59:55.798	735.512	1A02WM	TESTS RUN	census before	sets	61	
09:59:55.798	735.512	1A02WM	TESTS RUN	census before	tests	1830	
09:59:55.799	735.513	1A02WM	TESTS RUN	census before	results	260	
09:59:55.800	735.514	1A02WM	TESTS RUN	census before	views	331	
09:59:56.704	736.418	1A02WM		census after	models	4	
09:59:56.706	736.419	1A02WM		census after	sets	61	
09:59:56.706	736.420	1A02WM		census after	tests	1830	
09:59:56.707	736.420	1A02WM		census after	results	260	
09:59:56.708	736.421	1A02WM		census after	views	331	
09:59:56.718	736.432	1A02WM		step finished	TESTS RUN	0.933	BLD-AR-Walls-vs-BLD-AR-Floors
09:59:56.729	736.443	1A02WM	HARVEST	step started	HARVEST	0	
09:59:56.744	736.458	1A02WM	HARVEST	census before	models	4	
09:59:56.746	736.459	1A02WM	HARVEST	census before	sets	61	
09:59:56.746	736.460	1A02WM	HARVEST	census before	tests	1830	
09:59:56.747	736.460	1A02WM	HARVEST	census before	results	260	
09:59:56.748	736.461	1A02WM	HARVEST	census before	views	331	
09:59:56.786	736.500	1A02WM		census after	models	4	
09:59:56.788	736.501	1A02WM		census after	sets	61	
09:59:56.788	736.502	1A02WM		census after	tests	1830	
09:59:56.789	736.503	1A02WM		census after	results	260	
09:59:56.790	736.504	1A02WM		census after	views	331	
09:59:56.800	736.513	1A02WM		step finished	HARVEST	0.053	BLD-AR-Walls-vs-BLD-AR-Floors
09:59:56.801	736.514	1A02WM		rows for the workbook	BLD-AR-Walls-vs-BLD-AR-Floors	0	0 in the document
09:59:56.801	736.515	1A02WM		test passed	BLD-AR-Walls-vs-BLD-AR-Floors	0	ran and found nothing
09:59:57.750	737.463	1A02WM		rows for the workbook	BLD-AR-Doors-vs-BLD-AR-Floors	0	0 in the document
09:59:57.750	737.464	1A02WM		test passed	BLD-AR-Doors-vs-BLD-AR-Floors	0	ran and found nothing
09:59:58.687	738.401	1A02WM	IMAGES	step started	IMAGES	0	
09:59:58.702	738.416	1A02WM	IMAGES	census before	models	4	
09:59:58.703	738.416	1A02WM	IMAGES	census before	sets	61	
09:59:58.703	738.417	1A02WM	IMAGES	census before	tests	1830	
09:59:58.704	738.418	1A02WM	IMAGES	census before	results	260	
09:59:58.705	738.419	1A02WM	IMAGES	census before	views	331	
09:59:58.745	738.459	1A02WM	HARVEST	census after	models	4	
09:59:58.746	738.460	1A02WM	HARVEST	census after	sets	61	
09:59:58.746	738.461	1A02WM	HARVEST	census after	tests	1830	
09:59:58.748	738.461	1A02WM	HARVEST	census after	results	260	
09:59:58.749	738.462	1A02WM	HARVEST	census after	views	331	
09:59:58.759	738.473	1A02WM	HARVEST	step finished	IMAGES	0.06	BLD-AR-Doors-vs-BLD-AR-Walls
09:59:58.760	738.473	1A02WM		rows for the workbook	BLD-AR-Doors-vs-BLD-AR-Walls	1	1 in the document
09:59:58.760	738.474	1A02WM		test found clashes	BLD-AR-Doors-vs-BLD-AR-Walls	1	ran and found clashes
09:59:59.710	739.424	1A02WM		rows for the workbook	BLD-ST-Foundation-vs-BLD-AR-Floors	0	0 in the document
09:59:59.711	739.425	1A02WM		test passed	BLD-ST-Foundation-vs-BLD-AR-Floors	0	ran and found nothing
10:00:00.606	740.320	1A02WM		rows for the workbook	BLD-ST-Foundation-vs-BLD-AR-Walls	0	0 in the document
10:00:00.607	740.321	1A02WM		test passed	BLD-ST-Foundation-vs-BLD-AR-Walls	0	ran and found nothing
10:00:01.503	741.216	1A02WM		rows for the workbook	BLD-ST-Foundation-vs-BLD-AR-Doors	0	0 in the document
10:00:01.504	741.217	1A02WM		test passed	BLD-ST-Foundation-vs-BLD-AR-Doors	0	ran and found nothing
10:00:02.574	742.288	1A02WM		rows for the workbook	BLD-ST-Columns-vs-BLD-AR-Floors	4	4 in the document
10:00:02.575	742.289	1A02WM		test found clashes	BLD-ST-Columns-vs-BLD-AR-Floors	4	ran and found clashes
10:00:03.481	743.195	1A02WM		rows for the workbook	BLD-ST-Columns-vs-BLD-AR-Walls	0	0 in the document
10:00:03.483	743.196	1A02WM		test passed	BLD-ST-Columns-vs-BLD-AR-Walls	0	ran and found nothing
10:00:04.365	744.079	1A02WM		rows for the workbook	BLD-ST-Columns-vs-BLD-AR-Doors	0	0 in the document
10:00:04.366	744.079	1A02WM		test passed	BLD-ST-Columns-vs-BLD-AR-Doors	0	ran and found nothing
10:00:05.252	744.966	1A02WM		rows for the workbook	BLD-ST-Columns-vs-BLD-ST-Foundation	0	0 in the document
10:00:05.253	744.967	1A02WM		test passed	BLD-ST-Columns-vs-BLD-ST-Foundation	0	ran and found nothing
10:00:06.153	745.867	1A02WM		rows for the workbook	BLD-ST-Framing-vs-BLD-AR-Floors	0	0 in the document
10:00:06.154	745.868	1A02WM		test passed	BLD-ST-Framing-vs-BLD-AR-Floors	0	ran and found nothing
10:00:07.545	747.258	1A02WM		rows for the workbook	BLD-ST-Framing-vs-BLD-AR-Walls	12	12 in the document
10:00:07.546	747.259	1A02WM		test found clashes	BLD-ST-Framing-vs-BLD-AR-Walls	12	ran and found clashes
10:00:08.502	748.215	1A02WM		rows for the workbook	BLD-ST-Framing-vs-BLD-AR-Doors	0	0 in the document
10:00:08.503	748.216	1A02WM		test passed	BLD-ST-Framing-vs-BLD-AR-Doors	0	ran and found nothing
10:00:09.368	749.082	1A02WM		rows for the workbook	BLD-ST-Framing-vs-BLD-ST-Foundation	0	0 in the document
10:00:09.369	749.083	1A02WM		test passed	BLD-ST-Framing-vs-BLD-ST-Foundation	0	ran and found nothing
10:00:10.205	749.919	1A02WM		rows for the workbook	BLD-ST-Framing-vs-BLD-ST-Columns	0	0 in the document
10:00:10.206	749.920	1A02WM		test passed	BLD-ST-Framing-vs-BLD-ST-Columns	0	ran and found nothing
10:00:11.157	750.871	1A02WM		rows for the workbook	BLD-ST-Walls-vs-BLD-AR-Floors	2	2 in the document
10:00:11.158	750.872	1A02WM		test found clashes	BLD-ST-Walls-vs-BLD-AR-Floors	2	ran and found clashes
10:00:12.281	751.995	1A02WM		rows for the workbook	BLD-ST-Walls-vs-BLD-AR-Walls	6	6 in the document
10:00:12.282	751.996	1A02WM		test found clashes	BLD-ST-Walls-vs-BLD-AR-Walls	6	ran and found clashes
10:00:13.169	752.883	1A02WM		rows for the workbook	BLD-ST-Walls-vs-BLD-AR-Doors	0	0 in the document
10:00:13.170	752.884	1A02WM		test passed	BLD-ST-Walls-vs-BLD-AR-Doors	0	ran and found nothing
10:00:14.056	753.769	1A02WM		rows for the workbook	BLD-ST-Walls-vs-BLD-ST-Foundation	0	0 in the document
10:00:14.057	753.770	1A02WM		test passed	BLD-ST-Walls-vs-BLD-ST-Foundation	0	ran and found nothing
10:00:14.927	754.641	1A02WM		rows for the workbook	BLD-ST-Walls-vs-BLD-ST-Columns	0	0 in the document
10:00:14.928	754.642	1A02WM		test passed	BLD-ST-Walls-vs-BLD-ST-Columns	0	ran and found nothing
10:00:15.782	755.496	1A02WM		rows for the workbook	BLD-ST-Walls-vs-BLD-ST-Framing	0	0 in the document
10:00:15.782	755.496	1A02WM		test passed	BLD-ST-Walls-vs-BLD-ST-Framing	0	ran and found nothing
10:00:16.657	756.371	1A02WM		rows for the workbook	BLD-ST-Floors-vs-BLD-AR-Floors	0	0 in the document
10:00:16.658	756.371	1A02WM		test passed	BLD-ST-Floors-vs-BLD-AR-Floors	0	ran and found nothing
10:00:18.175	757.889	1A02WM		rows for the workbook	BLD-ST-Floors-vs-BLD-AR-Walls	16	16 in the document
10:00:18.176	757.890	1A02WM		test found clashes	BLD-ST-Floors-vs-BLD-AR-Walls	16	ran and found clashes
10:00:19.059	758.773	1A02WM		rows for the workbook	BLD-ST-Floors-vs-BLD-AR-Doors	0	0 in the document
10:00:19.060	758.773	1A02WM		test passed	BLD-ST-Floors-vs-BLD-AR-Doors	0	ran and found nothing
10:00:19.922	759.635	1A02WM		rows for the workbook	BLD-ST-Floors-vs-BLD-ST-Foundation	0	0 in the document
10:00:19.923	759.636	1A02WM		test passed	BLD-ST-Floors-vs-BLD-ST-Foundation	0	ran and found nothing
10:00:20.771	760.485	1A02WM		rows for the workbook	BLD-ST-Floors-vs-BLD-ST-Columns	0	0 in the document
10:00:20.772	760.486	1A02WM		test passed	BLD-ST-Floors-vs-BLD-ST-Columns	0	ran and found nothing
10:00:21.614	761.328	1A02WM		rows for the workbook	BLD-ST-Floors-vs-BLD-ST-Framing	0	0 in the document
10:00:21.615	761.329	1A02WM		test passed	BLD-ST-Floors-vs-BLD-ST-Framing	0	ran and found nothing
10:00:23.124	762.837	1A02WM		rows for the workbook	BLD-ST-Floors-vs-BLD-ST-Walls	16	16 in the document
10:00:23.125	762.838	1A02WM		test found clashes	BLD-ST-Floors-vs-BLD-ST-Walls	16	ran and found clashes
10:00:24.231	763.944	1A02WM		rows for the workbook	BLD-ME-Mechanical Equipment-vs-BLD-AR-Floors	4	4 in the document
10:00:24.232	763.945	1A02WM		test found clashes	BLD-ME-Mechanical Equipment-vs-BLD-AR-Floors	4	ran and found clashes
10:00:25.090	764.804	1A02WM		rows for the workbook	BLD-ME-Mechanical Equipment-vs-BLD-AR-Walls	0	0 in the document
10:00:25.091	764.804	1A02WM		test passed	BLD-ME-Mechanical Equipment-vs-BLD-AR-Walls	0	ran and found nothing
10:00:25.943	765.657	1A02WM		rows for the workbook	BLD-ME-Mechanical Equipment-vs-BLD-AR-Doors	0	0 in the document
10:00:25.943	765.658	1A02WM		test passed	BLD-ME-Mechanical Equipment-vs-BLD-AR-Doors	0	ran and found nothing
10:00:26.787	766.501	1A02WM		rows for the workbook	BLD-ME-Mechanical Equipment-vs-BLD-ST-Foundation	0	0 in the document
10:00:26.788	766.502	1A02WM		test passed	BLD-ME-Mechanical Equipment-vs-BLD-ST-Foundation	0	ran and found nothing
10:00:27.673	767.387	1A02WM		rows for the workbook	BLD-ME-Mechanical Equipment-vs-BLD-ST-Columns	0	0 in the document
10:00:27.674	767.388	1A02WM		test passed	BLD-ME-Mechanical Equipment-vs-BLD-ST-Columns	0	ran and found nothing
10:00:28.549	768.263	1A02WM		rows for the workbook	BLD-ME-Mechanical Equipment-vs-BLD-ST-Framing	0	0 in the document
10:00:28.550	768.264	1A02WM		test passed	BLD-ME-Mechanical Equipment-vs-BLD-ST-Framing	0	ran and found nothing
10:00:29.375	769.089	1A02WM		rows for the workbook	BLD-ME-Mechanical Equipment-vs-BLD-ST-Walls	0	0 in the document
10:00:29.376	769.090	1A02WM		test passed	BLD-ME-Mechanical Equipment-vs-BLD-ST-Walls	0	ran and found nothing
10:00:30.260	769.974	1A02WM		rows for the workbook	BLD-ME-Mechanical Equipment-vs-BLD-ST-Floors	0	0 in the document
10:00:30.261	769.975	1A02WM		test passed	BLD-ME-Mechanical Equipment-vs-BLD-ST-Floors	0	ran and found nothing
10:00:31.477	771.191	1A02WM		rows for the workbook	BLD-ME-Pipes&Pipe Fittings-vs-BLD-AR-Floors	8	8 in the document
10:00:31.478	771.191	1A02WM		test found clashes	BLD-ME-Pipes&Pipe Fittings-vs-BLD-AR-Floors	8	ran and found clashes
10:00:32.363	772.076	1A02WM		rows for the workbook	BLD-ME-Pipes&Pipe Fittings-vs-BLD-AR-Walls	0	0 in the document
10:00:32.364	772.078	1A02WM		test passed	BLD-ME-Pipes&Pipe Fittings-vs-BLD-AR-Walls	0	ran and found nothing
10:00:33.195	772.908	1A02WM		rows for the workbook	BLD-ME-Pipes&Pipe Fittings-vs-BLD-AR-Doors	0	0 in the document
10:00:33.196	772.909	1A02WM		test passed	BLD-ME-Pipes&Pipe Fittings-vs-BLD-AR-Doors	0	ran and found nothing
10:00:34.034	773.748	1A02WM		rows for the workbook	BLD-ME-Pipes&Pipe Fittings-vs-BLD-ST-Foundation	0	0 in the document
10:00:34.036	773.749	1A02WM		test passed	BLD-ME-Pipes&Pipe Fittings-vs-BLD-ST-Foundation	0	ran and found nothing
10:00:34.888	774.602	1A02WM		rows for the workbook	BLD-ME-Pipes&Pipe Fittings-vs-BLD-ST-Columns	0	0 in the document
10:00:34.889	774.603	1A02WM		test passed	BLD-ME-Pipes&Pipe Fittings-vs-BLD-ST-Columns	0	ran and found nothing
10:00:35.753	775.467	1A02WM		rows for the workbook	BLD-ME-Pipes&Pipe Fittings-vs-BLD-ST-Framing	0	0 in the document
10:00:35.754	775.468	1A02WM		test passed	BLD-ME-Pipes&Pipe Fittings-vs-BLD-ST-Framing	0	ran and found nothing
10:00:36.608	776.322	1A02WM		rows for the workbook	BLD-ME-Pipes&Pipe Fittings-vs-BLD-ST-Walls	0	0 in the document
10:00:36.609	776.323	1A02WM		test passed	BLD-ME-Pipes&Pipe Fittings-vs-BLD-ST-Walls	0	ran and found nothing
10:00:37.590	777.304	1A02WM		rows for the workbook	BLD-ME-Pipes&Pipe Fittings-vs-BLD-ST-Floors	2	2 in the document
10:00:37.591	777.305	1A02WM		test found clashes	BLD-ME-Pipes&Pipe Fittings-vs-BLD-ST-Floors	2	ran and found clashes
10:00:38.444	778.158	1A02WM		rows for the workbook	BLD-ME-Pipes&Pipe Fittings-vs-BLD-ME-Mechanical Equipment	0	0 in the document
10:00:38.445	778.159	1A02WM		test passed	BLD-ME-Pipes&Pipe Fittings-vs-BLD-ME-Mechanical Equipment	0	ran and found nothing
10:00:39.629	779.343	1A02WM		rows for the workbook	BLD-DR-Pipes & Pipe Fittings-vs-BLD-AR-Floors	2	2 in the document
10:00:39.630	779.344	1A02WM		test found clashes	BLD-DR-Pipes & Pipe Fittings-vs-BLD-AR-Floors	2	ran and found clashes
10:00:40.512	780.226	1A02WM		rows for the workbook	BLD-DR-Pipes & Pipe Fittings-vs-BLD-AR-Walls	0	0 in the document
10:00:40.512	780.227	1A02WM		test passed	BLD-DR-Pipes & Pipe Fittings-vs-BLD-AR-Walls	0	ran and found nothing
10:00:41.387	781.101	1A02WM		rows for the workbook	BLD-DR-Pipes & Pipe Fittings-vs-BLD-AR-Doors	0	0 in the document
10:00:41.388	781.101	1A02WM		test passed	BLD-DR-Pipes & Pipe Fittings-vs-BLD-AR-Doors	0	ran and found nothing
10:00:42.249	781.962	1A02WM		rows for the workbook	BLD-DR-Pipes & Pipe Fittings-vs-BLD-ST-Foundation	0	0 in the document
10:00:42.249	781.963	1A02WM		test passed	BLD-DR-Pipes & Pipe Fittings-vs-BLD-ST-Foundation	0	ran and found nothing
10:00:43.249	782.963	1A02WM		rows for the workbook	BLD-DR-Pipes & Pipe Fittings-vs-BLD-ST-Columns	3	3 in the document
10:00:43.250	782.964	1A02WM		test found clashes	BLD-DR-Pipes & Pipe Fittings-vs-BLD-ST-Columns	3	ran and found clashes
10:00:44.127	783.841	1A02WM		rows for the workbook	BLD-DR-Pipes & Pipe Fittings-vs-BLD-ST-Framing	0	0 in the document
10:00:44.128	783.842	1A02WM		test passed	BLD-DR-Pipes & Pipe Fittings-vs-BLD-ST-Framing	0	ran and found nothing
10:00:45.208	784.922	1A02WM		rows for the workbook	BLD-DR-Pipes & Pipe Fittings-vs-BLD-ST-Walls	6	6 in the document
10:00:45.209	784.923	1A02WM		test found clashes	BLD-DR-Pipes & Pipe Fittings-vs-BLD-ST-Walls	6	ran and found clashes
10:00:46.398	786.111	1A02WM		rows for the workbook	BLD-DR-Pipes & Pipe Fittings-vs-BLD-ST-Floors	8	8 in the document
10:00:46.399	786.112	1A02WM		test found clashes	BLD-DR-Pipes & Pipe Fittings-vs-BLD-ST-Floors	8	ran and found clashes
10:00:47.311	787.025	1A02WM		rows for the workbook	BLD-DR-Pipes & Pipe Fittings-vs-BLD-ME-Mechanical Equipment	1	1 in the document
10:00:47.312	787.025	1A02WM		test found clashes	BLD-DR-Pipes & Pipe Fittings-vs-BLD-ME-Mechanical Equipment	1	ran and found clashes
10:00:48.172	787.886	1A02WM		rows for the workbook	BLD-DR-Pipes & Pipe Fittings-vs-BLD-ME-Pipes&Pipe Fittings	0	0 in the document
10:00:48.173	787.887	1A02WM		test passed	BLD-DR-Pipes & Pipe Fittings-vs-BLD-ME-Pipes&Pipe Fittings	0	ran and found nothing
10:00:49.081	788.794	1A02WM		rows for the workbook	BLD-DR-Plumbing Fixtures-vs-BLD-AR-Floors	0	0 in the document
10:00:49.082	788.795	1A02WM		test passed	BLD-DR-Plumbing Fixtures-vs-BLD-AR-Floors	0	ran and found nothing
10:00:49.988	789.702	1A02WM		rows for the workbook	BLD-DR-Plumbing Fixtures-vs-BLD-AR-Walls	0	0 in the document
10:00:49.989	789.703	1A02WM		test passed	BLD-DR-Plumbing Fixtures-vs-BLD-AR-Walls	0	ran and found nothing
10:00:50.880	790.593	1A02WM		rows for the workbook	BLD-DR-Plumbing Fixtures-vs-BLD-AR-Doors	0	0 in the document
10:00:50.881	790.594	1A02WM		test passed	BLD-DR-Plumbing Fixtures-vs-BLD-AR-Doors	0	ran and found nothing
10:00:51.919	791.632	1A02WM		rows for the workbook	BLD-DR-Plumbing Fixtures-vs-BLD-ST-Foundation	0	0 in the document
10:00:51.919	791.633	1A02WM		test passed	BLD-DR-Plumbing Fixtures-vs-BLD-ST-Foundation	0	ran and found nothing
10:00:52.828	792.542	1A02WM		rows for the workbook	BLD-DR-Plumbing Fixtures-vs-BLD-ST-Columns	0	0 in the document
10:00:52.829	792.543	1A02WM		test passed	BLD-DR-Plumbing Fixtures-vs-BLD-ST-Columns	0	ran and found nothing
10:00:53.735	793.449	1A02WM		rows for the workbook	BLD-DR-Plumbing Fixtures-vs-BLD-ST-Framing	0	0 in the document
10:00:53.736	793.450	1A02WM		test passed	BLD-DR-Plumbing Fixtures-vs-BLD-ST-Framing	0	ran and found nothing
10:00:54.600	794.314	1A02WM		rows for the workbook	BLD-DR-Plumbing Fixtures-vs-BLD-ST-Walls	0	0 in the document
10:00:54.601	794.315	1A02WM		test passed	BLD-DR-Plumbing Fixtures-vs-BLD-ST-Walls	0	ran and found nothing
10:00:55.559	795.273	1A02WM		rows for the workbook	BLD-DR-Plumbing Fixtures-vs-BLD-ST-Floors	0	0 in the document
10:00:55.560	795.274	1A02WM		test passed	BLD-DR-Plumbing Fixtures-vs-BLD-ST-Floors	0	ran and found nothing
10:00:56.668	796.382	1A02WM		rows for the workbook	BLD-DR-Plumbing Fixtures-vs-BLD-ME-Mechanical Equipment	0	0 in the document
10:00:56.669	796.383	1A02WM		test passed	BLD-DR-Plumbing Fixtures-vs-BLD-ME-Mechanical Equipment	0	ran and found nothing
10:00:57.571	797.284	1A02WM		rows for the workbook	BLD-DR-Plumbing Fixtures-vs-BLD-ME-Pipes&Pipe Fittings	0	0 in the document
10:00:57.572	797.285	1A02WM		test passed	BLD-DR-Plumbing Fixtures-vs-BLD-ME-Pipes&Pipe Fittings	0	ran and found nothing
10:00:58.478	798.192	1A02WM		rows for the workbook	BLD-DR-Plumbing Fixtures-vs-BLD-DR-Pipes & Pipe Fittings	0	0 in the document
10:00:58.479	798.192	1A02WM		test passed	BLD-DR-Plumbing Fixtures-vs-BLD-DR-Pipes & Pipe Fittings	0	ran and found nothing
10:00:59.337	799.051	1A02WM		rows for the workbook	BLD-EL-Cable Tray&Cable Tray Fittings-vs-BLD-AR-Floors	0	0 in the document
10:00:59.338	799.052	1A02WM		test passed	BLD-EL-Cable Tray&Cable Tray Fittings-vs-BLD-AR-Floors	0	ran and found nothing
10:01:00.211	799.925	1A02WM		rows for the workbook	BLD-EL-Cable Tray&Cable Tray Fittings-vs-BLD-AR-Walls	0	0 in the document
10:01:00.212	799.926	1A02WM		test passed	BLD-EL-Cable Tray&Cable Tray Fittings-vs-BLD-AR-Walls	0	ran and found nothing
10:01:01.098	800.811	1A02WM		rows for the workbook	BLD-EL-Cable Tray&Cable Tray Fittings-vs-BLD-AR-Doors	0	0 in the document
10:01:01.098	800.812	1A02WM		test passed	BLD-EL-Cable Tray&Cable Tray Fittings-vs-BLD-AR-Doors	0	ran and found nothing
10:01:01.991	801.704	1A02WM		rows for the workbook	BLD-EL-Cable Tray&Cable Tray Fittings-vs-BLD-ST-Foundation	0	0 in the document
10:01:01.991	801.705	1A02WM		test passed	BLD-EL-Cable Tray&Cable Tray Fittings-vs-BLD-ST-Foundation	0	ran and found nothing
10:01:02.922	802.635	1A02WM		rows for the workbook	BLD-EL-Cable Tray&Cable Tray Fittings-vs-BLD-ST-Columns	1	1 in the document
10:01:02.923	802.636	1A02WM		test found clashes	BLD-EL-Cable Tray&Cable Tray Fittings-vs-BLD-ST-Columns	1	ran and found clashes
10:01:03.889	803.603	1A02WM		rows for the workbook	BLD-EL-Cable Tray&Cable Tray Fittings-vs-BLD-ST-Framing	2	2 in the document
10:01:03.890	803.604	1A02WM		test found clashes	BLD-EL-Cable Tray&Cable Tray Fittings-vs-BLD-ST-Framing	2	ran and found clashes
10:01:04.774	804.487	1A02WM		rows for the workbook	BLD-EL-Cable Tray&Cable Tray Fittings-vs-BLD-ST-Walls	0	0 in the document
10:01:04.775	804.488	1A02WM		test passed	BLD-EL-Cable Tray&Cable Tray Fittings-vs-BLD-ST-Walls	0	ran and found nothing
10:01:05.682	805.395	1A02WM		rows for the workbook	BLD-EL-Cable Tray&Cable Tray Fittings-vs-BLD-ST-Floors	0	0 in the document
10:01:05.683	805.396	1A02WM		test passed	BLD-EL-Cable Tray&Cable Tray Fittings-vs-BLD-ST-Floors	0	ran and found nothing
10:01:06.586	806.300	1A02WM		rows for the workbook	BLD-EL-Cable Tray&Cable Tray Fittings-vs-BLD-ME-Mechanical Equipment	0	0 in the document
10:01:06.587	806.301	1A02WM		test passed	BLD-EL-Cable Tray&Cable Tray Fittings-vs-BLD-ME-Mechanical Equipment	0	ran and found nothing
10:01:07.492	807.205	1A02WM		rows for the workbook	BLD-EL-Cable Tray&Cable Tray Fittings-vs-BLD-ME-Pipes&Pipe Fittings	0	0 in the document
10:01:07.493	807.206	1A02WM		test passed	BLD-EL-Cable Tray&Cable Tray Fittings-vs-BLD-ME-Pipes&Pipe Fittings	0	ran and found nothing
10:01:08.367	808.081	1A02WM		rows for the workbook	BLD-EL-Cable Tray&Cable Tray Fittings-vs-BLD-DR-Pipes & Pipe Fittings	0	0 in the document
10:01:08.368	808.082	1A02WM		test passed	BLD-EL-Cable Tray&Cable Tray Fittings-vs-BLD-DR-Pipes & Pipe Fittings	0	ran and found nothing
10:01:09.251	808.965	1A02WM		rows for the workbook	BLD-EL-Cable Tray&Cable Tray Fittings-vs-BLD-DR-Plumbing Fixtures	0	0 in the document
10:01:09.252	808.966	1A02WM		test passed	BLD-EL-Cable Tray&Cable Tray Fittings-vs-BLD-DR-Plumbing Fixtures	0	ran and found nothing
10:01:10.186	809.901	1A02WM		rows for the workbook	BLD-EL-Electrical Equipment-vs-BLD-AR-Floors	2	2 in the document
10:01:10.187	809.902	1A02WM		test found clashes	BLD-EL-Electrical Equipment-vs-BLD-AR-Floors	2	ran and found clashes
10:01:11.254	810.968	1A02WM		rows for the workbook	BLD-EL-Electrical Equipment-vs-BLD-AR-Walls	5	5 in the document
10:01:11.255	810.969	1A02WM		test found clashes	BLD-EL-Electrical Equipment-vs-BLD-AR-Walls	5	ran and found clashes
10:01:12.164	811.878	1A02WM		rows for the workbook	BLD-EL-Electrical Equipment-vs-BLD-AR-Doors	0	0 in the document
10:01:12.166	811.880	1A02WM		test passed	BLD-EL-Electrical Equipment-vs-BLD-AR-Doors	0	ran and found nothing
10:01:13.086	812.799	1A02WM		rows for the workbook	BLD-EL-Electrical Equipment-vs-BLD-ST-Foundation	0	0 in the document
10:01:13.087	812.800	1A02WM		test passed	BLD-EL-Electrical Equipment-vs-BLD-ST-Foundation	0	ran and found nothing
10:01:13.977	813.691	1A02WM		rows for the workbook	BLD-EL-Electrical Equipment-vs-BLD-ST-Columns	0	0 in the document
10:01:13.978	813.691	1A02WM		test passed	BLD-EL-Electrical Equipment-vs-BLD-ST-Columns	0	ran and found nothing
10:01:14.908	814.622	1A02WM		rows for the workbook	BLD-EL-Electrical Equipment-vs-BLD-ST-Framing	0	0 in the document
10:01:14.909	814.623	1A02WM		test passed	BLD-EL-Electrical Equipment-vs-BLD-ST-Framing	0	ran and found nothing
10:01:15.801	815.514	1A02WM		rows for the workbook	BLD-EL-Electrical Equipment-vs-BLD-ST-Walls	0	0 in the document
10:01:15.801	815.515	1A02WM		test passed	BLD-EL-Electrical Equipment-vs-BLD-ST-Walls	0	ran and found nothing
10:01:16.704	816.418	1A02WM		rows for the workbook	BLD-EL-Electrical Equipment-vs-BLD-ST-Floors	0	0 in the document
10:01:16.706	816.419	1A02WM		test passed	BLD-EL-Electrical Equipment-vs-BLD-ST-Floors	0	ran and found nothing
10:01:17.603	817.316	1A02WM		rows for the workbook	BLD-EL-Electrical Equipment-vs-BLD-ME-Mechanical Equipment	0	0 in the document
10:01:17.604	817.317	1A02WM		test passed	BLD-EL-Electrical Equipment-vs-BLD-ME-Mechanical Equipment	0	ran and found nothing
10:01:18.490	818.203	1A02WM		rows for the workbook	BLD-EL-Electrical Equipment-vs-BLD-ME-Pipes&Pipe Fittings	0	0 in the document
10:01:18.490	818.204	1A02WM		test passed	BLD-EL-Electrical Equipment-vs-BLD-ME-Pipes&Pipe Fittings	0	ran and found nothing
10:01:19.382	819.096	1A02WM		rows for the workbook	BLD-EL-Electrical Equipment-vs-BLD-DR-Pipes & Pipe Fittings	0	0 in the document
10:01:19.383	819.097	1A02WM		test passed	BLD-EL-Electrical Equipment-vs-BLD-DR-Pipes & Pipe Fittings	0	ran and found nothing
10:01:20.270	819.983	1A02WM		rows for the workbook	BLD-EL-Electrical Equipment-vs-BLD-DR-Plumbing Fixtures	0	0 in the document
10:01:20.270	819.984	1A02WM		test passed	BLD-EL-Electrical Equipment-vs-BLD-DR-Plumbing Fixtures	0	ran and found nothing
10:01:21.347	821.061	1A02WM		rows for the workbook	BLD-EL-Electrical Equipment-vs-BLD-EL-Cable Tray&Cable Tray Fittings	6	6 in the document
10:01:21.348	821.062	1A02WM		test found clashes	BLD-EL-Electrical Equipment-vs-BLD-EL-Cable Tray&Cable Tray Fittings	6	ran and found clashes
10:01:22.210	821.923	1A02WM		rows for the workbook	BLD-EL-Electrical Fixtures-vs-BLD-AR-Floors	0	0 in the document
10:01:22.211	821.924	1A02WM		test passed	BLD-EL-Electrical Fixtures-vs-BLD-AR-Floors	0	ran and found nothing
10:01:23.931	823.645	1A02WM		rows for the workbook	BLD-EL-Electrical Fixtures-vs-BLD-AR-Walls	19	19 in the document
10:01:23.932	823.646	1A02WM		test found clashes	BLD-EL-Electrical Fixtures-vs-BLD-AR-Walls	19	ran and found clashes
10:01:24.805	824.519	1A02WM		rows for the workbook	BLD-EL-Electrical Fixtures-vs-BLD-AR-Doors	0	0 in the document
10:01:24.806	824.520	1A02WM		test passed	BLD-EL-Electrical Fixtures-vs-BLD-AR-Doors	0	ran and found nothing
10:01:25.679	825.393	1A02WM		rows for the workbook	BLD-EL-Electrical Fixtures-vs-BLD-ST-Foundation	0	0 in the document
10:01:25.680	825.394	1A02WM		test passed	BLD-EL-Electrical Fixtures-vs-BLD-ST-Foundation	0	ran and found nothing
10:01:26.561	826.274	1A02WM		rows for the workbook	BLD-EL-Electrical Fixtures-vs-BLD-ST-Columns	0	0 in the document
10:01:26.562	826.275	1A02WM		test passed	BLD-EL-Electrical Fixtures-vs-BLD-ST-Columns	0	ran and found nothing
10:01:27.473	827.186	1A02WM		rows for the workbook	BLD-EL-Electrical Fixtures-vs-BLD-ST-Framing	0	0 in the document
10:01:27.474	827.187	1A02WM		test passed	BLD-EL-Electrical Fixtures-vs-BLD-ST-Framing	0	ran and found nothing
10:01:28.341	828.054	1A02WM		rows for the workbook	BLD-EL-Electrical Fixtures-vs-BLD-ST-Walls	0	0 in the document
10:01:28.342	828.055	1A02WM		test passed	BLD-EL-Electrical Fixtures-vs-BLD-ST-Walls	0	ran and found nothing
10:01:29.233	828.947	1A02WM		rows for the workbook	BLD-EL-Electrical Fixtures-vs-BLD-ST-Floors	0	0 in the document
10:01:29.234	828.948	1A02WM		test passed	BLD-EL-Electrical Fixtures-vs-BLD-ST-Floors	0	ran and found nothing
10:01:30.123	829.837	1A02WM		rows for the workbook	BLD-EL-Electrical Fixtures-vs-BLD-ME-Mechanical Equipment	0	0 in the document
10:01:30.124	829.837	1A02WM		test passed	BLD-EL-Electrical Fixtures-vs-BLD-ME-Mechanical Equipment	0	ran and found nothing
10:01:31.002	830.715	1A02WM		rows for the workbook	BLD-EL-Electrical Fixtures-vs-BLD-ME-Pipes&Pipe Fittings	0	0 in the document
10:01:31.002	830.716	1A02WM		test passed	BLD-EL-Electrical Fixtures-vs-BLD-ME-Pipes&Pipe Fittings	0	ran and found nothing
10:01:31.866	831.579	1A02WM		rows for the workbook	BLD-EL-Electrical Fixtures-vs-BLD-DR-Pipes & Pipe Fittings	0	0 in the document
10:01:31.866	831.580	1A02WM		test passed	BLD-EL-Electrical Fixtures-vs-BLD-DR-Pipes & Pipe Fittings	0	ran and found nothing
10:01:32.710	832.424	1A02WM		rows for the workbook	BLD-EL-Electrical Fixtures-vs-BLD-DR-Plumbing Fixtures	0	0 in the document
10:01:32.710	832.425	1A02WM		test passed	BLD-EL-Electrical Fixtures-vs-BLD-DR-Plumbing Fixtures	0	ran and found nothing
10:01:33.583	833.297	1A02WM		rows for the workbook	BLD-EL-Electrical Fixtures-vs-BLD-EL-Cable Tray&Cable Tray Fittings	0	0 in the document
10:01:33.584	833.298	1A02WM		test passed	BLD-EL-Electrical Fixtures-vs-BLD-EL-Cable Tray&Cable Tray Fittings	0	ran and found nothing
10:01:34.548	834.261	1A02WM		rows for the workbook	BLD-EL-Electrical Fixtures-vs-BLD-EL-Electrical Equipment	2	2 in the document
10:01:34.549	834.262	1A02WM		test found clashes	BLD-EL-Electrical Fixtures-vs-BLD-EL-Electrical Equipment	2	ran and found clashes
10:01:35.774	835.488	1A02WM		rows for the workbook	BLD-EL-Conduits & Conduit Fittings-vs-BLD-AR-Floors	12	12 in the document
10:01:35.775	835.489	1A02WM		test found clashes	BLD-EL-Conduits & Conduit Fittings-vs-BLD-AR-Floors	12	ran and found clashes
10:01:38.255	837.969	1A02WM		rows for the workbook	BLD-EL-Conduits & Conduit Fittings-vs-BLD-AR-Walls	44	44 in the document
10:01:38.256	837.970	1A02WM		test found clashes	BLD-EL-Conduits & Conduit Fittings-vs-BLD-AR-Walls	44	ran and found clashes
10:01:39.159	838.873	1A02WM		rows for the workbook	BLD-EL-Conduits & Conduit Fittings-vs-BLD-AR-Doors	0	0 in the document
10:01:39.160	838.873	1A02WM		test passed	BLD-EL-Conduits & Conduit Fittings-vs-BLD-AR-Doors	0	ran and found nothing
10:01:40.032	839.746	1A02WM		rows for the workbook	BLD-EL-Conduits & Conduit Fittings-vs-BLD-ST-Foundation	0	0 in the document
10:01:40.033	839.747	1A02WM		test passed	BLD-EL-Conduits & Conduit Fittings-vs-BLD-ST-Foundation	0	ran and found nothing
10:01:40.919	840.633	1A02WM		rows for the workbook	BLD-EL-Conduits & Conduit Fittings-vs-BLD-ST-Columns	0	0 in the document
10:01:40.920	840.633	1A02WM		test passed	BLD-EL-Conduits & Conduit Fittings-vs-BLD-ST-Columns	0	ran and found nothing
10:01:41.796	841.510	1A02WM		rows for the workbook	BLD-EL-Conduits & Conduit Fittings-vs-BLD-ST-Framing	0	0 in the document
10:01:41.797	841.511	1A02WM		test passed	BLD-EL-Conduits & Conduit Fittings-vs-BLD-ST-Framing	0	ran and found nothing
10:01:42.905	842.618	1A02WM		rows for the workbook	BLD-EL-Conduits & Conduit Fittings-vs-BLD-ST-Walls	7	7 in the document
10:01:42.906	842.619	1A02WM		test found clashes	BLD-EL-Conduits & Conduit Fittings-vs-BLD-ST-Walls	7	ran and found clashes
10:01:43.785	843.499	1A02WM		rows for the workbook	BLD-EL-Conduits & Conduit Fittings-vs-BLD-ST-Floors	0	0 in the document
10:01:43.786	843.500	1A02WM		test passed	BLD-EL-Conduits & Conduit Fittings-vs-BLD-ST-Floors	0	ran and found nothing
10:01:44.666	844.380	1A02WM		rows for the workbook	BLD-EL-Conduits & Conduit Fittings-vs-BLD-ME-Mechanical Equipment	0	0 in the document
10:01:44.667	844.381	1A02WM		test passed	BLD-EL-Conduits & Conduit Fittings-vs-BLD-ME-Mechanical Equipment	0	ran and found nothing
10:01:45.548	845.262	1A02WM		rows for the workbook	BLD-EL-Conduits & Conduit Fittings-vs-BLD-ME-Pipes&Pipe Fittings	0	0 in the document
10:01:45.549	845.262	1A02WM		test passed	BLD-EL-Conduits & Conduit Fittings-vs-BLD-ME-Pipes&Pipe Fittings	0	ran and found nothing
10:01:46.547	846.260	1A02WM		rows for the workbook	BLD-EL-Conduits & Conduit Fittings-vs-BLD-DR-Pipes & Pipe Fittings	3	3 in the document
10:01:46.548	846.261	1A02WM		test found clashes	BLD-EL-Conduits & Conduit Fittings-vs-BLD-DR-Pipes & Pipe Fittings	3	ran and found clashes
10:01:47.414	847.127	1A02WM		rows for the workbook	BLD-EL-Conduits & Conduit Fittings-vs-BLD-DR-Plumbing Fixtures	0	0 in the document
10:01:47.415	847.128	1A02WM		test passed	BLD-EL-Conduits & Conduit Fittings-vs-BLD-DR-Plumbing Fixtures	0	ran and found nothing
10:01:48.290	848.004	1A02WM		rows for the workbook	BLD-EL-Conduits & Conduit Fittings-vs-BLD-EL-Cable Tray&Cable Tray Fittings	0	0 in the document
10:01:48.291	848.005	1A02WM		test passed	BLD-EL-Conduits & Conduit Fittings-vs-BLD-EL-Cable Tray&Cable Tray Fittings	0	ran and found nothing
10:01:49.525	849.238	1A02WM		rows for the workbook	BLD-EL-Conduits & Conduit Fittings-vs-BLD-EL-Electrical Equipment	12	12 in the document
10:01:49.526	849.239	1A02WM		test found clashes	BLD-EL-Conduits & Conduit Fittings-vs-BLD-EL-Electrical Equipment	12	ran and found clashes
10:01:50.467	850.181	1A02WM		rows for the workbook	BLD-EL-Conduits & Conduit Fittings-vs-BLD-EL-Electrical Fixtures	0	0 in the document
10:01:50.469	850.182	1A02WM		test passed	BLD-EL-Conduits & Conduit Fittings-vs-BLD-EL-Electrical Fixtures	0	ran and found nothing
10:01:51.641	851.355	1A02WM		rows for the workbook	BLD-EL-Lighting Fixtures-vs-BLD-AR-Floors	0	0 in the document
10:01:51.642	851.355	1A02WM		test passed	BLD-EL-Lighting Fixtures-vs-BLD-AR-Floors	0	ran and found nothing
10:01:52.597	852.311	1A02WM		rows for the workbook	BLD-EL-Lighting Fixtures-vs-BLD-AR-Walls	2	2 in the document
10:01:52.598	852.312	1A02WM		test found clashes	BLD-EL-Lighting Fixtures-vs-BLD-AR-Walls	2	ran and found clashes
10:01:53.494	853.207	1A02WM		rows for the workbook	BLD-EL-Lighting Fixtures-vs-BLD-AR-Doors	0	0 in the document
10:01:53.495	853.208	1A02WM		test passed	BLD-EL-Lighting Fixtures-vs-BLD-AR-Doors	0	ran and found nothing
10:01:54.359	854.072	1A02WM		rows for the workbook	BLD-EL-Lighting Fixtures-vs-BLD-ST-Foundation	0	0 in the document
10:01:54.359	854.073	1A02WM		test passed	BLD-EL-Lighting Fixtures-vs-BLD-ST-Foundation	0	ran and found nothing
10:01:55.224	854.937	1A02WM		rows for the workbook	BLD-EL-Lighting Fixtures-vs-BLD-ST-Columns	0	0 in the document
10:01:55.224	854.938	1A02WM		test passed	BLD-EL-Lighting Fixtures-vs-BLD-ST-Columns	0	ran and found nothing
10:01:56.363	856.077	1A02WM		rows for the workbook	BLD-EL-Lighting Fixtures-vs-BLD-ST-Framing	6	6 in the document
10:01:56.364	856.078	1A02WM		test found clashes	BLD-EL-Lighting Fixtures-vs-BLD-ST-Framing	6	ran and found clashes
10:01:57.237	856.950	1A02WM		rows for the workbook	BLD-EL-Lighting Fixtures-vs-BLD-ST-Walls	0	0 in the document
10:01:57.238	856.951	1A02WM		test passed	BLD-EL-Lighting Fixtures-vs-BLD-ST-Walls	0	ran and found nothing
10:01:58.488	858.202	1A02WM		rows for the workbook	BLD-EL-Lighting Fixtures-vs-BLD-ST-Floors	9	9 in the document
10:01:58.490	858.203	1A02WM		test found clashes	BLD-EL-Lighting Fixtures-vs-BLD-ST-Floors	9	ran and found clashes
10:01:59.408	859.122	1A02WM		rows for the workbook	BLD-EL-Lighting Fixtures-vs-BLD-ME-Mechanical Equipment	0	0 in the document
10:01:59.408	859.123	1A02WM		test passed	BLD-EL-Lighting Fixtures-vs-BLD-ME-Mechanical Equipment	0	ran and found nothing
10:02:00.288	860.001	1A02WM		rows for the workbook	BLD-EL-Lighting Fixtures-vs-BLD-ME-Pipes&Pipe Fittings	0	0 in the document
10:02:00.289	860.002	1A02WM		test passed	BLD-EL-Lighting Fixtures-vs-BLD-ME-Pipes&Pipe Fittings	0	ran and found nothing
10:02:01.179	860.892	1A02WM		rows for the workbook	BLD-EL-Lighting Fixtures-vs-BLD-DR-Pipes & Pipe Fittings	0	0 in the document
10:02:01.180	860.893	1A02WM		test passed	BLD-EL-Lighting Fixtures-vs-BLD-DR-Pipes & Pipe Fittings	0	ran and found nothing
10:02:02.049	861.763	1A02WM		rows for the workbook	BLD-EL-Lighting Fixtures-vs-BLD-DR-Plumbing Fixtures	0	0 in the document
10:02:02.049	861.764	1A02WM		test passed	BLD-EL-Lighting Fixtures-vs-BLD-DR-Plumbing Fixtures	0	ran and found nothing
10:02:02.923	862.636	1A02WM		rows for the workbook	BLD-EL-Lighting Fixtures-vs-BLD-EL-Cable Tray&Cable Tray Fittings	0	0 in the document
10:02:02.924	862.637	1A02WM		test passed	BLD-EL-Lighting Fixtures-vs-BLD-EL-Cable Tray&Cable Tray Fittings	0	ran and found nothing
10:02:03.773	863.487	1A02WM		rows for the workbook	BLD-EL-Lighting Fixtures-vs-BLD-EL-Electrical Equipment	0	0 in the document
10:02:03.774	863.488	1A02WM		test passed	BLD-EL-Lighting Fixtures-vs-BLD-EL-Electrical Equipment	0	ran and found nothing
10:02:04.646	864.359	1A02WM		rows for the workbook	BLD-EL-Lighting Fixtures-vs-BLD-EL-Electrical Fixtures	0	0 in the document
10:02:04.647	864.360	1A02WM		test passed	BLD-EL-Lighting Fixtures-vs-BLD-EL-Electrical Fixtures	0	ran and found nothing
10:02:05.528	865.242	1A02WM		rows for the workbook	BLD-EL-Lighting Fixtures-vs-BLD-EL-Conduits & Conduit Fittings	0	0 in the document
10:02:05.529	865.243	1A02WM		test passed	BLD-EL-Lighting Fixtures-vs-BLD-EL-Conduits & Conduit Fittings	0	ran and found nothing
10:02:06.416	866.130	1A02WM		rows for the workbook	BLD-EL-Lighting Devices-vs-BLD-AR-Floors	0	0 in the document
10:02:06.417	866.131	1A02WM		test passed	BLD-EL-Lighting Devices-vs-BLD-AR-Floors	0	ran and found nothing
10:02:07.430	867.144	1A02WM		rows for the workbook	BLD-EL-Lighting Devices-vs-BLD-AR-Walls	4	4 in the document
10:02:07.432	867.146	1A02WM		test found clashes	BLD-EL-Lighting Devices-vs-BLD-AR-Walls	4	ran and found clashes
10:02:08.312	868.026	1A02WM		rows for the workbook	BLD-EL-Lighting Devices-vs-BLD-AR-Doors	0	0 in the document
10:02:08.314	868.027	1A02WM		test passed	BLD-EL-Lighting Devices-vs-BLD-AR-Doors	0	ran and found nothing
10:02:09.162	868.876	1A02WM		rows for the workbook	BLD-EL-Lighting Devices-vs-BLD-ST-Foundation	0	0 in the document
10:02:09.163	868.877	1A02WM		test passed	BLD-EL-Lighting Devices-vs-BLD-ST-Foundation	0	ran and found nothing
10:02:10.038	869.752	1A02WM		rows for the workbook	BLD-EL-Lighting Devices-vs-BLD-ST-Columns	0	0 in the document
10:02:10.039	869.753	1A02WM		test passed	BLD-EL-Lighting Devices-vs-BLD-ST-Columns	0	ran and found nothing
10:02:10.916	870.629	1A02WM		rows for the workbook	BLD-EL-Lighting Devices-vs-BLD-ST-Framing	0	0 in the document
10:02:10.917	870.630	1A02WM		test passed	BLD-EL-Lighting Devices-vs-BLD-ST-Framing	0	ran and found nothing
10:02:11.810	871.523	1A02WM		rows for the workbook	BLD-EL-Lighting Devices-vs-BLD-ST-Walls	0	0 in the document
10:02:11.811	871.524	1A02WM		test passed	BLD-EL-Lighting Devices-vs-BLD-ST-Walls	0	ran and found nothing
10:02:12.738	872.452	1A02WM		rows for the workbook	BLD-EL-Lighting Devices-vs-BLD-ST-Floors	0	0 in the document
10:02:12.739	872.453	1A02WM		test passed	BLD-EL-Lighting Devices-vs-BLD-ST-Floors	0	ran and found nothing
10:02:13.609	873.322	1A02WM		rows for the workbook	BLD-EL-Lighting Devices-vs-BLD-ME-Mechanical Equipment	0	0 in the document
10:02:13.609	873.323	1A02WM		test passed	BLD-EL-Lighting Devices-vs-BLD-ME-Mechanical Equipment	0	ran and found nothing
10:02:14.482	874.195	1A02WM		rows for the workbook	BLD-EL-Lighting Devices-vs-BLD-ME-Pipes&Pipe Fittings	0	0 in the document
10:02:14.483	874.196	1A02WM		test passed	BLD-EL-Lighting Devices-vs-BLD-ME-Pipes&Pipe Fittings	0	ran and found nothing
10:02:15.373	875.087	1A02WM		rows for the workbook	BLD-EL-Lighting Devices-vs-BLD-DR-Pipes & Pipe Fittings	0	0 in the document
10:02:15.374	875.088	1A02WM		test passed	BLD-EL-Lighting Devices-vs-BLD-DR-Pipes & Pipe Fittings	0	ran and found nothing
10:02:16.270	875.983	1A02WM		rows for the workbook	BLD-EL-Lighting Devices-vs-BLD-DR-Plumbing Fixtures	0	0 in the document
10:02:16.270	875.984	1A02WM		test passed	BLD-EL-Lighting Devices-vs-BLD-DR-Plumbing Fixtures	0	ran and found nothing
10:02:17.175	876.888	1A02WM		rows for the workbook	BLD-EL-Lighting Devices-vs-BLD-EL-Cable Tray&Cable Tray Fittings	0	0 in the document
10:02:17.176	876.889	1A02WM		test passed	BLD-EL-Lighting Devices-vs-BLD-EL-Cable Tray&Cable Tray Fittings	0	ran and found nothing
10:02:18.053	877.766	1A02WM		rows for the workbook	BLD-EL-Lighting Devices-vs-BLD-EL-Electrical Equipment	0	0 in the document
10:02:18.054	877.767	1A02WM		test passed	BLD-EL-Lighting Devices-vs-BLD-EL-Electrical Equipment	0	ran and found nothing
10:02:18.927	878.640	1A02WM		rows for the workbook	BLD-EL-Lighting Devices-vs-BLD-EL-Electrical Fixtures	0	0 in the document
10:02:18.928	878.641	1A02WM		test passed	BLD-EL-Lighting Devices-vs-BLD-EL-Electrical Fixtures	0	ran and found nothing
10:02:19.831	879.544	1A02WM		rows for the workbook	BLD-EL-Lighting Devices-vs-BLD-EL-Conduits & Conduit Fittings	0	0 in the document
10:02:19.831	879.545	1A02WM		test passed	BLD-EL-Lighting Devices-vs-BLD-EL-Conduits & Conduit Fittings	0	ran and found nothing
10:02:20.692	880.405	1A02WM		rows for the workbook	BLD-EL-Lighting Devices-vs-BLD-EL-Lighting Fixtures	0	0 in the document
10:02:20.692	880.406	1A02WM		test passed	BLD-EL-Lighting Devices-vs-BLD-EL-Lighting Fixtures	0	ran and found nothing
10:02:21.562	881.276	1A02WM		rows for the workbook	BLD-EL-Fire Alarm Devices-vs-BLD-AR-Floors	0	0 in the document
10:02:21.562	881.277	1A02WM		test passed	BLD-EL-Fire Alarm Devices-vs-BLD-AR-Floors	0	ran and found nothing
10:02:22.585	882.299	1A02WM		rows for the workbook	BLD-EL-Fire Alarm Devices-vs-BLD-AR-Walls	4	4 in the document
10:02:22.586	882.300	1A02WM		test found clashes	BLD-EL-Fire Alarm Devices-vs-BLD-AR-Walls	4	ran and found clashes
10:02:23.516	883.230	1A02WM		rows for the workbook	BLD-EL-Fire Alarm Devices-vs-BLD-AR-Doors	0	0 in the document
10:02:23.517	883.231	1A02WM		test passed	BLD-EL-Fire Alarm Devices-vs-BLD-AR-Doors	0	ran and found nothing
10:02:24.450	884.164	1A02WM		rows for the workbook	BLD-EL-Fire Alarm Devices-vs-BLD-ST-Foundation	0	0 in the document
10:02:24.451	884.165	1A02WM		test passed	BLD-EL-Fire Alarm Devices-vs-BLD-ST-Foundation	0	ran and found nothing
10:02:25.361	885.075	1A02WM		rows for the workbook	BLD-EL-Fire Alarm Devices-vs-BLD-ST-Columns	0	0 in the document
10:02:25.362	885.076	1A02WM		test passed	BLD-EL-Fire Alarm Devices-vs-BLD-ST-Columns	0	ran and found nothing
10:02:26.265	885.979	1A02WM		rows for the workbook	BLD-EL-Fire Alarm Devices-vs-BLD-ST-Framing	1	1 in the document
10:02:26.266	885.980	1A02WM		test found clashes	BLD-EL-Fire Alarm Devices-vs-BLD-ST-Framing	1	ran and found clashes
10:02:27.254	886.968	1A02WM		rows for the workbook	BLD-EL-Fire Alarm Devices-vs-BLD-ST-Walls	2	2 in the document
10:02:27.255	886.969	1A02WM		test found clashes	BLD-EL-Fire Alarm Devices-vs-BLD-ST-Walls	2	ran and found clashes
10:02:28.128	887.841	1A02WM		rows for the workbook	BLD-EL-Fire Alarm Devices-vs-BLD-ST-Floors	0	0 in the document
10:02:28.129	887.842	1A02WM		test passed	BLD-EL-Fire Alarm Devices-vs-BLD-ST-Floors	0	ran and found nothing
10:02:29.022	888.735	1A02WM		rows for the workbook	BLD-EL-Fire Alarm Devices-vs-BLD-ME-Mechanical Equipment	0	0 in the document
10:02:29.023	888.736	1A02WM		test passed	BLD-EL-Fire Alarm Devices-vs-BLD-ME-Mechanical Equipment	0	ran and found nothing
10:02:29.913	889.626	1A02WM		rows for the workbook	BLD-EL-Fire Alarm Devices-vs-BLD-ME-Pipes&Pipe Fittings	0	0 in the document
10:02:29.913	889.627	1A02WM		test passed	BLD-EL-Fire Alarm Devices-vs-BLD-ME-Pipes&Pipe Fittings	0	ran and found nothing
10:02:30.772	890.486	1A02WM		rows for the workbook	BLD-EL-Fire Alarm Devices-vs-BLD-DR-Pipes & Pipe Fittings	0	0 in the document
10:02:30.773	890.487	1A02WM		test passed	BLD-EL-Fire Alarm Devices-vs-BLD-DR-Pipes & Pipe Fittings	0	ran and found nothing
10:02:31.654	891.367	1A02WM		rows for the workbook	BLD-EL-Fire Alarm Devices-vs-BLD-DR-Plumbing Fixtures	0	0 in the document
10:02:31.655	891.368	1A02WM		test passed	BLD-EL-Fire Alarm Devices-vs-BLD-DR-Plumbing Fixtures	0	ran and found nothing
10:02:32.555	892.269	1A02WM		rows for the workbook	BLD-EL-Fire Alarm Devices-vs-BLD-EL-Cable Tray&Cable Tray Fittings	0	0 in the document
10:02:32.556	892.270	1A02WM		test passed	BLD-EL-Fire Alarm Devices-vs-BLD-EL-Cable Tray&Cable Tray Fittings	0	ran and found nothing
10:02:33.423	893.137	1A02WM		rows for the workbook	BLD-EL-Fire Alarm Devices-vs-BLD-EL-Electrical Equipment	0	0 in the document
10:02:33.424	893.138	1A02WM		test passed	BLD-EL-Fire Alarm Devices-vs-BLD-EL-Electrical Equipment	0	ran and found nothing
10:02:34.309	894.023	1A02WM		rows for the workbook	BLD-EL-Fire Alarm Devices-vs-BLD-EL-Electrical Fixtures	0	0 in the document
10:02:34.309	894.023	1A02WM		test passed	BLD-EL-Fire Alarm Devices-vs-BLD-EL-Electrical Fixtures	0	ran and found nothing
10:02:35.195	894.908	1A02WM		rows for the workbook	BLD-EL-Fire Alarm Devices-vs-BLD-EL-Conduits & Conduit Fittings	0	0 in the document
10:02:35.196	894.909	1A02WM		test passed	BLD-EL-Fire Alarm Devices-vs-BLD-EL-Conduits & Conduit Fittings	0	ran and found nothing
10:02:36.057	895.771	1A02WM		rows for the workbook	BLD-EL-Fire Alarm Devices-vs-BLD-EL-Lighting Fixtures	0	0 in the document
10:02:36.057	895.772	1A02WM		test passed	BLD-EL-Fire Alarm Devices-vs-BLD-EL-Lighting Fixtures	0	ran and found nothing
10:02:36.923	896.637	1A02WM		rows for the workbook	BLD-EL-Fire Alarm Devices-vs-BLD-EL-Lighting Devices	0	0 in the document
10:02:36.924	896.637	1A02WM		test passed	BLD-EL-Fire Alarm Devices-vs-BLD-EL-Lighting Devices	0	ran and found nothing
10:02:37.877	897.591	1A02WM		rows for the workbook	BLD-Security Devices-vs-BLD-AR-Floors	0	0 in the document
10:02:37.877	897.591	1A02WM		test passed	BLD-Security Devices-vs-BLD-AR-Floors	0	ran and found nothing
10:02:38.805	898.520	1A02WM		rows for the workbook	BLD-Security Devices-vs-BLD-AR-Walls	1	1 in the document
10:02:38.806	898.521	1A02WM		test found clashes	BLD-Security Devices-vs-BLD-AR-Walls	1	ran and found clashes
10:02:39.703	899.417	1A02WM		rows for the workbook	BLD-Security Devices-vs-BLD-AR-Doors	1	1 in the document
10:02:39.703	899.418	1A02WM		test found clashes	BLD-Security Devices-vs-BLD-AR-Doors	1	ran and found clashes
10:02:40.582	900.295	1A02WM		rows for the workbook	BLD-Security Devices-vs-BLD-ST-Foundation	0	0 in the document
10:02:40.583	900.296	1A02WM		test passed	BLD-Security Devices-vs-BLD-ST-Foundation	0	ran and found nothing
10:02:41.431	901.145	1A02WM		rows for the workbook	BLD-Security Devices-vs-BLD-ST-Columns	0	0 in the document
10:02:41.433	901.147	1A02WM		test passed	BLD-Security Devices-vs-BLD-ST-Columns	0	ran and found nothing
10:02:42.321	902.035	1A02WM		rows for the workbook	BLD-Security Devices-vs-BLD-ST-Framing	0	0 in the document
10:02:42.322	902.035	1A02WM		test passed	BLD-Security Devices-vs-BLD-ST-Framing	0	ran and found nothing
10:02:43.205	902.919	1A02WM		rows for the workbook	BLD-Security Devices-vs-BLD-ST-Walls	0	0 in the document
10:02:43.206	902.920	1A02WM		test passed	BLD-Security Devices-vs-BLD-ST-Walls	0	ran and found nothing
10:02:44.085	903.798	1A02WM		rows for the workbook	BLD-Security Devices-vs-BLD-ST-Floors	0	0 in the document
10:02:44.086	903.799	1A02WM		test passed	BLD-Security Devices-vs-BLD-ST-Floors	0	ran and found nothing
10:02:44.953	904.667	1A02WM		rows for the workbook	BLD-Security Devices-vs-BLD-ME-Mechanical Equipment	0	0 in the document
10:02:44.954	904.668	1A02WM		test passed	BLD-Security Devices-vs-BLD-ME-Mechanical Equipment	0	ran and found nothing
10:02:45.835	905.549	1A02WM		rows for the workbook	BLD-Security Devices-vs-BLD-ME-Pipes&Pipe Fittings	0	0 in the document
10:02:45.836	905.550	1A02WM		test passed	BLD-Security Devices-vs-BLD-ME-Pipes&Pipe Fittings	0	ran and found nothing
10:02:46.740	906.454	1A02WM		rows for the workbook	BLD-Security Devices-vs-BLD-DR-Pipes & Pipe Fittings	0	0 in the document
10:02:46.741	906.455	1A02WM		test passed	BLD-Security Devices-vs-BLD-DR-Pipes & Pipe Fittings	0	ran and found nothing
10:02:47.622	907.335	1A02WM		rows for the workbook	BLD-Security Devices-vs-BLD-DR-Plumbing Fixtures	0	0 in the document
10:02:47.623	907.336	1A02WM		test passed	BLD-Security Devices-vs-BLD-DR-Plumbing Fixtures	0	ran and found nothing
10:02:48.487	908.200	1A02WM		rows for the workbook	BLD-Security Devices-vs-BLD-EL-Cable Tray&Cable Tray Fittings	0	0 in the document
10:02:48.488	908.201	1A02WM		test passed	BLD-Security Devices-vs-BLD-EL-Cable Tray&Cable Tray Fittings	0	ran and found nothing
10:02:49.365	909.079	1A02WM		rows for the workbook	BLD-Security Devices-vs-BLD-EL-Electrical Equipment	0	0 in the document
10:02:49.366	909.079	1A02WM		test passed	BLD-Security Devices-vs-BLD-EL-Electrical Equipment	0	ran and found nothing
10:02:50.241	909.955	1A02WM		rows for the workbook	BLD-Security Devices-vs-BLD-EL-Electrical Fixtures	0	0 in the document
10:02:50.242	909.955	1A02WM		test passed	BLD-Security Devices-vs-BLD-EL-Electrical Fixtures	0	ran and found nothing
10:02:51.159	910.873	1A02WM		rows for the workbook	BLD-Security Devices-vs-BLD-EL-Conduits & Conduit Fittings	0	0 in the document
10:02:51.160	910.874	1A02WM		test passed	BLD-Security Devices-vs-BLD-EL-Conduits & Conduit Fittings	0	ran and found nothing
10:02:52.056	911.769	1A02WM		rows for the workbook	BLD-Security Devices-vs-BLD-EL-Lighting Fixtures	0	0 in the document
10:02:52.056	911.770	1A02WM		test passed	BLD-Security Devices-vs-BLD-EL-Lighting Fixtures	0	ran and found nothing
10:02:52.965	912.678	1A02WM		rows for the workbook	BLD-Security Devices-vs-BLD-EL-Lighting Devices	1	1 in the document
10:02:52.965	912.679	1A02WM		test found clashes	BLD-Security Devices-vs-BLD-EL-Lighting Devices	1	ran and found clashes
10:02:53.874	913.588	1A02WM		rows for the workbook	BLD-Security Devices-vs-BLD-EL-Fire Alarm Devices	1	1 in the document
10:02:53.875	913.589	1A02WM		test found clashes	BLD-Security Devices-vs-BLD-EL-Fire Alarm Devices	1	ran and found clashes
10:02:54.839	914.552	1A02WM		rows for the workbook	BLD-EL-Data Devices-vs-BLD-AR-Floors	0	0 in the document
10:02:54.840	914.553	1A02WM		test passed	BLD-EL-Data Devices-vs-BLD-AR-Floors	0	ran and found nothing
10:02:55.762	915.475	1A02WM		rows for the workbook	BLD-EL-Data Devices-vs-BLD-AR-Walls	1	1 in the document
10:02:55.762	915.476	1A02WM		test found clashes	BLD-EL-Data Devices-vs-BLD-AR-Walls	1	ran and found clashes
10:02:56.644	916.357	1A02WM		rows for the workbook	BLD-EL-Data Devices-vs-BLD-AR-Doors	0	0 in the document
10:02:56.645	916.358	1A02WM		test passed	BLD-EL-Data Devices-vs-BLD-AR-Doors	0	ran and found nothing
10:02:57.501	917.215	1A02WM		rows for the workbook	BLD-EL-Data Devices-vs-BLD-ST-Foundation	0	0 in the document
10:02:57.502	917.216	1A02WM		test passed	BLD-EL-Data Devices-vs-BLD-ST-Foundation	0	ran and found nothing
10:02:58.363	918.077	1A02WM		rows for the workbook	BLD-EL-Data Devices-vs-BLD-ST-Columns	0	0 in the document
10:02:58.365	918.078	1A02WM		test passed	BLD-EL-Data Devices-vs-BLD-ST-Columns	0	ran and found nothing
10:02:59.236	918.950	1A02WM		rows for the workbook	BLD-EL-Data Devices-vs-BLD-ST-Framing	0	0 in the document
10:02:59.237	918.951	1A02WM		test passed	BLD-EL-Data Devices-vs-BLD-ST-Framing	0	ran and found nothing
10:03:00.120	919.834	1A02WM		rows for the workbook	BLD-EL-Data Devices-vs-BLD-ST-Walls	0	0 in the document
10:03:00.121	919.835	1A02WM		test passed	BLD-EL-Data Devices-vs-BLD-ST-Walls	0	ran and found nothing
10:03:00.984	920.698	1A02WM		rows for the workbook	BLD-EL-Data Devices-vs-BLD-ST-Floors	0	0 in the document
10:03:00.985	920.699	1A02WM		test passed	BLD-EL-Data Devices-vs-BLD-ST-Floors	0	ran and found nothing
10:03:01.860	921.573	1A02WM		rows for the workbook	BLD-EL-Data Devices-vs-BLD-ME-Mechanical Equipment	0	0 in the document
10:03:01.861	921.574	1A02WM		test passed	BLD-EL-Data Devices-vs-BLD-ME-Mechanical Equipment	0	ran and found nothing
10:03:02.723	922.436	1A02WM		rows for the workbook	BLD-EL-Data Devices-vs-BLD-ME-Pipes&Pipe Fittings	0	0 in the document
10:03:02.724	922.437	1A02WM		test passed	BLD-EL-Data Devices-vs-BLD-ME-Pipes&Pipe Fittings	0	ran and found nothing
10:03:03.583	923.296	1A02WM		rows for the workbook	BLD-EL-Data Devices-vs-BLD-DR-Pipes & Pipe Fittings	0	0 in the document
10:03:03.584	923.297	1A02WM		test passed	BLD-EL-Data Devices-vs-BLD-DR-Pipes & Pipe Fittings	0	ran and found nothing
10:03:04.423	924.136	1A02WM		rows for the workbook	BLD-EL-Data Devices-vs-BLD-DR-Plumbing Fixtures	0	0 in the document
10:03:04.424	924.137	1A02WM		test passed	BLD-EL-Data Devices-vs-BLD-DR-Plumbing Fixtures	0	ran and found nothing
10:03:05.268	924.982	1A02WM		rows for the workbook	BLD-EL-Data Devices-vs-BLD-EL-Cable Tray&Cable Tray Fittings	0	0 in the document
10:03:05.269	924.983	1A02WM		test passed	BLD-EL-Data Devices-vs-BLD-EL-Cable Tray&Cable Tray Fittings	0	ran and found nothing
10:03:06.133	925.846	1A02WM		rows for the workbook	BLD-EL-Data Devices-vs-BLD-EL-Electrical Equipment	0	0 in the document
10:03:06.134	925.847	1A02WM		test passed	BLD-EL-Data Devices-vs-BLD-EL-Electrical Equipment	0	ran and found nothing
10:03:06.993	926.707	1A02WM		rows for the workbook	BLD-EL-Data Devices-vs-BLD-EL-Electrical Fixtures	0	0 in the document
10:03:06.994	926.708	1A02WM		test passed	BLD-EL-Data Devices-vs-BLD-EL-Electrical Fixtures	0	ran and found nothing
10:03:07.852	927.565	1A02WM		rows for the workbook	BLD-EL-Data Devices-vs-BLD-EL-Conduits & Conduit Fittings	0	0 in the document
10:03:07.853	927.566	1A02WM		test passed	BLD-EL-Data Devices-vs-BLD-EL-Conduits & Conduit Fittings	0	ran and found nothing
10:03:08.728	928.441	1A02WM		rows for the workbook	BLD-EL-Data Devices-vs-BLD-EL-Lighting Fixtures	0	0 in the document
10:03:08.729	928.442	1A02WM		test passed	BLD-EL-Data Devices-vs-BLD-EL-Lighting Fixtures	0	ran and found nothing
10:03:09.597	929.311	1A02WM		rows for the workbook	BLD-EL-Data Devices-vs-BLD-EL-Lighting Devices	0	0 in the document
10:03:09.598	929.311	1A02WM		test passed	BLD-EL-Data Devices-vs-BLD-EL-Lighting Devices	0	ran and found nothing
10:03:10.474	930.188	1A02WM		rows for the workbook	BLD-EL-Data Devices-vs-BLD-EL-Fire Alarm Devices	0	0 in the document
10:03:10.475	930.188	1A02WM		test passed	BLD-EL-Data Devices-vs-BLD-EL-Fire Alarm Devices	0	ran and found nothing
10:03:11.343	931.057	1A02WM		rows for the workbook	BLD-EL-Data Devices-vs-BLD-Security Devices	0	0 in the document
10:03:11.344	931.058	1A02WM		test passed	BLD-EL-Data Devices-vs-BLD-Security Devices	0	ran and found nothing
10:03:12.959	932.673	1A02WM		set finding nothing	lcop_selection_set_tree/Architecture/BLD-AR-Stairs		lcop_selection_set_tree/Architecture/BLD-AR-Stairs   asks for "Stairs", WHICH MODELS IN THIS PROJECT DO CARRY, and still found nothing HERE. Either this group holds no model of that kind, which is ordinary, or something else is wrong, and this reader cannot tell which
10:03:12.960	932.674	1A02WM		set finding nothing	lcop_selection_set_tree/Architecture/BLD-AR-Ramps		lcop_selection_set_tree/Architecture/BLD-AR-Ramps   asks for "Ramps" and NO MODEL IN THIS PROJECT CARRIES IT, and nothing the models carry is close to it
10:03:12.961	932.675	1A02WM		set finding nothing	lcop_selection_set_tree/Architecture/BLD-AR-Roofs		lcop_selection_set_tree/Architecture/BLD-AR-Roofs   asks for "Roofs" and NO MODEL IN THIS PROJECT CARRIES IT. The nearest the models carry is "Doors", which is a suggestion and not a correction
10:03:12.961	932.676	1A02WM		set finding nothing	lcop_selection_set_tree/Architecture/BLD-AR-Ceilings		lcop_selection_set_tree/Architecture/BLD-AR-Ceilings   asks for "Ceilings", WHICH MODELS IN THIS PROJECT DO CARRY, and still found nothing HERE. Either this group holds no model of that kind, which is ordinary, or something else is wrong, and this reader cannot tell which
10:03:12.962	932.676	1A02WM		set finding nothing	lcop_selection_set_tree/Architecture/BLD-AR-Columns		lcop_selection_set_tree/Architecture/BLD-AR-Columns   asks for "Columns" and NO MODEL IN THIS PROJECT CARRIES IT, and nothing the models carry is close to it
10:03:12.963	932.677	1A02WM		set finding nothing	lcop_selection_set_tree/Architecture/BLD-AR-Windows		lcop_selection_set_tree/Architecture/BLD-AR-Windows   asks for "Windows", WHICH MODELS IN THIS PROJECT DO CARRY, and still found nothing HERE. Either this group holds no model of that kind, which is ordinary, or something else is wrong, and this reader cannot tell which
10:03:12.963	932.677	1A02WM		set finding nothing	lcop_selection_set_tree/Architecture/BLD-AR-Curtain Panels		lcop_selection_set_tree/Architecture/BLD-AR-Curtain Panels   asks for "Curtain Panels", WHICH MODELS IN THIS PROJECT DO CARRY, and still found nothing HERE. Either this group holds no model of that kind, which is ordinary, or something else is wrong, and this reader cannot tell which
10:03:12.964	932.678	1A02WM		set finding nothing	lcop_selection_set_tree/Architecture/BLD-AR-Curtain Mullions		lcop_selection_set_tree/Architecture/BLD-AR-Curtain Mullions   asks for "Curtain Wall Mullions", WHICH MODELS IN THIS PROJECT DO CARRY, and still found nothing HERE. Either this group holds no model of that kind, which is ordinary, or something else is wrong, and this reader cannot tell which
10:03:12.965	932.679	1A02WM		set finding nothing	lcop_selection_set_tree/Architecture/BLD-AR-Casework		lcop_selection_set_tree/Architecture/BLD-AR-Casework   asks for "Casework" and NO MODEL IN THIS PROJECT CARRIES IT, and nothing the models carry is close to it
10:03:12.965	932.680	1A02WM		set finding nothing	lcop_selection_set_tree/Architecture/BLD-AR-Furniture		lcop_selection_set_tree/Architecture/BLD-AR-Furniture   asks for "Furniture", WHICH MODELS IN THIS PROJECT DO CARRY, and still found nothing HERE. Either this group holds no model of that kind, which is ordinary, or something else is wrong, and this reader cannot tell which
10:03:12.966	932.680	1A02WM		set finding nothing	lcop_selection_set_tree/Architecture/BLD-AR-Parking		lcop_selection_set_tree/Architecture/BLD-AR-Parking   asks for "Parking" and NO MODEL IN THIS PROJECT CARRIES IT, and nothing the models carry is close to it
10:03:12.967	932.681	1A02WM		set finding nothing	lcop_selection_set_tree/Architecture/BLD-AR-Railings		lcop_selection_set_tree/Architecture/BLD-AR-Railings   asks for "Railings" and NO MODEL IN THIS PROJECT CARRIES IT. The nearest the models carry is "Ceilings", which is a suggestion and not a correction
10:03:12.967	932.682	1A02WM		set finding nothing	lcop_selection_set_tree/Architecture/BLD-AR-Site		lcop_selection_set_tree/Architecture/BLD-AR-Site   asks for "Site", WHICH MODELS IN THIS PROJECT DO CARRY, and still found nothing HERE. Either this group holds no model of that kind, which is ordinary, or something else is wrong, and this reader cannot tell which
10:03:12.969	932.683	1A02WM		set finding nothing	lcop_selection_set_tree/Structure/BLD-ST-Stair		lcop_selection_set_tree/Structure/BLD-ST-Stair   asks for "Stairs", WHICH MODELS IN THIS PROJECT DO CARRY, and still found nothing HERE. Either this group holds no model of that kind, which is ordinary, or something else is wrong, and this reader cannot tell which
10:03:12.969	932.683	1A02WM		set finding nothing	lcop_selection_set_tree/Mechanical/Mechanical-HVAC/BLD-ME-Ducts&Duct Fittings		lcop_selection_set_tree/Mechanical/Mechanical-HVAC/BLD-ME-Ducts&Duct Fittings   asks for "Ducts", WHICH MODELS IN THIS PROJECT DO CARRY, and still found nothing HERE. Either this group holds no model of that kind, which is ordinary, or something else is wrong, and this reader cannot tell which
10:03:12.971	932.684	1A02WM		set finding nothing	lcop_selection_set_tree/Mechanical/Mechanical-HVAC/BLD-ME-Duct Accessory		lcop_selection_set_tree/Mechanical/Mechanical-HVAC/BLD-ME-Duct Accessory   asks for "Duct Accessories", WHICH MODELS IN THIS PROJECT DO CARRY, and still found nothing HERE. Either this group holds no model of that kind, which is ordinary, or something else is wrong, and this reader cannot tell which
10:03:12.971	932.685	1A02WM		set finding nothing	lcop_selection_set_tree/Mechanical/Mechanical-HVAC/BLD-ME-Flex Ducts		lcop_selection_set_tree/Mechanical/Mechanical-HVAC/BLD-ME-Flex Ducts   asks for "Flex Ducts" and NO MODEL IN THIS PROJECT CARRIES IT, and nothing the models carry is close to it
10:03:12.972	932.685	1A02WM		set finding nothing	lcop_selection_set_tree/Mechanical/Mechanical-HVAC/BLD-ME-Air Terminals		lcop_selection_set_tree/Mechanical/Mechanical-HVAC/BLD-ME-Air Terminals   asks for "Air Terminals", WHICH MODELS IN THIS PROJECT DO CARRY, and still found nothing HERE. Either this group holds no model of that kind, which is ordinary, or something else is wrong, and this reader cannot tell which
10:03:12.973	932.686	1A02WM		set finding nothing	lcop_selection_set_tree/Mechanical/Mechanical-HVAC/BLD-ME-Pipe Accessories		lcop_selection_set_tree/Mechanical/Mechanical-HVAC/BLD-ME-Pipe Accessories   asks for "Pipe Accessories", WHICH MODELS IN THIS PROJECT DO CARRY, and still found nothing HERE. Either this group holds no model of that kind, which is ordinary, or something else is wrong, and this reader cannot tell which
10:03:12.973	932.687	1A02WM		set finding nothing	lcop_selection_set_tree/Mechanical/Mechanical-HVAC/BLD-ME-Plumbing Fixtures		lcop_selection_set_tree/Mechanical/Mechanical-HVAC/BLD-ME-Plumbing Fixtures   asks for "Plumbing Fixtures", WHICH MODELS IN THIS PROJECT DO CARRY, and still found nothing HERE. Either this group holds no model of that kind, which is ordinary, or something else is wrong, and this reader cannot tell which
10:03:12.974	932.687	1A02WM		set finding nothing	lcop_selection_set_tree/Mechanical/Mechanical-HVAC/BLD-ME-Flex Pipes		lcop_selection_set_tree/Mechanical/Mechanical-HVAC/BLD-ME-Flex Pipes   asks for "Flex Pipes", WHICH MODELS IN THIS PROJECT DO CARRY, and still found nothing HERE. Either this group holds no model of that kind, which is ordinary, or something else is wrong, and this reader cannot tell which
10:03:12.975	932.688	1A02WM		set finding nothing	lcop_selection_set_tree/Mechanical/Mechanical-Fire Fighting/BLD-FF-Mechanical Equipment		lcop_selection_set_tree/Mechanical/Mechanical-Fire Fighting/BLD-FF-Mechanical Equipment   asks for "FF-FIRE FIGHTING" and NO MODEL IN THIS PROJECT CARRIES IT, and nothing the models carry is close to it
10:03:12.975	932.689	1A02WM		set finding nothing	lcop_selection_set_tree/Mechanical/Mechanical-Fire Fighting/BLD-FF-Pipes & Pipe Fittings		lcop_selection_set_tree/Mechanical/Mechanical-Fire Fighting/BLD-FF-Pipes & Pipe Fittings   asks for "FP-PIPING" and NO MODEL IN THIS PROJECT CARRIES IT. The nearest the models carry is "ME-Piping", which is a suggestion and not a correction
10:03:12.976	932.690	1A02WM		set finding nothing	lcop_selection_set_tree/Mechanical/Mechanical-Fire Fighting/BLD-FF-Pipe Accessories		lcop_selection_set_tree/Mechanical/Mechanical-Fire Fighting/BLD-FF-Pipe Accessories   asks for "FP-PIPING" and NO MODEL IN THIS PROJECT CARRIES IT. The nearest the models carry is "ME-Piping", which is a suggestion and not a correction
10:03:12.977	932.690	1A02WM		set finding nothing	lcop_selection_set_tree/Mechanical/Mechanical-Fire Fighting/BLD-FF-Pipe Insulations		lcop_selection_set_tree/Mechanical/Mechanical-Fire Fighting/BLD-FF-Pipe Insulations   asks for "Pipe Insulation" and NO MODEL IN THIS PROJECT CARRIES IT, and nothing the models carry is close to it
10:03:12.978	932.691	1A02WM		set finding nothing	lcop_selection_set_tree/Mechanical/Mechanical-Fire Fighting/BLD-FF-Plumbing Fixtures		lcop_selection_set_tree/Mechanical/Mechanical-Fire Fighting/BLD-FF-Plumbing Fixtures   asks for "FF-FIRE FIGHTING" and NO MODEL IN THIS PROJECT CARRIES IT, and nothing the models carry is close to it
10:03:12.978	932.692	1A02WM		set finding nothing	lcop_selection_set_tree/Mechanical/Mechanical-Fire Fighting/BLD-FF-Sprinklers		lcop_selection_set_tree/Mechanical/Mechanical-Fire Fighting/BLD-FF-Sprinklers   asks for "FP-PIPING" and NO MODEL IN THIS PROJECT CARRIES IT. The nearest the models carry is "ME-Piping", which is a suggestion and not a correction
10:03:12.979	932.692	1A02WM		set finding nothing	lcop_selection_set_tree/Mechanical/Mechanical-Water Supply/BLD-PL-Mechanical Equipment		lcop_selection_set_tree/Mechanical/Mechanical-Water Supply/BLD-PL-Mechanical Equipment   asks for "Mechanical Equipment", WHICH MODELS IN THIS PROJECT DO CARRY, and still found nothing HERE. Either this group holds no model of that kind, which is ordinary, or something else is wrong, and this reader cannot tell which
10:03:12.980	932.693	1A02WM		set finding nothing	lcop_selection_set_tree/Mechanical/Mechanical-Water Supply/BLD-PL-Pipes & Pipe Fittings		lcop_selection_set_tree/Mechanical/Mechanical-Water Supply/BLD-PL-Pipes & Pipe Fittings   asks for "Pipes", WHICH MODELS IN THIS PROJECT DO CARRY, and still found nothing HERE. Either this group holds no model of that kind, which is ordinary, or something else is wrong, and this reader cannot tell which
10:03:12.980	932.694	1A02WM		set finding nothing	lcop_selection_set_tree/Mechanical/Mechanical-Water Supply/BLD-PL-Pipe Accessories		lcop_selection_set_tree/Mechanical/Mechanical-Water Supply/BLD-PL-Pipe Accessories   asks for "Pipe Accessories", WHICH MODELS IN THIS PROJECT DO CARRY, and still found nothing HERE. Either this group holds no model of that kind, which is ordinary, or something else is wrong, and this reader cannot tell which
10:03:12.981	932.694	1A02WM		set finding nothing	lcop_selection_set_tree/Mechanical/Mechanical-Water Supply/BLD-PL-Pipe Insulations		lcop_selection_set_tree/Mechanical/Mechanical-Water Supply/BLD-PL-Pipe Insulations   asks for "Pipe Insulation" and NO MODEL IN THIS PROJECT CARRIES IT, and nothing the models carry is close to it
10:03:12.982	932.695	1A02WM		set finding nothing	lcop_selection_set_tree/Mechanical/Mechanical-Water Supply/BLD-PL-Plumbing Fixtures		lcop_selection_set_tree/Mechanical/Mechanical-Water Supply/BLD-PL-Plumbing Fixtures   asks for "Plumbing Fixtures", WHICH MODELS IN THIS PROJECT DO CARRY, and still found nothing HERE. Either this group holds no model of that kind, which is ordinary, or something else is wrong, and this reader cannot tell which
10:03:12.982	932.696	1A02WM		set finding nothing	lcop_selection_set_tree/Mechanical/Mechanical-Drainage/BLD-DR-Mechanical Equipment		lcop_selection_set_tree/Mechanical/Mechanical-Drainage/BLD-DR-Mechanical Equipment   asks for "Mechanical Equipment", WHICH MODELS IN THIS PROJECT DO CARRY, and still found nothing HERE. Either this group holds no model of that kind, which is ordinary, or something else is wrong, and this reader cannot tell which
10:03:12.983	932.697	1A02WM		set finding nothing	lcop_selection_set_tree/Mechanical/Mechanical-Drainage/BLD-DR-Pipe Accessories		lcop_selection_set_tree/Mechanical/Mechanical-Drainage/BLD-DR-Pipe Accessories   asks for "Pipe Accessories", WHICH MODELS IN THIS PROJECT DO CARRY, and still found nothing HERE. Either this group holds no model of that kind, which is ordinary, or something else is wrong, and this reader cannot tell which
10:03:12.984	932.697	1A02WM		set finding nothing	lcop_selection_set_tree/Mechanical/Mechanical-Drainage/BLD-DR-Pipe Insulations		lcop_selection_set_tree/Mechanical/Mechanical-Drainage/BLD-DR-Pipe Insulations   asks for "Pipe Insulation" and NO MODEL IN THIS PROJECT CARRIES IT, and nothing the models carry is close to it
10:03:12.985	932.698	1A02WM		set finding nothing	lcop_selection_set_tree/Electrical/BLD-EL-Devices		lcop_selection_set_tree/Electrical/BLD-EL-Devices   asks for "Devices" and NO MODEL IN THIS PROJECT CARRIES IT, and nothing the models carry is close to it
10:03:12.985	932.699	1A02WM		set finding nothing	lcop_selection_set_tree/Electrical/BLD-EL-Telecom Equipment		lcop_selection_set_tree/Electrical/BLD-EL-Telecom Equipment   asks for "Telephone Equipment" and NO MODEL IN THIS PROJECT CARRIES IT, and nothing the models carry is close to it
10:03:12.986	932.699	1A02WM		set finding nothing	lcop_selection_set_tree/Electrical/BLD-EL-Telecom Fixtures		lcop_selection_set_tree/Electrical/BLD-EL-Telecom Fixtures   asks for "Telephone Devices" and NO MODEL IN THIS PROJECT CARRIES IT, and nothing the models carry is close to it
10:03:12.987	932.700	1A02WM		set finding nothing	lcop_selection_set_tree/Electrical/BLD-EL-Communication Devices		lcop_selection_set_tree/Electrical/BLD-EL-Communication Devices   asks for "Communication Devices", WHICH MODELS IN THIS PROJECT DO CARRY, and still found nothing HERE. Either this group holds no model of that kind, which is ordinary, or something else is wrong, and this reader cannot tell which
10:03:12.987	932.701	1A02WM		set finding nothing	lcop_selection_set_tree/Electrical/BLD-EL-Telephone Devices		lcop_selection_set_tree/Electrical/BLD-EL-Telephone Devices   asks for "Telephone Devices" and NO MODEL IN THIS PROJECT CARRIES IT, and nothing the models carry is close to it
10:03:13.673	933.386	1A02WM	VIEWS	step started	VIEWS	0	
10:03:13.689	933.403	1A02WM	VIEWS	census before	models	4	
10:03:13.690	933.404	1A02WM	VIEWS	census before	sets	61	
10:03:13.691	933.404	1A02WM	VIEWS	census before	tests	1830	
10:03:13.691	933.405	1A02WM	VIEWS	census before	results	260	
10:03:13.692	933.406	1A02WM	VIEWS	census before	views	331	
10:03:16.187	935.901	1A02WM		census after	models	4	
10:03:16.188	935.902	1A02WM		census after	sets	61	
10:03:16.188	935.903	1A02WM		census after	tests	1830	
10:03:16.189	935.903	1A02WM		census after	results	260	
10:03:16.190	935.904	1A02WM		census after	views	331	
10:03:16.202	935.916	1A02WM		step finished	VIEWS	2.507	0 created, 190 already there.
10:03:16.537	936.252	1A02WM	NWF SAVE	step started	NWF SAVE	0	
10:03:16.556	936.269	1A02WM	NWF SAVE	census before	models	4	
10:03:16.556	936.270	1A02WM	NWF SAVE	census before	sets	61	
10:03:16.557	936.270	1A02WM	NWF SAVE	census before	tests	1830	
10:03:16.558	936.271	1A02WM	NWF SAVE	census before	results	260	
10:03:16.558	936.272	1A02WM	NWF SAVE	census before	views	331	
10:03:17.469	937.183	1A02WM	NWF SAVE	written	NWF	6293647	C:\\00-NM\\Federation Task\\C02 + 04\\C02\\NWF\\1104-PAR-1A02WM-ZZZ-BM-MOD-000001.nwf
10:03:17.484	937.198	1A02WM		census after	models	4	
10:03:17.485	937.199	1A02WM		census after	sets	61	
10:03:17.485	937.199	1A02WM		census after	tests	1830	
10:03:17.486	937.200	1A02WM		census after	results	260	
10:03:17.486	937.201	1A02WM		census after	views	331	
10:03:17.498	937.212	1A02WM		step finished	NWF SAVE	0.943	saved 6293647 bytes
10:03:17.523	937.237	1A02WM	WORKBOOK	step started	WORKBOOK	0	
10:03:17.537	937.251	1A02WM	WORKBOOK	census before	models	4	
10:03:17.538	937.252	1A02WM	WORKBOOK	census before	sets	61	
10:03:17.538	937.253	1A02WM	WORKBOOK	census before	tests	1830	
10:03:17.540	937.253	1A02WM	WORKBOOK	census before	results	260	
10:03:17.541	937.254	1A02WM	WORKBOOK	census before	views	331	
10:03:19.079	938.792	1A02WM	WORKBOOK	written	XLSX	143603	C:\\00-NM\\Federation Task\\C02 + 04\\C02\\Clash Report\\1104-PAR-1A02WM-ZZZ-BM-MOD-000001.xlsx
10:03:19.378	939.092	1A02WM		census after	models	4	
10:03:19.379	939.093	1A02WM		census after	sets	61	
10:03:19.379	939.093	1A02WM		census after	tests	1830	
10:03:19.380	939.094	1A02WM		census after	results	260	
10:03:19.381	939.095	1A02WM		census after	views	331	
10:03:19.437	939.151	1A02WM		step finished	WORKBOOK	1.852	wrote 143603 bytes
10:03:19.451	939.164	1A02WM	HTML	step started	HTML	0	
10:03:19.464	939.178	1A02WM	HTML	census before	models	4	
10:03:19.465	939.179	1A02WM	HTML	census before	sets	61	
10:03:19.466	939.180	1A02WM	HTML	census before	tests	1830	
10:03:19.466	939.180	1A02WM	HTML	census before	results	260	
10:03:19.467	939.181	1A02WM	HTML	census before	views	331	
10:03:19.641	939.355	1A02WM	HTML	written	HTML	4116564	C:\\00-NM\\Federation Task\\C02 + 04\\C02\\Clash Report\\1104-PAR-1A02WM-ZZZ-BM-MOD-000001.html
10:03:20.078	939.792	1A02WM		census after	models	4	
10:03:20.079	939.793	1A02WM		census after	sets	61	
10:03:20.079	939.793	1A02WM		census after	tests	1830	
10:03:20.080	939.794	1A02WM		census after	results	260	
10:03:20.081	939.795	1A02WM		census after	views	331	
10:03:20.091	939.805	1A02WM		step finished	HTML	0.589	wrote 4116564 bytes
10:03:20.112	939.826	1A02WM	NWD	step started	NWD	0	
10:03:20.124	939.839	1A02WM	NWD	census before	models	4	
10:03:20.125	939.839	1A02WM	NWD	census before	sets	61	
10:03:20.126	939.840	1A02WM	NWD	census before	tests	1830	
10:03:20.126	939.841	1A02WM	NWD	census before	results	260	
10:03:20.127	939.841	1A02WM	NWD	census before	views	331	
10:03:21.213	940.926	1A02WM	NWD	written	NWD	7829088	C:\\00-NM\\Federation Task\\C02 + 04\\C02\\NWD\\1104-PAR-1A02WM-ZZZ-BM-MOD-000001.nwd
10:03:21.226	940.940	1A02WM		census after	models	4	
10:03:21.227	940.941	1A02WM		census after	sets	61	
10:03:21.228	940.941	1A02WM		census after	tests	1830	
10:03:21.228	940.942	1A02WM		census after	results	260	
10:03:21.229	940.943	1A02WM		census after	views	331	
10:03:21.240	940.954	1A02WM		step finished	NWD	1.111	published 7829088 bytes
10:03:21.252	940.966	1A02WM	CONFIRM	step started	CONFIRM	0	
10:03:21.267	940.981	1A02WM	CONFIRM	census before	models	4	
10:03:21.268	940.982	1A02WM	CONFIRM	census before	sets	61	
10:03:21.269	940.983	1A02WM	CONFIRM	census before	tests	1830	
10:03:21.269	940.983	1A02WM	CONFIRM	census before	results	260	
10:03:21.270	940.984	1A02WM	CONFIRM	census before	views	331	
10:03:21.344	941.058	1A02WM		census after	models	4	
10:03:21.346	941.059	1A02WM		census after	sets	61	
10:03:21.346	941.060	1A02WM		census after	tests	1830	
10:03:21.347	941.061	1A02WM		census after	results	260	
10:03:21.348	941.062	1A02WM		census after	views	331	
10:03:21.359	941.073	1A02WM		step finished	CONFIRM	0.055	the NWF is 6293647 bytes
10:03:21.489	941.203	1A02WM		gap	Family	478	it would belong in a workbook column of ours, which is Q25
10:03:21.491	941.204	1A02WM		gap	Type Name	478	it would belong in a workbook column of ours, which is Q25
10:03:21.492	941.205	1A02WM		gap	Material	371	it would belong in a workbook column of ours, which is Q25
10:03:21.492	941.206	1A02WM		gap	Id From	478	the ITEM IDS block counts it per property and no output names it per item
10:03:21.551	941.265	1A02WM		step total	TESTS RUN	174.296	
10:03:21.552	941.266	1A02WM		step total	HARVEST	11.195	
10:03:21.552	941.266	1A02WM		step total	IMAGES	5.606	
10:03:21.574	941.288			group finished	1A02WM	208.721	DONE Weekly run plus XML
10:03:21.894	941.608			timing	TESTS RUN	174.296	210 visits
10:03:21.896	941.609			timing	HARVEST	11.195	210 visits
10:03:21.896	941.610			timing	VIEWS	2.507	1 visits
10:03:21.897	941.611			timing	WORKBOOK	1.852	1 visits
10:03:21.898	941.611			timing	DECIDE	1.147	1 visits
10:03:21.898	941.612			timing	NWD	1.111	1 visits
10:03:21.899	941.613			timing	SETS	0.97	1 visits
10:03:21.900	941.614			timing	NWF SAVE	0.943	1 visits
10:03:21.900	941.614			timing	HTML	0.589	1 visits
10:03:21.901	941.615			timing	UNITS	0.07	1 visits
10:03:21.902	941.616			timing	CONFIRM	0.055	1 visits
10:03:21.902	941.616			timing nested	IMAGES	5.606	239 visits
10:03:22.108	941.822	1A02WN	DECIDE	step started	DECIDE	0	
10:03:22.121	941.835	1A02WN	DECIDE	census before	models	0	
10:03:22.121	941.836	1A02WN	DECIDE	census before	sets	0	
10:03:22.123	941.836	1A02WN	DECIDE	census before	tests	0	
10:03:22.123	941.837	1A02WN	DECIDE	census before	results	0	
10:03:22.124	941.838	1A02WN	DECIDE	census before	views	0	
10:03:23.014	942.728	1A02WN		census after	models	4	
10:03:23.018	942.732	1A02WN		census after	sets	62	
10:03:23.018	942.733	1A02WN		census after	tests	1830	
10:03:23.019	942.733	1A02WN		census after	results	77	
10:03:23.020	942.734	1A02WN		census after	views	103	
10:03:23.047	942.761	1A02WN		step finished	DECIDE	0.903	Weekly run plus XML
10:03:23.090	942.803	1A02WN	UNITS	step started	UNITS	0	
10:03:23.102	942.816	1A02WN	UNITS	census before	models	4	
10:03:23.104	942.817	1A02WN	UNITS	census before	sets	62	
10:03:23.104	942.818	1A02WN	UNITS	census before	tests	1830	
10:03:23.105	942.819	1A02WN	UNITS	census before	results	77	
10:03:23.105	942.819	1A02WN	UNITS	census before	views	103	
10:03:23.172	942.886	1A02WN		census after	models	4	
10:03:23.174	942.887	1A02WN		census after	sets	62	
10:03:23.174	942.888	1A02WN		census after	tests	1830	
10:03:23.175	942.889	1A02WN		census after	results	77	
10:03:23.175	942.889	1A02WN		census after	views	103	
10:03:23.186	942.900	1A02WN		step finished	UNITS	0.059	the document was asked for Meters
10:03:23.340	943.053	1A02WN		model placement	1104-PAR-1A02WN-ZZZ-AR-MOD-000001.nwc	-156	SWLS-04-SharedCoordinate
10:03:23.340	943.054	1A02WN		model placement	1104-PAR-1A02WN-ZZZ-EL-MOD-000001.nwc	-299	IGN2
10:03:23.342	943.055	1A02WN		model placement	1104-PAR-1A02WN-ZZZ-ME-MOD-000001.nwc	44.98	PW5_Shared_Location
10:03:23.342	943.056	1A02WN		model placement	1104-PAR-1A02WN-ZZZ-ST-MOD-000001.nwc	-1	ST_PW5_CHLORINATION
10:03:23.488	943.202	1A02WN		model export	1104-PAR-1A02WN-ZZZ-AR-MOD-000001.nwc	34	2 workset(s), element id 100%
10:03:23.489	943.203	1A02WN		model export	1104-PAR-1A02WN-ZZZ-EL-MOD-000001.nwc	81	6 workset(s), element id 100%
10:03:23.489	943.204	1A02WN		model export	1104-PAR-1A02WN-ZZZ-ME-MOD-000001.nwc	18	4 workset(s), element id 100%
10:03:23.490	943.204	1A02WN		model export	1104-PAR-1A02WN-ZZZ-ST-MOD-000001.nwc	49	2 workset(s), element id 100%
10:03:23.515	943.228	1A02WN	SETS	step started	SETS	0	
10:03:23.528	943.241	1A02WN	SETS	census before	models	4	
10:03:23.529	943.242	1A02WN	SETS	census before	sets	62	
10:03:23.529	943.243	1A02WN	SETS	census before	tests	1830	
10:03:23.530	943.244	1A02WN	SETS	census before	results	77	
10:03:23.531	943.244	1A02WN	SETS	census before	views	103	
10:03:24.583	944.297	1A02WN		census after	models	4	
10:03:24.584	944.298	1A02WN		census after	sets	61	
10:03:24.585	944.299	1A02WN		census after	tests	1830	
10:03:24.586	944.299	1A02WN		census after	results	77	
10:03:24.587	944.300	1A02WN		census after	views	103	
10:03:24.597	944.311	1A02WN		step finished	SETS	1.066	0 created, 61 already there, 0 finding items, 0 at zero.
10:03:24.811	944.525	1A02WN	TESTS RUN	step started	TESTS RUN	0	
10:03:24.843	944.557	1A02WN	TESTS RUN	census before	models	4	
10:03:24.845	944.558	1A02WN	TESTS RUN	census before	sets	61	
10:03:24.845	944.559	1A02WN	TESTS RUN	census before	tests	1830	
10:03:24.846	944.560	1A02WN	TESTS RUN	census before	results	77	
10:03:24.846	944.560	1A02WN	TESTS RUN	census before	views	103	
10:03:25.032	944.746	1A02WN		census after	models	4	
10:03:25.033	944.746	1A02WN		census after	sets	61	
10:03:25.033	944.747	1A02WN		census after	tests	1830	
10:03:25.034	944.748	1A02WN		census after	results	77	
10:03:25.035	944.749	1A02WN		census after	views	103	
10:03:25.051	944.764	1A02WN		step finished	TESTS RUN	0.217	BLD-AR-Walls-vs-BLD-AR-Floors
10:03:25.094	944.808	1A02WN	HARVEST	step started	HARVEST	0	
10:03:25.108	944.822	1A02WN	HARVEST	census before	models	4	
10:03:25.108	944.822	1A02WN	HARVEST	census before	sets	61	
10:03:25.109	944.823	1A02WN	HARVEST	census before	tests	1830	
10:03:25.110	944.824	1A02WN	HARVEST	census before	results	77	
10:03:25.110	944.825	1A02WN	HARVEST	census before	views	103	
10:03:25.165	944.879	1A02WN	IMAGES	step started	IMAGES	0	
10:03:25.188	944.902	1A02WN	IMAGES	census before	models	4	
10:03:25.189	944.903	1A02WN	IMAGES	census before	sets	61	
10:03:25.189	944.904	1A02WN	IMAGES	census before	tests	1830	
10:03:25.191	944.905	1A02WN	IMAGES	census before	results	77	
10:03:25.192	944.905	1A02WN	IMAGES	census before	views	103	
10:03:25.229	944.943	1A02WN	HARVEST	census after	models	4	
10:03:25.230	944.944	1A02WN	HARVEST	census after	sets	61	
10:03:25.230	944.944	1A02WN	HARVEST	census after	tests	1830	
10:03:25.232	944.945	1A02WN	HARVEST	census after	results	77	
10:03:25.233	944.946	1A02WN	HARVEST	census after	views	103	
10:03:25.244	944.957	1A02WN	HARVEST	step finished	IMAGES	0.061	BLD-AR-Walls-vs-BLD-AR-Floors
10:03:25.257	944.971	1A02WN		census after	models	4	
10:03:25.258	944.972	1A02WN		census after	sets	61	
10:03:25.258	944.973	1A02WN		census after	tests	1830	
10:03:25.259	944.973	1A02WN		census after	results	77	
10:03:25.260	944.974	1A02WN		census after	views	103	
10:03:25.272	944.986	1A02WN		step finished	HARVEST	0.176	BLD-AR-Walls-vs-BLD-AR-Floors
10:03:25.276	944.990	1A02WN		rows for the workbook	BLD-AR-Walls-vs-BLD-AR-Floors	1	1 in the document
10:03:25.277	944.991	1A02WN		test found clashes	BLD-AR-Walls-vs-BLD-AR-Floors	1	ran and found clashes
10:03:25.524	945.237	1A02WN		rows for the workbook	BLD-AR-Windows-vs-BLD-AR-Floors	0	0 in the document
10:03:25.525	945.238	1A02WN		test passed	BLD-AR-Windows-vs-BLD-AR-Floors	0	ran and found nothing
10:03:26.160	945.874	1A02WN		rows for the workbook	BLD-AR-Windows-vs-BLD-AR-Walls	10	10 in the document
10:03:26.162	945.875	1A02WN		test found clashes	BLD-AR-Windows-vs-BLD-AR-Walls	10	ran and found clashes
10:03:26.443	946.156	1A02WN		rows for the workbook	BLD-AR-Doors-vs-BLD-AR-Floors	0	0 in the document
10:03:26.444	946.157	1A02WN		test passed	BLD-AR-Doors-vs-BLD-AR-Floors	0	ran and found nothing
10:03:26.781	946.495	1A02WN		rows for the workbook	BLD-AR-Doors-vs-BLD-AR-Walls	3	3 in the document
10:03:26.783	946.496	1A02WN		test found clashes	BLD-AR-Doors-vs-BLD-AR-Walls	3	ran and found clashes
10:03:27.029	946.743	1A02WN		rows for the workbook	BLD-AR-Doors-vs-BLD-AR-Windows	0	0 in the document
10:03:27.030	946.743	1A02WN		test passed	BLD-AR-Doors-vs-BLD-AR-Windows	0	ran and found nothing
10:03:27.310	947.023	1A02WN		rows for the workbook	BLD-ST-Foundation-vs-BLD-AR-Floors	0	0 in the document
10:03:27.310	947.024	1A02WN		test passed	BLD-ST-Foundation-vs-BLD-AR-Floors	0	ran and found nothing
10:03:27.575	947.288	1A02WN		rows for the workbook	BLD-ST-Foundation-vs-BLD-AR-Walls	0	0 in the document
10:03:27.576	947.290	1A02WN		test passed	BLD-ST-Foundation-vs-BLD-AR-Walls	0	ran and found nothing
10:03:27.796	947.510	1A02WN		rows for the workbook	BLD-ST-Foundation-vs-BLD-AR-Windows	0	0 in the document
10:03:27.797	947.511	1A02WN		test passed	BLD-ST-Foundation-vs-BLD-AR-Windows	0	ran and found nothing
10:03:28.033	947.747	1A02WN		rows for the workbook	BLD-ST-Foundation-vs-BLD-AR-Doors	0	0 in the document
10:03:28.034	947.748	1A02WN		test passed	BLD-ST-Foundation-vs-BLD-AR-Doors	0	ran and found nothing
10:03:28.325	948.039	1A02WN		rows for the workbook	BLD-ST-Columns-vs-BLD-AR-Floors	1	1 in the document
10:03:28.326	948.040	1A02WN		test found clashes	BLD-ST-Columns-vs-BLD-AR-Floors	1	ran and found clashes
10:03:28.548	948.261	1A02WN		rows for the workbook	BLD-ST-Columns-vs-BLD-AR-Walls	0	0 in the document
10:03:28.549	948.262	1A02WN		test passed	BLD-ST-Columns-vs-BLD-AR-Walls	0	ran and found nothing
10:03:28.813	948.526	1A02WN		rows for the workbook	BLD-ST-Columns-vs-BLD-AR-Windows	0	0 in the document
10:03:28.813	948.527	1A02WN		test passed	BLD-ST-Columns-vs-BLD-AR-Windows	0	ran and found nothing
10:03:29.047	948.761	1A02WN		rows for the workbook	BLD-ST-Columns-vs-BLD-AR-Doors	0	0 in the document
10:03:29.048	948.761	1A02WN		test passed	BLD-ST-Columns-vs-BLD-AR-Doors	0	ran and found nothing
10:03:29.297	949.010	1A02WN		rows for the workbook	BLD-ST-Columns-vs-BLD-ST-Foundation	0	0 in the document
10:03:29.297	949.011	1A02WN		test passed	BLD-ST-Columns-vs-BLD-ST-Foundation	0	ran and found nothing
10:03:29.546	949.259	1A02WN		rows for the workbook	BLD-ST-Framing-vs-BLD-AR-Floors	0	0 in the document
10:03:29.546	949.260	1A02WN		test passed	BLD-ST-Framing-vs-BLD-AR-Floors	0	ran and found nothing
10:03:30.122	949.835	1A02WN		rows for the workbook	BLD-ST-Framing-vs-BLD-AR-Walls	8	8 in the document
10:03:30.123	949.836	1A02WN		test found clashes	BLD-ST-Framing-vs-BLD-AR-Walls	8	ran and found clashes
10:03:30.405	950.118	1A02WN		rows for the workbook	BLD-ST-Framing-vs-BLD-AR-Windows	0	0 in the document
10:03:30.406	950.119	1A02WN		test passed	BLD-ST-Framing-vs-BLD-AR-Windows	0	ran and found nothing
10:03:30.654	950.367	1A02WN		rows for the workbook	BLD-ST-Framing-vs-BLD-AR-Doors	0	0 in the document
10:03:30.654	950.368	1A02WN		test passed	BLD-ST-Framing-vs-BLD-AR-Doors	0	ran and found nothing
10:03:30.888	950.601	1A02WN		rows for the workbook	BLD-ST-Framing-vs-BLD-ST-Foundation	0	0 in the document
10:03:30.888	950.602	1A02WN		test passed	BLD-ST-Framing-vs-BLD-ST-Foundation	0	ran and found nothing
10:03:31.231	950.945	1A02WN		rows for the workbook	BLD-ST-Framing-vs-BLD-ST-Columns	2	2 in the document
10:03:31.232	950.946	1A02WN		test found clashes	BLD-ST-Framing-vs-BLD-ST-Columns	2	ran and found clashes
10:03:31.442	951.156	1A02WN		rows for the workbook	BLD-ST-Walls-vs-BLD-AR-Floors	0	0 in the document
10:03:31.442	951.156	1A02WN		test passed	BLD-ST-Walls-vs-BLD-AR-Floors	0	ran and found nothing
10:03:32.006	951.720	1A02WN		rows for the workbook	BLD-ST-Walls-vs-BLD-AR-Walls	8	8 in the document
10:03:32.007	951.721	1A02WN		test found clashes	BLD-ST-Walls-vs-BLD-AR-Walls	8	ran and found clashes
10:03:32.226	951.940	1A02WN		rows for the workbook	BLD-ST-Walls-vs-BLD-AR-Windows	0	0 in the document
10:03:32.227	951.940	1A02WN		test passed	BLD-ST-Walls-vs-BLD-AR-Windows	0	ran and found nothing
10:03:32.472	952.186	1A02WN		rows for the workbook	BLD-ST-Walls-vs-BLD-AR-Doors	0	0 in the document
10:03:32.473	952.187	1A02WN		test passed	BLD-ST-Walls-vs-BLD-AR-Doors	0	ran and found nothing
10:03:32.692	952.405	1A02WN		rows for the workbook	BLD-ST-Walls-vs-BLD-ST-Foundation	0	0 in the document
10:03:32.693	952.406	1A02WN		test passed	BLD-ST-Walls-vs-BLD-ST-Foundation	0	ran and found nothing
10:03:32.893	952.606	1A02WN		rows for the workbook	BLD-ST-Walls-vs-BLD-ST-Columns	0	0 in the document
10:03:32.893	952.607	1A02WN		test passed	BLD-ST-Walls-vs-BLD-ST-Columns	0	ran and found nothing
10:03:33.098	952.811	1A02WN		rows for the workbook	BLD-ST-Walls-vs-BLD-ST-Framing	0	0 in the document
10:03:33.099	952.812	1A02WN		test passed	BLD-ST-Walls-vs-BLD-ST-Framing	0	ran and found nothing
10:03:33.318	953.031	1A02WN		rows for the workbook	BLD-ST-Floors-vs-BLD-AR-Floors	0	0 in the document
10:03:33.328	953.041	1A02WN		test passed	BLD-ST-Floors-vs-BLD-AR-Floors	0	ran and found nothing
10:03:33.925	953.639	1A02WN		rows for the workbook	BLD-ST-Floors-vs-BLD-AR-Walls	8	8 in the document
10:03:33.926	953.640	1A02WN		test found clashes	BLD-ST-Floors-vs-BLD-AR-Walls	8	ran and found clashes
10:03:34.145	953.859	1A02WN		rows for the workbook	BLD-ST-Floors-vs-BLD-AR-Windows	0	0 in the document
10:03:34.145	953.860	1A02WN		test passed	BLD-ST-Floors-vs-BLD-AR-Windows	0	ran and found nothing
10:03:34.393	954.107	1A02WN		rows for the workbook	BLD-ST-Floors-vs-BLD-AR-Doors	0	0 in the document
10:03:34.395	954.108	1A02WN		test passed	BLD-ST-Floors-vs-BLD-AR-Doors	0	ran and found nothing
10:03:34.613	954.326	1A02WN		rows for the workbook	BLD-ST-Floors-vs-BLD-ST-Foundation	0	0 in the document
10:03:34.614	954.327	1A02WN		test passed	BLD-ST-Floors-vs-BLD-ST-Foundation	0	ran and found nothing
10:03:34.910	954.624	1A02WN		rows for the workbook	BLD-ST-Floors-vs-BLD-ST-Columns	2	2 in the document
10:03:34.911	954.625	1A02WN		test found clashes	BLD-ST-Floors-vs-BLD-ST-Columns	2	ran and found clashes
10:03:35.216	954.930	1A02WN		rows for the workbook	BLD-ST-Floors-vs-BLD-ST-Framing	1	1 in the document
10:03:35.217	954.931	1A02WN		test found clashes	BLD-ST-Floors-vs-BLD-ST-Framing	1	ran and found clashes
10:03:35.424	955.137	1A02WN		rows for the workbook	BLD-ST-Floors-vs-BLD-ST-Walls	0	0 in the document
10:03:35.425	955.138	1A02WN		test passed	BLD-ST-Floors-vs-BLD-ST-Walls	0	ran and found nothing
10:03:35.690	955.404	1A02WN		rows for the workbook	BLD-ME-Mechanical Equipment-vs-BLD-AR-Floors	0	0 in the document
10:03:35.691	955.405	1A02WN		test passed	BLD-ME-Mechanical Equipment-vs-BLD-AR-Floors	0	ran and found nothing
10:03:35.912	955.625	1A02WN		rows for the workbook	BLD-ME-Mechanical Equipment-vs-BLD-AR-Walls	0	0 in the document
10:03:35.912	955.626	1A02WN		test passed	BLD-ME-Mechanical Equipment-vs-BLD-AR-Walls	0	ran and found nothing
10:03:36.129	955.842	1A02WN		rows for the workbook	BLD-ME-Mechanical Equipment-vs-BLD-AR-Windows	0	0 in the document
10:03:36.129	955.843	1A02WN		test passed	BLD-ME-Mechanical Equipment-vs-BLD-AR-Windows	0	ran and found nothing
10:03:36.349	956.063	1A02WN		rows for the workbook	BLD-ME-Mechanical Equipment-vs-BLD-AR-Doors	0	0 in the document
10:03:36.350	956.063	1A02WN		test passed	BLD-ME-Mechanical Equipment-vs-BLD-AR-Doors	0	ran and found nothing
10:03:36.566	956.280	1A02WN		rows for the workbook	BLD-ME-Mechanical Equipment-vs-BLD-ST-Foundation	0	0 in the document
10:03:36.566	956.280	1A02WN		test passed	BLD-ME-Mechanical Equipment-vs-BLD-ST-Foundation	0	ran and found nothing
10:03:36.766	956.479	1A02WN		rows for the workbook	BLD-ME-Mechanical Equipment-vs-BLD-ST-Columns	0	0 in the document
10:03:36.767	956.480	1A02WN		test passed	BLD-ME-Mechanical Equipment-vs-BLD-ST-Columns	0	ran and found nothing
10:03:36.990	956.704	1A02WN		rows for the workbook	BLD-ME-Mechanical Equipment-vs-BLD-ST-Framing	0	0 in the document
10:03:36.991	956.705	1A02WN		test passed	BLD-ME-Mechanical Equipment-vs-BLD-ST-Framing	0	ran and found nothing
10:03:37.194	956.908	1A02WN		rows for the workbook	BLD-ME-Mechanical Equipment-vs-BLD-ST-Walls	0	0 in the document
10:03:37.195	956.908	1A02WN		test passed	BLD-ME-Mechanical Equipment-vs-BLD-ST-Walls	0	ran and found nothing
10:03:37.430	957.144	1A02WN		rows for the workbook	BLD-ME-Mechanical Equipment-vs-BLD-ST-Floors	0	0 in the document
10:03:37.430	957.144	1A02WN		test passed	BLD-ME-Mechanical Equipment-vs-BLD-ST-Floors	0	ran and found nothing
10:03:38.111	957.824	1A02WN		rows for the workbook	BLD-DR-Pipes & Pipe Fittings-vs-BLD-AR-Floors	0	0 in the document
10:03:38.112	957.825	1A02WN		test passed	BLD-DR-Pipes & Pipe Fittings-vs-BLD-AR-Floors	0	ran and found nothing
10:03:38.315	958.029	1A02WN		rows for the workbook	BLD-DR-Pipes & Pipe Fittings-vs-BLD-AR-Walls	0	0 in the document
10:03:38.317	958.030	1A02WN		test passed	BLD-DR-Pipes & Pipe Fittings-vs-BLD-AR-Walls	0	ran and found nothing
10:03:38.520	958.233	1A02WN		rows for the workbook	BLD-DR-Pipes & Pipe Fittings-vs-BLD-AR-Windows	0	0 in the document
10:03:38.520	958.235	1A02WN		test passed	BLD-DR-Pipes & Pipe Fittings-vs-BLD-AR-Windows	0	ran and found nothing
10:03:38.722	958.435	1A02WN		rows for the workbook	BLD-DR-Pipes & Pipe Fittings-vs-BLD-AR-Doors	0	0 in the document
10:03:38.723	958.436	1A02WN		test passed	BLD-DR-Pipes & Pipe Fittings-vs-BLD-AR-Doors	0	ran and found nothing
10:03:38.983	958.696	1A02WN		rows for the workbook	BLD-DR-Pipes & Pipe Fittings-vs-BLD-ST-Foundation	1	1 in the document
10:03:38.984	958.697	1A02WN		test found clashes	BLD-DR-Pipes & Pipe Fittings-vs-BLD-ST-Foundation	1	ran and found clashes
10:03:39.227	958.941	1A02WN		rows for the workbook	BLD-DR-Pipes & Pipe Fittings-vs-BLD-ST-Columns	0	0 in the document
10:03:39.228	958.941	1A02WN		test passed	BLD-DR-Pipes & Pipe Fittings-vs-BLD-ST-Columns	0	ran and found nothing
10:03:39.444	959.158	1A02WN		rows for the workbook	BLD-DR-Pipes & Pipe Fittings-vs-BLD-ST-Framing	0	0 in the document
10:03:39.445	959.159	1A02WN		test passed	BLD-DR-Pipes & Pipe Fittings-vs-BLD-ST-Framing	0	ran and found nothing
10:03:39.675	959.388	1A02WN		rows for the workbook	BLD-DR-Pipes & Pipe Fittings-vs-BLD-ST-Walls	0	0 in the document
10:03:39.675	959.389	1A02WN		test passed	BLD-DR-Pipes & Pipe Fittings-vs-BLD-ST-Walls	0	ran and found nothing
10:03:39.936	959.650	1A02WN		rows for the workbook	BLD-DR-Pipes & Pipe Fittings-vs-BLD-ST-Floors	1	1 in the document
10:03:39.937	959.651	1A02WN		test found clashes	BLD-DR-Pipes & Pipe Fittings-vs-BLD-ST-Floors	1	ran and found clashes
10:03:40.159	959.873	1A02WN		rows for the workbook	BLD-DR-Pipes & Pipe Fittings-vs-BLD-ME-Mechanical Equipment	0	0 in the document
10:03:40.160	959.873	1A02WN		test passed	BLD-DR-Pipes & Pipe Fittings-vs-BLD-ME-Mechanical Equipment	0	ran and found nothing
10:03:40.445	960.158	1A02WN		rows for the workbook	BLD-DR-Plumbing Fixtures-vs-BLD-AR-Floors	0	0 in the document
10:03:40.446	960.159	1A02WN		test passed	BLD-DR-Plumbing Fixtures-vs-BLD-AR-Floors	0	ran and found nothing
10:03:40.673	960.387	1A02WN		rows for the workbook	BLD-DR-Plumbing Fixtures-vs-BLD-AR-Walls	0	0 in the document
10:03:40.674	960.388	1A02WN		test passed	BLD-DR-Plumbing Fixtures-vs-BLD-AR-Walls	0	ran and found nothing
10:03:40.877	960.590	1A02WN		rows for the workbook	BLD-DR-Plumbing Fixtures-vs-BLD-AR-Windows	0	0 in the document
10:03:40.877	960.591	1A02WN		test passed	BLD-DR-Plumbing Fixtures-vs-BLD-AR-Windows	0	ran and found nothing
10:03:41.099	960.813	1A02WN		rows for the workbook	BLD-DR-Plumbing Fixtures-vs-BLD-AR-Doors	0	0 in the document
10:03:41.100	960.814	1A02WN		test passed	BLD-DR-Plumbing Fixtures-vs-BLD-AR-Doors	0	ran and found nothing
10:03:41.350	961.063	1A02WN		rows for the workbook	BLD-DR-Plumbing Fixtures-vs-BLD-ST-Foundation	0	0 in the document
10:03:41.351	961.064	1A02WN		test passed	BLD-DR-Plumbing Fixtures-vs-BLD-ST-Foundation	0	ran and found nothing
10:03:41.568	961.281	1A02WN		rows for the workbook	BLD-DR-Plumbing Fixtures-vs-BLD-ST-Columns	0	0 in the document
10:03:41.568	961.282	1A02WN		test passed	BLD-DR-Plumbing Fixtures-vs-BLD-ST-Columns	0	ran and found nothing
10:03:41.767	961.481	1A02WN		rows for the workbook	BLD-DR-Plumbing Fixtures-vs-BLD-ST-Framing	0	0 in the document
10:03:41.768	961.482	1A02WN		test passed	BLD-DR-Plumbing Fixtures-vs-BLD-ST-Framing	0	ran and found nothing
10:03:41.988	961.702	1A02WN		rows for the workbook	BLD-DR-Plumbing Fixtures-vs-BLD-ST-Walls	0	0 in the document
10:03:41.988	961.703	1A02WN		test passed	BLD-DR-Plumbing Fixtures-vs-BLD-ST-Walls	0	ran and found nothing
10:03:42.208	961.921	1A02WN		rows for the workbook	BLD-DR-Plumbing Fixtures-vs-BLD-ST-Floors	0	0 in the document
10:03:42.208	961.922	1A02WN		test passed	BLD-DR-Plumbing Fixtures-vs-BLD-ST-Floors	0	ran and found nothing
10:03:42.426	962.140	1A02WN		rows for the workbook	BLD-DR-Plumbing Fixtures-vs-BLD-ME-Mechanical Equipment	0	0 in the document
10:03:42.427	962.141	1A02WN		test passed	BLD-DR-Plumbing Fixtures-vs-BLD-ME-Mechanical Equipment	0	ran and found nothing
10:03:42.707	962.420	1A02WN		rows for the workbook	BLD-DR-Plumbing Fixtures-vs-BLD-DR-Pipes & Pipe Fittings	0	0 in the document
10:03:42.708	962.421	1A02WN		test passed	BLD-DR-Plumbing Fixtures-vs-BLD-DR-Pipes & Pipe Fittings	0	ran and found nothing
10:03:42.986	962.700	1A02WN		rows for the workbook	BLD-EL-Electrical Equipment-vs-BLD-AR-Floors	1	1 in the document
10:03:42.987	962.701	1A02WN		test found clashes	BLD-EL-Electrical Equipment-vs-BLD-AR-Floors	1	ran and found clashes
10:03:43.438	963.152	1A02WN		rows for the workbook	BLD-EL-Electrical Equipment-vs-BLD-AR-Walls	6	6 in the document
10:03:43.439	963.153	1A02WN		test found clashes	BLD-EL-Electrical Equipment-vs-BLD-AR-Walls	6	ran and found clashes
10:03:43.700	963.414	1A02WN		rows for the workbook	BLD-EL-Electrical Equipment-vs-BLD-AR-Windows	1	1 in the document
10:03:43.701	963.415	1A02WN		test found clashes	BLD-EL-Electrical Equipment-vs-BLD-AR-Windows	1	ran and found clashes
10:03:43.963	963.676	1A02WN		rows for the workbook	BLD-EL-Electrical Equipment-vs-BLD-AR-Doors	0	0 in the document
10:03:43.964	963.677	1A02WN		test passed	BLD-EL-Electrical Equipment-vs-BLD-AR-Doors	0	ran and found nothing
10:03:44.192	963.905	1A02WN		rows for the workbook	BLD-EL-Electrical Equipment-vs-BLD-ST-Foundation	0	0 in the document
10:03:44.193	963.906	1A02WN		test passed	BLD-EL-Electrical Equipment-vs-BLD-ST-Foundation	0	ran and found nothing
10:03:44.454	964.168	1A02WN		rows for the workbook	BLD-EL-Electrical Equipment-vs-BLD-ST-Columns	1	1 in the document
10:03:44.455	964.168	1A02WN		test found clashes	BLD-EL-Electrical Equipment-vs-BLD-ST-Columns	1	ran and found clashes
10:03:44.695	964.408	1A02WN		rows for the workbook	BLD-EL-Electrical Equipment-vs-BLD-ST-Framing	0	0 in the document
10:03:44.696	964.409	1A02WN		test passed	BLD-EL-Electrical Equipment-vs-BLD-ST-Framing	0	ran and found nothing
10:03:44.928	964.642	1A02WN		rows for the workbook	BLD-EL-Electrical Equipment-vs-BLD-ST-Walls	0	0 in the document
10:03:44.929	964.643	1A02WN		test passed	BLD-EL-Electrical Equipment-vs-BLD-ST-Walls	0	ran and found nothing
10:03:45.199	964.913	1A02WN		rows for the workbook	BLD-EL-Electrical Equipment-vs-BLD-ST-Floors	1	1 in the document
10:03:45.200	964.914	1A02WN		test found clashes	BLD-EL-Electrical Equipment-vs-BLD-ST-Floors	1	ran and found clashes
10:03:45.414	965.128	1A02WN		rows for the workbook	BLD-EL-Electrical Equipment-vs-BLD-ME-Mechanical Equipment	0	0 in the document
10:03:45.415	965.129	1A02WN		test passed	BLD-EL-Electrical Equipment-vs-BLD-ME-Mechanical Equipment	0	ran and found nothing
10:03:45.664	965.378	1A02WN		rows for the workbook	BLD-EL-Electrical Equipment-vs-BLD-DR-Pipes & Pipe Fittings	0	0 in the document
10:03:45.665	965.378	1A02WN		test passed	BLD-EL-Electrical Equipment-vs-BLD-DR-Pipes & Pipe Fittings	0	ran and found nothing
10:03:45.880	965.593	1A02WN		rows for the workbook	BLD-EL-Electrical Equipment-vs-BLD-DR-Plumbing Fixtures	0	0 in the document
10:03:45.881	965.594	1A02WN		test passed	BLD-EL-Electrical Equipment-vs-BLD-DR-Plumbing Fixtures	0	ran and found nothing
10:03:46.102	965.815	1A02WN		rows for the workbook	BLD-EL-Electrical Fixtures-vs-BLD-AR-Floors	0	0 in the document
10:03:46.103	965.816	1A02WN		test passed	BLD-EL-Electrical Fixtures-vs-BLD-AR-Floors	0	ran and found nothing
10:03:46.332	966.046	1A02WN		rows for the workbook	BLD-EL-Electrical Fixtures-vs-BLD-AR-Walls	0	0 in the document
10:03:46.332	966.047	1A02WN		test passed	BLD-EL-Electrical Fixtures-vs-BLD-AR-Walls	0	ran and found nothing
10:03:46.536	966.250	1A02WN		rows for the workbook	BLD-EL-Electrical Fixtures-vs-BLD-AR-Windows	0	0 in the document
10:03:46.537	966.250	1A02WN		test passed	BLD-EL-Electrical Fixtures-vs-BLD-AR-Windows	0	ran and found nothing
10:03:46.759	966.473	1A02WN		rows for the workbook	BLD-EL-Electrical Fixtures-vs-BLD-AR-Doors	0	0 in the document
10:03:46.760	966.474	1A02WN		test passed	BLD-EL-Electrical Fixtures-vs-BLD-AR-Doors	0	ran and found nothing
10:03:46.993	966.707	1A02WN		rows for the workbook	BLD-EL-Electrical Fixtures-vs-BLD-ST-Foundation	0	0 in the document
10:03:46.994	966.708	1A02WN		test passed	BLD-EL-Electrical Fixtures-vs-BLD-ST-Foundation	0	ran and found nothing
10:03:47.227	966.940	1A02WN		rows for the workbook	BLD-EL-Electrical Fixtures-vs-BLD-ST-Columns	0	0 in the document
10:03:47.228	966.941	1A02WN		test passed	BLD-EL-Electrical Fixtures-vs-BLD-ST-Columns	0	ran and found nothing
10:03:47.462	967.175	1A02WN		rows for the workbook	BLD-EL-Electrical Fixtures-vs-BLD-ST-Framing	0	0 in the document
10:03:47.463	967.176	1A02WN		test passed	BLD-EL-Electrical Fixtures-vs-BLD-ST-Framing	0	ran and found nothing
10:03:47.695	967.409	1A02WN		rows for the workbook	BLD-EL-Electrical Fixtures-vs-BLD-ST-Walls	0	0 in the document
10:03:47.695	967.410	1A02WN		test passed	BLD-EL-Electrical Fixtures-vs-BLD-ST-Walls	0	ran and found nothing
10:03:47.963	967.676	1A02WN		rows for the workbook	BLD-EL-Electrical Fixtures-vs-BLD-ST-Floors	0	0 in the document
10:03:47.964	967.677	1A02WN		test passed	BLD-EL-Electrical Fixtures-vs-BLD-ST-Floors	0	ran and found nothing
10:03:48.194	967.908	1A02WN		rows for the workbook	BLD-EL-Electrical Fixtures-vs-BLD-ME-Mechanical Equipment	0	0 in the document
10:03:48.195	967.909	1A02WN		test passed	BLD-EL-Electrical Fixtures-vs-BLD-ME-Mechanical Equipment	0	ran and found nothing
10:03:48.443	968.157	1A02WN		rows for the workbook	BLD-EL-Electrical Fixtures-vs-BLD-DR-Pipes & Pipe Fittings	0	0 in the document
10:03:48.444	968.158	1A02WN		test passed	BLD-EL-Electrical Fixtures-vs-BLD-DR-Pipes & Pipe Fittings	0	ran and found nothing
10:03:48.663	968.376	1A02WN		rows for the workbook	BLD-EL-Electrical Fixtures-vs-BLD-DR-Plumbing Fixtures	0	0 in the document
10:03:48.663	968.377	1A02WN		test passed	BLD-EL-Electrical Fixtures-vs-BLD-DR-Plumbing Fixtures	0	ran and found nothing
10:03:48.960	968.673	1A02WN		rows for the workbook	BLD-EL-Electrical Fixtures-vs-BLD-EL-Electrical Equipment	0	0 in the document
10:03:48.961	968.674	1A02WN		test passed	BLD-EL-Electrical Fixtures-vs-BLD-EL-Electrical Equipment	0	ran and found nothing
10:03:49.177	968.891	1A02WN		rows for the workbook	BLD-EL-Conduits & Conduit Fittings-vs-BLD-AR-Floors	0	0 in the document
10:03:49.178	968.892	1A02WN		test passed	BLD-EL-Conduits & Conduit Fittings-vs-BLD-AR-Floors	0	ran and found nothing
10:03:49.399	969.112	1A02WN		rows for the workbook	BLD-EL-Conduits & Conduit Fittings-vs-BLD-AR-Walls	0	0 in the document
10:03:49.399	969.113	1A02WN		test passed	BLD-EL-Conduits & Conduit Fittings-vs-BLD-AR-Walls	0	ran and found nothing
10:03:49.634	969.347	1A02WN		rows for the workbook	BLD-EL-Conduits & Conduit Fittings-vs-BLD-AR-Windows	0	0 in the document
10:03:49.635	969.348	1A02WN		test passed	BLD-EL-Conduits & Conduit Fittings-vs-BLD-AR-Windows	0	ran and found nothing
10:03:49.872	969.585	1A02WN		rows for the workbook	BLD-EL-Conduits & Conduit Fittings-vs-BLD-AR-Doors	0	0 in the document
10:03:49.873	969.586	1A02WN		test passed	BLD-EL-Conduits & Conduit Fittings-vs-BLD-AR-Doors	0	ran and found nothing
10:03:50.143	969.857	1A02WN		rows for the workbook	BLD-EL-Conduits & Conduit Fittings-vs-BLD-ST-Foundation	1	1 in the document
10:03:50.143	969.857	1A02WN		test found clashes	BLD-EL-Conduits & Conduit Fittings-vs-BLD-ST-Foundation	1	ran and found clashes
10:03:50.499	970.213	1A02WN		rows for the workbook	BLD-EL-Conduits & Conduit Fittings-vs-BLD-ST-Columns	3	3 in the document
10:03:50.500	970.214	1A02WN		test found clashes	BLD-EL-Conduits & Conduit Fittings-vs-BLD-ST-Columns	3	ran and found clashes
10:03:50.840	970.554	1A02WN		rows for the workbook	BLD-EL-Conduits & Conduit Fittings-vs-BLD-ST-Framing	2	2 in the document
10:03:50.841	970.555	1A02WN		test found clashes	BLD-EL-Conduits & Conduit Fittings-vs-BLD-ST-Framing	2	ran and found clashes
10:03:51.074	970.787	1A02WN		rows for the workbook	BLD-EL-Conduits & Conduit Fittings-vs-BLD-ST-Walls	0	0 in the document
10:03:51.075	970.788	1A02WN		test passed	BLD-EL-Conduits & Conduit Fittings-vs-BLD-ST-Walls	0	ran and found nothing
10:03:51.309	971.023	1A02WN		rows for the workbook	BLD-EL-Conduits & Conduit Fittings-vs-BLD-ST-Floors	0	0 in the document
10:03:51.310	971.023	1A02WN		test passed	BLD-EL-Conduits & Conduit Fittings-vs-BLD-ST-Floors	0	ran and found nothing
10:03:51.548	971.262	1A02WN		rows for the workbook	BLD-EL-Conduits & Conduit Fittings-vs-BLD-ME-Mechanical Equipment	0	0 in the document
10:03:51.549	971.262	1A02WN		test passed	BLD-EL-Conduits & Conduit Fittings-vs-BLD-ME-Mechanical Equipment	0	ran and found nothing
10:03:51.825	971.539	1A02WN		rows for the workbook	BLD-EL-Conduits & Conduit Fittings-vs-BLD-DR-Pipes & Pipe Fittings	0	0 in the document
10:03:51.826	971.540	1A02WN		test passed	BLD-EL-Conduits & Conduit Fittings-vs-BLD-DR-Pipes & Pipe Fittings	0	ran and found nothing
10:03:52.076	971.790	1A02WN		rows for the workbook	BLD-EL-Conduits & Conduit Fittings-vs-BLD-DR-Plumbing Fixtures	0	0 in the document
10:03:52.077	971.791	1A02WN		test passed	BLD-EL-Conduits & Conduit Fittings-vs-BLD-DR-Plumbing Fixtures	0	ran and found nothing
10:03:52.508	972.222	1A02WN		rows for the workbook	BLD-EL-Conduits & Conduit Fittings-vs-BLD-EL-Electrical Equipment	7	7 in the document
10:03:52.509	972.223	1A02WN		test found clashes	BLD-EL-Conduits & Conduit Fittings-vs-BLD-EL-Electrical Equipment	7	ran and found clashes
10:03:52.728	972.441	1A02WN		rows for the workbook	BLD-EL-Conduits & Conduit Fittings-vs-BLD-EL-Electrical Fixtures	0	0 in the document
10:03:52.728	972.442	1A02WN		test passed	BLD-EL-Conduits & Conduit Fittings-vs-BLD-EL-Electrical Fixtures	0	ran and found nothing
10:03:53.203	972.917	1A02WN		rows for the workbook	BLD-EL-Lighting Fixtures-vs-BLD-AR-Floors	0	0 in the document
10:03:53.204	972.918	1A02WN		test passed	BLD-EL-Lighting Fixtures-vs-BLD-AR-Floors	0	ran and found nothing
10:03:53.564	973.278	1A02WN		rows for the workbook	BLD-EL-Lighting Fixtures-vs-BLD-AR-Walls	3	3 in the document
10:03:53.565	973.278	1A02WN		test found clashes	BLD-EL-Lighting Fixtures-vs-BLD-AR-Walls	3	ran and found clashes
10:03:53.799	973.513	1A02WN		rows for the workbook	BLD-EL-Lighting Fixtures-vs-BLD-AR-Windows	0	0 in the document
10:03:53.800	973.514	1A02WN		test passed	BLD-EL-Lighting Fixtures-vs-BLD-AR-Windows	0	ran and found nothing
10:03:54.037	973.751	1A02WN		rows for the workbook	BLD-EL-Lighting Fixtures-vs-BLD-AR-Doors	0	0 in the document
10:03:54.039	973.752	1A02WN		test passed	BLD-EL-Lighting Fixtures-vs-BLD-AR-Doors	0	ran and found nothing
10:03:54.275	973.988	1A02WN		rows for the workbook	BLD-EL-Lighting Fixtures-vs-BLD-ST-Foundation	0	0 in the document
10:03:54.276	973.989	1A02WN		test passed	BLD-EL-Lighting Fixtures-vs-BLD-ST-Foundation	0	ran and found nothing
10:03:54.510	974.224	1A02WN		rows for the workbook	BLD-EL-Lighting Fixtures-vs-BLD-ST-Columns	0	0 in the document
10:03:54.511	974.225	1A02WN		test passed	BLD-EL-Lighting Fixtures-vs-BLD-ST-Columns	0	ran and found nothing
10:03:54.790	974.504	1A02WN		rows for the workbook	BLD-EL-Lighting Fixtures-vs-BLD-ST-Framing	1	1 in the document
10:03:54.791	974.505	1A02WN		test found clashes	BLD-EL-Lighting Fixtures-vs-BLD-ST-Framing	1	ran and found clashes
10:03:55.027	974.740	1A02WN		rows for the workbook	BLD-EL-Lighting Fixtures-vs-BLD-ST-Walls	0	0 in the document
10:03:55.028	974.741	1A02WN		test passed	BLD-EL-Lighting Fixtures-vs-BLD-ST-Walls	0	ran and found nothing
10:03:55.334	975.048	1A02WN		rows for the workbook	BLD-EL-Lighting Fixtures-vs-BLD-ST-Floors	2	2 in the document
10:03:55.335	975.049	1A02WN		test found clashes	BLD-EL-Lighting Fixtures-vs-BLD-ST-Floors	2	ran and found clashes
10:03:55.587	975.301	1A02WN		rows for the workbook	BLD-EL-Lighting Fixtures-vs-BLD-ME-Mechanical Equipment	0	0 in the document
10:03:55.587	975.302	1A02WN		test passed	BLD-EL-Lighting Fixtures-vs-BLD-ME-Mechanical Equipment	0	ran and found nothing
10:03:55.823	975.536	1A02WN		rows for the workbook	BLD-EL-Lighting Fixtures-vs-BLD-DR-Pipes & Pipe Fittings	0	0 in the document
10:03:55.824	975.537	1A02WN		test passed	BLD-EL-Lighting Fixtures-vs-BLD-DR-Pipes & Pipe Fittings	0	ran and found nothing
10:03:56.058	975.771	1A02WN		rows for the workbook	BLD-EL-Lighting Fixtures-vs-BLD-DR-Plumbing Fixtures	0	0 in the document
10:03:56.059	975.772	1A02WN		test passed	BLD-EL-Lighting Fixtures-vs-BLD-DR-Plumbing Fixtures	0	ran and found nothing
10:03:56.283	975.997	1A02WN		rows for the workbook	BLD-EL-Lighting Fixtures-vs-BLD-EL-Electrical Equipment	0	0 in the document
10:03:56.284	975.997	1A02WN		test passed	BLD-EL-Lighting Fixtures-vs-BLD-EL-Electrical Equipment	0	ran and found nothing
10:03:56.540	976.254	1A02WN		rows for the workbook	BLD-EL-Lighting Fixtures-vs-BLD-EL-Electrical Fixtures	0	0 in the document
10:03:56.541	976.255	1A02WN		test passed	BLD-EL-Lighting Fixtures-vs-BLD-EL-Electrical Fixtures	0	ran and found nothing
10:03:56.804	976.518	1A02WN		rows for the workbook	BLD-EL-Lighting Fixtures-vs-BLD-EL-Conduits & Conduit Fittings	0	0 in the document
10:03:56.805	976.519	1A02WN		test passed	BLD-EL-Lighting Fixtures-vs-BLD-EL-Conduits & Conduit Fittings	0	ran and found nothing
10:03:57.054	976.768	1A02WN		rows for the workbook	BLD-EL-Lighting Devices-vs-BLD-AR-Floors	0	0 in the document
10:03:57.055	976.769	1A02WN		test passed	BLD-EL-Lighting Devices-vs-BLD-AR-Floors	0	ran and found nothing
10:03:57.289	977.002	1A02WN		rows for the workbook	BLD-EL-Lighting Devices-vs-BLD-AR-Walls	0	0 in the document
10:03:57.290	977.003	1A02WN		test passed	BLD-EL-Lighting Devices-vs-BLD-AR-Walls	0	ran and found nothing
10:03:57.538	977.252	1A02WN		rows for the workbook	BLD-EL-Lighting Devices-vs-BLD-AR-Windows	0	0 in the document
10:03:57.539	977.253	1A02WN		test passed	BLD-EL-Lighting Devices-vs-BLD-AR-Windows	0	ran and found nothing
10:03:57.788	977.502	1A02WN		rows for the workbook	BLD-EL-Lighting Devices-vs-BLD-AR-Doors	0	0 in the document
10:03:57.790	977.503	1A02WN		test passed	BLD-EL-Lighting Devices-vs-BLD-AR-Doors	0	ran and found nothing
10:03:58.017	977.730	1A02WN		rows for the workbook	BLD-EL-Lighting Devices-vs-BLD-ST-Foundation	0	0 in the document
10:03:58.018	977.731	1A02WN		test passed	BLD-EL-Lighting Devices-vs-BLD-ST-Foundation	0	ran and found nothing
10:03:58.270	977.984	1A02WN		rows for the workbook	BLD-EL-Lighting Devices-vs-BLD-ST-Columns	0	0 in the document
10:03:58.271	977.985	1A02WN		test passed	BLD-EL-Lighting Devices-vs-BLD-ST-Columns	0	ran and found nothing
10:03:58.494	978.207	1A02WN		rows for the workbook	BLD-EL-Lighting Devices-vs-BLD-ST-Framing	0	0 in the document
10:03:58.495	978.208	1A02WN		test passed	BLD-EL-Lighting Devices-vs-BLD-ST-Framing	0	ran and found nothing
10:03:58.711	978.425	1A02WN		rows for the workbook	BLD-EL-Lighting Devices-vs-BLD-ST-Walls	0	0 in the document
10:03:58.712	978.426	1A02WN		test passed	BLD-EL-Lighting Devices-vs-BLD-ST-Walls	0	ran and found nothing
10:03:58.933	978.646	1A02WN		rows for the workbook	BLD-EL-Lighting Devices-vs-BLD-ST-Floors	0	0 in the document
10:03:58.936	978.650	1A02WN		test passed	BLD-EL-Lighting Devices-vs-BLD-ST-Floors	0	ran and found nothing
10:03:59.182	978.896	1A02WN		rows for the workbook	BLD-EL-Lighting Devices-vs-BLD-ME-Mechanical Equipment	0	0 in the document
10:03:59.182	978.897	1A02WN		test passed	BLD-EL-Lighting Devices-vs-BLD-ME-Mechanical Equipment	0	ran and found nothing
10:03:59.418	979.131	1A02WN		rows for the workbook	BLD-EL-Lighting Devices-vs-BLD-DR-Pipes & Pipe Fittings	0	0 in the document
10:03:59.419	979.132	1A02WN		test passed	BLD-EL-Lighting Devices-vs-BLD-DR-Pipes & Pipe Fittings	0	ran and found nothing
10:03:59.641	979.354	1A02WN		rows for the workbook	BLD-EL-Lighting Devices-vs-BLD-DR-Plumbing Fixtures	0	0 in the document
10:03:59.642	979.355	1A02WN		test passed	BLD-EL-Lighting Devices-vs-BLD-DR-Plumbing Fixtures	0	ran and found nothing
10:03:59.886	979.600	1A02WN		rows for the workbook	BLD-EL-Lighting Devices-vs-BLD-EL-Electrical Equipment	0	0 in the document
10:03:59.887	979.601	1A02WN		test passed	BLD-EL-Lighting Devices-vs-BLD-EL-Electrical Equipment	0	ran and found nothing
10:04:00.138	979.851	1A02WN		rows for the workbook	BLD-EL-Lighting Devices-vs-BLD-EL-Electrical Fixtures	0	0 in the document
10:04:00.139	979.852	1A02WN		test passed	BLD-EL-Lighting Devices-vs-BLD-EL-Electrical Fixtures	0	ran and found nothing
10:04:00.361	980.074	1A02WN		rows for the workbook	BLD-EL-Lighting Devices-vs-BLD-EL-Conduits & Conduit Fittings	0	0 in the document
10:04:00.362	980.075	1A02WN		test passed	BLD-EL-Lighting Devices-vs-BLD-EL-Conduits & Conduit Fittings	0	ran and found nothing
10:04:00.656	980.370	1A02WN		rows for the workbook	BLD-EL-Lighting Devices-vs-BLD-EL-Lighting Fixtures	0	0 in the document
10:04:00.657	980.371	1A02WN		test passed	BLD-EL-Lighting Devices-vs-BLD-EL-Lighting Fixtures	0	ran and found nothing
10:04:00.863	980.577	1A02WN		rows for the workbook	BLD-EL-Fire Alarm Devices-vs-BLD-AR-Floors	0	0 in the document
10:04:00.864	980.578	1A02WN		test passed	BLD-EL-Fire Alarm Devices-vs-BLD-AR-Floors	0	ran and found nothing
10:04:01.097	980.810	1A02WN		rows for the workbook	BLD-EL-Fire Alarm Devices-vs-BLD-AR-Walls	0	0 in the document
10:04:01.098	980.811	1A02WN		test passed	BLD-EL-Fire Alarm Devices-vs-BLD-AR-Walls	0	ran and found nothing
10:04:01.320	981.033	1A02WN		rows for the workbook	BLD-EL-Fire Alarm Devices-vs-BLD-AR-Windows	0	0 in the document
10:04:01.320	981.034	1A02WN		test passed	BLD-EL-Fire Alarm Devices-vs-BLD-AR-Windows	0	ran and found nothing
10:04:01.538	981.252	1A02WN		rows for the workbook	BLD-EL-Fire Alarm Devices-vs-BLD-AR-Doors	0	0 in the document
10:04:01.539	981.253	1A02WN		test passed	BLD-EL-Fire Alarm Devices-vs-BLD-AR-Doors	0	ran and found nothing
10:04:01.773	981.486	1A02WN		rows for the workbook	BLD-EL-Fire Alarm Devices-vs-BLD-ST-Foundation	0	0 in the document
10:04:01.774	981.487	1A02WN		test passed	BLD-EL-Fire Alarm Devices-vs-BLD-ST-Foundation	0	ran and found nothing
10:04:01.994	981.708	1A02WN		rows for the workbook	BLD-EL-Fire Alarm Devices-vs-BLD-ST-Columns	0	0 in the document
10:04:01.995	981.709	1A02WN		test passed	BLD-EL-Fire Alarm Devices-vs-BLD-ST-Columns	0	ran and found nothing
10:04:02.226	981.940	1A02WN		rows for the workbook	BLD-EL-Fire Alarm Devices-vs-BLD-ST-Framing	0	0 in the document
10:04:02.227	981.941	1A02WN		test passed	BLD-EL-Fire Alarm Devices-vs-BLD-ST-Framing	0	ran and found nothing
10:04:02.463	982.177	1A02WN		rows for the workbook	BLD-EL-Fire Alarm Devices-vs-BLD-ST-Walls	0	0 in the document
10:04:02.464	982.178	1A02WN		test passed	BLD-EL-Fire Alarm Devices-vs-BLD-ST-Walls	0	ran and found nothing
10:04:02.697	982.411	1A02WN		rows for the workbook	BLD-EL-Fire Alarm Devices-vs-BLD-ST-Floors	0	0 in the document
10:04:02.698	982.412	1A02WN		test passed	BLD-EL-Fire Alarm Devices-vs-BLD-ST-Floors	0	ran and found nothing
10:04:02.962	982.675	1A02WN		rows for the workbook	BLD-EL-Fire Alarm Devices-vs-BLD-ME-Mechanical Equipment	0	0 in the document
10:04:02.963	982.676	1A02WN		test passed	BLD-EL-Fire Alarm Devices-vs-BLD-ME-Mechanical Equipment	0	ran and found nothing
10:04:03.198	982.911	1A02WN		rows for the workbook	BLD-EL-Fire Alarm Devices-vs-BLD-DR-Pipes & Pipe Fittings	0	0 in the document
10:04:03.198	982.912	1A02WN		test passed	BLD-EL-Fire Alarm Devices-vs-BLD-DR-Pipes & Pipe Fittings	0	ran and found nothing
10:04:03.434	983.147	1A02WN		rows for the workbook	BLD-EL-Fire Alarm Devices-vs-BLD-DR-Plumbing Fixtures	0	0 in the document
10:04:03.435	983.148	1A02WN		test passed	BLD-EL-Fire Alarm Devices-vs-BLD-DR-Plumbing Fixtures	0	ran and found nothing
10:04:03.686	983.400	1A02WN		rows for the workbook	BLD-EL-Fire Alarm Devices-vs-BLD-EL-Electrical Equipment	0	0 in the document
10:04:03.687	983.400	1A02WN		test passed	BLD-EL-Fire Alarm Devices-vs-BLD-EL-Electrical Equipment	0	ran and found nothing
10:04:03.923	983.637	1A02WN		rows for the workbook	BLD-EL-Fire Alarm Devices-vs-BLD-EL-Electrical Fixtures	0	0 in the document
10:04:03.923	983.638	1A02WN		test passed	BLD-EL-Fire Alarm Devices-vs-BLD-EL-Electrical Fixtures	0	ran and found nothing
10:04:04.128	983.841	1A02WN		rows for the workbook	BLD-EL-Fire Alarm Devices-vs-BLD-EL-Conduits & Conduit Fittings	0	0 in the document
10:04:04.128	983.842	1A02WN		test passed	BLD-EL-Fire Alarm Devices-vs-BLD-EL-Conduits & Conduit Fittings	0	ran and found nothing
10:04:04.381	984.095	1A02WN		rows for the workbook	BLD-EL-Fire Alarm Devices-vs-BLD-EL-Lighting Fixtures	0	0 in the document
10:04:04.381	984.096	1A02WN		test passed	BLD-EL-Fire Alarm Devices-vs-BLD-EL-Lighting Fixtures	0	ran and found nothing
10:04:04.602	984.316	1A02WN		rows for the workbook	BLD-EL-Fire Alarm Devices-vs-BLD-EL-Lighting Devices	0	0 in the document
10:04:04.603	984.317	1A02WN		test passed	BLD-EL-Fire Alarm Devices-vs-BLD-EL-Lighting Devices	0	ran and found nothing
10:04:04.860	984.574	1A02WN		rows for the workbook	BLD-Security Devices-vs-BLD-AR-Floors	0	0 in the document
10:04:04.861	984.575	1A02WN		test passed	BLD-Security Devices-vs-BLD-AR-Floors	0	ran and found nothing
10:04:05.093	984.807	1A02WN		rows for the workbook	BLD-Security Devices-vs-BLD-AR-Walls	0	0 in the document
10:04:05.094	984.808	1A02WN		test passed	BLD-Security Devices-vs-BLD-AR-Walls	0	ran and found nothing
10:04:05.337	985.051	1A02WN		rows for the workbook	BLD-Security Devices-vs-BLD-AR-Windows	0	0 in the document
10:04:05.338	985.052	1A02WN		test passed	BLD-Security Devices-vs-BLD-AR-Windows	0	ran and found nothing
10:04:05.604	985.317	1A02WN		rows for the workbook	BLD-Security Devices-vs-BLD-AR-Doors	0	0 in the document
10:04:05.605	985.318	1A02WN		test passed	BLD-Security Devices-vs-BLD-AR-Doors	0	ran and found nothing
10:04:05.828	985.541	1A02WN		rows for the workbook	BLD-Security Devices-vs-BLD-ST-Foundation	0	0 in the document
10:04:05.829	985.542	1A02WN		test passed	BLD-Security Devices-vs-BLD-ST-Foundation	0	ran and found nothing
10:04:06.072	985.786	1A02WN		rows for the workbook	BLD-Security Devices-vs-BLD-ST-Columns	0	0 in the document
10:04:06.073	985.787	1A02WN		test passed	BLD-Security Devices-vs-BLD-ST-Columns	0	ran and found nothing
10:04:06.307	986.020	1A02WN		rows for the workbook	BLD-Security Devices-vs-BLD-ST-Framing	0	0 in the document
10:04:06.307	986.021	1A02WN		test passed	BLD-Security Devices-vs-BLD-ST-Framing	0	ran and found nothing
10:04:06.541	986.255	1A02WN		rows for the workbook	BLD-Security Devices-vs-BLD-ST-Walls	0	0 in the document
10:04:06.542	986.256	1A02WN		test passed	BLD-Security Devices-vs-BLD-ST-Walls	0	ran and found nothing
10:04:06.795	986.510	1A02WN		rows for the workbook	BLD-Security Devices-vs-BLD-ST-Floors	1	1 in the document
10:04:06.796	986.510	1A02WN		test found clashes	BLD-Security Devices-vs-BLD-ST-Floors	1	ran and found clashes
10:04:07.044	986.758	1A02WN		rows for the workbook	BLD-Security Devices-vs-BLD-ME-Mechanical Equipment	0	0 in the document
10:04:07.045	986.758	1A02WN		test passed	BLD-Security Devices-vs-BLD-ME-Mechanical Equipment	0	ran and found nothing
10:04:07.284	986.997	1A02WN		rows for the workbook	BLD-Security Devices-vs-BLD-DR-Pipes & Pipe Fittings	0	0 in the document
10:04:07.285	986.998	1A02WN		test passed	BLD-Security Devices-vs-BLD-DR-Pipes & Pipe Fittings	0	ran and found nothing
10:04:07.526	987.239	1A02WN		rows for the workbook	BLD-Security Devices-vs-BLD-DR-Plumbing Fixtures	0	0 in the document
10:04:07.527	987.240	1A02WN		test passed	BLD-Security Devices-vs-BLD-DR-Plumbing Fixtures	0	ran and found nothing
10:04:07.758	987.472	1A02WN		rows for the workbook	BLD-Security Devices-vs-BLD-EL-Electrical Equipment	0	0 in the document
10:04:07.759	987.473	1A02WN		test passed	BLD-Security Devices-vs-BLD-EL-Electrical Equipment	0	ran and found nothing
10:04:07.993	987.706	1A02WN		rows for the workbook	BLD-Security Devices-vs-BLD-EL-Electrical Fixtures	0	0 in the document
10:04:07.994	987.707	1A02WN		test passed	BLD-Security Devices-vs-BLD-EL-Electrical Fixtures	0	ran and found nothing
10:04:08.226	987.939	1A02WN		rows for the workbook	BLD-Security Devices-vs-BLD-EL-Conduits & Conduit Fittings	0	0 in the document
10:04:08.226	987.940	1A02WN		test passed	BLD-Security Devices-vs-BLD-EL-Conduits & Conduit Fittings	0	ran and found nothing
10:04:08.495	988.209	1A02WN		rows for the workbook	BLD-Security Devices-vs-BLD-EL-Lighting Fixtures	1	1 in the document
10:04:08.496	988.210	1A02WN		test found clashes	BLD-Security Devices-vs-BLD-EL-Lighting Fixtures	1	ran and found clashes
10:04:08.712	988.425	1A02WN		rows for the workbook	BLD-Security Devices-vs-BLD-EL-Lighting Devices	0	0 in the document
10:04:08.712	988.426	1A02WN		test passed	BLD-Security Devices-vs-BLD-EL-Lighting Devices	0	ran and found nothing
10:04:08.930	988.644	1A02WN		rows for the workbook	BLD-Security Devices-vs-BLD-EL-Fire Alarm Devices	0	0 in the document
10:04:08.931	988.645	1A02WN		test passed	BLD-Security Devices-vs-BLD-EL-Fire Alarm Devices	0	ran and found nothing
10:04:10.617	990.330	1A02WN		set finding nothing	lcop_selection_set_tree/Architecture/BLD-AR-Stairs		lcop_selection_set_tree/Architecture/BLD-AR-Stairs   asks for "Stairs", WHICH MODELS IN THIS PROJECT DO CARRY, and still found nothing HERE. Either this group holds no model of that kind, which is ordinary, or something else is wrong, and this reader cannot tell which
10:04:10.618	990.331	1A02WN		set finding nothing	lcop_selection_set_tree/Architecture/BLD-AR-Ramps		lcop_selection_set_tree/Architecture/BLD-AR-Ramps   asks for "Ramps" and NO MODEL IN THIS PROJECT CARRIES IT, and nothing the models carry is close to it
10:04:10.618	990.332	1A02WN		set finding nothing	lcop_selection_set_tree/Architecture/BLD-AR-Roofs		lcop_selection_set_tree/Architecture/BLD-AR-Roofs   asks for "Roofs" and NO MODEL IN THIS PROJECT CARRIES IT. The nearest the models carry is "Doors", which is a suggestion and not a correction
10:04:10.619	990.332	1A02WN		set finding nothing	lcop_selection_set_tree/Architecture/BLD-AR-Ceilings		lcop_selection_set_tree/Architecture/BLD-AR-Ceilings   asks for "Ceilings", WHICH MODELS IN THIS PROJECT DO CARRY, and still found nothing HERE. Either this group holds no model of that kind, which is ordinary, or something else is wrong, and this reader cannot tell which
10:04:10.620	990.333	1A02WN		set finding nothing	lcop_selection_set_tree/Architecture/BLD-AR-Columns		lcop_selection_set_tree/Architecture/BLD-AR-Columns   asks for "Columns" and NO MODEL IN THIS PROJECT CARRIES IT, and nothing the models carry is close to it
10:04:10.620	990.334	1A02WN		set finding nothing	lcop_selection_set_tree/Architecture/BLD-AR-Curtain Panels		lcop_selection_set_tree/Architecture/BLD-AR-Curtain Panels   asks for "Curtain Panels", WHICH MODELS IN THIS PROJECT DO CARRY, and still found nothing HERE. Either this group holds no model of that kind, which is ordinary, or something else is wrong, and this reader cannot tell which
10:04:10.621	990.334	1A02WN		set finding nothing	lcop_selection_set_tree/Architecture/BLD-AR-Curtain Mullions		lcop_selection_set_tree/Architecture/BLD-AR-Curtain Mullions   asks for "Curtain Wall Mullions", WHICH MODELS IN THIS PROJECT DO CARRY, and still found nothing HERE. Either this group holds no model of that kind, which is ordinary, or something else is wrong, and this reader cannot tell which
10:04:10.621	990.335	1A02WN		set finding nothing	lcop_selection_set_tree/Architecture/BLD-AR-Casework		lcop_selection_set_tree/Architecture/BLD-AR-Casework   asks for "Casework" and NO MODEL IN THIS PROJECT CARRIES IT, and nothing the models carry is close to it
10:04:10.622	990.335	1A02WN		set finding nothing	lcop_selection_set_tree/Architecture/BLD-AR-Furniture		lcop_selection_set_tree/Architecture/BLD-AR-Furniture   asks for "Furniture", WHICH MODELS IN THIS PROJECT DO CARRY, and still found nothing HERE. Either this group holds no model of that kind, which is ordinary, or something else is wrong, and this reader cannot tell which
10:04:10.623	990.336	1A02WN		set finding nothing	lcop_selection_set_tree/Architecture/BLD-AR-Parking		lcop_selection_set_tree/Architecture/BLD-AR-Parking   asks for "Parking" and NO MODEL IN THIS PROJECT CARRIES IT, and nothing the models carry is close to it
10:04:10.624	990.337	1A02WN		set finding nothing	lcop_selection_set_tree/Architecture/BLD-AR-Railings		lcop_selection_set_tree/Architecture/BLD-AR-Railings   asks for "Railings" and NO MODEL IN THIS PROJECT CARRIES IT. The nearest the models carry is "Ceilings", which is a suggestion and not a correction
10:04:10.624	990.338	1A02WN		set finding nothing	lcop_selection_set_tree/Architecture/BLD-AR-Site		lcop_selection_set_tree/Architecture/BLD-AR-Site   asks for "Site", WHICH MODELS IN THIS PROJECT DO CARRY, and still found nothing HERE. Either this group holds no model of that kind, which is ordinary, or something else is wrong, and this reader cannot tell which
10:04:10.625	990.338	1A02WN		set finding nothing	lcop_selection_set_tree/Structure/BLD-ST-Stair		lcop_selection_set_tree/Structure/BLD-ST-Stair   asks for "Stairs", WHICH MODELS IN THIS PROJECT DO CARRY, and still found nothing HERE. Either this group holds no model of that kind, which is ordinary, or something else is wrong, and this reader cannot tell which
10:04:10.626	990.339	1A02WN		set finding nothing	lcop_selection_set_tree/Mechanical/Mechanical-HVAC/BLD-ME-Ducts&Duct Fittings		lcop_selection_set_tree/Mechanical/Mechanical-HVAC/BLD-ME-Ducts&Duct Fittings   asks for "Ducts", WHICH MODELS IN THIS PROJECT DO CARRY, and still found nothing HERE. Either this group holds no model of that kind, which is ordinary, or something else is wrong, and this reader cannot tell which
10:04:10.626	990.340	1A02WN		set finding nothing	lcop_selection_set_tree/Mechanical/Mechanical-HVAC/BLD-ME-Duct Accessory		lcop_selection_set_tree/Mechanical/Mechanical-HVAC/BLD-ME-Duct Accessory   asks for "Duct Accessories", WHICH MODELS IN THIS PROJECT DO CARRY, and still found nothing HERE. Either this group holds no model of that kind, which is ordinary, or something else is wrong, and this reader cannot tell which
10:04:10.627	990.341	1A02WN		set finding nothing	lcop_selection_set_tree/Mechanical/Mechanical-HVAC/BLD-ME-Flex Ducts		lcop_selection_set_tree/Mechanical/Mechanical-HVAC/BLD-ME-Flex Ducts   asks for "Flex Ducts" and NO MODEL IN THIS PROJECT CARRIES IT, and nothing the models carry is close to it
10:04:10.628	990.341	1A02WN		set finding nothing	lcop_selection_set_tree/Mechanical/Mechanical-HVAC/BLD-ME-Air Terminals		lcop_selection_set_tree/Mechanical/Mechanical-HVAC/BLD-ME-Air Terminals   asks for "Air Terminals", WHICH MODELS IN THIS PROJECT DO CARRY, and still found nothing HERE. Either this group holds no model of that kind, which is ordinary, or something else is wrong, and this reader cannot tell which
10:04:10.629	990.342	1A02WN		set finding nothing	lcop_selection_set_tree/Mechanical/Mechanical-HVAC/BLD-ME-Pipes&Pipe Fittings		lcop_selection_set_tree/Mechanical/Mechanical-HVAC/BLD-ME-Pipes&Pipe Fittings   asks for "Pipes", WHICH MODELS IN THIS PROJECT DO CARRY, and still found nothing HERE. Either this group holds no model of that kind, which is ordinary, or something else is wrong, and this reader cannot tell which
10:04:10.629	990.343	1A02WN		set finding nothing	lcop_selection_set_tree/Mechanical/Mechanical-HVAC/BLD-ME-Pipe Accessories		lcop_selection_set_tree/Mechanical/Mechanical-HVAC/BLD-ME-Pipe Accessories   asks for "Pipe Accessories", WHICH MODELS IN THIS PROJECT DO CARRY, and still found nothing HERE. Either this group holds no model of that kind, which is ordinary, or something else is wrong, and this reader cannot tell which
10:04:10.630	990.344	1A02WN		set finding nothing	lcop_selection_set_tree/Mechanical/Mechanical-HVAC/BLD-ME-Plumbing Fixtures		lcop_selection_set_tree/Mechanical/Mechanical-HVAC/BLD-ME-Plumbing Fixtures   asks for "Plumbing Fixtures", WHICH MODELS IN THIS PROJECT DO CARRY, and still found nothing HERE. Either this group holds no model of that kind, which is ordinary, or something else is wrong, and this reader cannot tell which
10:04:10.631	990.344	1A02WN		set finding nothing	lcop_selection_set_tree/Mechanical/Mechanical-HVAC/BLD-ME-Flex Pipes		lcop_selection_set_tree/Mechanical/Mechanical-HVAC/BLD-ME-Flex Pipes   asks for "Flex Pipes", WHICH MODELS IN THIS PROJECT DO CARRY, and still found nothing HERE. Either this group holds no model of that kind, which is ordinary, or something else is wrong, and this reader cannot tell which
10:04:10.631	990.345	1A02WN		set finding nothing	lcop_selection_set_tree/Mechanical/Mechanical-Fire Fighting/BLD-FF-Mechanical Equipment		lcop_selection_set_tree/Mechanical/Mechanical-Fire Fighting/BLD-FF-Mechanical Equipment   asks for "FF-FIRE FIGHTING" and NO MODEL IN THIS PROJECT CARRIES IT, and nothing the models carry is close to it
10:04:10.632	990.346	1A02WN		set finding nothing	lcop_selection_set_tree/Mechanical/Mechanical-Fire Fighting/BLD-FF-Pipes & Pipe Fittings		lcop_selection_set_tree/Mechanical/Mechanical-Fire Fighting/BLD-FF-Pipes & Pipe Fittings   asks for "FP-PIPING" and NO MODEL IN THIS PROJECT CARRIES IT. The nearest the models carry is "ME-Piping", which is a suggestion and not a correction
10:04:10.633	990.346	1A02WN		set finding nothing	lcop_selection_set_tree/Mechanical/Mechanical-Fire Fighting/BLD-FF-Pipe Accessories		lcop_selection_set_tree/Mechanical/Mechanical-Fire Fighting/BLD-FF-Pipe Accessories   asks for "FP-PIPING" and NO MODEL IN THIS PROJECT CARRIES IT. The nearest the models carry is "ME-Piping", which is a suggestion and not a correction
10:04:10.633	990.347	1A02WN		set finding nothing	lcop_selection_set_tree/Mechanical/Mechanical-Fire Fighting/BLD-FF-Pipe Insulations		lcop_selection_set_tree/Mechanical/Mechanical-Fire Fighting/BLD-FF-Pipe Insulations   asks for "Pipe Insulation" and NO MODEL IN THIS PROJECT CARRIES IT, and nothing the models carry is close to it
10:04:10.634	990.348	1A02WN		set finding nothing	lcop_selection_set_tree/Mechanical/Mechanical-Fire Fighting/BLD-FF-Plumbing Fixtures		lcop_selection_set_tree/Mechanical/Mechanical-Fire Fighting/BLD-FF-Plumbing Fixtures   asks for "FF-FIRE FIGHTING" and NO MODEL IN THIS PROJECT CARRIES IT, and nothing the models carry is close to it
10:04:10.635	990.348	1A02WN		set finding nothing	lcop_selection_set_tree/Mechanical/Mechanical-Fire Fighting/BLD-FF-Sprinklers		lcop_selection_set_tree/Mechanical/Mechanical-Fire Fighting/BLD-FF-Sprinklers   asks for "FP-PIPING" and NO MODEL IN THIS PROJECT CARRIES IT. The nearest the models carry is "ME-Piping", which is a suggestion and not a correction
10:04:10.635	990.349	1A02WN		set finding nothing	lcop_selection_set_tree/Mechanical/Mechanical-Water Supply/BLD-PL-Mechanical Equipment		lcop_selection_set_tree/Mechanical/Mechanical-Water Supply/BLD-PL-Mechanical Equipment   asks for "Mechanical Equipment", WHICH MODELS IN THIS PROJECT DO CARRY, and still found nothing HERE. Either this group holds no model of that kind, which is ordinary, or something else is wrong, and this reader cannot tell which
10:04:10.636	990.350	1A02WN		set finding nothing	lcop_selection_set_tree/Mechanical/Mechanical-Water Supply/BLD-PL-Pipes & Pipe Fittings		lcop_selection_set_tree/Mechanical/Mechanical-Water Supply/BLD-PL-Pipes & Pipe Fittings   asks for "Pipes", WHICH MODELS IN THIS PROJECT DO CARRY, and still found nothing HERE. Either this group holds no model of that kind, which is ordinary, or something else is wrong, and this reader cannot tell which
10:04:10.637	990.350	1A02WN		set finding nothing	lcop_selection_set_tree/Mechanical/Mechanical-Water Supply/BLD-PL-Pipe Accessories		lcop_selection_set_tree/Mechanical/Mechanical-Water Supply/BLD-PL-Pipe Accessories   asks for "Pipe Accessories", WHICH MODELS IN THIS PROJECT DO CARRY, and still found nothing HERE. Either this group holds no model of that kind, which is ordinary, or something else is wrong, and this reader cannot tell which
10:04:10.638	990.351	1A02WN		set finding nothing	lcop_selection_set_tree/Mechanical/Mechanical-Water Supply/BLD-PL-Pipe Insulations		lcop_selection_set_tree/Mechanical/Mechanical-Water Supply/BLD-PL-Pipe Insulations   asks for "Pipe Insulation" and NO MODEL IN THIS PROJECT CARRIES IT, and nothing the models carry is close to it
10:04:10.638	990.352	1A02WN		set finding nothing	lcop_selection_set_tree/Mechanical/Mechanical-Water Supply/BLD-PL-Plumbing Fixtures		lcop_selection_set_tree/Mechanical/Mechanical-Water Supply/BLD-PL-Plumbing Fixtures   asks for "Plumbing Fixtures", WHICH MODELS IN THIS PROJECT DO CARRY, and still found nothing HERE. Either this group holds no model of that kind, which is ordinary, or something else is wrong, and this reader cannot tell which
10:04:10.639	990.353	1A02WN		set finding nothing	lcop_selection_set_tree/Mechanical/Mechanical-Drainage/BLD-DR-Mechanical Equipment		lcop_selection_set_tree/Mechanical/Mechanical-Drainage/BLD-DR-Mechanical Equipment   asks for "Mechanical Equipment", WHICH MODELS IN THIS PROJECT DO CARRY, and still found nothing HERE. Either this group holds no model of that kind, which is ordinary, or something else is wrong, and this reader cannot tell which
10:04:10.640	990.353	1A02WN		set finding nothing	lcop_selection_set_tree/Mechanical/Mechanical-Drainage/BLD-DR-Pipe Accessories		lcop_selection_set_tree/Mechanical/Mechanical-Drainage/BLD-DR-Pipe Accessories   asks for "Pipe Accessories", WHICH MODELS IN THIS PROJECT DO CARRY, and still found nothing HERE. Either this group holds no model of that kind, which is ordinary, or something else is wrong, and this reader cannot tell which
10:04:10.641	990.354	1A02WN		set finding nothing	lcop_selection_set_tree/Mechanical/Mechanical-Drainage/BLD-DR-Pipe Insulations		lcop_selection_set_tree/Mechanical/Mechanical-Drainage/BLD-DR-Pipe Insulations   asks for "Pipe Insulation" and NO MODEL IN THIS PROJECT CARRIES IT, and nothing the models carry is close to it
10:04:10.641	990.355	1A02WN		set finding nothing	lcop_selection_set_tree/Electrical/BLD-EL-Cable Tray&Cable Tray Fittings		lcop_selection_set_tree/Electrical/BLD-EL-Cable Tray&Cable Tray Fittings   asks for "Cable Tray" and NO MODEL IN THIS PROJECT CARRIES IT. The nearest the models carry is "Cable Trays", which is a suggestion and not a correction
10:04:10.642	990.356	1A02WN		set finding nothing	lcop_selection_set_tree/Electrical/BLD-EL-Devices		lcop_selection_set_tree/Electrical/BLD-EL-Devices   asks for "Devices" and NO MODEL IN THIS PROJECT CARRIES IT, and nothing the models carry is close to it
10:04:10.642	990.356	1A02WN		set finding nothing	lcop_selection_set_tree/Electrical/BLD-EL-Telecom Equipment		lcop_selection_set_tree/Electrical/BLD-EL-Telecom Equipment   asks for "Telephone Equipment" and NO MODEL IN THIS PROJECT CARRIES IT, and nothing the models carry is close to it
10:04:10.642	990.357	1A02WN		set finding nothing	lcop_selection_set_tree/Electrical/BLD-EL-Telecom Fixtures		lcop_selection_set_tree/Electrical/BLD-EL-Telecom Fixtures   asks for "Telephone Devices" and NO MODEL IN THIS PROJECT CARRIES IT, and nothing the models carry is close to it
10:04:10.644	990.358	1A02WN		set finding nothing	lcop_selection_set_tree/Electrical/BLD-EL-Communication Devices		lcop_selection_set_tree/Electrical/BLD-EL-Communication Devices   asks for "Communication Devices", WHICH MODELS IN THIS PROJECT DO CARRY, and still found nothing HERE. Either this group holds no model of that kind, which is ordinary, or something else is wrong, and this reader cannot tell which
10:04:10.645	990.358	1A02WN		set finding nothing	lcop_selection_set_tree/Electrical/BLD-EL-Telephone Devices		lcop_selection_set_tree/Electrical/BLD-EL-Telephone Devices   asks for "Telephone Devices" and NO MODEL IN THIS PROJECT CARRIES IT, and nothing the models carry is close to it
10:04:10.646	990.359	1A02WN		set finding nothing	lcop_selection_set_tree/Electrical/BLD-EL-Data Devices		lcop_selection_set_tree/Electrical/BLD-EL-Data Devices   asks for "Data Devices", WHICH MODELS IN THIS PROJECT DO CARRY, and still found nothing HERE. Either this group holds no model of that kind, which is ordinary, or something else is wrong, and this reader cannot tell which
10:04:11.157	990.871	1A02WN	VIEWS	step started	VIEWS	0	
10:04:11.178	990.891	1A02WN	VIEWS	census before	models	4	
10:04:11.180	990.893	1A02WN	VIEWS	census before	sets	61	
10:04:11.181	990.894	1A02WN	VIEWS	census before	tests	1830	
10:04:11.182	990.895	1A02WN	VIEWS	census before	results	77	
10:04:11.182	990.896	1A02WN	VIEWS	census before	views	103	
10:04:12.037	991.751	1A02WN		census after	models	4	
10:04:12.037	991.752	1A02WN		census after	sets	61	
10:04:12.039	991.752	1A02WN		census after	tests	1830	
10:04:12.040	991.753	1A02WN		census after	results	77	
10:04:12.040	991.754	1A02WN		census after	views	103	
10:04:12.053	991.766	1A02WN		step finished	VIEWS	0.867	0 created, 65 already there.
10:04:12.361	992.076	1A02WN	NWF SAVE	step started	NWF SAVE	0	
10:04:12.378	992.091	1A02WN	NWF SAVE	census before	models	4	
10:04:12.378	992.092	1A02WN	NWF SAVE	census before	sets	61	
10:04:12.380	992.093	1A02WN	NWF SAVE	census before	tests	1830	
10:04:12.380	992.094	1A02WN	NWF SAVE	census before	results	77	
10:04:12.381	992.094	1A02WN	NWF SAVE	census before	views	103	
10:04:12.599	992.313	1A02WN	NWF SAVE	written	NWF	913327	C:\\00-NM\\Federation Task\\C02 + 04\\C02\\NWF\\1104-PAR-1A02WN-ZZZ-BM-MOD-000001.nwf
10:04:12.625	992.339	1A02WN		census after	models	4	
10:04:12.625	992.340	1A02WN		census after	sets	61	
10:04:12.627	992.341	1A02WN		census after	tests	1830	
10:04:12.628	992.341	1A02WN		census after	results	77	
10:04:12.628	992.342	1A02WN		census after	views	103	
10:04:12.645	992.358	1A02WN		step finished	NWF SAVE	0.249	saved 913327 bytes
10:04:12.671	992.384	1A02WN	WORKBOOK	step started	WORKBOOK	0	
10:04:12.687	992.400	1A02WN	WORKBOOK	census before	models	4	
10:04:12.687	992.401	1A02WN	WORKBOOK	census before	sets	61	
10:04:12.688	992.402	1A02WN	WORKBOOK	census before	tests	1830	
10:04:12.689	992.403	1A02WN	WORKBOOK	census before	results	77	
10:04:12.689	992.403	1A02WN	WORKBOOK	census before	views	103	
10:04:14.062	993.776	1A02WN	WORKBOOK	written	XLSX	118280	C:\\00-NM\\Federation Task\\C02 + 04\\C02\\Clash Report\\1104-PAR-1A02WN-ZZZ-BM-MOD-000001.xlsx
10:04:14.379	994.092	1A02WN		census after	models	4	
10:04:14.380	994.093	1A02WN		census after	sets	61	
10:04:14.380	994.094	1A02WN		census after	tests	1830	
10:04:14.380	994.095	1A02WN		census after	results	77	
10:04:14.381	994.095	1A02WN		census after	views	103	
10:04:14.438	994.152	1A02WN		step finished	WORKBOOK	1.702	wrote 118280 bytes
10:04:14.452	994.166	1A02WN	HTML	step started	HTML	0	
10:04:14.470	994.184	1A02WN	HTML	census before	models	4	
10:04:14.471	994.185	1A02WN	HTML	census before	sets	61	
10:04:14.472	994.186	1A02WN	HTML	census before	tests	1830	
10:04:14.473	994.186	1A02WN	HTML	census before	results	77	
10:04:14.473	994.187	1A02WN	HTML	census before	views	103	
10:04:14.642	994.356	1A02WN	HTML	written	HTML	3938327	C:\\00-NM\\Federation Task\\C02 + 04\\C02\\Clash Report\\1104-PAR-1A02WN-ZZZ-BM-MOD-000001.html
10:04:15.095	994.808	1A02WN		census after	models	4	
10:04:15.096	994.809	1A02WN		census after	sets	61	
10:04:15.096	994.810	1A02WN		census after	tests	1830	
10:04:15.097	994.810	1A02WN		census after	results	77	
10:04:15.098	994.811	1A02WN		census after	views	103	
10:04:15.110	994.824	1A02WN		step finished	HTML	0.624	wrote 3938327 bytes
10:04:15.135	994.848	1A02WN	NWD	step started	NWD	0	
10:04:15.184	994.898	1A02WN	NWD	census before	models	4	
10:04:15.185	994.899	1A02WN	NWD	census before	sets	61	
10:04:15.186	994.899	1A02WN	NWD	census before	tests	1830	
10:04:15.186	994.900	1A02WN	NWD	census before	results	77	
10:04:15.187	994.901	1A02WN	NWD	census before	views	103	
10:04:15.517	995.231	1A02WN	NWD	written	NWD	1707343	C:\\00-NM\\Federation Task\\C02 + 04\\C02\\NWD\\1104-PAR-1A02WN-ZZZ-BM-MOD-000001.nwd
10:04:15.534	995.248	1A02WN		census after	models	4	
10:04:15.535	995.249	1A02WN		census after	sets	61	
10:04:15.536	995.250	1A02WN		census after	tests	1830	
10:04:15.537	995.251	1A02WN		census after	results	77	
10:04:15.538	995.251	1A02WN		census after	views	103	
10:04:15.550	995.264	1A02WN		step finished	NWD	0.395	published 1707343 bytes
10:04:15.610	995.324	1A02WN	CONFIRM	step started	CONFIRM	0	
10:04:15.630	995.343	1A02WN	CONFIRM	census before	models	4	
10:04:15.630	995.344	1A02WN	CONFIRM	census before	sets	61	
10:04:15.631	995.345	1A02WN	CONFIRM	census before	tests	1830	
10:04:15.632	995.345	1A02WN	CONFIRM	census before	results	77	
10:04:15.633	995.346	1A02WN	CONFIRM	census before	views	103	
10:04:15.688	995.402	1A02WN		census after	models	4	
10:04:15.689	995.403	1A02WN		census after	sets	61	
10:04:15.690	995.403	1A02WN		census after	tests	1830	
10:04:15.690	995.404	1A02WN		census after	results	77	
10:04:15.691	995.405	1A02WN		census after	views	103	
10:04:15.709	995.423	1A02WN		step finished	CONFIRM	0.113	the NWF is 913327 bytes
10:04:15.894	995.607	1A02WN		gap	Family	154	it would belong in a workbook column of ours, which is Q25
10:04:15.895	995.608	1A02WN		gap	Type Name	154	it would belong in a workbook column of ours, which is Q25
10:04:15.895	995.609	1A02WN		gap	Material	131	it would belong in a workbook column of ours, which is Q25
10:04:15.896	995.609	1A02WN		gap	Id From	154	the ITEM IDS block counts it per property and no output names it per item
10:04:15.931	995.645	1A02WN		step total	TESTS RUN	31.171	
10:04:15.932	995.645	1A02WN		step total	HARVEST	5.427	
10:04:15.933	995.646	1A02WN		step total	IMAGES	1.832	
10:04:15.986	995.701			group finished	1A02WN	53.984	DONE Weekly run plus XML
10:04:16.350	996.064			timing	TESTS RUN	31.171	171 visits
10:04:16.351	996.065			timing	HARVEST	5.427	171 visits
10:04:16.352	996.065			timing	WORKBOOK	1.702	1 visits
10:04:16.353	996.066			timing	SETS	1.066	1 visits
10:04:16.353	996.067			timing	DECIDE	0.903	1 visits
10:04:16.354	996.068			timing	VIEWS	0.867	1 visits
10:04:16.355	996.068			timing	HTML	0.624	1 visits
10:04:16.355	996.069			timing	NWD	0.395	1 visits
10:04:16.356	996.070			timing	NWF SAVE	0.249	1 visits
10:04:16.356	996.070			timing	CONFIRM	0.113	1 visits
10:04:16.357	996.071			timing	UNITS	0.059	1 visits
10:04:16.358	996.072			timing nested	IMAGES	1.832	77 visits
10:04:16.568	996.282	1A02WO	DECIDE	step started	DECIDE	0	
10:04:16.581	996.295	1A02WO	DECIDE	census before	models	0	
10:04:16.582	996.296	1A02WO	DECIDE	census before	sets	0	
10:04:16.583	996.296	1A02WO	DECIDE	census before	tests	0	
10:04:16.583	996.297	1A02WO	DECIDE	census before	results	0	
10:04:16.584	996.298	1A02WO	DECIDE	census before	views	0	
10:04:17.588	997.302	1A02WO		census after	models	4	
10:04:17.589	997.303	1A02WO		census after	sets	62	
10:04:17.590	997.304	1A02WO		census after	tests	1830	
10:04:17.591	997.304	1A02WO		census after	results	94	
10:04:17.591	997.305	1A02WO		census after	views	110	
10:04:17.606	997.319	1A02WO		step finished	DECIDE	1.048	Weekly run plus XML
10:04:17.690	997.404	1A02WO	UNITS	step started	UNITS	0	
10:04:17.708	997.421	1A02WO	UNITS	census before	models	4	
10:04:17.708	997.422	1A02WO	UNITS	census before	sets	62	
10:04:17.709	997.423	1A02WO	UNITS	census before	tests	1830	
10:04:17.710	997.424	1A02WO	UNITS	census before	results	94	
10:04:17.710	997.424	1A02WO	UNITS	census before	views	110	
10:04:17.812	997.526	1A02WO		census after	models	4	
10:04:17.813	997.527	1A02WO		census after	sets	62	
10:04:17.813	997.528	1A02WO		census after	tests	1830	
10:04:17.814	997.528	1A02WO		census after	results	94	
10:04:17.815	997.529	1A02WO		census after	views	110	
10:04:17.828	997.543	1A02WO		step finished	UNITS	0.076	the document was asked for Meters
10:04:18.066	997.780	1A02WO		model placement	1104-PAR-1A02WO-ZZZ-AR-MOD-000001.nwc	-200	IRPS-SharedCoordinate
10:04:18.067	997.781	1A02WO		model placement	1104-PAR-1A02WO-ZZZ-EL-MOD-000001.nwc	-200	BUL_0004_SharedCoordiante
10:04:18.067	997.782	1A02WO		model placement	1104-PAR-1A02WO-ZZZ-ME-MOD-000001.nwc	-200	PW2_Shared_Location
10:04:18.068	997.782	1A02WO		model placement	1104-PAR-1A02WO-ZZZ-ST-MOD-000001.nwc	-50	ST_PW2_GUARD HOUSE
10:04:18.302	998.016	1A02WO		model export	1104-PAR-1A02WO-ZZZ-AR-MOD-000001.nwc	56	3 workset(s), element id 100%
10:04:18.303	998.017	1A02WO		model export	1104-PAR-1A02WO-ZZZ-EL-MOD-000001.nwc	28	6 workset(s), element id 100%
10:04:18.304	998.018	1A02WO		model export	1104-PAR-1A02WO-ZZZ-ME-MOD-000001.nwc	311	6 workset(s), element id 100%
10:04:18.304	998.018	1A02WO		model export	1104-PAR-1A02WO-ZZZ-ST-MOD-000001.nwc	23	2 workset(s), element id 100%
10:04:18.329	998.043	1A02WO	SETS	step started	SETS	0	
10:04:18.377	998.090	1A02WO	SETS	census before	models	4	
10:04:18.377	998.091	1A02WO	SETS	census before	sets	62	
10:04:18.378	998.092	1A02WO	SETS	census before	tests	1830	
10:04:18.379	998.093	1A02WO	SETS	census before	results	94	
10:04:18.380	998.093	1A02WO	SETS	census before	views	110	
10:04:19.867	999.581	1A02WO		census after	models	4	
10:04:19.868	999.582	1A02WO		census after	sets	61	
10:04:19.869	999.583	1A02WO		census after	tests	1830	
10:04:19.869	999.583	1A02WO		census after	results	94	
10:04:19.870	999.584	1A02WO		census after	views	110	
10:04:19.914	999.628	1A02WO		step finished	SETS	1.535	0 created, 61 already there, 0 finding items, 0 at zero.
10:04:20.250	999.964	1A02WO	TESTS RUN	step started	TESTS RUN	0	
10:04:20.269	999.983	1A02WO	TESTS RUN	census before	models	4	
10:04:20.269	999.984	1A02WO	TESTS RUN	census before	sets	61	
10:04:20.270	999.984	1A02WO	TESTS RUN	census before	tests	1830	
10:04:20.271	999.985	1A02WO	TESTS RUN	census before	results	94	
10:04:20.272	999.986	1A02WO	TESTS RUN	census before	views	110	
10:04:20.499	1000.213	1A02WO		census after	models	4	
10:04:20.500	1000.213	1A02WO		census after	sets	61	
10:04:20.500	1000.214	1A02WO		census after	tests	1830	
10:04:20.500	1000.215	1A02WO		census after	results	94	
10:04:20.502	1000.215	1A02WO		census after	views	110	
10:04:20.515	1000.229	1A02WO		step finished	TESTS RUN	0.289	BLD-AR-Walls-vs-BLD-AR-Floors
10:04:20.611	1000.325	1A02WO	HARVEST	step started	HARVEST	0	
10:04:20.629	1000.342	1A02WO	HARVEST	census before	models	4	
10:04:20.630	1000.343	1A02WO	HARVEST	census before	sets	61	
10:04:20.630	1000.344	1A02WO	HARVEST	census before	tests	1830	
10:04:20.631	1000.345	1A02WO	HARVEST	census before	results	94	
10:04:20.631	1000.345	1A02WO	HARVEST	census before	views	110	
10:04:20.705	1000.418	1A02WO	IMAGES	step started	IMAGES	0	
10:04:20.722	1000.435	1A02WO	IMAGES	census before	models	4	
10:04:20.723	1000.436	1A02WO	IMAGES	census before	sets	61	
10:04:20.723	1000.437	1A02WO	IMAGES	census before	tests	1830	
10:04:20.724	1000.438	1A02WO	IMAGES	census before	results	94	
10:04:20.725	1000.438	1A02WO	IMAGES	census before	views	110	
10:04:20.769	1000.483	1A02WO	HARVEST	census after	models	4	
10:04:20.770	1000.484	1A02WO	HARVEST	census after	sets	61	
10:04:20.771	1000.484	1A02WO	HARVEST	census after	tests	1830	
10:04:20.771	1000.485	1A02WO	HARVEST	census after	results	94	
10:04:20.772	1000.486	1A02WO	HARVEST	census after	views	110	
10:04:20.785	1000.499	1A02WO	HARVEST	step finished	IMAGES	0.102	BLD-AR-Walls-vs-BLD-AR-Floors
10:04:20.976	1000.689	1A02WO		census after	models	4	
10:04:20.977	1000.690	1A02WO		census after	sets	61	
10:04:20.977	1000.691	1A02WO		census after	tests	1830	
10:04:20.978	1000.691	1A02WO		census after	results	94	
10:04:20.979	1000.692	1A02WO		census after	views	110	
10:04:21.021	1000.735	1A02WO		step finished	HARVEST	0.377	BLD-AR-Walls-vs-BLD-AR-Floors
10:04:21.023	1000.736	1A02WO		rows for the workbook	BLD-AR-Walls-vs-BLD-AR-Floors	7	7 in the document
10:04:21.023	1000.737	1A02WO		test found clashes	BLD-AR-Walls-vs-BLD-AR-Floors	7	ran and found clashes
10:04:21.411	1001.125	1A02WO		rows for the workbook	BLD-AR-Windows-vs-BLD-AR-Floors	0	0 in the document
10:04:21.412	1001.125	1A02WO		test passed	BLD-AR-Windows-vs-BLD-AR-Floors	0	ran and found nothing
10:04:21.837	1001.551	1A02WO		rows for the workbook	BLD-AR-Windows-vs-BLD-AR-Walls	3	3 in the document
10:04:21.838	1001.552	1A02WO		test found clashes	BLD-AR-Windows-vs-BLD-AR-Walls	3	ran and found clashes
10:04:22.184	1001.898	1A02WO		rows for the workbook	BLD-AR-Doors-vs-BLD-AR-Floors	1	1 in the document
10:04:22.185	1001.899	1A02WO		test found clashes	BLD-AR-Doors-vs-BLD-AR-Floors	1	ran and found clashes
10:04:22.654	1002.367	1A02WO		rows for the workbook	BLD-AR-Doors-vs-BLD-AR-Walls	5	5 in the document
10:04:22.655	1002.368	1A02WO		test found clashes	BLD-AR-Doors-vs-BLD-AR-Walls	5	ran and found clashes
10:04:22.931	1002.645	1A02WO		rows for the workbook	BLD-AR-Doors-vs-BLD-AR-Windows	0	0 in the document
10:04:22.932	1002.645	1A02WO		test passed	BLD-AR-Doors-vs-BLD-AR-Windows	0	ran and found nothing
10:04:23.219	1002.932	1A02WO		rows for the workbook	BLD-AR-Furniture-vs-BLD-AR-Floors	0	0 in the document
10:04:23.220	1002.933	1A02WO		test passed	BLD-AR-Furniture-vs-BLD-AR-Floors	0	ran and found nothing
10:04:23.604	1003.319	1A02WO		rows for the workbook	BLD-AR-Furniture-vs-BLD-AR-Walls	2	2 in the document
10:04:23.606	1003.320	1A02WO		test found clashes	BLD-AR-Furniture-vs-BLD-AR-Walls	2	ran and found clashes
10:04:23.894	1003.608	1A02WO		rows for the workbook	BLD-AR-Furniture-vs-BLD-AR-Windows	0	0 in the document
10:04:23.895	1003.609	1A02WO		test passed	BLD-AR-Furniture-vs-BLD-AR-Windows	0	ran and found nothing
10:04:24.163	1003.877	1A02WO		rows for the workbook	BLD-AR-Furniture-vs-BLD-AR-Doors	0	0 in the document
10:04:24.164	1003.877	1A02WO		test passed	BLD-AR-Furniture-vs-BLD-AR-Doors	0	ran and found nothing
10:04:24.442	1004.156	1A02WO		rows for the workbook	BLD-ST-Foundation-vs-BLD-AR-Floors	0	0 in the document
10:04:24.442	1004.157	1A02WO		test passed	BLD-ST-Foundation-vs-BLD-AR-Floors	0	ran and found nothing
10:04:24.768	1004.482	1A02WO		rows for the workbook	BLD-ST-Foundation-vs-BLD-AR-Walls	0	0 in the document
10:04:24.769	1004.483	1A02WO		test passed	BLD-ST-Foundation-vs-BLD-AR-Walls	0	ran and found nothing
10:04:25.035	1004.749	1A02WO		rows for the workbook	BLD-ST-Foundation-vs-BLD-AR-Windows	0	0 in the document
10:04:25.036	1004.750	1A02WO		test passed	BLD-ST-Foundation-vs-BLD-AR-Windows	0	ran and found nothing
10:04:25.304	1005.018	1A02WO		rows for the workbook	BLD-ST-Foundation-vs-BLD-AR-Doors	0	0 in the document
10:04:25.305	1005.019	1A02WO		test passed	BLD-ST-Foundation-vs-BLD-AR-Doors	0	ran and found nothing
10:04:25.599	1005.313	1A02WO		rows for the workbook	BLD-ST-Foundation-vs-BLD-AR-Furniture	0	0 in the document
10:04:25.601	1005.314	1A02WO		test passed	BLD-ST-Foundation-vs-BLD-AR-Furniture	0	ran and found nothing
10:04:26.014	1005.728	1A02WO		rows for the workbook	BLD-ST-Columns-vs-BLD-AR-Floors	4	4 in the document
10:04:26.015	1005.729	1A02WO		test found clashes	BLD-ST-Columns-vs-BLD-AR-Floors	4	ran and found clashes
10:04:26.287	1006.001	1A02WO		rows for the workbook	BLD-ST-Columns-vs-BLD-AR-Walls	0	0 in the document
10:04:26.288	1006.002	1A02WO		test passed	BLD-ST-Columns-vs-BLD-AR-Walls	0	ran and found nothing
10:04:26.551	1006.265	1A02WO		rows for the workbook	BLD-ST-Columns-vs-BLD-AR-Windows	0	0 in the document
10:04:26.552	1006.265	1A02WO		test passed	BLD-ST-Columns-vs-BLD-AR-Windows	0	ran and found nothing
10:04:26.814	1006.527	1A02WO		rows for the workbook	BLD-ST-Columns-vs-BLD-AR-Doors	0	0 in the document
10:04:26.814	1006.528	1A02WO		test passed	BLD-ST-Columns-vs-BLD-AR-Doors	0	ran and found nothing
10:04:27.084	1006.797	1A02WO		rows for the workbook	BLD-ST-Columns-vs-BLD-AR-Furniture	0	0 in the document
10:04:27.085	1006.798	1A02WO		test passed	BLD-ST-Columns-vs-BLD-AR-Furniture	0	ran and found nothing
10:04:27.364	1007.078	1A02WO		rows for the workbook	BLD-ST-Columns-vs-BLD-ST-Foundation	0	0 in the document
10:04:27.364	1007.079	1A02WO		test passed	BLD-ST-Columns-vs-BLD-ST-Foundation	0	ran and found nothing
10:04:27.630	1007.344	1A02WO		rows for the workbook	BLD-ST-Framing-vs-BLD-AR-Floors	0	0 in the document
10:04:27.631	1007.345	1A02WO		test passed	BLD-ST-Framing-vs-BLD-AR-Floors	0	ran and found nothing
10:04:28.048	1007.763	1A02WO		rows for the workbook	BLD-ST-Framing-vs-BLD-AR-Walls	4	4 in the document
10:04:28.049	1007.764	1A02WO		test found clashes	BLD-ST-Framing-vs-BLD-AR-Walls	4	ran and found clashes
10:04:28.328	1008.042	1A02WO		rows for the workbook	BLD-ST-Framing-vs-BLD-AR-Windows	0	0 in the document
10:04:28.329	1008.043	1A02WO		test passed	BLD-ST-Framing-vs-BLD-AR-Windows	0	ran and found nothing
10:04:28.610	1008.324	1A02WO		rows for the workbook	BLD-ST-Framing-vs-BLD-AR-Doors	0	0 in the document
10:04:28.611	1008.324	1A02WO		test passed	BLD-ST-Framing-vs-BLD-AR-Doors	0	ran and found nothing
10:04:28.877	1008.591	1A02WO		rows for the workbook	BLD-ST-Framing-vs-BLD-AR-Furniture	0	0 in the document
10:04:28.878	1008.592	1A02WO		test passed	BLD-ST-Framing-vs-BLD-AR-Furniture	0	ran and found nothing
10:04:29.142	1008.855	1A02WO		rows for the workbook	BLD-ST-Framing-vs-BLD-ST-Foundation	0	0 in the document
10:04:29.142	1008.856	1A02WO		test passed	BLD-ST-Framing-vs-BLD-ST-Foundation	0	ran and found nothing
10:04:29.441	1009.154	1A02WO		rows for the workbook	BLD-ST-Framing-vs-BLD-ST-Columns	0	0 in the document
10:04:29.442	1009.155	1A02WO		test passed	BLD-ST-Framing-vs-BLD-ST-Columns	0	ran and found nothing
10:04:29.711	1009.424	1A02WO		rows for the workbook	BLD-ST-Floors-vs-BLD-AR-Floors	0	0 in the document
10:04:29.712	1009.425	1A02WO		test passed	BLD-ST-Floors-vs-BLD-AR-Floors	0	ran and found nothing
10:04:30.766	1010.479	1A02WO		rows for the workbook	BLD-ST-Floors-vs-BLD-AR-Walls	20	20 in the document
10:04:30.767	1010.480	1A02WO		test found clashes	BLD-ST-Floors-vs-BLD-AR-Walls	20	ran and found clashes
10:04:31.039	1010.753	1A02WO		rows for the workbook	BLD-ST-Floors-vs-BLD-AR-Windows	0	0 in the document
10:04:31.040	1010.754	1A02WO		test passed	BLD-ST-Floors-vs-BLD-AR-Windows	0	ran and found nothing
10:04:31.433	1011.146	1A02WO		rows for the workbook	BLD-ST-Floors-vs-BLD-AR-Doors	0	0 in the document
10:04:31.434	1011.147	1A02WO		test passed	BLD-ST-Floors-vs-BLD-AR-Doors	0	ran and found nothing
10:04:31.714	1011.428	1A02WO		rows for the workbook	BLD-ST-Floors-vs-BLD-AR-Furniture	0	0 in the document
10:04:31.715	1011.429	1A02WO		test passed	BLD-ST-Floors-vs-BLD-AR-Furniture	0	ran and found nothing
10:04:31.995	1011.708	1A02WO		rows for the workbook	BLD-ST-Floors-vs-BLD-ST-Foundation	0	0 in the document
10:04:31.996	1011.709	1A02WO		test passed	BLD-ST-Floors-vs-BLD-ST-Foundation	0	ran and found nothing
10:04:32.259	1011.972	1A02WO		rows for the workbook	BLD-ST-Floors-vs-BLD-ST-Columns	0	0 in the document
10:04:32.260	1011.973	1A02WO		test passed	BLD-ST-Floors-vs-BLD-ST-Columns	0	ran and found nothing
10:04:32.547	1012.261	1A02WO		rows for the workbook	BLD-ST-Floors-vs-BLD-ST-Framing	0	0 in the document
10:04:32.548	1012.262	1A02WO		test passed	BLD-ST-Floors-vs-BLD-ST-Framing	0	ran and found nothing
10:04:32.893	1012.607	1A02WO		rows for the workbook	BLD-ME-Mechanical Equipment-vs-BLD-AR-Floors	0	0 in the document
10:04:32.893	1012.608	1A02WO		test passed	BLD-ME-Mechanical Equipment-vs-BLD-AR-Floors	0	ran and found nothing
10:04:33.220	1012.934	1A02WO		rows for the workbook	BLD-ME-Mechanical Equipment-vs-BLD-AR-Walls	2	2 in the document
10:04:33.221	1012.935	1A02WO		test found clashes	BLD-ME-Mechanical Equipment-vs-BLD-AR-Walls	2	ran and found clashes
10:04:33.500	1013.214	1A02WO		rows for the workbook	BLD-ME-Mechanical Equipment-vs-BLD-AR-Windows	0	0 in the document
10:04:33.501	1013.215	1A02WO		test passed	BLD-ME-Mechanical Equipment-vs-BLD-AR-Windows	0	ran and found nothing
10:04:33.801	1013.515	1A02WO		rows for the workbook	BLD-ME-Mechanical Equipment-vs-BLD-AR-Doors	1	1 in the document
10:04:33.802	1013.516	1A02WO		test found clashes	BLD-ME-Mechanical Equipment-vs-BLD-AR-Doors	1	ran and found clashes
10:04:34.176	1013.890	1A02WO		rows for the workbook	BLD-ME-Mechanical Equipment-vs-BLD-AR-Furniture	0	0 in the document
10:04:34.178	1013.891	1A02WO		test passed	BLD-ME-Mechanical Equipment-vs-BLD-AR-Furniture	0	ran and found nothing
10:04:34.473	1014.187	1A02WO		rows for the workbook	BLD-ME-Mechanical Equipment-vs-BLD-ST-Foundation	0	0 in the document
10:04:34.474	1014.188	1A02WO		test passed	BLD-ME-Mechanical Equipment-vs-BLD-ST-Foundation	0	ran and found nothing
10:04:34.749	1014.463	1A02WO		rows for the workbook	BLD-ME-Mechanical Equipment-vs-BLD-ST-Columns	0	0 in the document
10:04:34.750	1014.464	1A02WO		test passed	BLD-ME-Mechanical Equipment-vs-BLD-ST-Columns	0	ran and found nothing
10:04:35.095	1014.808	1A02WO		rows for the workbook	BLD-ME-Mechanical Equipment-vs-BLD-ST-Framing	1	1 in the document
10:04:35.096	1014.809	1A02WO		test found clashes	BLD-ME-Mechanical Equipment-vs-BLD-ST-Framing	1	ran and found clashes
10:04:35.395	1015.108	1A02WO		rows for the workbook	BLD-ME-Mechanical Equipment-vs-BLD-ST-Floors	0	0 in the document
10:04:35.396	1015.109	1A02WO		test passed	BLD-ME-Mechanical Equipment-vs-BLD-ST-Floors	0	ran and found nothing
10:04:35.786	1015.500	1A02WO		rows for the workbook	BLD-ME-Pipes&Pipe Fittings-vs-BLD-AR-Floors	0	0 in the document
10:04:35.786	1015.501	1A02WO		test passed	BLD-ME-Pipes&Pipe Fittings-vs-BLD-AR-Floors	0	ran and found nothing
10:04:36.062	1015.776	1A02WO		rows for the workbook	BLD-ME-Pipes&Pipe Fittings-vs-BLD-AR-Walls	0	0 in the document
10:04:36.063	1015.777	1A02WO		test passed	BLD-ME-Pipes&Pipe Fittings-vs-BLD-AR-Walls	0	ran and found nothing
10:04:36.362	1016.076	1A02WO		rows for the workbook	BLD-ME-Pipes&Pipe Fittings-vs-BLD-AR-Windows	0	0 in the document
10:04:36.363	1016.077	1A02WO		test passed	BLD-ME-Pipes&Pipe Fittings-vs-BLD-AR-Windows	0	ran and found nothing
10:04:36.649	1016.363	1A02WO		rows for the workbook	BLD-ME-Pipes&Pipe Fittings-vs-BLD-AR-Doors	0	0 in the document
10:04:36.650	1016.364	1A02WO		test passed	BLD-ME-Pipes&Pipe Fittings-vs-BLD-AR-Doors	0	ran and found nothing
10:04:36.969	1016.682	1A02WO		rows for the workbook	BLD-ME-Pipes&Pipe Fittings-vs-BLD-AR-Furniture	0	0 in the document
10:04:36.969	1016.683	1A02WO		test passed	BLD-ME-Pipes&Pipe Fittings-vs-BLD-AR-Furniture	0	ran and found nothing
10:04:37.269	1016.982	1A02WO		rows for the workbook	BLD-ME-Pipes&Pipe Fittings-vs-BLD-ST-Foundation	0	0 in the document
10:04:37.270	1016.983	1A02WO		test passed	BLD-ME-Pipes&Pipe Fittings-vs-BLD-ST-Foundation	0	ran and found nothing
10:04:37.563	1017.277	1A02WO		rows for the workbook	BLD-ME-Pipes&Pipe Fittings-vs-BLD-ST-Columns	0	0 in the document
10:04:37.563	1017.278	1A02WO		test passed	BLD-ME-Pipes&Pipe Fittings-vs-BLD-ST-Columns	0	ran and found nothing
10:04:37.861	1017.575	1A02WO		rows for the workbook	BLD-ME-Pipes&Pipe Fittings-vs-BLD-ST-Framing	0	0 in the document
10:04:37.862	1017.575	1A02WO		test passed	BLD-ME-Pipes&Pipe Fittings-vs-BLD-ST-Framing	0	ran and found nothing
10:04:38.159	1017.872	1A02WO		rows for the workbook	BLD-ME-Pipes&Pipe Fittings-vs-BLD-ST-Floors	0	0 in the document
10:04:38.160	1017.873	1A02WO		test passed	BLD-ME-Pipes&Pipe Fittings-vs-BLD-ST-Floors	0	ran and found nothing
10:04:38.484	1018.197	1A02WO		rows for the workbook	BLD-ME-Pipes&Pipe Fittings-vs-BLD-ME-Mechanical Equipment	0	0 in the document
10:04:38.485	1018.198	1A02WO		test passed	BLD-ME-Pipes&Pipe Fittings-vs-BLD-ME-Mechanical Equipment	0	ran and found nothing
10:04:39.055	1018.769	1A02WO		rows for the workbook	BLD-PL-Mechanical Equipment-vs-BLD-AR-Floors	2	2 in the document
10:04:39.056	1018.770	1A02WO		test found clashes	BLD-PL-Mechanical Equipment-vs-BLD-AR-Floors	2	ran and found clashes
10:04:39.508	1019.222	1A02WO		rows for the workbook	BLD-PL-Mechanical Equipment-vs-BLD-AR-Walls	5	5 in the document
10:04:39.510	1019.223	1A02WO		test found clashes	BLD-PL-Mechanical Equipment-vs-BLD-AR-Walls	5	ran and found clashes
10:04:39.806	1019.520	1A02WO		rows for the workbook	BLD-PL-Mechanical Equipment-vs-BLD-AR-Windows	0	0 in the document
10:04:39.807	1019.520	1A02WO		test passed	BLD-PL-Mechanical Equipment-vs-BLD-AR-Windows	0	ran and found nothing
10:04:40.124	1019.837	1A02WO		rows for the workbook	BLD-PL-Mechanical Equipment-vs-BLD-AR-Doors	1	1 in the document
10:04:40.125	1019.838	1A02WO		test found clashes	BLD-PL-Mechanical Equipment-vs-BLD-AR-Doors	1	ran and found clashes
10:04:40.427	1020.140	1A02WO		rows for the workbook	BLD-PL-Mechanical Equipment-vs-BLD-AR-Furniture	0	0 in the document
10:04:40.428	1020.141	1A02WO		test passed	BLD-PL-Mechanical Equipment-vs-BLD-AR-Furniture	0	ran and found nothing
10:04:40.758	1020.472	1A02WO		rows for the workbook	BLD-PL-Mechanical Equipment-vs-BLD-ST-Foundation	0	0 in the document
10:04:40.758	1020.472	1A02WO		test passed	BLD-PL-Mechanical Equipment-vs-BLD-ST-Foundation	0	ran and found nothing
10:04:41.037	1020.750	1A02WO		rows for the workbook	BLD-PL-Mechanical Equipment-vs-BLD-ST-Columns	0	0 in the document
10:04:41.038	1020.751	1A02WO		test passed	BLD-PL-Mechanical Equipment-vs-BLD-ST-Columns	0	ran and found nothing
10:04:41.388	1021.101	1A02WO		rows for the workbook	BLD-PL-Mechanical Equipment-vs-BLD-ST-Framing	2	2 in the document
10:04:41.388	1021.102	1A02WO		test found clashes	BLD-PL-Mechanical Equipment-vs-BLD-ST-Framing	2	ran and found clashes
10:04:41.700	1021.413	1A02WO		rows for the workbook	BLD-PL-Mechanical Equipment-vs-BLD-ST-Floors	1	1 in the document
10:04:41.700	1021.414	1A02WO		test found clashes	BLD-PL-Mechanical Equipment-vs-BLD-ST-Floors	1	ran and found clashes
10:04:41.976	1021.689	1A02WO		rows for the workbook	BLD-PL-Mechanical Equipment-vs-BLD-ME-Mechanical Equipment	0	0 in the document
10:04:41.977	1021.690	1A02WO		test passed	BLD-PL-Mechanical Equipment-vs-BLD-ME-Mechanical Equipment	0	ran and found nothing
10:04:42.254	1021.967	1A02WO		rows for the workbook	BLD-PL-Mechanical Equipment-vs-BLD-ME-Pipes&Pipe Fittings	0	0 in the document
10:04:42.255	1021.968	1A02WO		test passed	BLD-PL-Mechanical Equipment-vs-BLD-ME-Pipes&Pipe Fittings	0	ran and found nothing
10:04:42.644	1022.358	1A02WO		rows for the workbook	BLD-PL-Pipes & Pipe Fittings-vs-BLD-AR-Floors	1	1 in the document
10:04:42.645	1022.359	1A02WO		test found clashes	BLD-PL-Pipes & Pipe Fittings-vs-BLD-AR-Floors	1	ran and found clashes
10:04:42.982	1022.696	1A02WO		rows for the workbook	BLD-PL-Pipes & Pipe Fittings-vs-BLD-AR-Walls	1	1 in the document
10:04:42.983	1022.696	1A02WO		test found clashes	BLD-PL-Pipes & Pipe Fittings-vs-BLD-AR-Walls	1	ran and found clashes
10:04:43.285	1022.999	1A02WO		rows for the workbook	BLD-PL-Pipes & Pipe Fittings-vs-BLD-AR-Windows	0	0 in the document
10:04:43.286	1023.000	1A02WO		test passed	BLD-PL-Pipes & Pipe Fittings-vs-BLD-AR-Windows	0	ran and found nothing
10:04:43.565	1023.278	1A02WO		rows for the workbook	BLD-PL-Pipes & Pipe Fittings-vs-BLD-AR-Doors	0	0 in the document
10:04:43.565	1023.279	1A02WO		test passed	BLD-PL-Pipes & Pipe Fittings-vs-BLD-AR-Doors	0	ran and found nothing
10:04:43.851	1023.564	1A02WO		rows for the workbook	BLD-PL-Pipes & Pipe Fittings-vs-BLD-AR-Furniture	0	0 in the document
10:04:43.852	1023.565	1A02WO		test passed	BLD-PL-Pipes & Pipe Fittings-vs-BLD-AR-Furniture	0	ran and found nothing
10:04:44.179	1023.893	1A02WO		rows for the workbook	BLD-PL-Pipes & Pipe Fittings-vs-BLD-ST-Foundation	0	0 in the document
10:04:44.179	1023.894	1A02WO		test passed	BLD-PL-Pipes & Pipe Fittings-vs-BLD-ST-Foundation	0	ran and found nothing
10:04:44.472	1024.186	1A02WO		rows for the workbook	BLD-PL-Pipes & Pipe Fittings-vs-BLD-ST-Columns	0	0 in the document
10:04:44.473	1024.187	1A02WO		test passed	BLD-PL-Pipes & Pipe Fittings-vs-BLD-ST-Columns	0	ran and found nothing
10:04:44.826	1024.540	1A02WO		rows for the workbook	BLD-PL-Pipes & Pipe Fittings-vs-BLD-ST-Framing	2	2 in the document
10:04:44.827	1024.541	1A02WO		test found clashes	BLD-PL-Pipes & Pipe Fittings-vs-BLD-ST-Framing	2	ran and found clashes
10:04:45.111	1024.825	1A02WO		rows for the workbook	BLD-PL-Pipes & Pipe Fittings-vs-BLD-ST-Floors	0	0 in the document
10:04:45.112	1024.826	1A02WO		test passed	BLD-PL-Pipes & Pipe Fittings-vs-BLD-ST-Floors	0	ran and found nothing
10:04:45.392	1025.106	1A02WO		rows for the workbook	BLD-PL-Pipes & Pipe Fittings-vs-BLD-ME-Mechanical Equipment	0	0 in the document
10:04:45.393	1025.107	1A02WO		test passed	BLD-PL-Pipes & Pipe Fittings-vs-BLD-ME-Mechanical Equipment	0	ran and found nothing
10:04:45.751	1025.464	1A02WO		rows for the workbook	BLD-PL-Pipes & Pipe Fittings-vs-BLD-ME-Pipes&Pipe Fittings	0	0 in the document
10:04:45.752	1025.465	1A02WO		test passed	BLD-PL-Pipes & Pipe Fittings-vs-BLD-ME-Pipes&Pipe Fittings	0	ran and found nothing
10:04:46.102	1025.816	1A02WO		rows for the workbook	BLD-PL-Pipes & Pipe Fittings-vs-BLD-PL-Mechanical Equipment	2	2 in the document
10:04:46.103	1025.817	1A02WO		test found clashes	BLD-PL-Pipes & Pipe Fittings-vs-BLD-PL-Mechanical Equipment	2	ran and found clashes
10:04:46.406	1026.120	1A02WO		rows for the workbook	BLD-PL-Pipe Accessories-vs-BLD-AR-Floors	0	0 in the document
10:04:46.407	1026.121	1A02WO		test passed	BLD-PL-Pipe Accessories-vs-BLD-AR-Floors	0	ran and found nothing
10:04:46.721	1026.434	1A02WO		rows for the workbook	BLD-PL-Pipe Accessories-vs-BLD-AR-Walls	0	0 in the document
10:04:46.722	1026.435	1A02WO		test passed	BLD-PL-Pipe Accessories-vs-BLD-AR-Walls	0	ran and found nothing
10:04:46.999	1026.713	1A02WO		rows for the workbook	BLD-PL-Pipe Accessories-vs-BLD-AR-Windows	0	0 in the document
10:04:47.000	1026.714	1A02WO		test passed	BLD-PL-Pipe Accessories-vs-BLD-AR-Windows	0	ran and found nothing
10:04:47.376	1027.089	1A02WO		rows for the workbook	BLD-PL-Pipe Accessories-vs-BLD-AR-Doors	1	1 in the document
10:04:47.377	1027.090	1A02WO		test found clashes	BLD-PL-Pipe Accessories-vs-BLD-AR-Doors	1	ran and found clashes
10:04:47.656	1027.370	1A02WO		rows for the workbook	BLD-PL-Pipe Accessories-vs-BLD-AR-Furniture	0	0 in the document
10:04:47.657	1027.371	1A02WO		test passed	BLD-PL-Pipe Accessories-vs-BLD-AR-Furniture	0	ran and found nothing
10:04:47.939	1027.653	1A02WO		rows for the workbook	BLD-PL-Pipe Accessories-vs-BLD-ST-Foundation	0	0 in the document
10:04:47.939	1027.654	1A02WO		test passed	BLD-PL-Pipe Accessories-vs-BLD-ST-Foundation	0	ran and found nothing
10:04:48.221	1027.934	1A02WO		rows for the workbook	BLD-PL-Pipe Accessories-vs-BLD-ST-Columns	0	0 in the document
10:04:48.222	1027.935	1A02WO		test passed	BLD-PL-Pipe Accessories-vs-BLD-ST-Columns	0	ran and found nothing
10:04:48.507	1028.220	1A02WO		rows for the workbook	BLD-PL-Pipe Accessories-vs-BLD-ST-Framing	0	0 in the document
10:04:48.508	1028.221	1A02WO		test passed	BLD-PL-Pipe Accessories-vs-BLD-ST-Framing	0	ran and found nothing
10:04:48.790	1028.503	1A02WO		rows for the workbook	BLD-PL-Pipe Accessories-vs-BLD-ST-Floors	0	0 in the document
10:04:48.791	1028.504	1A02WO		test passed	BLD-PL-Pipe Accessories-vs-BLD-ST-Floors	0	ran and found nothing
10:04:49.139	1028.853	1A02WO		rows for the workbook	BLD-PL-Pipe Accessories-vs-BLD-ME-Mechanical Equipment	0	0 in the document
10:04:49.140	1028.853	1A02WO		test passed	BLD-PL-Pipe Accessories-vs-BLD-ME-Mechanical Equipment	0	ran and found nothing
10:04:49.428	1029.141	1A02WO		rows for the workbook	BLD-PL-Pipe Accessories-vs-BLD-ME-Pipes&Pipe Fittings	0	0 in the document
10:04:49.429	1029.142	1A02WO		test passed	BLD-PL-Pipe Accessories-vs-BLD-ME-Pipes&Pipe Fittings	0	ran and found nothing
10:04:49.741	1029.454	1A02WO		rows for the workbook	BLD-PL-Pipe Accessories-vs-BLD-PL-Mechanical Equipment	0	0 in the document
10:04:49.741	1029.455	1A02WO		test passed	BLD-PL-Pipe Accessories-vs-BLD-PL-Mechanical Equipment	0	ran and found nothing
10:04:50.071	1029.785	1A02WO		rows for the workbook	BLD-PL-Pipe Accessories-vs-BLD-PL-Pipes & Pipe Fittings	1	1 in the document
10:04:50.072	1029.786	1A02WO		test found clashes	BLD-PL-Pipe Accessories-vs-BLD-PL-Pipes & Pipe Fittings	1	ran and found clashes
10:04:50.678	1030.392	1A02WO		rows for the workbook	BLD-DR-Pipes & Pipe Fittings-vs-BLD-AR-Floors	5	5 in the document
10:04:50.679	1030.393	1A02WO		test found clashes	BLD-DR-Pipes & Pipe Fittings-vs-BLD-AR-Floors	5	ran and found clashes
10:04:51.128	1030.842	1A02WO		rows for the workbook	BLD-DR-Pipes & Pipe Fittings-vs-BLD-AR-Walls	3	3 in the document
10:04:51.129	1030.843	1A02WO		test found clashes	BLD-DR-Pipes & Pipe Fittings-vs-BLD-AR-Walls	3	ran and found clashes
10:04:51.444	1031.158	1A02WO		rows for the workbook	BLD-DR-Pipes & Pipe Fittings-vs-BLD-AR-Windows	0	0 in the document
10:04:51.445	1031.158	1A02WO		test passed	BLD-DR-Pipes & Pipe Fittings-vs-BLD-AR-Windows	0	ran and found nothing
10:04:51.759	1031.473	1A02WO		rows for the workbook	BLD-DR-Pipes & Pipe Fittings-vs-BLD-AR-Doors	0	0 in the document
10:04:51.760	1031.474	1A02WO		test passed	BLD-DR-Pipes & Pipe Fittings-vs-BLD-AR-Doors	0	ran and found nothing
10:04:52.041	1031.754	1A02WO		rows for the workbook	BLD-DR-Pipes & Pipe Fittings-vs-BLD-AR-Furniture	0	0 in the document
10:04:52.041	1031.755	1A02WO		test passed	BLD-DR-Pipes & Pipe Fittings-vs-BLD-AR-Furniture	0	ran and found nothing
10:04:52.314	1032.028	1A02WO		rows for the workbook	BLD-DR-Pipes & Pipe Fittings-vs-BLD-ST-Foundation	0	0 in the document
10:04:52.315	1032.028	1A02WO		test passed	BLD-DR-Pipes & Pipe Fittings-vs-BLD-ST-Foundation	0	ran and found nothing
10:04:52.600	1032.314	1A02WO		rows for the workbook	BLD-DR-Pipes & Pipe Fittings-vs-BLD-ST-Columns	0	0 in the document
10:04:52.601	1032.314	1A02WO		test passed	BLD-DR-Pipes & Pipe Fittings-vs-BLD-ST-Columns	0	ran and found nothing
10:04:53.087	1032.801	1A02WO		rows for the workbook	BLD-DR-Pipes & Pipe Fittings-vs-BLD-ST-Framing	5	5 in the document
10:04:53.088	1032.802	1A02WO		test found clashes	BLD-DR-Pipes & Pipe Fittings-vs-BLD-ST-Framing	5	ran and found clashes
10:04:53.651	1033.364	1A02WO		rows for the workbook	BLD-DR-Pipes & Pipe Fittings-vs-BLD-ST-Floors	6	6 in the document
10:04:53.652	1033.365	1A02WO		test found clashes	BLD-DR-Pipes & Pipe Fittings-vs-BLD-ST-Floors	6	ran and found clashes
10:04:54.008	1033.722	1A02WO		rows for the workbook	BLD-DR-Pipes & Pipe Fittings-vs-BLD-ME-Mechanical Equipment	2	2 in the document
10:04:54.009	1033.723	1A02WO		test found clashes	BLD-DR-Pipes & Pipe Fittings-vs-BLD-ME-Mechanical Equipment	2	ran and found clashes
10:04:54.288	1034.002	1A02WO		rows for the workbook	BLD-DR-Pipes & Pipe Fittings-vs-BLD-ME-Pipes&Pipe Fittings	0	0 in the document
10:04:54.288	1034.003	1A02WO		test passed	BLD-DR-Pipes & Pipe Fittings-vs-BLD-ME-Pipes&Pipe Fittings	0	ran and found nothing
10:04:54.583	1034.297	1A02WO		rows for the workbook	BLD-DR-Pipes & Pipe Fittings-vs-BLD-PL-Mechanical Equipment	0	0 in the document
10:04:54.583	1034.298	1A02WO		test passed	BLD-DR-Pipes & Pipe Fittings-vs-BLD-PL-Mechanical Equipment	0	ran and found nothing
10:04:54.862	1034.575	1A02WO		rows for the workbook	BLD-DR-Pipes & Pipe Fittings-vs-BLD-PL-Pipes & Pipe Fittings	0	0 in the document
10:04:54.862	1034.576	1A02WO		test passed	BLD-DR-Pipes & Pipe Fittings-vs-BLD-PL-Pipes & Pipe Fittings	0	ran and found nothing
10:04:55.195	1034.909	1A02WO		rows for the workbook	BLD-DR-Pipes & Pipe Fittings-vs-BLD-PL-Pipe Accessories	0	0 in the document
10:04:55.196	1034.909	1A02WO		test passed	BLD-DR-Pipes & Pipe Fittings-vs-BLD-PL-Pipe Accessories	0	ran and found nothing
10:04:55.513	1035.227	1A02WO		rows for the workbook	BLD-DR-Plumbing Fixtures-vs-BLD-AR-Floors	0	0 in the document
10:04:55.515	1035.228	1A02WO		test passed	BLD-DR-Plumbing Fixtures-vs-BLD-AR-Floors	0	ran and found nothing
10:04:55.897	1035.611	1A02WO		rows for the workbook	BLD-DR-Plumbing Fixtures-vs-BLD-AR-Walls	2	2 in the document
10:04:55.898	1035.612	1A02WO		test found clashes	BLD-DR-Plumbing Fixtures-vs-BLD-AR-Walls	2	ran and found clashes
10:04:56.181	1035.894	1A02WO		rows for the workbook	BLD-DR-Plumbing Fixtures-vs-BLD-AR-Windows	0	0 in the document
10:04:56.182	1035.895	1A02WO		test passed	BLD-DR-Plumbing Fixtures-vs-BLD-AR-Windows	0	ran and found nothing
10:04:56.501	1036.215	1A02WO		rows for the workbook	BLD-DR-Plumbing Fixtures-vs-BLD-AR-Doors	0	0 in the document
10:04:56.502	1036.216	1A02WO		test passed	BLD-DR-Plumbing Fixtures-vs-BLD-AR-Doors	0	ran and found nothing
10:04:56.786	1036.499	1A02WO		rows for the workbook	BLD-DR-Plumbing Fixtures-vs-BLD-AR-Furniture	0	0 in the document
10:04:56.787	1036.500	1A02WO		test passed	BLD-DR-Plumbing Fixtures-vs-BLD-AR-Furniture	0	ran and found nothing
10:04:57.071	1036.784	1A02WO		rows for the workbook	BLD-DR-Plumbing Fixtures-vs-BLD-ST-Foundation	0	0 in the document
10:04:57.072	1036.785	1A02WO		test passed	BLD-DR-Plumbing Fixtures-vs-BLD-ST-Foundation	0	ran and found nothing
10:04:57.362	1037.075	1A02WO		rows for the workbook	BLD-DR-Plumbing Fixtures-vs-BLD-ST-Columns	0	0 in the document
10:04:57.362	1037.076	1A02WO		test passed	BLD-DR-Plumbing Fixtures-vs-BLD-ST-Columns	0	ran and found nothing
10:04:57.662	1037.376	1A02WO		rows for the workbook	BLD-DR-Plumbing Fixtures-vs-BLD-ST-Framing	0	0 in the document
10:04:57.663	1037.376	1A02WO		test passed	BLD-DR-Plumbing Fixtures-vs-BLD-ST-Framing	0	ran and found nothing
10:04:58.017	1037.731	1A02WO		rows for the workbook	BLD-DR-Plumbing Fixtures-vs-BLD-ST-Floors	0	0 in the document
10:04:58.018	1037.732	1A02WO		test passed	BLD-DR-Plumbing Fixtures-vs-BLD-ST-Floors	0	ran and found nothing
10:04:58.301	1038.015	1A02WO		rows for the workbook	BLD-DR-Plumbing Fixtures-vs-BLD-ME-Mechanical Equipment	0	0 in the document
10:04:58.302	1038.016	1A02WO		test passed	BLD-DR-Plumbing Fixtures-vs-BLD-ME-Mechanical Equipment	0	ran and found nothing
10:04:58.583	1038.297	1A02WO		rows for the workbook	BLD-DR-Plumbing Fixtures-vs-BLD-ME-Pipes&Pipe Fittings	0	0 in the document
10:04:58.584	1038.297	1A02WO		test passed	BLD-DR-Plumbing Fixtures-vs-BLD-ME-Pipes&Pipe Fittings	0	ran and found nothing
10:04:58.864	1038.578	1A02WO		rows for the workbook	BLD-DR-Plumbing Fixtures-vs-BLD-PL-Mechanical Equipment	0	0 in the document
10:04:58.865	1038.579	1A02WO		test passed	BLD-DR-Plumbing Fixtures-vs-BLD-PL-Mechanical Equipment	0	ran and found nothing
10:04:59.144	1038.858	1A02WO		rows for the workbook	BLD-DR-Plumbing Fixtures-vs-BLD-PL-Pipes & Pipe Fittings	0	0 in the document
10:04:59.145	1038.859	1A02WO		test passed	BLD-DR-Plumbing Fixtures-vs-BLD-PL-Pipes & Pipe Fittings	0	ran and found nothing
10:04:59.493	1039.207	1A02WO		rows for the workbook	BLD-DR-Plumbing Fixtures-vs-BLD-PL-Pipe Accessories	0	0 in the document
10:04:59.494	1039.208	1A02WO		test passed	BLD-DR-Plumbing Fixtures-vs-BLD-PL-Pipe Accessories	0	ran and found nothing
10:04:59.772	1039.486	1A02WO		rows for the workbook	BLD-DR-Plumbing Fixtures-vs-BLD-DR-Pipes & Pipe Fittings	0	0 in the document
10:04:59.773	1039.486	1A02WO		test passed	BLD-DR-Plumbing Fixtures-vs-BLD-DR-Pipes & Pipe Fittings	0	ran and found nothing
10:05:00.087	1039.800	1A02WO		rows for the workbook	BLD-EL-Electrical Equipment-vs-BLD-AR-Floors	0	0 in the document
10:05:00.087	1039.801	1A02WO		test passed	BLD-EL-Electrical Equipment-vs-BLD-AR-Floors	0	ran and found nothing
10:05:00.352	1040.066	1A02WO		rows for the workbook	BLD-EL-Electrical Equipment-vs-BLD-AR-Walls	0	0 in the document
10:05:00.353	1040.067	1A02WO		test passed	BLD-EL-Electrical Equipment-vs-BLD-AR-Walls	0	ran and found nothing
10:05:00.675	1040.389	1A02WO		rows for the workbook	BLD-EL-Electrical Equipment-vs-BLD-AR-Windows	0	0 in the document
10:05:00.676	1040.390	1A02WO		test passed	BLD-EL-Electrical Equipment-vs-BLD-AR-Windows	0	ran and found nothing
10:05:00.965	1040.678	1A02WO		rows for the workbook	BLD-EL-Electrical Equipment-vs-BLD-AR-Doors	0	0 in the document
10:05:00.966	1040.679	1A02WO		test passed	BLD-EL-Electrical Equipment-vs-BLD-AR-Doors	0	ran and found nothing
10:05:01.262	1040.975	1A02WO		rows for the workbook	BLD-EL-Electrical Equipment-vs-BLD-AR-Furniture	0	0 in the document
10:05:01.263	1040.976	1A02WO		test passed	BLD-EL-Electrical Equipment-vs-BLD-AR-Furniture	0	ran and found nothing
10:05:01.536	1041.249	1A02WO		rows for the workbook	BLD-EL-Electrical Equipment-vs-BLD-ST-Foundation	0	0 in the document
10:05:01.537	1041.250	1A02WO		test passed	BLD-EL-Electrical Equipment-vs-BLD-ST-Foundation	0	ran and found nothing
10:05:01.818	1041.531	1A02WO		rows for the workbook	BLD-EL-Electrical Equipment-vs-BLD-ST-Columns	0	0 in the document
10:05:01.819	1041.532	1A02WO		test passed	BLD-EL-Electrical Equipment-vs-BLD-ST-Columns	0	ran and found nothing
10:05:02.150	1041.864	1A02WO		rows for the workbook	BLD-EL-Electrical Equipment-vs-BLD-ST-Framing	0	0 in the document
10:05:02.151	1041.865	1A02WO		test passed	BLD-EL-Electrical Equipment-vs-BLD-ST-Framing	0	ran and found nothing
10:05:02.425	1042.139	1A02WO		rows for the workbook	BLD-EL-Electrical Equipment-vs-BLD-ST-Floors	0	0 in the document
10:05:02.426	1042.140	1A02WO		test passed	BLD-EL-Electrical Equipment-vs-BLD-ST-Floors	0	ran and found nothing
10:05:02.705	1042.419	1A02WO		rows for the workbook	BLD-EL-Electrical Equipment-vs-BLD-ME-Mechanical Equipment	0	0 in the document
10:05:02.706	1042.420	1A02WO		test passed	BLD-EL-Electrical Equipment-vs-BLD-ME-Mechanical Equipment	0	ran and found nothing
10:05:02.990	1042.703	1A02WO		rows for the workbook	BLD-EL-Electrical Equipment-vs-BLD-ME-Pipes&Pipe Fittings	0	0 in the document
10:05:02.991	1042.704	1A02WO		test passed	BLD-EL-Electrical Equipment-vs-BLD-ME-Pipes&Pipe Fittings	0	ran and found nothing
10:05:03.266	1042.979	1A02WO		rows for the workbook	BLD-EL-Electrical Equipment-vs-BLD-PL-Mechanical Equipment	0	0 in the document
10:05:03.267	1042.980	1A02WO		test passed	BLD-EL-Electrical Equipment-vs-BLD-PL-Mechanical Equipment	0	ran and found nothing
10:05:03.566	1043.280	1A02WO		rows for the workbook	BLD-EL-Electrical Equipment-vs-BLD-PL-Pipes & Pipe Fittings	0	0 in the document
10:05:03.567	1043.281	1A02WO		test passed	BLD-EL-Electrical Equipment-vs-BLD-PL-Pipes & Pipe Fittings	0	ran and found nothing
10:05:03.925	1043.639	1A02WO		rows for the workbook	BLD-EL-Electrical Equipment-vs-BLD-PL-Pipe Accessories	0	0 in the document
10:05:03.934	1043.648	1A02WO		test passed	BLD-EL-Electrical Equipment-vs-BLD-PL-Pipe Accessories	0	ran and found nothing
10:05:04.205	1043.918	1A02WO		rows for the workbook	BLD-EL-Electrical Equipment-vs-BLD-DR-Pipes & Pipe Fittings	0	0 in the document
10:05:04.206	1043.919	1A02WO		test passed	BLD-EL-Electrical Equipment-vs-BLD-DR-Pipes & Pipe Fittings	0	ran and found nothing
10:05:04.485	1044.198	1A02WO		rows for the workbook	BLD-EL-Electrical Equipment-vs-BLD-DR-Plumbing Fixtures	0	0 in the document
10:05:04.486	1044.199	1A02WO		test passed	BLD-EL-Electrical Equipment-vs-BLD-DR-Plumbing Fixtures	0	ran and found nothing
10:05:04.786	1044.499	1A02WO		rows for the workbook	BLD-EL-Electrical Fixtures-vs-BLD-AR-Floors	0	0 in the document
10:05:04.787	1044.500	1A02WO		test passed	BLD-EL-Electrical Fixtures-vs-BLD-AR-Floors	0	ran and found nothing
10:05:05.065	1044.778	1A02WO		rows for the workbook	BLD-EL-Electrical Fixtures-vs-BLD-AR-Walls	0	0 in the document
10:05:05.066	1044.779	1A02WO		test passed	BLD-EL-Electrical Fixtures-vs-BLD-AR-Walls	0	ran and found nothing
10:05:05.392	1045.106	1A02WO		rows for the workbook	BLD-EL-Electrical Fixtures-vs-BLD-AR-Windows	0	0 in the document
10:05:05.392	1045.107	1A02WO		test passed	BLD-EL-Electrical Fixtures-vs-BLD-AR-Windows	0	ran and found nothing
10:05:05.671	1045.385	1A02WO		rows for the workbook	BLD-EL-Electrical Fixtures-vs-BLD-AR-Doors	0	0 in the document
10:05:05.672	1045.386	1A02WO		test passed	BLD-EL-Electrical Fixtures-vs-BLD-AR-Doors	0	ran and found nothing
10:05:05.955	1045.669	1A02WO		rows for the workbook	BLD-EL-Electrical Fixtures-vs-BLD-AR-Furniture	0	0 in the document
10:05:05.956	1045.670	1A02WO		test passed	BLD-EL-Electrical Fixtures-vs-BLD-AR-Furniture	0	ran and found nothing
10:05:06.237	1045.950	1A02WO		rows for the workbook	BLD-EL-Electrical Fixtures-vs-BLD-ST-Foundation	0	0 in the document
10:05:06.238	1045.951	1A02WO		test passed	BLD-EL-Electrical Fixtures-vs-BLD-ST-Foundation	0	ran and found nothing
10:05:06.520	1046.234	1A02WO		rows for the workbook	BLD-EL-Electrical Fixtures-vs-BLD-ST-Columns	0	0 in the document
10:05:06.521	1046.234	1A02WO		test passed	BLD-EL-Electrical Fixtures-vs-BLD-ST-Columns	0	ran and found nothing
10:05:06.801	1046.515	1A02WO		rows for the workbook	BLD-EL-Electrical Fixtures-vs-BLD-ST-Framing	0	0 in the document
10:05:06.802	1046.516	1A02WO		test passed	BLD-EL-Electrical Fixtures-vs-BLD-ST-Framing	0	ran and found nothing
10:05:07.128	1046.841	1A02WO		rows for the workbook	BLD-EL-Electrical Fixtures-vs-BLD-ST-Floors	0	0 in the document
10:05:07.129	1046.842	1A02WO		test passed	BLD-EL-Electrical Fixtures-vs-BLD-ST-Floors	0	ran and found nothing
10:05:07.433	1047.147	1A02WO		rows for the workbook	BLD-EL-Electrical Fixtures-vs-BLD-ME-Mechanical Equipment	0	0 in the document
10:05:07.441	1047.155	1A02WO		test passed	BLD-EL-Electrical Fixtures-vs-BLD-ME-Mechanical Equipment	0	ran and found nothing
10:05:07.723	1047.437	1A02WO		rows for the workbook	BLD-EL-Electrical Fixtures-vs-BLD-ME-Pipes&Pipe Fittings	0	0 in the document
10:05:07.724	1047.437	1A02WO		test passed	BLD-EL-Electrical Fixtures-vs-BLD-ME-Pipes&Pipe Fittings	0	ran and found nothing
10:05:08.004	1047.718	1A02WO		rows for the workbook	BLD-EL-Electrical Fixtures-vs-BLD-PL-Mechanical Equipment	0	0 in the document
10:05:08.005	1047.719	1A02WO		test passed	BLD-EL-Electrical Fixtures-vs-BLD-PL-Mechanical Equipment	0	ran and found nothing
10:05:08.327	1048.041	1A02WO		rows for the workbook	BLD-EL-Electrical Fixtures-vs-BLD-PL-Pipes & Pipe Fittings	0	0 in the document
10:05:08.328	1048.042	1A02WO		test passed	BLD-EL-Electrical Fixtures-vs-BLD-PL-Pipes & Pipe Fittings	0	ran and found nothing
10:05:08.618	1048.332	1A02WO		rows for the workbook	BLD-EL-Electrical Fixtures-vs-BLD-PL-Pipe Accessories	0	0 in the document
10:05:08.619	1048.333	1A02WO		test passed	BLD-EL-Electrical Fixtures-vs-BLD-PL-Pipe Accessories	0	ran and found nothing
10:05:08.884	1048.598	1A02WO		rows for the workbook	BLD-EL-Electrical Fixtures-vs-BLD-DR-Pipes & Pipe Fittings	0	0 in the document
10:05:08.885	1048.598	1A02WO		test passed	BLD-EL-Electrical Fixtures-vs-BLD-DR-Pipes & Pipe Fittings	0	ran and found nothing
10:05:09.173	1048.887	1A02WO		rows for the workbook	BLD-EL-Electrical Fixtures-vs-BLD-DR-Plumbing Fixtures	0	0 in the document
10:05:09.174	1048.888	1A02WO		test passed	BLD-EL-Electrical Fixtures-vs-BLD-DR-Plumbing Fixtures	0	ran and found nothing
10:05:09.471	1049.185	1A02WO		rows for the workbook	BLD-EL-Electrical Fixtures-vs-BLD-EL-Electrical Equipment	0	0 in the document
10:05:09.472	1049.185	1A02WO		test passed	BLD-EL-Electrical Fixtures-vs-BLD-EL-Electrical Equipment	0	ran and found nothing
10:05:09.815	1049.529	1A02WO		rows for the workbook	BLD-EL-Conduits & Conduit Fittings-vs-BLD-AR-Floors	0	0 in the document
10:05:09.817	1049.530	1A02WO		test passed	BLD-EL-Conduits & Conduit Fittings-vs-BLD-AR-Floors	0	ran and found nothing
10:05:10.110	1049.824	1A02WO		rows for the workbook	BLD-EL-Conduits & Conduit Fittings-vs-BLD-AR-Walls	0	0 in the document
10:05:10.110	1049.825	1A02WO		test passed	BLD-EL-Conduits & Conduit Fittings-vs-BLD-AR-Walls	0	ran and found nothing
10:05:10.391	1050.105	1A02WO		rows for the workbook	BLD-EL-Conduits & Conduit Fittings-vs-BLD-AR-Windows	0	0 in the document
10:05:10.392	1050.106	1A02WO		test passed	BLD-EL-Conduits & Conduit Fittings-vs-BLD-AR-Windows	0	ran and found nothing
10:05:10.664	1050.378	1A02WO		rows for the workbook	BLD-EL-Conduits & Conduit Fittings-vs-BLD-AR-Doors	0	0 in the document
10:05:10.665	1050.379	1A02WO		test passed	BLD-EL-Conduits & Conduit Fittings-vs-BLD-AR-Doors	0	ran and found nothing
10:05:10.946	1050.659	1A02WO		rows for the workbook	BLD-EL-Conduits & Conduit Fittings-vs-BLD-AR-Furniture	0	0 in the document
10:05:10.946	1050.660	1A02WO		test passed	BLD-EL-Conduits & Conduit Fittings-vs-BLD-AR-Furniture	0	ran and found nothing
10:05:11.220	1050.934	1A02WO		rows for the workbook	BLD-EL-Conduits & Conduit Fittings-vs-BLD-ST-Foundation	0	0 in the document
10:05:11.221	1050.935	1A02WO		test passed	BLD-EL-Conduits & Conduit Fittings-vs-BLD-ST-Foundation	0	ran and found nothing
10:05:11.547	1051.260	1A02WO		rows for the workbook	BLD-EL-Conduits & Conduit Fittings-vs-BLD-ST-Columns	0	0 in the document
10:05:11.548	1051.261	1A02WO		test passed	BLD-EL-Conduits & Conduit Fittings-vs-BLD-ST-Columns	0	ran and found nothing
10:05:11.846	1051.560	1A02WO		rows for the workbook	BLD-EL-Conduits & Conduit Fittings-vs-BLD-ST-Framing	0	0 in the document
10:05:11.847	1051.561	1A02WO		test passed	BLD-EL-Conduits & Conduit Fittings-vs-BLD-ST-Framing	0	ran and found nothing
10:05:12.142	1051.856	1A02WO		rows for the workbook	BLD-EL-Conduits & Conduit Fittings-vs-BLD-ST-Floors	0	0 in the document
10:05:12.143	1051.857	1A02WO		test passed	BLD-EL-Conduits & Conduit Fittings-vs-BLD-ST-Floors	0	ran and found nothing
10:05:12.438	1052.151	1A02WO		rows for the workbook	BLD-EL-Conduits & Conduit Fittings-vs-BLD-ME-Mechanical Equipment	0	0 in the document
10:05:12.439	1052.152	1A02WO		test passed	BLD-EL-Conduits & Conduit Fittings-vs-BLD-ME-Mechanical Equipment	0	ran and found nothing
10:05:12.695	1052.408	1A02WO		rows for the workbook	BLD-EL-Conduits & Conduit Fittings-vs-BLD-ME-Pipes&Pipe Fittings	0	0 in the document
10:05:12.696	1052.409	1A02WO		test passed	BLD-EL-Conduits & Conduit Fittings-vs-BLD-ME-Pipes&Pipe Fittings	0	ran and found nothing
10:05:13.024	1052.738	1A02WO		rows for the workbook	BLD-EL-Conduits & Conduit Fittings-vs-BLD-PL-Mechanical Equipment	0	0 in the document
10:05:13.025	1052.739	1A02WO		test passed	BLD-EL-Conduits & Conduit Fittings-vs-BLD-PL-Mechanical Equipment	0	ran and found nothing
10:05:13.344	1053.057	1A02WO		rows for the workbook	BLD-EL-Conduits & Conduit Fittings-vs-BLD-PL-Pipes & Pipe Fittings	0	0 in the document
10:05:13.345	1053.058	1A02WO		test passed	BLD-EL-Conduits & Conduit Fittings-vs-BLD-PL-Pipes & Pipe Fittings	0	ran and found nothing
10:05:13.656	1053.370	1A02WO		rows for the workbook	BLD-EL-Conduits & Conduit Fittings-vs-BLD-PL-Pipe Accessories	0	0 in the document
10:05:13.657	1053.370	1A02WO		test passed	BLD-EL-Conduits & Conduit Fittings-vs-BLD-PL-Pipe Accessories	0	ran and found nothing
10:05:13.956	1053.670	1A02WO		rows for the workbook	BLD-EL-Conduits & Conduit Fittings-vs-BLD-DR-Pipes & Pipe Fittings	0	0 in the document
10:05:13.957	1053.670	1A02WO		test passed	BLD-EL-Conduits & Conduit Fittings-vs-BLD-DR-Pipes & Pipe Fittings	0	ran and found nothing
10:05:14.281	1053.994	1A02WO		rows for the workbook	BLD-EL-Conduits & Conduit Fittings-vs-BLD-DR-Plumbing Fixtures	0	0 in the document
10:05:14.282	1053.995	1A02WO		test passed	BLD-EL-Conduits & Conduit Fittings-vs-BLD-DR-Plumbing Fixtures	0	ran and found nothing
10:05:14.674	1054.387	1A02WO		rows for the workbook	BLD-EL-Conduits & Conduit Fittings-vs-BLD-EL-Electrical Equipment	2	2 in the document
10:05:14.674	1054.388	1A02WO		test found clashes	BLD-EL-Conduits & Conduit Fittings-vs-BLD-EL-Electrical Equipment	2	ran and found clashes
10:05:15.033	1054.747	1A02WO		rows for the workbook	BLD-EL-Conduits & Conduit Fittings-vs-BLD-EL-Electrical Fixtures	0	0 in the document
10:05:15.033	1054.748	1A02WO		test passed	BLD-EL-Conduits & Conduit Fittings-vs-BLD-EL-Electrical Fixtures	0	ran and found nothing
10:05:15.677	1055.391	1A02WO		rows for the workbook	BLD-EL-Lighting Fixtures-vs-BLD-AR-Floors	0	0 in the document
10:05:15.678	1055.392	1A02WO		test passed	BLD-EL-Lighting Fixtures-vs-BLD-AR-Floors	0	ran and found nothing
10:05:15.974	1055.687	1A02WO		rows for the workbook	BLD-EL-Lighting Fixtures-vs-BLD-AR-Walls	0	0 in the document
10:05:15.975	1055.688	1A02WO		test passed	BLD-EL-Lighting Fixtures-vs-BLD-AR-Walls	0	ran and found nothing
10:05:16.259	1055.973	1A02WO		rows for the workbook	BLD-EL-Lighting Fixtures-vs-BLD-AR-Windows	0	0 in the document
10:05:16.259	1055.974	1A02WO		test passed	BLD-EL-Lighting Fixtures-vs-BLD-AR-Windows	0	ran and found nothing
10:05:16.553	1056.266	1A02WO		rows for the workbook	BLD-EL-Lighting Fixtures-vs-BLD-AR-Doors	0	0 in the document
10:05:16.554	1056.267	1A02WO		test passed	BLD-EL-Lighting Fixtures-vs-BLD-AR-Doors	0	ran and found nothing
10:05:16.849	1056.563	1A02WO		rows for the workbook	BLD-EL-Lighting Fixtures-vs-BLD-AR-Furniture	0	0 in the document
10:05:16.850	1056.564	1A02WO		test passed	BLD-EL-Lighting Fixtures-vs-BLD-AR-Furniture	0	ran and found nothing
10:05:17.206	1056.920	1A02WO		rows for the workbook	BLD-EL-Lighting Fixtures-vs-BLD-ST-Foundation	0	0 in the document
10:05:17.207	1056.921	1A02WO		test passed	BLD-EL-Lighting Fixtures-vs-BLD-ST-Foundation	0	ran and found nothing
10:05:17.490	1057.204	1A02WO		rows for the workbook	BLD-EL-Lighting Fixtures-vs-BLD-ST-Columns	0	0 in the document
10:05:17.491	1057.205	1A02WO		test passed	BLD-EL-Lighting Fixtures-vs-BLD-ST-Columns	0	ran and found nothing
10:05:17.767	1057.481	1A02WO		rows for the workbook	BLD-EL-Lighting Fixtures-vs-BLD-ST-Framing	0	0 in the document
10:05:17.768	1057.482	1A02WO		test passed	BLD-EL-Lighting Fixtures-vs-BLD-ST-Framing	0	ran and found nothing
10:05:18.049	1057.762	1A02WO		rows for the workbook	BLD-EL-Lighting Fixtures-vs-BLD-ST-Floors	0	0 in the document
10:05:18.050	1057.763	1A02WO		test passed	BLD-EL-Lighting Fixtures-vs-BLD-ST-Floors	0	ran and found nothing
10:05:18.380	1058.094	1A02WO		rows for the workbook	BLD-EL-Lighting Fixtures-vs-BLD-ME-Mechanical Equipment	0	0 in the document
10:05:18.381	1058.094	1A02WO		test passed	BLD-EL-Lighting Fixtures-vs-BLD-ME-Mechanical Equipment	0	ran and found nothing
10:05:18.723	1058.437	1A02WO		rows for the workbook	BLD-EL-Lighting Fixtures-vs-BLD-ME-Pipes&Pipe Fittings	0	0 in the document
10:05:18.723	1058.438	1A02WO		test passed	BLD-EL-Lighting Fixtures-vs-BLD-ME-Pipes&Pipe Fittings	0	ran and found nothing
10:05:19.007	1058.721	1A02WO		rows for the workbook	BLD-EL-Lighting Fixtures-vs-BLD-PL-Mechanical Equipment	0	0 in the document
10:05:19.008	1058.722	1A02WO		test passed	BLD-EL-Lighting Fixtures-vs-BLD-PL-Mechanical Equipment	0	ran and found nothing
10:05:19.325	1059.039	1A02WO		rows for the workbook	BLD-EL-Lighting Fixtures-vs-BLD-PL-Pipes & Pipe Fittings	0	0 in the document
10:05:19.326	1059.040	1A02WO		test passed	BLD-EL-Lighting Fixtures-vs-BLD-PL-Pipes & Pipe Fittings	0	ran and found nothing
10:05:19.625	1059.339	1A02WO		rows for the workbook	BLD-EL-Lighting Fixtures-vs-BLD-PL-Pipe Accessories	0	0 in the document
10:05:19.626	1059.340	1A02WO		test passed	BLD-EL-Lighting Fixtures-vs-BLD-PL-Pipe Accessories	0	ran and found nothing
10:05:19.952	1059.666	1A02WO		rows for the workbook	BLD-EL-Lighting Fixtures-vs-BLD-DR-Pipes & Pipe Fittings	0	0 in the document
10:05:19.954	1059.667	1A02WO		test passed	BLD-EL-Lighting Fixtures-vs-BLD-DR-Pipes & Pipe Fittings	0	ran and found nothing
10:05:20.257	1059.971	1A02WO		rows for the workbook	BLD-EL-Lighting Fixtures-vs-BLD-DR-Plumbing Fixtures	0	0 in the document
10:05:20.268	1059.982	1A02WO		test passed	BLD-EL-Lighting Fixtures-vs-BLD-DR-Plumbing Fixtures	0	ran and found nothing
10:05:20.609	1060.322	1A02WO		rows for the workbook	BLD-EL-Lighting Fixtures-vs-BLD-EL-Electrical Equipment	0	0 in the document
10:05:20.610	1060.323	1A02WO		test passed	BLD-EL-Lighting Fixtures-vs-BLD-EL-Electrical Equipment	0	ran and found nothing
10:05:20.883	1060.597	1A02WO		rows for the workbook	BLD-EL-Lighting Fixtures-vs-BLD-EL-Electrical Fixtures	0	0 in the document
10:05:20.884	1060.598	1A02WO		test passed	BLD-EL-Lighting Fixtures-vs-BLD-EL-Electrical Fixtures	0	ran and found nothing
10:05:21.234	1060.948	1A02WO		rows for the workbook	BLD-EL-Lighting Fixtures-vs-BLD-EL-Conduits & Conduit Fittings	0	0 in the document
10:05:21.235	1060.949	1A02WO		test passed	BLD-EL-Lighting Fixtures-vs-BLD-EL-Conduits & Conduit Fittings	0	ran and found nothing
10:05:21.564	1061.278	1A02WO		rows for the workbook	BLD-EL-Lighting Devices-vs-BLD-AR-Floors	0	0 in the document
10:05:21.565	1061.279	1A02WO		test passed	BLD-EL-Lighting Devices-vs-BLD-AR-Floors	0	ran and found nothing
10:05:21.943	1061.657	1A02WO		rows for the workbook	BLD-EL-Lighting Devices-vs-BLD-AR-Walls	0	0 in the document
10:05:21.944	1061.658	1A02WO		test passed	BLD-EL-Lighting Devices-vs-BLD-AR-Walls	0	ran and found nothing
10:05:22.238	1061.952	1A02WO		rows for the workbook	BLD-EL-Lighting Devices-vs-BLD-AR-Windows	0	0 in the document
10:05:22.239	1061.953	1A02WO		test passed	BLD-EL-Lighting Devices-vs-BLD-AR-Windows	0	ran and found nothing
10:05:22.524	1062.237	1A02WO		rows for the workbook	BLD-EL-Lighting Devices-vs-BLD-AR-Doors	0	0 in the document
10:05:22.524	1062.238	1A02WO		test passed	BLD-EL-Lighting Devices-vs-BLD-AR-Doors	0	ran and found nothing
10:05:22.799	1062.512	1A02WO		rows for the workbook	BLD-EL-Lighting Devices-vs-BLD-AR-Furniture	0	0 in the document
10:05:22.799	1062.513	1A02WO		test passed	BLD-EL-Lighting Devices-vs-BLD-AR-Furniture	0	ran and found nothing
10:05:23.084	1062.798	1A02WO		rows for the workbook	BLD-EL-Lighting Devices-vs-BLD-ST-Foundation	0	0 in the document
10:05:23.085	1062.798	1A02WO		test passed	BLD-EL-Lighting Devices-vs-BLD-ST-Foundation	0	ran and found nothing
10:05:23.389	1063.102	1A02WO		rows for the workbook	BLD-EL-Lighting Devices-vs-BLD-ST-Columns	0	0 in the document
10:05:23.389	1063.103	1A02WO		test passed	BLD-EL-Lighting Devices-vs-BLD-ST-Columns	0	ran and found nothing
10:05:23.771	1063.485	1A02WO		rows for the workbook	BLD-EL-Lighting Devices-vs-BLD-ST-Framing	0	0 in the document
10:05:23.772	1063.486	1A02WO		test passed	BLD-EL-Lighting Devices-vs-BLD-ST-Framing	0	ran and found nothing
10:05:24.068	1063.782	1A02WO		rows for the workbook	BLD-EL-Lighting Devices-vs-BLD-ST-Floors	0	0 in the document
10:05:24.069	1063.782	1A02WO		test passed	BLD-EL-Lighting Devices-vs-BLD-ST-Floors	0	ran and found nothing
10:05:24.376	1064.089	1A02WO		rows for the workbook	BLD-EL-Lighting Devices-vs-BLD-ME-Mechanical Equipment	0	0 in the document
10:05:24.376	1064.090	1A02WO		test passed	BLD-EL-Lighting Devices-vs-BLD-ME-Mechanical Equipment	0	ran and found nothing
10:05:24.686	1064.399	1A02WO		rows for the workbook	BLD-EL-Lighting Devices-vs-BLD-ME-Pipes&Pipe Fittings	0	0 in the document
10:05:24.687	1064.400	1A02WO		test passed	BLD-EL-Lighting Devices-vs-BLD-ME-Pipes&Pipe Fittings	0	ran and found nothing
10:05:25.001	1064.714	1A02WO		rows for the workbook	BLD-EL-Lighting Devices-vs-BLD-PL-Mechanical Equipment	0	0 in the document
10:05:25.002	1064.715	1A02WO		test passed	BLD-EL-Lighting Devices-vs-BLD-PL-Mechanical Equipment	0	ran and found nothing
10:05:25.299	1065.013	1A02WO		rows for the workbook	BLD-EL-Lighting Devices-vs-BLD-PL-Pipes & Pipe Fittings	0	0 in the document
10:05:25.299	1065.013	1A02WO		test passed	BLD-EL-Lighting Devices-vs-BLD-PL-Pipes & Pipe Fittings	0	ran and found nothing
10:05:25.608	1065.322	1A02WO		rows for the workbook	BLD-EL-Lighting Devices-vs-BLD-PL-Pipe Accessories	0	0 in the document
10:05:25.608	1065.323	1A02WO		test passed	BLD-EL-Lighting Devices-vs-BLD-PL-Pipe Accessories	0	ran and found nothing
10:05:25.868	1065.581	1A02WO		rows for the workbook	BLD-EL-Lighting Devices-vs-BLD-DR-Pipes & Pipe Fittings	0	0 in the document
10:05:25.869	1065.582	1A02WO		test passed	BLD-EL-Lighting Devices-vs-BLD-DR-Pipes & Pipe Fittings	0	ran and found nothing
10:05:26.173	1065.887	1A02WO		rows for the workbook	BLD-EL-Lighting Devices-vs-BLD-DR-Plumbing Fixtures	0	0 in the document
10:05:26.174	1065.888	1A02WO		test passed	BLD-EL-Lighting Devices-vs-BLD-DR-Plumbing Fixtures	0	ran and found nothing
10:05:26.431	1066.145	1A02WO		rows for the workbook	BLD-EL-Lighting Devices-vs-BLD-EL-Electrical Equipment	0	0 in the document
10:05:26.432	1066.146	1A02WO		test passed	BLD-EL-Lighting Devices-vs-BLD-EL-Electrical Equipment	0	ran and found nothing
10:05:26.765	1066.479	1A02WO		rows for the workbook	BLD-EL-Lighting Devices-vs-BLD-EL-Electrical Fixtures	0	0 in the document
10:05:26.766	1066.480	1A02WO		test passed	BLD-EL-Lighting Devices-vs-BLD-EL-Electrical Fixtures	0	ran and found nothing
10:05:27.021	1066.734	1A02WO		rows for the workbook	BLD-EL-Lighting Devices-vs-BLD-EL-Conduits & Conduit Fittings	0	0 in the document
10:05:27.022	1066.735	1A02WO		test passed	BLD-EL-Lighting Devices-vs-BLD-EL-Conduits & Conduit Fittings	0	ran and found nothing
10:05:27.311	1067.025	1A02WO		rows for the workbook	BLD-EL-Lighting Devices-vs-BLD-EL-Lighting Fixtures	0	0 in the document
10:05:27.312	1067.026	1A02WO		test passed	BLD-EL-Lighting Devices-vs-BLD-EL-Lighting Fixtures	0	ran and found nothing
10:05:27.598	1067.311	1A02WO		rows for the workbook	BLD-EL-Fire Alarm Devices-vs-BLD-AR-Floors	0	0 in the document
10:05:27.598	1067.312	1A02WO		test passed	BLD-EL-Fire Alarm Devices-vs-BLD-AR-Floors	0	ran and found nothing
10:05:27.868	1067.582	1A02WO		rows for the workbook	BLD-EL-Fire Alarm Devices-vs-BLD-AR-Walls	0	0 in the document
10:05:27.869	1067.583	1A02WO		test passed	BLD-EL-Fire Alarm Devices-vs-BLD-AR-Walls	0	ran and found nothing
10:05:28.131	1067.845	1A02WO		rows for the workbook	BLD-EL-Fire Alarm Devices-vs-BLD-AR-Windows	0	0 in the document
10:05:28.132	1067.845	1A02WO		test passed	BLD-EL-Fire Alarm Devices-vs-BLD-AR-Windows	0	ran and found nothing
10:05:28.406	1068.120	1A02WO		rows for the workbook	BLD-EL-Fire Alarm Devices-vs-BLD-AR-Doors	0	0 in the document
10:05:28.407	1068.121	1A02WO		test passed	BLD-EL-Fire Alarm Devices-vs-BLD-AR-Doors	0	ran and found nothing
10:05:28.719	1068.432	1A02WO		rows for the workbook	BLD-EL-Fire Alarm Devices-vs-BLD-AR-Furniture	0	0 in the document
10:05:28.719	1068.433	1A02WO		test passed	BLD-EL-Fire Alarm Devices-vs-BLD-AR-Furniture	0	ran and found nothing
10:05:28.974	1068.687	1A02WO		rows for the workbook	BLD-EL-Fire Alarm Devices-vs-BLD-ST-Foundation	0	0 in the document
10:05:28.975	1068.688	1A02WO		test passed	BLD-EL-Fire Alarm Devices-vs-BLD-ST-Foundation	0	ran and found nothing
10:05:29.255	1068.969	1A02WO		rows for the workbook	BLD-EL-Fire Alarm Devices-vs-BLD-ST-Columns	0	0 in the document
10:05:29.256	1068.970	1A02WO		test passed	BLD-EL-Fire Alarm Devices-vs-BLD-ST-Columns	0	ran and found nothing
10:05:29.552	1069.265	1A02WO		rows for the workbook	BLD-EL-Fire Alarm Devices-vs-BLD-ST-Framing	0	0 in the document
10:05:29.553	1069.266	1A02WO		test passed	BLD-EL-Fire Alarm Devices-vs-BLD-ST-Framing	0	ran and found nothing
10:05:29.856	1069.570	1A02WO		rows for the workbook	BLD-EL-Fire Alarm Devices-vs-BLD-ST-Floors	0	0 in the document
10:05:29.857	1069.571	1A02WO		test passed	BLD-EL-Fire Alarm Devices-vs-BLD-ST-Floors	0	ran and found nothing
10:05:30.157	1069.871	1A02WO		rows for the workbook	BLD-EL-Fire Alarm Devices-vs-BLD-ME-Mechanical Equipment	0	0 in the document
10:05:30.158	1069.872	1A02WO		test passed	BLD-EL-Fire Alarm Devices-vs-BLD-ME-Mechanical Equipment	0	ran and found nothing
10:05:30.440	1070.154	1A02WO		rows for the workbook	BLD-EL-Fire Alarm Devices-vs-BLD-ME-Pipes&Pipe Fittings	0	0 in the document
10:05:30.440	1070.155	1A02WO		test passed	BLD-EL-Fire Alarm Devices-vs-BLD-ME-Pipes&Pipe Fittings	0	ran and found nothing
10:05:30.720	1070.434	1A02WO		rows for the workbook	BLD-EL-Fire Alarm Devices-vs-BLD-PL-Mechanical Equipment	0	0 in the document
10:05:30.721	1070.435	1A02WO		test passed	BLD-EL-Fire Alarm Devices-vs-BLD-PL-Mechanical Equipment	0	ran and found nothing
10:05:31.009	1070.722	1A02WO		rows for the workbook	BLD-EL-Fire Alarm Devices-vs-BLD-PL-Pipes & Pipe Fittings	0	0 in the document
10:05:31.010	1070.723	1A02WO		test passed	BLD-EL-Fire Alarm Devices-vs-BLD-PL-Pipes & Pipe Fittings	0	ran and found nothing
10:05:31.297	1071.011	1A02WO		rows for the workbook	BLD-EL-Fire Alarm Devices-vs-BLD-PL-Pipe Accessories	0	0 in the document
10:05:31.297	1071.012	1A02WO		test passed	BLD-EL-Fire Alarm Devices-vs-BLD-PL-Pipe Accessories	0	ran and found nothing
10:05:31.578	1071.292	1A02WO		rows for the workbook	BLD-EL-Fire Alarm Devices-vs-BLD-DR-Pipes & Pipe Fittings	0	0 in the document
10:05:31.579	1071.293	1A02WO		test passed	BLD-EL-Fire Alarm Devices-vs-BLD-DR-Pipes & Pipe Fittings	0	ran and found nothing
10:05:31.868	1071.582	1A02WO		rows for the workbook	BLD-EL-Fire Alarm Devices-vs-BLD-DR-Plumbing Fixtures	0	0 in the document
10:05:31.869	1071.583	1A02WO		test passed	BLD-EL-Fire Alarm Devices-vs-BLD-DR-Plumbing Fixtures	0	ran and found nothing
10:05:32.178	1071.892	1A02WO		rows for the workbook	BLD-EL-Fire Alarm Devices-vs-BLD-EL-Electrical Equipment	0	0 in the document
10:05:32.179	1071.892	1A02WO		test passed	BLD-EL-Fire Alarm Devices-vs-BLD-EL-Electrical Equipment	0	ran and found nothing
10:05:32.460	1072.173	1A02WO		rows for the workbook	BLD-EL-Fire Alarm Devices-vs-BLD-EL-Electrical Fixtures	0	0 in the document
10:05:32.461	1072.174	1A02WO		test passed	BLD-EL-Fire Alarm Devices-vs-BLD-EL-Electrical Fixtures	0	ran and found nothing
10:05:32.743	1072.456	1A02WO		rows for the workbook	BLD-EL-Fire Alarm Devices-vs-BLD-EL-Conduits & Conduit Fittings	0	0 in the document
10:05:32.744	1072.457	1A02WO		test passed	BLD-EL-Fire Alarm Devices-vs-BLD-EL-Conduits & Conduit Fittings	0	ran and found nothing
10:05:33.039	1072.753	1A02WO		rows for the workbook	BLD-EL-Fire Alarm Devices-vs-BLD-EL-Lighting Fixtures	0	0 in the document
10:05:33.040	1072.753	1A02WO		test passed	BLD-EL-Fire Alarm Devices-vs-BLD-EL-Lighting Fixtures	0	ran and found nothing
10:05:33.319	1073.033	1A02WO		rows for the workbook	BLD-EL-Fire Alarm Devices-vs-BLD-EL-Lighting Devices	0	0 in the document
10:05:33.320	1073.034	1A02WO		test passed	BLD-EL-Fire Alarm Devices-vs-BLD-EL-Lighting Devices	0	ran and found nothing
10:05:33.664	1073.378	1A02WO		rows for the workbook	BLD-Security Devices-vs-BLD-AR-Floors	0	0 in the document
10:05:33.665	1073.379	1A02WO		test passed	BLD-Security Devices-vs-BLD-AR-Floors	0	ran and found nothing
10:05:33.931	1073.644	1A02WO		rows for the workbook	BLD-Security Devices-vs-BLD-AR-Walls	0	0 in the document
10:05:33.932	1073.645	1A02WO		test passed	BLD-Security Devices-vs-BLD-AR-Walls	0	ran and found nothing
10:05:34.209	1073.923	1A02WO		rows for the workbook	BLD-Security Devices-vs-BLD-AR-Windows	0	0 in the document
10:05:34.210	1073.924	1A02WO		test passed	BLD-Security Devices-vs-BLD-AR-Windows	0	ran and found nothing
10:05:34.520	1074.233	1A02WO		rows for the workbook	BLD-Security Devices-vs-BLD-AR-Doors	0	0 in the document
10:05:34.521	1074.234	1A02WO		test passed	BLD-Security Devices-vs-BLD-AR-Doors	0	ran and found nothing
10:05:34.815	1074.529	1A02WO		rows for the workbook	BLD-Security Devices-vs-BLD-AR-Furniture	0	0 in the document
10:05:34.816	1074.530	1A02WO		test passed	BLD-Security Devices-vs-BLD-AR-Furniture	0	ran and found nothing
10:05:35.113	1074.826	1A02WO		rows for the workbook	BLD-Security Devices-vs-BLD-ST-Foundation	0	0 in the document
10:05:35.114	1074.827	1A02WO		test passed	BLD-Security Devices-vs-BLD-ST-Foundation	0	ran and found nothing
10:05:35.383	1075.097	1A02WO		rows for the workbook	BLD-Security Devices-vs-BLD-ST-Columns	0	0 in the document
10:05:35.384	1075.098	1A02WO		test passed	BLD-Security Devices-vs-BLD-ST-Columns	0	ran and found nothing
10:05:35.663	1075.376	1A02WO		rows for the workbook	BLD-Security Devices-vs-BLD-ST-Framing	0	0 in the document
10:05:35.664	1075.377	1A02WO		test passed	BLD-Security Devices-vs-BLD-ST-Framing	0	ran and found nothing
10:05:35.945	1075.659	1A02WO		rows for the workbook	BLD-Security Devices-vs-BLD-ST-Floors	0	0 in the document
10:05:35.946	1075.660	1A02WO		test passed	BLD-Security Devices-vs-BLD-ST-Floors	0	ran and found nothing
10:05:36.228	1075.942	1A02WO		rows for the workbook	BLD-Security Devices-vs-BLD-ME-Mechanical Equipment	0	0 in the document
10:05:36.230	1075.943	1A02WO		test passed	BLD-Security Devices-vs-BLD-ME-Mechanical Equipment	0	ran and found nothing
10:05:36.527	1076.241	1A02WO		rows for the workbook	BLD-Security Devices-vs-BLD-ME-Pipes&Pipe Fittings	0	0 in the document
10:05:36.529	1076.242	1A02WO		test passed	BLD-Security Devices-vs-BLD-ME-Pipes&Pipe Fittings	0	ran and found nothing
10:05:36.806	1076.520	1A02WO		rows for the workbook	BLD-Security Devices-vs-BLD-PL-Mechanical Equipment	0	0 in the document
10:05:36.807	1076.521	1A02WO		test passed	BLD-Security Devices-vs-BLD-PL-Mechanical Equipment	0	ran and found nothing
10:05:37.081	1076.794	1A02WO		rows for the workbook	BLD-Security Devices-vs-BLD-PL-Pipes & Pipe Fittings	0	0 in the document
10:05:37.082	1076.795	1A02WO		test passed	BLD-Security Devices-vs-BLD-PL-Pipes & Pipe Fittings	0	ran and found nothing
10:05:37.363	1077.077	1A02WO		rows for the workbook	BLD-Security Devices-vs-BLD-PL-Pipe Accessories	0	0 in the document
10:05:37.364	1077.078	1A02WO		test passed	BLD-Security Devices-vs-BLD-PL-Pipe Accessories	0	ran and found nothing
10:05:37.645	1077.358	1A02WO		rows for the workbook	BLD-Security Devices-vs-BLD-DR-Pipes & Pipe Fittings	0	0 in the document
10:05:37.646	1077.359	1A02WO		test passed	BLD-Security Devices-vs-BLD-DR-Pipes & Pipe Fittings	0	ran and found nothing
10:05:37.926	1077.640	1A02WO		rows for the workbook	BLD-Security Devices-vs-BLD-DR-Plumbing Fixtures	0	0 in the document
10:05:37.927	1077.641	1A02WO		test passed	BLD-Security Devices-vs-BLD-DR-Plumbing Fixtures	0	ran and found nothing
10:05:38.177	1077.891	1A02WO		rows for the workbook	BLD-Security Devices-vs-BLD-EL-Electrical Equipment	0	0 in the document
10:05:38.179	1077.892	1A02WO		test passed	BLD-Security Devices-vs-BLD-EL-Electrical Equipment	0	ran and found nothing
10:05:38.428	1078.142	1A02WO		rows for the workbook	BLD-Security Devices-vs-BLD-EL-Electrical Fixtures	0	0 in the document
10:05:38.428	1078.142	1A02WO		test passed	BLD-Security Devices-vs-BLD-EL-Electrical Fixtures	0	ran and found nothing
10:05:38.677	1078.391	1A02WO		rows for the workbook	BLD-Security Devices-vs-BLD-EL-Conduits & Conduit Fittings	0	0 in the document
10:05:38.677	1078.391	1A02WO		test passed	BLD-Security Devices-vs-BLD-EL-Conduits & Conduit Fittings	0	ran and found nothing
10:05:38.973	1078.686	1A02WO		rows for the workbook	BLD-Security Devices-vs-BLD-EL-Lighting Fixtures	0	0 in the document
10:05:38.973	1078.687	1A02WO		test passed	BLD-Security Devices-vs-BLD-EL-Lighting Fixtures	0	ran and found nothing
10:05:39.243	1078.957	1A02WO		rows for the workbook	BLD-Security Devices-vs-BLD-EL-Lighting Devices	0	0 in the document
10:05:39.243	1078.958	1A02WO		test passed	BLD-Security Devices-vs-BLD-EL-Lighting Devices	0	ran and found nothing
10:05:39.516	1079.229	1A02WO		rows for the workbook	BLD-Security Devices-vs-BLD-EL-Fire Alarm Devices	0	0 in the document
10:05:39.517	1079.230	1A02WO		test passed	BLD-Security Devices-vs-BLD-EL-Fire Alarm Devices	0	ran and found nothing
10:05:39.896	1079.610	1A02WO		rows for the workbook	BLD-EL-Data Devices-vs-BLD-AR-Floors	0	0 in the document
10:05:39.897	1079.611	1A02WO		test passed	BLD-EL-Data Devices-vs-BLD-AR-Floors	0	ran and found nothing
10:05:40.195	1079.909	1A02WO		rows for the workbook	BLD-EL-Data Devices-vs-BLD-AR-Walls	0	0 in the document
10:05:40.196	1079.910	1A02WO		test passed	BLD-EL-Data Devices-vs-BLD-AR-Walls	0	ran and found nothing
10:05:40.488	1080.202	1A02WO		rows for the workbook	BLD-EL-Data Devices-vs-BLD-AR-Windows	0	0 in the document
10:05:40.489	1080.203	1A02WO		test passed	BLD-EL-Data Devices-vs-BLD-AR-Windows	0	ran and found nothing
10:05:40.784	1080.498	1A02WO		rows for the workbook	BLD-EL-Data Devices-vs-BLD-AR-Doors	0	0 in the document
10:05:40.785	1080.499	1A02WO		test passed	BLD-EL-Data Devices-vs-BLD-AR-Doors	0	ran and found nothing
10:05:41.081	1080.794	1A02WO		rows for the workbook	BLD-EL-Data Devices-vs-BLD-AR-Furniture	0	0 in the document
10:05:41.082	1080.796	1A02WO		test passed	BLD-EL-Data Devices-vs-BLD-AR-Furniture	0	ran and found nothing
10:05:41.420	1081.134	1A02WO		rows for the workbook	BLD-EL-Data Devices-vs-BLD-ST-Foundation	0	0 in the document
10:05:41.421	1081.135	1A02WO		test passed	BLD-EL-Data Devices-vs-BLD-ST-Foundation	0	ran and found nothing
10:05:41.742	1081.455	1A02WO		rows for the workbook	BLD-EL-Data Devices-vs-BLD-ST-Columns	0	0 in the document
10:05:41.743	1081.456	1A02WO		test passed	BLD-EL-Data Devices-vs-BLD-ST-Columns	0	ran and found nothing
10:05:42.055	1081.768	1A02WO		rows for the workbook	BLD-EL-Data Devices-vs-BLD-ST-Framing	0	0 in the document
10:05:42.056	1081.769	1A02WO		test passed	BLD-EL-Data Devices-vs-BLD-ST-Framing	0	ran and found nothing
10:05:42.381	1082.095	1A02WO		rows for the workbook	BLD-EL-Data Devices-vs-BLD-ST-Floors	0	0 in the document
10:05:42.382	1082.096	1A02WO		test passed	BLD-EL-Data Devices-vs-BLD-ST-Floors	0	ran and found nothing
10:05:42.709	1082.422	1A02WO		rows for the workbook	BLD-EL-Data Devices-vs-BLD-ME-Mechanical Equipment	0	0 in the document
10:05:42.709	1082.423	1A02WO		test passed	BLD-EL-Data Devices-vs-BLD-ME-Mechanical Equipment	0	ran and found nothing
10:05:43.023	1082.737	1A02WO		rows for the workbook	BLD-EL-Data Devices-vs-BLD-ME-Pipes&Pipe Fittings	0	0 in the document
10:05:43.024	1082.738	1A02WO		test passed	BLD-EL-Data Devices-vs-BLD-ME-Pipes&Pipe Fittings	0	ran and found nothing
10:05:43.315	1083.029	1A02WO		rows for the workbook	BLD-EL-Data Devices-vs-BLD-PL-Mechanical Equipment	0	0 in the document
10:05:43.316	1083.030	1A02WO		test passed	BLD-EL-Data Devices-vs-BLD-PL-Mechanical Equipment	0	ran and found nothing
10:05:43.625	1083.339	1A02WO		rows for the workbook	BLD-EL-Data Devices-vs-BLD-PL-Pipes & Pipe Fittings	0	0 in the document
10:05:43.626	1083.340	1A02WO		test passed	BLD-EL-Data Devices-vs-BLD-PL-Pipes & Pipe Fittings	0	ran and found nothing
10:05:43.925	1083.639	1A02WO		rows for the workbook	BLD-EL-Data Devices-vs-BLD-PL-Pipe Accessories	0	0 in the document
10:05:43.926	1083.640	1A02WO		test passed	BLD-EL-Data Devices-vs-BLD-PL-Pipe Accessories	0	ran and found nothing
10:05:44.220	1083.933	1A02WO		rows for the workbook	BLD-EL-Data Devices-vs-BLD-DR-Pipes & Pipe Fittings	0	0 in the document
10:05:44.220	1083.934	1A02WO		test passed	BLD-EL-Data Devices-vs-BLD-DR-Pipes & Pipe Fittings	0	ran and found nothing
10:05:44.516	1084.230	1A02WO		rows for the workbook	BLD-EL-Data Devices-vs-BLD-DR-Plumbing Fixtures	0	0 in the document
10:05:44.516	1084.230	1A02WO		test passed	BLD-EL-Data Devices-vs-BLD-DR-Plumbing Fixtures	0	ran and found nothing
10:05:44.843	1084.557	1A02WO		rows for the workbook	BLD-EL-Data Devices-vs-BLD-EL-Electrical Equipment	0	0 in the document
10:05:44.844	1084.558	1A02WO		test passed	BLD-EL-Data Devices-vs-BLD-EL-Electrical Equipment	0	ran and found nothing
10:05:45.158	1084.872	1A02WO		rows for the workbook	BLD-EL-Data Devices-vs-BLD-EL-Electrical Fixtures	0	0 in the document
10:05:45.159	1084.873	1A02WO		test passed	BLD-EL-Data Devices-vs-BLD-EL-Electrical Fixtures	0	ran and found nothing
10:05:45.452	1085.166	1A02WO		rows for the workbook	BLD-EL-Data Devices-vs-BLD-EL-Conduits & Conduit Fittings	0	0 in the document
10:05:45.453	1085.167	1A02WO		test passed	BLD-EL-Data Devices-vs-BLD-EL-Conduits & Conduit Fittings	0	ran and found nothing
10:05:45.735	1085.449	1A02WO		rows for the workbook	BLD-EL-Data Devices-vs-BLD-EL-Lighting Fixtures	0	0 in the document
10:05:45.736	1085.450	1A02WO		test passed	BLD-EL-Data Devices-vs-BLD-EL-Lighting Fixtures	0	ran and found nothing
10:05:46.014	1085.728	1A02WO		rows for the workbook	BLD-EL-Data Devices-vs-BLD-EL-Lighting Devices	0	0 in the document
10:05:46.015	1085.729	1A02WO		test passed	BLD-EL-Data Devices-vs-BLD-EL-Lighting Devices	0	ran and found nothing
10:05:46.318	1086.032	1A02WO		rows for the workbook	BLD-EL-Data Devices-vs-BLD-EL-Fire Alarm Devices	0	0 in the document
10:05:46.319	1086.033	1A02WO		test passed	BLD-EL-Data Devices-vs-BLD-EL-Fire Alarm Devices	0	ran and found nothing
10:05:46.625	1086.339	1A02WO		rows for the workbook	BLD-EL-Data Devices-vs-BLD-Security Devices	0	0 in the document
10:05:46.626	1086.340	1A02WO		test passed	BLD-EL-Data Devices-vs-BLD-Security Devices	0	ran and found nothing
10:05:48.422	1088.136	1A02WO		set finding nothing	lcop_selection_set_tree/Architecture/BLD-AR-Stairs		lcop_selection_set_tree/Architecture/BLD-AR-Stairs   asks for "Stairs", WHICH MODELS IN THIS PROJECT DO CARRY, and still found nothing HERE. Either this group holds no model of that kind, which is ordinary, or something else is wrong, and this reader cannot tell which
10:05:48.423	1088.137	1A02WO		set finding nothing	lcop_selection_set_tree/Architecture/BLD-AR-Ramps		lcop_selection_set_tree/Architecture/BLD-AR-Ramps   asks for "Ramps" and NO MODEL IN THIS PROJECT CARRIES IT, and nothing the models carry is close to it
10:05:48.424	1088.138	1A02WO		set finding nothing	lcop_selection_set_tree/Architecture/BLD-AR-Roofs		lcop_selection_set_tree/Architecture/BLD-AR-Roofs   asks for "Roofs" and NO MODEL IN THIS PROJECT CARRIES IT. The nearest the models carry is "Doors", which is a suggestion and not a correction
10:05:48.424	1088.139	1A02WO		set finding nothing	lcop_selection_set_tree/Architecture/BLD-AR-Ceilings		lcop_selection_set_tree/Architecture/BLD-AR-Ceilings   asks for "Ceilings", WHICH MODELS IN THIS PROJECT DO CARRY, and still found nothing HERE. Either this group holds no model of that kind, which is ordinary, or something else is wrong, and this reader cannot tell which
10:05:48.425	1088.139	1A02WO		set finding nothing	lcop_selection_set_tree/Architecture/BLD-AR-Columns		lcop_selection_set_tree/Architecture/BLD-AR-Columns   asks for "Columns" and NO MODEL IN THIS PROJECT CARRIES IT, and nothing the models carry is close to it
10:05:48.426	1088.140	1A02WO		set finding nothing	lcop_selection_set_tree/Architecture/BLD-AR-Curtain Panels		lcop_selection_set_tree/Architecture/BLD-AR-Curtain Panels   asks for "Curtain Panels", WHICH MODELS IN THIS PROJECT DO CARRY, and still found nothing HERE. Either this group holds no model of that kind, which is ordinary, or something else is wrong, and this reader cannot tell which
10:05:48.427	1088.141	1A02WO		set finding nothing	lcop_selection_set_tree/Architecture/BLD-AR-Curtain Mullions		lcop_selection_set_tree/Architecture/BLD-AR-Curtain Mullions   asks for "Curtain Wall Mullions", WHICH MODELS IN THIS PROJECT DO CARRY, and still found nothing HERE. Either this group holds no model of that kind, which is ordinary, or something else is wrong, and this reader cannot tell which
10:05:48.427	1088.142	1A02WO		set finding nothing	lcop_selection_set_tree/Architecture/BLD-AR-Casework		lcop_selection_set_tree/Architecture/BLD-AR-Casework   asks for "Casework" and NO MODEL IN THIS PROJECT CARRIES IT, and nothing the models carry is close to it
10:05:48.428	1088.142	1A02WO		set finding nothing	lcop_selection_set_tree/Architecture/BLD-AR-Parking		lcop_selection_set_tree/Architecture/BLD-AR-Parking   asks for "Parking" and NO MODEL IN THIS PROJECT CARRIES IT, and nothing the models carry is close to it
10:05:48.429	1088.143	1A02WO		set finding nothing	lcop_selection_set_tree/Architecture/BLD-AR-Railings		lcop_selection_set_tree/Architecture/BLD-AR-Railings   asks for "Railings" and NO MODEL IN THIS PROJECT CARRIES IT. The nearest the models carry is "Ceilings", which is a suggestion and not a correction
10:05:48.430	1088.144	1A02WO		set finding nothing	lcop_selection_set_tree/Architecture/BLD-AR-Site		lcop_selection_set_tree/Architecture/BLD-AR-Site   asks for "Site", WHICH MODELS IN THIS PROJECT DO CARRY, and still found nothing HERE. Either this group holds no model of that kind, which is ordinary, or something else is wrong, and this reader cannot tell which
10:05:48.430	1088.145	1A02WO		set finding nothing	lcop_selection_set_tree/Structure/BLD-ST-Walls		lcop_selection_set_tree/Structure/BLD-ST-Walls   asks for "Walls", WHICH MODELS IN THIS PROJECT DO CARRY, and still found nothing HERE. Either this group holds no model of that kind, which is ordinary, or something else is wrong, and this reader cannot tell which
10:05:48.431	1088.145	1A02WO		set finding nothing	lcop_selection_set_tree/Structure/BLD-ST-Stair		lcop_selection_set_tree/Structure/BLD-ST-Stair   asks for "Stairs", WHICH MODELS IN THIS PROJECT DO CARRY, and still found nothing HERE. Either this group holds no model of that kind, which is ordinary, or something else is wrong, and this reader cannot tell which
10:05:48.432	1088.146	1A02WO		set finding nothing	lcop_selection_set_tree/Mechanical/Mechanical-HVAC/BLD-ME-Ducts&Duct Fittings		lcop_selection_set_tree/Mechanical/Mechanical-HVAC/BLD-ME-Ducts&Duct Fittings   asks for "Ducts", WHICH MODELS IN THIS PROJECT DO CARRY, and still found nothing HERE. Either this group holds no model of that kind, which is ordinary, or something else is wrong, and this reader cannot tell which
10:05:48.433	1088.147	1A02WO		set finding nothing	lcop_selection_set_tree/Mechanical/Mechanical-HVAC/BLD-ME-Duct Accessory		lcop_selection_set_tree/Mechanical/Mechanical-HVAC/BLD-ME-Duct Accessory   asks for "Duct Accessories", WHICH MODELS IN THIS PROJECT DO CARRY, and still found nothing HERE. Either this group holds no model of that kind, which is ordinary, or something else is wrong, and this reader cannot tell which
10:05:48.433	1088.148	1A02WO		set finding nothing	lcop_selection_set_tree/Mechanical/Mechanical-HVAC/BLD-ME-Flex Ducts		lcop_selection_set_tree/Mechanical/Mechanical-HVAC/BLD-ME-Flex Ducts   asks for "Flex Ducts" and NO MODEL IN THIS PROJECT CARRIES IT, and nothing the models carry is close to it
10:05:48.434	1088.148	1A02WO		set finding nothing	lcop_selection_set_tree/Mechanical/Mechanical-HVAC/BLD-ME-Air Terminals		lcop_selection_set_tree/Mechanical/Mechanical-HVAC/BLD-ME-Air Terminals   asks for "Air Terminals", WHICH MODELS IN THIS PROJECT DO CARRY, and still found nothing HERE. Either this group holds no model of that kind, which is ordinary, or something else is wrong, and this reader cannot tell which
10:05:48.435	1088.149	1A02WO		set finding nothing	lcop_selection_set_tree/Mechanical/Mechanical-HVAC/BLD-ME-Pipe Accessories		lcop_selection_set_tree/Mechanical/Mechanical-HVAC/BLD-ME-Pipe Accessories   asks for "Pipe Accessories", WHICH MODELS IN THIS PROJECT DO CARRY, and still found nothing HERE. Either this group holds no model of that kind, which is ordinary, or something else is wrong, and this reader cannot tell which
10:05:48.435	1088.150	1A02WO		set finding nothing	lcop_selection_set_tree/Mechanical/Mechanical-HVAC/BLD-ME-Plumbing Fixtures		lcop_selection_set_tree/Mechanical/Mechanical-HVAC/BLD-ME-Plumbing Fixtures   asks for "Plumbing Fixtures", WHICH MODELS IN THIS PROJECT DO CARRY, and still found nothing HERE. Either this group holds no model of that kind, which is ordinary, or something else is wrong, and this reader cannot tell which
10:05:48.437	1088.150	1A02WO		set finding nothing	lcop_selection_set_tree/Mechanical/Mechanical-HVAC/BLD-ME-Flex Pipes		lcop_selection_set_tree/Mechanical/Mechanical-HVAC/BLD-ME-Flex Pipes   asks for "Flex Pipes", WHICH MODELS IN THIS PROJECT DO CARRY, and still found nothing HERE. Either this group holds no model of that kind, which is ordinary, or something else is wrong, and this reader cannot tell which
10:05:48.437	1088.151	1A02WO		set finding nothing	lcop_selection_set_tree/Mechanical/Mechanical-Fire Fighting/BLD-FF-Mechanical Equipment		lcop_selection_set_tree/Mechanical/Mechanical-Fire Fighting/BLD-FF-Mechanical Equipment   asks for "FF-FIRE FIGHTING" and NO MODEL IN THIS PROJECT CARRIES IT, and nothing the models carry is close to it
10:05:48.438	1088.152	1A02WO		set finding nothing	lcop_selection_set_tree/Mechanical/Mechanical-Fire Fighting/BLD-FF-Pipes & Pipe Fittings		lcop_selection_set_tree/Mechanical/Mechanical-Fire Fighting/BLD-FF-Pipes & Pipe Fittings   asks for "FP-PIPING" and NO MODEL IN THIS PROJECT CARRIES IT. The nearest the models carry is "ME-Piping", which is a suggestion and not a correction
10:05:48.439	1088.152	1A02WO		set finding nothing	lcop_selection_set_tree/Mechanical/Mechanical-Fire Fighting/BLD-FF-Pipe Accessories		lcop_selection_set_tree/Mechanical/Mechanical-Fire Fighting/BLD-FF-Pipe Accessories   asks for "FP-PIPING" and NO MODEL IN THIS PROJECT CARRIES IT. The nearest the models carry is "ME-Piping", which is a suggestion and not a correction
10:05:48.439	1088.153	1A02WO		set finding nothing	lcop_selection_set_tree/Mechanical/Mechanical-Fire Fighting/BLD-FF-Pipe Insulations		lcop_selection_set_tree/Mechanical/Mechanical-Fire Fighting/BLD-FF-Pipe Insulations   asks for "Pipe Insulation" and NO MODEL IN THIS PROJECT CARRIES IT, and nothing the models carry is close to it
10:05:48.440	1088.154	1A02WO		set finding nothing	lcop_selection_set_tree/Mechanical/Mechanical-Fire Fighting/BLD-FF-Plumbing Fixtures		lcop_selection_set_tree/Mechanical/Mechanical-Fire Fighting/BLD-FF-Plumbing Fixtures   asks for "FF-FIRE FIGHTING" and NO MODEL IN THIS PROJECT CARRIES IT, and nothing the models carry is close to it
10:05:48.440	1088.154	1A02WO		set finding nothing	lcop_selection_set_tree/Mechanical/Mechanical-Fire Fighting/BLD-FF-Sprinklers		lcop_selection_set_tree/Mechanical/Mechanical-Fire Fighting/BLD-FF-Sprinklers   asks for "FP-PIPING" and NO MODEL IN THIS PROJECT CARRIES IT. The nearest the models carry is "ME-Piping", which is a suggestion and not a correction
10:05:48.441	1088.155	1A02WO		set finding nothing	lcop_selection_set_tree/Mechanical/Mechanical-Water Supply/BLD-PL-Pipe Insulations		lcop_selection_set_tree/Mechanical/Mechanical-Water Supply/BLD-PL-Pipe Insulations   asks for "Pipe Insulation" and NO MODEL IN THIS PROJECT CARRIES IT, and nothing the models carry is close to it
10:05:48.442	1088.155	1A02WO		set finding nothing	lcop_selection_set_tree/Mechanical/Mechanical-Water Supply/BLD-PL-Plumbing Fixtures		lcop_selection_set_tree/Mechanical/Mechanical-Water Supply/BLD-PL-Plumbing Fixtures   asks for "Plumbing Fixtures", WHICH MODELS IN THIS PROJECT DO CARRY, and still found nothing HERE. Either this group holds no model of that kind, which is ordinary, or something else is wrong, and this reader cannot tell which
10:05:48.443	1088.156	1A02WO		set finding nothing	lcop_selection_set_tree/Mechanical/Mechanical-Drainage/BLD-DR-Mechanical Equipment		lcop_selection_set_tree/Mechanical/Mechanical-Drainage/BLD-DR-Mechanical Equipment   asks for "Mechanical Equipment", WHICH MODELS IN THIS PROJECT DO CARRY, and still found nothing HERE. Either this group holds no model of that kind, which is ordinary, or something else is wrong, and this reader cannot tell which
10:05:48.443	1088.157	1A02WO		set finding nothing	lcop_selection_set_tree/Mechanical/Mechanical-Drainage/BLD-DR-Pipe Accessories		lcop_selection_set_tree/Mechanical/Mechanical-Drainage/BLD-DR-Pipe Accessories   asks for "Pipe Accessories", WHICH MODELS IN THIS PROJECT DO CARRY, and still found nothing HERE. Either this group holds no model of that kind, which is ordinary, or something else is wrong, and this reader cannot tell which
10:05:48.444	1088.158	1A02WO		set finding nothing	lcop_selection_set_tree/Mechanical/Mechanical-Drainage/BLD-DR-Pipe Insulations		lcop_selection_set_tree/Mechanical/Mechanical-Drainage/BLD-DR-Pipe Insulations   asks for "Pipe Insulation" and NO MODEL IN THIS PROJECT CARRIES IT, and nothing the models carry is close to it
10:05:48.444	1088.158	1A02WO		set finding nothing	lcop_selection_set_tree/Electrical/BLD-EL-Cable Tray&Cable Tray Fittings		lcop_selection_set_tree/Electrical/BLD-EL-Cable Tray&Cable Tray Fittings   asks for "Cable Tray" and NO MODEL IN THIS PROJECT CARRIES IT. The nearest the models carry is "Cable Trays", which is a suggestion and not a correction
10:05:48.445	1088.159	1A02WO		set finding nothing	lcop_selection_set_tree/Electrical/BLD-EL-Devices		lcop_selection_set_tree/Electrical/BLD-EL-Devices   asks for "Devices" and NO MODEL IN THIS PROJECT CARRIES IT, and nothing the models carry is close to it
10:05:48.446	1088.159	1A02WO		set finding nothing	lcop_selection_set_tree/Electrical/BLD-EL-Telecom Equipment		lcop_selection_set_tree/Electrical/BLD-EL-Telecom Equipment   asks for "Telephone Equipment" and NO MODEL IN THIS PROJECT CARRIES IT, and nothing the models carry is close to it
10:05:48.446	1088.160	1A02WO		set finding nothing	lcop_selection_set_tree/Electrical/BLD-EL-Telecom Fixtures		lcop_selection_set_tree/Electrical/BLD-EL-Telecom Fixtures   asks for "Telephone Devices" and NO MODEL IN THIS PROJECT CARRIES IT, and nothing the models carry is close to it
10:05:48.447	1088.161	1A02WO		set finding nothing	lcop_selection_set_tree/Electrical/BLD-EL-Communication Devices		lcop_selection_set_tree/Electrical/BLD-EL-Communication Devices   asks for "Communication Devices", WHICH MODELS IN THIS PROJECT DO CARRY, and still found nothing HERE. Either this group holds no model of that kind, which is ordinary, or something else is wrong, and this reader cannot tell which
10:05:48.448	1088.161	1A02WO		set finding nothing	lcop_selection_set_tree/Electrical/BLD-EL-Telephone Devices		lcop_selection_set_tree/Electrical/BLD-EL-Telephone Devices   asks for "Telephone Devices" and NO MODEL IN THIS PROJECT CARRIES IT, and nothing the models carry is close to it
10:05:49.002	1088.716	1A02WO	VIEWS	step started	VIEWS	0	
10:05:49.024	1088.738	1A02WO	VIEWS	census before	models	4	
10:05:49.025	1088.739	1A02WO	VIEWS	census before	sets	61	
10:05:49.026	1088.740	1A02WO	VIEWS	census before	tests	1830	
10:05:49.027	1088.741	1A02WO	VIEWS	census before	results	94	
10:05:49.028	1088.742	1A02WO	VIEWS	census before	views	110	
10:05:50.018	1089.733	1A02WO		census after	models	4	
10:05:50.019	1089.733	1A02WO		census after	sets	61	
10:05:50.020	1089.734	1A02WO		census after	tests	1830	
10:05:50.021	1089.735	1A02WO		census after	results	94	
10:05:50.022	1089.736	1A02WO		census after	views	110	
10:05:50.036	1089.750	1A02WO		step finished	VIEWS	1.01	0 created, 83 already there.
10:05:50.388	1090.101	1A02WO	NWF SAVE	step started	NWF SAVE	0	
10:05:50.404	1090.118	1A02WO	NWF SAVE	census before	models	4	
10:05:50.405	1090.119	1A02WO	NWF SAVE	census before	sets	61	
10:05:50.405	1090.120	1A02WO	NWF SAVE	census before	tests	1830	
10:05:50.406	1090.120	1A02WO	NWF SAVE	census before	results	94	
10:05:50.407	1090.121	1A02WO	NWF SAVE	census before	views	110	
10:05:50.705	1090.419	1A02WO	NWF SAVE	written	NWF	1259194	C:\\00-NM\\Federation Task\\C02 + 04\\C02\\NWF\\1104-PAR-1A02WO-ZZZ-BM-MOD-000001.nwf
10:05:50.725	1090.439	1A02WO		census after	models	4	
10:05:50.726	1090.440	1A02WO		census after	sets	61	
10:05:50.726	1090.440	1A02WO		census after	tests	1830	
10:05:50.727	1090.441	1A02WO		census after	results	94	
10:05:50.727	1090.442	1A02WO		census after	views	110	
10:05:50.741	1090.455	1A02WO		step finished	NWF SAVE	0.331	saved 1259194 bytes
10:05:50.767	1090.481	1A02WO	WORKBOOK	step started	WORKBOOK	0	
10:05:50.791	1090.504	1A02WO	WORKBOOK	census before	models	4	
10:05:50.791	1090.505	1A02WO	WORKBOOK	census before	sets	61	
10:05:50.792	1090.506	1A02WO	WORKBOOK	census before	tests	1830	
10:05:50.792	1090.507	1A02WO	WORKBOOK	census before	results	94	
10:05:50.794	1090.507	1A02WO	WORKBOOK	census before	views	110	
10:05:52.171	1091.885	1A02WO	WORKBOOK	written	XLSX	121930	C:\\00-NM\\Federation Task\\C02 + 04\\C02\\Clash Report\\1104-PAR-1A02WO-ZZZ-BM-MOD-000001.xlsx
10:05:52.451	1092.165	1A02WO		census after	models	4	
10:05:52.452	1092.166	1A02WO		census after	sets	61	
10:05:52.453	1092.166	1A02WO		census after	tests	1830	
10:05:52.453	1092.167	1A02WO		census after	results	94	
10:05:52.454	1092.168	1A02WO		census after	views	110	
10:05:52.485	1092.199	1A02WO		step finished	WORKBOOK	1.671	wrote 121930 bytes
10:05:52.502	1092.215	1A02WO	HTML	step started	HTML	0	
10:05:52.520	1092.234	1A02WO	HTML	census before	models	4	
10:05:52.521	1092.235	1A02WO	HTML	census before	sets	61	
10:05:52.521	1092.235	1A02WO	HTML	census before	tests	1830	
10:05:52.522	1092.236	1A02WO	HTML	census before	results	94	
10:05:52.523	1092.237	1A02WO	HTML	census before	views	110	
10:05:52.687	1092.401	1A02WO	HTML	written	HTML	3957036	C:\\00-NM\\Federation Task\\C02 + 04\\C02\\Clash Report\\1104-PAR-1A02WO-ZZZ-BM-MOD-000001.html
10:05:53.052	1092.766	1A02WO		census after	models	4	
10:05:53.053	1092.766	1A02WO		census after	sets	61	
10:05:53.054	1092.767	1A02WO		census after	tests	1830	
10:05:53.054	1092.768	1A02WO		census after	results	94	
10:05:53.055	1092.769	1A02WO		census after	views	110	
10:05:53.068	1092.782	1A02WO		step finished	HTML	0.548	wrote 3957036 bytes
10:05:53.094	1092.808	1A02WO	NWD	step started	NWD	0	
10:05:53.125	1092.839	1A02WO	NWD	census before	models	4	
10:05:53.126	1092.840	1A02WO	NWD	census before	sets	61	
10:05:53.126	1092.841	1A02WO	NWD	census before	tests	1830	
10:05:53.127	1092.841	1A02WO	NWD	census before	results	94	
10:05:53.128	1092.842	1A02WO	NWD	census before	views	110	
10:05:53.599	1093.313	1A02WO	NWD	written	NWD	3069010	C:\\00-NM\\Federation Task\\C02 + 04\\C02\\NWD\\1104-PAR-1A02WO-ZZZ-BM-MOD-000001.nwd
10:05:53.616	1093.331	1A02WO		census after	models	4	
10:05:53.618	1093.331	1A02WO		census after	sets	61	
10:05:53.618	1093.332	1A02WO		census after	tests	1830	
10:05:53.619	1093.333	1A02WO		census after	results	94	
10:05:53.620	1093.334	1A02WO		census after	views	110	
10:05:53.634	1093.347	1A02WO		step finished	NWD	0.518	published 3069010 bytes
10:05:53.649	1093.363	1A02WO	CONFIRM	step started	CONFIRM	0	
10:05:53.687	1093.401	1A02WO	CONFIRM	census before	models	4	
10:05:53.688	1093.402	1A02WO	CONFIRM	census before	sets	61	
10:05:53.689	1093.403	1A02WO	CONFIRM	census before	tests	1830	
10:05:53.690	1093.403	1A02WO	CONFIRM	census before	results	94	
10:05:53.690	1093.404	1A02WO	CONFIRM	census before	views	110	
10:05:53.740	1093.454	1A02WO		census after	models	4	
10:05:53.741	1093.455	1A02WO		census after	sets	61	
10:05:53.742	1093.455	1A02WO		census after	tests	1830	
10:05:53.742	1093.456	1A02WO		census after	results	94	
10:05:53.742	1093.456	1A02WO		census after	views	110	
10:05:53.756	1093.470	1A02WO		step finished	CONFIRM	0.087	the NWF is 1259194 bytes
10:05:53.883	1093.598	1A02WO		gap	Family	188	it would belong in a workbook column of ours, which is Q25
10:05:53.884	1093.598	1A02WO		gap	Type Name	188	it would belong in a workbook column of ours, which is Q25
10:05:53.885	1093.599	1A02WO		gap	Material	174	it would belong in a workbook column of ours, which is Q25
10:05:53.886	1093.600	1A02WO		gap	Id From	188	the ITEM IDS block counts it per property and no output names it per item
10:05:53.929	1093.643	1A02WO		step total	TESTS RUN	65.402	
10:05:53.930	1093.644	1A02WO		step total	HARVEST	7.958	
10:05:53.931	1093.645	1A02WO		step total	IMAGES	2.264	
10:05:53.963	1093.676			group finished	1A02WO	97.512	DONE Weekly run plus XML
10:05:54.268	1093.982			timing	TESTS RUN	65.402	276 visits
10:05:54.269	1093.983			timing	HARVEST	7.958	276 visits
10:05:54.270	1093.984			timing	WORKBOOK	1.671	1 visits
10:05:54.271	1093.985			timing	SETS	1.535	1 visits
10:05:54.272	1093.986			timing	DECIDE	1.048	1 visits
10:05:54.273	1093.987			timing	VIEWS	1.01	1 visits
10:05:54.273	1093.987			timing	HTML	0.548	1 visits
10:05:54.274	1093.988			timing	NWD	0.518	1 visits
10:05:54.275	1093.989			timing	NWF SAVE	0.331	1 visits
10:05:54.275	1093.989			timing	CONFIRM	0.087	1 visits
10:05:54.276	1093.990			timing	UNITS	0.076	1 visits
10:05:54.277	1093.991			timing nested	IMAGES	2.264	94 visits
10:05:55.027	1094.740			set across the run	lcop_selection_set_tree/Architecture/BLD-AR-Floors	4	found nothing in 4 of 10 groups
10:05:55.028	1094.741			set across the run	lcop_selection_set_tree/Architecture/BLD-AR-Stairs	10	found nothing in 10 of 10 groups
10:05:55.028	1094.742			set across the run	lcop_selection_set_tree/Architecture/BLD-AR-Ramps	10	found nothing in 10 of 10 groups
10:05:55.029	1094.742			set across the run	lcop_selection_set_tree/Architecture/BLD-AR-Roofs	10	found nothing in 10 of 10 groups
10:05:55.030	1094.743			set across the run	lcop_selection_set_tree/Architecture/BLD-AR-Ceilings	9	found nothing in 9 of 10 groups
10:05:55.030	1094.744			set across the run	lcop_selection_set_tree/Architecture/BLD-AR-Columns	10	found nothing in 10 of 10 groups
10:05:55.031	1094.744			set across the run	lcop_selection_set_tree/Architecture/BLD-AR-Walls	3	found nothing in 3 of 10 groups
10:05:55.032	1094.745			set across the run	lcop_selection_set_tree/Architecture/BLD-AR-Windows	7	found nothing in 7 of 10 groups
10:05:55.032	1094.746			set across the run	lcop_selection_set_tree/Architecture/BLD-AR-Curtain Panels	8	found nothing in 8 of 10 groups
10:05:55.033	1094.747			set across the run	lcop_selection_set_tree/Architecture/BLD-AR-Curtain Mullions	8	found nothing in 8 of 10 groups
10:05:55.034	1094.747			set across the run	lcop_selection_set_tree/Architecture/BLD-AR-Doors	3	found nothing in 3 of 10 groups
10:05:55.035	1094.748			set across the run	lcop_selection_set_tree/Architecture/BLD-AR-Casework	10	found nothing in 10 of 10 groups
10:05:55.035	1094.748			set across the run	lcop_selection_set_tree/Architecture/BLD-AR-Furniture	6	found nothing in 6 of 10 groups
10:05:55.037	1094.750			set across the run	lcop_selection_set_tree/Architecture/BLD-AR-Parking	10	found nothing in 10 of 10 groups
10:05:55.038	1094.751			set across the run	lcop_selection_set_tree/Architecture/BLD-AR-Railings	10	found nothing in 10 of 10 groups
10:05:55.038	1094.752			set across the run	lcop_selection_set_tree/Architecture/BLD-AR-Site	8	found nothing in 8 of 10 groups
10:05:55.039	1094.752			set across the run	lcop_selection_set_tree/Structure/BLD-ST-Foundation	3	found nothing in 3 of 10 groups
10:05:55.039	1094.753			set across the run	lcop_selection_set_tree/Structure/BLD-ST-Columns	3	found nothing in 3 of 10 groups
10:05:55.040	1094.753			set across the run	lcop_selection_set_tree/Structure/BLD-ST-Framing	3	found nothing in 3 of 10 groups
10:05:55.041	1094.754			set across the run	lcop_selection_set_tree/Structure/BLD-ST-Walls	4	found nothing in 4 of 10 groups
10:05:55.041	1094.755			set across the run	lcop_selection_set_tree/Structure/BLD-ST-Floors	3	found nothing in 3 of 10 groups
10:05:55.042	1094.755			set across the run	lcop_selection_set_tree/Structure/BLD-ST-Stair	9	found nothing in 9 of 10 groups
10:05:55.042	1094.756			set across the run	lcop_selection_set_tree/Mechanical/Mechanical-HVAC/BLD-ME-Ducts&Duct Fittings	9	found nothing in 9 of 10 groups
10:05:55.043	1094.757			set across the run	lcop_selection_set_tree/Mechanical/Mechanical-HVAC/BLD-ME-Duct Accessory	9	found nothing in 9 of 10 groups
10:05:55.044	1094.758			set across the run	lcop_selection_set_tree/Mechanical/Mechanical-HVAC/BLD-ME-Mechanical Equipment	4	found nothing in 4 of 10 groups
10:05:55.044	1094.758			set across the run	lcop_selection_set_tree/Mechanical/Mechanical-HVAC/BLD-ME-Flex Ducts	10	found nothing in 10 of 10 groups
10:05:55.045	1094.759			set across the run	lcop_selection_set_tree/Mechanical/Mechanical-HVAC/BLD-ME-Air Terminals	10	found nothing in 10 of 10 groups
10:05:55.045	1094.760			set across the run	lcop_selection_set_tree/Mechanical/Mechanical-HVAC/BLD-ME-Pipes&Pipe Fittings	7	found nothing in 7 of 10 groups
10:05:55.046	1094.760			set across the run	lcop_selection_set_tree/Mechanical/Mechanical-HVAC/BLD-ME-Pipe Accessories	9	found nothing in 9 of 10 groups
10:05:55.047	1094.761			set across the run	lcop_selection_set_tree/Mechanical/Mechanical-HVAC/BLD-ME-Plumbing Fixtures	10	found nothing in 10 of 10 groups
10:05:55.047	1094.761			set across the run	lcop_selection_set_tree/Mechanical/Mechanical-HVAC/BLD-ME-Flex Pipes	10	found nothing in 10 of 10 groups
10:05:55.048	1094.762			set across the run	lcop_selection_set_tree/Mechanical/Mechanical-Fire Fighting/BLD-FF-Mechanical Equipment	10	found nothing in 10 of 10 groups
10:05:55.049	1094.763			set across the run	lcop_selection_set_tree/Mechanical/Mechanical-Fire Fighting/BLD-FF-Pipes & Pipe Fittings	10	found nothing in 10 of 10 groups
10:05:55.050	1094.764			set across the run	lcop_selection_set_tree/Mechanical/Mechanical-Fire Fighting/BLD-FF-Pipe Accessories	10	found nothing in 10 of 10 groups
10:05:55.050	1094.765			set across the run	lcop_selection_set_tree/Mechanical/Mechanical-Fire Fighting/BLD-FF-Pipe Insulations	10	found nothing in 10 of 10 groups
10:05:55.051	1094.765			set across the run	lcop_selection_set_tree/Mechanical/Mechanical-Fire Fighting/BLD-FF-Plumbing Fixtures	10	found nothing in 10 of 10 groups
10:05:55.051	1094.766			set across the run	lcop_selection_set_tree/Mechanical/Mechanical-Fire Fighting/BLD-FF-Sprinklers	10	found nothing in 10 of 10 groups
10:05:55.053	1094.767			set across the run	lcop_selection_set_tree/Mechanical/Mechanical-Water Supply/BLD-PL-Mechanical Equipment	8	found nothing in 8 of 10 groups
10:05:55.053	1094.767			set across the run	lcop_selection_set_tree/Mechanical/Mechanical-Water Supply/BLD-PL-Pipes & Pipe Fittings	8	found nothing in 8 of 10 groups
10:05:55.055	1094.768			set across the run	lcop_selection_set_tree/Mechanical/Mechanical-Water Supply/BLD-PL-Pipe Accessories	8	found nothing in 8 of 10 groups
10:05:55.055	1094.769			set across the run	lcop_selection_set_tree/Mechanical/Mechanical-Water Supply/BLD-PL-Pipe Insulations	10	found nothing in 10 of 10 groups
10:05:55.056	1094.769			set across the run	lcop_selection_set_tree/Mechanical/Mechanical-Water Supply/BLD-PL-Plumbing Fixtures	9	found nothing in 9 of 10 groups
10:05:55.057	1094.770			set across the run	lcop_selection_set_tree/Mechanical/Mechanical-Drainage/BLD-DR-Mechanical Equipment	10	found nothing in 10 of 10 groups
10:05:55.057	1094.771			set across the run	lcop_selection_set_tree/Mechanical/Mechanical-Drainage/BLD-DR-Pipes & Pipe Fittings	4	found nothing in 4 of 10 groups
10:05:55.058	1094.771			set across the run	lcop_selection_set_tree/Mechanical/Mechanical-Drainage/BLD-DR-Pipe Accessories	10	found nothing in 10 of 10 groups
10:05:55.059	1094.772			set across the run	lcop_selection_set_tree/Mechanical/Mechanical-Drainage/BLD-DR-Pipe Insulations	10	found nothing in 10 of 10 groups
10:05:55.059	1094.773			set across the run	lcop_selection_set_tree/Mechanical/Mechanical-Drainage/BLD-DR-Plumbing Fixtures	4	found nothing in 4 of 10 groups
10:05:55.059	1094.773			set across the run	lcop_selection_set_tree/Electrical/BLD-EL-Cable Tray&Cable Tray Fittings	8	found nothing in 8 of 10 groups
10:05:55.060	1094.774			set across the run	lcop_selection_set_tree/Electrical/BLD-EL-Electrical Equipment	4	found nothing in 4 of 10 groups
10:05:55.061	1094.775			set across the run	lcop_selection_set_tree/Electrical/BLD-EL-Electrical Fixtures	4	found nothing in 4 of 10 groups
10:05:55.061	1094.776			set across the run	lcop_selection_set_tree/Electrical/BLD-EL-Conduits & Conduit Fittings	4	found nothing in 4 of 10 groups
10:05:55.062	1094.776			set across the run	lcop_selection_set_tree/Electrical/BLD-EL-Devices	10	found nothing in 10 of 10 groups
10:05:55.063	1094.777			set across the run	lcop_selection_set_tree/Electrical/BLD-EL-Lighting Fixtures	3	found nothing in 3 of 10 groups
10:05:55.063	1094.778			set across the run	lcop_selection_set_tree/Electrical/BLD-EL-Lighting Devices	4	found nothing in 4 of 10 groups
10:05:55.064	1094.778			set across the run	lcop_selection_set_tree/Electrical/BLD-EL-Fire Alarm Devices	5	found nothing in 5 of 10 groups
10:05:55.065	1094.779			set across the run	lcop_selection_set_tree/Electrical/BLD-EL-Telecom Equipment	10	found nothing in 10 of 10 groups
10:05:55.066	1094.780			set across the run	lcop_selection_set_tree/Electrical/BLD-EL-Telecom Fixtures	10	found nothing in 10 of 10 groups
10:05:55.066	1094.781			set across the run	lcop_selection_set_tree/Electrical/BLD-Security Devices	5	found nothing in 5 of 10 groups
10:05:55.067	1094.781			set across the run	lcop_selection_set_tree/Electrical/BLD-EL-Communication Devices	8	found nothing in 8 of 10 groups
10:05:55.068	1094.782			set across the run	lcop_selection_set_tree/Electrical/BLD-EL-Telephone Devices	10	found nothing in 10 of 10 groups
10:05:55.068	1094.783			set across the run	lcop_selection_set_tree/Electrical/BLD-EL-Data Devices	6	found nothing in 6 of 10 groups
