08:51:05.044  +0000.000s  Log opened at C:\Users\bader\AppData\Local\ParsonsNwcFederator\logs\run-20260921-085105.log
08:51:05.049  +0000.005s  ROWS     the machine readable log is C:\Users\bader\AppData\Local\ParsonsNwcFederator\logs\run-20260921-085105.tsv

================================================================
SESSION
================================================================
08:51:05.061  +0000.016s  started        : 2026-09-21 08:51:05
08:51:05.062  +0000.018s  plugin version : 1.0.0.0 eb6d1327+edits built 2026-09-21 08:47:51
08:51:05.063  +0000.019s  navisworks     : Autodesk Navisworks Manage 2025  runtime 22.5  build 0  api 22.0 (stable)  language en-US  runtime string Navisworks Manage
08:51:05.064  +0000.020s  open document  : none, the document is clear
08:51:05.065  +0000.021s  log file       : C:\Users\bader\AppData\Local\ParsonsNwcFederator\logs\run-20260921-085105.log
08:51:05.102  +0000.058s  LOGO     the report will carry C:\Program Files\Autodesk\Navisworks Manage 2025\Images\logo.jpg

================================================================
FOLDERS REMEMBERED
================================================================
08:51:05.130  +0000.086s  Source    C:\00-NM\Federation Task\C02 + 04\C02\NWC
08:51:05.131  +0000.087s  Nwf       C:\00-NM\Federation Task\C02 + 04\C02\NWF
08:51:05.132  +0000.087s  Nwd       C:\00-NM\Federation Task\C02 + 04\C02\NWD
08:51:05.132  +0000.088s  Excel     C:\00-NM\Federation Task\C02 + 04\C02\Clash Report
08:51:05.133  +0000.089s  ClashXml  C:\Users\bader\Downloads
08:51:09.565  +0004.520s  SCAN     started  C:\00-NM\Federation Task\C02 + 04\C04\NWC  including subfolders
08:51:09.570  +0004.526s  SCAN     finished 46 found, 46 readable, 0 that cannot be read
08:51:37.961  +0032.917s  PREVIEW  1A0415  First run
08:51:37.964  +0032.920s  PREVIEW  1A04EP  First run
08:51:37.965  +0032.921s  PREVIEW  1A04KI  First run
08:51:37.967  +0032.923s  PREVIEW  1A04MS  First run
08:51:37.968  +0032.924s  PREVIEW  1A04PK  First run
08:51:37.969  +0032.925s  PREVIEW  1A04PW  First run
08:51:37.970  +0032.926s  PREVIEW  1A04WE  First run
08:51:37.971  +0032.927s  PREVIEW  1A04WL  First run
08:51:37.973  +0032.928s  PREVIEW  1A04WM  First run
08:51:37.974  +0032.930s  PREVIEW  1A04WN  First run
08:51:37.975  +0032.931s  PREVIEW  1A04WO  First run
08:51:37.976  +0032.932s  PREVIEW  1WAW15  First run
08:51:37.977  +0032.933s  PREVIEW  opened 0 NWFs before the confirm dialog in 0.0s

================================================================
RUN SETTINGS
================================================================
08:51:40.816  +0035.772s  source folder     : C:\00-NM\Federation Task\C02 + 04\C04\NWC
08:51:40.817  +0035.773s  include subfolders: yes
08:51:40.818  +0035.774s  NWF folder        : C:\00-NM\Federation Task\C02 + 04\C04\NWF
08:51:40.819  +0035.775s  NWD folder        : C:\00-NM\Federation Task\C02 + 04\C04\NWD
08:51:40.820  +0035.776s  files found       : 46
08:51:40.822  +0035.778s  files ticked      : 46
08:51:40.823  +0035.779s  groups built      : 12
08:51:40.824  +0035.780s  grouping         : One file per building
08:51:40.825  +0035.781s  apply file to old: no, differences are reported and nothing is changed
08:51:40.828  +0035.783s  compact resolved : no
08:51:40.829  +0035.784s  penetrations     : YES, a small service through a wall, floor or roof becomes Reviewed
08:51:40.830  +0035.786s  clash tolerance  : 25 mm, chosen in the tool, set on every test and beats the XML and the document
08:51:40.832  +0035.787s  priority file    : C:\Users\bader\Downloads\clash-priority-map.csv
08:51:40.833  +0035.788s  by design        : YES, a clash between two sets the pairs file names becomes Reviewed
08:51:40.834  +0035.790s  NWD naming       : overwrites, so only the latest week exists
08:51:40.836  +0035.792s  republish NWD    : yes, fixed
08:51:40.838  +0035.793s  model units      : Meters, which is what the models are set to
08:51:40.839  +0035.794s  report units     : Meters (m), always, converted before anything is written

================================================================
GROUPS
================================================================
08:51:40.847  +0035.802s  run       1A0415      3 files  1104-PAR-1A0415-ZZZ-BM-MOD-000001  [LS, LT, SW]  First run
08:51:40.848  +0035.804s  run       1A04EP      5 files  1104-PAR-1A04EP-ZZZ-BM-MOD-000001  [AR, EL, ME, ST]  First run
08:51:40.850  +0035.806s  run       1A04KI      4 files  1104-PAR-1A04KI-ZZZ-BM-MOD-000001  [AR, EL, ME, ST]  First run
08:51:40.852  +0035.807s  run       1A04MS      1 file   1104-PAR-1A04MS-ZZZ-BM-MOD-000001  [ST]  First run
08:51:40.853  +0035.808s  run       1A04PK      1 file   1104-PAR-1A04PK-ZZZ-BM-MOD-000001  [ST]  First run
08:51:40.854  +0035.810s  run       1A04PW      5 files  1104-PAR-1A04PW-ZZZ-BM-MOD-000001  [AR, EL, ME, ST]  First run
08:51:40.855  +0035.811s  run       1A04WE      4 files  1104-PAR-1A04WE-ZZZ-BM-MOD-000001  [AR, EL, ME, ST]  First run
08:51:40.857  +0035.812s  run       1A04WL      8 files  1104-PAR-1A04WL-ZZZ-BM-MOD-000001  [ME, ST]  First run
08:51:40.858  +0035.813s  run       1A04WM      4 files  1104-PAR-1A04WM-ZZZ-BM-MOD-000001  [AR, EL, ME, ST]  First run
08:51:40.859  +0035.815s  run       1A04WN      4 files  1104-PAR-1A04WN-ZZZ-BM-MOD-000001  [AR, EL, ME, ST]  First run
08:51:40.860  +0035.816s  run       1A04WO      4 files  1104-PAR-1A04WO-ZZZ-BM-MOD-000001  [AR, EL, ME, ST]  First run
08:51:40.867  +0035.823s  run       1WAW15      3 files  1104-PAR-1WAW15-ZZZ-BM-MOD-000001  [LS, LT, SW]  First run
08:51:40.875  +0035.831s  0 groups unticked in the Run column, nothing else drops a group

================================================================
FINDINGS
================================================================
08:51:40.883  +0035.839s  Disciplines in this run: AR, EL, LS, LT, ME, ST, SW
08:51:40.886  +0035.841s  ODD SHAPE         The building code 1A0415 is written differently from every other code in this run.
08:51:40.890  +0035.846s                    The other 11 codes look like 1A04EP, and 1A0415 does not follow that. That is often a typing error in the file name, and it is sometimes a real building named another way. Nothing is changed and the group still runs.
08:51:40.897  +0035.853s                    file: 1104-PAR-1A0415-ZZZ-LS-MOD-000001
08:51:40.899  +0035.854s                    file: 1104-PAR-1A0415-ZZZ-LT-MOD-000001
08:51:40.901  +0035.856s                    file: 1104-PAR-1A0415-ZZZ-SW-MOD-000001
08:51:40.903  +0035.858s  ODD SHAPE         The building code 1WAW15 is written differently from every other code in this run.
08:51:40.904  +0035.859s                    The other 11 codes look like 1A04EP, and 1WAW15 does not follow that. That is often a typing error in the file name, and it is sometimes a real building named another way. Nothing is changed and the group still runs.
08:51:40.905  +0035.860s                    file: 1104-PAR-1WAW15-ZZZ-LS-MOD-000001
08:51:40.906  +0035.862s                    file: 1104-PAR-1WAW15-ZZZ-LT-MOD-000001
08:51:40.907  +0035.863s                    file: 1104-PAR-1WAW15-ZZZ-SW-MOD-000001
08:51:40.908  +0035.864s  MISSING           1A0415 has no AR or EL or ME or ST files, which other buildings in this run do have.
08:51:40.910  +0035.865s                    It holds LS, LT, SW, and this run has AR, EL, LS, LT, ME, ST, SW between all its buildings. That may be deliberate, or those models may not have been exported yet. Nothing is blocked either way.
08:51:40.910  +0035.866s  MISSING           1A04EP has no LS or LT or SW files, which other buildings in this run do have.
08:51:40.912  +0035.868s                    It holds AR, EL, ME, ST, and this run has AR, EL, LS, LT, ME, ST, SW between all its buildings. That may be deliberate, or those models may not have been exported yet. Nothing is blocked either way.
08:51:40.913  +0035.869s  MISSING           1A04KI has no LS or LT or SW files, which other buildings in this run do have.
08:51:40.915  +0035.870s                    It holds AR, EL, ME, ST, and this run has AR, EL, LS, LT, ME, ST, SW between all its buildings. That may be deliberate, or those models may not have been exported yet. Nothing is blocked either way.
08:51:40.917  +0035.872s  SINGLE DISCIPLINE 1A04MS holds only ST files, so there is nothing for them to clash against.
08:51:40.919  +0035.874s                    This run also has AR, EL, LS, LT, ME, SW files in other buildings. The federation is still built and every clash test is still created, and none of them is run, because one discipline cannot clash with itself. Either the other disciplines have not been exported yet, or this building really is ST only.
08:51:40.920  +0035.875s                    file: 1104-PAR-1A04MS-ZZZ-ST-MOD-000001
08:51:40.921  +0035.877s  SINGLE DISCIPLINE 1A04PK holds only ST files, so there is nothing for them to clash against.
08:51:40.922  +0035.878s                    This run also has AR, EL, LS, LT, ME, SW files in other buildings. The federation is still built and every clash test is still created, and none of them is run, because one discipline cannot clash with itself. Either the other disciplines have not been exported yet, or this building really is ST only.
08:51:40.924  +0035.879s                    file: 1104-PAR-1A04PK-ZZZ-ST-MOD-000001
08:51:40.925  +0035.881s  MISSING           1A04PW has no LS or LT or SW files, which other buildings in this run do have.
08:51:40.926  +0035.882s                    It holds AR, EL, ME, ST, and this run has AR, EL, LS, LT, ME, ST, SW between all its buildings. That may be deliberate, or those models may not have been exported yet. Nothing is blocked either way.
08:51:40.927  +0035.883s  MISSING           1A04WE has no LS or LT or SW files, which other buildings in this run do have.
08:51:40.929  +0035.884s                    It holds AR, EL, ME, ST, and this run has AR, EL, LS, LT, ME, ST, SW between all its buildings. That may be deliberate, or those models may not have been exported yet. Nothing is blocked either way.
08:51:40.930  +0035.886s  MISSING           1A04WL has no AR or EL or LS or LT or SW files, which other buildings in this run do have.
08:51:40.931  +0035.887s                    It holds ME, ST, and this run has AR, EL, LS, LT, ME, ST, SW between all its buildings. That may be deliberate, or those models may not have been exported yet. Nothing is blocked either way.
08:51:40.933  +0035.889s  MISSING           1A04WM has no LS or LT or SW files, which other buildings in this run do have.
08:51:40.935  +0035.890s                    It holds AR, EL, ME, ST, and this run has AR, EL, LS, LT, ME, ST, SW between all its buildings. That may be deliberate, or those models may not have been exported yet. Nothing is blocked either way.
08:51:40.938  +0035.893s  MISSING           1A04WN has no LS or LT or SW files, which other buildings in this run do have.
08:51:40.939  +0035.894s                    It holds AR, EL, ME, ST, and this run has AR, EL, LS, LT, ME, ST, SW between all its buildings. That may be deliberate, or those models may not have been exported yet. Nothing is blocked either way.
08:51:40.940  +0035.896s  MISSING           1A04WO has no LS or LT or SW files, which other buildings in this run do have.
08:51:40.941  +0035.897s                    It holds AR, EL, ME, ST, and this run has AR, EL, LS, LT, ME, ST, SW between all its buildings. That may be deliberate, or those models may not have been exported yet. Nothing is blocked either way.
08:51:40.943  +0035.898s  MISSING           1WAW15 has no AR or EL or ME or ST files, which other buildings in this run do have.
08:51:40.944  +0035.900s                    It holds LS, LT, SW, and this run has AR, EL, LS, LT, ME, ST, SW between all its buildings. That may be deliberate, or those models may not have been exported yet. Nothing is blocked either way.
08:51:40.948  +0035.904s  RUN      started, 12 groups
08:51:40.971  +0035.927s  RUN      the Clash step picked C:\Users\bader\Documents\GitHub\PAR_NWC-Federator-V2\exchange\1104-PAR_CLASH_AllInOne_25mm_FIXED.xml
08:51:40.973  +0035.929s  RUN      it holds 61 sets and 1830 tests
08:51:40.975  +0035.931s  RUN      workbooks go in C:\00-NM\Federation Task\C02 + 04\C04\Clash Report
08:51:40.977  +0035.932s  RUN      the clash XML is off
08:51:41.034  +0035.989s  GROUP    started  1A0415  3 files
                          file     : C:\00-NM\Federation Task\C02 + 04\C04\NWC\1104-PAR-1A0415-ZZZ-LS-MOD-000001.nwc
                          file     : C:\00-NM\Federation Task\C02 + 04\C04\NWC\1104-PAR-1A0415-ZZZ-LT-MOD-000001.nwc
                          file     : C:\00-NM\Federation Task\C02 + 04\C04\NWC\1104-PAR-1A0415-ZZZ-SW-MOD-000001.nwc
08:51:41.042  +0035.997s  CLEAR    the document, at the top of 1A0415, before Decide
08:51:41.075  +0036.030s  CENSUS CLEAR  the document was emptied and every count read zero
08:51:41.079  +0036.034s  STEP     DECIDE        started
08:51:41.084  +0036.040s  CENSUS   before DECIDE  models 0  sets 0  tests 0  results 0  views 0
08:51:41.113  +0036.068s  CENSUS   after  DECIDE  models 0  sets 0  tests 0  results 0  views 0
08:51:41.124  +0036.080s  STEP     DECIDE        finished 0.033s  First run
08:51:41.127  +0036.083s  BUILD    no NWF at C:\00-NM\Federation Task\C02 + 04\C04\NWF\1104-PAR-1A0415-ZZZ-BM-MOD-000001.nwf, building it from 3 files
08:51:41.128  +0036.084s  CLEAR    the document, before building 1A0415 from scratch
08:51:41.134  +0036.090s  STEP     APPEND        started
08:51:41.137  +0036.092s  CENSUS   before APPEND  models 0  sets 0  tests 0  results 0  views 0
08:51:41.158  +0036.113s  APPEND   attempt  C:\00-NM\Federation Task\C02 + 04\C04\NWC\1104-PAR-1A0415-ZZZ-LS-MOD-000001.nwc
08:51:41.305  +0036.261s  APPEND   ok      C:\00-NM\Federation Task\C02 + 04\C04\NWC\1104-PAR-1A0415-ZZZ-LS-MOD-000001.nwc  24,046,224 bytes
08:51:41.311  +0036.267s  APPEND   attempt  C:\00-NM\Federation Task\C02 + 04\C04\NWC\1104-PAR-1A0415-ZZZ-LT-MOD-000001.nwc
08:51:41.351  +0036.307s  APPEND   ok      C:\00-NM\Federation Task\C02 + 04\C04\NWC\1104-PAR-1A0415-ZZZ-LT-MOD-000001.nwc  115,490 bytes
08:51:41.354  +0036.309s  APPEND   attempt  C:\00-NM\Federation Task\C02 + 04\C04\NWC\1104-PAR-1A0415-ZZZ-SW-MOD-000001.nwc
08:51:41.395  +0036.351s  APPEND   ok      C:\00-NM\Federation Task\C02 + 04\C04\NWC\1104-PAR-1A0415-ZZZ-SW-MOD-000001.nwc  3,228,413 bytes
08:51:41.398  +0036.353s  APPEND   3 of 3 appended for 1A0415
08:51:41.402  +0036.357s           holds   C:\00-NM\Federation Task\C02 + 04\C04\NWC\1104-PAR-1A0415-ZZZ-LS-MOD-000001.nwc   [source D:\28-ELMURABBA\OUT\20260910\1104-PAR-1A0415-ZZZ-LS-MOD-000001 .rvt, file C:\00-NM\Federation Task\C02 + 04\C04\NWC\1104-PAR-1A0415-ZZZ-LS-MOD-000001.nwc]
08:51:41.403  +0036.358s           holds   C:\00-NM\Federation Task\C02 + 04\C04\NWC\1104-PAR-1A0415-ZZZ-LT-MOD-000001.nwc   [source Autodesk Docs://KSA_New Murabba/1104-PAR-1A0415-ZZZ-LT-MOD-000001.rvt, file C:\00-NM\Federation Task\C02 + 04\C04\NWC\1104-PAR-1A0415-ZZZ-LT-MOD-000001.nwc]
08:51:41.405  +0036.360s           holds   C:\00-NM\Federation Task\C02 + 04\C04\NWC\1104-PAR-1A0415-ZZZ-SW-MOD-000001.nwc   [source Autodesk Docs://KSA_New Murabba/1104-PAR-1A0415-ZZZ-SW-MOD-000001.rvt, file C:\00-NM\Federation Task\C02 + 04\C04\NWC\1104-PAR-1A0415-ZZZ-SW-MOD-000001.nwc]
08:51:41.407  +0036.362s  CENSUS   after  APPEND  models 3  sets 0  tests 0  results 0  views 18
08:51:41.412  +0036.368s  CENSUS NOTED  APPEND  saved viewpoints went from 0 to 18, which is what that step does: an NWC exported from Revit carries the saved viewpoints that model was exported with, so appending files brings them in. Nothing was undone and this group can still be DONE
08:51:41.456  +0036.412s  STEP     APPEND        finished 0.271s  3 of 3 appended
08:51:41.459  +0036.414s  STEP     NWF SAVE      started
08:51:41.461  +0036.417s  CENSUS   before NWF SAVE  models 3  sets 0  tests 0  results 0  views 18
08:51:41.485  +0036.441s  NWF      attempt  C:\00-NM\Federation Task\C02 + 04\C04\NWF\1104-PAR-1A0415-ZZZ-BM-MOD-000001.nwf
08:51:41.510  +0036.466s  NWF      written  C:\00-NM\Federation Task\C02 + 04\C04\NWF\1104-PAR-1A0415-ZZZ-BM-MOD-000001.nwf  3,962 bytes
08:51:41.513  +0036.469s  CENSUS   after  NWF SAVE  models 3  sets 0  tests 0  results 0  views 18
08:51:41.520  +0036.475s  STEP     NWF SAVE      finished 0.054s  saved 3962 bytes
08:51:41.523  +0036.479s  STEP     UNITS         started
08:51:41.526  +0036.481s  CENSUS   before UNITS  models 3  sets 0  tests 0  results 0  views 18
08:51:41.565  +0036.521s  UNITS    the document is in Feet (ft) and the report needs Meters (m). Setting every model.
08:51:41.612  +0036.568s  UNITS    3 models set, 0 that would not, document shows Feet (ft). Every report number is converted to Meters (m) before it is written, so the report is metric whatever this says.
08:51:41.614  +0036.570s  CENSUS   after  UNITS  models 3  sets 0  tests 0  results 0  views 18
08:51:41.619  +0036.575s  STEP     UNITS         finished 0.091s  the document was asked for Meters

================================================================
ALIGNMENT 1A0415
================================================================
08:51:41.639  +0036.594s  LS  1104-PAR-1A0415-ZZZ-LS-MOD-000001.nwc is the reference, because this group carries no AR model
08:51:41.640  +0036.595s     LS  1104-PAR-1A0415-ZZZ-LS-MOD-000001.nwc   reference, shared coordinate "Mukaab"
08:51:41.641  +0036.596s     LT  1104-PAR-1A0415-ZZZ-LT-MOD-000001.nwc   same placement, shared coordinate "Default Site"
08:51:41.642  +0036.598s     SW  1104-PAR-1A0415-ZZZ-SW-MOD-000001.nwc   same placement, shared coordinate "Default Site"
08:51:41.658  +0036.613s  all 3 model(s) sit within 1 mm of the reference
08:51:41.659  +0036.615s  this group names 2 different shared coordinates: Default Site, Mukaab

================================================================
EXPORT CHECK 1A0415
================================================================
08:51:41.871  +0036.827s     LS  1104-PAR-1A0415-ZZZ-LS-MOD-000001.nwc   elements 4668   worksets 3   element id 100%
08:51:41.872  +0036.828s     LT  1104-PAR-1A0415-ZZZ-LT-MOD-000001.nwc   elements 219   worksets 1   element id 100%
08:51:41.873  +0036.829s     SW  1104-PAR-1A0415-ZZZ-SW-MOD-000001.nwc   elements 161   worksets 2   element id 100%
08:51:41.875  +0036.830s  all 3 model(s) carry a workset on every element and an element id on every element
08:51:41.876  +0036.832s  worksets seen: LA-HARDSCAPE, LA-SOFTSCAPE, XX-LA_PLACEHOLDER, LA-LANDSCAPE LIGHTING, Shared Levels and Grids
08:51:41.878  +0036.833s     check these against the workset each set in the matrix asks for. The match is CASE SENSITIVE, so ME-Ductwork does not match ME-DUCTWORK and that set finds nothing
08:51:41.879  +0036.835s  no two workset names in this group are close enough to be one word typed twice.
08:51:41.883  +0036.839s  CLASH    source   tests from XML, the picked file holds 61 sets and 1830 tests
08:51:41.885  +0036.841s  STEP     SETS          started
08:51:41.888  +0036.843s  CENSUS   before SETS  models 3  sets 0  tests 0  results 0  views 18
08:51:41.912  +0036.867s  SETS     1A0415, 61 to build, 0 skipped
08:51:41.916  +0036.871s  SET      ran against C:\00-NM\Federation Task\C02 + 04\C04\NWF\1104-PAR-1A0415-ZZZ-BM-MOD-000001.nwf  (3 models loaded)
08:51:41.932  +0036.887s  SET      folder   Architecture
08:51:41.952  +0036.907s  SET      ZERO    lcop_selection_set_tree/Architecture/BLD-AR-Floors  2 conditions  0 items  asked for LcRevitData_Element/LcRevitPropertyElementCategory (Category) equals "Floors" and LcOaNodeSourceFile (Source File) contains "-AR-"
08:51:41.963  +0036.918s  SET      ZERO    lcop_selection_set_tree/Architecture/BLD-AR-Stairs  2 conditions  0 items  asked for LcRevitData_Element/LcRevitPropertyElementCategory (Category) equals "Stairs" and LcOaNodeSourceFile (Source File) contains "-AR-"
08:51:41.973  +0036.929s  SET      ZERO    lcop_selection_set_tree/Architecture/BLD-AR-Ramps  1 condition  0 items  asked for LcRevitData_Element/LcRevitPropertyElementCategory (Category) equals "Ramps"
08:51:41.984  +0036.940s  SET      ZERO    lcop_selection_set_tree/Architecture/BLD-AR-Roofs  1 condition  0 items  asked for LcRevitData_Element/LcRevitPropertyElementCategory (Category) equals "Roofs"
08:51:41.994  +0036.950s  SET      ZERO    lcop_selection_set_tree/Architecture/BLD-AR-Ceilings  1 condition  0 items  asked for LcRevitData_Element/LcRevitPropertyElementCategory (Category) equals "Ceilings"
08:51:42.005  +0036.961s  SET      ZERO    lcop_selection_set_tree/Architecture/BLD-AR-Columns  1 condition  0 items  asked for LcRevitData_Element/LcRevitPropertyElementCategory (Category) equals "Columns"
08:51:42.016  +0036.971s  SET      ZERO    lcop_selection_set_tree/Architecture/BLD-AR-Walls  2 conditions  0 items  asked for LcRevitData_Element/LcRevitPropertyElementCategory (Category) equals "Walls" and LcOaNodeSourceFile (Source File) contains "-AR-"
08:51:42.026  +0036.981s  SET      ZERO    lcop_selection_set_tree/Architecture/BLD-AR-Windows  1 condition  0 items  asked for LcRevitData_Element/LcRevitPropertyElementCategory (Category) equals "Windows"
08:51:42.036  +0036.992s  SET      ZERO    lcop_selection_set_tree/Architecture/BLD-AR-Curtain Panels  1 condition  0 items  asked for LcRevitData_Element/LcRevitPropertyElementCategory (Category) equals "Curtain Panels"
08:51:42.046  +0037.002s  SET      ZERO    lcop_selection_set_tree/Architecture/BLD-AR-Curtain Mullions  1 condition  0 items  asked for LcRevitData_Element/LcRevitPropertyElementCategory (Category) equals "Curtain Wall Mullions"
08:51:42.056  +0037.012s  SET      ZERO    lcop_selection_set_tree/Architecture/BLD-AR-Doors  1 condition  0 items  asked for LcRevitData_Element/LcRevitPropertyElementCategory (Category) equals "Doors"
08:51:42.066  +0037.022s  SET      ZERO    lcop_selection_set_tree/Architecture/BLD-AR-Casework  1 condition  0 items  asked for LcRevitData_Element/LcRevitPropertyElementCategory (Category) equals "Casework"
08:51:42.076  +0037.032s  SET      ok      lcop_selection_set_tree/Architecture/BLD-AR-Furniture  1 condition  29 items
08:51:42.087  +0037.042s  SET      ZERO    lcop_selection_set_tree/Architecture/BLD-AR-Parking  1 condition  0 items  asked for LcRevitData_Element/LcRevitPropertyElementCategory (Category) equals "Parking"
08:51:42.098  +0037.053s  SET      ZERO    lcop_selection_set_tree/Architecture/BLD-AR-Railings  1 condition  0 items  asked for LcRevitData_Element/LcRevitPropertyElementCategory (Category) equals "Railings"
08:51:42.108  +0037.063s  SET      ok      lcop_selection_set_tree/Architecture/BLD-AR-Site  1 condition  18 items
08:51:42.110  +0037.065s  SET      folder   Structure
08:51:42.122  +0037.077s  SET      ZERO    lcop_selection_set_tree/Structure/BLD-ST-Foundation  1 condition  0 items  asked for LcRevitData_Element/LcRevitPropertyElementCategory (Category) equals "Structural Foundations"
08:51:42.131  +0037.087s  SET      ZERO    lcop_selection_set_tree/Structure/BLD-ST-Columns  1 condition  0 items  asked for LcRevitData_Element/LcRevitPropertyElementCategory (Category) equals "Structural Columns"
08:51:42.142  +0037.097s  SET      ZERO    lcop_selection_set_tree/Structure/BLD-ST-Framing  1 condition  0 items  asked for LcRevitData_Element/LcRevitPropertyElementCategory (Category) equals "Structural Framing"
08:51:42.162  +0037.118s  SET      ZERO    lcop_selection_set_tree/Structure/BLD-ST-Walls  2 conditions  0 items  asked for LcRevitData_Element/LcRevitPropertyElementCategory (Category) equals "Walls" and LcOaNodeSourceFile (Source File) contains "-ST-"
08:51:42.192  +0037.148s  SET      ZERO    lcop_selection_set_tree/Structure/BLD-ST-Floors  2 conditions  0 items  asked for LcRevitData_Element/LcRevitPropertyElementCategory (Category) equals "Floors" and LcOaNodeSourceFile (Source File) contains "-ST-"
08:51:42.221  +0037.177s  SET      ZERO    lcop_selection_set_tree/Structure/BLD-ST-Stair  2 conditions  0 items  asked for LcRevitData_Element/LcRevitPropertyElementCategory (Category) equals "Stairs" and LcOaNodeSourceFile (Source File) contains "-ST-"
08:51:42.224  +0037.179s  SET      folder   Mechanical
08:51:42.225  +0037.180s  SET      folder   Mechanical/Mechanical-HVAC
08:51:42.243  +0037.199s  SET      ZERO    lcop_selection_set_tree/Mechanical/Mechanical-HVAC/BLD-ME-Ducts&Duct Fittings  4 conditions  0 items  asked for (LcRevitData_Element/LcRevitPropertyElementCategory (Category) equals "Ducts" and LcRevitData_Element/lcldrevit_parameter_-1002053 (Workset) equals "ME-Ductwork") or (LcRevitData_Element/LcRevitPropertyElementCategory (Category) equals "Duct Fittings" and LcRevitData_Element/lcldrevit_parameter_-1002053 (Workset) equals "ME-Ductwork")
08:51:42.254  +0037.209s  SET      ZERO    lcop_selection_set_tree/Mechanical/Mechanical-HVAC/BLD-ME-Duct Accessory  2 conditions  0 items  asked for LcRevitData_Element/LcRevitPropertyElementCategory (Category) equals "Duct Accessories" and LcRevitData_Element/lcldrevit_parameter_-1002053 (Workset) equals "ME-Ductwork"
08:51:42.264  +0037.220s  SET      ZERO    lcop_selection_set_tree/Mechanical/Mechanical-HVAC/BLD-ME-Mechanical Equipment  2 conditions  0 items  asked for LcRevitData_Element/LcRevitPropertyElementCategory (Category) equals "Mechanical Equipment" and LcRevitData_Element/lcldrevit_parameter_-1002053 (Workset) equals "ME-Equipment"
08:51:42.275  +0037.230s  SET      ZERO    lcop_selection_set_tree/Mechanical/Mechanical-HVAC/BLD-ME-Flex Ducts  2 conditions  0 items  asked for LcRevitData_Element/LcRevitPropertyElementCategory (Category) equals "Flex Ducts" and LcRevitData_Element/lcldrevit_parameter_-1002053 (Workset) equals "ME-Ductwork"
08:51:42.286  +0037.241s  SET      ZERO    lcop_selection_set_tree/Mechanical/Mechanical-HVAC/BLD-ME-Air Terminals  2 conditions  0 items  asked for LcRevitData_Element/LcRevitPropertyElementCategory (Category) equals "Air Terminals" and LcRevitData_Element/lcldrevit_parameter_-1002053 (Workset) equals "ME-Ductwork"
08:51:42.304  +0037.259s  SET      ZERO    lcop_selection_set_tree/Mechanical/Mechanical-HVAC/BLD-ME-Pipes&Pipe Fittings  4 conditions  0 items  asked for (LcRevitData_Element/LcRevitPropertyElementCategory (Category) equals "Pipes" and LcRevitData_Element/lcldrevit_parameter_-1002053 (Workset) equals "ME-Piping") or (LcRevitData_Element/LcRevitPropertyElementCategory (Category) equals "Pipe Fittings" and LcRevitData_Element/lcldrevit_parameter_-1002053 (Workset) equals "ME-Piping")
08:51:42.314  +0037.270s  SET      ZERO    lcop_selection_set_tree/Mechanical/Mechanical-HVAC/BLD-ME-Pipe Accessories  2 conditions  0 items  asked for LcRevitData_Element/LcRevitPropertyElementCategory (Category) equals "Pipe Accessories" and LcRevitData_Element/lcldrevit_parameter_-1002053 (Workset) equals "ME-Piping"
08:51:42.325  +0037.280s  SET      ZERO    lcop_selection_set_tree/Mechanical/Mechanical-HVAC/BLD-ME-Plumbing Fixtures  2 conditions  0 items  asked for LcRevitData_Element/LcRevitPropertyElementCategory (Category) equals "Plumbing Fixtures" and LcRevitData_Element/lcldrevit_parameter_-1002053 (Workset) equals "ME-Piping"
08:51:42.337  +0037.292s  SET      ZERO    lcop_selection_set_tree/Mechanical/Mechanical-HVAC/BLD-ME-Flex Pipes  2 conditions  0 items  asked for LcRevitData_Element/LcRevitPropertyElementCategory (Category) equals "Flex Pipes" and LcRevitData_Element/lcldrevit_parameter_-1002053 (Workset) equals "ME-Piping"
08:51:42.339  +0037.294s  SET      folder   Mechanical/Mechanical-Fire Fighting
08:51:42.349  +0037.305s  SET      ZERO    lcop_selection_set_tree/Mechanical/Mechanical-Fire Fighting/BLD-FF-Mechanical Equipment  2 conditions  0 items  asked for LcRevitData_Element/LcRevitPropertyElementCategory (Category) equals "Mechanical Equipment" and LcRevitData_Element/lcldrevit_parameter_-1002053 (Workset) equals "FF-FIRE FIGHTING"
08:51:42.368  +0037.323s  SET      ZERO    lcop_selection_set_tree/Mechanical/Mechanical-Fire Fighting/BLD-FF-Pipes & Pipe Fittings  4 conditions  0 items  asked for (LcRevitData_Element/LcRevitPropertyElementCategory (Category) equals "Pipes" and LcRevitData_Element/lcldrevit_parameter_-1002053 (Workset) equals "FP-PIPING") or (LcRevitData_Element/LcRevitPropertyElementCategory (Category) equals "Pipe Fittings" and LcRevitData_Element/lcldrevit_parameter_-1002053 (Workset) equals "FP-PIPING")
08:51:42.378  +0037.334s  SET      ZERO    lcop_selection_set_tree/Mechanical/Mechanical-Fire Fighting/BLD-FF-Pipe Accessories  2 conditions  0 items  asked for LcRevitData_Element/LcRevitPropertyElementCategory (Category) equals "Pipe Accessories" and LcRevitData_Element/lcldrevit_parameter_-1002053 (Workset) equals "FP-PIPING"
08:51:42.388  +0037.344s  SET      ZERO    lcop_selection_set_tree/Mechanical/Mechanical-Fire Fighting/BLD-FF-Pipe Insulations  2 conditions  0 items  asked for LcRevitData_Element/LcRevitPropertyElementCategory (Category) equals "Pipe Insulation" and LcRevitData_Element/lcldrevit_parameter_-1002053 (Workset) equals "FP-PIPING"
08:51:42.399  +0037.355s  SET      ZERO    lcop_selection_set_tree/Mechanical/Mechanical-Fire Fighting/BLD-FF-Plumbing Fixtures  2 conditions  0 items  asked for LcRevitData_Element/LcRevitPropertyElementCategory (Category) equals "Plumbing Fixtures" and LcRevitData_Element/lcldrevit_parameter_-1002053 (Workset) equals "FF-FIRE FIGHTING"
08:51:42.411  +0037.367s  SET      ZERO    lcop_selection_set_tree/Mechanical/Mechanical-Fire Fighting/BLD-FF-Sprinklers  2 conditions  0 items  asked for LcRevitData_Element/LcRevitPropertyElementCategory (Category) equals "Sprinklers" and LcRevitData_Element/lcldrevit_parameter_-1002053 (Workset) equals "FP-PIPING"
08:51:42.413  +0037.369s  SET      folder   Mechanical/Mechanical-Water Supply
08:51:42.430  +0037.385s  SET      ZERO    lcop_selection_set_tree/Mechanical/Mechanical-Water Supply/BLD-PL-Mechanical Equipment  2 conditions  0 items  asked for LcRevitData_Element/LcRevitPropertyElementCategory (Category) equals "Mechanical Equipment" and LcRevitData_Element/lcldrevit_parameter_-1002053 (Workset) equals "PL-Domestic water"
08:51:42.448  +0037.404s  SET      ZERO    lcop_selection_set_tree/Mechanical/Mechanical-Water Supply/BLD-PL-Pipes & Pipe Fittings  4 conditions  0 items  asked for (LcRevitData_Element/LcRevitPropertyElementCategory (Category) equals "Pipes" and LcRevitData_Element/lcldrevit_parameter_-1002053 (Workset) equals "PL-Domestic water") or (LcRevitData_Element/LcRevitPropertyElementCategory (Category) equals "Pipe Fittings" and LcRevitData_Element/lcldrevit_parameter_-1002053 (Workset) equals "PL-Domestic water")
08:51:42.459  +0037.414s  SET      ZERO    lcop_selection_set_tree/Mechanical/Mechanical-Water Supply/BLD-PL-Pipe Accessories  2 conditions  0 items  asked for LcRevitData_Element/LcRevitPropertyElementCategory (Category) equals "Pipe Accessories" and LcRevitData_Element/lcldrevit_parameter_-1002053 (Workset) equals "PL-Domestic water"
08:51:42.469  +0037.425s  SET      ZERO    lcop_selection_set_tree/Mechanical/Mechanical-Water Supply/BLD-PL-Pipe Insulations  2 conditions  0 items  asked for LcRevitData_Element/LcRevitPropertyElementCategory (Category) equals "Pipe Insulation" and LcRevitData_Element/lcldrevit_parameter_-1002053 (Workset) equals "PL-Domestic water"
08:51:42.481  +0037.436s  SET      ZERO    lcop_selection_set_tree/Mechanical/Mechanical-Water Supply/BLD-PL-Plumbing Fixtures  2 conditions  0 items  asked for LcRevitData_Element/LcRevitPropertyElementCategory (Category) equals "Plumbing Fixtures" and LcRevitData_Element/lcldrevit_parameter_-1002053 (Workset) equals "PL-Domestic water"
08:51:42.482  +0037.438s  SET      folder   Mechanical/Mechanical-Drainage
08:51:42.493  +0037.448s  SET      ZERO    lcop_selection_set_tree/Mechanical/Mechanical-Drainage/BLD-DR-Mechanical Equipment  2 conditions  0 items  asked for LcRevitData_Element/LcRevitPropertyElementCategory (Category) equals "Mechanical Equipment" and LcRevitData_Element/lcldrevit_parameter_-1002053 (Workset) equals "PL-Drainage"
08:51:42.512  +0037.467s  SET      ZERO    lcop_selection_set_tree/Mechanical/Mechanical-Drainage/BLD-DR-Pipes & Pipe Fittings  4 conditions  0 items  asked for (LcRevitData_Element/LcRevitPropertyElementCategory (Category) equals "Pipes" and LcRevitData_Element/lcldrevit_parameter_-1002053 (Workset) equals "PL-Drainage") or (LcRevitData_Element/LcRevitPropertyElementCategory (Category) equals "Pipe Fittings" and LcRevitData_Element/lcldrevit_parameter_-1002053 (Workset) equals "PL-Drainage")
08:51:42.522  +0037.478s  SET      ZERO    lcop_selection_set_tree/Mechanical/Mechanical-Drainage/BLD-DR-Pipe Accessories  2 conditions  0 items  asked for LcRevitData_Element/LcRevitPropertyElementCategory (Category) equals "Pipe Accessories" and LcRevitData_Element/lcldrevit_parameter_-1002053 (Workset) equals "PL-Drainage"
08:51:42.533  +0037.489s  SET      ZERO    lcop_selection_set_tree/Mechanical/Mechanical-Drainage/BLD-DR-Pipe Insulations  2 conditions  0 items  asked for LcRevitData_Element/LcRevitPropertyElementCategory (Category) equals "Pipe Insulation" and LcRevitData_Element/lcldrevit_parameter_-1002053 (Workset) equals "PL-Drainage"
08:51:42.543  +0037.499s  SET      ZERO    lcop_selection_set_tree/Mechanical/Mechanical-Drainage/BLD-DR-Plumbing Fixtures  2 conditions  0 items  asked for LcRevitData_Element/LcRevitPropertyElementCategory (Category) equals "Plumbing Fixtures" and LcRevitData_Element/lcldrevit_parameter_-1002053 (Workset) equals "PL-Drainage"
08:51:42.546  +0037.501s  SET      folder   Electrical
08:51:42.555  +0037.511s  SET      ZERO    lcop_selection_set_tree/Electrical/BLD-EL-Cable Tray&Cable Tray Fittings  1 condition  0 items  asked for LcRevitData_Element/LcRevitPropertyElementCategory (Category) contains "Cable Tray"
08:51:42.565  +0037.521s  SET      ZERO    lcop_selection_set_tree/Electrical/BLD-EL-Electrical Equipment  1 condition  0 items  asked for LcRevitData_Element/LcRevitPropertyElementCategory (Category) equals "Electrical Equipment"
08:51:42.576  +0037.532s  SET      ZERO    lcop_selection_set_tree/Electrical/BLD-EL-Electrical Fixtures  1 condition  0 items  asked for LcRevitData_Element/LcRevitPropertyElementCategory (Category) equals "Electrical Fixtures"
08:51:42.587  +0037.542s  SET      ZERO    lcop_selection_set_tree/Electrical/BLD-EL-Conduits & Conduit Fittings  1 condition  0 items  asked for LcRevitData_Element/LcRevitPropertyElementCategory (Category) contains "Conduit"
08:51:42.597  +0037.553s  SET      ZERO    lcop_selection_set_tree/Electrical/BLD-EL-Devices  7 conditions  0 items  asked for LcRevitData_Element/LcRevitPropertyElementCategory (Category) contains "Devices" and LcRevitData_Element/LcRevitPropertyElementCategory (Category) equals "Communication Devices" and LcRevitData_Element/LcRevitPropertyElementCategory (Category) equals "Data Devices" and LcRevitData_Element/LcRevitPropertyElementCategory (Category) equals "Fire Alarm Devices" and LcRevitData_Element/LcRevitPropertyElementCategory (Category) equals "Lighting Devices" and LcRevitData_Element/LcRevitPropertyElementCategory (Category) equals "Security Devices" and LcRevitData_Element/LcRevitPropertyElementCategory (Category) equals "Telephone Devices"
08:51:42.609  +0037.565s  SET      ok      lcop_selection_set_tree/Electrical/BLD-EL-Lighting Fixtures  1 condition  246 items
08:51:42.619  +0037.575s  SET      ZERO    lcop_selection_set_tree/Electrical/BLD-EL-Lighting Devices  1 condition  0 items  asked for LcRevitData_Element/LcRevitPropertyElementCategory (Category) equals "Lighting Devices"
08:51:42.630  +0037.585s  SET      ZERO    lcop_selection_set_tree/Electrical/BLD-EL-Fire Alarm Devices  1 condition  0 items  asked for LcRevitData_Element/LcRevitPropertyElementCategory (Category) equals "Fire Alarm Devices"
08:51:42.639  +0037.595s  SET      ZERO    lcop_selection_set_tree/Electrical/BLD-EL-Telecom Equipment  1 condition  0 items  asked for LcRevitData_Element/LcRevitPropertyElementCategory (Category) equals "Telephone Equipment"
08:51:42.650  +0037.606s  SET      ZERO    lcop_selection_set_tree/Electrical/BLD-EL-Telecom Fixtures  1 condition  0 items  asked for LcRevitData_Element/LcRevitPropertyElementCategory (Category) equals "Telephone Devices"
08:51:42.660  +0037.616s  SET      ZERO    lcop_selection_set_tree/Electrical/BLD-Security Devices  1 condition  0 items  asked for LcRevitData_Element/LcRevitPropertyElementCategory (Category) equals "Security Devices"
08:51:42.670  +0037.626s  SET      ZERO    lcop_selection_set_tree/Electrical/BLD-EL-Communication Devices  1 condition  0 items  asked for LcRevitData_Element/LcRevitPropertyElementCategory (Category) equals "Communication Devices"
08:51:42.681  +0037.637s  SET      ZERO    lcop_selection_set_tree/Electrical/BLD-EL-Telephone Devices  1 condition  0 items  asked for LcRevitData_Element/LcRevitPropertyElementCategory (Category) equals "Telephone Devices"
08:51:42.692  +0037.648s  SET      ZERO    lcop_selection_set_tree/Electrical/BLD-EL-Data Devices  1 condition  0 items  asked for LcRevitData_Element/LcRevitPropertyElementCategory (Category) equals "Data Devices"
08:51:42.700  +0037.656s  SETS     1A0415 put into the document: 61 created, 0 already there and left alone
08:51:42.703  +0037.659s  CENSUS   after  SETS  models 3  sets 61  tests 0  results 0  views 18
08:51:42.710  +0037.665s  STEP     SETS          finished 0.818s  61 created, 0 already there, 3 finding items, 58 at zero.
08:51:42.724  +0037.680s  CLASH    1A0415, 1830 in the file, 1830 to create, 0 skipped before the model
08:51:42.732  +0037.687s  REVIEWED rule B reads C:\Users\bader\Documents\GitHub\PAR_NWC-Federator-V2\samples\by-design-pairs.csv, 55 pairs
08:51:42.734  +0037.690s  OUTPUTS  workbook on, XML off, HTML on, images on
08:51:42.737  +0037.693s  CLASH    Images on, 1024 by 1024 pixels, New, Active, Reviewed only, no cap per test, linked rather than pasted in.
08:51:42.741  +0037.697s  CLASH    ran against C:\00-NM\Federation Task\C02 + 04\C04\NWF\1104-PAR-1A0415-ZZZ-BM-MOD-000001.nwf  (3 models loaded)
08:51:42.742  +0037.698s  CLASH    the document measures in ft, every tolerance was converted into it
08:51:42.746  +0037.703s  CLASH    the document holds 61 sets and the tests name 61 sets
08:51:42.752  +0037.708s  CLASH    the document already holds 0 clash tests, so everything created here is new
08:51:42.758  +0037.714s  CLASH    counted the items of 61 sets for the creation plan in 0.0000512s
08:51:42.761  +0037.717s  CLASH 1830 in the file, 3 created, 1827 not created, a side finds nothing
08:51:42.766  +0037.721s  CLASH    SKIPPED  BLD-AR-Stairs-vs-BLD-AR-Floors  both sides find nothing in this model, left "lcop_selection_set_tree/Architecture/BLD-AR-Stairs" and right "lcop_selection_set_tree/Architecture/BLD-AR-Floors"
08:51:42.767  +0037.722s  CLASH    SKIPPED  BLD-AR-Ramps-vs-BLD-AR-Floors  both sides find nothing in this model, left "lcop_selection_set_tree/Architecture/BLD-AR-Ramps" and right "lcop_selection_set_tree/Architecture/BLD-AR-Floors"
08:51:42.769  +0037.724s  CLASH    SKIPPED  BLD-AR-Ramps-vs-BLD-AR-Stairs  both sides find nothing in this model, left "lcop_selection_set_tree/Architecture/BLD-AR-Ramps" and right "lcop_selection_set_tree/Architecture/BLD-AR-Stairs"
08:51:42.770  +0037.725s  CLASH    SKIPPED  BLD-AR-Roofs-vs-BLD-AR-Floors  both sides find nothing in this model, left "lcop_selection_set_tree/Architecture/BLD-AR-Roofs" and right "lcop_selection_set_tree/Architecture/BLD-AR-Floors"
08:51:42.772  +0037.727s  CLASH    SKIPPED  BLD-AR-Roofs-vs-BLD-AR-Stairs  both sides find nothing in this model, left "lcop_selection_set_tree/Architecture/BLD-AR-Roofs" and right "lcop_selection_set_tree/Architecture/BLD-AR-Stairs"
08:51:42.773  +0037.729s  CLASH    further skips for "a side finds nothing in this model" are counted, not listed. The block at the end carries the total.
08:51:42.834  +0037.789s  STEP     TESTS CREATE  started
08:51:42.845  +0037.800s  CENSUS   before TESTS CREATE  models 3  sets 61  tests 0  results 0  views 18
08:51:42.869  +0037.825s  CLASH    created  BLD-AR-Site-vs-BLD-AR-Furniture  hard_conservative  tolerance 25 mm chosen in the tool is 0.082020997375 ft  merge composites on
08:51:42.873  +0037.828s  CENSUS   after  TESTS CREATE  models 3  sets 61  tests 1  results 0  views 18
08:51:42.879  +0037.834s  STEP     TESTS CREATE  finished 0.038s  BLD-AR-Site-vs-BLD-AR-Furniture
08:51:42.882  +0037.837s  STEP     TESTS RUN     started
08:51:42.884  +0037.839s  CENSUS   before TESTS RUN  models 3  sets 61  tests 1  results 0  views 18
08:51:42.931  +0037.887s  CENSUS   after  TESTS RUN  models 3  sets 61  tests 1  results 0  views 18
08:51:42.937  +0037.893s  STEP     TESTS RUN     finished 0.050s  BLD-AR-Site-vs-BLD-AR-Furniture
08:51:42.944  +0037.899s  STEP     HARVEST       started
08:51:42.946  +0037.901s  CENSUS   before HARVEST  models 3  sets 61  tests 1  results 0  views 18
08:51:42.964  +0037.919s  CENSUS   after  HARVEST  models 3  sets 61  tests 1  results 0  views 18
08:51:42.973  +0037.928s  STEP     HARVEST       finished 0.020s  BLD-AR-Site-vs-BLD-AR-Furniture
08:51:42.976  +0037.932s  ROWS     BLD-AR-Site-vs-BLD-AR-Furniture  0 rows for the workbook, 0 clashes in the document, they agree
08:51:42.979  +0037.935s  CLASH    passed  BLD-AR-Site-vs-BLD-AR-Furniture  items 18 v 29  none  0.0s
08:51:43.000  +0037.956s  STEP     TESTS CREATE  entered again. Every further visit in this group is counted, not written out
08:51:43.017  +0037.972s  CLASH    created  BLD-EL-Lighting Fixtures-vs-BLD-AR-Furniture  hard_conservative  tolerance 25 mm chosen in the tool is 0.082020997375 ft  merge composites on
08:51:43.019  +0037.974s  STEP     TESTS RUN     entered again. Every further visit in this group is counted, not written out
08:51:43.059  +0038.015s  STEP     HARVEST       entered again. Every further visit in this group is counted, not written out
08:51:43.078  +0038.034s  ROWS     BLD-EL-Lighting Fixtures-vs-BLD-AR-Furniture  0 rows for the workbook, 0 clashes in the document, they agree
08:51:43.082  +0038.037s  CLASH    passed  BLD-EL-Lighting Fixtures-vs-BLD-AR-Furniture  items 246 v 29  none  0.0s
08:51:43.095  +0038.051s  CLASH    3 of 3 tests, 2 run, 1827 skipped, 0 clashes so far
08:51:43.126  +0038.081s  CLASH    created  BLD-EL-Lighting Fixtures-vs-BLD-AR-Site  hard_conservative  tolerance 25 mm chosen in the tool is 0.082020997375 ft  merge composites on
08:51:43.177  +0038.133s  ROWS     BLD-EL-Lighting Fixtures-vs-BLD-AR-Site  0 rows for the workbook, 0 clashes in the document, they agree
08:51:43.181  +0038.136s  CLASH    passed  BLD-EL-Lighting Fixtures-vs-BLD-AR-Site  items 246 v 18  none  0.0s
08:51:43.183  +0038.138s  TOLERANCE 25 mm chosen in the tool, so it beats both the XML and the document. Set on 3 tests, 3 created fresh and 0 already in the document. 25 mm is 0.082021 ft in this document
08:51:43.195  +0038.150s  PRIORITY read C:\Users\bader\Downloads\clash-priority-map.csv, 1830 rows
08:51:43.205  +0038.160s  PRIORITY 1830 in the file, 1830 tests in this run, 1830 matched, 0 not named by the file

================================================================
PRIORITY 1A0415
================================================================
08:51:43.213  +0038.169s  PRIORITY clashes by priority, 0 in all
08:51:43.215  +0038.171s           A           : 0
08:51:43.216  +0038.172s           B           : 0
08:51:43.218  +0038.174s           C           : 0
08:51:43.219  +0038.175s           No priority : 0

================================================================
CLASH 1A0415
================================================================
08:51:43.233  +0038.188s  PASSED 3 tests, ran and found nothing
08:51:43.235  +0038.190s          passed  BLD-AR-Site-vs-BLD-AR-Furniture  items 18 v 29  none  0.0s
08:51:43.236  +0038.192s          passed  BLD-EL-Lighting Fixtures-vs-BLD-AR-Furniture  items 246 v 29  none  0.0s
08:51:43.238  +0038.193s          passed  BLD-EL-Lighting Fixtures-vs-BLD-AR-Site  items 246 v 18  none  0.0s
08:51:43.239  +0038.195s  SKIPPED 1827 tests, a side finds nothing in this model
08:51:43.241  +0038.197s          BLD-AR-Stairs-vs-BLD-AR-Floors  both sides find nothing in this model, left "lcop_selection_set_tree/Architecture/BLD-AR-Stairs" and right "lcop_selection_set_tree/Architecture/BLD-AR-Floors"
08:51:43.243  +0038.198s          BLD-AR-Ramps-vs-BLD-AR-Floors  both sides find nothing in this model, left "lcop_selection_set_tree/Architecture/BLD-AR-Ramps" and right "lcop_selection_set_tree/Architecture/BLD-AR-Floors"
08:51:43.244  +0038.200s          BLD-AR-Ramps-vs-BLD-AR-Stairs  both sides find nothing in this model, left "lcop_selection_set_tree/Architecture/BLD-AR-Ramps" and right "lcop_selection_set_tree/Architecture/BLD-AR-Stairs"
08:51:43.246  +0038.202s          BLD-AR-Roofs-vs-BLD-AR-Floors  both sides find nothing in this model, left "lcop_selection_set_tree/Architecture/BLD-AR-Roofs" and right "lcop_selection_set_tree/Architecture/BLD-AR-Floors"
08:51:43.247  +0038.203s          BLD-AR-Roofs-vs-BLD-AR-Stairs  both sides find nothing in this model, left "lcop_selection_set_tree/Architecture/BLD-AR-Roofs" and right "lcop_selection_set_tree/Architecture/BLD-AR-Stairs"
08:51:43.249  +0038.205s          and 1822 more skipped for the same reason, counted and not listed
08:51:43.250  +0038.207s  
08:51:43.252  +0038.208s  ran against       : C:\00-NM\Federation Task\C02 + 04\C04\NWF\1104-PAR-1A0415-ZZZ-BM-MOD-000001.nwf  (3 models loaded)
08:51:43.254  +0038.210s  tests in the file : 1830
08:51:43.256  +0038.212s  tests created     : 3
08:51:43.257  +0038.213s  tests skipped     : 1827, not run and not passed
08:51:43.260  +0038.215s       1827  a side finds nothing in this model
08:51:43.261  +0038.217s  tests run         : 3
08:51:43.263  +0038.218s      passed        : 3, ran and found nothing
08:51:43.265  +0038.220s      with clashes  : 0
08:51:43.266  +0038.221s  clashes found     : 0
08:51:43.268  +0038.223s      New       : 0
08:51:43.269  +0038.225s      Active    : 0
08:51:43.271  +0038.226s      Reviewed  : 0
08:51:43.272  +0038.228s      Approved  : 0
08:51:43.273  +0038.229s      Resolved  : 0
08:51:43.275  +0038.231s  clash step took   : 0.4 seconds

================================================================
PENETRATION 1A0415
================================================================
08:51:43.313  +0038.269s  
08:51:43.315  +0038.270s  clashes looked at : 0
08:51:43.316  +0038.272s  moved to Reviewed : 0
08:51:43.317  +0038.273s          0  the service is over the size, left alone
08:51:43.319  +0038.275s          0  no size could be read off the service, left alone
08:51:43.321  +0038.276s          0  a person had already set it, left alone
08:51:43.322  +0038.278s          0  both sides a service, left alone
08:51:43.324  +0038.279s          0  both sides a solid, left alone
08:51:43.325  +0038.281s          0  not a service against a solid, left alone
08:51:43.327  +0038.282s  the size in use   : 150mm or under is a penetration, over it stays as it was
08:51:43.329  +0038.284s  Nothing moved. Every clash is exactly as it was.

================================================================
BY DESIGN 1A0415
================================================================
08:51:43.337  +0038.292s  
08:51:43.338  +0038.294s  clashes looked at : 0
08:51:43.340  +0038.295s  moved to Reviewed : 0
08:51:43.341  +0038.297s          0  the two sets are not a pair in the file
08:51:43.342  +0038.298s          0  already Reviewed, Approved or Resolved, so somebody decided and it stands
08:51:43.345  +0038.300s          0  the penetration rule already asked for this one, so it moved there
08:51:43.346  +0038.301s          0  a side of the test named no set, so there was no pair to look for
08:51:43.348  +0038.303s  Nothing moved. Every clash is exactly as it was.
08:51:43.358  +0038.313s  IMAGES   numbered in report order: 0 renamed, 0 already right, 0 missing
08:51:43.360  +0038.316s  IMAGES   none written.
08:51:43.362  +0038.318s  CLASH    1A0415 finished. 3 created, 3 run, 3 passed, 1827 skipped, 0 clashes in 0.4s.
08:51:43.365  +0038.321s  STEP     VIEWS         started
08:51:43.368  +0038.323s  CENSUS   before VIEWS  models 3  sets 61  tests 3  results 0  views 18
08:51:43.394  +0038.349s  VIEWS    the model each clash item lives in was read for 0 of 0 clash(es) in scope
08:51:43.396  +0038.351s  VIEWS    both clashing items were pointed at for 0 of 0 clash(es) in scope
08:51:43.411  +0038.367s  CENSUS   after  VIEWS  models 3  sets 61  tests 3  results 0  views 18
08:51:43.417  +0038.372s  STEP     VIEWS         finished 0.046s  No viewpoint was planned for this group.

================================================================
VIEWS 1A0415
================================================================
08:51:43.426  +0038.382s  clashes looked at : 0
08:51:43.427  +0038.383s  viewpoints planned: 0
08:51:43.429  +0038.385s          0  Approved or Resolved, so nobody is looking at it
08:51:43.430  +0038.386s          0  a service at or under the threshold, which is a penetration and not a coordination item
08:51:43.432  +0038.388s  size could not be read : 0, every one of them is in its pair folder and none was dropped
08:51:43.433  +0038.389s  a set name with no code this tool knows : 0, every one of them is in a folder saying UNKNOWN and none was guessed at

================================================================
VIEWS BUILT 1A0415
================================================================
08:51:43.442  +0038.398s  
08:51:43.444  +0038.400s  views created     : 0
08:51:43.446  +0038.401s  put into the document: 0 created, 0 already there and left alone
08:51:43.447  +0038.403s  STEP     NWF SAVE      entered again. Every further visit in this group is counted, not written out
08:51:43.482  +0038.438s  NWF      attempt  C:\00-NM\Federation Task\C02 + 04\C04\NWF\1104-PAR-1A0415-ZZZ-BM-MOD-000001.nwf
08:51:43.505  +0038.460s  NWF      written  C:\00-NM\Federation Task\C02 + 04\C04\NWF\1104-PAR-1A0415-ZZZ-BM-MOD-000001.nwf  24,065 bytes
08:51:43.511  +0038.466s  UNITS    every number converted from ft to m, one ft is 0.3048 m, 1830 tests and 0 rows. The report is written in Meters (m)
08:51:43.513  +0038.468s  STEP     WORKBOOK      started
08:51:43.515  +0038.471s  CENSUS   before WORKBOOK  models 3  sets 61  tests 3  results 0  views 18
08:51:43.560  +0038.515s  XLSX     attempt  C:\00-NM\Federation Task\C02 + 04\C04\Clash Report\1104-PAR-1A0415-ZZZ-BM-MOD-000001.xlsx
08:51:43.907  +0038.863s  BUNDLE   System.Numerics.Vectors, Version=4.1.3.0, Culture=neutral, PublicKeyToken=b03f5f7f11d50a3a resolved from C:\Users\bader\AppData\Roaming\Autodesk\ApplicationPlugins\ParsonsNwcFederator.bundle\Contents\v22\System.Numerics.Vectors.dll
08:51:43.916  +0038.872s  BUNDLE   System.Memory was already loaded, that one was used
08:51:43.928  +0038.884s  BUNDLE   System.Runtime.CompilerServices.Unsafe, Version=4.0.4.1, Culture=neutral, PublicKeyToken=b03f5f7f11d50a3a resolved from C:\Users\bader\AppData\Roaming\Autodesk\ApplicationPlugins\ParsonsNwcFederator.bundle\Contents\v22\System.Runtime.CompilerServices.Unsafe.dll
08:51:43.961  +0038.916s  BUNDLE   System.Buffers, Version=4.0.2.0, Culture=neutral, PublicKeyToken=cc7b13ffcd2ddd51 resolved from C:\Users\bader\AppData\Roaming\Autodesk\ApplicationPlugins\ParsonsNwcFederator.bundle\Contents\v22\System.Buffers.dll
08:51:46.041  +0040.996s  XLSX     written  C:\00-NM\Federation Task\C02 + 04\C04\Clash Report\1104-PAR-1A0415-ZZZ-BM-MOD-000001.xlsx  95,038 bytes

================================================================
WORKBOOK CHECK 1A0415
================================================================
08:51:46.658  +0041.614s  CHECK    1 sheet, "1104-PAR-1A0415-ZZZ-BM-MOD-0000", 0 test blocks, 0 clash rows.
08:51:46.660  +0041.616s           The sheet has no clash table at all, so nothing on it could be compared with the client's report.
08:51:46.661  +0041.618s           The client column set was read from clash_report_html_tabular.xsl in the Navisworks install and from the exports in samples\client-report, never from a list typed into this tool.
08:51:46.665  +0041.620s  BLOCKS   0 in the workbook against 1830 tests in the file. THE WORKBOOK MUST CARRY A BLOCK FOR EVERY TEST IN THE FILE, whether or not the test was created, because the client's report is the whole matrix
08:51:46.677  +0041.633s  CENSUS   after  WORKBOOK  models 3  sets 61  tests 3  results 0  views 18
08:51:46.683  +0041.638s  STEP     WORKBOOK      finished 3.165s  wrote 95038 bytes
08:51:46.685  +0041.641s  STEP     HTML          started
08:51:46.688  +0041.643s  CENSUS   before HTML  models 3  sets 61  tests 3  results 0  views 18
08:51:46.727  +0041.683s  HTML     attempt  C:\00-NM\Federation Task\C02 + 04\C04\Clash Report\1104-PAR-1A0415-ZZZ-BM-MOD-000001.html
08:51:46.732  +0041.688s  LOGO     C:\Program Files\Autodesk\Navisworks Manage 2025\Images\logo.jpg copied into C:\00-NM\Federation Task\C02 + 04\C04\Clash Report\1104-PAR-1A0415-ZZZ-BM-MOD-000001_files
08:51:46.825  +0041.781s  HTML     written  C:\00-NM\Federation Task\C02 + 04\C04\Clash Report\1104-PAR-1A0415-ZZZ-BM-MOD-000001.html  2,683,307 bytes

================================================================
REPORT CHECK 1A0415
================================================================
08:51:46.965  +0041.921s  CHECK    0 clash rows on the page.
08:51:46.966  +0041.922s           Item ID filled on 0 of 0 for item 1 and 0 of 0 for item 2.
08:51:46.968  +0041.924s           no Item ID was found at all.
08:51:46.970  +0041.926s           no column the client's report does not have.
08:51:46.971  +0041.927s           the tolerance cell reads 0.025m
08:51:46.973  +0041.929s           0 picture references, 0 with a backslash, 0 on disk.
08:51:46.975  +0041.930s           the logo is 1104-PAR-1A0415-ZZZ-BM-MOD-000001_files\logo.jpg and it is on disk.
08:51:46.977  +0041.932s           Nothing wrong with it.
08:51:46.978  +0041.934s           The client column set was read from clash_report_html_tabular.xsl in the Navisworks install and from the exports in samples\client-report, never from a list typed into this tool.
08:51:46.989  +0041.945s  CENSUS   after  HTML  models 3  sets 61  tests 3  results 0  views 18
08:51:46.996  +0041.951s  STEP     HTML          finished 0.304s  wrote 2683307 bytes
08:51:46.999  +0041.954s  XML      skipped  not wanted this run
08:51:47.000  +0041.956s  STEP     NWD           started
08:51:47.003  +0041.958s  CENSUS   before NWD  models 3  sets 61  tests 3  results 0  views 18
08:51:47.036  +0041.992s  NWD      attempt  C:\00-NM\Federation Task\C02 + 04\C04\NWD\1104-PAR-1A0415-ZZZ-BM-MOD-000001.nwd
08:51:47.040  +0041.996s  NWD      publish properties set: Title=1104-PAR-1A0415-ZZZ-BM-MOD-000001, Publisher=Parsons NWC Federator, Subject=Federation of building 1A0415, Author=bader, AllowResave=true, EmbedDatabaseProperties=true, PreventObjectPropertyExport=false
08:51:49.151  +0044.106s  NWD      written  C:\00-NM\Federation Task\C02 + 04\C04\NWD\1104-PAR-1A0415-ZZZ-BM-MOD-000001.nwd  21,245,379 bytes
08:51:49.155  +0044.111s  CENSUS   after  NWD  models 3  sets 61  tests 3  results 0  views 18
08:51:49.160  +0044.116s  STEP     NWD           finished 2.155s  published 21245379 bytes
08:51:49.163  +0044.118s  STEP     CONFIRM       started
08:51:49.166  +0044.122s  CENSUS   before CONFIRM  models 3  sets 61  tests 3  results 0  views 18
08:51:49.207  +0044.163s  NWF      intact   C:\00-NM\Federation Task\C02 + 04\C04\NWF\1104-PAR-1A0415-ZZZ-BM-MOD-000001.nwf  24,065 bytes, unchanged by publishing the NWD
08:51:49.210  +0044.165s  CENSUS   after  CONFIRM  models 3  sets 61  tests 3  results 0  views 18
08:51:49.215  +0044.170s  STEP     CONFIRM       finished 0.047s  the NWF is 24065 bytes

================================================================
GAP 1A0415
================================================================
08:51:49.229  +0044.184s  nothing measured this group reaches no output. The report carries everything the run read
08:51:49.237  +0044.193s  STEP     NWF SAVE      2 visits, 0.115s in total
08:51:49.238  +0044.195s  STEP     TESTS CREATE  3 visits, 0.087s in total
08:51:49.240  +0044.196s  STEP     TESTS RUN     3 visits, 0.128s in total
08:51:49.242  +0044.198s  STEP     HARVEST       3 visits, 0.050s in total
08:51:49.248  +0044.203s  CENSUS   cost 0.003s over 26 counts in this group. That is inside the 1.000s a group is allowed
08:51:49.251  +0044.206s  GROUP    finished 1A0415  DONE  8.198s  First run

================================================================
TIMING 1A0415
================================================================
08:51:49.262  +0044.218s  WORKBOOK                  3.165s   38.6%
08:51:49.264  +0044.220s  NWD                       2.155s   26.3%
08:51:49.266  +0044.222s  SETS                      0.818s   10.0%
08:51:49.268  +0044.224s  HTML                      0.304s    3.7%
08:51:49.269  +0044.226s  APPEND                    0.271s    3.3%
08:51:49.272  +0044.227s  TESTS RUN                 0.128s    1.6%  3 visits
08:51:49.273  +0044.229s  NWF SAVE                  0.115s    1.4%  2 visits
08:51:49.275  +0044.230s  UNITS                     0.091s    1.1%
08:51:49.276  +0044.232s  TESTS CREATE              0.087s    1.1%  3 visits
08:51:49.278  +0044.233s  HARVEST                   0.050s    0.6%  3 visits
08:51:49.279  +0044.235s  CONFIRM                   0.047s    0.6%
08:51:49.281  +0044.236s  VIEWS                     0.046s    0.6%
08:51:49.283  +0044.239s  DECIDE                    0.033s    0.4%
08:51:49.285  +0044.241s  outside every step        0.888s   10.8%
08:51:49.287  +0044.243s  
08:51:49.288  +0044.244s  group total               8.198s
08:51:49.290  +0044.246s  outside every step is the work between them and the work nothing times yet
08:51:49.312  +0044.268s  GROUP    started  1A04EP  5 files
                          file     : C:\00-NM\Federation Task\C02 + 04\C04\NWC\1104-PAR-1A04EP-ZZZ-AR-MOD-000001.nwc
                          file     : C:\00-NM\Federation Task\C02 + 04\C04\NWC\1104-PAR-1A04EP-ZZZ-EL-MOD-000001.nwc
                          file     : C:\00-NM\Federation Task\C02 + 04\C04\NWC\1104-PAR-1A04EP-ZZZ-ME-MOD-000001.nwc
                          file     : C:\00-NM\Federation Task\C02 + 04\C04\NWC\1104-PAR-1A04EP-ZZZ-ST-MOD-000001.nwc
                          file     : C:\00-NM\Federation Task\C02 + 04\C04\NWC\1104-PAR-1A04EP-ZZZ-ST-MOD-000002.nwc
08:51:49.325  +0044.281s  CLEAR    the document, at the top of 1A04EP, before Decide
08:51:49.368  +0044.324s  CENSUS CLEAR  the document was emptied and every count read zero
08:51:49.372  +0044.327s  STEP     DECIDE        started
08:51:49.375  +0044.330s  CENSUS   before DECIDE  models 0  sets 0  tests 0  results 0  views 0
08:51:49.392  +0044.348s  CENSUS   after  DECIDE  models 0  sets 0  tests 0  results 0  views 0
08:51:49.399  +0044.354s  STEP     DECIDE        finished 0.021s  First run
08:51:49.403  +0044.358s  BUILD    no NWF at C:\00-NM\Federation Task\C02 + 04\C04\NWF\1104-PAR-1A04EP-ZZZ-BM-MOD-000001.nwf, building it from 5 files
08:51:49.405  +0044.361s  CLEAR    the document, before building 1A04EP from scratch
08:51:49.411  +0044.367s  STEP     APPEND        started
08:51:49.415  +0044.370s  CENSUS   before APPEND  models 0  sets 0  tests 0  results 0  views 0
08:51:49.439  +0044.395s  APPEND   attempt  C:\00-NM\Federation Task\C02 + 04\C04\NWC\1104-PAR-1A04EP-ZZZ-AR-MOD-000001.nwc
08:51:49.553  +0044.508s  APPEND   ok      C:\00-NM\Federation Task\C02 + 04\C04\NWC\1104-PAR-1A04EP-ZZZ-AR-MOD-000001.nwc  4,565,345 bytes
08:51:49.563  +0044.518s  APPEND   attempt  C:\00-NM\Federation Task\C02 + 04\C04\NWC\1104-PAR-1A04EP-ZZZ-EL-MOD-000001.nwc
08:51:49.622  +0044.578s  APPEND   ok      C:\00-NM\Federation Task\C02 + 04\C04\NWC\1104-PAR-1A04EP-ZZZ-EL-MOD-000001.nwc  2,438,953 bytes
08:51:49.626  +0044.582s  APPEND   attempt  C:\00-NM\Federation Task\C02 + 04\C04\NWC\1104-PAR-1A04EP-ZZZ-ME-MOD-000001.nwc
08:51:49.778  +0044.733s  APPEND   ok      C:\00-NM\Federation Task\C02 + 04\C04\NWC\1104-PAR-1A04EP-ZZZ-ME-MOD-000001.nwc  8,515,233 bytes
08:51:49.781  +0044.736s  APPEND   attempt  C:\00-NM\Federation Task\C02 + 04\C04\NWC\1104-PAR-1A04EP-ZZZ-ST-MOD-000001.nwc
08:51:49.831  +0044.787s  APPEND   ok      C:\00-NM\Federation Task\C02 + 04\C04\NWC\1104-PAR-1A04EP-ZZZ-ST-MOD-000001.nwc  4,171,899 bytes
08:51:49.834  +0044.790s  APPEND   attempt  C:\00-NM\Federation Task\C02 + 04\C04\NWC\1104-PAR-1A04EP-ZZZ-ST-MOD-000002.nwc
08:51:49.878  +0044.834s  APPEND   ok      C:\00-NM\Federation Task\C02 + 04\C04\NWC\1104-PAR-1A04EP-ZZZ-ST-MOD-000002.nwc  38,925 bytes
08:51:49.881  +0044.837s  APPEND   5 of 5 appended for 1A04EP
08:51:49.883  +0044.839s           holds   C:\00-NM\Federation Task\C02 + 04\C04\NWC\1104-PAR-1A04EP-ZZZ-AR-MOD-000001.nwc   [source Autodesk Docs://KSA_New Murabba/1104-PAR-0000EP-ZZZ-AR-MOD-000001.rvt, file C:\00-NM\Federation Task\C02 + 04\C04\NWC\1104-PAR-1A04EP-ZZZ-AR-MOD-000001.nwc]
08:51:49.886  +0044.842s           holds   C:\00-NM\Federation Task\C02 + 04\C04\NWC\1104-PAR-1A04EP-ZZZ-EL-MOD-000001.nwc   [source Autodesk Docs://KSA_New Murabba/1104-PAR-0000EP-ZZZ-EL-MOD-000001.rvt, file C:\00-NM\Federation Task\C02 + 04\C04\NWC\1104-PAR-1A04EP-ZZZ-EL-MOD-000001.nwc]
08:51:49.888  +0044.844s           holds   C:\00-NM\Federation Task\C02 + 04\C04\NWC\1104-PAR-1A04EP-ZZZ-ME-MOD-000001.nwc   [source Autodesk Docs://KSA_New Murabba/1104-PAR-0000EP-ZZZ-ME-MOD-000001.rvt, file C:\00-NM\Federation Task\C02 + 04\C04\NWC\1104-PAR-1A04EP-ZZZ-ME-MOD-000001.nwc]
08:51:49.890  +0044.846s           holds   C:\00-NM\Federation Task\C02 + 04\C04\NWC\1104-PAR-1A04EP-ZZZ-ST-MOD-000001.nwc   [source Autodesk Docs://KSA_New Murabba/1104-PAR-0000EP-ZZZ-ST-MOD-000001.rvt, file C:\00-NM\Federation Task\C02 + 04\C04\NWC\1104-PAR-1A04EP-ZZZ-ST-MOD-000001.nwc]
08:51:49.893  +0044.849s           holds   C:\00-NM\Federation Task\C02 + 04\C04\NWC\1104-PAR-1A04EP-ZZZ-ST-MOD-000002.nwc   [source Autodesk Docs://KSA_New Murabba/1104-PAR-1A04EP-ZZZ-ST-MOD-000002.rvt, file C:\00-NM\Federation Task\C02 + 04\C04\NWC\1104-PAR-1A04EP-ZZZ-ST-MOD-000002.nwc]
08:51:49.896  +0044.851s  CENSUS   after  APPEND  models 5  sets 0  tests 0  results 0  views 57
08:51:49.901  +0044.856s  CENSUS NOTED  APPEND  saved viewpoints went from 0 to 57, which is what that step does: an NWC exported from Revit carries the saved viewpoints that model was exported with, so appending files brings them in. Nothing was undone and this group can still be DONE
08:51:50.108  +0045.063s  STEP     APPEND        finished 0.484s  5 of 5 appended
08:51:50.111  +0045.066s  STEP     NWF SAVE      started
08:51:50.114  +0045.069s  CENSUS   before NWF SAVE  models 5  sets 0  tests 0  results 0  views 57
08:51:50.315  +0045.271s  NWF      attempt  C:\00-NM\Federation Task\C02 + 04\C04\NWF\1104-PAR-1A04EP-ZZZ-BM-MOD-000001.nwf
08:51:50.340  +0045.296s  NWF      written  C:\00-NM\Federation Task\C02 + 04\C04\NWF\1104-PAR-1A04EP-ZZZ-BM-MOD-000001.nwf  4,197 bytes
08:51:50.361  +0045.317s  CENSUS   after  NWF SAVE  models 5  sets 0  tests 0  results 0  views 57
08:51:50.367  +0045.323s  STEP     NWF SAVE      finished 0.251s  saved 4197 bytes
08:51:50.369  +0045.325s  STEP     UNITS         started
08:51:50.372  +0045.328s  CENSUS   before UNITS  models 5  sets 0  tests 0  results 0  views 57
08:51:50.550  +0045.505s  UNITS    the document is in Feet (ft) and the report needs Meters (m). Setting every model.
08:51:50.651  +0045.606s  UNITS    5 models set, 0 that would not, document shows Feet (ft). Every report number is converted to Meters (m) before it is written, so the report is metric whatever this says.
08:51:50.653  +0045.609s  CENSUS   after  UNITS  models 5  sets 0  tests 0  results 0  views 57
08:51:50.658  +0045.614s  STEP     UNITS         finished 0.283s  the document was asked for Meters

================================================================
ALIGNMENT 1A04EP
================================================================
08:51:50.668  +0045.623s  AR  1104-PAR-1A04EP-ZZZ-AR-MOD-000001.nwc is the reference
08:51:50.669  +0045.625s     AR  1104-PAR-1A04EP-ZZZ-AR-MOD-000001.nwc   reference, shared coordinate "Exhibition Pavilion"
08:51:50.671  +0045.627s     EL  1104-PAR-1A04EP-ZZZ-EL-MOD-000001.nwc   DIFFERENT  dx -0.03 mm  dy -0.04 mm  dz -60 mm, shared coordinate "67 - S01"
08:51:50.673  +0045.628s        ask the EL originator to re-export on the project shared coordinates
08:51:50.674  +0045.630s     ME  1104-PAR-1A04EP-ZZZ-ME-MOD-000001.nwc   same placement, shared coordinate "16-S01"
08:51:50.677  +0045.632s     ST  1104-PAR-1A04EP-ZZZ-ST-MOD-000001.nwc   DIFFERENT  dx 1554.89 mm  dy -38251.42 mm  dz 0 mm, shared coordinate "Exhibition Pavilion"
08:51:50.679  +0045.634s        ask the ST originator to re-export on the project shared coordinates
08:51:50.680  +0045.635s     ST  1104-PAR-1A04EP-ZZZ-ST-MOD-000002.nwc   DIFFERENT  dx 34816.84 mm  dy -33559.31 mm  dz -4350 mm, shared coordinate "EP"
08:51:50.682  +0045.637s        ask the ST originator to re-export on the project shared coordinates
08:51:50.683  +0045.639s  3 of 5 model(s) sit somewhere the reference does not. Nothing is changed and the run goes on.
08:51:50.685  +0045.640s  this group names 4 different shared coordinates: 16-S01, 67 - S01, EP, Exhibition Pavilion

================================================================
EXPORT CHECK 1A04EP
================================================================
08:51:51.244  +0046.200s     AR  1104-PAR-1A04EP-ZZZ-AR-MOD-000001.nwc   elements 2771   worksets 3   element id 100%
08:51:51.246  +0046.202s     EL  1104-PAR-1A04EP-ZZZ-EL-MOD-000001.nwc   elements 986   worksets 11   element id 100%
08:51:51.248  +0046.204s     ME  1104-PAR-1A04EP-ZZZ-ME-MOD-000001.nwc   elements 4680   worksets 7   element id 100%
08:51:51.250  +0046.206s     ST  1104-PAR-1A04EP-ZZZ-ST-MOD-000001.nwc   elements 163   worksets 2   element id 100%
08:51:51.252  +0046.208s     ST  1104-PAR-1A04EP-ZZZ-ST-MOD-000002.nwc   elements 28   worksets 1   element id 100%
08:51:51.254  +0046.209s  all 5 model(s) carry a workset on every element and an element id on every element
08:51:51.256  +0046.211s  worksets seen: AR-EXTERIOR, AR-INTERIOR, AR-FFE FURNITURE, EL-Cable Routing, EL-Containment, EV-ICT Containment, EL-Lighting Protection, EV-IT, EL-Lighting, EL-Fire alarm, and 13 more, counted and not listed
08:51:51.286  +0046.242s     check these against the workset each set in the matrix asks for. The match is CASE SENSITIVE, so ME-Ductwork does not match ME-DUCTWORK and that set finds nothing
08:51:51.288  +0046.244s  no two workset names in this group are close enough to be one word typed twice. 2 more pair(s) are close enough too and are NOT listed, because a person has already decided they are two different worksets.
08:51:51.294  +0046.249s  CLASH    source   tests from XML, the picked file holds 61 sets and 1830 tests
08:51:51.295  +0046.251s  STEP     SETS          started
08:51:51.297  +0046.253s  CENSUS   before SETS  models 5  sets 0  tests 0  results 0  views 57
08:51:51.490  +0046.446s  SETS     1A04EP, 61 to build, 0 skipped
08:51:51.493  +0046.448s  SET      ran against C:\00-NM\Federation Task\C02 + 04\C04\NWF\1104-PAR-1A04EP-ZZZ-BM-MOD-000001.nwf  (5 models loaded)
08:51:51.498  +0046.453s  SET      folder   Architecture
08:51:51.520  +0046.476s  SET      ok      lcop_selection_set_tree/Architecture/BLD-AR-Floors  2 conditions  11 items
08:51:51.544  +0046.500s  SET      ok      lcop_selection_set_tree/Architecture/BLD-AR-Stairs  2 conditions  2 items
08:51:51.567  +0046.522s  SET      ZERO    lcop_selection_set_tree/Architecture/BLD-AR-Ramps  1 condition  0 items  asked for LcRevitData_Element/LcRevitPropertyElementCategory (Category) equals "Ramps"
08:51:51.589  +0046.545s  SET      ZERO    lcop_selection_set_tree/Architecture/BLD-AR-Roofs  1 condition  0 items  asked for LcRevitData_Element/LcRevitPropertyElementCategory (Category) equals "Roofs"
08:51:51.613  +0046.568s  SET      ok      lcop_selection_set_tree/Architecture/BLD-AR-Ceilings  1 condition  8 items
08:51:51.636  +0046.592s  SET      ZERO    lcop_selection_set_tree/Architecture/BLD-AR-Columns  1 condition  0 items  asked for LcRevitData_Element/LcRevitPropertyElementCategory (Category) equals "Columns"
08:51:51.660  +0046.616s  SET      ok      lcop_selection_set_tree/Architecture/BLD-AR-Walls  2 conditions  113 items
08:51:51.687  +0046.642s  SET      ok      lcop_selection_set_tree/Architecture/BLD-AR-Windows  1 condition  1 item
08:51:51.715  +0046.670s  SET      ok      lcop_selection_set_tree/Architecture/BLD-AR-Curtain Panels  1 condition  806 items
08:51:51.739  +0046.695s  SET      ok      lcop_selection_set_tree/Architecture/BLD-AR-Curtain Mullions  1 condition  1425 items
08:51:51.764  +0046.719s  SET      ok      lcop_selection_set_tree/Architecture/BLD-AR-Doors  1 condition  20 items
08:51:51.788  +0046.743s  SET      ZERO    lcop_selection_set_tree/Architecture/BLD-AR-Casework  1 condition  0 items  asked for LcRevitData_Element/LcRevitPropertyElementCategory (Category) equals "Casework"
08:51:51.812  +0046.768s  SET      ok      lcop_selection_set_tree/Architecture/BLD-AR-Furniture  1 condition  4 items
08:51:51.837  +0046.792s  SET      ZERO    lcop_selection_set_tree/Architecture/BLD-AR-Parking  1 condition  0 items  asked for LcRevitData_Element/LcRevitPropertyElementCategory (Category) equals "Parking"
08:51:51.871  +0046.826s  SET      ok      lcop_selection_set_tree/Architecture/BLD-AR-Railings  1 condition  5 items
08:51:51.897  +0046.852s  SET      ZERO    lcop_selection_set_tree/Architecture/BLD-AR-Site  1 condition  0 items  asked for LcRevitData_Element/LcRevitPropertyElementCategory (Category) equals "Site"
08:51:51.900  +0046.855s  SET      folder   Structure
08:51:51.923  +0046.879s  SET      ok      lcop_selection_set_tree/Structure/BLD-ST-Foundation  1 condition  26 items
08:51:51.946  +0046.902s  SET      ok      lcop_selection_set_tree/Structure/BLD-ST-Columns  1 condition  32 items
08:51:51.971  +0046.926s  SET      ok      lcop_selection_set_tree/Structure/BLD-ST-Framing  1 condition  76 items
08:51:51.994  +0046.949s  SET      ok      lcop_selection_set_tree/Structure/BLD-ST-Walls  2 conditions  22 items
08:51:52.017  +0046.973s  SET      ok      lcop_selection_set_tree/Structure/BLD-ST-Floors  2 conditions  4 items
08:51:52.041  +0046.996s  SET      ok      lcop_selection_set_tree/Structure/BLD-ST-Stair  2 conditions  2 items
08:51:52.044  +0047.000s  SET      folder   Mechanical
08:51:52.046  +0047.002s  SET      folder   Mechanical/Mechanical-HVAC
08:51:52.089  +0047.045s  SET      ok      lcop_selection_set_tree/Mechanical/Mechanical-HVAC/BLD-ME-Ducts&Duct Fittings  4 conditions  277 items
08:51:52.114  +0047.069s  SET      ok      lcop_selection_set_tree/Mechanical/Mechanical-HVAC/BLD-ME-Duct Accessory  2 conditions  12 items
08:51:52.137  +0047.093s  SET      ok      lcop_selection_set_tree/Mechanical/Mechanical-HVAC/BLD-ME-Mechanical Equipment  2 conditions  13 items
08:51:52.160  +0047.116s  SET      ZERO    lcop_selection_set_tree/Mechanical/Mechanical-HVAC/BLD-ME-Flex Ducts  2 conditions  0 items  asked for LcRevitData_Element/LcRevitPropertyElementCategory (Category) equals "Flex Ducts" and LcRevitData_Element/lcldrevit_parameter_-1002053 (Workset) equals "ME-Ductwork"
08:51:52.184  +0047.139s  SET      ok      lcop_selection_set_tree/Mechanical/Mechanical-HVAC/BLD-ME-Air Terminals  2 conditions  45 items
08:51:52.232  +0047.188s  SET      ZERO    lcop_selection_set_tree/Mechanical/Mechanical-HVAC/BLD-ME-Pipes&Pipe Fittings  4 conditions  0 items  asked for (LcRevitData_Element/LcRevitPropertyElementCategory (Category) equals "Pipes" and LcRevitData_Element/lcldrevit_parameter_-1002053 (Workset) equals "ME-Piping") or (LcRevitData_Element/LcRevitPropertyElementCategory (Category) equals "Pipe Fittings" and LcRevitData_Element/lcldrevit_parameter_-1002053 (Workset) equals "ME-Piping")
08:51:52.257  +0047.212s  SET      ZERO    lcop_selection_set_tree/Mechanical/Mechanical-HVAC/BLD-ME-Pipe Accessories  2 conditions  0 items  asked for LcRevitData_Element/LcRevitPropertyElementCategory (Category) equals "Pipe Accessories" and LcRevitData_Element/lcldrevit_parameter_-1002053 (Workset) equals "ME-Piping"
08:51:52.281  +0047.236s  SET      ZERO    lcop_selection_set_tree/Mechanical/Mechanical-HVAC/BLD-ME-Plumbing Fixtures  2 conditions  0 items  asked for LcRevitData_Element/LcRevitPropertyElementCategory (Category) equals "Plumbing Fixtures" and LcRevitData_Element/lcldrevit_parameter_-1002053 (Workset) equals "ME-Piping"
08:51:52.304  +0047.260s  SET      ZERO    lcop_selection_set_tree/Mechanical/Mechanical-HVAC/BLD-ME-Flex Pipes  2 conditions  0 items  asked for LcRevitData_Element/LcRevitPropertyElementCategory (Category) equals "Flex Pipes" and LcRevitData_Element/lcldrevit_parameter_-1002053 (Workset) equals "ME-Piping"
08:51:52.363  +0047.319s  SET      folder   Mechanical/Mechanical-Fire Fighting
08:51:52.388  +0047.344s  SET      ZERO    lcop_selection_set_tree/Mechanical/Mechanical-Fire Fighting/BLD-FF-Mechanical Equipment  2 conditions  0 items  asked for LcRevitData_Element/LcRevitPropertyElementCategory (Category) equals "Mechanical Equipment" and LcRevitData_Element/lcldrevit_parameter_-1002053 (Workset) equals "FF-FIRE FIGHTING"
08:51:52.435  +0047.391s  SET      ok      lcop_selection_set_tree/Mechanical/Mechanical-Fire Fighting/BLD-FF-Pipes & Pipe Fittings  4 conditions  1085 items
08:51:52.460  +0047.415s  SET      ok      lcop_selection_set_tree/Mechanical/Mechanical-Fire Fighting/BLD-FF-Pipe Accessories  2 conditions  20 items
08:51:52.483  +0047.439s  SET      ZERO    lcop_selection_set_tree/Mechanical/Mechanical-Fire Fighting/BLD-FF-Pipe Insulations  2 conditions  0 items  asked for LcRevitData_Element/LcRevitPropertyElementCategory (Category) equals "Pipe Insulation" and LcRevitData_Element/lcldrevit_parameter_-1002053 (Workset) equals "FP-PIPING"
08:51:52.508  +0047.463s  SET      ZERO    lcop_selection_set_tree/Mechanical/Mechanical-Fire Fighting/BLD-FF-Plumbing Fixtures  2 conditions  0 items  asked for LcRevitData_Element/LcRevitPropertyElementCategory (Category) equals "Plumbing Fixtures" and LcRevitData_Element/lcldrevit_parameter_-1002053 (Workset) equals "FF-FIRE FIGHTING"
08:51:52.532  +0047.488s  SET      ok      lcop_selection_set_tree/Mechanical/Mechanical-Fire Fighting/BLD-FF-Sprinklers  2 conditions  138 items
08:51:52.535  +0047.490s  SET      folder   Mechanical/Mechanical-Water Supply
08:51:52.559  +0047.514s  SET      ZERO    lcop_selection_set_tree/Mechanical/Mechanical-Water Supply/BLD-PL-Mechanical Equipment  2 conditions  0 items  asked for LcRevitData_Element/LcRevitPropertyElementCategory (Category) equals "Mechanical Equipment" and LcRevitData_Element/lcldrevit_parameter_-1002053 (Workset) equals "PL-Domestic water"
08:51:52.607  +0047.563s  SET      ZERO    lcop_selection_set_tree/Mechanical/Mechanical-Water Supply/BLD-PL-Pipes & Pipe Fittings  4 conditions  0 items  asked for (LcRevitData_Element/LcRevitPropertyElementCategory (Category) equals "Pipes" and LcRevitData_Element/lcldrevit_parameter_-1002053 (Workset) equals "PL-Domestic water") or (LcRevitData_Element/LcRevitPropertyElementCategory (Category) equals "Pipe Fittings" and LcRevitData_Element/lcldrevit_parameter_-1002053 (Workset) equals "PL-Domestic water")
08:51:52.630  +0047.586s  SET      ZERO    lcop_selection_set_tree/Mechanical/Mechanical-Water Supply/BLD-PL-Pipe Accessories  2 conditions  0 items  asked for LcRevitData_Element/LcRevitPropertyElementCategory (Category) equals "Pipe Accessories" and LcRevitData_Element/lcldrevit_parameter_-1002053 (Workset) equals "PL-Domestic water"
08:51:52.654  +0047.610s  SET      ZERO    lcop_selection_set_tree/Mechanical/Mechanical-Water Supply/BLD-PL-Pipe Insulations  2 conditions  0 items  asked for LcRevitData_Element/LcRevitPropertyElementCategory (Category) equals "Pipe Insulation" and LcRevitData_Element/lcldrevit_parameter_-1002053 (Workset) equals "PL-Domestic water"
08:51:52.677  +0047.633s  SET      ZERO    lcop_selection_set_tree/Mechanical/Mechanical-Water Supply/BLD-PL-Plumbing Fixtures  2 conditions  0 items  asked for LcRevitData_Element/LcRevitPropertyElementCategory (Category) equals "Plumbing Fixtures" and LcRevitData_Element/lcldrevit_parameter_-1002053 (Workset) equals "PL-Domestic water"
08:51:52.679  +0047.635s  SET      folder   Mechanical/Mechanical-Drainage
08:51:52.703  +0047.658s  SET      ok      lcop_selection_set_tree/Mechanical/Mechanical-Drainage/BLD-DR-Mechanical Equipment  2 conditions  2 items
08:51:52.749  +0047.705s  SET      ok      lcop_selection_set_tree/Mechanical/Mechanical-Drainage/BLD-DR-Pipes & Pipe Fittings  4 conditions  352 items
08:51:52.773  +0047.729s  SET      ok      lcop_selection_set_tree/Mechanical/Mechanical-Drainage/BLD-DR-Pipe Accessories  2 conditions  6 items
08:51:52.796  +0047.752s  SET      ZERO    lcop_selection_set_tree/Mechanical/Mechanical-Drainage/BLD-DR-Pipe Insulations  2 conditions  0 items  asked for LcRevitData_Element/LcRevitPropertyElementCategory (Category) equals "Pipe Insulation" and LcRevitData_Element/lcldrevit_parameter_-1002053 (Workset) equals "PL-Drainage"
08:51:52.819  +0047.775s  SET      ok      lcop_selection_set_tree/Mechanical/Mechanical-Drainage/BLD-DR-Plumbing Fixtures  2 conditions  31 items
08:51:52.821  +0047.777s  SET      folder   Electrical
08:51:52.844  +0047.799s  SET      ok      lcop_selection_set_tree/Electrical/BLD-EL-Cable Tray&Cable Tray Fittings  1 condition  138 items
08:51:52.881  +0047.836s  SET      ok      lcop_selection_set_tree/Electrical/BLD-EL-Electrical Equipment  1 condition  33 items
08:51:52.903  +0047.858s  SET      ok      lcop_selection_set_tree/Electrical/BLD-EL-Electrical Fixtures  1 condition  85 items
08:51:52.926  +0047.881s  SET      ok      lcop_selection_set_tree/Electrical/BLD-EL-Conduits & Conduit Fittings  1 condition  88 items
08:51:52.949  +0047.905s  SET      ZERO    lcop_selection_set_tree/Electrical/BLD-EL-Devices  7 conditions  0 items  asked for LcRevitData_Element/LcRevitPropertyElementCategory (Category) contains "Devices" and LcRevitData_Element/LcRevitPropertyElementCategory (Category) equals "Communication Devices" and LcRevitData_Element/LcRevitPropertyElementCategory (Category) equals "Data Devices" and LcRevitData_Element/LcRevitPropertyElementCategory (Category) equals "Fire Alarm Devices" and LcRevitData_Element/LcRevitPropertyElementCategory (Category) equals "Lighting Devices" and LcRevitData_Element/LcRevitPropertyElementCategory (Category) equals "Security Devices" and LcRevitData_Element/LcRevitPropertyElementCategory (Category) equals "Telephone Devices"
08:51:52.973  +0047.928s  SET      ok      lcop_selection_set_tree/Electrical/BLD-EL-Lighting Fixtures  1 condition  245 items
08:51:52.996  +0047.951s  SET      ok      lcop_selection_set_tree/Electrical/BLD-EL-Lighting Devices  1 condition  24 items
08:51:53.018  +0047.974s  SET      ok      lcop_selection_set_tree/Electrical/BLD-EL-Fire Alarm Devices  1 condition  86 items
08:51:53.042  +0047.997s  SET      ZERO    lcop_selection_set_tree/Electrical/BLD-EL-Telecom Equipment  1 condition  0 items  asked for LcRevitData_Element/LcRevitPropertyElementCategory (Category) equals "Telephone Equipment"
08:51:53.065  +0048.021s  SET      ZERO    lcop_selection_set_tree/Electrical/BLD-EL-Telecom Fixtures  1 condition  0 items  asked for LcRevitData_Element/LcRevitPropertyElementCategory (Category) equals "Telephone Devices"
08:51:53.089  +0048.045s  SET      ok      lcop_selection_set_tree/Electrical/BLD-Security Devices  1 condition  54 items
08:51:53.113  +0048.068s  SET      ok      lcop_selection_set_tree/Electrical/BLD-EL-Communication Devices  1 condition  49 items
08:51:53.137  +0048.093s  SET      ZERO    lcop_selection_set_tree/Electrical/BLD-EL-Telephone Devices  1 condition  0 items  asked for LcRevitData_Element/LcRevitPropertyElementCategory (Category) equals "Telephone Devices"
08:51:53.164  +0048.120s  SET      ok      lcop_selection_set_tree/Electrical/BLD-EL-Data Devices  1 condition  99 items
08:51:53.169  +0048.125s  SETS     1A04EP put into the document: 61 created, 0 already there and left alone
08:51:53.175  +0048.130s  CENSUS   after  SETS  models 5  sets 61  tests 0  results 0  views 57
08:51:53.182  +0048.138s  STEP     SETS          finished 1.879s  61 created, 0 already there, 37 finding items, 24 at zero.
08:51:53.187  +0048.142s  CLASH    1A04EP, 1830 in the file, 1830 to create, 0 skipped before the model
08:51:53.190  +0048.145s  OUTPUTS  workbook on, XML off, HTML on, images on
08:51:53.192  +0048.148s  CLASH    Images on, 1024 by 1024 pixels, New, Active, Reviewed only, no cap per test, linked rather than pasted in.
08:51:53.194  +0048.150s  CLASH    ran against C:\00-NM\Federation Task\C02 + 04\C04\NWF\1104-PAR-1A04EP-ZZZ-BM-MOD-000001.nwf  (5 models loaded)
08:51:53.201  +0048.156s  CLASH    the document measures in ft, every tolerance was converted into it
08:51:53.203  +0048.159s  CLASH    the document holds 61 sets and the tests name 61 sets
08:51:53.207  +0048.162s  CLASH    the document already holds 0 clash tests, so everything created here is new
08:51:53.209  +0048.165s  CLASH    counted the items of 61 sets for the creation plan in 0.0000725s
08:51:53.211  +0048.167s  CLASH 1830 in the file, 666 created, 1164 not created, a side finds nothing
08:51:53.214  +0048.169s  CLASH    SKIPPED  BLD-AR-Ramps-vs-BLD-AR-Floors  the left side "lcop_selection_set_tree/Architecture/BLD-AR-Ramps" finds nothing in this model, the right finds 11
08:51:53.215  +0048.171s  CLASH    SKIPPED  BLD-AR-Ramps-vs-BLD-AR-Stairs  the left side "lcop_selection_set_tree/Architecture/BLD-AR-Ramps" finds nothing in this model, the right finds 2
08:51:53.217  +0048.173s  CLASH    SKIPPED  BLD-AR-Roofs-vs-BLD-AR-Floors  the left side "lcop_selection_set_tree/Architecture/BLD-AR-Roofs" finds nothing in this model, the right finds 11
08:51:53.219  +0048.175s  CLASH    SKIPPED  BLD-AR-Roofs-vs-BLD-AR-Stairs  the left side "lcop_selection_set_tree/Architecture/BLD-AR-Roofs" finds nothing in this model, the right finds 2
08:51:53.221  +0048.177s  CLASH    SKIPPED  BLD-AR-Roofs-vs-BLD-AR-Ramps  both sides find nothing in this model, left "lcop_selection_set_tree/Architecture/BLD-AR-Roofs" and right "lcop_selection_set_tree/Architecture/BLD-AR-Ramps"
08:51:53.223  +0048.179s  CLASH    further skips for "a side finds nothing in this model" are counted, not listed. The block at the end carries the total.
08:51:53.237  +0048.193s  STEP     TESTS CREATE  started
08:51:53.240  +0048.196s  CENSUS   before TESTS CREATE  models 5  sets 61  tests 0  results 0  views 57
08:51:53.258  +0048.213s  CLASH    created  BLD-AR-Stairs-vs-BLD-AR-Floors  hard_conservative  tolerance 25 mm chosen in the tool is 0.082020997375 ft  merge composites on
08:51:53.260  +0048.215s  CENSUS   after  TESTS CREATE  models 5  sets 61  tests 1  results 0  views 57
08:51:53.265  +0048.221s  STEP     TESTS CREATE  finished 0.023s  BLD-AR-Stairs-vs-BLD-AR-Floors
08:51:53.268  +0048.224s  STEP     TESTS RUN     started
08:51:53.270  +0048.226s  CENSUS   before TESTS RUN  models 5  sets 61  tests 1  results 0  views 57
08:51:53.315  +0048.270s  CENSUS   after  TESTS RUN  models 5  sets 61  tests 1  results 2  views 57
08:51:53.322  +0048.277s  STEP     TESTS RUN     finished 0.046s  BLD-AR-Stairs-vs-BLD-AR-Floors
08:51:53.359  +0048.315s  STATUS   a clash carries one of five: New, Active, Reviewed, Approved, Resolved
08:51:53.375  +0048.331s  STATUS   a TEST carries one of four: New, Old, Partial, Complete
08:51:53.378  +0048.333s  STATUS   the two sets are different things and share only the word New
08:51:53.380  +0048.335s  STATUS   Old is a test word and never a clash word, so no clash is ever at Old and nothing here ever moves one from it
08:51:53.382  +0048.337s  STATUS   this tool sets Reviewed and nothing else. Approved and Resolved are a person's decision about work that was actually done
08:51:53.392  +0048.348s  STATUS   Clash1  New to Reviewed
08:51:53.394  +0048.350s  STATUS   Clash2  New to Reviewed
08:51:53.397  +0048.352s  STEP     HARVEST       started
08:51:53.400  +0048.355s  CENSUS   before HARVEST  models 5  sets 61  tests 1  results 2  views 57
08:51:53.429  +0048.384s  STEP       IMAGES        started
08:51:53.433  +0048.388s  CENSUS   before IMAGES  models 5  sets 61  tests 1  results 2  views 57
08:51:53.483  +0048.438s  CENSUS   after  IMAGES  models 5  sets 61  tests 1  results 2  views 57
08:51:53.490  +0048.445s  STEP       IMAGES        finished 0.054s  BLD-AR-Stairs-vs-BLD-AR-Floors
08:51:53.498  +0048.454s  STEP     IMAGES        entered again. Every further visit in this group is counted, not written out
08:51:53.534  +0048.489s  CENSUS   after  HARVEST  models 5  sets 61  tests 1  results 2  views 57
08:51:53.540  +0048.495s  STEP     HARVEST       finished 0.136s  BLD-AR-Stairs-vs-BLD-AR-Floors
08:51:53.543  +0048.499s  ROWS     BLD-AR-Stairs-vs-BLD-AR-Floors  2 rows for the workbook, 2 clashes in the document, they agree
08:51:53.546  +0048.502s  CLASH    clashes BLD-AR-Stairs-vs-BLD-AR-Floors  items 2 v 11  Reviewed 2  0.0s
08:51:53.617  +0048.572s  STEP     TESTS CREATE  entered again. Every further visit in this group is counted, not written out
08:51:53.632  +0048.588s  CLASH    created  BLD-AR-Ceilings-vs-BLD-AR-Floors  hard_conservative  tolerance 25 mm chosen in the tool is 0.082020997375 ft  merge composites on
08:51:53.634  +0048.590s  STEP     TESTS RUN     entered again. Every further visit in this group is counted, not written out
08:51:53.678  +0048.634s  STEP     HARVEST       entered again. Every further visit in this group is counted, not written out
08:51:53.692  +0048.648s  ROWS     BLD-AR-Ceilings-vs-BLD-AR-Floors  0 rows for the workbook, 0 clashes in the document, they agree
08:51:53.696  +0048.651s  CLASH    passed  BLD-AR-Ceilings-vs-BLD-AR-Floors  items 8 v 11  none  0.0s
08:51:53.726  +0048.681s           every further line of this kind is counted and not written out. The machine readable log carries every one of them
08:51:53.792  +0048.747s           every further line of this kind is counted and not written out. The machine readable log carries every one of them
08:51:53.795  +0048.751s  CLASH    passed  BLD-AR-Ceilings-vs-BLD-AR-Stairs  items 8 v 2  none  0.0s
08:51:54.036  +0048.992s  STATUS   Clash1  New to Reviewed
08:51:54.048  +0049.004s  STATUS   Clash2  New to Reviewed
08:51:54.051  +0049.007s  STATUS   Clash3  New to Reviewed
08:51:54.054  +0049.010s  STATUS   Clash4  New to Reviewed
08:51:54.064  +0049.019s  STATUS   Clash5  New to Reviewed
08:51:54.069  +0049.024s  STATUS   Clash6  New to Reviewed
08:51:54.072  +0049.027s  STATUS   Clash7  New to Reviewed
08:51:54.074  +0049.030s  STATUS   Clash8  New to Reviewed
08:51:54.076  +0049.032s  STATUS   Clash9  New to Reviewed
08:51:54.090  +0049.046s  STATUS   Clash10  New to Reviewed
08:51:54.093  +0049.048s  STATUS   Clash11  New to Reviewed
08:51:54.096  +0049.051s  STATUS   Clash12  New to Reviewed
08:51:54.101  +0049.056s  STATUS   Clash13  New to Reviewed
08:51:54.103  +0049.058s  STATUS   Clash14  New to Reviewed
08:51:54.105  +0049.060s  STATUS   Clash15  New to Reviewed
08:51:54.107  +0049.062s  STATUS   Clash16  New to Reviewed
08:51:54.109  +0049.065s  STATUS   Clash17  New to Reviewed
08:51:54.111  +0049.067s  STATUS   Clash18  New to Reviewed
08:51:54.113  +0049.069s  STATUS   Clash19  New to Reviewed
08:51:54.115  +0049.071s  STATUS   Clash20  New to Reviewed
08:51:54.117  +0049.073s  STATUS   Clash21  New to Reviewed
08:51:54.119  +0049.075s  STATUS   Clash22  New to Reviewed
08:51:54.934  +0049.890s  CLASH    clashes BLD-AR-Walls-vs-BLD-AR-Floors  items 113 v 11  Reviewed 22  0.0s
08:51:55.249  +0050.205s  CLASH    clashes BLD-AR-Walls-vs-BLD-AR-Stairs  items 113 v 2  New 2  0.1s
08:51:55.402  +0050.357s  STATUS   Clash1  New to Reviewed
08:51:55.404  +0050.360s  STATUS   Clash2  New to Reviewed
08:51:55.407  +0050.363s  STATUS   Clash3  New to Reviewed
08:51:55.409  +0050.365s  STATUS   Clash4  New to Reviewed
08:51:55.411  +0050.367s  STATUS   Clash5  New to Reviewed
08:51:55.613  +0050.568s  CLASH    clashes BLD-AR-Walls-vs-BLD-AR-Ceilings  items 113 v 8  Reviewed 5  0.0s
08:51:55.756  +0050.712s           every further line of this kind is counted and not written out. The machine readable log carries every one of them
08:51:56.059  +0051.015s  STATUS   Clash1  New to Reviewed
08:51:56.063  +0051.018s  STATUS   Clash2  New to Reviewed
08:51:56.189  +0051.145s  CLASH    clashes BLD-AR-Windows-vs-BLD-AR-Walls  items 1 v 113  Reviewed 2  0.1s
08:52:42.461  +0097.429s  STATUS   Clash1  New to Reviewed
08:52:42.520  +0097.476s  STATUS   Clash2  New to Reviewed
08:52:42.523  +0097.479s  STATUS   Clash3  New to Reviewed
08:52:42.526  +0097.482s  STATUS   Clash4  New to Reviewed
08:52:42.529  +0097.484s  STATUS   Clash5  New to Reviewed
08:52:42.533  +0097.488s  STATUS   Clash6  New to Reviewed
08:52:42.535  +0097.491s  STATUS   Clash7  New to Reviewed
08:52:42.537  +0097.493s  STATUS   Clash8  New to Reviewed
08:52:42.540  +0097.496s  STATUS   Clash9  New to Reviewed
08:52:42.543  +0097.498s  STATUS   Clash10  New to Reviewed
08:52:42.546  +0097.501s  STATUS   Clash11  New to Reviewed
08:52:42.551  +0097.506s  STATUS   Clash12  New to Reviewed
08:52:42.553  +0097.509s  STATUS   Clash13  New to Reviewed
08:52:42.556  +0097.511s  STATUS   Clash14  New to Reviewed
08:52:42.558  +0097.514s  STATUS   Clash15  New to Reviewed
08:52:42.560  +0097.516s  STATUS   Clash16  New to Reviewed
08:52:42.562  +0097.518s  STATUS   Clash17  New to Reviewed
08:52:42.564  +0097.521s  STATUS   Clash18  New to Reviewed
08:52:42.568  +0097.523s  STATUS   Clash19  New to Reviewed
08:52:42.570  +0097.526s  STATUS   Clash20  New to Reviewed
08:52:42.572  +0097.528s  STATUS   Clash21  New to Reviewed
08:52:42.574  +0097.530s  STATUS   Clash22  New to Reviewed
08:52:42.638  +0097.594s  STATUS   Clash23  New to Reviewed
08:52:42.641  +0097.597s  STATUS   Clash24  New to Reviewed
08:52:42.645  +0097.600s  STATUS   Clash25  New to Reviewed
08:52:42.648  +0097.603s  STATUS   Clash26  New to Reviewed
08:52:42.650  +0097.606s  STATUS   Clash27  New to Reviewed
08:52:42.653  +0097.609s  STATUS   Clash28  New to Reviewed
08:52:42.655  +0097.611s  STATUS   Clash29  New to Reviewed
08:52:42.658  +0097.614s  STATUS   Clash30  New to Reviewed
08:52:42.661  +0097.616s  STATUS   Clash31  New to Reviewed
08:52:42.664  +0097.619s  STATUS   Clash32  New to Reviewed
08:52:42.668  +0097.623s  STATUS   Clash33  New to Reviewed
08:52:42.671  +0097.626s  STATUS   Clash34  New to Reviewed
08:52:42.673  +0097.629s  STATUS   Clash35  New to Reviewed
08:52:42.676  +0097.631s  STATUS   Clash36  New to Reviewed
08:52:42.678  +0097.634s  STATUS   Clash37  New to Reviewed
08:52:42.681  +0097.637s  STATUS   Clash38  New to Reviewed
08:52:42.684  +0097.640s  STATUS   Clash39  New to Reviewed
08:52:42.686  +0097.642s  STATUS   Clash40  New to Reviewed
08:52:42.695  +0097.651s  STATUS   Clash41  New to Reviewed
08:52:42.698  +0097.653s  STATUS   Clash42  New to Reviewed
08:52:42.700  +0097.656s  STATUS   Clash43  New to Reviewed
08:52:42.703  +0097.658s  STATUS   Clash44  New to Reviewed
08:52:42.705  +0097.661s  STATUS   Clash45  New to Reviewed
08:52:42.708  +0097.663s  STATUS   Clash46  New to Reviewed
08:52:42.710  +0097.666s  STATUS   Clash47  New to Reviewed
08:52:42.713  +0097.669s  STATUS   Clash48  New to Reviewed
08:52:42.716  +0097.671s  STATUS   Clash49  New to Reviewed
08:52:42.719  +0097.674s  STATUS   Clash50  New to Reviewed
08:52:42.721  +0097.677s  STATUS   Clash51  New to Reviewed
08:52:42.724  +0097.680s  STATUS   Clash52  New to Reviewed
08:52:42.732  +0097.688s  STATUS   Clash53  New to Reviewed
08:52:42.735  +0097.691s  STATUS   Clash54  New to Reviewed
08:52:42.737  +0097.693s  STATUS   Clash55  New to Reviewed
08:52:42.740  +0097.696s  STATUS   Clash56  New to Reviewed
08:52:42.743  +0097.699s  STATUS   Clash57  New to Reviewed
08:52:42.746  +0097.701s  STATUS   Clash58  New to Reviewed
08:52:42.749  +0097.704s  STATUS   Clash59  New to Reviewed
08:52:42.751  +0097.707s  STATUS   Clash60  New to Reviewed
08:52:42.753  +0097.709s  STATUS   Clash61  New to Reviewed
08:52:42.756  +0097.712s  STATUS   Clash62  New to Reviewed
08:52:42.759  +0097.715s  STATUS   Clash63  New to Reviewed
08:52:42.762  +0097.718s  STATUS   Clash64  New to Reviewed
08:52:42.765  +0097.721s  STATUS   Clash65  New to Reviewed
08:52:42.773  +0097.728s  STATUS   Clash66  New to Reviewed
08:52:42.776  +0097.731s  STATUS   Clash67  New to Reviewed
08:52:42.778  +0097.734s  STATUS   Clash68  New to Reviewed
08:52:42.781  +0097.737s  STATUS   Clash69  New to Reviewed
08:52:42.784  +0097.739s  STATUS   Clash70  New to Reviewed
08:52:42.787  +0097.742s  STATUS   Clash71  New to Reviewed
08:52:42.790  +0097.745s  STATUS   Clash72  New to Reviewed
08:52:42.793  +0097.748s  STATUS   Clash73  New to Reviewed
08:52:42.795  +0097.750s  STATUS   Clash74  New to Reviewed
08:52:42.798  +0097.754s  STATUS   Clash75  New to Reviewed
08:52:42.801  +0097.757s  STATUS   Clash76  New to Reviewed
08:52:42.804  +0097.759s  STATUS   Clash77  New to Reviewed
08:52:42.807  +0097.762s  STATUS   Clash78  New to Reviewed
08:52:42.809  +0097.765s  STATUS   Clash79  New to Reviewed
08:52:42.812  +0097.767s  STATUS   Clash80  New to Reviewed
08:52:42.815  +0097.770s  STATUS   Clash81  New to Reviewed
08:52:42.817  +0097.773s  STATUS   Clash82  New to Reviewed
08:52:42.820  +0097.775s  STATUS   Clash83  New to Reviewed
08:52:42.822  +0097.778s  STATUS   Clash84  New to Reviewed
08:52:42.825  +0097.781s  STATUS   Clash85  New to Reviewed
08:52:42.828  +0097.783s  STATUS   Clash86  New to Reviewed
08:52:42.831  +0097.786s  STATUS   Clash87  New to Reviewed
08:52:42.833  +0097.789s  STATUS   Clash88  New to Reviewed
08:52:42.836  +0097.792s  STATUS   Clash89  New to Reviewed
08:52:42.839  +0097.795s  STATUS   Clash90  New to Reviewed
08:52:42.842  +0097.797s  STATUS   Clash91  New to Reviewed
08:52:42.844  +0097.800s  STATUS   Clash92  New to Reviewed
08:52:42.847  +0097.803s  STATUS   Clash93  New to Reviewed
08:52:42.850  +0097.805s  STATUS   Clash94  New to Reviewed
08:52:42.852  +0097.808s  STATUS   Clash95  New to Reviewed
08:52:42.855  +0097.811s  STATUS   Clash96  New to Reviewed
08:52:42.858  +0097.814s  STATUS   Clash97  New to Reviewed
08:52:42.862  +0097.817s  STATUS   Clash98  New to Reviewed
08:52:42.865  +0097.820s  STATUS   Clash99  New to Reviewed
08:52:42.869  +0097.824s  STATUS   Clash100  New to Reviewed
08:52:42.873  +0097.828s  STATUS   Clash101  New to Reviewed
08:52:42.877  +0097.832s  STATUS   Clash102  New to Reviewed
08:52:42.882  +0097.837s  STATUS   Clash103  New to Reviewed
08:52:42.885  +0097.841s  STATUS   Clash104  New to Reviewed
08:52:42.891  +0097.846s  STATUS   Clash105  New to Reviewed
08:52:42.894  +0097.850s  STATUS   Clash106  New to Reviewed
08:52:42.899  +0097.854s  STATUS   Clash107  New to Reviewed
08:52:42.903  +0097.858s  STATUS   Clash108  New to Reviewed
08:52:42.906  +0097.861s  STATUS   Clash109  New to Reviewed
08:52:42.909  +0097.864s  STATUS   Clash110  New to Reviewed
08:52:42.911  +0097.867s  STATUS   Clash111  New to Reviewed
08:52:42.914  +0097.870s  STATUS   Clash112  New to Reviewed
08:52:42.917  +0097.873s  STATUS   Clash113  New to Reviewed
08:52:42.962  +0097.917s  STATUS   Clash114  New to Reviewed
08:52:42.965  +0097.921s  STATUS   Clash115  New to Reviewed
08:52:42.968  +0097.924s  STATUS   Clash116  New to Reviewed
08:52:42.971  +0097.927s  STATUS   Clash117  New to Reviewed
08:52:42.974  +0097.930s  STATUS   Clash118  New to Reviewed
08:52:42.977  +0097.932s  STATUS   Clash119  New to Reviewed
08:52:42.979  +0097.935s  STATUS   Clash120  New to Reviewed
08:52:42.983  +0097.938s  STATUS   Clash121  New to Reviewed
08:52:42.986  +0097.941s  STATUS   Clash122  New to Reviewed
08:52:42.989  +0097.944s  STATUS   Clash123  New to Reviewed
08:52:42.991  +0097.947s  STATUS   Clash124  New to Reviewed
08:52:42.994  +0097.949s  STATUS   Clash125  New to Reviewed
08:52:42.998  +0097.953s  STATUS   Clash126  New to Reviewed
08:52:43.012  +0097.968s  STATUS   Clash127  New to Reviewed
08:52:43.015  +0097.971s  STATUS   Clash128  New to Reviewed
08:52:43.018  +0097.974s  STATUS   Clash129  New to Reviewed
08:52:43.021  +0097.977s  STATUS   Clash130  New to Reviewed
08:52:43.024  +0097.979s  STATUS   Clash131  New to Reviewed
08:52:43.026  +0097.982s  STATUS   Clash132  New to Reviewed
08:52:43.029  +0097.985s  STATUS   Clash133  New to Reviewed
08:52:43.032  +0097.988s  STATUS   Clash134  New to Reviewed
08:52:43.035  +0097.991s  STATUS   Clash135  New to Reviewed
08:52:43.038  +0097.993s  STATUS   Clash136  New to Reviewed
08:52:43.040  +0097.996s  STATUS   Clash137  New to Reviewed
08:52:43.044  +0097.999s  STATUS   Clash138  New to Reviewed
08:52:43.047  +0098.002s  STATUS   Clash139  New to Reviewed
08:52:43.050  +0098.005s  STATUS   Clash140  New to Reviewed
08:52:43.054  +0098.009s  STATUS   Clash141  New to Reviewed
08:52:43.056  +0098.012s  STATUS   Clash142  New to Reviewed
08:52:43.059  +0098.015s  STATUS   Clash143  New to Reviewed
08:52:43.062  +0098.017s  STATUS   Clash144  New to Reviewed
08:52:43.064  +0098.020s  STATUS   Clash145  New to Reviewed
08:52:43.070  +0098.025s  STATUS   Clash146  New to Reviewed
08:52:43.073  +0098.028s  STATUS   Clash147  New to Reviewed
08:52:43.076  +0098.031s  STATUS   Clash148  New to Reviewed
08:52:43.079  +0098.034s  STATUS   Clash149  New to Reviewed
08:52:43.082  +0098.037s  STATUS   Clash150  New to Reviewed
08:52:43.084  +0098.040s  STATUS   Clash151  New to Reviewed
08:52:43.087  +0098.043s  STATUS   Clash152  New to Reviewed
08:52:43.090  +0098.045s  STATUS   Clash153  New to Reviewed
08:52:43.093  +0098.049s  STATUS   Clash154  New to Reviewed
08:52:43.095  +0098.051s  STATUS   Clash155  New to Reviewed
08:52:43.098  +0098.054s  STATUS   Clash156  New to Reviewed
08:52:43.101  +0098.058s  STATUS   Clash157  New to Reviewed
08:52:43.105  +0098.060s  STATUS   Clash158  New to Reviewed
08:52:43.108  +0098.064s  STATUS   Clash159  New to Reviewed
08:52:43.112  +0098.067s  STATUS   Clash160  New to Reviewed
08:52:43.115  +0098.071s  STATUS   Clash161  New to Reviewed
08:52:43.118  +0098.074s  STATUS   Clash162  New to Reviewed
08:52:43.122  +0098.079s  STATUS   Clash163  New to Reviewed
08:52:43.127  +0098.082s  STATUS   Clash164  New to Reviewed
08:52:43.131  +0098.086s  STATUS   Clash165  New to Reviewed
08:52:43.134  +0098.090s  STATUS   Clash166  New to Reviewed
08:52:43.138  +0098.093s  STATUS   Clash167  New to Reviewed
08:52:43.142  +0098.097s  STATUS   Clash168  New to Reviewed
08:52:43.144  +0098.100s  STATUS   Clash169  New to Reviewed
08:52:43.148  +0098.103s  STATUS   Clash170  New to Reviewed
08:52:43.152  +0098.107s  STATUS   Clash171  New to Reviewed
08:52:43.156  +0098.111s  STATUS   Clash172  New to Reviewed
08:52:43.160  +0098.115s  STATUS   Clash173  New to Reviewed
08:52:43.163  +0098.118s  STATUS   Clash174  New to Reviewed
08:52:43.166  +0098.122s  STATUS   Clash175  New to Reviewed
08:52:43.170  +0098.125s  STATUS   Clash176  New to Reviewed
08:52:43.173  +0098.128s  STATUS   Clash177  New to Reviewed
08:52:43.176  +0098.132s  STATUS   Clash178  New to Reviewed
08:52:43.180  +0098.135s  STATUS   Clash179  New to Reviewed
08:52:43.182  +0098.138s  STATUS   Clash180  New to Reviewed
08:52:43.186  +0098.142s  STATUS   Clash181  New to Reviewed
08:52:43.189  +0098.145s  STATUS   Clash182  New to Reviewed
08:52:43.192  +0098.148s  STATUS   Clash183  New to Reviewed
08:52:43.196  +0098.151s  STATUS   Clash184  New to Reviewed
08:52:43.199  +0098.154s  STATUS   Clash185  New to Reviewed
08:52:43.202  +0098.158s  STATUS   Clash186  New to Reviewed
08:52:43.205  +0098.161s  STATUS   Clash187  New to Reviewed
08:52:43.208  +0098.164s  STATUS   Clash188  New to Reviewed
08:52:43.212  +0098.167s  STATUS   Clash189  New to Reviewed
08:52:43.215  +0098.170s  STATUS   Clash190  New to Reviewed
08:52:43.218  +0098.173s  STATUS   Clash191  New to Reviewed
08:52:43.221  +0098.176s  STATUS   Clash192  New to Reviewed
08:52:43.224  +0098.180s  STATUS   Clash193  New to Reviewed
08:52:43.227  +0098.183s  STATUS   Clash194  New to Reviewed
08:52:43.230  +0098.186s  STATUS   Clash195  New to Reviewed
08:52:43.234  +0098.189s  STATUS   Clash196  New to Reviewed
08:52:43.237  +0098.192s  STATUS   Clash197  New to Reviewed
08:52:43.240  +0098.195s  STATUS   Clash198  New to Reviewed
08:52:43.243  +0098.199s  STATUS   Clash199  New to Reviewed
08:52:43.246  +0098.202s  STATUS   Clash200  New to Reviewed
08:52:43.249  +0098.205s  STATUS   Clash201  New to Reviewed
08:52:43.253  +0098.208s  STATUS   Clash202  New to Reviewed
08:52:43.256  +0098.212s  STATUS   Clash203  New to Reviewed
08:52:43.279  +0098.235s  STATUS   Clash204  New to Reviewed
08:52:43.282  +0098.238s  STATUS   Clash205  New to Reviewed
08:52:43.287  +0098.243s  STATUS   Clash206  New to Reviewed
08:52:43.290  +0098.246s  STATUS   Clash207  New to Reviewed
08:52:43.294  +0098.249s  STATUS   Clash208  New to Reviewed
08:52:43.297  +0098.254s  STATUS   Clash209  New to Reviewed
08:52:43.301  +0098.258s  STATUS   Clash210  New to Reviewed
08:52:43.306  +0098.262s  STATUS   Clash211  New to Reviewed
08:52:43.309  +0098.265s  STATUS   Clash212  New to Reviewed
08:52:43.313  +0098.269s  STATUS   Clash213  New to Reviewed
08:52:43.318  +0098.273s  STATUS   Clash214  New to Reviewed
08:52:43.321  +0098.277s  STATUS   Clash215  New to Reviewed
08:52:43.330  +0098.286s  STATUS   Clash216  New to Reviewed
08:52:43.334  +0098.290s  STATUS   Clash217  New to Reviewed
08:52:43.337  +0098.293s  STATUS   Clash218  New to Reviewed
08:52:43.341  +0098.297s  STATUS   Clash219  New to Reviewed
08:52:43.344  +0098.300s  STATUS   Clash220  New to Reviewed
08:52:43.348  +0098.303s  STATUS   Clash221  New to Reviewed
08:52:43.351  +0098.306s  STATUS   Clash222  New to Reviewed
08:52:43.354  +0098.309s  STATUS   Clash223  New to Reviewed
08:52:43.358  +0098.313s  STATUS   Clash224  New to Reviewed
08:52:43.361  +0098.317s  STATUS   Clash225  New to Reviewed
08:52:43.364  +0098.320s  STATUS   Clash226  New to Reviewed
08:52:43.368  +0098.323s  STATUS   Clash227  New to Reviewed
08:52:43.371  +0098.326s  STATUS   Clash228  New to Reviewed
08:52:43.374  +0098.329s  STATUS   Clash229  New to Reviewed
08:52:43.377  +0098.332s  STATUS   Clash230  New to Reviewed
08:52:43.380  +0098.335s  STATUS   Clash231  New to Reviewed
08:52:43.382  +0098.338s  STATUS   Clash232  New to Reviewed
08:52:43.385  +0098.341s  STATUS   Clash233  New to Reviewed
08:52:43.388  +0098.344s  STATUS   Clash234  New to Reviewed
08:52:43.391  +0098.347s  STATUS   Clash235  New to Reviewed
08:52:43.395  +0098.350s  STATUS   Clash236  New to Reviewed
08:52:43.397  +0098.353s  STATUS   Clash237  New to Reviewed
08:52:43.401  +0098.356s  STATUS   Clash238  New to Reviewed
08:52:43.404  +0098.359s  STATUS   Clash239  New to Reviewed
08:52:43.407  +0098.362s  STATUS   Clash240  New to Reviewed
08:52:43.409  +0098.365s  STATUS   Clash241  New to Reviewed
08:52:43.412  +0098.367s  STATUS   Clash242  New to Reviewed
08:52:43.415  +0098.371s  STATUS   Clash243  New to Reviewed
08:52:43.418  +0098.374s  STATUS   Clash244  New to Reviewed
08:52:43.421  +0098.377s  STATUS   Clash245  New to Reviewed
08:52:43.424  +0098.379s  STATUS   Clash246  New to Reviewed
08:52:43.427  +0098.382s  STATUS   Clash247  New to Reviewed
08:52:43.429  +0098.385s  STATUS   Clash248  New to Reviewed
08:52:43.456  +0098.412s  STATUS   Clash249  New to Reviewed
08:52:43.460  +0098.415s  STATUS   Clash250  New to Reviewed
08:52:43.469  +0098.424s  STATUS   Clash251  New to Reviewed
08:52:43.477  +0098.432s  STATUS   Clash252  New to Reviewed
08:52:43.480  +0098.435s  STATUS   Clash253  New to Reviewed
08:52:43.483  +0098.439s  STATUS   Clash254  New to Reviewed
08:52:43.486  +0098.442s  STATUS   Clash255  New to Reviewed
08:52:43.489  +0098.444s  STATUS   Clash256  New to Reviewed
08:52:43.492  +0098.447s  STATUS   Clash257  New to Reviewed
08:52:43.495  +0098.450s  STATUS   Clash258  New to Reviewed
08:52:43.498  +0098.453s  STATUS   Clash259  New to Reviewed
08:52:43.501  +0098.457s  STATUS   Clash260  New to Reviewed
08:52:43.504  +0098.460s  STATUS   Clash261  New to Reviewed
08:52:43.507  +0098.463s  STATUS   Clash262  New to Reviewed
08:52:43.511  +0098.466s  STATUS   Clash263  New to Reviewed
08:52:43.514  +0098.469s  STATUS   Clash264  New to Reviewed
08:52:43.517  +0098.472s  STATUS   Clash265  New to Reviewed
08:52:43.520  +0098.476s  STATUS   Clash266  New to Reviewed
08:52:43.523  +0098.479s  STATUS   Clash267  New to Reviewed
08:52:43.526  +0098.482s  STATUS   Clash268  New to Reviewed
08:52:43.529  +0098.485s  STATUS   Clash269  New to Reviewed
08:52:43.532  +0098.488s  STATUS   Clash270  New to Reviewed
08:52:43.535  +0098.491s  STATUS   Clash271  New to Reviewed
08:52:43.538  +0098.493s  STATUS   Clash272  New to Reviewed
08:52:43.541  +0098.496s  STATUS   Clash273  New to Reviewed
08:52:43.544  +0098.499s  STATUS   Clash274  New to Reviewed
08:52:43.547  +0098.502s  STATUS   Clash275  New to Reviewed
08:52:43.550  +0098.505s  STATUS   Clash276  New to Reviewed
08:52:43.553  +0098.508s  STATUS   Clash277  New to Reviewed
08:52:43.555  +0098.511s  STATUS   Clash278  New to Reviewed
08:52:43.558  +0098.513s  STATUS   Clash279  New to Reviewed
08:52:43.560  +0098.516s  STATUS   Clash280  New to Reviewed
08:52:43.563  +0098.519s  STATUS   Clash281  New to Reviewed
08:52:43.567  +0098.522s  STATUS   Clash282  New to Reviewed
08:52:43.570  +0098.525s  STATUS   Clash283  New to Reviewed
08:52:43.573  +0098.528s  STATUS   Clash284  New to Reviewed
08:52:43.575  +0098.531s  STATUS   Clash285  New to Reviewed
08:52:43.578  +0098.534s  STATUS   Clash286  New to Reviewed
08:52:43.581  +0098.536s  STATUS   Clash287  New to Reviewed
08:52:43.584  +0098.539s  STATUS   Clash288  New to Reviewed
08:52:43.587  +0098.542s  STATUS   Clash289  New to Reviewed
08:52:43.590  +0098.545s  STATUS   Clash290  New to Reviewed
08:52:43.592  +0098.548s  STATUS   Clash291  New to Reviewed
08:52:43.596  +0098.551s  STATUS   Clash292  New to Reviewed
08:52:43.598  +0098.554s  STATUS   Clash293  New to Reviewed
08:52:43.616  +0098.572s  STATUS   Clash294  New to Reviewed
08:52:43.620  +0098.575s  STATUS   Clash295  New to Reviewed
08:52:43.622  +0098.578s  STATUS   Clash296  New to Reviewed
08:52:43.625  +0098.581s  STATUS   Clash297  New to Reviewed
08:52:43.628  +0098.584s  STATUS   Clash298  New to Reviewed
08:52:43.631  +0098.586s  STATUS   Clash299  New to Reviewed
08:52:43.633  +0098.589s  STATUS   Clash300  New to Reviewed
08:52:43.636  +0098.592s  STATUS   Clash301  New to Reviewed
08:52:43.871  +0098.826s  STATUS   Clash302  New to Reviewed
08:52:43.876  +0098.832s  STATUS   Clash303  New to Reviewed
08:52:43.881  +0098.836s  STATUS   Clash304  New to Reviewed
08:52:43.885  +0098.841s  STATUS   Clash305  New to Reviewed
08:52:43.889  +0098.845s  STATUS   Clash306  New to Reviewed
08:52:43.895  +0098.850s  STATUS   Clash307  New to Reviewed
08:52:43.902  +0098.858s  STATUS   Clash308  New to Reviewed
08:52:43.908  +0098.863s  STATUS   Clash309  New to Reviewed
08:52:43.913  +0098.868s  STATUS   Clash310  New to Reviewed
08:52:43.918  +0098.873s  STATUS   Clash311  New to Reviewed
08:52:43.922  +0098.878s  STATUS   Clash312  New to Reviewed
08:52:43.926  +0098.882s  STATUS   Clash313  New to Reviewed
08:52:43.930  +0098.886s  STATUS   Clash314  New to Reviewed
08:52:43.933  +0098.889s  STATUS   Clash315  New to Reviewed
08:52:44.048  +0099.003s  STATUS   Clash316  New to Reviewed
08:52:44.051  +0099.007s  STATUS   Clash317  New to Reviewed
08:52:44.053  +0099.009s  STATUS   Clash318  New to Reviewed
08:52:44.056  +0099.012s  STATUS   Clash319  New to Reviewed
08:52:44.060  +0099.015s  STATUS   Clash320  New to Reviewed
08:52:44.063  +0099.018s  STATUS   Clash321  New to Reviewed
08:52:44.067  +0099.022s  STATUS   Clash322  New to Reviewed
08:52:44.071  +0099.026s  STATUS   Clash323  New to Reviewed
08:52:44.074  +0099.030s  STATUS   Clash324  New to Reviewed
08:52:44.079  +0099.035s  STATUS   Clash325  New to Reviewed
08:52:44.083  +0099.038s  STATUS   Clash326  New to Reviewed
08:52:44.086  +0099.042s  STATUS   Clash327  New to Reviewed
08:52:44.089  +0099.045s  STATUS   Clash328  New to Reviewed
08:52:44.092  +0099.048s  STATUS   Clash329  New to Reviewed
08:52:44.096  +0099.051s  STATUS   Clash330  New to Reviewed
08:52:44.099  +0099.054s  STATUS   Clash331  New to Reviewed
08:52:44.102  +0099.058s  STATUS   Clash332  New to Reviewed
08:52:44.106  +0099.061s  STATUS   Clash333  New to Reviewed
08:52:44.109  +0099.064s  STATUS   Clash334  New to Reviewed
08:52:44.112  +0099.067s  STATUS   Clash335  New to Reviewed
08:52:44.116  +0099.071s  STATUS   Clash336  New to Reviewed
08:52:44.119  +0099.075s  STATUS   Clash337  New to Reviewed
08:52:44.125  +0099.081s  STATUS   Clash338  New to Reviewed
08:52:44.129  +0099.085s  STATUS   Clash339  New to Reviewed
08:52:44.136  +0099.091s  STATUS   Clash340  New to Reviewed
08:52:44.139  +0099.094s  STATUS   Clash341  New to Reviewed
08:52:44.142  +0099.097s  STATUS   Clash342  New to Reviewed
08:52:44.144  +0099.100s  STATUS   Clash343  New to Reviewed
08:52:44.147  +0099.103s  STATUS   Clash344  New to Reviewed
08:52:44.150  +0099.105s  STATUS   Clash345  New to Reviewed
08:52:44.152  +0099.108s  STATUS   Clash346  New to Reviewed
08:52:44.156  +0099.112s  STATUS   Clash347  New to Reviewed
08:52:44.160  +0099.116s  STATUS   Clash348  New to Reviewed
08:52:44.163  +0099.119s  STATUS   Clash349  New to Reviewed
08:52:44.166  +0099.122s  STATUS   Clash350  New to Reviewed
08:52:44.169  +0099.125s  STATUS   Clash351  New to Reviewed
08:52:44.172  +0099.127s  STATUS   Clash352  New to Reviewed
08:52:44.174  +0099.130s  STATUS   Clash353  New to Reviewed
08:52:44.177  +0099.133s  STATUS   Clash354  New to Reviewed
08:52:44.180  +0099.136s  STATUS   Clash355  New to Reviewed
08:52:44.184  +0099.139s  STATUS   Clash356  New to Reviewed
08:52:44.187  +0099.142s  STATUS   Clash357  New to Reviewed
08:52:44.190  +0099.146s  STATUS   Clash358  New to Reviewed
08:52:44.193  +0099.149s  STATUS   Clash359  New to Reviewed
08:52:44.196  +0099.152s  STATUS   Clash360  New to Reviewed
08:52:44.199  +0099.155s  STATUS   Clash361  New to Reviewed
08:52:44.202  +0099.158s  STATUS   Clash362  New to Reviewed
08:52:44.212  +0099.168s  STATUS   Clash363  New to Reviewed
08:52:44.216  +0099.172s  STATUS   Clash364  New to Reviewed
08:52:44.220  +0099.175s  STATUS   Clash365  New to Reviewed
08:52:44.223  +0099.179s  STATUS   Clash366  New to Reviewed
08:52:44.227  +0099.182s  STATUS   Clash367  New to Reviewed
08:52:44.249  +0099.204s  STATUS   Clash368  New to Reviewed
08:52:44.272  +0099.227s  STATUS   Clash369  New to Reviewed
08:52:44.286  +0099.242s  STATUS   Clash370  New to Reviewed
08:52:44.305  +0099.261s  STATUS   Clash371  New to Reviewed
08:52:44.322  +0099.277s  STATUS   Clash372  New to Reviewed
08:52:44.335  +0099.290s  STATUS   Clash373  New to Reviewed
08:52:44.338  +0099.293s  STATUS   Clash374  New to Reviewed
08:52:44.341  +0099.296s  STATUS   Clash375  New to Reviewed
08:52:44.356  +0099.311s  STATUS   Clash376  New to Reviewed
08:52:44.373  +0099.328s  STATUS   Clash377  New to Reviewed
08:52:44.388  +0099.343s  STATUS   Clash378  New to Reviewed
08:52:44.410  +0099.365s  STATUS   Clash379  New to Reviewed
08:52:44.426  +0099.382s  STATUS   Clash380  New to Reviewed
08:52:44.442  +0099.398s  STATUS   Clash381  New to Reviewed
08:52:44.457  +0099.413s  STATUS   Clash382  New to Reviewed
08:52:44.475  +0099.431s  STATUS   Clash383  New to Reviewed
08:52:44.491  +0099.446s  STATUS   Clash384  New to Reviewed
08:52:44.507  +0099.463s  STATUS   Clash385  New to Reviewed
08:52:44.526  +0099.481s  STATUS   Clash386  New to Reviewed
08:52:44.539  +0099.495s  STATUS   Clash387  New to Reviewed
08:52:44.547  +0099.503s  STATUS   Clash388  New to Reviewed
08:52:44.554  +0099.509s  STATUS   Clash389  New to Reviewed
08:52:44.566  +0099.522s  STATUS   Clash390  New to Reviewed
08:52:44.590  +0099.546s  STATUS   Clash391  New to Reviewed
08:52:44.604  +0099.561s  STATUS   Clash392  New to Reviewed
08:52:44.623  +0099.578s  STATUS   Clash393  New to Reviewed
08:52:44.638  +0099.594s  STATUS   Clash394  New to Reviewed
08:52:44.652  +0099.608s  STATUS   Clash395  New to Reviewed
08:52:44.658  +0099.614s  STATUS   Clash396  New to Reviewed
08:52:44.669  +0099.624s  STATUS   Clash397  New to Reviewed
08:52:44.684  +0099.640s  STATUS   Clash398  New to Reviewed
08:52:44.702  +0099.658s  STATUS   Clash399  New to Reviewed
08:52:44.716  +0099.672s  STATUS   Clash400  New to Reviewed
08:52:44.733  +0099.688s  STATUS   Clash401  New to Reviewed
08:52:44.751  +0099.707s  STATUS   Clash402  New to Reviewed
08:52:44.759  +0099.715s  STATUS   Clash403  New to Reviewed
08:52:44.775  +0099.731s  STATUS   Clash404  New to Reviewed
08:52:44.791  +0099.747s  STATUS   Clash405  New to Reviewed
08:52:44.809  +0099.765s  STATUS   Clash406  New to Reviewed
08:52:44.823  +0099.778s  STATUS   Clash407  New to Reviewed
08:52:44.840  +0099.795s  STATUS   Clash408  New to Reviewed
08:52:44.855  +0099.812s  STATUS   Clash409  New to Reviewed
08:52:44.864  +0099.820s  STATUS   Clash410  New to Reviewed
08:52:44.880  +0099.836s  STATUS   Clash411  New to Reviewed
08:52:44.903  +0099.858s  STATUS   Clash412  New to Reviewed
08:52:44.917  +0099.873s  STATUS   Clash413  New to Reviewed
08:52:44.934  +0099.890s  STATUS   Clash414  New to Reviewed
08:52:44.949  +0099.904s  STATUS   Clash415  New to Reviewed
08:52:44.959  +0099.914s  STATUS   Clash416  New to Reviewed
08:52:44.976  +0099.931s  STATUS   Clash417  New to Reviewed
08:52:44.996  +0099.952s  STATUS   Clash418  New to Reviewed
08:52:45.013  +0099.968s  STATUS   Clash419  New to Reviewed
08:52:45.030  +0099.986s  STATUS   Clash420  New to Reviewed
08:52:45.046  +0100.001s  STATUS   Clash421  New to Reviewed
08:52:45.059  +0100.015s  STATUS   Clash422  New to Reviewed
08:52:45.076  +0100.032s  STATUS   Clash423  New to Reviewed
08:52:45.094  +0100.049s  STATUS   Clash424  New to Reviewed
08:52:45.110  +0100.065s  STATUS   Clash425  New to Reviewed
08:52:45.128  +0100.084s  STATUS   Clash426  New to Reviewed
08:52:45.142  +0100.098s  STATUS   Clash427  New to Reviewed
08:52:45.160  +0100.116s  STATUS   Clash428  New to Reviewed
08:52:45.175  +0100.131s  STATUS   Clash429  New to Reviewed
08:52:45.190  +0100.146s  STATUS   Clash430  New to Reviewed
08:52:45.208  +0100.164s  STATUS   Clash431  New to Reviewed
08:52:45.223  +0100.179s  STATUS   Clash432  New to Reviewed
08:52:45.262  +0100.218s  STATUS   Clash433  New to Reviewed
08:52:45.277  +0100.232s  STATUS   Clash434  New to Reviewed
08:52:45.295  +0100.251s  STATUS   Clash435  New to Reviewed
08:52:45.417  +0100.372s  STATUS   Clash436  New to Reviewed
08:52:45.432  +0100.388s  STATUS   Clash437  New to Reviewed
08:52:45.440  +0100.396s  STATUS   Clash438  New to Reviewed
08:52:45.460  +0100.416s  STATUS   Clash439  New to Reviewed
08:52:45.477  +0100.432s  STATUS   Clash440  New to Reviewed
08:52:45.494  +0100.450s  STATUS   Clash441  New to Reviewed
08:52:45.511  +0100.467s  STATUS   Clash442  New to Reviewed
08:52:45.528  +0100.483s  STATUS   Clash443  New to Reviewed
08:52:45.540  +0100.496s  STATUS   Clash444  New to Reviewed
08:52:45.556  +0100.512s  STATUS   Clash445  New to Reviewed
08:52:45.575  +0100.530s  STATUS   Clash446  New to Reviewed
08:52:45.594  +0100.550s  STATUS   Clash447  New to Reviewed
08:52:45.612  +0100.567s  STATUS   Clash448  New to Reviewed
08:52:45.629  +0100.584s  STATUS   Clash449  New to Reviewed
08:52:45.639  +0100.594s  STATUS   Clash450  New to Reviewed
08:52:45.658  +0100.613s  STATUS   Clash451  New to Reviewed
08:52:45.677  +0100.633s  STATUS   Clash452  New to Reviewed
08:52:45.695  +0100.650s  STATUS   Clash453  New to Reviewed
08:52:45.711  +0100.667s  STATUS   Clash454  New to Reviewed
08:52:45.725  +0100.681s  STATUS   Clash455  New to Reviewed
08:52:45.742  +0100.697s  STATUS   Clash456  New to Reviewed
08:52:45.762  +0100.718s  STATUS   Clash457  New to Reviewed
08:52:45.783  +0100.738s  STATUS   Clash458  New to Reviewed
08:52:45.799  +0100.755s  STATUS   Clash459  New to Reviewed
08:52:45.820  +0100.776s  STATUS   Clash460  New to Reviewed
08:52:45.839  +0100.794s  STATUS   Clash461  New to Reviewed
08:52:45.849  +0100.805s  STATUS   Clash462  New to Reviewed
08:52:45.867  +0100.822s  STATUS   Clash463  New to Reviewed
08:52:45.871  +0100.826s  STATUS   Clash464  New to Reviewed
08:52:45.875  +0100.830s  STATUS   Clash465  New to Reviewed
08:52:45.878  +0100.834s  STATUS   Clash466  New to Reviewed
08:52:45.882  +0100.837s  STATUS   Clash467  New to Reviewed
08:52:45.886  +0100.841s  STATUS   Clash468  New to Reviewed
08:52:45.890  +0100.845s  STATUS   Clash469  New to Reviewed
08:52:45.893  +0100.848s  STATUS   Clash470  New to Reviewed
08:52:45.896  +0100.852s  STATUS   Clash471  New to Reviewed
08:52:45.913  +0100.869s  STATUS   Clash472  New to Reviewed
08:52:45.934  +0100.889s  STATUS   Clash473  New to Reviewed
08:52:45.951  +0100.906s  STATUS   Clash474  New to Reviewed
08:52:45.969  +0100.924s  STATUS   Clash475  New to Reviewed
08:52:45.989  +0100.944s  STATUS   Clash476  New to Reviewed
08:52:46.002  +0100.958s  STATUS   Clash477  New to Reviewed
08:52:46.017  +0100.973s  STATUS   Clash478  New to Reviewed
08:52:46.036  +0100.992s  STATUS   Clash479  New to Reviewed
08:52:46.053  +0101.008s  STATUS   Clash480  New to Reviewed
08:52:46.071  +0101.027s  STATUS   Clash481  New to Reviewed
08:52:46.093  +0101.048s  STATUS   Clash482  New to Reviewed
08:52:46.107  +0101.062s  STATUS   Clash483  New to Reviewed
08:52:46.122  +0101.077s  STATUS   Clash484  New to Reviewed
08:52:46.142  +0101.097s  STATUS   Clash485  New to Reviewed
08:52:46.161  +0101.116s  STATUS   Clash486  New to Reviewed
08:52:46.184  +0101.139s  STATUS   Clash487  New to Reviewed
08:52:46.199  +0101.154s  STATUS   Clash488  New to Reviewed
08:52:46.216  +0101.172s  STATUS   Clash489  New to Reviewed
08:52:46.223  +0101.179s  STATUS   Clash490  New to Reviewed
08:52:46.239  +0101.195s  STATUS   Clash491  New to Reviewed
08:52:46.260  +0101.216s  STATUS   Clash492  New to Reviewed
08:52:46.275  +0101.231s  STATUS   Clash493  New to Reviewed
08:52:46.299  +0101.254s  STATUS   Clash494  New to Reviewed
08:52:46.315  +0101.271s  STATUS   Clash495  New to Reviewed
08:52:46.322  +0101.278s  STATUS   Clash496  New to Reviewed
08:52:46.340  +0101.295s  STATUS   Clash497  New to Reviewed
08:52:46.359  +0101.314s  STATUS   Clash498  New to Reviewed
08:52:46.377  +0101.333s  STATUS   Clash499  New to Reviewed
08:52:46.396  +0101.352s  STATUS   Clash500  New to Reviewed
08:52:46.415  +0101.371s  STATUS   Clash501  New to Reviewed
08:52:46.426  +0101.381s  STATUS   Clash502  New to Reviewed
08:52:46.442  +0101.398s  STATUS   Clash503  New to Reviewed
08:52:46.460  +0101.415s  STATUS   Clash504  New to Reviewed
08:52:46.477  +0101.432s  STATUS   Clash505  New to Reviewed
08:52:46.494  +0101.449s  STATUS   Clash506  New to Reviewed
08:52:46.515  +0101.470s  STATUS   Clash507  New to Reviewed
08:52:46.527  +0101.483s  STATUS   Clash508  New to Reviewed
08:52:46.540  +0101.495s  STATUS   Clash509  New to Reviewed
08:52:46.545  +0101.500s  STATUS   Clash510  New to Reviewed
08:52:46.549  +0101.504s  STATUS   Clash511  New to Reviewed
08:52:46.553  +0101.508s  STATUS   Clash512  New to Reviewed
08:52:46.556  +0101.512s  STATUS   Clash513  New to Reviewed
08:52:46.560  +0101.516s  STATUS   Clash514  New to Reviewed
08:52:46.565  +0101.521s  STATUS   Clash515  New to Reviewed
08:52:46.570  +0101.526s  STATUS   Clash516  New to Reviewed
08:52:46.577  +0101.532s  STATUS   Clash517  New to Reviewed
08:52:46.581  +0101.537s  STATUS   Clash518  New to Reviewed
08:52:46.586  +0101.541s  STATUS   Clash519  New to Reviewed
08:52:46.590  +0101.546s  STATUS   Clash520  New to Reviewed
08:52:46.594  +0101.550s  STATUS   Clash521  New to Reviewed
08:52:46.599  +0101.555s  STATUS   Clash522  New to Reviewed
08:52:46.605  +0101.560s  STATUS   Clash523  New to Reviewed
08:52:46.609  +0101.565s  STATUS   Clash524  New to Reviewed
08:52:46.613  +0101.569s  STATUS   Clash525  New to Reviewed
08:52:46.617  +0101.573s  STATUS   Clash526  New to Reviewed
08:52:46.623  +0101.579s  STATUS   Clash527  New to Reviewed
08:52:46.627  +0101.583s  STATUS   Clash528  New to Reviewed
08:52:46.631  +0101.587s  STATUS   Clash529  New to Reviewed
08:52:46.637  +0101.593s  STATUS   Clash530  New to Reviewed
08:52:46.643  +0101.599s  STATUS   Clash531  New to Reviewed
08:52:46.654  +0101.610s  STATUS   Clash532  New to Reviewed
08:52:46.662  +0101.618s  STATUS   Clash533  New to Reviewed
08:52:46.667  +0101.623s  STATUS   Clash534  New to Reviewed
08:52:46.672  +0101.628s  STATUS   Clash535  New to Reviewed
08:52:46.676  +0101.632s  STATUS   Clash536  New to Reviewed
08:52:46.680  +0101.636s  STATUS   Clash537  New to Reviewed
08:52:46.684  +0101.640s  STATUS   Clash538  New to Reviewed
08:52:46.689  +0101.645s  STATUS   Clash539  New to Reviewed
08:52:46.693  +0101.649s  STATUS   Clash540  New to Reviewed
08:52:46.697  +0101.653s  STATUS   Clash541  New to Reviewed
08:52:46.702  +0101.657s  STATUS   Clash542  New to Reviewed
08:52:46.706  +0101.661s  STATUS   Clash543  New to Reviewed
08:52:46.709  +0101.665s  STATUS   Clash544  New to Reviewed
08:52:46.714  +0101.670s  STATUS   Clash545  New to Reviewed
08:52:46.719  +0101.674s  STATUS   Clash546  New to Reviewed
08:52:46.723  +0101.679s  STATUS   Clash547  New to Reviewed
08:52:46.729  +0101.684s  STATUS   Clash548  New to Reviewed
08:52:46.733  +0101.688s  STATUS   Clash549  New to Reviewed
08:52:46.738  +0101.693s  STATUS   Clash550  New to Reviewed
08:52:46.742  +0101.697s  STATUS   Clash551  New to Reviewed
08:52:46.746  +0101.702s  STATUS   Clash552  New to Reviewed
08:52:46.751  +0101.707s  STATUS   Clash553  New to Reviewed
08:52:46.756  +0101.712s  STATUS   Clash554  New to Reviewed
08:52:46.762  +0101.718s  STATUS   Clash555  New to Reviewed
08:52:46.767  +0101.723s  STATUS   Clash556  New to Reviewed
08:52:46.792  +0101.748s  STATUS   Clash557  New to Reviewed
08:52:46.815  +0101.771s  STATUS   Clash558  New to Reviewed
08:52:46.836  +0101.791s  STATUS   Clash559  New to Reviewed
08:52:46.853  +0101.809s  STATUS   Clash560  New to Reviewed
08:52:46.871  +0101.827s  STATUS   Clash561  New to Reviewed
08:52:46.879  +0101.835s  STATUS   Clash562  New to Reviewed
08:52:46.895  +0101.851s  STATUS   Clash563  New to Reviewed
08:52:46.913  +0101.868s  STATUS   Clash564  New to Reviewed
08:52:46.931  +0101.886s  STATUS   Clash565  New to Reviewed
08:52:46.950  +0101.906s  STATUS   Clash566  New to Reviewed
08:52:46.979  +0101.935s  STATUS   Clash567  New to Reviewed
08:52:46.993  +0101.949s  STATUS   Clash568  New to Reviewed
08:52:47.025  +0101.981s  STATUS   Clash569  New to Reviewed
08:52:47.056  +0102.012s  STATUS   Clash570  New to Reviewed
08:52:47.074  +0102.030s  STATUS   Clash571  New to Reviewed
08:52:47.097  +0102.052s  STATUS   Clash572  New to Reviewed
08:52:47.118  +0102.074s  STATUS   Clash573  New to Reviewed
08:52:47.147  +0102.102s  STATUS   Clash574  New to Reviewed
08:52:47.162  +0102.118s  STATUS   Clash575  New to Reviewed
08:52:47.181  +0102.136s  STATUS   Clash576  New to Reviewed
08:52:47.198  +0102.154s  STATUS   Clash577  New to Reviewed
08:52:47.216  +0102.171s  STATUS   Clash578  New to Reviewed
08:52:47.235  +0102.191s  STATUS   Clash579  New to Reviewed
08:52:47.255  +0102.210s  STATUS   Clash580  New to Reviewed
08:52:47.273  +0102.228s  STATUS   Clash581  New to Reviewed
08:52:47.286  +0102.242s  STATUS   Clash582  New to Reviewed
08:52:47.305  +0102.261s  STATUS   Clash583  New to Reviewed
08:52:47.324  +0102.280s  STATUS   Clash584  New to Reviewed
08:52:47.343  +0102.299s  STATUS   Clash585  New to Reviewed
08:52:47.359  +0102.315s  STATUS   Clash586  New to Reviewed
08:52:47.377  +0102.332s  STATUS   Clash587  New to Reviewed
08:52:47.390  +0102.346s  STATUS   Clash588  New to Reviewed
08:52:47.400  +0102.356s  STATUS   Clash589  New to Reviewed
08:52:47.417  +0102.372s  STATUS   Clash590  New to Reviewed
08:52:47.438  +0102.393s  STATUS   Clash591  New to Reviewed
08:52:47.454  +0102.410s  STATUS   Clash592  New to Reviewed
08:52:47.472  +0102.427s  STATUS   Clash593  New to Reviewed
08:52:47.485  +0102.441s  STATUS   Clash594  New to Reviewed
08:52:47.502  +0102.457s  STATUS   Clash595  New to Reviewed
08:52:47.506  +0102.462s  STATUS   Clash596  New to Reviewed
08:52:47.511  +0102.466s  STATUS   Clash597  New to Reviewed
08:52:47.516  +0102.471s  STATUS   Clash598  New to Reviewed
08:52:47.520  +0102.475s  STATUS   Clash599  New to Reviewed
08:52:47.537  +0102.492s  STATUS   Clash600  New to Reviewed
08:52:47.557  +0102.513s  STATUS   Clash601  New to Reviewed
08:52:47.574  +0102.529s  STATUS   Clash602  New to Reviewed
08:52:47.591  +0102.546s  STATUS   Clash603  New to Reviewed
08:52:47.611  +0102.566s  STATUS   Clash604  New to Reviewed
08:52:47.629  +0102.584s  STATUS   Clash605  New to Reviewed
08:52:47.649  +0102.605s  STATUS   Clash606  New to Reviewed
08:52:47.666  +0102.621s  STATUS   Clash607  New to Reviewed
08:52:47.684  +0102.639s  STATUS   Clash608  New to Reviewed
08:52:47.713  +0102.668s  STATUS   Clash609  New to Reviewed
08:52:47.727  +0102.683s  STATUS   Clash610  New to Reviewed
08:52:47.739  +0102.695s  STATUS   Clash611  New to Reviewed
08:52:47.764  +0102.720s  STATUS   Clash612  New to Reviewed
08:52:47.780  +0102.735s  STATUS   Clash613  New to Reviewed
08:52:47.801  +0102.756s  STATUS   Clash614  New to Reviewed
08:52:47.816  +0102.772s  STATUS   Clash615  New to Reviewed
08:52:47.834  +0102.790s  STATUS   Clash616  New to Reviewed
08:52:47.853  +0102.808s  STATUS   Clash617  New to Reviewed
08:52:47.868  +0102.824s  STATUS   Clash618  New to Reviewed
08:52:47.889  +0102.845s  STATUS   Clash619  New to Reviewed
08:52:47.909  +0102.864s  STATUS   Clash620  New to Reviewed
08:52:47.920  +0102.876s  STATUS   Clash621  New to Reviewed
08:52:47.941  +0102.896s  STATUS   Clash622  New to Reviewed
08:52:47.959  +0102.917s  STATUS   Clash623  New to Reviewed
08:52:47.978  +0102.934s  STATUS   Clash624  New to Reviewed
08:52:47.997  +0102.953s  STATUS   Clash625  New to Reviewed
08:52:48.014  +0102.970s  STATUS   Clash626  New to Reviewed
08:52:48.014  +0102.979s  STATUS   Clash627  New to Reviewed
08:52:48.028  +0102.994s  STATUS   Clash628  New to Reviewed
08:52:48.054  +0103.010s  STATUS   Clash629  New to Reviewed
08:52:48.075  +0103.031s  STATUS   Clash630  New to Reviewed
08:52:48.091  +0103.047s  STATUS   Clash631  New to Reviewed
08:52:48.107  +0103.065s  STATUS   Clash632  New to Reviewed
08:52:48.117  +0103.075s  STATUS   Clash633  New to Reviewed
08:52:48.134  +0103.093s  STATUS   Clash634  New to Reviewed
08:52:48.159  +0103.116s  STATUS   Clash635  New to Reviewed
08:52:48.178  +0103.133s  STATUS   Clash636  New to Reviewed
08:52:48.194  +0103.152s  STATUS   Clash637  New to Reviewed
08:52:48.219  +0103.175s  STATUS   Clash638  New to Reviewed
08:52:48.235  +0103.192s  STATUS   Clash639  New to Reviewed
08:52:48.251  +0103.213s  STATUS   Clash640  New to Reviewed
08:52:48.267  +0103.233s  STATUS   Clash641  New to Reviewed
08:52:48.294  +0103.251s  STATUS   Clash642  New to Reviewed
08:52:48.315  +0103.272s  STATUS   Clash643  New to Reviewed
08:52:48.337  +0103.293s  STATUS   Clash644  New to Reviewed
08:52:48.345  +0103.309s  STATUS   Clash645  New to Reviewed
08:52:48.361  +0103.328s  STATUS   Clash646  New to Reviewed
08:52:48.379  +0103.345s  STATUS   Clash647  New to Reviewed
08:52:48.410  +0103.366s  STATUS   Clash648  New to Reviewed
08:52:48.428  +0103.384s  STATUS   Clash649  New to Reviewed
08:52:48.457  +0103.419s  STATUS   Clash650  New to Reviewed
08:52:48.492  +0103.448s  STATUS   Clash651  New to Reviewed
08:52:48.507  +0103.467s  STATUS   Clash652  New to Reviewed
08:52:48.520  +0103.484s  STATUS   Clash653  New to Reviewed
08:52:48.544  +0103.505s  STATUS   Clash654  New to Reviewed
08:52:48.562  +0103.521s  STATUS   Clash655  New to Reviewed
08:52:48.583  +0103.542s  STATUS   Clash656  New to Reviewed
08:52:48.599  +0103.560s  STATUS   Clash657  New to Reviewed
08:52:48.615  +0103.571s  STATUS   Clash658  New to Reviewed
08:52:48.630  +0103.589s  STATUS   Clash659  New to Reviewed
08:52:48.647  +0103.608s  STATUS   Clash660  New to Reviewed
08:52:48.678  +0103.636s  STATUS   Clash661  New to Reviewed
08:52:48.699  +0103.656s  STATUS   Clash662  New to Reviewed
08:52:48.717  +0103.677s  STATUS   Clash663  New to Reviewed
08:52:48.737  +0103.693s  STATUS   Clash664  New to Reviewed
08:52:48.743  +0103.711s  STATUS   Clash665  New to Reviewed
08:52:48.768  +0103.728s  STATUS   Clash666  New to Reviewed
08:52:48.793  +0103.749s  STATUS   Clash667  New to Reviewed
08:52:48.805  +0103.765s  STATUS   Clash668  New to Reviewed
08:52:48.817  +0103.776s  STATUS   Clash669  New to Reviewed
08:52:48.821  +0103.791s  STATUS   Clash670  New to Reviewed
08:52:48.853  +0103.809s  STATUS   Clash671  New to Reviewed
08:52:48.869  +0103.826s  STATUS   Clash672  New to Reviewed
08:52:48.884  +0103.847s  STATUS   Clash673  New to Reviewed
08:52:48.909  +0103.864s  STATUS   Clash674  New to Reviewed
08:52:48.917  +0103.885s  STATUS   Clash675  New to Reviewed
08:52:48.948  +0103.907s  STATUS   Clash676  New to Reviewed
08:52:48.958  +0103.914s  STATUS   Clash677  New to Reviewed
08:52:48.958  +0103.919s  STATUS   Clash678  New to Reviewed
08:52:48.964  +0103.923s  STATUS   Clash679  New to Reviewed
08:52:48.964  +0103.927s  STATUS   Clash680  New to Reviewed
08:52:48.964  +0103.932s  STATUS   Clash681  New to Reviewed
08:52:48.980  +0103.936s  STATUS   Clash682  New to Reviewed
08:52:48.980  +0103.941s  STATUS   Clash683  New to Reviewed
08:52:48.980  +0103.945s  STATUS   Clash684  New to Reviewed
08:52:48.994  +0103.950s  STATUS   Clash685  New to Reviewed
08:52:48.999  +0103.955s  STATUS   Clash686  New to Reviewed
08:52:48.999  +0103.959s  STATUS   Clash687  New to Reviewed
08:52:49.006  +0103.964s  STATUS   Clash688  New to Reviewed
08:52:49.011  +0103.969s  STATUS   Clash689  New to Reviewed
08:52:49.017  +0103.974s  STATUS   Clash690  New to Reviewed
08:52:49.017  +0103.979s  STATUS   Clash691  New to Reviewed
08:52:49.027  +0103.985s  STATUS   Clash692  New to Reviewed
08:52:49.027  +0103.990s  STATUS   Clash693  New to Reviewed
08:52:49.027  +0103.994s  STATUS   Clash694  New to Reviewed
08:52:49.044  +0104.000s  STATUS   Clash695  New to Reviewed
08:52:49.044  +0104.005s  STATUS   Clash696  New to Reviewed
08:52:49.044  +0104.010s  STATUS   Clash697  New to Reviewed
08:52:49.059  +0104.015s  STATUS   Clash698  New to Reviewed
08:52:49.059  +0104.020s  STATUS   Clash699  New to Reviewed
08:52:49.069  +0104.025s  STATUS   Clash700  New to Reviewed
08:52:49.090  +0104.047s  STATUS   Clash701  New to Reviewed
08:52:49.106  +0104.068s  STATUS   Clash702  New to Reviewed
08:52:49.122  +0104.086s  STATUS   Clash703  New to Reviewed
08:52:49.144  +0104.106s  STATUS   Clash704  New to Reviewed
08:52:49.164  +0104.123s  STATUS   Clash705  New to Reviewed
08:52:49.169  +0104.132s  STATUS   Clash706  New to Reviewed
08:52:49.193  +0104.150s  STATUS   Clash707  New to Reviewed
08:52:49.212  +0104.171s  STATUS   Clash708  New to Reviewed
08:52:49.234  +0104.190s  STATUS   Clash709  New to Reviewed
08:52:49.249  +0104.213s  STATUS   Clash710  New to Reviewed
08:52:49.281  +0104.241s  STATUS   Clash711  New to Reviewed
08:52:49.300  +0104.261s  STATUS   Clash712  New to Reviewed
08:52:49.319  +0104.279s  STATUS   Clash713  New to Reviewed
08:52:49.342  +0104.298s  STATUS   Clash714  New to Reviewed
08:52:49.355  +0104.312s  STATUS   Clash715  New to Reviewed
08:52:49.361  +0104.326s  STATUS   Clash716  New to Reviewed
08:52:49.376  +0104.336s  STATUS   Clash717  New to Reviewed
08:52:49.394  +0104.351s  STATUS   Clash718  New to Reviewed
08:52:49.409  +0104.370s  STATUS   Clash719  New to Reviewed
08:52:49.425  +0104.386s  STATUS   Clash720  New to Reviewed
08:52:49.444  +0104.406s  STATUS   Clash721  New to Reviewed
08:52:49.467  +0104.425s  STATUS   Clash722  New to Reviewed
08:52:49.472  +0104.433s  STATUS   Clash723  New to Reviewed
08:52:49.493  +0104.449s  STATUS   Clash724  New to Reviewed
08:52:49.514  +0104.469s  STATUS   Clash725  New to Reviewed
08:52:49.520  +0104.486s  STATUS   Clash726  New to Reviewed
08:52:49.544  +0104.503s  STATUS   Clash727  New to Reviewed
08:52:49.562  +0104.521s  STATUS   Clash728  New to Reviewed
08:52:49.567  +0104.532s  STATUS   Clash729  New to Reviewed
08:52:49.583  +0104.550s  STATUS   Clash730  New to Reviewed
08:52:49.610  +0104.570s  STATUS   Clash731  New to Reviewed
08:52:49.632  +0104.588s  STATUS   Clash732  New to Reviewed
08:52:49.646  +0104.607s  STATUS   Clash733  New to Reviewed
08:52:49.665  +0104.625s  STATUS   Clash734  New to Reviewed
08:52:49.679  +0104.635s  STATUS   Clash735  New to Reviewed
08:52:49.694  +0104.654s  STATUS   Clash736  New to Reviewed
08:52:49.721  +0104.676s  STATUS   Clash737  New to Reviewed
08:52:49.725  +0104.694s  STATUS   Clash738  New to Reviewed
08:52:49.757  +0104.715s  STATUS   Clash739  New to Reviewed
08:52:49.774  +0104.730s  STATUS   Clash740  New to Reviewed
08:52:49.794  +0104.749s  STATUS   Clash741  New to Reviewed
08:52:49.815  +0104.772s  STATUS   Clash742  New to Reviewed
08:52:49.821  +0104.785s  STATUS   Clash743  New to Reviewed
08:52:49.843  +0104.801s  STATUS   Clash744  New to Reviewed
08:52:49.868  +0104.826s  STATUS   Clash745  New to Reviewed
08:52:49.884  +0104.844s  STATUS   Clash746  New to Reviewed
08:52:49.902  +0104.862s  STATUS   Clash747  New to Reviewed
08:52:49.921  +0104.882s  STATUS   Clash748  New to Reviewed
08:52:49.942  +0104.899s  STATUS   Clash749  New to Reviewed
08:52:49.963  +0104.922s  STATUS   Clash750  New to Reviewed
08:52:49.982  +0104.939s  STATUS   Clash751  New to Reviewed
08:52:49.994  +0104.949s  STATUS   Clash752  New to Reviewed
08:52:50.010  +0104.970s  STATUS   Clash753  New to Reviewed
08:52:50.042  +0104.998s  STATUS   Clash754  New to Reviewed
08:52:50.060  +0105.016s  STATUS   Clash755  New to Reviewed
08:52:50.075  +0105.039s  STATUS   Clash756  New to Reviewed
08:52:50.093  +0105.050s  STATUS   Clash757  New to Reviewed
08:52:50.107  +0105.067s  STATUS   Clash758  New to Reviewed
08:52:50.135  +0105.091s  STATUS   Clash759  New to Reviewed
08:52:50.154  +0105.110s  STATUS   Clash760  New to Reviewed
08:52:50.169  +0105.129s  STATUS   Clash761  New to Reviewed
08:52:50.185  +0105.145s  STATUS   Clash762  New to Reviewed
08:52:50.202  +0105.158s  STATUS   Clash763  New to Reviewed
08:52:50.217  +0105.176s  STATUS   Clash764  New to Reviewed
08:52:50.250  +0105.210s  STATUS   Clash765  New to Reviewed
08:52:50.269  +0105.229s  STATUS   Clash766  New to Reviewed
08:52:50.281  +0105.244s  STATUS   Clash767  New to Reviewed
08:52:50.298  +0105.253s  STATUS   Clash768  New to Reviewed
08:52:50.314  +0105.271s  STATUS   Clash769  New to Reviewed
08:52:50.329  +0105.287s  STATUS   Clash770  New to Reviewed
08:52:50.350  +0105.306s  STATUS   Clash771  New to Reviewed
08:52:50.361  +0105.323s  STATUS   Clash772  New to Reviewed
08:52:50.385  +0105.343s  STATUS   Clash773  New to Reviewed
08:52:50.396  +0105.356s  STATUS   Clash774  New to Reviewed
08:52:50.409  +0105.374s  STATUS   Clash775  New to Reviewed
08:52:50.425  +0105.391s  STATUS   Clash776  New to Reviewed
08:52:50.451  +0105.407s  STATUS   Clash777  New to Reviewed
08:52:50.472  +0105.433s  STATUS   Clash778  New to Reviewed
08:52:50.493  +0105.450s  STATUS   Clash779  New to Reviewed
08:52:50.510  +0105.466s  STATUS   Clash780  New to Reviewed
08:52:50.523  +0105.486s  STATUS   Clash781  New to Reviewed
08:52:50.544  +0105.503s  STATUS   Clash782  New to Reviewed
08:52:50.569  +0105.524s  STATUS   Clash783  New to Reviewed
08:52:50.586  +0105.541s  STATUS   Clash784  New to Reviewed
08:52:50.594  +0105.553s  STATUS   Clash785  New to Reviewed
08:52:50.602  +0105.567s  STATUS   Clash786  New to Reviewed
08:52:50.624  +0105.584s  STATUS   Clash787  New to Reviewed
08:52:50.648  +0105.607s  STATUS   Clash788  New to Reviewed
08:52:50.663  +0105.624s  STATUS   Clash789  New to Reviewed
08:52:50.679  +0105.644s  STATUS   Clash790  New to Reviewed
08:52:50.702  +0105.661s  STATUS   Clash791  New to Reviewed
08:52:50.727  +0105.682s  STATUS   Clash792  New to Reviewed
08:52:50.727  +0105.697s  STATUS   Clash793  New to Reviewed
08:52:50.759  +0105.716s  STATUS   Clash794  New to Reviewed
08:52:50.774  +0105.735s  STATUS   Clash795  New to Reviewed
08:52:50.793  +0105.750s  STATUS   Clash796  New to Reviewed
08:52:50.807  +0105.767s  STATUS   Clash797  New to Reviewed
08:52:50.824  +0105.786s  STATUS   Clash798  New to Reviewed
08:52:50.844  +0105.804s  STATUS   Clash799  New to Reviewed
08:52:50.869  +0105.825s  STATUS   Clash800  New to Reviewed
08:52:50.885  +0105.842s  STATUS   Clash801  New to Reviewed
08:52:50.900  +0105.855s  STATUS   Clash802  New to Reviewed
08:52:50.916  +0105.875s  STATUS   Clash803  New to Reviewed
08:52:50.932  +0105.894s  STATUS   Clash804  New to Reviewed
08:52:50.954  +0105.916s  STATUS   Clash805  New to Reviewed
08:52:50.964  +0105.935s  STATUS   Clash806  New to Reviewed
08:52:50.980  +0105.940s  STATUS   Clash807  New to Reviewed
08:52:50.997  +0105.956s  STATUS   Clash808  New to Reviewed
08:52:51.011  +0105.974s  STATUS   Clash809  New to Reviewed
08:52:51.027  +0105.995s  STATUS   Clash810  New to Reviewed
08:52:51.059  +0106.014s  STATUS   Clash811  New to Reviewed
08:52:51.075  +0106.035s  STATUS   Clash812  New to Reviewed
08:52:51.093  +0106.051s  STATUS   Clash813  New to Reviewed
08:52:51.108  +0106.064s  STATUS   Clash814  New to Reviewed
08:52:51.126  +0106.083s  STATUS   Clash815  New to Reviewed
08:52:51.144  +0106.104s  STATUS   Clash816  New to Reviewed
08:52:51.160  +0106.121s  STATUS   Clash817  New to Reviewed
08:52:51.188  +0106.145s  STATUS   Clash818  New to Reviewed
08:52:51.208  +0106.166s  STATUS   Clash819  New to Reviewed
08:52:51.226  +0106.185s  STATUS   Clash820  New to Reviewed
08:52:51.233  +0106.198s  STATUS   Clash821  New to Reviewed
08:52:51.249  +0106.206s  STATUS   Clash822  New to Reviewed
08:52:51.252  +0106.211s  STATUS   Clash823  New to Reviewed
08:52:51.261  +0106.217s  STATUS   Clash824  New to Reviewed
08:52:51.266  +0106.222s  STATUS   Clash825  New to Reviewed
08:52:51.270  +0106.227s  STATUS   Clash826  New to Reviewed
08:52:51.270  +0106.232s  STATUS   Clash827  New to Reviewed
08:52:51.281  +0106.237s  STATUS   Clash828  New to Reviewed
08:52:51.281  +0106.241s  STATUS   Clash829  New to Reviewed
08:52:51.281  +0106.246s  STATUS   Clash830  New to Reviewed
08:52:51.294  +0106.251s  STATUS   Clash831  New to Reviewed
08:52:51.300  +0106.256s  STATUS   Clash832  New to Reviewed
08:52:51.303  +0106.260s  STATUS   Clash833  New to Reviewed
08:52:51.303  +0106.265s  STATUS   Clash834  New to Reviewed
08:52:51.313  +0106.271s  STATUS   Clash835  New to Reviewed
08:52:51.313  +0106.276s  STATUS   Clash836  New to Reviewed
08:52:51.313  +0106.281s  STATUS   Clash837  New to Reviewed
08:52:51.329  +0106.292s  STATUS   Clash838  New to Reviewed
08:52:51.329  +0106.297s  STATUS   Clash839  New to Reviewed
08:52:51.346  +0106.302s  STATUS   Clash840  New to Reviewed
08:52:51.346  +0106.308s  STATUS   Clash841  New to Reviewed
08:52:51.361  +0106.317s  STATUS   Clash842  New to Reviewed
08:52:51.363  +0106.324s  STATUS   Clash843  New to Reviewed
08:52:51.377  +0106.334s  STATUS   Clash844  New to Reviewed
08:52:51.377  +0106.341s  STATUS   Clash845  New to Reviewed
08:52:51.390  +0106.347s  STATUS   Clash846  New to Reviewed
08:52:51.393  +0106.352s  STATUS   Clash847  New to Reviewed
08:52:51.393  +0106.357s  STATUS   Clash848  New to Reviewed
08:52:51.403  +0106.362s  STATUS   Clash849  New to Reviewed
08:52:51.409  +0106.367s  STATUS   Clash850  New to Reviewed
08:52:51.409  +0106.372s  STATUS   Clash851  New to Reviewed
08:52:51.409  +0106.377s  STATUS   Clash852  New to Reviewed
08:52:51.427  +0106.382s  STATUS   Clash853  New to Reviewed
08:52:51.427  +0106.388s  STATUS   Clash854  New to Reviewed
08:52:51.427  +0106.393s  STATUS   Clash855  New to Reviewed
08:52:51.441  +0106.398s  STATUS   Clash856  New to Reviewed
08:52:51.443  +0106.403s  STATUS   Clash857  New to Reviewed
08:52:51.443  +0106.407s  STATUS   Clash858  New to Reviewed
08:52:51.457  +0106.412s  STATUS   Clash859  New to Reviewed
08:52:51.457  +0106.417s  STATUS   Clash860  New to Reviewed
08:52:51.457  +0106.422s  STATUS   Clash861  New to Reviewed
08:52:51.457  +0106.426s  STATUS   Clash862  New to Reviewed
08:52:51.472  +0106.431s  STATUS   Clash863  New to Reviewed
08:52:51.472  +0106.436s  STATUS   Clash864  New to Reviewed
08:52:51.472  +0106.441s  STATUS   Clash865  New to Reviewed
08:52:51.488  +0106.447s  STATUS   Clash866  New to Reviewed
08:52:51.493  +0106.452s  STATUS   Clash867  New to Reviewed
08:52:51.493  +0106.457s  STATUS   Clash868  New to Reviewed
08:52:51.505  +0106.462s  STATUS   Clash869  New to Reviewed
08:52:51.505  +0106.466s  STATUS   Clash870  New to Reviewed
08:52:51.505  +0106.471s  STATUS   Clash871  New to Reviewed
08:52:51.519  +0106.477s  STATUS   Clash872  New to Reviewed
08:52:51.527  +0106.482s  STATUS   Clash873  New to Reviewed
08:52:51.527  +0106.487s  STATUS   Clash874  New to Reviewed
08:52:51.535  +0106.494s  STATUS   Clash875  New to Reviewed
08:52:51.544  +0106.501s  STATUS   Clash876  New to Reviewed
08:52:51.552  +0106.508s  STATUS   Clash877  New to Reviewed
08:52:51.559  +0106.515s  STATUS   Clash878  New to Reviewed
08:52:51.567  +0106.526s  STATUS   Clash879  New to Reviewed
08:52:51.567  +0106.533s  STATUS   Clash880  New to Reviewed
08:52:51.567  +0106.538s  STATUS   Clash881  New to Reviewed
08:52:51.583  +0106.543s  STATUS   Clash882  New to Reviewed
08:52:51.592  +0106.548s  STATUS   Clash883  New to Reviewed
08:52:51.594  +0106.553s  STATUS   Clash884  New to Reviewed
08:52:51.600  +0106.558s  STATUS   Clash885  New to Reviewed
08:52:51.604  +0106.563s  STATUS   Clash886  New to Reviewed
08:52:51.604  +0106.568s  STATUS   Clash887  New to Reviewed
08:52:51.615  +0106.574s  STATUS   Clash888  New to Reviewed
08:52:51.615  +0106.580s  STATUS   Clash889  New to Reviewed
08:52:51.628  +0106.584s  STATUS   Clash890  New to Reviewed
08:52:51.631  +0106.590s  STATUS   Clash891  New to Reviewed
08:52:51.631  +0106.595s  STATUS   Clash892  New to Reviewed
08:52:51.643  +0106.599s  STATUS   Clash893  New to Reviewed
08:52:51.647  +0106.604s  STATUS   Clash894  New to Reviewed
08:52:51.647  +0106.609s  STATUS   Clash895  New to Reviewed
08:52:51.647  +0106.614s  STATUS   Clash896  New to Reviewed
08:52:51.663  +0106.619s  STATUS   Clash897  New to Reviewed
08:52:51.665  +0106.625s  STATUS   Clash898  New to Reviewed
08:52:51.665  +0106.630s  STATUS   Clash899  New to Reviewed
08:52:51.679  +0106.636s  STATUS   Clash900  New to Reviewed
08:52:51.679  +0106.640s  STATUS   Clash901  New to Reviewed
08:52:51.679  +0106.645s  STATUS   Clash902  New to Reviewed
08:52:51.693  +0106.650s  STATUS   Clash903  New to Reviewed
08:52:51.696  +0106.655s  STATUS   Clash904  New to Reviewed
08:52:51.696  +0106.659s  STATUS   Clash905  New to Reviewed
08:52:51.704  +0106.662s  STATUS   Clash906  New to Reviewed
08:52:51.704  +0106.665s  STATUS   Clash907  New to Reviewed
08:52:51.711  +0106.670s  STATUS   Clash908  New to Reviewed
08:52:51.711  +0106.675s  STATUS   Clash909  New to Reviewed
08:52:51.728  +0106.686s  STATUS   Clash910  New to Reviewed
08:52:51.728  +0106.694s  STATUS   Clash911  New to Reviewed
08:52:51.744  +0106.701s  STATUS   Clash912  New to Reviewed
08:52:51.744  +0106.713s  STATUS   Clash913  New to Reviewed
08:52:51.761  +0106.720s  STATUS   Clash914  New to Reviewed
08:52:51.761  +0106.725s  STATUS   Clash915  New to Reviewed
08:52:51.761  +0106.730s  STATUS   Clash916  New to Reviewed
08:52:51.775  +0106.735s  STATUS   Clash917  New to Reviewed
08:52:51.775  +0106.740s  STATUS   Clash918  New to Reviewed
08:52:51.775  +0106.745s  STATUS   Clash919  New to Reviewed
08:52:51.793  +0106.751s  STATUS   Clash920  New to Reviewed
08:52:51.793  +0106.757s  STATUS   Clash921  New to Reviewed
08:52:51.808  +0106.763s  STATUS   Clash922  New to Reviewed
08:52:51.808  +0106.768s  STATUS   Clash923  New to Reviewed
08:52:51.808  +0106.774s  STATUS   Clash924  New to Reviewed
08:52:51.824  +0106.782s  STATUS   Clash925  New to Reviewed
08:52:51.829  +0106.788s  STATUS   Clash926  New to Reviewed
08:52:51.829  +0106.794s  STATUS   Clash927  New to Reviewed
08:52:51.839  +0106.799s  STATUS   Clash928  New to Reviewed
08:52:51.844  +0106.804s  STATUS   Clash929  New to Reviewed
08:52:51.844  +0106.808s  STATUS   Clash930  New to Reviewed
08:52:51.855  +0106.814s  STATUS   Clash931  New to Reviewed
08:52:51.855  +0106.819s  STATUS   Clash932  New to Reviewed
08:52:51.855  +0106.825s  STATUS   Clash933  New to Reviewed
08:52:51.875  +0106.831s  STATUS   Clash934  New to Reviewed
08:52:51.875  +0106.835s  STATUS   Clash935  New to Reviewed
08:52:51.875  +0106.840s  STATUS   Clash936  New to Reviewed
08:52:51.886  +0106.845s  STATUS   Clash937  New to Reviewed
08:52:51.893  +0106.849s  STATUS   Clash938  New to Reviewed
08:52:51.893  +0106.855s  STATUS   Clash939  New to Reviewed
08:52:51.905  +0106.861s  STATUS   Clash940  New to Reviewed
08:52:51.911  +0106.866s  STATUS   Clash941  New to Reviewed
08:52:51.914  +0106.871s  STATUS   Clash942  New to Reviewed
08:52:51.918  +0106.875s  STATUS   Clash943  New to Reviewed
08:52:51.918  +0106.879s  STATUS   Clash944  New to Reviewed
08:52:51.918  +0106.882s  STATUS   Clash945  New to Reviewed
08:52:51.929  +0106.885s  STATUS   Clash946  New to Reviewed
08:52:51.932  +0106.889s  STATUS   Clash947  New to Reviewed
08:52:51.944  +0106.899s  STATUS   Clash948  New to Reviewed
08:52:51.951  +0106.909s  STATUS   Clash949  New to Reviewed
08:52:51.951  +0106.915s  STATUS   Clash950  New to Reviewed
08:52:51.963  +0106.920s  STATUS   Clash951  New to Reviewed
08:52:51.967  +0106.926s  STATUS   Clash952  New to Reviewed
08:52:51.967  +0106.931s  STATUS   Clash953  New to Reviewed
08:52:51.967  +0106.936s  STATUS   Clash954  New to Reviewed
08:52:51.986  +0106.942s  STATUS   Clash955  New to Reviewed
08:52:51.988  +0106.947s  STATUS   Clash956  New to Reviewed
08:52:51.998  +0106.953s  STATUS   Clash957  New to Reviewed
08:52:52.002  +0106.958s  STATUS   Clash958  New to Reviewed
08:52:52.004  +0106.963s  STATUS   Clash959  New to Reviewed
08:52:52.004  +0106.968s  STATUS   Clash960  New to Reviewed
08:52:52.013  +0106.974s  STATUS   Clash961  New to Reviewed
08:52:52.013  +0106.978s  STATUS   Clash962  New to Reviewed
08:52:52.013  +0106.983s  STATUS   Clash963  New to Reviewed
08:52:52.029  +0106.989s  STATUS   Clash964  New to Reviewed
08:52:52.029  +0106.994s  STATUS   Clash965  New to Reviewed
08:52:52.043  +0106.999s  STATUS   Clash966  New to Reviewed
08:52:52.046  +0107.004s  STATUS   Clash967  New to Reviewed
08:52:52.046  +0107.009s  STATUS   Clash968  New to Reviewed
08:52:52.046  +0107.014s  STATUS   Clash969  New to Reviewed
08:52:52.061  +0107.020s  STATUS   Clash970  New to Reviewed
08:52:52.061  +0107.025s  STATUS   Clash971  New to Reviewed
08:52:52.061  +0107.029s  STATUS   Clash972  New to Reviewed
08:52:52.077  +0107.035s  STATUS   Clash973  New to Reviewed
08:52:52.077  +0107.040s  STATUS   Clash974  New to Reviewed
08:52:52.077  +0107.046s  STATUS   Clash975  New to Reviewed
08:52:52.094  +0107.052s  STATUS   Clash976  New to Reviewed
08:52:52.094  +0107.058s  STATUS   Clash977  New to Reviewed
08:52:52.109  +0107.069s  STATUS   Clash978  New to Reviewed
08:52:52.117  +0107.077s  STATUS   Clash979  New to Reviewed
08:52:52.129  +0107.084s  STATUS   Clash980  New to Reviewed
08:52:52.130  +0107.091s  STATUS   Clash981  New to Reviewed
08:52:52.156  +0107.112s  STATUS   Clash982  New to Reviewed
08:52:52.163  +0107.118s  STATUS   Clash983  New to Reviewed
08:52:52.164  +0107.124s  STATUS   Clash984  New to Reviewed
08:52:52.172  +0107.129s  STATUS   Clash985  New to Reviewed
08:52:52.172  +0107.134s  STATUS   Clash986  New to Reviewed
08:52:52.172  +0107.139s  STATUS   Clash987  New to Reviewed
08:52:52.188  +0107.144s  STATUS   Clash988  New to Reviewed
08:52:52.195  +0107.151s  STATUS   Clash989  New to Reviewed
08:52:52.197  +0107.157s  STATUS   Clash990  New to Reviewed
08:52:52.207  +0107.163s  STATUS   Clash991  New to Reviewed
08:52:52.210  +0107.169s  STATUS   Clash992  New to Reviewed
08:52:52.210  +0107.173s  STATUS   Clash993  New to Reviewed
08:52:52.220  +0107.179s  STATUS   Clash994  New to Reviewed
08:52:52.220  +0107.184s  STATUS   Clash995  New to Reviewed
08:52:52.230  +0107.190s  STATUS   Clash996  New to Reviewed
08:52:52.236  +0107.195s  STATUS   Clash997  New to Reviewed
08:52:52.243  +0107.200s  STATUS   Clash998  New to Reviewed
08:52:52.243  +0107.206s  STATUS   Clash999  New to Reviewed
08:52:52.254  +0107.212s  STATUS   Clash1000  New to Reviewed
08:52:52.254  +0107.217s  STATUS   Clash1001  New to Reviewed
08:52:52.267  +0107.223s  STATUS   Clash1002  New to Reviewed
08:52:52.271  +0107.228s  STATUS   Clash1003  New to Reviewed
08:52:52.273  +0107.233s  STATUS   Clash1004  New to Reviewed
08:52:52.273  +0107.238s  STATUS   Clash1005  New to Reviewed
08:52:52.284  +0107.244s  STATUS   Clash1006  New to Reviewed
08:52:52.284  +0107.249s  STATUS   Clash1007  New to Reviewed
08:52:52.293  +0107.254s  STATUS   Clash1008  New to Reviewed
08:52:52.300  +0107.259s  STATUS   Clash1009  New to Reviewed
08:52:52.305  +0107.264s  STATUS   Clash1010  New to Reviewed
08:52:52.316  +0107.278s  STATUS   Clash1011  New to Reviewed
08:52:52.316  +0107.284s  STATUS   Clash1012  New to Reviewed
08:52:52.337  +0107.294s  STATUS   Clash1013  New to Reviewed
08:52:52.350  +0107.316s  STATUS   Clash1014  New to Reviewed
08:52:52.364  +0107.334s  STATUS   Clash1015  New to Reviewed
08:52:52.379  +0107.345s  STATUS   Clash1016  New to Reviewed
08:52:52.399  +0107.356s  STATUS   Clash1017  New to Reviewed
08:52:52.408  +0107.364s  STATUS   Clash1018  New to Reviewed
08:52:52.412  +0107.372s  STATUS   Clash1019  New to Reviewed
08:52:52.412  +0107.382s  STATUS   Clash1020  New to Reviewed
08:52:52.431  +0107.390s  STATUS   Clash1021  New to Reviewed
08:52:52.444  +0107.399s  STATUS   Clash1022  New to Reviewed
08:52:52.445  +0107.407s  STATUS   Clash1023  New to Reviewed
08:52:52.460  +0107.416s  STATUS   Clash1024  New to Reviewed
08:52:52.462  +0107.423s  STATUS   Clash1025  New to Reviewed
08:52:52.478  +0107.433s  STATUS   Clash1026  New to Reviewed
08:52:52.478  +0107.441s  STATUS   Clash1027  New to Reviewed
08:52:52.491  +0107.448s  STATUS   Clash1028  New to Reviewed
08:52:52.499  +0107.455s  STATUS   Clash1029  New to Reviewed
08:52:52.506  +0107.461s  STATUS   Clash1030  New to Reviewed
08:52:52.510  +0107.468s  STATUS   Clash1031  New to Reviewed
08:52:52.522  +0107.477s  STATUS   Clash1032  New to Reviewed
08:52:52.524  +0107.484s  STATUS   Clash1033  New to Reviewed
08:52:52.533  +0107.492s  STATUS   Clash1034  New to Reviewed
08:52:52.543  +0107.501s  STATUS   Clash1035  New to Reviewed
08:52:52.543  +0107.508s  STATUS   Clash1036  New to Reviewed
08:52:52.559  +0107.515s  STATUS   Clash1037  New to Reviewed
08:52:52.566  +0107.521s  STATUS   Clash1038  New to Reviewed
08:52:52.570  +0107.527s  STATUS   Clash1039  New to Reviewed
08:52:52.572  +0107.534s  STATUS   Clash1040  New to Reviewed
08:52:52.586  +0107.542s  STATUS   Clash1041  New to Reviewed
08:52:52.588  +0107.548s  STATUS   Clash1042  New to Reviewed
08:52:52.600  +0107.555s  STATUS   Clash1043  New to Reviewed
08:52:52.606  +0107.563s  STATUS   Clash1044  New to Reviewed
08:52:52.606  +0107.571s  STATUS   Clash1045  New to Reviewed
08:52:52.620  +0107.580s  STATUS   Clash1046  New to Reviewed
08:52:52.634  +0107.592s  STATUS   Clash1047  New to Reviewed
08:52:52.644  +0107.602s  STATUS   Clash1048  New to Reviewed
08:52:52.652  +0107.608s  STATUS   Clash1049  New to Reviewed
08:52:52.657  +0107.615s  STATUS   Clash1050  New to Reviewed
08:52:52.665  +0107.621s  STATUS   Clash1051  New to Reviewed
08:52:52.665  +0107.627s  STATUS   Clash1052  New to Reviewed
08:52:52.665  +0107.632s  STATUS   Clash1053  New to Reviewed
08:52:52.681  +0107.638s  STATUS   Clash1054  New to Reviewed
08:52:52.681  +0107.644s  STATUS   Clash1055  New to Reviewed
08:52:52.693  +0107.650s  STATUS   Clash1056  New to Reviewed
08:52:52.698  +0107.656s  STATUS   Clash1057  New to Reviewed
08:52:52.706  +0107.663s  STATUS   Clash1058  New to Reviewed
08:52:52.713  +0107.669s  STATUS   Clash1059  New to Reviewed
08:52:52.713  +0107.676s  STATUS   Clash1060  New to Reviewed
08:52:52.713  +0107.682s  STATUS   Clash1061  New to Reviewed
08:52:52.731  +0107.688s  STATUS   Clash1062  New to Reviewed
08:52:52.731  +0107.693s  STATUS   Clash1063  New to Reviewed
08:52:52.744  +0107.699s  STATUS   Clash1064  New to Reviewed
08:52:52.745  +0107.706s  STATUS   Clash1065  New to Reviewed
08:52:52.745  +0107.711s  STATUS   Clash1066  New to Reviewed
08:52:52.761  +0107.717s  STATUS   Clash1067  New to Reviewed
08:52:52.768  +0107.723s  STATUS   Clash1068  New to Reviewed
08:52:52.768  +0107.729s  STATUS   Clash1069  New to Reviewed
08:52:52.776  +0107.735s  STATUS   Clash1070  New to Reviewed
08:52:52.776  +0107.741s  STATUS   Clash1071  New to Reviewed
08:52:52.776  +0107.746s  STATUS   Clash1072  New to Reviewed
08:52:52.793  +0107.753s  STATUS   Clash1073  New to Reviewed
08:52:52.801  +0107.759s  STATUS   Clash1074  New to Reviewed
08:52:52.810  +0107.766s  STATUS   Clash1075  New to Reviewed
08:52:52.810  +0107.776s  STATUS   Clash1076  New to Reviewed
08:52:52.824  +0107.783s  STATUS   Clash1077  New to Reviewed
08:52:52.832  +0107.791s  STATUS   Clash1078  New to Reviewed
08:52:52.844  +0107.804s  STATUS   Clash1079  New to Reviewed
08:52:52.858  +0107.814s  STATUS   Clash1080  New to Reviewed
08:52:52.867  +0107.822s  STATUS   Clash1081  New to Reviewed
08:52:52.872  +0107.828s  STATUS   Clash1082  New to Reviewed
08:52:52.872  +0107.835s  STATUS   Clash1083  New to Reviewed
08:52:52.872  +0107.842s  STATUS   Clash1084  New to Reviewed
08:52:52.888  +0107.848s  STATUS   Clash1085  New to Reviewed
08:52:52.894  +0107.855s  STATUS   Clash1086  New to Reviewed
08:52:52.906  +0107.862s  STATUS   Clash1087  New to Reviewed
08:52:52.912  +0107.868s  STATUS   Clash1088  New to Reviewed
08:52:52.915  +0107.874s  STATUS   Clash1089  New to Reviewed
08:52:52.919  +0107.879s  STATUS   Clash1090  New to Reviewed
08:52:52.919  +0107.884s  STATUS   Clash1091  New to Reviewed
08:52:52.932  +0107.889s  STATUS   Clash1092  New to Reviewed
08:52:52.935  +0107.894s  STATUS   Clash1093  New to Reviewed
08:52:52.944  +0107.899s  STATUS   Clash1094  New to Reviewed
08:52:52.944  +0107.904s  STATUS   Clash1095  New to Reviewed
08:52:52.951  +0107.910s  STATUS   Clash1096  New to Reviewed
08:52:52.951  +0107.915s  STATUS   Clash1097  New to Reviewed
08:52:52.968  +0107.923s  STATUS   Clash1098  New to Reviewed
08:52:52.970  +0107.929s  STATUS   Clash1099  New to Reviewed
08:52:52.970  +0107.934s  STATUS   Clash1100  New to Reviewed
08:52:52.982  +0107.939s  STATUS   Clash1101  New to Reviewed
08:52:52.982  +0107.944s  STATUS   Clash1102  New to Reviewed
08:52:52.993  +0107.950s  STATUS   Clash1103  New to Reviewed
08:52:53.000  +0107.955s  STATUS   Clash1104  New to Reviewed
08:52:53.001  +0107.961s  STATUS   Clash1105  New to Reviewed
08:52:53.006  +0107.966s  STATUS   Clash1106  New to Reviewed
08:52:53.014  +0107.972s  STATUS   Clash1107  New to Reviewed
08:52:53.014  +0107.985s  STATUS   Clash1108  New to Reviewed
08:52:53.033  +0107.993s  STATUS   Clash1109  New to Reviewed
08:52:53.047  +0108.005s  STATUS   Clash1110  New to Reviewed
08:52:53.047  +0108.013s  STATUS   Clash1111  New to Reviewed
08:52:53.062  +0108.019s  STATUS   Clash1112  New to Reviewed
08:52:53.062  +0108.024s  STATUS   Clash1113  New to Reviewed
08:52:53.075  +0108.030s  STATUS   Clash1114  New to Reviewed
08:52:53.077  +0108.036s  STATUS   Clash1115  New to Reviewed
08:52:53.077  +0108.041s  STATUS   Clash1116  New to Reviewed
08:52:53.077  +0108.046s  STATUS   Clash1117  New to Reviewed
08:52:53.094  +0108.051s  STATUS   Clash1118  New to Reviewed
08:52:53.094  +0108.056s  STATUS   Clash1119  New to Reviewed
08:52:53.094  +0108.061s  STATUS   Clash1120  New to Reviewed
08:52:53.109  +0108.067s  STATUS   Clash1121  New to Reviewed
08:52:53.109  +0108.072s  STATUS   Clash1122  New to Reviewed
08:52:53.109  +0108.077s  STATUS   Clash1123  New to Reviewed
08:52:53.125  +0108.082s  STATUS   Clash1124  New to Reviewed
08:52:53.125  +0108.087s  STATUS   Clash1125  New to Reviewed
08:52:53.134  +0108.093s  STATUS   Clash1126  New to Reviewed
08:52:53.143  +0108.099s  STATUS   Clash1127  New to Reviewed
08:52:53.150  +0108.107s  STATUS   Clash1128  New to Reviewed
08:52:53.157  +0108.112s  STATUS   Clash1129  New to Reviewed
08:52:53.162  +0108.118s  STATUS   Clash1130  New to Reviewed
08:52:53.162  +0108.126s  STATUS   Clash1131  New to Reviewed
08:52:53.174  +0108.131s  STATUS   Clash1132  New to Reviewed
08:52:53.174  +0108.137s  STATUS   Clash1133  New to Reviewed
08:52:53.174  +0108.142s  STATUS   Clash1134  New to Reviewed
08:52:53.188  +0108.148s  STATUS   Clash1135  New to Reviewed
08:52:53.193  +0108.154s  STATUS   Clash1136  New to Reviewed
08:52:53.202  +0108.160s  STATUS   Clash1137  New to Reviewed
08:52:53.210  +0108.166s  STATUS   Clash1138  New to Reviewed
08:52:53.212  +0108.174s  STATUS   Clash1139  New to Reviewed
08:52:53.221  +0108.181s  STATUS   Clash1140  New to Reviewed
08:52:53.221  +0108.188s  STATUS   Clash1141  New to Reviewed
08:52:53.244  +0108.199s  STATUS   Clash1142  New to Reviewed
08:52:53.244  +0108.206s  STATUS   Clash1143  New to Reviewed
08:52:53.253  +0108.211s  STATUS   Clash1144  New to Reviewed
08:52:53.261  +0108.217s  STATUS   Clash1145  New to Reviewed
08:52:53.267  +0108.222s  STATUS   Clash1146  New to Reviewed
08:52:53.273  +0108.228s  STATUS   Clash1147  New to Reviewed
08:52:53.273  +0108.234s  STATUS   Clash1148  New to Reviewed
08:52:53.273  +0108.239s  STATUS   Clash1149  New to Reviewed
08:52:53.286  +0108.244s  STATUS   Clash1150  New to Reviewed
08:52:53.294  +0108.249s  STATUS   Clash1151  New to Reviewed
08:52:53.294  +0108.254s  STATUS   Clash1152  New to Reviewed
08:52:53.301  +0108.260s  STATUS   Clash1153  New to Reviewed
08:52:53.307  +0108.265s  STATUS   Clash1154  New to Reviewed
08:52:53.307  +0108.270s  STATUS   Clash1155  New to Reviewed
08:52:53.316  +0108.276s  STATUS   Clash1156  New to Reviewed
08:52:53.325  +0108.281s  STATUS   Clash1157  New to Reviewed
08:52:53.325  +0108.287s  STATUS   Clash1158  New to Reviewed
08:52:53.335  +0108.292s  STATUS   Clash1159  New to Reviewed
08:52:53.335  +0108.297s  STATUS   Clash1160  New to Reviewed
08:52:53.347  +0108.303s  STATUS   Clash1161  New to Reviewed
08:52:53.348  +0108.308s  STATUS   Clash1162  New to Reviewed
08:52:53.348  +0108.314s  STATUS   Clash1163  New to Reviewed
08:52:53.363  +0108.319s  STATUS   Clash1164  New to Reviewed
08:52:53.363  +0108.324s  STATUS   Clash1165  New to Reviewed
08:52:53.373  +0108.329s  STATUS   Clash1166  New to Reviewed
08:52:53.375  +0108.334s  STATUS   Clash1167  New to Reviewed
08:52:53.379  +0108.340s  STATUS   Clash1168  New to Reviewed
08:52:53.379  +0108.345s  STATUS   Clash1169  New to Reviewed
08:52:53.396  +0108.353s  STATUS   Clash1170  New to Reviewed
08:52:53.404  +0108.361s  STATUS   Clash1171  New to Reviewed
08:52:53.411  +0108.371s  STATUS   Clash1172  New to Reviewed
08:52:53.443  +0108.400s  STATUS   Clash1173  New to Reviewed
08:52:53.443  +0108.405s  STATUS   Clash1174  New to Reviewed
08:52:53.443  +0108.410s  STATUS   Clash1175  New to Reviewed
08:52:53.459  +0108.417s  STATUS   Clash1176  New to Reviewed
08:52:53.459  +0108.422s  STATUS   Clash1177  New to Reviewed
08:52:53.459  +0108.428s  STATUS   Clash1178  New to Reviewed
08:52:53.477  +0108.433s  STATUS   Clash1179  New to Reviewed
08:52:53.477  +0108.439s  STATUS   Clash1180  New to Reviewed
08:52:53.477  +0108.444s  STATUS   Clash1181  New to Reviewed
08:52:53.494  +0108.450s  STATUS   Clash1182  New to Reviewed
08:52:53.494  +0108.455s  STATUS   Clash1183  New to Reviewed
08:52:53.508  +0108.464s  STATUS   Clash1184  New to Reviewed
08:52:53.508  +0108.470s  STATUS   Clash1185  New to Reviewed
08:52:53.508  +0108.477s  STATUS   Clash1186  New to Reviewed
08:52:53.522  +0108.483s  STATUS   Clash1187  New to Reviewed
08:52:53.522  +0108.488s  STATUS   Clash1188  New to Reviewed
08:52:53.538  +0108.494s  STATUS   Clash1189  New to Reviewed
08:52:53.543  +0108.500s  STATUS   Clash1190  New to Reviewed
08:52:53.543  +0108.505s  STATUS   Clash1191  New to Reviewed
08:52:53.554  +0108.511s  STATUS   Clash1192  New to Reviewed
08:52:53.554  +0108.516s  STATUS   Clash1193  New to Reviewed
08:52:53.554  +0108.522s  STATUS   Clash1194  New to Reviewed
08:52:53.570  +0108.527s  STATUS   Clash1195  New to Reviewed
08:52:53.577  +0108.533s  STATUS   Clash1196  New to Reviewed
08:52:53.577  +0108.538s  STATUS   Clash1197  New to Reviewed
08:52:53.586  +0108.544s  STATUS   Clash1198  New to Reviewed
08:52:53.593  +0108.549s  STATUS   Clash1199  New to Reviewed
08:52:53.605  +0108.561s  STATUS   Clash1200  New to Reviewed
08:52:53.607  +0108.568s  STATUS   Clash1201  New to Reviewed
08:52:53.617  +0108.575s  STATUS   Clash1202  New to Reviewed
08:52:53.617  +0108.587s  STATUS   Clash1203  New to Reviewed
08:52:53.636  +0108.596s  STATUS   Clash1204  New to Reviewed
08:52:53.644  +0108.603s  STATUS   Clash1205  New to Reviewed
08:52:53.650  +0108.609s  STATUS   Clash1206  New to Reviewed
08:52:53.650  +0108.617s  STATUS   Clash1207  New to Reviewed
08:52:53.666  +0108.624s  STATUS   Clash1208  New to Reviewed
08:52:53.666  +0108.631s  STATUS   Clash1209  New to Reviewed
08:52:53.681  +0108.638s  STATUS   Clash1210  New to Reviewed
08:52:53.681  +0108.644s  STATUS   Clash1211  New to Reviewed
08:52:53.694  +0108.649s  STATUS   Clash1212  New to Reviewed
08:52:53.697  +0108.655s  STATUS   Clash1213  New to Reviewed
08:52:53.697  +0108.660s  STATUS   Clash1214  New to Reviewed
08:52:53.707  +0108.665s  STATUS   Clash1215  New to Reviewed
08:52:53.712  +0108.671s  STATUS   Clash1216  New to Reviewed
08:52:53.712  +0108.680s  STATUS   Clash1217  New to Reviewed
08:52:53.728  +0108.688s  STATUS   Clash1218  New to Reviewed
08:52:53.736  +0108.693s  STATUS   Clash1219  New to Reviewed
08:52:53.744  +0108.700s  STATUS   Clash1220  New to Reviewed
08:52:53.744  +0108.706s  STATUS   Clash1221  New to Reviewed
08:52:53.744  +0108.711s  STATUS   Clash1222  New to Reviewed
08:52:53.760  +0108.716s  STATUS   Clash1223  New to Reviewed
08:52:53.760  +0108.722s  STATUS   Clash1224  New to Reviewed
08:52:53.760  +0108.728s  STATUS   Clash1225  New to Reviewed
08:52:53.779  +0108.735s  STATUS   Clash1226  New to Reviewed
08:52:53.782  +0108.743s  STATUS   Clash1227  New to Reviewed
08:52:53.795  +0108.751s  STATUS   Clash1228  New to Reviewed
08:52:53.799  +0108.758s  STATUS   Clash1229  New to Reviewed
08:52:53.809  +0108.768s  STATUS   Clash1230  New to Reviewed
08:52:53.809  +0108.777s  STATUS   Clash1231  New to Reviewed
08:52:53.826  +0108.785s  STATUS   Clash1232  New to Reviewed
08:52:53.837  +0108.792s  STATUS   Clash1233  New to Reviewed
08:52:53.843  +0108.804s  STATUS   Clash1234  New to Reviewed
08:52:53.856  +0108.812s  STATUS   Clash1235  New to Reviewed
08:52:53.856  +0108.818s  STATUS   Clash1236  New to Reviewed
08:52:53.856  +0108.823s  STATUS   Clash1237  New to Reviewed
08:52:53.872  +0108.828s  STATUS   Clash1238  New to Reviewed
08:52:53.872  +0108.833s  STATUS   Clash1239  New to Reviewed
08:52:53.872  +0108.838s  STATUS   Clash1240  New to Reviewed
08:52:53.887  +0108.844s  STATUS   Clash1241  New to Reviewed
08:52:53.893  +0108.849s  STATUS   Clash1242  New to Reviewed
08:52:53.893  +0108.854s  STATUS   Clash1243  New to Reviewed
08:52:53.905  +0108.860s  STATUS   Clash1244  New to Reviewed
08:52:53.912  +0108.867s  STATUS   Clash1245  New to Reviewed
08:52:53.917  +0108.873s  STATUS   Clash1246  New to Reviewed
08:52:53.920  +0108.878s  STATUS   Clash1247  New to Reviewed
08:52:53.920  +0108.884s  STATUS   Clash1248  New to Reviewed
08:52:53.920  +0108.889s  STATUS   Clash1249  New to Reviewed
08:52:53.937  +0108.894s  STATUS   Clash1250  New to Reviewed
08:52:53.944  +0108.900s  STATUS   Clash1251  New to Reviewed
08:52:53.944  +0108.906s  STATUS   Clash1252  New to Reviewed
08:52:53.952  +0108.911s  STATUS   Clash1253  New to Reviewed
08:52:53.952  +0108.915s  STATUS   Clash1254  New to Reviewed
08:52:53.952  +0108.919s  STATUS   Clash1255  New to Reviewed
08:52:53.967  +0108.923s  STATUS   Clash1256  New to Reviewed
08:52:53.967  +0108.927s  STATUS   Clash1257  New to Reviewed
08:52:53.967  +0108.931s  STATUS   Clash1258  New to Reviewed
08:52:53.978  +0108.934s  STATUS   Clash1259  New to Reviewed
08:52:53.980  +0108.938s  STATUS   Clash1260  New to Reviewed
08:52:53.983  +0108.948s  STATUS   Clash1261  New to Reviewed
08:52:54.000  +0108.955s  STATUS   Clash1262  New to Reviewed
08:52:54.008  +0108.967s  STATUS   Clash1263  New to Reviewed
08:52:54.015  +0108.977s  STATUS   Clash1264  New to Reviewed
08:52:54.015  +0108.985s  STATUS   Clash1265  New to Reviewed
08:52:54.030  +0108.991s  STATUS   Clash1266  New to Reviewed
08:52:54.038  +0108.996s  STATUS   Clash1267  New to Reviewed
08:52:54.047  +0109.002s  STATUS   Clash1268  New to Reviewed
08:52:54.047  +0109.008s  STATUS   Clash1269  New to Reviewed
08:52:54.047  +0109.013s  STATUS   Clash1270  New to Reviewed
08:52:54.063  +0109.026s  STATUS   Clash1271  New to Reviewed
08:52:54.076  +0109.033s  STATUS   Clash1272  New to Reviewed
08:52:54.078  +0109.040s  STATUS   Clash1273  New to Reviewed
08:52:54.078  +0109.046s  STATUS   Clash1274  New to Reviewed
08:52:54.094  +0109.052s  STATUS   Clash1275  New to Reviewed
08:52:54.094  +0109.057s  STATUS   Clash1276  New to Reviewed
08:52:54.094  +0109.062s  STATUS   Clash1277  New to Reviewed
08:52:54.109  +0109.069s  STATUS   Clash1278  New to Reviewed
08:52:54.109  +0109.076s  STATUS   Clash1279  New to Reviewed
08:52:54.125  +0109.082s  STATUS   Clash1280  New to Reviewed
08:52:54.125  +0109.088s  STATUS   Clash1281  New to Reviewed
08:52:54.138  +0109.094s  STATUS   Clash1282  New to Reviewed
08:52:54.144  +0109.099s  STATUS   Clash1283  New to Reviewed
08:52:54.144  +0109.105s  STATUS   Clash1284  New to Reviewed
08:52:54.144  +0109.110s  STATUS   Clash1285  New to Reviewed
08:52:54.160  +0109.116s  STATUS   Clash1286  New to Reviewed
08:52:54.164  +0109.122s  STATUS   Clash1287  New to Reviewed
08:52:54.173  +0109.131s  STATUS   Clash1288  New to Reviewed
08:52:54.181  +0109.137s  STATUS   Clash1289  New to Reviewed
08:52:54.189  +0109.148s  STATUS   Clash1290  New to Reviewed
08:52:54.201  +0109.158s  STATUS   Clash1291  New to Reviewed
08:52:54.210  +0109.165s  STATUS   Clash1292  New to Reviewed
08:52:54.213  +0109.175s  STATUS   Clash1293  New to Reviewed
08:52:54.221  +0109.183s  STATUS   Clash1294  New to Reviewed
08:52:54.221  +0109.190s  STATUS   Clash1295  New to Reviewed
08:52:54.239  +0109.195s  STATUS   Clash1296  New to Reviewed
08:52:54.243  +0109.201s  STATUS   Clash1297  New to Reviewed
08:52:54.243  +0109.207s  STATUS   Clash1298  New to Reviewed
08:52:54.254  +0109.213s  STATUS   Clash1299  New to Reviewed
08:52:54.254  +0109.219s  STATUS   Clash1300  New to Reviewed
08:52:54.269  +0109.224s  STATUS   Clash1301  New to Reviewed
08:52:54.273  +0109.230s  STATUS   Clash1302  New to Reviewed
08:52:54.275  +0109.235s  STATUS   Clash1303  New to Reviewed
08:52:54.284  +0109.241s  STATUS   Clash1304  New to Reviewed
08:52:54.284  +0109.246s  STATUS   Clash1305  New to Reviewed
08:52:54.294  +0109.252s  STATUS   Clash1306  New to Reviewed
08:52:54.301  +0109.258s  STATUS   Clash1307  New to Reviewed
08:52:54.308  +0109.264s  STATUS   Clash1308  New to Reviewed
08:52:54.308  +0109.270s  STATUS   Clash1309  New to Reviewed
08:52:54.319  +0109.276s  STATUS   Clash1310  New to Reviewed
08:52:54.319  +0109.282s  STATUS   Clash1311  New to Reviewed
08:52:54.319  +0109.287s  STATUS   Clash1312  New to Reviewed
08:52:54.332  +0109.292s  STATUS   Clash1313  New to Reviewed
08:52:54.339  +0109.298s  STATUS   Clash1314  New to Reviewed
08:52:54.349  +0109.304s  STATUS   Clash1315  New to Reviewed
08:52:54.349  +0109.309s  STATUS   Clash1316  New to Reviewed
08:52:54.349  +0109.315s  STATUS   Clash1317  New to Reviewed
08:52:54.364  +0109.321s  STATUS   Clash1318  New to Reviewed
08:52:54.364  +0109.327s  STATUS   Clash1319  New to Reviewed
08:52:54.381  +0109.339s  STATUS   Clash1320  New to Reviewed
08:52:54.393  +0109.351s  STATUS   Clash1321  New to Reviewed
08:52:54.406  +0109.361s  STATUS   Clash1322  New to Reviewed
08:52:54.412  +0109.369s  STATUS   Clash1323  New to Reviewed
08:52:54.412  +0109.376s  STATUS   Clash1324  New to Reviewed
08:52:54.428  +0109.383s  STATUS   Clash1325  New to Reviewed
08:52:54.428  +0109.388s  STATUS   Clash1326  New to Reviewed
08:52:54.428  +0109.394s  STATUS   Clash1327  New to Reviewed
08:52:54.444  +0109.400s  STATUS   Clash1328  New to Reviewed
08:52:54.444  +0109.405s  STATUS   Clash1329  New to Reviewed
08:52:54.444  +0109.410s  STATUS   Clash1330  New to Reviewed
08:52:54.460  +0109.416s  STATUS   Clash1331  New to Reviewed
08:52:54.460  +0109.421s  STATUS   Clash1332  New to Reviewed
08:52:54.460  +0109.426s  STATUS   Clash1333  New to Reviewed
08:52:54.475  +0109.432s  STATUS   Clash1334  New to Reviewed
08:52:54.475  +0109.439s  STATUS   Clash1335  New to Reviewed
08:52:54.475  +0109.445s  STATUS   Clash1336  New to Reviewed
08:52:54.494  +0109.450s  STATUS   Clash1337  New to Reviewed
08:52:54.494  +0109.456s  STATUS   Clash1338  New to Reviewed
08:52:54.494  +0109.461s  STATUS   Clash1339  New to Reviewed
08:52:54.511  +0109.468s  STATUS   Clash1340  New to Reviewed
08:52:54.511  +0109.473s  STATUS   Clash1341  New to Reviewed
08:52:54.523  +0109.479s  STATUS   Clash1342  New to Reviewed
08:52:54.523  +0109.485s  STATUS   Clash1343  New to Reviewed
08:52:54.523  +0109.491s  STATUS   Clash1344  New to Reviewed
08:52:54.540  +0109.497s  STATUS   Clash1345  New to Reviewed
08:52:54.543  +0109.504s  STATUS   Clash1346  New to Reviewed
08:52:54.555  +0109.510s  STATUS   Clash1347  New to Reviewed
08:52:54.556  +0109.516s  STATUS   Clash1348  New to Reviewed
08:52:54.572  +0109.529s  STATUS   Clash1349  New to Reviewed
08:52:54.581  +0109.537s  STATUS   Clash1350  New to Reviewed
08:52:54.587  +0109.544s  STATUS   Clash1351  New to Reviewed
08:52:54.593  +0109.555s  STATUS   Clash1352  New to Reviewed
08:52:54.603  +0109.563s  STATUS   Clash1353  New to Reviewed
08:52:54.611  +0109.569s  STATUS   Clash1354  New to Reviewed
08:52:54.619  +0109.574s  STATUS   Clash1355  New to Reviewed
08:52:54.619  +0109.580s  STATUS   Clash1356  New to Reviewed
08:52:54.631  +0109.586s  STATUS   Clash1357  New to Reviewed
08:52:54.641  +0109.596s  STATUS   Clash1358  New to Reviewed
08:52:54.644  +0109.602s  STATUS   Clash1359  New to Reviewed
08:52:54.651  +0109.608s  STATUS   Clash1360  New to Reviewed
08:52:54.651  +0109.614s  STATUS   Clash1361  New to Reviewed
08:52:54.651  +0109.620s  STATUS   Clash1362  New to Reviewed
08:52:54.666  +0109.626s  STATUS   Clash1363  New to Reviewed
08:52:54.666  +0109.631s  STATUS   Clash1364  New to Reviewed
08:52:54.666  +0109.637s  STATUS   Clash1365  New to Reviewed
08:52:54.682  +0109.643s  STATUS   Clash1366  New to Reviewed
08:52:54.693  +0109.649s  STATUS   Clash1367  New to Reviewed
08:52:54.698  +0109.654s  STATUS   Clash1368  New to Reviewed
08:52:54.698  +0109.660s  STATUS   Clash1369  New to Reviewed
08:52:54.709  +0109.665s  STATUS   Clash1370  New to Reviewed
08:52:54.714  +0109.671s  STATUS   Clash1371  New to Reviewed
08:52:54.714  +0109.677s  STATUS   Clash1372  New to Reviewed
08:52:54.714  +0109.683s  STATUS   Clash1373  New to Reviewed
08:52:54.730  +0109.688s  STATUS   Clash1374  New to Reviewed
08:52:54.730  +0109.694s  STATUS   Clash1375  New to Reviewed
08:52:54.744  +0109.699s  STATUS   Clash1376  New to Reviewed
08:52:54.746  +0109.705s  STATUS   Clash1377  New to Reviewed
08:52:54.746  +0109.715s  STATUS   Clash1378  New to Reviewed
08:52:54.762  +0109.723s  STATUS   Clash1379  New to Reviewed
08:52:54.777  +0109.734s  STATUS   Clash1380  New to Reviewed
08:52:54.784  +0109.747s  STATUS   Clash1381  New to Reviewed
08:52:54.794  +0109.754s  STATUS   Clash1382  New to Reviewed
08:52:54.794  +0109.760s  STATUS   Clash1383  New to Reviewed
08:52:54.812  +0109.767s  STATUS   Clash1384  New to Reviewed
08:52:54.812  +0109.773s  STATUS   Clash1385  New to Reviewed
08:52:54.812  +0109.779s  STATUS   Clash1386  New to Reviewed
08:52:54.825  +0109.785s  STATUS   Clash1387  New to Reviewed
08:52:54.825  +0109.792s  STATUS   Clash1388  New to Reviewed
08:52:54.842  +0109.798s  STATUS   Clash1389  New to Reviewed
08:52:54.844  +0109.804s  STATUS   Clash1390  New to Reviewed
08:52:54.844  +0109.809s  STATUS   Clash1391  New to Reviewed
08:52:54.857  +0109.815s  STATUS   Clash1392  New to Reviewed
08:52:54.857  +0109.821s  STATUS   Clash1393  New to Reviewed
08:52:54.857  +0109.827s  STATUS   Clash1394  New to Reviewed
08:52:54.876  +0109.833s  STATUS   Clash1395  New to Reviewed
08:52:54.881  +0109.838s  STATUS   Clash1396  New to Reviewed
08:52:54.888  +0109.844s  STATUS   Clash1397  New to Reviewed
08:52:54.894  +0109.850s  STATUS   Clash1398  New to Reviewed
08:52:54.894  +0109.857s  STATUS   Clash1399  New to Reviewed
08:52:54.907  +0109.863s  STATUS   Clash1400  New to Reviewed
08:52:54.909  +0109.869s  STATUS   Clash1401  New to Reviewed
08:52:54.909  +0109.874s  STATUS   Clash1402  New to Reviewed
08:52:54.920  +0109.880s  STATUS   Clash1403  New to Reviewed
08:52:54.920  +0109.886s  STATUS   Clash1404  New to Reviewed
08:52:54.920  +0109.891s  STATUS   Clash1405  New to Reviewed
08:52:54.942  +0109.898s  STATUS   Clash1406  New to Reviewed
08:54:16.396  +0191.353s           every further line of this kind is counted and not written out. The machine readable log carries every one of them
08:54:17.967  +0192.923s  CLASH    25 of 666 tests, 24 run, 1164 skipped, 1440 clashes so far
08:54:18.516  +0193.472s  STATUS   Clash1  New to Reviewed
08:54:18.533  +0193.489s  STATUS   Clash2  New to Reviewed
08:54:18.539  +0193.495s  STATUS   Clash3  New to Reviewed
08:54:18.544  +0193.500s  STATUS   Clash4  New to Reviewed
08:54:18.549  +0193.505s  STATUS   Clash5  New to Reviewed
08:54:18.555  +0193.510s  STATUS   Clash6  New to Reviewed
08:54:18.559  +0193.515s  STATUS   Clash7  New to Reviewed
08:54:18.564  +0193.520s  STATUS   Clash8  New to Reviewed
08:54:18.569  +0193.524s  STATUS   Clash9  New to Reviewed
08:54:18.574  +0193.529s  STATUS   Clash10  New to Reviewed
08:54:18.579  +0193.534s  STATUS   Clash11  New to Reviewed
08:54:18.584  +0193.539s  STATUS   Clash12  New to Reviewed
08:54:18.589  +0193.544s  STATUS   Clash13  New to Reviewed
08:54:18.594  +0193.549s  STATUS   Clash14  New to Reviewed
08:54:18.599  +0193.554s  STATUS   Clash15  New to Reviewed
08:54:18.604  +0193.559s  STATUS   Clash16  New to Reviewed
08:54:18.609  +0193.564s  STATUS   Clash17  New to Reviewed
08:54:18.632  +0193.587s  STATUS   Clash18  New to Reviewed
08:54:18.637  +0193.592s  STATUS   Clash19  New to Reviewed
08:54:18.642  +0193.598s  STATUS   Clash20  New to Reviewed
08:54:18.647  +0193.603s  STATUS   Clash21  New to Reviewed
08:54:18.652  +0193.608s  STATUS   Clash22  New to Reviewed
08:54:18.658  +0193.614s  STATUS   Clash23  New to Reviewed
08:54:18.701  +0193.657s  STATUS   Clash24  New to Reviewed
08:54:18.707  +0193.663s  STATUS   Clash25  New to Reviewed
08:54:18.712  +0193.668s  STATUS   Clash26  New to Reviewed
08:54:18.718  +0193.674s  STATUS   Clash27  New to Reviewed
08:54:18.724  +0193.679s  STATUS   Clash28  New to Reviewed
08:54:24.191  +0199.146s  CLASH    50 of 666 tests, 49 run, 1164 skipped, 1469 clashes so far
08:54:25.596  +0200.551s  STATUS   Clash1  New to Reviewed
08:54:25.609  +0200.564s  STATUS   Clash2  New to Reviewed
08:54:25.615  +0200.570s  STATUS   Clash3  New to Reviewed
08:54:26.379  +0201.334s  STATUS   Clash1  New to Reviewed
08:54:26.392  +0201.348s  STATUS   Clash2  New to Reviewed
08:54:28.852  +0203.807s  STATUS   Clash1  New to Reviewed
08:54:29.451  +0204.407s  STATUS   Clash1  New to Reviewed
08:54:38.194  +0213.149s  CLASH    75 of 666 tests, 74 run, 1164 skipped, 1631 clashes so far
08:54:39.569  +0214.524s  STATUS   Clash1  New to Reviewed
08:54:39.581  +0214.537s  STATUS   Clash2  New to Reviewed
08:54:39.594  +0214.549s  STATUS   Clash3  New to Reviewed
08:54:39.601  +0214.556s  STATUS   Clash4  New to Reviewed
08:54:39.606  +0214.562s  STATUS   Clash5  New to Reviewed
08:54:39.611  +0214.567s  STATUS   Clash6  New to Reviewed
08:54:39.616  +0214.572s  STATUS   Clash7  New to Reviewed
08:54:39.622  +0214.577s  STATUS   Clash8  New to Reviewed
08:54:39.627  +0214.582s  STATUS   Clash9  New to Reviewed
08:54:39.636  +0214.592s  STATUS   Clash10  New to Reviewed
08:54:39.642  +0214.597s  STATUS   Clash11  New to Reviewed
08:54:39.647  +0214.603s  STATUS   Clash12  New to Reviewed
08:54:39.652  +0214.608s  STATUS   Clash13  New to Reviewed
08:54:39.658  +0214.614s  STATUS   Clash14  New to Reviewed
08:54:39.664  +0214.619s  STATUS   Clash15  New to Reviewed
08:54:39.670  +0214.625s  STATUS   Clash16  New to Reviewed
08:54:39.675  +0214.631s  STATUS   Clash17  New to Reviewed
08:54:39.680  +0214.636s  STATUS   Clash18  New to Reviewed
08:54:39.686  +0214.642s  STATUS   Clash19  New to Reviewed
08:54:39.692  +0214.647s  STATUS   Clash20  New to Reviewed
08:54:39.697  +0214.653s  STATUS   Clash21  New to Reviewed
08:54:39.703  +0214.658s  STATUS   Clash22  New to Reviewed
08:54:39.708  +0214.664s  STATUS   Clash23  New to Reviewed
08:54:39.714  +0214.669s  STATUS   Clash24  New to Reviewed
08:54:39.719  +0214.675s  STATUS   Clash25  New to Reviewed
08:54:39.725  +0214.680s  STATUS   Clash26  New to Reviewed
08:54:39.730  +0214.686s  STATUS   Clash27  New to Reviewed
08:54:39.784  +0214.740s  STATUS   Clash28  New to Reviewed
08:54:39.791  +0214.747s  STATUS   Clash29  New to Reviewed
08:54:39.797  +0214.752s  STATUS   Clash30  New to Reviewed
08:54:39.803  +0214.758s  STATUS   Clash31  New to Reviewed
08:54:39.808  +0214.764s  STATUS   Clash32  New to Reviewed
08:54:39.814  +0214.769s  STATUS   Clash33  New to Reviewed
08:54:39.819  +0214.774s  STATUS   Clash34  New to Reviewed
08:54:39.824  +0214.779s  STATUS   Clash35  New to Reviewed
08:54:39.828  +0214.784s  STATUS   Clash36  New to Reviewed
08:54:39.833  +0214.789s  STATUS   Clash37  New to Reviewed
08:54:39.839  +0214.794s  STATUS   Clash38  New to Reviewed
08:54:39.844  +0214.799s  STATUS   Clash39  New to Reviewed
08:54:39.850  +0214.805s  STATUS   Clash40  New to Reviewed
08:54:39.855  +0214.810s  STATUS   Clash41  New to Reviewed
08:54:41.983  +0216.939s  STATUS   Clash1  New to Reviewed
08:54:41.990  +0216.946s  STATUS   Clash2  New to Reviewed
08:54:41.995  +0216.951s  STATUS   Clash3  New to Reviewed
08:54:42.001  +0216.957s  STATUS   Clash4  New to Reviewed
08:54:42.007  +0216.962s  STATUS   Clash5  New to Reviewed
08:54:42.781  +0217.737s  STATUS   Clash1  New to Reviewed
08:54:44.501  +0219.457s  STATUS   Clash1  New to Reviewed
08:54:44.507  +0219.463s  STATUS   Clash2  New to Reviewed
08:54:44.513  +0219.468s  STATUS   Clash3  New to Reviewed
08:54:44.518  +0219.474s  STATUS   Clash4  New to Reviewed
08:54:44.524  +0219.480s  STATUS   Clash5  New to Reviewed
08:54:44.530  +0219.486s  STATUS   Clash6  New to Reviewed
08:54:44.536  +0219.492s  STATUS   Clash7  New to Reviewed
08:54:44.543  +0219.498s  STATUS   Clash8  New to Reviewed
08:54:44.549  +0219.505s  STATUS   Clash9  New to Reviewed
08:54:44.557  +0219.512s  STATUS   Clash10  New to Reviewed
08:54:45.348  +0220.304s  STATUS   Clash1  New to Reviewed
08:54:45.355  +0220.311s  STATUS   Clash2  New to Reviewed
08:54:47.788  +0222.743s  CLASH    100 of 666 tests, 99 run, 1164 skipped, 1712 clashes so far
08:54:48.560  +0223.516s  STATUS   Clash1  New to Reviewed
08:54:48.580  +0223.535s  STATUS   Clash2  New to Reviewed
08:54:48.585  +0223.542s  STATUS   Clash3  New to Reviewed
08:54:48.591  +0223.547s  STATUS   Clash4  New to Reviewed
08:54:48.597  +0223.553s  STATUS   Clash5  New to Reviewed
08:54:48.603  +0223.558s  STATUS   Clash6  New to Reviewed
08:54:48.608  +0223.564s  STATUS   Clash7  New to Reviewed
08:54:48.613  +0223.569s  STATUS   Clash8  New to Reviewed
08:54:49.666  +0224.622s  STATUS   Clash1  New to Reviewed
08:54:49.674  +0224.629s  STATUS   Clash2  New to Reviewed
08:54:49.693  +0224.649s  STATUS   Clash3  New to Reviewed
08:54:49.699  +0224.655s  STATUS   Clash4  New to Reviewed
08:54:49.705  +0224.660s  STATUS   Clash5  New to Reviewed
08:54:49.710  +0224.666s  STATUS   Clash6  New to Reviewed
08:54:49.715  +0224.671s  STATUS   Clash7  New to Reviewed
08:54:49.721  +0224.677s  STATUS   Clash8  New to Reviewed
08:54:49.728  +0224.683s  STATUS   Clash9  New to Reviewed
08:54:49.734  +0224.690s  STATUS   Clash10  New to Reviewed
08:54:49.740  +0224.696s  STATUS   Clash11  New to Reviewed
08:54:53.028  +0227.984s  STATUS   Clash1  New to Reviewed
08:54:53.035  +0227.990s  STATUS   Clash2  New to Reviewed
08:54:53.040  +0227.996s  STATUS   Clash3  New to Reviewed
08:54:57.219  +0232.175s  CLASH    125 of 666 tests, 124 run, 1164 skipped, 1804 clashes so far
08:55:01.462  +0236.418s  CLASH    150 of 666 tests, 149 run, 1164 skipped, 1806 clashes so far
08:55:07.360  +0242.316s  CLASH    175 of 666 tests, 174 run, 1164 skipped, 1822 clashes so far
08:55:13.624  +0248.579s  STATUS   Clash10  New to Reviewed
08:55:13.632  +0248.588s  STATUS   Clash11  New to Reviewed
08:55:13.639  +0248.594s  STATUS   Clash12  New to Reviewed
08:55:13.658  +0248.614s  STATUS   Clash13  New to Reviewed
08:55:13.665  +0248.621s  STATUS   Clash15  New to Reviewed
08:55:13.670  +0248.626s  STATUS   Clash16  New to Reviewed
08:55:13.677  +0248.632s  STATUS   Clash19  New to Reviewed
08:55:13.684  +0248.639s  STATUS   Clash22  New to Reviewed
08:55:13.690  +0248.646s  STATUS   Clash24  New to Reviewed
08:55:13.698  +0248.654s  STATUS   Clash29  New to Reviewed
08:55:13.739  +0248.695s  STATUS   Clash39  New to Reviewed
08:55:13.746  +0248.702s  STATUS   Clash43  New to Reviewed
08:55:13.754  +0248.709s  STATUS   Clash45  New to Reviewed
08:55:17.345  +0252.301s  CLASH    200 of 666 tests, 199 run, 1164 skipped, 1909 clashes so far
08:55:22.261  +0257.216s  CLASH    225 of 666 tests, 224 run, 1164 skipped, 1912 clashes so far
08:55:23.726  +0258.682s  STATUS   Clash1  New to Reviewed
08:55:23.736  +0258.691s  STATUS   Clash2  New to Reviewed
08:55:23.743  +0258.699s  STATUS   Clash3  New to Reviewed
08:55:23.750  +0258.706s  STATUS   Clash4  New to Reviewed
08:55:23.759  +0258.714s  STATUS   Clash5  New to Reviewed
08:55:23.770  +0258.726s  STATUS   Clash6  New to Reviewed
08:55:23.776  +0258.732s  STATUS   Clash7  New to Reviewed
08:55:23.782  +0258.738s  STATUS   Clash8  New to Reviewed
08:55:23.789  +0258.744s  STATUS   Clash9  New to Reviewed
08:55:23.799  +0258.754s  STATUS   Clash10  New to Reviewed
08:55:23.807  +0258.762s  STATUS   Clash11  New to Reviewed
08:55:23.814  +0258.770s  STATUS   Clash12  New to Reviewed
08:55:23.821  +0258.778s  STATUS   Clash13  New to Reviewed
08:55:28.098  +0263.053s  CLASH    250 of 666 tests, 249 run, 1164 skipped, 1931 clashes so far
08:55:30.336  +0265.291s  STATUS   Clash1  New to Reviewed
08:55:30.344  +0265.299s  STATUS   Clash2  New to Reviewed
08:55:30.349  +0265.305s  STATUS   Clash3  New to Reviewed
08:55:30.355  +0265.311s  STATUS   Clash4  New to Reviewed
08:55:30.361  +0265.316s  STATUS   Clash5  New to Reviewed
08:55:30.365  +0265.321s  STATUS   Clash6  New to Reviewed
08:55:30.370  +0265.326s  STATUS   Clash7  New to Reviewed
08:55:30.376  +0265.331s  STATUS   Clash8  New to Reviewed
08:55:30.382  +0265.337s  STATUS   Clash9  New to Reviewed
08:55:30.388  +0265.343s  STATUS   Clash10  New to Reviewed
08:55:30.395  +0265.351s  STATUS   Clash11  New to Reviewed
08:55:30.417  +0265.372s  STATUS   Clash12  New to Reviewed
08:55:30.422  +0265.377s  STATUS   Clash13  New to Reviewed
08:55:30.429  +0265.384s  STATUS   Clash14  New to Reviewed
08:55:30.434  +0265.389s  STATUS   Clash15  New to Reviewed
08:55:30.438  +0265.394s  STATUS   Clash16  New to Reviewed
08:55:30.443  +0265.398s  STATUS   Clash17  New to Reviewed
08:55:30.446  +0265.403s  STATUS   Clash18  New to Reviewed
08:55:30.452  +0265.407s  STATUS   Clash19  New to Reviewed
08:55:30.456  +0265.412s  STATUS   Clash20  New to Reviewed
08:55:30.460  +0265.416s  STATUS   Clash21  New to Reviewed
08:55:30.465  +0265.421s  STATUS   Clash22  New to Reviewed
08:55:30.469  +0265.425s  STATUS   Clash23  New to Reviewed
08:55:30.474  +0265.430s  STATUS   Clash24  New to Reviewed
08:55:30.478  +0265.434s  STATUS   Clash25  New to Reviewed
08:55:30.483  +0265.439s  STATUS   Clash26  New to Reviewed
08:55:30.488  +0265.443s  STATUS   Clash27  New to Reviewed
08:55:30.500  +0265.455s  STATUS   Clash28  New to Reviewed
08:55:30.506  +0265.462s  STATUS   Clash29  New to Reviewed
08:55:30.512  +0265.467s  STATUS   Clash30  New to Reviewed
08:55:30.516  +0265.472s  STATUS   Clash31  New to Reviewed
08:55:30.523  +0265.478s  STATUS   Clash32  New to Reviewed
08:55:30.531  +0265.486s  STATUS   Clash33  New to Reviewed
08:55:30.537  +0265.493s  STATUS   Clash34  New to Reviewed
08:55:30.543  +0265.499s  STATUS   Clash35  New to Reviewed
08:55:30.550  +0265.506s  STATUS   Clash36  New to Reviewed
08:55:30.558  +0265.513s  STATUS   Clash37  New to Reviewed
08:55:30.569  +0265.525s  STATUS   Clash38  New to Reviewed
08:55:30.577  +0265.533s  STATUS   Clash39  New to Reviewed
08:55:30.585  +0265.541s  STATUS   Clash40  New to Reviewed
08:55:30.605  +0265.561s  STATUS   Clash41  New to Reviewed
08:55:30.613  +0265.569s  STATUS   Clash42  New to Reviewed
08:55:30.619  +0265.575s  STATUS   Clash43  New to Reviewed
08:55:30.627  +0265.582s  STATUS   Clash44  New to Reviewed
08:55:30.633  +0265.588s  STATUS   Clash45  New to Reviewed
08:55:30.638  +0265.593s  STATUS   Clash46  New to Reviewed
08:55:30.643  +0265.599s  STATUS   Clash47  New to Reviewed
08:55:30.648  +0265.604s  STATUS   Clash48  New to Reviewed
08:55:30.656  +0265.612s  STATUS   Clash49  New to Reviewed
08:55:30.662  +0265.618s  STATUS   Clash50  New to Reviewed
08:55:30.668  +0265.624s  STATUS   Clash51  New to Reviewed
08:55:30.674  +0265.630s  STATUS   Clash52  New to Reviewed
08:55:30.680  +0265.635s  STATUS   Clash53  New to Reviewed
08:55:30.685  +0265.640s  STATUS   Clash54  New to Reviewed
08:55:30.689  +0265.645s  STATUS   Clash55  New to Reviewed
08:55:30.697  +0265.653s  STATUS   Clash56  New to Reviewed
08:55:30.702  +0265.658s  STATUS   Clash57  New to Reviewed
08:55:30.706  +0265.663s  STATUS   Clash58  New to Reviewed
08:55:30.712  +0265.667s  STATUS   Clash59  New to Reviewed
08:55:30.717  +0265.672s  STATUS   Clash60  New to Reviewed
08:55:30.721  +0265.677s  STATUS   Clash61  New to Reviewed
08:55:30.726  +0265.681s  STATUS   Clash62  New to Reviewed
08:55:30.730  +0265.686s  STATUS   Clash63  New to Reviewed
08:55:30.735  +0265.690s  STATUS   Clash64  New to Reviewed
08:55:30.739  +0265.695s  STATUS   Clash65  New to Reviewed
08:55:30.745  +0265.700s  STATUS   Clash66  New to Reviewed
08:55:30.750  +0265.705s  STATUS   Clash67  New to Reviewed
08:55:30.754  +0265.710s  STATUS   Clash68  New to Reviewed
08:55:30.761  +0265.717s  STATUS   Clash69  New to Reviewed
08:55:30.776  +0265.732s  STATUS   Clash70  New to Reviewed
08:55:30.784  +0265.739s  STATUS   Clash71  New to Reviewed
08:55:30.789  +0265.744s  STATUS   Clash72  New to Reviewed
08:55:30.794  +0265.749s  STATUS   Clash73  New to Reviewed
08:55:30.799  +0265.754s  STATUS   Clash74  New to Reviewed
08:55:30.804  +0265.759s  STATUS   Clash75  New to Reviewed
08:55:30.809  +0265.764s  STATUS   Clash76  New to Reviewed
08:55:30.814  +0265.769s  STATUS   Clash77  New to Reviewed
08:55:30.818  +0265.774s  STATUS   Clash78  New to Reviewed
08:55:30.823  +0265.778s  STATUS   Clash79  New to Reviewed
08:55:30.827  +0265.783s  STATUS   Clash80  New to Reviewed
08:55:30.832  +0265.787s  STATUS   Clash81  New to Reviewed
08:55:30.837  +0265.792s  STATUS   Clash82  New to Reviewed
08:55:30.841  +0265.796s  STATUS   Clash83  New to Reviewed
08:55:30.845  +0265.801s  STATUS   Clash84  New to Reviewed
08:55:30.855  +0265.810s  STATUS   Clash85  New to Reviewed
08:55:30.860  +0265.815s  STATUS   Clash86  New to Reviewed
08:55:30.864  +0265.820s  STATUS   Clash87  New to Reviewed
08:55:30.869  +0265.825s  STATUS   Clash88  New to Reviewed
08:55:30.873  +0265.829s  STATUS   Clash89  New to Reviewed
08:55:30.878  +0265.834s  STATUS   Clash90  New to Reviewed
08:55:30.883  +0265.839s  STATUS   Clash91  New to Reviewed
08:55:30.888  +0265.843s  STATUS   Clash92  New to Reviewed
08:55:30.892  +0265.848s  STATUS   Clash93  New to Reviewed
08:55:30.896  +0265.852s  STATUS   Clash94  New to Reviewed
08:55:30.902  +0265.857s  STATUS   Clash95  New to Reviewed
08:55:30.907  +0265.863s  STATUS   Clash96  New to Reviewed
08:55:30.912  +0265.868s  STATUS   Clash97  New to Reviewed
08:55:30.920  +0265.876s  STATUS   Clash98  New to Reviewed
08:55:30.934  +0265.890s  STATUS   Clash99  New to Reviewed
08:55:30.940  +0265.895s  STATUS   Clash100  New to Reviewed
08:55:30.945  +0265.900s  STATUS   Clash101  New to Reviewed
08:55:30.949  +0265.905s  STATUS   Clash102  New to Reviewed
08:55:30.954  +0265.909s  STATUS   Clash103  New to Reviewed
08:55:30.958  +0265.914s  STATUS   Clash104  New to Reviewed
08:55:30.963  +0265.918s  STATUS   Clash105  New to Reviewed
08:55:30.967  +0265.923s  STATUS   Clash106  New to Reviewed
08:55:30.972  +0265.927s  STATUS   Clash107  New to Reviewed
08:55:30.976  +0265.932s  STATUS   Clash108  New to Reviewed
08:55:30.980  +0265.936s  STATUS   Clash109  New to Reviewed
08:55:30.985  +0265.941s  STATUS   Clash110  New to Reviewed
08:55:30.990  +0265.945s  STATUS   Clash111  New to Reviewed
08:55:30.994  +0265.950s  STATUS   Clash112  New to Reviewed
08:55:31.003  +0265.958s  STATUS   Clash113  New to Reviewed
08:55:31.007  +0265.963s  STATUS   Clash114  New to Reviewed
08:55:31.013  +0265.968s  STATUS   Clash115  New to Reviewed
08:55:31.018  +0265.973s  STATUS   Clash116  New to Reviewed
08:55:31.023  +0265.978s  STATUS   Clash117  New to Reviewed
08:55:31.027  +0265.983s  STATUS   Clash118  New to Reviewed
08:55:31.031  +0265.987s  STATUS   Clash119  New to Reviewed
08:55:40.083  +0275.038s  CLASH    275 of 666 tests, 274 run, 1164 skipped, 2050 clashes so far
08:55:41.038  +0275.994s  STATUS   Clash1  New to Reviewed
08:55:41.066  +0276.022s  STATUS   Clash2  New to Reviewed
08:55:41.080  +0276.035s  STATUS   Clash3  New to Reviewed
08:55:41.090  +0276.046s  STATUS   Clash5  New to Reviewed
08:55:41.100  +0276.055s  STATUS   Clash20  New to Reviewed
08:55:44.507  +0279.462s  STATUS   Clash1  New to Reviewed
08:55:44.513  +0279.468s  STATUS   Clash18  New to Reviewed
08:55:44.518  +0279.474s  STATUS   Clash19  New to Reviewed
08:55:44.523  +0279.478s  STATUS   Clash26  New to Reviewed
08:55:44.528  +0279.483s  STATUS   Clash33  New to Reviewed
08:55:44.546  +0279.502s  STATUS   Clash35  New to Reviewed
08:55:44.553  +0279.509s  STATUS   Clash38  New to Reviewed
08:55:44.561  +0279.516s  STATUS   Clash39  New to Reviewed
08:55:44.566  +0279.521s  STATUS   Clash40  New to Reviewed
08:55:44.570  +0279.526s  STATUS   Clash41  New to Reviewed
08:55:44.575  +0279.531s  STATUS   Clash43  New to Reviewed
08:55:44.580  +0279.536s  STATUS   Clash44  New to Reviewed
08:55:44.585  +0279.540s  STATUS   Clash47  New to Reviewed
08:55:44.590  +0279.545s  STATUS   Clash50  New to Reviewed
08:55:44.595  +0279.550s  STATUS   Clash51  New to Reviewed
08:55:44.600  +0279.555s  STATUS   Clash52  New to Reviewed
08:55:44.605  +0279.560s  STATUS   Clash54  New to Reviewed
08:55:44.610  +0279.565s  STATUS   Clash55  New to Reviewed
08:55:44.651  +0279.606s  STATUS   Clash61  New to Reviewed
08:55:44.656  +0279.612s  STATUS   Clash62  New to Reviewed
08:55:44.661  +0279.616s  STATUS   Clash65  New to Reviewed
08:55:44.665  +0279.621s  STATUS   Clash70  New to Reviewed
08:55:44.670  +0279.626s  STATUS   Clash74  New to Reviewed
08:55:44.675  +0279.631s  STATUS   Clash75  New to Reviewed
08:55:44.680  +0279.636s  STATUS   Clash78  New to Reviewed
08:55:44.684  +0279.640s  STATUS   Clash80  New to Reviewed
08:55:44.689  +0279.645s  STATUS   Clash83  New to Reviewed
08:55:44.694  +0279.650s  STATUS   Clash89  New to Reviewed
08:55:44.699  +0279.655s  STATUS   Clash90  New to Reviewed
08:55:44.703  +0279.659s  STATUS   Clash98  New to Reviewed
08:55:44.709  +0279.664s  STATUS   Clash99  New to Reviewed
08:55:53.419  +0288.374s  CLASH    300 of 666 tests, 299 run, 1164 skipped, 2195 clashes so far
08:55:53.617  +0288.573s  STATUS   Clash1  New to Reviewed
08:55:53.628  +0288.583s  STATUS   Clash2  New to Reviewed
08:55:53.928  +0288.884s  STATUS   Clash1  New to Reviewed
08:55:58.562  +0293.517s  CLASH    325 of 666 tests, 324 run, 1164 skipped, 2198 clashes so far
08:56:03.948  +0298.903s  CLASH    350 of 666 tests, 349 run, 1164 skipped, 2202 clashes so far
08:56:04.191  +0299.147s  STATUS   Clash1  New to Reviewed
08:56:04.207  +0299.163s  STATUS   Clash2  New to Reviewed
08:56:04.215  +0299.170s  STATUS   Clash3  New to Reviewed
08:56:04.222  +0299.177s  STATUS   Clash4  New to Reviewed
08:56:04.243  +0299.199s  STATUS   Clash5  New to Reviewed
08:56:04.251  +0299.207s  STATUS   Clash6  New to Reviewed
08:56:04.259  +0299.215s  STATUS   Clash7  New to Reviewed
08:56:04.266  +0299.222s  STATUS   Clash8  New to Reviewed
08:56:13.319  +0308.274s  CLASH    375 of 666 tests, 374 run, 1164 skipped, 2274 clashes so far
08:56:18.929  +0313.885s  CLASH    400 of 666 tests, 399 run, 1164 skipped, 2285 clashes so far
08:56:20.227  +0315.183s  STATUS   Clash1  New to Reviewed
08:56:20.237  +0315.193s  STATUS   Clash2  New to Reviewed
08:56:20.243  +0315.198s  STATUS   Clash3  New to Reviewed
08:56:26.928  +0321.883s  CLASH    425 of 666 tests, 424 run, 1164 skipped, 2348 clashes so far
08:56:30.098  +0325.053s  STATUS   Clash1  New to Reviewed
08:56:30.105  +0325.060s  STATUS   Clash2  New to Reviewed
08:56:30.111  +0325.066s  STATUS   Clash3  New to Reviewed
08:56:30.117  +0325.072s  STATUS   Clash4  New to Reviewed
08:56:30.122  +0325.078s  STATUS   Clash5  New to Reviewed
08:56:30.171  +0325.127s  STATUS   Clash6  New to Reviewed
08:56:30.178  +0325.133s  STATUS   Clash7  New to Reviewed
08:56:30.183  +0325.139s  STATUS   Clash8  New to Reviewed
08:56:30.188  +0325.144s  STATUS   Clash10  New to Reviewed
08:56:30.194  +0325.149s  STATUS   Clash11  New to Reviewed
08:56:31.459  +0326.415s  STATUS   Clash1  New to Reviewed
08:56:31.468  +0326.424s  STATUS   Clash2  New to Reviewed
08:56:33.618  +0328.574s  STATUS   Clash1  New to Reviewed
08:56:33.627  +0328.582s  STATUS   Clash2  New to Reviewed
08:56:33.633  +0328.589s  STATUS   Clash3  New to Reviewed
08:56:33.844  +0328.799s  CLASH    450 of 666 tests, 449 run, 1164 skipped, 2383 clashes so far
08:56:36.914  +0331.870s  STATUS   Clash1  New to Reviewed
08:56:36.921  +0331.876s  STATUS   Clash2  New to Reviewed
08:56:36.926  +0331.882s  STATUS   Clash3  New to Reviewed
08:56:37.309  +0332.265s  STATUS   Clash1  New to Reviewed
08:56:37.316  +0332.272s  STATUS   Clash2  New to Reviewed
08:56:37.334  +0332.290s  STATUS   Clash3  New to Reviewed
08:56:37.342  +0332.298s  STATUS   Clash4  New to Reviewed
08:56:37.349  +0332.304s  STATUS   Clash5  New to Reviewed
08:56:37.355  +0332.311s  STATUS   Clash6  New to Reviewed
08:56:37.362  +0332.317s  STATUS   Clash7  New to Reviewed
08:56:37.367  +0332.323s  STATUS   Clash8  New to Reviewed
08:56:37.373  +0332.328s  STATUS   Clash9  New to Reviewed
08:56:37.378  +0332.334s  STATUS   Clash10  New to Reviewed
08:56:37.384  +0332.339s  STATUS   Clash11  New to Reviewed
08:56:37.422  +0332.378s  STATUS   Clash12  New to Reviewed
08:56:37.428  +0332.383s  STATUS   Clash13  New to Reviewed
08:56:37.436  +0332.392s  STATUS   Clash14  New to Reviewed
08:56:37.441  +0332.397s  STATUS   Clash15  New to Reviewed
08:56:37.446  +0332.402s  STATUS   Clash16  New to Reviewed
08:56:37.451  +0332.407s  STATUS   Clash17  New to Reviewed
08:56:37.458  +0332.413s  STATUS   Clash18  New to Reviewed
08:56:37.463  +0332.419s  STATUS   Clash19  New to Reviewed
08:56:37.469  +0332.425s  STATUS   Clash20  New to Reviewed
08:56:37.475  +0332.431s  STATUS   Clash21  New to Reviewed
08:56:39.313  +0334.269s  STATUS   Clash1  New to Reviewed
08:56:39.322  +0334.277s  STATUS   Clash2  New to Reviewed
08:56:39.328  +0334.284s  STATUS   Clash3  New to Reviewed
08:56:39.334  +0334.290s  STATUS   Clash4  New to Reviewed
08:56:40.768  +0335.723s  CLASH    475 of 666 tests, 474 run, 1164 skipped, 2416 clashes so far
08:56:46.198  +0341.153s  CLASH    500 of 666 tests, 499 run, 1164 skipped, 2422 clashes so far
08:56:51.538  +0346.494s  CLASH    525 of 666 tests, 524 run, 1164 skipped, 2430 clashes so far
08:56:57.353  +0352.308s  CLASH    550 of 666 tests, 549 run, 1164 skipped, 2445 clashes so far
08:57:02.353  +0357.309s  CLASH    575 of 666 tests, 574 run, 1164 skipped, 2451 clashes so far
08:57:09.497  +0364.453s  CLASH    600 of 666 tests, 599 run, 1164 skipped, 2486 clashes so far
08:57:15.012  +0369.967s  CLASH    625 of 666 tests, 624 run, 1164 skipped, 2497 clashes so far
08:57:21.215  +0376.170s  CLASH    650 of 666 tests, 649 run, 1164 skipped, 2519 clashes so far
08:57:24.988  +0379.944s  CLASH    666 of 666 tests, 665 run, 1164 skipped, 2533 clashes so far
08:57:26.967  +0381.923s  TOLERANCE 25 mm chosen in the tool, so it beats both the XML and the document. Set on 666 tests, 666 created fresh and 0 already in the document. 25 mm is 0.082021 ft in this document
08:57:26.979  +0381.935s  PRIORITY 1830 in the file, 1830 tests in this run, 1830 matched, 0 not named by the file

================================================================
PRIORITY 1A04EP
================================================================
08:57:27.174  +0382.129s  PRIORITY clashes by priority, 2566 in all
08:57:27.228  +0382.183s           A           : 563
08:57:27.305  +0382.261s           B           : 1704
08:57:27.369  +0382.324s           C           : 299
08:57:27.442  +0382.397s           No priority : 0

================================================================
CLASH 1A04EP
================================================================
08:57:27.809  +0382.765s  clashes BLD-AR-Stairs-vs-BLD-AR-Floors  items 2 v 11  Reviewed 2  0.0s
08:57:27.883  +0382.839s  clashes BLD-AR-Walls-vs-BLD-AR-Floors  items 113 v 11  Reviewed 22  0.0s
08:57:27.949  +0382.905s  clashes BLD-AR-Walls-vs-BLD-AR-Stairs  items 113 v 2  New 2  0.1s
08:57:28.023  +0382.979s  clashes BLD-AR-Walls-vs-BLD-AR-Ceilings  items 113 v 8  Reviewed 5  0.0s
08:57:28.092  +0383.047s  clashes BLD-AR-Windows-vs-BLD-AR-Walls  items 1 v 113  Reviewed 2  0.1s
08:57:28.159  +0383.115s  clashes BLD-AR-Curtain Mullions-vs-BLD-AR-Curtain Panels  items 1425 v 806  Reviewed 1406  0.1s
08:57:28.242  +0383.197s  clashes BLD-AR-Doors-vs-BLD-AR-Floors  items 20 v 11  New 1  0.8s
08:57:28.307  +0383.262s  clashes BLD-AR-Doors-vs-BLD-AR-Walls  items 20 v 113  Reviewed 28  0.1s
08:57:28.382  +0383.337s  clashes BLD-AR-Furniture-vs-BLD-AR-Walls  items 4 v 113  New 1  0.1s
08:57:28.457  +0383.412s  clashes BLD-ST-Columns-vs-BLD-AR-Floors  items 32 v 11  Reviewed 3  0.1s
08:57:28.538  +0383.494s  clashes BLD-ST-Columns-vs-BLD-AR-Walls  items 32 v 113  Reviewed 2  0.1s
08:57:28.620  +0383.576s  clashes BLD-ST-Columns-vs-BLD-AR-Curtain Panels  items 32 v 806  New 12  0.1s
08:57:28.709  +0383.664s  clashes BLD-ST-Columns-vs-BLD-AR-Curtain Mullions  items 32 v 1425  New 4  0.1s
08:57:28.772  +0383.728s  clashes BLD-ST-Framing-vs-BLD-AR-Floors  items 76 v 11  Reviewed 1  0.1s
08:57:28.827  +0383.783s  clashes BLD-ST-Framing-vs-BLD-AR-Walls  items 76 v 113  Reviewed 1  0.1s
08:57:28.907  +0383.863s  clashes BLD-ST-Framing-vs-BLD-AR-Curtain Panels  items 76 v 806  New 81  0.1s
08:57:28.988  +0383.944s  clashes BLD-ST-Framing-vs-BLD-AR-Curtain Mullions  items 76 v 1425  New 58  0.1s
08:57:29.082  +0384.038s  clashes BLD-ST-Framing-vs-BLD-ST-Columns  items 76 v 32  Reviewed 41  0.1s
08:57:29.176  +0384.133s  clashes BLD-ST-Walls-vs-BLD-AR-Floors  items 22 v 11  Reviewed 5  0.1s
08:57:29.213  +0384.169s  clashes BLD-ST-Walls-vs-BLD-AR-Walls  items 22 v 113  Reviewed 1  0.1s
08:57:29.238  +0384.193s  clashes BLD-ST-Walls-vs-BLD-AR-Curtain Panels  items 22 v 806  New 2  0.1s
08:57:29.275  +0384.231s  clashes BLD-ST-Walls-vs-BLD-AR-Curtain Mullions  items 22 v 1425  New 2  0.1s
08:57:29.312  +0384.268s  clashes BLD-ST-Walls-vs-BLD-ST-Foundation  items 22 v 26  Reviewed 10  0.1s
08:57:29.370  +0384.326s  clashes BLD-ST-Walls-vs-BLD-ST-Framing  items 22 v 76  Reviewed 2  0.1s
08:57:29.437  +0384.393s  clashes BLD-ST-Floors-vs-BLD-AR-Curtain Panels  items 4 v 806  New 10  0.1s
08:57:29.517  +0384.472s  clashes BLD-ST-Floors-vs-BLD-AR-Curtain Mullions  items 4 v 1425  New 8  0.1s
08:57:29.604  +0384.560s  clashes BLD-ST-Floors-vs-BLD-ST-Columns  items 4 v 32  Reviewed 8  0.1s
08:57:29.656  +0384.612s  clashes BLD-ST-Floors-vs-BLD-ST-Framing  items 4 v 76  New 4  0.1s
08:57:29.738  +0384.694s  clashes BLD-ST-Floors-vs-BLD-ST-Walls  items 4 v 22  Reviewed 11  0.1s
08:57:29.834  +0384.789s  clashes BLD-ST-Stair-vs-BLD-ST-Framing  items 2 v 76  New 1  0.1s
08:57:29.916  +0384.871s  clashes BLD-ST-Stair-vs-BLD-ST-Walls  items 2 v 22  New 3  0.1s
08:57:29.997  +0384.953s  clashes BLD-ST-Stair-vs-BLD-ST-Floors  items 2 v 4  Reviewed 3  0.1s
08:57:30.073  +0385.028s  clashes BLD-ME-Ducts&Duct Fittings-vs-BLD-AR-Floors  items 277 v 11  New 3  0.1s
08:57:30.149  +0385.105s  clashes BLD-ME-Ducts&Duct Fittings-vs-BLD-AR-Ceilings  items 277 v 8  New 2  0.1s
08:57:30.229  +0385.185s  clashes BLD-ME-Ducts&Duct Fittings-vs-BLD-AR-Walls  items 277 v 113  New 57  0.1s
08:57:30.286  +0385.241s  clashes BLD-ME-Ducts&Duct Fittings-vs-BLD-AR-Curtain Panels  items 277 v 806  New 2  0.1s
08:57:30.300  +0385.256s  clashes BLD-ME-Mechanical Equipment-vs-BLD-AR-Floors  items 13 v 11  New 1  0.2s
08:57:30.330  +0385.285s  clashes BLD-ME-Mechanical Equipment-vs-BLD-AR-Walls  items 13 v 113  New 2  0.2s
08:57:30.347  +0385.302s  clashes BLD-ME-Air Terminals-vs-BLD-AR-Ceilings  items 45 v 8  New 13  0.1s
08:57:30.380  +0385.336s  clashes BLD-ME-Air Terminals-vs-BLD-AR-Walls  items 45 v 113  New 14  0.2s
08:57:30.396  +0385.351s  clashes BLD-ME-Air Terminals-vs-BLD-AR-Curtain Panels  items 45 v 806  New 1  0.2s
08:57:30.415  +0385.371s  clashes BLD-FF-Pipes & Pipe Fittings-vs-BLD-AR-Floors  items 1085 v 11  New 3  0.1s
08:57:30.435  +0385.390s  clashes BLD-FF-Pipes & Pipe Fittings-vs-BLD-AR-Ceilings  items 1085 v 8  New 7  0.1s
08:57:30.453  +0385.408s  clashes BLD-FF-Pipes & Pipe Fittings-vs-BLD-AR-Walls  items 1085 v 113  New 41, Reviewed 13  0.2s
08:57:30.472  +0385.427s  clashes BLD-FF-Pipes & Pipe Fittings-vs-BLD-AR-Curtain Panels  items 1085 v 806  New 7  0.1s
08:57:30.490  +0385.445s  clashes BLD-FF-Pipes & Pipe Fittings-vs-BLD-AR-Curtain Mullions  items 1085 v 1425  New 1  0.1s
08:57:30.508  +0385.463s  clashes BLD-FF-Pipes & Pipe Fittings-vs-BLD-ME-Ducts&Duct Fittings  items 1085 v 277  New 1  0.1s
08:57:30.524  +0385.480s  clashes BLD-FF-Pipes & Pipe Fittings-vs-BLD-ME-Air Terminals  items 1085 v 45  New 1  0.1s
08:57:30.540  +0385.496s  clashes BLD-FF-Pipe Accessories-vs-BLD-AR-Ceilings  items 20 v 8  New 1  0.1s
08:57:30.559  +0385.514s  clashes BLD-FF-Pipe Accessories-vs-BLD-FF-Pipes & Pipe Fittings  items 20 v 1085  Reviewed 13  0.1s
08:57:30.579  +0385.534s  clashes BLD-FF-Sprinklers-vs-BLD-AR-Ceilings  items 138 v 8  New 6  0.1s
08:57:30.591  +0385.547s  clashes BLD-FF-Sprinklers-vs-BLD-FF-Pipes & Pipe Fittings  items 138 v 1085  Reviewed 119  0.2s
08:57:30.603  +0385.559s  clashes BLD-DR-Pipes & Pipe Fittings-vs-BLD-AR-Floors  items 352 v 11  New 26, Reviewed 5  0.2s
08:57:30.623  +0385.578s  clashes BLD-DR-Pipes & Pipe Fittings-vs-BLD-AR-Walls  items 352 v 113  New 79, Reviewed 31  0.2s
08:57:30.639  +0385.596s  clashes BLD-DR-Pipes & Pipe Fittings-vs-BLD-ME-Mechanical Equipment  items 352 v 13  New 4  0.1s
08:57:30.657  +0385.612s  clashes BLD-DR-Pipes & Pipe Fittings-vs-BLD-DR-Mechanical Equipment  items 352 v 2  Reviewed 2  0.1s
08:57:30.674  +0385.629s  clashes BLD-DR-Pipe Accessories-vs-BLD-AR-Floors  items 6 v 11  Reviewed 1  0.1s
08:57:30.686  +0385.642s  clashes BLD-DR-Plumbing Fixtures-vs-BLD-AR-Floors  items 31 v 11  New 4  0.1s
08:57:30.700  +0385.655s  clashes BLD-DR-Plumbing Fixtures-vs-BLD-DR-Pipes & Pipe Fittings  items 31 v 352  Reviewed 8  0.2s
08:57:30.716  +0385.672s  clashes BLD-EL-Cable Tray&Cable Tray Fittings-vs-BLD-AR-Floors  items 138 v 11  New 9  0.1s
08:57:30.737  +0385.693s  clashes BLD-EL-Cable Tray&Cable Tray Fittings-vs-BLD-AR-Walls  items 138 v 113  New 37  0.2s
08:57:30.754  +0385.709s  clashes BLD-EL-Cable Tray&Cable Tray Fittings-vs-BLD-AR-Curtain Panels  items 138 v 806  New 2  0.2s
08:57:30.773  +0385.728s  clashes BLD-EL-Cable Tray&Cable Tray Fittings-vs-BLD-ST-Walls  items 138 v 22  New 6  0.1s
08:57:30.786  +0385.741s  clashes BLD-EL-Cable Tray&Cable Tray Fittings-vs-BLD-ST-Floors  items 138 v 4  New 2  0.2s
08:57:30.802  +0385.758s  clashes BLD-EL-Cable Tray&Cable Tray Fittings-vs-BLD-ME-Ducts&Duct Fittings  items 138 v 277  New 3  0.2s
08:57:30.821  +0385.776s  clashes BLD-EL-Cable Tray&Cable Tray Fittings-vs-BLD-FF-Pipes & Pipe Fittings  items 138 v 1085  New 5  0.2s
08:57:30.837  +0385.792s  clashes BLD-EL-Cable Tray&Cable Tray Fittings-vs-BLD-DR-Pipes & Pipe Fittings  items 138 v 352  New 1  0.1s
08:57:30.853  +0385.809s  clashes BLD-EL-Electrical Equipment-vs-BLD-AR-Walls  items 33 v 113  New 1  0.1s
08:57:30.868  +0385.823s  clashes BLD-EL-Electrical Equipment-vs-BLD-ST-Foundation  items 33 v 26  New 2  0.2s
08:57:30.884  +0385.839s  clashes BLD-EL-Electrical Equipment-vs-BLD-ST-Walls  items 33 v 22  New 1  0.1s
08:57:30.897  +0385.853s  clashes BLD-EL-Electrical Equipment-vs-BLD-ST-Floors  items 33 v 4  New 3  0.1s
08:57:30.911  +0385.866s  clashes BLD-EL-Electrical Equipment-vs-BLD-FF-Pipes & Pipe Fittings  items 33 v 1085  New 3  0.1s
08:57:30.926  +0385.881s  clashes BLD-EL-Electrical Equipment-vs-BLD-EL-Cable Tray&Cable Tray Fittings  items 33 v 138  Reviewed 3  0.1s
08:57:30.953  +0385.908s  clashes BLD-EL-Electrical Fixtures-vs-BLD-AR-Walls  items 85 v 113  New 59  0.2s
08:57:30.974  +0385.931s  clashes BLD-EL-Electrical Fixtures-vs-BLD-AR-Doors  items 85 v 20  New 1  0.1s
08:57:30.992  +0385.948s  clashes BLD-EL-Electrical Fixtures-vs-BLD-DR-Pipes & Pipe Fittings  items 85 v 352  New 5  0.1s
08:57:31.010  +0385.967s  clashes BLD-EL-Electrical Fixtures-vs-BLD-EL-Cable Tray&Cable Tray Fittings  items 85 v 138  New 5  0.2s
08:57:31.029  +0385.986s  clashes BLD-EL-Electrical Fixtures-vs-BLD-EL-Electrical Equipment  items 85 v 33  New 3  0.2s
08:57:31.046  +0386.005s  clashes BLD-EL-Conduits & Conduit Fittings-vs-BLD-AR-Floors  items 88 v 11  New 1, Reviewed 10  0.1s
08:57:31.062  +0386.023s  clashes BLD-EL-Conduits & Conduit Fittings-vs-BLD-AR-Ceilings  items 88 v 8  New 4  0.1s
08:57:31.088  +0386.045s  clashes BLD-EL-Conduits & Conduit Fittings-vs-BLD-AR-Walls  items 88 v 113  New 1, Reviewed 2  0.1s
08:57:31.109  +0386.065s  clashes BLD-EL-Conduits & Conduit Fittings-vs-BLD-ST-Columns  items 88 v 32  New 1  0.1s
08:57:31.127  +0386.085s  clashes BLD-EL-Conduits & Conduit Fittings-vs-BLD-ST-Walls  items 88 v 22  Reviewed 3  0.1s
08:57:31.144  +0386.102s  clashes BLD-EL-Conduits & Conduit Fittings-vs-BLD-DR-Pipes & Pipe Fittings  items 88 v 352  New 3  0.1s
08:57:31.157  +0386.122s  clashes BLD-EL-Conduits & Conduit Fittings-vs-BLD-EL-Cable Tray&Cable Tray Fittings  items 88 v 138  Reviewed 3  0.1s
08:57:31.181  +0386.139s  clashes BLD-EL-Conduits & Conduit Fittings-vs-BLD-EL-Electrical Equipment  items 88 v 33  Reviewed 21  0.1s
08:57:31.189  +0386.147s  clashes BLD-EL-Lighting Fixtures-vs-BLD-AR-Stairs  items 245 v 2  New 2  0.2s
08:57:31.211  +0386.166s  clashes BLD-EL-Lighting Fixtures-vs-BLD-AR-Ceilings  items 245 v 8  Reviewed 4  0.1s
08:57:31.227  +0386.185s  clashes BLD-EL-Lighting Fixtures-vs-BLD-ME-Ducts&Duct Fittings  items 245 v 277  New 1  0.2s
08:57:31.251  +0386.207s  clashes BLD-EL-Lighting Fixtures-vs-BLD-FF-Pipes & Pipe Fittings  items 245 v 1085  New 5  0.2s
08:57:31.267  +0386.223s  clashes BLD-EL-Lighting Devices-vs-BLD-AR-Walls  items 24 v 113  New 8  0.1s
08:57:31.283  +0386.240s  clashes BLD-EL-Fire Alarm Devices-vs-BLD-AR-Ceilings  items 86 v 8  New 6  0.1s
08:57:31.308  +0386.266s  clashes BLD-EL-Fire Alarm Devices-vs-BLD-AR-Walls  items 86 v 113  New 6  0.1s
08:57:31.319  +0386.286s  clashes BLD-EL-Fire Alarm Devices-vs-BLD-AR-Doors  items 86 v 20  New 2  0.1s
08:57:31.343  +0386.302s  clashes BLD-EL-Fire Alarm Devices-vs-BLD-ME-Ducts&Duct Fittings  items 86 v 277  New 1  0.2s
08:57:31.365  +0386.321s  clashes BLD-Security Devices-vs-BLD-AR-Walls  items 54 v 113  New 3  0.1s
08:57:31.381  +0386.340s  clashes BLD-Security Devices-vs-BLD-AR-Curtain Panels  items 54 v 806  New 3  0.1s
08:57:31.381  +0386.349s  clashes BLD-Security Devices-vs-BLD-ST-Floors  items 54 v 4  New 2  0.1s
08:57:31.411  +0386.367s  clashes BLD-EL-Communication Devices-vs-BLD-AR-Floors  items 49 v 11  New 33  0.2s
08:57:31.428  +0386.384s  clashes BLD-EL-Communication Devices-vs-BLD-AR-Curtain Panels  items 49 v 806  New 7  0.1s
08:57:31.443  +0386.401s  clashes BLD-EL-Communication Devices-vs-BLD-AR-Curtain Mullions  items 49 v 1425  New 4  0.1s
08:57:31.461  +0386.418s  clashes BLD-EL-Communication Devices-vs-BLD-EL-Lighting Fixtures  items 49 v 245  New 1  0.1s
08:57:31.471  +0386.428s  clashes BLD-EL-Data Devices-vs-BLD-AR-Walls  items 99 v 113  New 17  0.2s
08:57:31.476  +0386.433s  clashes BLD-EL-Data Devices-vs-BLD-AR-Curtain Panels  items 99 v 806  New 4  0.1s
08:57:31.476  +0386.437s  clashes BLD-EL-Data Devices-vs-BLD-EL-Cable Tray&Cable Tray Fittings  items 99 v 138  New 3  0.1s
08:57:31.486  +0386.441s  clashes BLD-EL-Data Devices-vs-BLD-EL-Electrical Fixtures  items 99 v 85  New 5  0.2s
08:57:31.495  +0386.450s  clashes BLD-EL-Data Devices-vs-BLD-EL-Conduits & Conduit Fittings  items 99 v 88  New 4  0.2s
08:57:31.517  +0386.472s  clashes BLD-EL-Data Devices-vs-BLD-EL-Fire Alarm Devices  items 99 v 86  New 2  0.2s
08:57:31.538  +0386.494s  clashes BLD-EL-Data Devices-vs-BLD-EL-Communication Devices  items 99 v 49  New 33  0.2s
08:57:31.544  +0386.506s  PASSED 557 tests, ran and found nothing
08:57:31.555  +0386.512s          passed  BLD-AR-Ceilings-vs-BLD-AR-Floors  items 8 v 11  none  0.0s
08:57:31.560  +0386.516s          passed  BLD-AR-Ceilings-vs-BLD-AR-Stairs  items 8 v 2  none  0.0s
08:57:31.564  +0386.520s          passed  BLD-AR-Windows-vs-BLD-AR-Floors  items 1 v 11  none  0.0s
08:57:31.569  +0386.525s          passed  BLD-AR-Windows-vs-BLD-AR-Stairs  items 1 v 2  none  0.0s
08:57:31.570  +0386.529s          passed  BLD-AR-Windows-vs-BLD-AR-Ceilings  items 1 v 8  none  0.0s
08:57:31.570  +0386.533s          and 552 more that ran and found nothing, counted and not listed
08:57:31.570  +0386.537s  SKIPPED 1164 tests, a side finds nothing in this model
08:57:31.584  +0386.541s          BLD-AR-Ramps-vs-BLD-AR-Floors  the left side "lcop_selection_set_tree/Architecture/BLD-AR-Ramps" finds nothing in this model, the right finds 11
08:57:31.584  +0386.545s          BLD-AR-Ramps-vs-BLD-AR-Stairs  the left side "lcop_selection_set_tree/Architecture/BLD-AR-Ramps" finds nothing in this model, the right finds 2
08:57:31.594  +0386.549s          BLD-AR-Roofs-vs-BLD-AR-Floors  the left side "lcop_selection_set_tree/Architecture/BLD-AR-Roofs" finds nothing in this model, the right finds 11
08:57:31.594  +0386.553s          BLD-AR-Roofs-vs-BLD-AR-Stairs  the left side "lcop_selection_set_tree/Architecture/BLD-AR-Roofs" finds nothing in this model, the right finds 2
08:57:31.602  +0386.558s          BLD-AR-Roofs-vs-BLD-AR-Ramps  both sides find nothing in this model, left "lcop_selection_set_tree/Architecture/BLD-AR-Roofs" and right "lcop_selection_set_tree/Architecture/BLD-AR-Ramps"
08:57:31.604  +0386.562s          and 1159 more skipped for the same reason, counted and not listed
08:57:31.613  +0386.568s  
08:57:31.617  +0386.576s  ran against       : C:\00-NM\Federation Task\C02 + 04\C04\NWF\1104-PAR-1A04EP-ZZZ-BM-MOD-000001.nwf  (5 models loaded)
08:57:31.617  +0386.582s  tests in the file : 1830
08:57:31.637  +0386.593s  tests created     : 666
08:57:31.637  +0386.597s  tests skipped     : 1164, not run and not passed
08:57:31.644  +0386.601s       1164  a side finds nothing in this model
08:57:31.650  +0386.608s  tests run         : 666
08:57:31.664  +0386.624s      passed        : 557, ran and found nothing
08:57:31.681  +0386.641s      with clashes  : 109
08:57:31.693  +0386.651s  clashes found     : 2566
08:57:31.699  +0386.658s      New       : 775
08:57:31.709  +0386.665s      Active    : 0
08:57:31.712  +0386.672s      Reviewed  : 1791
08:57:31.712  +0386.678s      Approved  : 0
08:57:31.728  +0386.685s      Resolved  : 0
08:57:31.728  +0386.692s  clash step took   : 333.8 seconds

================================================================
PENETRATION 1A04EP
================================================================
08:57:31.776  +0386.735s  REVIEWED Clash10  in BLD-FF-Pipes & Pipe Fittings-vs-BLD-AR-Walls  Pipes 82mm through Walls
08:57:31.776  +0386.739s  REVIEWED Clash11  in BLD-FF-Pipes & Pipe Fittings-vs-BLD-AR-Walls  Pipes 131.2mm through Walls
08:57:31.776  +0386.743s  REVIEWED Clash12  in BLD-FF-Pipes & Pipe Fittings-vs-BLD-AR-Walls  Pipes 105mm through Walls
08:57:31.791  +0386.747s  REVIEWED Clash13  in BLD-FF-Pipes & Pipe Fittings-vs-BLD-AR-Walls  Pipes 105mm through Walls
08:57:31.794  +0386.751s  REVIEWED Clash15  in BLD-FF-Pipes & Pipe Fittings-vs-BLD-AR-Walls  Pipes 82mm through Walls
08:57:31.798  +0386.755s  REVIEWED Clash16  in BLD-FF-Pipes & Pipe Fittings-vs-BLD-AR-Walls  Pipes 82mm through Walls
08:57:31.804  +0386.760s  REVIEWED Clash19  in BLD-FF-Pipes & Pipe Fittings-vs-BLD-AR-Walls  Pipes 105mm through Walls
08:57:31.807  +0386.764s  REVIEWED Clash22  in BLD-FF-Pipes & Pipe Fittings-vs-BLD-AR-Walls  Pipes 82mm through Walls
08:57:31.813  +0386.768s  REVIEWED Clash24  in BLD-FF-Pipes & Pipe Fittings-vs-BLD-AR-Walls  Pipes 82mm through Walls
08:57:31.815  +0386.772s  REVIEWED Clash29  in BLD-FF-Pipes & Pipe Fittings-vs-BLD-AR-Walls  Pipes 105mm through Walls
08:57:31.818  +0386.776s  REVIEWED Clash39  in BLD-FF-Pipes & Pipe Fittings-vs-BLD-AR-Walls  Pipes 82mm through Walls
08:57:31.825  +0386.781s  REVIEWED Clash43  in BLD-FF-Pipes & Pipe Fittings-vs-BLD-AR-Walls  Pipes 82mm through Walls
08:57:31.839  +0386.795s  REVIEWED Clash45  in BLD-FF-Pipes & Pipe Fittings-vs-BLD-AR-Walls  Pipes 105mm through Walls
08:57:31.843  +0386.803s  REVIEWED Clash1  in BLD-DR-Pipes & Pipe Fittings-vs-BLD-AR-Floors  Pipes 105mm through Floors
08:57:31.855  +0386.811s  REVIEWED Clash2  in BLD-DR-Pipes & Pipe Fittings-vs-BLD-AR-Floors  Pipes 105mm through Floors
08:57:31.855  +0386.817s  REVIEWED Clash3  in BLD-DR-Pipes & Pipe Fittings-vs-BLD-AR-Floors  Pipes 105mm through Floors
08:57:31.865  +0386.823s  REVIEWED Clash5  in BLD-DR-Pipes & Pipe Fittings-vs-BLD-AR-Floors  Pipes 105mm through Floors
08:57:31.871  +0386.830s  REVIEWED Clash20  in BLD-DR-Pipes & Pipe Fittings-vs-BLD-AR-Floors  Pipes 105mm through Floors
08:57:31.871  +0386.834s  REVIEWED Clash1  in BLD-DR-Pipes & Pipe Fittings-vs-BLD-AR-Walls  Pipe Fittings 110mm through Walls
08:57:31.871  +0386.838s  REVIEWED Clash18  in BLD-DR-Pipes & Pipe Fittings-vs-BLD-AR-Walls  Pipes 105mm through Walls
08:57:31.887  +0386.842s  REVIEWED Clash19  in BLD-DR-Pipes & Pipe Fittings-vs-BLD-AR-Walls  Pipes 105mm through Walls
08:57:31.888  +0386.846s  REVIEWED Clash26  in BLD-DR-Pipes & Pipe Fittings-vs-BLD-AR-Walls  Pipes 105mm through Walls
08:57:31.895  +0386.851s  REVIEWED Clash33  in BLD-DR-Pipes & Pipe Fittings-vs-BLD-AR-Walls  Pipe Fittings 110mm through Walls
08:57:31.895  +0386.855s  REVIEWED Clash35  in BLD-DR-Pipes & Pipe Fittings-vs-BLD-AR-Walls  Pipe Fittings 105mm through Walls
08:57:31.903  +0386.859s  REVIEWED Clash38  in BLD-DR-Pipes & Pipe Fittings-vs-BLD-AR-Walls  Pipe Fittings 110mm through Walls
08:57:31.905  +0386.863s  REVIEWED Clash39  in BLD-DR-Pipes & Pipe Fittings-vs-BLD-AR-Walls  Pipe Fittings 110mm through Walls
08:57:31.911  +0386.867s  REVIEWED Clash40  in BLD-DR-Pipes & Pipe Fittings-vs-BLD-AR-Walls  Pipe Fittings 110mm through Walls
08:57:31.913  +0386.871s  REVIEWED Clash41  in BLD-DR-Pipes & Pipe Fittings-vs-BLD-AR-Walls  Pipe Fittings 110mm through Walls
08:57:31.918  +0386.876s  REVIEWED Clash43  in BLD-DR-Pipes & Pipe Fittings-vs-BLD-AR-Walls  Pipe Fittings 110mm through Walls
08:57:31.918  +0386.882s  REVIEWED Clash44  in BLD-DR-Pipes & Pipe Fittings-vs-BLD-AR-Walls  Pipe Fittings 110mm through Walls
08:57:31.918  +0386.888s  REVIEWED Clash47  in BLD-DR-Pipes & Pipe Fittings-vs-BLD-AR-Walls  Pipes 105mm through Walls
08:57:31.934  +0386.895s  REVIEWED Clash50  in BLD-DR-Pipes & Pipe Fittings-vs-BLD-AR-Walls  Pipes 105mm through Walls
08:57:31.943  +0386.899s  REVIEWED Clash51  in BLD-DR-Pipes & Pipe Fittings-vs-BLD-AR-Walls  Pipe Fittings 110mm through Walls
08:57:31.947  +0386.903s  REVIEWED Clash52  in BLD-DR-Pipes & Pipe Fittings-vs-BLD-AR-Walls  Pipe Fittings 110mm through Walls
08:57:31.950  +0386.912s  REVIEWED Clash54  in BLD-DR-Pipes & Pipe Fittings-vs-BLD-AR-Walls  Pipe Fittings 110mm through Walls
08:57:31.961  +0386.921s  REVIEWED Clash55  in BLD-DR-Pipes & Pipe Fittings-vs-BLD-AR-Walls  Pipe Fittings 110mm through Walls
08:57:31.982  +0386.943s  REVIEWED Clash61  in BLD-DR-Pipes & Pipe Fittings-vs-BLD-AR-Walls  Pipes 105mm through Walls
08:57:31.995  +0386.951s  REVIEWED Clash62  in BLD-DR-Pipes & Pipe Fittings-vs-BLD-AR-Walls  Pipes 105mm through Walls
08:57:32.005  +0386.962s  REVIEWED Clash65  in BLD-DR-Pipes & Pipe Fittings-vs-BLD-AR-Walls  Pipes 105mm through Walls
08:57:32.012  +0386.967s  REVIEWED Clash70  in BLD-DR-Pipes & Pipe Fittings-vs-BLD-AR-Walls  Pipes 105mm through Walls
08:57:32.014  +0386.974s  REVIEWED Clash74  in BLD-DR-Pipes & Pipe Fittings-vs-BLD-AR-Walls  Pipes 105mm through Walls
08:57:32.021  +0386.979s  REVIEWED Clash75  in BLD-DR-Pipes & Pipe Fittings-vs-BLD-AR-Walls  Pipes 105mm through Walls
08:57:32.021  +0386.983s  REVIEWED Clash78  in BLD-DR-Pipes & Pipe Fittings-vs-BLD-AR-Walls  Pipe Fittings 110mm through Walls
08:57:32.030  +0386.988s  REVIEWED Clash80  in BLD-DR-Pipes & Pipe Fittings-vs-BLD-AR-Walls  Pipe Fittings 110mm through Walls
08:57:32.030  +0386.993s  REVIEWED Clash83  in BLD-DR-Pipes & Pipe Fittings-vs-BLD-AR-Walls  Pipe Fittings 110mm through Walls
08:57:32.043  +0386.999s  REVIEWED Clash89  in BLD-DR-Pipes & Pipe Fittings-vs-BLD-AR-Walls  Pipe Fittings 110mm through Walls
08:57:32.047  +0387.005s  REVIEWED Clash90  in BLD-DR-Pipes & Pipe Fittings-vs-BLD-AR-Walls  Pipe Fittings 110mm through Walls
08:57:32.047  +0387.011s  REVIEWED Clash98  in BLD-DR-Pipes & Pipe Fittings-vs-BLD-AR-Walls  Pipes 105mm through Walls
08:57:32.062  +0387.022s  REVIEWED Clash99  in BLD-DR-Pipes & Pipe Fittings-vs-BLD-AR-Walls  Pipes 105mm through Walls
08:57:32.062  +0387.026s  REVIEWED Clash1  in BLD-DR-Pipe Accessories-vs-BLD-AR-Floors  Pipe Accessories 75mm through Floors
08:57:32.062  +0387.030s  REVIEWED Clash1  in BLD-EL-Conduits & Conduit Fittings-vs-BLD-AR-Floors  Conduits 53mm through Floors
08:57:32.078  +0387.034s  REVIEWED Clash2  in BLD-EL-Conduits & Conduit Fittings-vs-BLD-AR-Floors  Conduits 53mm through Floors
08:57:32.082  +0387.041s  REVIEWED Clash3  in BLD-EL-Conduits & Conduit Fittings-vs-BLD-AR-Floors  Conduits 53mm through Floors
08:57:32.082  +0387.046s  REVIEWED Clash4  in BLD-EL-Conduits & Conduit Fittings-vs-BLD-AR-Floors  Conduits 53mm through Floors
08:57:32.094  +0387.054s  REVIEWED Clash5  in BLD-EL-Conduits & Conduit Fittings-vs-BLD-AR-Floors  Conduits 53mm through Floors
08:57:32.094  +0387.058s  REVIEWED Clash6  in BLD-EL-Conduits & Conduit Fittings-vs-BLD-AR-Floors  Conduits 53mm through Floors
08:57:32.105  +0387.062s  REVIEWED Clash7  in BLD-EL-Conduits & Conduit Fittings-vs-BLD-AR-Floors  Conduits 53mm through Floors
08:57:32.110  +0387.066s  REVIEWED Clash8  in BLD-EL-Conduits & Conduit Fittings-vs-BLD-AR-Floors  Conduits 53mm through Floors
08:57:32.110  +0387.071s  REVIEWED Clash10  in BLD-EL-Conduits & Conduit Fittings-vs-BLD-AR-Floors  Conduits 53mm through Floors
08:57:32.118  +0387.075s  REVIEWED Clash11  in BLD-EL-Conduits & Conduit Fittings-vs-BLD-AR-Floors  Conduits 53mm through Floors
08:57:32.122  +0387.079s  REVIEWED Clash1  in BLD-EL-Conduits & Conduit Fittings-vs-BLD-AR-Walls  Conduits 53mm through Walls
08:57:32.126  +0387.094s  REVIEWED Clash2  in BLD-EL-Conduits & Conduit Fittings-vs-BLD-AR-Walls  Conduits 53mm through Walls
08:57:32.144  +0387.103s  REVIEWED Clash1  in BLD-EL-Conduits & Conduit Fittings-vs-BLD-ST-Walls  Conduits 53mm through Walls
08:57:32.144  +0387.107s  REVIEWED Clash2  in BLD-EL-Conduits & Conduit Fittings-vs-BLD-ST-Walls  Conduits 53mm through Walls
08:57:32.144  +0387.112s  REVIEWED Clash3  in BLD-EL-Conduits & Conduit Fittings-vs-BLD-ST-Walls  Conduits 53mm through Walls
08:57:32.158  +0387.116s  
08:57:32.158  +0387.120s  clashes looked at : 2566
08:57:32.169  +0387.124s  moved to Reviewed : 65
08:57:32.169  +0387.128s        256  the service is over the size, left alone
08:57:32.174  +0387.132s          9  no size could be read off the service, left alone
08:57:32.174  +0387.136s             they are 9 Cable Tray Fittings. Every one is left at the status it had, because a service this tool cannot measure is one a person looks at
08:57:32.174  +0387.140s             each is a row in the machine readable log beside this one, with its test and its clash name, so the next count of these can be checked
08:57:32.174  +0387.144s          0  a person had already set it, left alone
08:57:32.190  +0387.149s         29  both sides a service, left alone
08:57:32.195  +0387.153s         49  both sides a solid, left alone
08:57:32.202  +0387.158s       2158  not a service against a solid, left alone
08:57:32.206  +0387.165s  the size in use   : 150mm or under is a penetration, over it stays as it was

================================================================
BY DESIGN 1A04EP
================================================================
08:57:32.243  +0387.200s  REVIEWED Clash1  in BLD-AR-Stairs-vs-BLD-AR-Floors  BLD-AR-Stairs and BLD-AR-Floors, stair lands on slab
08:57:32.243  +0387.204s  REVIEWED Clash2  in BLD-AR-Stairs-vs-BLD-AR-Floors  BLD-AR-Stairs and BLD-AR-Floors, stair lands on slab
08:57:32.254  +0387.210s  REVIEWED Clash1  in BLD-AR-Walls-vs-BLD-AR-Floors  BLD-AR-Walls and BLD-AR-Floors, wall sits on floor finish
08:57:32.257  +0387.219s  REVIEWED Clash2  in BLD-AR-Walls-vs-BLD-AR-Floors  BLD-AR-Walls and BLD-AR-Floors, wall sits on floor finish
08:57:32.270  +0387.226s  REVIEWED Clash3  in BLD-AR-Walls-vs-BLD-AR-Floors  BLD-AR-Walls and BLD-AR-Floors, wall sits on floor finish
08:57:32.286  +0387.242s  REVIEWED Clash4  in BLD-AR-Walls-vs-BLD-AR-Floors  BLD-AR-Walls and BLD-AR-Floors, wall sits on floor finish
08:57:32.294  +0387.254s  REVIEWED Clash5  in BLD-AR-Walls-vs-BLD-AR-Floors  BLD-AR-Walls and BLD-AR-Floors, wall sits on floor finish
08:57:32.301  +0387.261s  REVIEWED Clash6  in BLD-AR-Walls-vs-BLD-AR-Floors  BLD-AR-Walls and BLD-AR-Floors, wall sits on floor finish
08:57:32.306  +0387.265s  REVIEWED Clash7  in BLD-AR-Walls-vs-BLD-AR-Floors  BLD-AR-Walls and BLD-AR-Floors, wall sits on floor finish
08:57:32.312  +0387.269s  REVIEWED Clash8  in BLD-AR-Walls-vs-BLD-AR-Floors  BLD-AR-Walls and BLD-AR-Floors, wall sits on floor finish
08:57:32.317  +0387.274s  REVIEWED Clash9  in BLD-AR-Walls-vs-BLD-AR-Floors  BLD-AR-Walls and BLD-AR-Floors, wall sits on floor finish
08:57:32.317  +0387.286s  REVIEWED Clash10  in BLD-AR-Walls-vs-BLD-AR-Floors  BLD-AR-Walls and BLD-AR-Floors, wall sits on floor finish
08:57:32.335  +0387.290s  REVIEWED Clash11  in BLD-AR-Walls-vs-BLD-AR-Floors  BLD-AR-Walls and BLD-AR-Floors, wall sits on floor finish
08:57:32.337  +0387.294s  REVIEWED Clash12  in BLD-AR-Walls-vs-BLD-AR-Floors  BLD-AR-Walls and BLD-AR-Floors, wall sits on floor finish
08:57:32.342  +0387.299s  REVIEWED Clash13  in BLD-AR-Walls-vs-BLD-AR-Floors  BLD-AR-Walls and BLD-AR-Floors, wall sits on floor finish
08:57:32.344  +0387.303s  REVIEWED Clash14  in BLD-AR-Walls-vs-BLD-AR-Floors  BLD-AR-Walls and BLD-AR-Floors, wall sits on floor finish
08:57:32.351  +0387.307s  REVIEWED Clash15  in BLD-AR-Walls-vs-BLD-AR-Floors  BLD-AR-Walls and BLD-AR-Floors, wall sits on floor finish
08:57:32.354  +0387.311s  REVIEWED Clash16  in BLD-AR-Walls-vs-BLD-AR-Floors  BLD-AR-Walls and BLD-AR-Floors, wall sits on floor finish
08:57:32.359  +0387.315s  REVIEWED Clash17  in BLD-AR-Walls-vs-BLD-AR-Floors  BLD-AR-Walls and BLD-AR-Floors, wall sits on floor finish
08:57:32.363  +0387.319s  REVIEWED Clash18  in BLD-AR-Walls-vs-BLD-AR-Floors  BLD-AR-Walls and BLD-AR-Floors, wall sits on floor finish
08:57:32.369  +0387.329s  REVIEWED Clash19  in BLD-AR-Walls-vs-BLD-AR-Floors  BLD-AR-Walls and BLD-AR-Floors, wall sits on floor finish
08:57:32.377  +0387.334s  REVIEWED Clash20  in BLD-AR-Walls-vs-BLD-AR-Floors  BLD-AR-Walls and BLD-AR-Floors, wall sits on floor finish
08:57:32.381  +0387.338s  REVIEWED Clash21  in BLD-AR-Walls-vs-BLD-AR-Floors  BLD-AR-Walls and BLD-AR-Floors, wall sits on floor finish
08:57:32.385  +0387.342s  REVIEWED Clash22  in BLD-AR-Walls-vs-BLD-AR-Floors  BLD-AR-Walls and BLD-AR-Floors, wall sits on floor finish
08:57:32.385  +0387.347s  REVIEWED Clash1  in BLD-AR-Walls-vs-BLD-AR-Ceilings  BLD-AR-Ceilings and BLD-AR-Walls, ceiling meets wall
08:57:32.394  +0387.351s  REVIEWED Clash2  in BLD-AR-Walls-vs-BLD-AR-Ceilings  BLD-AR-Ceilings and BLD-AR-Walls, ceiling meets wall
08:57:32.396  +0387.356s  REVIEWED Clash3  in BLD-AR-Walls-vs-BLD-AR-Ceilings  BLD-AR-Ceilings and BLD-AR-Walls, ceiling meets wall
08:57:32.396  +0387.360s  REVIEWED Clash4  in BLD-AR-Walls-vs-BLD-AR-Ceilings  BLD-AR-Ceilings and BLD-AR-Walls, ceiling meets wall
08:57:32.407  +0387.364s  REVIEWED Clash5  in BLD-AR-Walls-vs-BLD-AR-Ceilings  BLD-AR-Ceilings and BLD-AR-Walls, ceiling meets wall
08:57:32.413  +0387.369s  REVIEWED Clash1  in BLD-AR-Windows-vs-BLD-AR-Walls  BLD-AR-Windows and BLD-AR-Walls, window sits in wall
08:57:32.428  +0387.384s  REVIEWED Clash2  in BLD-AR-Windows-vs-BLD-AR-Walls  BLD-AR-Windows and BLD-AR-Walls, window sits in wall
08:57:32.428  +0387.389s  REVIEWED Clash1  in BLD-AR-Curtain Mullions-vs-BLD-AR-Curtain Panels  BLD-AR-Curtain Panels and BLD-AR-Curtain Mullions, panel is held by mullion
08:57:32.428  +0387.393s  REVIEWED Clash2  in BLD-AR-Curtain Mullions-vs-BLD-AR-Curtain Panels  BLD-AR-Curtain Panels and BLD-AR-Curtain Mullions, panel is held by mullion
08:57:32.439  +0387.398s  REVIEWED Clash3  in BLD-AR-Curtain Mullions-vs-BLD-AR-Curtain Panels  BLD-AR-Curtain Panels and BLD-AR-Curtain Mullions, panel is held by mullion
08:57:32.443  +0387.402s  REVIEWED Clash4  in BLD-AR-Curtain Mullions-vs-BLD-AR-Curtain Panels  BLD-AR-Curtain Panels and BLD-AR-Curtain Mullions, panel is held by mullion
08:57:32.443  +0387.406s  REVIEWED Clash5  in BLD-AR-Curtain Mullions-vs-BLD-AR-Curtain Panels  BLD-AR-Curtain Panels and BLD-AR-Curtain Mullions, panel is held by mullion
08:57:32.454  +0387.410s  REVIEWED Clash6  in BLD-AR-Curtain Mullions-vs-BLD-AR-Curtain Panels  BLD-AR-Curtain Panels and BLD-AR-Curtain Mullions, panel is held by mullion
08:57:32.454  +0387.414s  REVIEWED Clash7  in BLD-AR-Curtain Mullions-vs-BLD-AR-Curtain Panels  BLD-AR-Curtain Panels and BLD-AR-Curtain Mullions, panel is held by mullion
08:57:32.460  +0387.422s  REVIEWED Clash8  in BLD-AR-Curtain Mullions-vs-BLD-AR-Curtain Panels  BLD-AR-Curtain Panels and BLD-AR-Curtain Mullions, panel is held by mullion
08:57:32.460  +0387.427s  REVIEWED Clash9  in BLD-AR-Curtain Mullions-vs-BLD-AR-Curtain Panels  BLD-AR-Curtain Panels and BLD-AR-Curtain Mullions, panel is held by mullion
08:57:32.476  +0387.431s  REVIEWED Clash10  in BLD-AR-Curtain Mullions-vs-BLD-AR-Curtain Panels  BLD-AR-Curtain Panels and BLD-AR-Curtain Mullions, panel is held by mullion
08:57:32.479  +0387.435s  REVIEWED Clash11  in BLD-AR-Curtain Mullions-vs-BLD-AR-Curtain Panels  BLD-AR-Curtain Panels and BLD-AR-Curtain Mullions, panel is held by mullion
08:57:32.479  +0387.440s  REVIEWED Clash12  in BLD-AR-Curtain Mullions-vs-BLD-AR-Curtain Panels  BLD-AR-Curtain Panels and BLD-AR-Curtain Mullions, panel is held by mullion
08:57:32.488  +0387.444s  REVIEWED Clash13  in BLD-AR-Curtain Mullions-vs-BLD-AR-Curtain Panels  BLD-AR-Curtain Panels and BLD-AR-Curtain Mullions, panel is held by mullion
08:57:32.493  +0387.449s  REVIEWED Clash14  in BLD-AR-Curtain Mullions-vs-BLD-AR-Curtain Panels  BLD-AR-Curtain Panels and BLD-AR-Curtain Mullions, panel is held by mullion
08:57:32.497  +0387.453s  REVIEWED Clash15  in BLD-AR-Curtain Mullions-vs-BLD-AR-Curtain Panels  BLD-AR-Curtain Panels and BLD-AR-Curtain Mullions, panel is held by mullion
08:57:32.503  +0387.460s  REVIEWED Clash16  in BLD-AR-Curtain Mullions-vs-BLD-AR-Curtain Panels  BLD-AR-Curtain Panels and BLD-AR-Curtain Mullions, panel is held by mullion
08:57:32.512  +0387.467s  REVIEWED Clash17  in BLD-AR-Curtain Mullions-vs-BLD-AR-Curtain Panels  BLD-AR-Curtain Panels and BLD-AR-Curtain Mullions, panel is held by mullion
08:57:32.517  +0387.475s  REVIEWED Clash18  in BLD-AR-Curtain Mullions-vs-BLD-AR-Curtain Panels  BLD-AR-Curtain Panels and BLD-AR-Curtain Mullions, panel is held by mullion
08:57:32.523  +0387.482s  REVIEWED Clash19  in BLD-AR-Curtain Mullions-vs-BLD-AR-Curtain Panels  BLD-AR-Curtain Panels and BLD-AR-Curtain Mullions, panel is held by mullion
08:57:32.523  +0387.490s  REVIEWED Clash20  in BLD-AR-Curtain Mullions-vs-BLD-AR-Curtain Panels  BLD-AR-Curtain Panels and BLD-AR-Curtain Mullions, panel is held by mullion
08:57:32.543  +0387.499s  REVIEWED Clash21  in BLD-AR-Curtain Mullions-vs-BLD-AR-Curtain Panels  BLD-AR-Curtain Panels and BLD-AR-Curtain Mullions, panel is held by mullion
08:57:32.543  +0387.508s  REVIEWED Clash22  in BLD-AR-Curtain Mullions-vs-BLD-AR-Curtain Panels  BLD-AR-Curtain Panels and BLD-AR-Curtain Mullions, panel is held by mullion
08:57:32.571  +0387.529s  REVIEWED Clash23  in BLD-AR-Curtain Mullions-vs-BLD-AR-Curtain Panels  BLD-AR-Curtain Panels and BLD-AR-Curtain Mullions, panel is held by mullion
08:57:32.580  +0387.539s  REVIEWED Clash24  in BLD-AR-Curtain Mullions-vs-BLD-AR-Curtain Panels  BLD-AR-Curtain Panels and BLD-AR-Curtain Mullions, panel is held by mullion
08:57:32.587  +0387.544s  REVIEWED Clash25  in BLD-AR-Curtain Mullions-vs-BLD-AR-Curtain Panels  BLD-AR-Curtain Panels and BLD-AR-Curtain Mullions, panel is held by mullion
08:57:32.587  +0387.548s  REVIEWED Clash26  in BLD-AR-Curtain Mullions-vs-BLD-AR-Curtain Panels  BLD-AR-Curtain Panels and BLD-AR-Curtain Mullions, panel is held by mullion
08:57:32.594  +0387.552s  REVIEWED Clash27  in BLD-AR-Curtain Mullions-vs-BLD-AR-Curtain Panels  BLD-AR-Curtain Panels and BLD-AR-Curtain Mullions, panel is held by mullion
08:57:32.600  +0387.556s  REVIEWED Clash28  in BLD-AR-Curtain Mullions-vs-BLD-AR-Curtain Panels  BLD-AR-Curtain Panels and BLD-AR-Curtain Mullions, panel is held by mullion
08:57:32.603  +0387.561s  REVIEWED Clash29  in BLD-AR-Curtain Mullions-vs-BLD-AR-Curtain Panels  BLD-AR-Curtain Panels and BLD-AR-Curtain Mullions, panel is held by mullion
08:57:32.612  +0387.567s  REVIEWED Clash30  in BLD-AR-Curtain Mullions-vs-BLD-AR-Curtain Panels  BLD-AR-Curtain Panels and BLD-AR-Curtain Mullions, panel is held by mullion
08:57:32.619  +0387.574s  REVIEWED Clash31  in BLD-AR-Curtain Mullions-vs-BLD-AR-Curtain Panels  BLD-AR-Curtain Panels and BLD-AR-Curtain Mullions, panel is held by mullion
08:57:32.622  +0387.579s  REVIEWED Clash32  in BLD-AR-Curtain Mullions-vs-BLD-AR-Curtain Panels  BLD-AR-Curtain Panels and BLD-AR-Curtain Mullions, panel is held by mullion
08:57:32.626  +0387.583s  REVIEWED Clash33  in BLD-AR-Curtain Mullions-vs-BLD-AR-Curtain Panels  BLD-AR-Curtain Panels and BLD-AR-Curtain Mullions, panel is held by mullion
08:57:32.626  +0387.588s  REVIEWED Clash34  in BLD-AR-Curtain Mullions-vs-BLD-AR-Curtain Panels  BLD-AR-Curtain Panels and BLD-AR-Curtain Mullions, panel is held by mullion
08:57:32.637  +0387.595s  REVIEWED Clash35  in BLD-AR-Curtain Mullions-vs-BLD-AR-Curtain Panels  BLD-AR-Curtain Panels and BLD-AR-Curtain Mullions, panel is held by mullion
08:57:32.643  +0387.600s  REVIEWED Clash36  in BLD-AR-Curtain Mullions-vs-BLD-AR-Curtain Panels  BLD-AR-Curtain Panels and BLD-AR-Curtain Mullions, panel is held by mullion
08:57:32.643  +0387.604s  REVIEWED Clash37  in BLD-AR-Curtain Mullions-vs-BLD-AR-Curtain Panels  BLD-AR-Curtain Panels and BLD-AR-Curtain Mullions, panel is held by mullion
08:57:32.654  +0387.609s  REVIEWED Clash38  in BLD-AR-Curtain Mullions-vs-BLD-AR-Curtain Panels  BLD-AR-Curtain Panels and BLD-AR-Curtain Mullions, panel is held by mullion
08:57:32.655  +0387.614s  REVIEWED Clash39  in BLD-AR-Curtain Mullions-vs-BLD-AR-Curtain Panels  BLD-AR-Curtain Panels and BLD-AR-Curtain Mullions, panel is held by mullion
08:57:32.662  +0387.618s  REVIEWED Clash40  in BLD-AR-Curtain Mullions-vs-BLD-AR-Curtain Panels  BLD-AR-Curtain Panels and BLD-AR-Curtain Mullions, panel is held by mullion
08:57:32.667  +0387.623s  REVIEWED Clash41  in BLD-AR-Curtain Mullions-vs-BLD-AR-Curtain Panels  BLD-AR-Curtain Panels and BLD-AR-Curtain Mullions, panel is held by mullion
08:57:32.667  +0387.628s  REVIEWED Clash42  in BLD-AR-Curtain Mullions-vs-BLD-AR-Curtain Panels  BLD-AR-Curtain Panels and BLD-AR-Curtain Mullions, panel is held by mullion
08:57:32.667  +0387.633s  REVIEWED Clash43  in BLD-AR-Curtain Mullions-vs-BLD-AR-Curtain Panels  BLD-AR-Curtain Panels and BLD-AR-Curtain Mullions, panel is held by mullion
08:57:32.680  +0387.638s  REVIEWED Clash44  in BLD-AR-Curtain Mullions-vs-BLD-AR-Curtain Panels  BLD-AR-Curtain Panels and BLD-AR-Curtain Mullions, panel is held by mullion
08:57:32.683  +0387.645s  REVIEWED Clash45  in BLD-AR-Curtain Mullions-vs-BLD-AR-Curtain Panels  BLD-AR-Curtain Panels and BLD-AR-Curtain Mullions, panel is held by mullion
08:57:32.699  +0387.655s  REVIEWED Clash46  in BLD-AR-Curtain Mullions-vs-BLD-AR-Curtain Panels  BLD-AR-Curtain Panels and BLD-AR-Curtain Mullions, panel is held by mullion
08:57:32.708  +0387.667s  REVIEWED Clash47  in BLD-AR-Curtain Mullions-vs-BLD-AR-Curtain Panels  BLD-AR-Curtain Panels and BLD-AR-Curtain Mullions, panel is held by mullion
08:57:32.714  +0387.674s  REVIEWED Clash48  in BLD-AR-Curtain Mullions-vs-BLD-AR-Curtain Panels  BLD-AR-Curtain Panels and BLD-AR-Curtain Mullions, panel is held by mullion
08:57:32.714  +0387.679s  REVIEWED Clash49  in BLD-AR-Curtain Mullions-vs-BLD-AR-Curtain Panels  BLD-AR-Curtain Panels and BLD-AR-Curtain Mullions, panel is held by mullion
08:57:32.714  +0387.683s  REVIEWED Clash50  in BLD-AR-Curtain Mullions-vs-BLD-AR-Curtain Panels  BLD-AR-Curtain Panels and BLD-AR-Curtain Mullions, panel is held by mullion
08:57:32.729  +0387.688s  REVIEWED Clash51  in BLD-AR-Curtain Mullions-vs-BLD-AR-Curtain Panels  BLD-AR-Curtain Panels and BLD-AR-Curtain Mullions, panel is held by mullion
08:57:32.737  +0387.692s  REVIEWED Clash52  in BLD-AR-Curtain Mullions-vs-BLD-AR-Curtain Panels  BLD-AR-Curtain Panels and BLD-AR-Curtain Mullions, panel is held by mullion
08:57:32.737  +0387.696s  REVIEWED Clash53  in BLD-AR-Curtain Mullions-vs-BLD-AR-Curtain Panels  BLD-AR-Curtain Panels and BLD-AR-Curtain Mullions, panel is held by mullion
08:57:32.746  +0387.702s  REVIEWED Clash54  in BLD-AR-Curtain Mullions-vs-BLD-AR-Curtain Panels  BLD-AR-Curtain Panels and BLD-AR-Curtain Mullions, panel is held by mullion
08:57:32.746  +0387.709s  REVIEWED Clash55  in BLD-AR-Curtain Mullions-vs-BLD-AR-Curtain Panels  BLD-AR-Curtain Panels and BLD-AR-Curtain Mullions, panel is held by mullion
08:57:32.756  +0387.716s  REVIEWED Clash56  in BLD-AR-Curtain Mullions-vs-BLD-AR-Curtain Panels  BLD-AR-Curtain Panels and BLD-AR-Curtain Mullions, panel is held by mullion
08:57:32.762  +0387.724s  REVIEWED Clash57  in BLD-AR-Curtain Mullions-vs-BLD-AR-Curtain Panels  BLD-AR-Curtain Panels and BLD-AR-Curtain Mullions, panel is held by mullion
08:57:32.762  +0387.731s  REVIEWED Clash58  in BLD-AR-Curtain Mullions-vs-BLD-AR-Curtain Panels  BLD-AR-Curtain Panels and BLD-AR-Curtain Mullions, panel is held by mullion
08:57:32.777  +0387.738s  REVIEWED Clash59  in BLD-AR-Curtain Mullions-vs-BLD-AR-Curtain Panels  BLD-AR-Curtain Panels and BLD-AR-Curtain Mullions, panel is held by mullion
08:57:32.777  +0387.744s  REVIEWED Clash60  in BLD-AR-Curtain Mullions-vs-BLD-AR-Curtain Panels  BLD-AR-Curtain Panels and BLD-AR-Curtain Mullions, panel is held by mullion
08:57:32.794  +0387.751s  REVIEWED Clash61  in BLD-AR-Curtain Mullions-vs-BLD-AR-Curtain Panels  BLD-AR-Curtain Panels and BLD-AR-Curtain Mullions, panel is held by mullion
08:57:32.794  +0387.759s  REVIEWED Clash62  in BLD-AR-Curtain Mullions-vs-BLD-AR-Curtain Panels  BLD-AR-Curtain Panels and BLD-AR-Curtain Mullions, panel is held by mullion
08:57:32.811  +0387.767s  REVIEWED Clash63  in BLD-AR-Curtain Mullions-vs-BLD-AR-Curtain Panels  BLD-AR-Curtain Panels and BLD-AR-Curtain Mullions, panel is held by mullion
08:57:32.817  +0387.773s  REVIEWED Clash64  in BLD-AR-Curtain Mullions-vs-BLD-AR-Curtain Panels  BLD-AR-Curtain Panels and BLD-AR-Curtain Mullions, panel is held by mullion
08:57:32.825  +0387.781s  REVIEWED Clash65  in BLD-AR-Curtain Mullions-vs-BLD-AR-Curtain Panels  BLD-AR-Curtain Panels and BLD-AR-Curtain Mullions, panel is held by mullion
08:57:32.831  +0387.788s  REVIEWED Clash66  in BLD-AR-Curtain Mullions-vs-BLD-AR-Curtain Panels  BLD-AR-Curtain Panels and BLD-AR-Curtain Mullions, panel is held by mullion
08:57:32.831  +0387.795s  REVIEWED Clash67  in BLD-AR-Curtain Mullions-vs-BLD-AR-Curtain Panels  BLD-AR-Curtain Panels and BLD-AR-Curtain Mullions, panel is held by mullion
08:57:32.846  +0387.804s  REVIEWED Clash68  in BLD-AR-Curtain Mullions-vs-BLD-AR-Curtain Panels  BLD-AR-Curtain Panels and BLD-AR-Curtain Mullions, panel is held by mullion
08:57:32.856  +0387.812s  REVIEWED Clash69  in BLD-AR-Curtain Mullions-vs-BLD-AR-Curtain Panels  BLD-AR-Curtain Panels and BLD-AR-Curtain Mullions, panel is held by mullion
08:57:32.867  +0387.824s  REVIEWED Clash70  in BLD-AR-Curtain Mullions-vs-BLD-AR-Curtain Panels  BLD-AR-Curtain Panels and BLD-AR-Curtain Mullions, panel is held by mullion
08:57:32.872  +0387.834s  REVIEWED Clash71  in BLD-AR-Curtain Mullions-vs-BLD-AR-Curtain Panels  BLD-AR-Curtain Panels and BLD-AR-Curtain Mullions, panel is held by mullion
08:57:32.872  +0387.841s  REVIEWED Clash72  in BLD-AR-Curtain Mullions-vs-BLD-AR-Curtain Panels  BLD-AR-Curtain Panels and BLD-AR-Curtain Mullions, panel is held by mullion
08:57:32.888  +0387.848s  REVIEWED Clash73  in BLD-AR-Curtain Mullions-vs-BLD-AR-Curtain Panels  BLD-AR-Curtain Panels and BLD-AR-Curtain Mullions, panel is held by mullion
08:57:32.899  +0387.855s  REVIEWED Clash74  in BLD-AR-Curtain Mullions-vs-BLD-AR-Curtain Panels  BLD-AR-Curtain Panels and BLD-AR-Curtain Mullions, panel is held by mullion
08:57:32.907  +0387.863s  REVIEWED Clash75  in BLD-AR-Curtain Mullions-vs-BLD-AR-Curtain Panels  BLD-AR-Curtain Panels and BLD-AR-Curtain Mullions, panel is held by mullion
08:57:32.921  +0387.876s  REVIEWED Clash76  in BLD-AR-Curtain Mullions-vs-BLD-AR-Curtain Panels  BLD-AR-Curtain Panels and BLD-AR-Curtain Mullions, panel is held by mullion
08:57:32.921  +0387.882s  REVIEWED Clash77  in BLD-AR-Curtain Mullions-vs-BLD-AR-Curtain Panels  BLD-AR-Curtain Panels and BLD-AR-Curtain Mullions, panel is held by mullion
08:57:32.921  +0387.889s  REVIEWED Clash78  in BLD-AR-Curtain Mullions-vs-BLD-AR-Curtain Panels  BLD-AR-Curtain Panels and BLD-AR-Curtain Mullions, panel is held by mullion
08:57:32.936  +0387.896s  REVIEWED Clash79  in BLD-AR-Curtain Mullions-vs-BLD-AR-Curtain Panels  BLD-AR-Curtain Panels and BLD-AR-Curtain Mullions, panel is held by mullion
08:57:32.944  +0387.903s  REVIEWED Clash80  in BLD-AR-Curtain Mullions-vs-BLD-AR-Curtain Panels  BLD-AR-Curtain Panels and BLD-AR-Curtain Mullions, panel is held by mullion
08:57:32.952  +0387.909s  REVIEWED Clash81  in BLD-AR-Curtain Mullions-vs-BLD-AR-Curtain Panels  BLD-AR-Curtain Panels and BLD-AR-Curtain Mullions, panel is held by mullion
08:57:32.952  +0387.916s  REVIEWED Clash82  in BLD-AR-Curtain Mullions-vs-BLD-AR-Curtain Panels  BLD-AR-Curtain Panels and BLD-AR-Curtain Mullions, panel is held by mullion
08:57:32.962  +0387.923s  REVIEWED Clash83  in BLD-AR-Curtain Mullions-vs-BLD-AR-Curtain Panels  BLD-AR-Curtain Panels and BLD-AR-Curtain Mullions, panel is held by mullion
08:57:32.968  +0387.930s  REVIEWED Clash84  in BLD-AR-Curtain Mullions-vs-BLD-AR-Curtain Panels  BLD-AR-Curtain Panels and BLD-AR-Curtain Mullions, panel is held by mullion
08:57:32.968  +0387.937s  REVIEWED Clash85  in BLD-AR-Curtain Mullions-vs-BLD-AR-Curtain Panels  BLD-AR-Curtain Panels and BLD-AR-Curtain Mullions, panel is held by mullion
08:57:32.984  +0387.944s  REVIEWED Clash86  in BLD-AR-Curtain Mullions-vs-BLD-AR-Curtain Panels  BLD-AR-Curtain Panels and BLD-AR-Curtain Mullions, panel is held by mullion
08:57:32.993  +0387.951s  REVIEWED Clash87  in BLD-AR-Curtain Mullions-vs-BLD-AR-Curtain Panels  BLD-AR-Curtain Panels and BLD-AR-Curtain Mullions, panel is held by mullion
08:57:32.999  +0387.958s  REVIEWED Clash88  in BLD-AR-Curtain Mullions-vs-BLD-AR-Curtain Panels  BLD-AR-Curtain Panels and BLD-AR-Curtain Mullions, panel is held by mullion
08:57:33.010  +0387.966s  REVIEWED Clash89  in BLD-AR-Curtain Mullions-vs-BLD-AR-Curtain Panels  BLD-AR-Curtain Panels and BLD-AR-Curtain Mullions, panel is held by mullion
08:57:33.015  +0387.975s  REVIEWED Clash90  in BLD-AR-Curtain Mullions-vs-BLD-AR-Curtain Panels  BLD-AR-Curtain Panels and BLD-AR-Curtain Mullions, panel is held by mullion
08:57:33.028  +0387.984s  REVIEWED Clash91  in BLD-AR-Curtain Mullions-vs-BLD-AR-Curtain Panels  BLD-AR-Curtain Panels and BLD-AR-Curtain Mullions, panel is held by mullion
08:57:33.031  +0387.992s  REVIEWED Clash92  in BLD-AR-Curtain Mullions-vs-BLD-AR-Curtain Panels  BLD-AR-Curtain Panels and BLD-AR-Curtain Mullions, panel is held by mullion
08:57:33.044  +0388.001s  REVIEWED Clash93  in BLD-AR-Curtain Mullions-vs-BLD-AR-Curtain Panels  BLD-AR-Curtain Panels and BLD-AR-Curtain Mullions, panel is held by mullion
08:57:33.063  +0388.019s  REVIEWED Clash94  in BLD-AR-Curtain Mullions-vs-BLD-AR-Curtain Panels  BLD-AR-Curtain Panels and BLD-AR-Curtain Mullions, panel is held by mullion
08:57:33.063  +0388.027s  REVIEWED Clash95  in BLD-AR-Curtain Mullions-vs-BLD-AR-Curtain Panels  BLD-AR-Curtain Panels and BLD-AR-Curtain Mullions, panel is held by mullion
08:57:33.063  +0388.034s  REVIEWED Clash96  in BLD-AR-Curtain Mullions-vs-BLD-AR-Curtain Panels  BLD-AR-Curtain Panels and BLD-AR-Curtain Mullions, panel is held by mullion
08:57:33.079  +0388.042s  REVIEWED Clash97  in BLD-AR-Curtain Mullions-vs-BLD-AR-Curtain Panels  BLD-AR-Curtain Panels and BLD-AR-Curtain Mullions, panel is held by mullion
08:57:33.093  +0388.049s  REVIEWED Clash98  in BLD-AR-Curtain Mullions-vs-BLD-AR-Curtain Panels  BLD-AR-Curtain Panels and BLD-AR-Curtain Mullions, panel is held by mullion
08:57:33.102  +0388.058s  REVIEWED Clash99  in BLD-AR-Curtain Mullions-vs-BLD-AR-Curtain Panels  BLD-AR-Curtain Panels and BLD-AR-Curtain Mullions, panel is held by mullion
08:57:33.111  +0388.067s  REVIEWED Clash100  in BLD-AR-Curtain Mullions-vs-BLD-AR-Curtain Panels  BLD-AR-Curtain Panels and BLD-AR-Curtain Mullions, panel is held by mullion
08:57:33.113  +0388.076s  REVIEWED Clash101  in BLD-AR-Curtain Mullions-vs-BLD-AR-Curtain Panels  BLD-AR-Curtain Panels and BLD-AR-Curtain Mullions, panel is held by mullion
08:57:33.128  +0388.084s  REVIEWED Clash102  in BLD-AR-Curtain Mullions-vs-BLD-AR-Curtain Panels  BLD-AR-Curtain Panels and BLD-AR-Curtain Mullions, panel is held by mullion
08:57:33.128  +0388.093s  REVIEWED Clash103  in BLD-AR-Curtain Mullions-vs-BLD-AR-Curtain Panels  BLD-AR-Curtain Panels and BLD-AR-Curtain Mullions, panel is held by mullion
08:57:33.144  +0388.102s  REVIEWED Clash104  in BLD-AR-Curtain Mullions-vs-BLD-AR-Curtain Panels  BLD-AR-Curtain Panels and BLD-AR-Curtain Mullions, panel is held by mullion
08:57:33.154  +0388.109s  REVIEWED Clash105  in BLD-AR-Curtain Mullions-vs-BLD-AR-Curtain Panels  BLD-AR-Curtain Panels and BLD-AR-Curtain Mullions, panel is held by mullion
08:57:33.159  +0388.117s  REVIEWED Clash106  in BLD-AR-Curtain Mullions-vs-BLD-AR-Curtain Panels  BLD-AR-Curtain Panels and BLD-AR-Curtain Mullions, panel is held by mullion
08:57:33.159  +0388.124s  REVIEWED Clash107  in BLD-AR-Curtain Mullions-vs-BLD-AR-Curtain Panels  BLD-AR-Curtain Panels and BLD-AR-Curtain Mullions, panel is held by mullion
08:57:33.175  +0388.132s  REVIEWED Clash108  in BLD-AR-Curtain Mullions-vs-BLD-AR-Curtain Panels  BLD-AR-Curtain Panels and BLD-AR-Curtain Mullions, panel is held by mullion
08:57:33.175  +0388.139s  REVIEWED Clash109  in BLD-AR-Curtain Mullions-vs-BLD-AR-Curtain Panels  BLD-AR-Curtain Panels and BLD-AR-Curtain Mullions, panel is held by mullion
08:57:33.191  +0388.146s  REVIEWED Clash110  in BLD-AR-Curtain Mullions-vs-BLD-AR-Curtain Panels  BLD-AR-Curtain Panels and BLD-AR-Curtain Mullions, panel is held by mullion
08:57:33.194  +0388.154s  REVIEWED Clash111  in BLD-AR-Curtain Mullions-vs-BLD-AR-Curtain Panels  BLD-AR-Curtain Panels and BLD-AR-Curtain Mullions, panel is held by mullion
08:57:33.194  +0388.161s  REVIEWED Clash112  in BLD-AR-Curtain Mullions-vs-BLD-AR-Curtain Panels  BLD-AR-Curtain Panels and BLD-AR-Curtain Mullions, panel is held by mullion
08:57:33.214  +0388.169s  REVIEWED Clash113  in BLD-AR-Curtain Mullions-vs-BLD-AR-Curtain Panels  BLD-AR-Curtain Panels and BLD-AR-Curtain Mullions, panel is held by mullion
08:57:33.223  +0388.179s  REVIEWED Clash114  in BLD-AR-Curtain Mullions-vs-BLD-AR-Curtain Panels  BLD-AR-Curtain Panels and BLD-AR-Curtain Mullions, panel is held by mullion
08:57:33.232  +0388.188s  REVIEWED Clash115  in BLD-AR-Curtain Mullions-vs-BLD-AR-Curtain Panels  BLD-AR-Curtain Panels and BLD-AR-Curtain Mullions, panel is held by mullion
08:57:33.244  +0388.203s  REVIEWED Clash116  in BLD-AR-Curtain Mullions-vs-BLD-AR-Curtain Panels  BLD-AR-Curtain Panels and BLD-AR-Curtain Mullions, panel is held by mullion
08:57:33.254  +0388.212s  REVIEWED Clash117  in BLD-AR-Curtain Mullions-vs-BLD-AR-Curtain Panels  BLD-AR-Curtain Panels and BLD-AR-Curtain Mullions, panel is held by mullion
08:57:33.264  +0388.222s  REVIEWED Clash118  in BLD-AR-Curtain Mullions-vs-BLD-AR-Curtain Panels  BLD-AR-Curtain Panels and BLD-AR-Curtain Mullions, panel is held by mullion
08:57:33.270  +0388.230s  REVIEWED Clash119  in BLD-AR-Curtain Mullions-vs-BLD-AR-Curtain Panels  BLD-AR-Curtain Panels and BLD-AR-Curtain Mullions, panel is held by mullion
08:57:33.270  +0388.237s  REVIEWED Clash120  in BLD-AR-Curtain Mullions-vs-BLD-AR-Curtain Panels  BLD-AR-Curtain Panels and BLD-AR-Curtain Mullions, panel is held by mullion
08:57:33.286  +0388.246s  REVIEWED Clash121  in BLD-AR-Curtain Mullions-vs-BLD-AR-Curtain Panels  BLD-AR-Curtain Panels and BLD-AR-Curtain Mullions, panel is held by mullion
08:57:33.294  +0388.253s  REVIEWED Clash122  in BLD-AR-Curtain Mullions-vs-BLD-AR-Curtain Panels  BLD-AR-Curtain Panels and BLD-AR-Curtain Mullions, panel is held by mullion
08:57:33.303  +0388.260s  REVIEWED Clash123  in BLD-AR-Curtain Mullions-vs-BLD-AR-Curtain Panels  BLD-AR-Curtain Panels and BLD-AR-Curtain Mullions, panel is held by mullion
08:57:33.308  +0388.267s  REVIEWED Clash124  in BLD-AR-Curtain Mullions-vs-BLD-AR-Curtain Panels  BLD-AR-Curtain Panels and BLD-AR-Curtain Mullions, panel is held by mullion
08:57:33.319  +0388.274s  REVIEWED Clash125  in BLD-AR-Curtain Mullions-vs-BLD-AR-Curtain Panels  BLD-AR-Curtain Panels and BLD-AR-Curtain Mullions, panel is held by mullion
08:57:33.319  +0388.281s  REVIEWED Clash126  in BLD-AR-Curtain Mullions-vs-BLD-AR-Curtain Panels  BLD-AR-Curtain Panels and BLD-AR-Curtain Mullions, panel is held by mullion
08:57:33.319  +0388.287s  REVIEWED Clash127  in BLD-AR-Curtain Mullions-vs-BLD-AR-Curtain Panels  BLD-AR-Curtain Panels and BLD-AR-Curtain Mullions, panel is held by mullion
08:57:33.334  +0388.294s  REVIEWED Clash128  in BLD-AR-Curtain Mullions-vs-BLD-AR-Curtain Panels  BLD-AR-Curtain Panels and BLD-AR-Curtain Mullions, panel is held by mullion
08:57:33.345  +0388.301s  REVIEWED Clash129  in BLD-AR-Curtain Mullions-vs-BLD-AR-Curtain Panels  BLD-AR-Curtain Panels and BLD-AR-Curtain Mullions, panel is held by mullion
08:57:33.352  +0388.308s  REVIEWED Clash130  in BLD-AR-Curtain Mullions-vs-BLD-AR-Curtain Panels  BLD-AR-Curtain Panels and BLD-AR-Curtain Mullions, panel is held by mullion
08:57:33.352  +0388.315s  REVIEWED Clash131  in BLD-AR-Curtain Mullions-vs-BLD-AR-Curtain Panels  BLD-AR-Curtain Panels and BLD-AR-Curtain Mullions, panel is held by mullion
08:57:33.367  +0388.322s  REVIEWED Clash132  in BLD-AR-Curtain Mullions-vs-BLD-AR-Curtain Panels  BLD-AR-Curtain Panels and BLD-AR-Curtain Mullions, panel is held by mullion
08:57:33.367  +0388.330s  REVIEWED Clash133  in BLD-AR-Curtain Mullions-vs-BLD-AR-Curtain Panels  BLD-AR-Curtain Panels and BLD-AR-Curtain Mullions, panel is held by mullion
08:57:33.381  +0388.338s  REVIEWED Clash134  in BLD-AR-Curtain Mullions-vs-BLD-AR-Curtain Panels  BLD-AR-Curtain Panels and BLD-AR-Curtain Mullions, panel is held by mullion
08:57:33.381  +0388.345s  REVIEWED Clash135  in BLD-AR-Curtain Mullions-vs-BLD-AR-Curtain Panels  BLD-AR-Curtain Panels and BLD-AR-Curtain Mullions, panel is held by mullion
08:57:33.397  +0388.353s  REVIEWED Clash136  in BLD-AR-Curtain Mullions-vs-BLD-AR-Curtain Panels  BLD-AR-Curtain Panels and BLD-AR-Curtain Mullions, panel is held by mullion
08:57:33.398  +0388.362s  REVIEWED Clash137  in BLD-AR-Curtain Mullions-vs-BLD-AR-Curtain Panels  BLD-AR-Curtain Panels and BLD-AR-Curtain Mullions, panel is held by mullion
08:57:33.414  +0388.372s  REVIEWED Clash138  in BLD-AR-Curtain Mullions-vs-BLD-AR-Curtain Panels  BLD-AR-Curtain Panels and BLD-AR-Curtain Mullions, panel is held by mullion
08:57:33.414  +0388.384s  REVIEWED Clash139  in BLD-AR-Curtain Mullions-vs-BLD-AR-Curtain Panels  BLD-AR-Curtain Panels and BLD-AR-Curtain Mullions, panel is held by mullion
08:57:33.431  +0388.393s  REVIEWED Clash140  in BLD-AR-Curtain Mullions-vs-BLD-AR-Curtain Panels  BLD-AR-Curtain Panels and BLD-AR-Curtain Mullions, panel is held by mullion
08:57:33.431  +0388.400s  REVIEWED Clash141  in BLD-AR-Curtain Mullions-vs-BLD-AR-Curtain Panels  BLD-AR-Curtain Panels and BLD-AR-Curtain Mullions, panel is held by mullion
08:57:33.446  +0388.407s  REVIEWED Clash142  in BLD-AR-Curtain Mullions-vs-BLD-AR-Curtain Panels  BLD-AR-Curtain Panels and BLD-AR-Curtain Mullions, panel is held by mullion
08:57:33.456  +0388.414s  REVIEWED Clash143  in BLD-AR-Curtain Mullions-vs-BLD-AR-Curtain Panels  BLD-AR-Curtain Panels and BLD-AR-Curtain Mullions, panel is held by mullion
08:57:33.461  +0388.421s  REVIEWED Clash144  in BLD-AR-Curtain Mullions-vs-BLD-AR-Curtain Panels  BLD-AR-Curtain Panels and BLD-AR-Curtain Mullions, panel is held by mullion
08:57:33.461  +0388.428s  REVIEWED Clash145  in BLD-AR-Curtain Mullions-vs-BLD-AR-Curtain Panels  BLD-AR-Curtain Panels and BLD-AR-Curtain Mullions, panel is held by mullion
08:57:33.477  +0388.435s  REVIEWED Clash146  in BLD-AR-Curtain Mullions-vs-BLD-AR-Curtain Panels  BLD-AR-Curtain Panels and BLD-AR-Curtain Mullions, panel is held by mullion
08:57:33.477  +0388.442s  REVIEWED Clash147  in BLD-AR-Curtain Mullions-vs-BLD-AR-Curtain Panels  BLD-AR-Curtain Panels and BLD-AR-Curtain Mullions, panel is held by mullion
08:57:33.494  +0388.450s  REVIEWED Clash148  in BLD-AR-Curtain Mullions-vs-BLD-AR-Curtain Panels  BLD-AR-Curtain Panels and BLD-AR-Curtain Mullions, panel is held by mullion
08:57:33.495  +0388.458s  REVIEWED Clash149  in BLD-AR-Curtain Mullions-vs-BLD-AR-Curtain Panels  BLD-AR-Curtain Panels and BLD-AR-Curtain Mullions, panel is held by mullion
08:57:33.509  +0388.464s  REVIEWED Clash150  in BLD-AR-Curtain Mullions-vs-BLD-AR-Curtain Panels  BLD-AR-Curtain Panels and BLD-AR-Curtain Mullions, panel is held by mullion
08:57:33.515  +0388.471s  REVIEWED Clash151  in BLD-AR-Curtain Mullions-vs-BLD-AR-Curtain Panels  BLD-AR-Curtain Panels and BLD-AR-Curtain Mullions, panel is held by mullion
08:57:33.515  +0388.478s  REVIEWED Clash152  in BLD-AR-Curtain Mullions-vs-BLD-AR-Curtain Panels  BLD-AR-Curtain Panels and BLD-AR-Curtain Mullions, panel is held by mullion
08:57:33.525  +0388.485s  REVIEWED Clash153  in BLD-AR-Curtain Mullions-vs-BLD-AR-Curtain Panels  BLD-AR-Curtain Panels and BLD-AR-Curtain Mullions, panel is held by mullion
08:57:33.525  +0388.491s  REVIEWED Clash154  in BLD-AR-Curtain Mullions-vs-BLD-AR-Curtain Panels  BLD-AR-Curtain Panels and BLD-AR-Curtain Mullions, panel is held by mullion
08:57:33.541  +0388.498s  REVIEWED Clash155  in BLD-AR-Curtain Mullions-vs-BLD-AR-Curtain Panels  BLD-AR-Curtain Panels and BLD-AR-Curtain Mullions, panel is held by mullion
08:57:33.544  +0388.505s  REVIEWED Clash156  in BLD-AR-Curtain Mullions-vs-BLD-AR-Curtain Panels  BLD-AR-Curtain Panels and BLD-AR-Curtain Mullions, panel is held by mullion
08:57:33.544  +0388.511s  REVIEWED Clash157  in BLD-AR-Curtain Mullions-vs-BLD-AR-Curtain Panels  BLD-AR-Curtain Panels and BLD-AR-Curtain Mullions, panel is held by mullion
08:57:33.557  +0388.520s  REVIEWED Clash158  in BLD-AR-Curtain Mullions-vs-BLD-AR-Curtain Panels  BLD-AR-Curtain Panels and BLD-AR-Curtain Mullions, panel is held by mullion
08:57:33.572  +0388.528s  REVIEWED Clash159  in BLD-AR-Curtain Mullions-vs-BLD-AR-Curtain Panels  BLD-AR-Curtain Panels and BLD-AR-Curtain Mullions, panel is held by mullion
08:57:33.572  +0388.537s  REVIEWED Clash160  in BLD-AR-Curtain Mullions-vs-BLD-AR-Curtain Panels  BLD-AR-Curtain Panels and BLD-AR-Curtain Mullions, panel is held by mullion
08:57:33.588  +0388.550s  REVIEWED Clash161  in BLD-AR-Curtain Mullions-vs-BLD-AR-Curtain Panels  BLD-AR-Curtain Panels and BLD-AR-Curtain Mullions, panel is held by mullion
08:57:33.604  +0388.559s  REVIEWED Clash162  in BLD-AR-Curtain Mullions-vs-BLD-AR-Curtain Panels  BLD-AR-Curtain Panels and BLD-AR-Curtain Mullions, panel is held by mullion
08:57:33.608  +0388.566s  REVIEWED Clash163  in BLD-AR-Curtain Mullions-vs-BLD-AR-Curtain Panels  BLD-AR-Curtain Panels and BLD-AR-Curtain Mullions, panel is held by mullion
08:57:33.615  +0388.574s  REVIEWED Clash164  in BLD-AR-Curtain Mullions-vs-BLD-AR-Curtain Panels  BLD-AR-Curtain Panels and BLD-AR-Curtain Mullions, panel is held by mullion
08:57:33.622  +0388.581s  REVIEWED Clash165  in BLD-AR-Curtain Mullions-vs-BLD-AR-Curtain Panels  BLD-AR-Curtain Panels and BLD-AR-Curtain Mullions, panel is held by mullion
08:57:33.632  +0388.588s  REVIEWED Clash166  in BLD-AR-Curtain Mullions-vs-BLD-AR-Curtain Panels  BLD-AR-Curtain Panels and BLD-AR-Curtain Mullions, panel is held by mullion
08:57:33.638  +0388.595s  REVIEWED Clash167  in BLD-AR-Curtain Mullions-vs-BLD-AR-Curtain Panels  BLD-AR-Curtain Panels and BLD-AR-Curtain Mullions, panel is held by mullion
08:57:33.644  +0388.603s  REVIEWED Clash168  in BLD-AR-Curtain Mullions-vs-BLD-AR-Curtain Panels  BLD-AR-Curtain Panels and BLD-AR-Curtain Mullions, panel is held by mullion
08:57:33.652  +0388.610s  REVIEWED Clash169  in BLD-AR-Curtain Mullions-vs-BLD-AR-Curtain Panels  BLD-AR-Curtain Panels and BLD-AR-Curtain Mullions, panel is held by mullion
08:57:33.662  +0388.618s  REVIEWED Clash170  in BLD-AR-Curtain Mullions-vs-BLD-AR-Curtain Panels  BLD-AR-Curtain Panels and BLD-AR-Curtain Mullions, panel is held by mullion
08:57:33.668  +0388.626s  REVIEWED Clash171  in BLD-AR-Curtain Mullions-vs-BLD-AR-Curtain Panels  BLD-AR-Curtain Panels and BLD-AR-Curtain Mullions, panel is held by mullion
08:57:33.668  +0388.634s  REVIEWED Clash172  in BLD-AR-Curtain Mullions-vs-BLD-AR-Curtain Panels  BLD-AR-Curtain Panels and BLD-AR-Curtain Mullions, panel is held by mullion
08:57:33.684  +0388.642s  REVIEWED Clash173  in BLD-AR-Curtain Mullions-vs-BLD-AR-Curtain Panels  BLD-AR-Curtain Panels and BLD-AR-Curtain Mullions, panel is held by mullion
08:57:33.694  +0388.651s  REVIEWED Clash174  in BLD-AR-Curtain Mullions-vs-BLD-AR-Curtain Panels  BLD-AR-Curtain Panels and BLD-AR-Curtain Mullions, panel is held by mullion
08:57:33.704  +0388.660s  REVIEWED Clash175  in BLD-AR-Curtain Mullions-vs-BLD-AR-Curtain Panels  BLD-AR-Curtain Panels and BLD-AR-Curtain Mullions, panel is held by mullion
08:57:33.710  +0388.667s  REVIEWED Clash176  in BLD-AR-Curtain Mullions-vs-BLD-AR-Curtain Panels  BLD-AR-Curtain Panels and BLD-AR-Curtain Mullions, panel is held by mullion
08:57:33.717  +0388.674s  REVIEWED Clash177  in BLD-AR-Curtain Mullions-vs-BLD-AR-Curtain Panels  BLD-AR-Curtain Panels and BLD-AR-Curtain Mullions, panel is held by mullion
08:57:33.717  +0388.680s  REVIEWED Clash178  in BLD-AR-Curtain Mullions-vs-BLD-AR-Curtain Panels  BLD-AR-Curtain Panels and BLD-AR-Curtain Mullions, panel is held by mullion
08:57:33.731  +0388.688s  REVIEWED Clash179  in BLD-AR-Curtain Mullions-vs-BLD-AR-Curtain Panels  BLD-AR-Curtain Panels and BLD-AR-Curtain Mullions, panel is held by mullion
08:57:33.731  +0388.693s  REVIEWED Clash180  in BLD-AR-Curtain Mullions-vs-BLD-AR-Curtain Panels  BLD-AR-Curtain Panels and BLD-AR-Curtain Mullions, panel is held by mullion
08:57:33.742  +0388.697s  REVIEWED Clash181  in BLD-AR-Curtain Mullions-vs-BLD-AR-Curtain Panels  BLD-AR-Curtain Panels and BLD-AR-Curtain Mullions, panel is held by mullion
08:57:33.747  +0388.711s  REVIEWED Clash182  in BLD-AR-Curtain Mullions-vs-BLD-AR-Curtain Panels  BLD-AR-Curtain Panels and BLD-AR-Curtain Mullions, panel is held by mullion
08:57:33.768  +0388.726s  REVIEWED Clash183  in BLD-AR-Curtain Mullions-vs-BLD-AR-Curtain Panels  BLD-AR-Curtain Panels and BLD-AR-Curtain Mullions, panel is held by mullion
08:57:33.781  +0388.738s  REVIEWED Clash184  in BLD-AR-Curtain Mullions-vs-BLD-AR-Curtain Panels  BLD-AR-Curtain Panels and BLD-AR-Curtain Mullions, panel is held by mullion
08:57:33.784  +0388.746s  REVIEWED Clash185  in BLD-AR-Curtain Mullions-vs-BLD-AR-Curtain Panels  BLD-AR-Curtain Panels and BLD-AR-Curtain Mullions, panel is held by mullion
08:57:33.795  +0388.751s  REVIEWED Clash186  in BLD-AR-Curtain Mullions-vs-BLD-AR-Curtain Panels  BLD-AR-Curtain Panels and BLD-AR-Curtain Mullions, panel is held by mullion
08:57:33.798  +0388.757s  REVIEWED Clash187  in BLD-AR-Curtain Mullions-vs-BLD-AR-Curtain Panels  BLD-AR-Curtain Panels and BLD-AR-Curtain Mullions, panel is held by mullion
08:57:33.805  +0388.761s  REVIEWED Clash188  in BLD-AR-Curtain Mullions-vs-BLD-AR-Curtain Panels  BLD-AR-Curtain Panels and BLD-AR-Curtain Mullions, panel is held by mullion
08:57:33.810  +0388.767s  REVIEWED Clash189  in BLD-AR-Curtain Mullions-vs-BLD-AR-Curtain Panels  BLD-AR-Curtain Panels and BLD-AR-Curtain Mullions, panel is held by mullion
08:57:33.816  +0388.774s  REVIEWED Clash190  in BLD-AR-Curtain Mullions-vs-BLD-AR-Curtain Panels  BLD-AR-Curtain Panels and BLD-AR-Curtain Mullions, panel is held by mullion
08:57:33.816  +0388.779s  REVIEWED Clash191  in BLD-AR-Curtain Mullions-vs-BLD-AR-Curtain Panels  BLD-AR-Curtain Panels and BLD-AR-Curtain Mullions, panel is held by mullion
08:57:33.826  +0388.784s  REVIEWED Clash192  in BLD-AR-Curtain Mullions-vs-BLD-AR-Curtain Panels  BLD-AR-Curtain Panels and BLD-AR-Curtain Mullions, panel is held by mullion
08:57:33.834  +0388.790s  REVIEWED Clash193  in BLD-AR-Curtain Mullions-vs-BLD-AR-Curtain Panels  BLD-AR-Curtain Panels and BLD-AR-Curtain Mullions, panel is held by mullion
08:57:33.834  +0388.795s  REVIEWED Clash194  in BLD-AR-Curtain Mullions-vs-BLD-AR-Curtain Panels  BLD-AR-Curtain Panels and BLD-AR-Curtain Mullions, panel is held by mullion
08:57:33.844  +0388.801s  REVIEWED Clash195  in BLD-AR-Curtain Mullions-vs-BLD-AR-Curtain Panels  BLD-AR-Curtain Panels and BLD-AR-Curtain Mullions, panel is held by mullion
08:57:33.844  +0388.805s  REVIEWED Clash196  in BLD-AR-Curtain Mullions-vs-BLD-AR-Curtain Panels  BLD-AR-Curtain Panels and BLD-AR-Curtain Mullions, panel is held by mullion
08:57:33.844  +0388.810s  REVIEWED Clash197  in BLD-AR-Curtain Mullions-vs-BLD-AR-Curtain Panels  BLD-AR-Curtain Panels and BLD-AR-Curtain Mullions, panel is held by mullion
08:57:33.868  +0388.823s  REVIEWED Clash198  in BLD-AR-Curtain Mullions-vs-BLD-AR-Curtain Panels  BLD-AR-Curtain Panels and BLD-AR-Curtain Mullions, panel is held by mullion
08:57:33.874  +0388.834s  REVIEWED Clash199  in BLD-AR-Curtain Mullions-vs-BLD-AR-Curtain Panels  BLD-AR-Curtain Panels and BLD-AR-Curtain Mullions, panel is held by mullion
08:57:33.874  +0388.842s  REVIEWED Clash200  in BLD-AR-Curtain Mullions-vs-BLD-AR-Curtain Panels  BLD-AR-Curtain Panels and BLD-AR-Curtain Mullions, panel is held by mullion
08:57:33.893  +0388.851s  REVIEWED Clash201  in BLD-AR-Curtain Mullions-vs-BLD-AR-Curtain Panels  BLD-AR-Curtain Panels and BLD-AR-Curtain Mullions, panel is held by mullion
08:57:33.898  +0388.860s  REVIEWED Clash202  in BLD-AR-Curtain Mullions-vs-BLD-AR-Curtain Panels  BLD-AR-Curtain Panels and BLD-AR-Curtain Mullions, panel is held by mullion
08:57:33.909  +0388.869s  REVIEWED Clash203  in BLD-AR-Curtain Mullions-vs-BLD-AR-Curtain Panels  BLD-AR-Curtain Panels and BLD-AR-Curtain Mullions, panel is held by mullion
08:57:33.921  +0388.880s  REVIEWED Clash204  in BLD-AR-Curtain Mullions-vs-BLD-AR-Curtain Panels  BLD-AR-Curtain Panels and BLD-AR-Curtain Mullions, panel is held by mullion
08:57:33.955  +0388.912s  REVIEWED Clash205  in BLD-AR-Curtain Mullions-vs-BLD-AR-Curtain Panels  BLD-AR-Curtain Panels and BLD-AR-Curtain Mullions, panel is held by mullion
08:57:33.964  +0388.919s  REVIEWED Clash206  in BLD-AR-Curtain Mullions-vs-BLD-AR-Curtain Panels  BLD-AR-Curtain Panels and BLD-AR-Curtain Mullions, panel is held by mullion
08:57:33.964  +0388.924s  REVIEWED Clash207  in BLD-AR-Curtain Mullions-vs-BLD-AR-Curtain Panels  BLD-AR-Curtain Panels and BLD-AR-Curtain Mullions, panel is held by mullion
08:57:33.969  +0388.929s  REVIEWED Clash208  in BLD-AR-Curtain Mullions-vs-BLD-AR-Curtain Panels  BLD-AR-Curtain Panels and BLD-AR-Curtain Mullions, panel is held by mullion
08:57:33.969  +0388.933s  REVIEWED Clash209  in BLD-AR-Curtain Mullions-vs-BLD-AR-Curtain Panels  BLD-AR-Curtain Panels and BLD-AR-Curtain Mullions, panel is held by mullion
08:57:33.969  +0388.938s  REVIEWED Clash210  in BLD-AR-Curtain Mullions-vs-BLD-AR-Curtain Panels  BLD-AR-Curtain Panels and BLD-AR-Curtain Mullions, panel is held by mullion
08:57:33.985  +0388.942s  REVIEWED Clash211  in BLD-AR-Curtain Mullions-vs-BLD-AR-Curtain Panels  BLD-AR-Curtain Panels and BLD-AR-Curtain Mullions, panel is held by mullion
08:57:33.985  +0388.947s  REVIEWED Clash212  in BLD-AR-Curtain Mullions-vs-BLD-AR-Curtain Panels  BLD-AR-Curtain Panels and BLD-AR-Curtain Mullions, panel is held by mullion
08:57:33.994  +0388.951s  REVIEWED Clash213  in BLD-AR-Curtain Mullions-vs-BLD-AR-Curtain Panels  BLD-AR-Curtain Panels and BLD-AR-Curtain Mullions, panel is held by mullion
08:57:33.994  +0388.956s  REVIEWED Clash214  in BLD-AR-Curtain Mullions-vs-BLD-AR-Curtain Panels  BLD-AR-Curtain Panels and BLD-AR-Curtain Mullions, panel is held by mullion
08:57:34.003  +0388.960s  REVIEWED Clash215  in BLD-AR-Curtain Mullions-vs-BLD-AR-Curtain Panels  BLD-AR-Curtain Panels and BLD-AR-Curtain Mullions, panel is held by mullion
08:57:34.009  +0388.965s  REVIEWED Clash216  in BLD-AR-Curtain Mullions-vs-BLD-AR-Curtain Panels  BLD-AR-Curtain Panels and BLD-AR-Curtain Mullions, panel is held by mullion
08:57:34.013  +0388.969s  REVIEWED Clash217  in BLD-AR-Curtain Mullions-vs-BLD-AR-Curtain Panels  BLD-AR-Curtain Panels and BLD-AR-Curtain Mullions, panel is held by mullion
08:57:34.019  +0388.976s  REVIEWED Clash218  in BLD-AR-Curtain Mullions-vs-BLD-AR-Curtain Panels  BLD-AR-Curtain Panels and BLD-AR-Curtain Mullions, panel is held by mullion
08:57:34.034  +0388.990s  REVIEWED Clash219  in BLD-AR-Curtain Mullions-vs-BLD-AR-Curtain Panels  BLD-AR-Curtain Panels and BLD-AR-Curtain Mullions, panel is held by mullion
08:57:34.043  +0389.001s  REVIEWED Clash220  in BLD-AR-Curtain Mullions-vs-BLD-AR-Curtain Panels  BLD-AR-Curtain Panels and BLD-AR-Curtain Mullions, panel is held by mullion
08:57:34.052  +0389.010s  REVIEWED Clash221  in BLD-AR-Curtain Mullions-vs-BLD-AR-Curtain Panels  BLD-AR-Curtain Panels and BLD-AR-Curtain Mullions, panel is held by mullion
08:57:34.064  +0389.021s  REVIEWED Clash222  in BLD-AR-Curtain Mullions-vs-BLD-AR-Curtain Panels  BLD-AR-Curtain Panels and BLD-AR-Curtain Mullions, panel is held by mullion
08:57:34.070  +0389.027s  REVIEWED Clash223  in BLD-AR-Curtain Mullions-vs-BLD-AR-Curtain Panels  BLD-AR-Curtain Panels and BLD-AR-Curtain Mullions, panel is held by mullion
08:57:34.076  +0389.032s  REVIEWED Clash224  in BLD-AR-Curtain Mullions-vs-BLD-AR-Curtain Panels  BLD-AR-Curtain Panels and BLD-AR-Curtain Mullions, panel is held by mullion
08:57:34.081  +0389.039s  REVIEWED Clash225  in BLD-AR-Curtain Mullions-vs-BLD-AR-Curtain Panels  BLD-AR-Curtain Panels and BLD-AR-Curtain Mullions, panel is held by mullion
08:57:34.096  +0389.056s  REVIEWED Clash226  in BLD-AR-Curtain Mullions-vs-BLD-AR-Curtain Panels  BLD-AR-Curtain Panels and BLD-AR-Curtain Mullions, panel is held by mullion
08:57:34.109  +0389.066s  REVIEWED Clash227  in BLD-AR-Curtain Mullions-vs-BLD-AR-Curtain Panels  BLD-AR-Curtain Panels and BLD-AR-Curtain Mullions, panel is held by mullion
08:57:34.112  +0389.071s  REVIEWED Clash228  in BLD-AR-Curtain Mullions-vs-BLD-AR-Curtain Panels  BLD-AR-Curtain Panels and BLD-AR-Curtain Mullions, panel is held by mullion
08:57:34.117  +0389.076s  REVIEWED Clash229  in BLD-AR-Curtain Mullions-vs-BLD-AR-Curtain Panels  BLD-AR-Curtain Panels and BLD-AR-Curtain Mullions, panel is held by mullion
08:57:34.124  +0389.081s  REVIEWED Clash230  in BLD-AR-Curtain Mullions-vs-BLD-AR-Curtain Panels  BLD-AR-Curtain Panels and BLD-AR-Curtain Mullions, panel is held by mullion
08:57:34.129  +0389.085s  REVIEWED Clash231  in BLD-AR-Curtain Mullions-vs-BLD-AR-Curtain Panels  BLD-AR-Curtain Panels and BLD-AR-Curtain Mullions, panel is held by mullion
08:57:34.132  +0389.089s  REVIEWED Clash232  in BLD-AR-Curtain Mullions-vs-BLD-AR-Curtain Panels  BLD-AR-Curtain Panels and BLD-AR-Curtain Mullions, panel is held by mullion
08:57:34.137  +0389.094s  REVIEWED Clash233  in BLD-AR-Curtain Mullions-vs-BLD-AR-Curtain Panels  BLD-AR-Curtain Panels and BLD-AR-Curtain Mullions, panel is held by mullion
08:57:34.141  +0389.098s  REVIEWED Clash234  in BLD-AR-Curtain Mullions-vs-BLD-AR-Curtain Panels  BLD-AR-Curtain Panels and BLD-AR-Curtain Mullions, panel is held by mullion
08:57:34.145  +0389.103s  REVIEWED Clash235  in BLD-AR-Curtain Mullions-vs-BLD-AR-Curtain Panels  BLD-AR-Curtain Panels and BLD-AR-Curtain Mullions, panel is held by mullion
08:57:34.145  +0389.107s  REVIEWED Clash236  in BLD-AR-Curtain Mullions-vs-BLD-AR-Curtain Panels  BLD-AR-Curtain Panels and BLD-AR-Curtain Mullions, panel is held by mullion
08:57:34.156  +0389.112s  REVIEWED Clash237  in BLD-AR-Curtain Mullions-vs-BLD-AR-Curtain Panels  BLD-AR-Curtain Panels and BLD-AR-Curtain Mullions, panel is held by mullion
08:57:34.160  +0389.116s  REVIEWED Clash238  in BLD-AR-Curtain Mullions-vs-BLD-AR-Curtain Panels  BLD-AR-Curtain Panels and BLD-AR-Curtain Mullions, panel is held by mullion
08:57:34.160  +0389.121s  REVIEWED Clash239  in BLD-AR-Curtain Mullions-vs-BLD-AR-Curtain Panels  BLD-AR-Curtain Panels and BLD-AR-Curtain Mullions, panel is held by mullion
08:57:34.160  +0389.125s  REVIEWED Clash240  in BLD-AR-Curtain Mullions-vs-BLD-AR-Curtain Panels  BLD-AR-Curtain Panels and BLD-AR-Curtain Mullions, panel is held by mullion
08:57:34.160  +0389.129s  REVIEWED Clash241  in BLD-AR-Curtain Mullions-vs-BLD-AR-Curtain Panels  BLD-AR-Curtain Panels and BLD-AR-Curtain Mullions, panel is held by mullion
08:57:34.175  +0389.134s  REVIEWED Clash242  in BLD-AR-Curtain Mullions-vs-BLD-AR-Curtain Panels  BLD-AR-Curtain Panels and BLD-AR-Curtain Mullions, panel is held by mullion
08:57:34.175  +0389.138s  REVIEWED Clash243  in BLD-AR-Curtain Mullions-vs-BLD-AR-Curtain Panels  BLD-AR-Curtain Panels and BLD-AR-Curtain Mullions, panel is held by mullion
08:57:34.187  +0389.143s  REVIEWED Clash244  in BLD-AR-Curtain Mullions-vs-BLD-AR-Curtain Panels  BLD-AR-Curtain Panels and BLD-AR-Curtain Mullions, panel is held by mullion
08:57:34.194  +0389.150s  REVIEWED Clash245  in BLD-AR-Curtain Mullions-vs-BLD-AR-Curtain Panels  BLD-AR-Curtain Panels and BLD-AR-Curtain Mullions, panel is held by mullion
08:57:34.209  +0389.166s  REVIEWED Clash246  in BLD-AR-Curtain Mullions-vs-BLD-AR-Curtain Panels  BLD-AR-Curtain Panels and BLD-AR-Curtain Mullions, panel is held by mullion
08:57:34.218  +0389.177s  REVIEWED Clash247  in BLD-AR-Curtain Mullions-vs-BLD-AR-Curtain Panels  BLD-AR-Curtain Panels and BLD-AR-Curtain Mullions, panel is held by mullion
08:57:34.227  +0389.185s  REVIEWED Clash248  in BLD-AR-Curtain Mullions-vs-BLD-AR-Curtain Panels  BLD-AR-Curtain Panels and BLD-AR-Curtain Mullions, panel is held by mullion
08:57:34.232  +0389.190s  REVIEWED Clash249  in BLD-AR-Curtain Mullions-vs-BLD-AR-Curtain Panels  BLD-AR-Curtain Panels and BLD-AR-Curtain Mullions, panel is held by mullion
08:57:34.243  +0389.198s  REVIEWED Clash250  in BLD-AR-Curtain Mullions-vs-BLD-AR-Curtain Panels  BLD-AR-Curtain Panels and BLD-AR-Curtain Mullions, panel is held by mullion
08:57:34.254  +0389.211s  REVIEWED Clash251  in BLD-AR-Curtain Mullions-vs-BLD-AR-Curtain Panels  BLD-AR-Curtain Panels and BLD-AR-Curtain Mullions, panel is held by mullion
08:57:34.265  +0389.222s  REVIEWED Clash252  in BLD-AR-Curtain Mullions-vs-BLD-AR-Curtain Panels  BLD-AR-Curtain Panels and BLD-AR-Curtain Mullions, panel is held by mullion
08:57:34.272  +0389.227s  REVIEWED Clash253  in BLD-AR-Curtain Mullions-vs-BLD-AR-Curtain Panels  BLD-AR-Curtain Panels and BLD-AR-Curtain Mullions, panel is held by mullion
08:57:34.275  +0389.232s  REVIEWED Clash254  in BLD-AR-Curtain Mullions-vs-BLD-AR-Curtain Panels  BLD-AR-Curtain Panels and BLD-AR-Curtain Mullions, panel is held by mullion
08:57:34.279  +0389.236s  REVIEWED Clash255  in BLD-AR-Curtain Mullions-vs-BLD-AR-Curtain Panels  BLD-AR-Curtain Panels and BLD-AR-Curtain Mullions, panel is held by mullion
08:57:34.283  +0389.240s  REVIEWED Clash256  in BLD-AR-Curtain Mullions-vs-BLD-AR-Curtain Panels  BLD-AR-Curtain Panels and BLD-AR-Curtain Mullions, panel is held by mullion
08:57:34.288  +0389.245s  REVIEWED Clash257  in BLD-AR-Curtain Mullions-vs-BLD-AR-Curtain Panels  BLD-AR-Curtain Panels and BLD-AR-Curtain Mullions, panel is held by mullion
08:57:34.293  +0389.250s  REVIEWED Clash258  in BLD-AR-Curtain Mullions-vs-BLD-AR-Curtain Panels  BLD-AR-Curtain Panels and BLD-AR-Curtain Mullions, panel is held by mullion
08:57:34.295  +0389.254s  REVIEWED Clash259  in BLD-AR-Curtain Mullions-vs-BLD-AR-Curtain Panels  BLD-AR-Curtain Panels and BLD-AR-Curtain Mullions, panel is held by mullion
08:57:34.301  +0389.261s  REVIEWED Clash260  in BLD-AR-Curtain Mullions-vs-BLD-AR-Curtain Panels  BLD-AR-Curtain Panels and BLD-AR-Curtain Mullions, panel is held by mullion
08:57:34.309  +0389.265s  REVIEWED Clash261  in BLD-AR-Curtain Mullions-vs-BLD-AR-Curtain Panels  BLD-AR-Curtain Panels and BLD-AR-Curtain Mullions, panel is held by mullion
08:57:34.314  +0389.270s  REVIEWED Clash262  in BLD-AR-Curtain Mullions-vs-BLD-AR-Curtain Panels  BLD-AR-Curtain Panels and BLD-AR-Curtain Mullions, panel is held by mullion
08:57:34.320  +0389.277s  REVIEWED Clash263  in BLD-AR-Curtain Mullions-vs-BLD-AR-Curtain Panels  BLD-AR-Curtain Panels and BLD-AR-Curtain Mullions, panel is held by mullion
08:57:34.320  +0389.284s  REVIEWED Clash264  in BLD-AR-Curtain Mullions-vs-BLD-AR-Curtain Panels  BLD-AR-Curtain Panels and BLD-AR-Curtain Mullions, panel is held by mullion
08:57:34.333  +0389.293s  REVIEWED Clash265  in BLD-AR-Curtain Mullions-vs-BLD-AR-Curtain Panels  BLD-AR-Curtain Panels and BLD-AR-Curtain Mullions, panel is held by mullion
08:57:34.344  +0389.303s  REVIEWED Clash266  in BLD-AR-Curtain Mullions-vs-BLD-AR-Curtain Panels  BLD-AR-Curtain Panels and BLD-AR-Curtain Mullions, panel is held by mullion
08:57:34.367  +0389.328s  REVIEWED Clash267  in BLD-AR-Curtain Mullions-vs-BLD-AR-Curtain Panels  BLD-AR-Curtain Panels and BLD-AR-Curtain Mullions, panel is held by mullion
08:57:34.381  +0389.336s  REVIEWED Clash268  in BLD-AR-Curtain Mullions-vs-BLD-AR-Curtain Panels  BLD-AR-Curtain Panels and BLD-AR-Curtain Mullions, panel is held by mullion
08:57:34.381  +0389.344s  REVIEWED Clash269  in BLD-AR-Curtain Mullions-vs-BLD-AR-Curtain Panels  BLD-AR-Curtain Panels and BLD-AR-Curtain Mullions, panel is held by mullion
08:57:34.393  +0389.351s  REVIEWED Clash270  in BLD-AR-Curtain Mullions-vs-BLD-AR-Curtain Panels  BLD-AR-Curtain Panels and BLD-AR-Curtain Mullions, panel is held by mullion
08:57:34.397  +0389.358s  REVIEWED Clash271  in BLD-AR-Curtain Mullions-vs-BLD-AR-Curtain Panels  BLD-AR-Curtain Panels and BLD-AR-Curtain Mullions, panel is held by mullion
08:57:34.409  +0389.365s  REVIEWED Clash272  in BLD-AR-Curtain Mullions-vs-BLD-AR-Curtain Panels  BLD-AR-Curtain Panels and BLD-AR-Curtain Mullions, panel is held by mullion
08:57:34.412  +0389.373s  REVIEWED Clash273  in BLD-AR-Curtain Mullions-vs-BLD-AR-Curtain Panels  BLD-AR-Curtain Panels and BLD-AR-Curtain Mullions, panel is held by mullion
08:57:34.418  +0389.380s  REVIEWED Clash274  in BLD-AR-Curtain Mullions-vs-BLD-AR-Curtain Panels  BLD-AR-Curtain Panels and BLD-AR-Curtain Mullions, panel is held by mullion
08:57:34.433  +0389.388s  REVIEWED Clash275  in BLD-AR-Curtain Mullions-vs-BLD-AR-Curtain Panels  BLD-AR-Curtain Panels and BLD-AR-Curtain Mullions, panel is held by mullion
08:57:34.436  +0389.396s  REVIEWED Clash276  in BLD-AR-Curtain Mullions-vs-BLD-AR-Curtain Panels  BLD-AR-Curtain Panels and BLD-AR-Curtain Mullions, panel is held by mullion
08:57:34.448  +0389.404s  REVIEWED Clash277  in BLD-AR-Curtain Mullions-vs-BLD-AR-Curtain Panels  BLD-AR-Curtain Panels and BLD-AR-Curtain Mullions, panel is held by mullion
08:57:34.455  +0389.411s  REVIEWED Clash278  in BLD-AR-Curtain Mullions-vs-BLD-AR-Curtain Panels  BLD-AR-Curtain Panels and BLD-AR-Curtain Mullions, panel is held by mullion
08:57:34.459  +0389.418s  REVIEWED Clash279  in BLD-AR-Curtain Mullions-vs-BLD-AR-Curtain Panels  BLD-AR-Curtain Panels and BLD-AR-Curtain Mullions, panel is held by mullion
08:57:34.459  +0389.425s  REVIEWED Clash280  in BLD-AR-Curtain Mullions-vs-BLD-AR-Curtain Panels  BLD-AR-Curtain Panels and BLD-AR-Curtain Mullions, panel is held by mullion
08:57:34.475  +0389.432s  REVIEWED Clash281  in BLD-AR-Curtain Mullions-vs-BLD-AR-Curtain Panels  BLD-AR-Curtain Panels and BLD-AR-Curtain Mullions, panel is held by mullion
08:57:34.475  +0389.439s  REVIEWED Clash282  in BLD-AR-Curtain Mullions-vs-BLD-AR-Curtain Panels  BLD-AR-Curtain Panels and BLD-AR-Curtain Mullions, panel is held by mullion
08:57:34.475  +0389.446s  REVIEWED Clash283  in BLD-AR-Curtain Mullions-vs-BLD-AR-Curtain Panels  BLD-AR-Curtain Panels and BLD-AR-Curtain Mullions, panel is held by mullion
08:57:34.496  +0389.457s  REVIEWED Clash284  in BLD-AR-Curtain Mullions-vs-BLD-AR-Curtain Panels  BLD-AR-Curtain Panels and BLD-AR-Curtain Mullions, panel is held by mullion
08:57:34.509  +0389.466s  REVIEWED Clash285  in BLD-AR-Curtain Mullions-vs-BLD-AR-Curtain Panels  BLD-AR-Curtain Panels and BLD-AR-Curtain Mullions, panel is held by mullion
08:57:34.519  +0389.475s  REVIEWED Clash286  in BLD-AR-Curtain Mullions-vs-BLD-AR-Curtain Panels  BLD-AR-Curtain Panels and BLD-AR-Curtain Mullions, panel is held by mullion
08:57:34.523  +0389.488s  REVIEWED Clash287  in BLD-AR-Curtain Mullions-vs-BLD-AR-Curtain Panels  BLD-AR-Curtain Panels and BLD-AR-Curtain Mullions, panel is held by mullion
08:57:34.557  +0389.513s  REVIEWED Clash288  in BLD-AR-Curtain Mullions-vs-BLD-AR-Curtain Panels  BLD-AR-Curtain Panels and BLD-AR-Curtain Mullions, panel is held by mullion
08:57:34.564  +0389.520s  REVIEWED Clash289  in BLD-AR-Curtain Mullions-vs-BLD-AR-Curtain Panels  BLD-AR-Curtain Panels and BLD-AR-Curtain Mullions, panel is held by mullion
08:57:34.570  +0389.527s  REVIEWED Clash290  in BLD-AR-Curtain Mullions-vs-BLD-AR-Curtain Panels  BLD-AR-Curtain Panels and BLD-AR-Curtain Mullions, panel is held by mullion
08:57:34.570  +0389.533s  REVIEWED Clash291  in BLD-AR-Curtain Mullions-vs-BLD-AR-Curtain Panels  BLD-AR-Curtain Panels and BLD-AR-Curtain Mullions, panel is held by mullion
08:57:34.570  +0389.540s  REVIEWED Clash292  in BLD-AR-Curtain Mullions-vs-BLD-AR-Curtain Panels  BLD-AR-Curtain Panels and BLD-AR-Curtain Mullions, panel is held by mullion
08:57:34.593  +0389.549s  REVIEWED Clash293  in BLD-AR-Curtain Mullions-vs-BLD-AR-Curtain Panels  BLD-AR-Curtain Panels and BLD-AR-Curtain Mullions, panel is held by mullion
08:57:34.593  +0389.556s  REVIEWED Clash294  in BLD-AR-Curtain Mullions-vs-BLD-AR-Curtain Panels  BLD-AR-Curtain Panels and BLD-AR-Curtain Mullions, panel is held by mullion
08:57:34.606  +0389.564s  REVIEWED Clash295  in BLD-AR-Curtain Mullions-vs-BLD-AR-Curtain Panels  BLD-AR-Curtain Panels and BLD-AR-Curtain Mullions, panel is held by mullion
08:57:34.612  +0389.571s  REVIEWED Clash296  in BLD-AR-Curtain Mullions-vs-BLD-AR-Curtain Panels  BLD-AR-Curtain Panels and BLD-AR-Curtain Mullions, panel is held by mullion
08:57:34.619  +0389.579s  REVIEWED Clash297  in BLD-AR-Curtain Mullions-vs-BLD-AR-Curtain Panels  BLD-AR-Curtain Panels and BLD-AR-Curtain Mullions, panel is held by mullion
08:57:34.619  +0389.586s  REVIEWED Clash298  in BLD-AR-Curtain Mullions-vs-BLD-AR-Curtain Panels  BLD-AR-Curtain Panels and BLD-AR-Curtain Mullions, panel is held by mullion
08:57:34.639  +0389.594s  REVIEWED Clash299  in BLD-AR-Curtain Mullions-vs-BLD-AR-Curtain Panels  BLD-AR-Curtain Panels and BLD-AR-Curtain Mullions, panel is held by mullion
08:57:34.644  +0389.602s  REVIEWED Clash300  in BLD-AR-Curtain Mullions-vs-BLD-AR-Curtain Panels  BLD-AR-Curtain Panels and BLD-AR-Curtain Mullions, panel is held by mullion
08:57:34.650  +0389.609s  REVIEWED Clash301  in BLD-AR-Curtain Mullions-vs-BLD-AR-Curtain Panels  BLD-AR-Curtain Panels and BLD-AR-Curtain Mullions, panel is held by mullion
08:57:34.660  +0389.616s  REVIEWED Clash302  in BLD-AR-Curtain Mullions-vs-BLD-AR-Curtain Panels  BLD-AR-Curtain Panels and BLD-AR-Curtain Mullions, panel is held by mullion
08:57:34.666  +0389.623s  REVIEWED Clash303  in BLD-AR-Curtain Mullions-vs-BLD-AR-Curtain Panels  BLD-AR-Curtain Panels and BLD-AR-Curtain Mullions, panel is held by mullion
08:57:34.666  +0389.631s  REVIEWED Clash304  in BLD-AR-Curtain Mullions-vs-BLD-AR-Curtain Panels  BLD-AR-Curtain Panels and BLD-AR-Curtain Mullions, panel is held by mullion
08:57:34.685  +0389.640s  REVIEWED Clash305  in BLD-AR-Curtain Mullions-vs-BLD-AR-Curtain Panels  BLD-AR-Curtain Panels and BLD-AR-Curtain Mullions, panel is held by mullion
08:57:34.694  +0389.650s  REVIEWED Clash306  in BLD-AR-Curtain Mullions-vs-BLD-AR-Curtain Panels  BLD-AR-Curtain Panels and BLD-AR-Curtain Mullions, panel is held by mullion
08:57:34.698  +0389.660s  REVIEWED Clash307  in BLD-AR-Curtain Mullions-vs-BLD-AR-Curtain Panels  BLD-AR-Curtain Panels and BLD-AR-Curtain Mullions, panel is held by mullion
08:57:34.713  +0389.674s  REVIEWED Clash308  in BLD-AR-Curtain Mullions-vs-BLD-AR-Curtain Panels  BLD-AR-Curtain Panels and BLD-AR-Curtain Mullions, panel is held by mullion
08:57:34.719  +0389.684s  REVIEWED Clash309  in BLD-AR-Curtain Mullions-vs-BLD-AR-Curtain Panels  BLD-AR-Curtain Panels and BLD-AR-Curtain Mullions, panel is held by mullion
08:57:34.729  +0389.692s  REVIEWED Clash310  in BLD-AR-Curtain Mullions-vs-BLD-AR-Curtain Panels  BLD-AR-Curtain Panels and BLD-AR-Curtain Mullions, panel is held by mullion
08:57:34.746  +0389.701s  REVIEWED Clash311  in BLD-AR-Curtain Mullions-vs-BLD-AR-Curtain Panels  BLD-AR-Curtain Panels and BLD-AR-Curtain Mullions, panel is held by mullion
08:57:34.746  +0389.706s  REVIEWED Clash312  in BLD-AR-Curtain Mullions-vs-BLD-AR-Curtain Panels  BLD-AR-Curtain Panels and BLD-AR-Curtain Mullions, panel is held by mullion
08:57:34.746  +0389.710s  REVIEWED Clash313  in BLD-AR-Curtain Mullions-vs-BLD-AR-Curtain Panels  BLD-AR-Curtain Panels and BLD-AR-Curtain Mullions, panel is held by mullion
08:57:34.758  +0389.715s  REVIEWED Clash314  in BLD-AR-Curtain Mullions-vs-BLD-AR-Curtain Panels  BLD-AR-Curtain Panels and BLD-AR-Curtain Mullions, panel is held by mullion
08:57:34.761  +0389.722s  REVIEWED Clash315  in BLD-AR-Curtain Mullions-vs-BLD-AR-Curtain Panels  BLD-AR-Curtain Panels and BLD-AR-Curtain Mullions, panel is held by mullion
08:57:34.777  +0389.733s  REVIEWED Clash316  in BLD-AR-Curtain Mullions-vs-BLD-AR-Curtain Panels  BLD-AR-Curtain Panels and BLD-AR-Curtain Mullions, panel is held by mullion
08:57:34.783  +0389.738s  REVIEWED Clash317  in BLD-AR-Curtain Mullions-vs-BLD-AR-Curtain Panels  BLD-AR-Curtain Panels and BLD-AR-Curtain Mullions, panel is held by mullion
08:57:34.785  +0389.742s  REVIEWED Clash318  in BLD-AR-Curtain Mullions-vs-BLD-AR-Curtain Panels  BLD-AR-Curtain Panels and BLD-AR-Curtain Mullions, panel is held by mullion
08:57:34.790  +0389.747s  REVIEWED Clash319  in BLD-AR-Curtain Mullions-vs-BLD-AR-Curtain Panels  BLD-AR-Curtain Panels and BLD-AR-Curtain Mullions, panel is held by mullion
08:57:34.793  +0389.756s  REVIEWED Clash320  in BLD-AR-Curtain Mullions-vs-BLD-AR-Curtain Panels  BLD-AR-Curtain Panels and BLD-AR-Curtain Mullions, panel is held by mullion
08:57:34.804  +0389.761s  REVIEWED Clash321  in BLD-AR-Curtain Mullions-vs-BLD-AR-Curtain Panels  BLD-AR-Curtain Panels and BLD-AR-Curtain Mullions, panel is held by mullion
08:57:34.810  +0389.767s  REVIEWED Clash322  in BLD-AR-Curtain Mullions-vs-BLD-AR-Curtain Panels  BLD-AR-Curtain Panels and BLD-AR-Curtain Mullions, panel is held by mullion
08:57:34.810  +0389.772s  REVIEWED Clash323  in BLD-AR-Curtain Mullions-vs-BLD-AR-Curtain Panels  BLD-AR-Curtain Panels and BLD-AR-Curtain Mullions, panel is held by mullion
08:57:34.821  +0389.777s  REVIEWED Clash324  in BLD-AR-Curtain Mullions-vs-BLD-AR-Curtain Panels  BLD-AR-Curtain Panels and BLD-AR-Curtain Mullions, panel is held by mullion
08:57:34.825  +0389.781s  REVIEWED Clash325  in BLD-AR-Curtain Mullions-vs-BLD-AR-Curtain Panels  BLD-AR-Curtain Panels and BLD-AR-Curtain Mullions, panel is held by mullion
08:57:34.831  +0389.787s  REVIEWED Clash326  in BLD-AR-Curtain Mullions-vs-BLD-AR-Curtain Panels  BLD-AR-Curtain Panels and BLD-AR-Curtain Mullions, panel is held by mullion
08:57:34.836  +0389.792s  REVIEWED Clash327  in BLD-AR-Curtain Mullions-vs-BLD-AR-Curtain Panels  BLD-AR-Curtain Panels and BLD-AR-Curtain Mullions, panel is held by mullion
08:57:34.841  +0389.797s  REVIEWED Clash328  in BLD-AR-Curtain Mullions-vs-BLD-AR-Curtain Panels  BLD-AR-Curtain Panels and BLD-AR-Curtain Mullions, panel is held by mullion
08:57:34.848  +0389.806s  REVIEWED Clash329  in BLD-AR-Curtain Mullions-vs-BLD-AR-Curtain Panels  BLD-AR-Curtain Panels and BLD-AR-Curtain Mullions, panel is held by mullion
08:57:34.857  +0389.818s  REVIEWED Clash330  in BLD-AR-Curtain Mullions-vs-BLD-AR-Curtain Panels  BLD-AR-Curtain Panels and BLD-AR-Curtain Mullions, panel is held by mullion
08:57:34.868  +0389.823s  REVIEWED Clash331  in BLD-AR-Curtain Mullions-vs-BLD-AR-Curtain Panels  BLD-AR-Curtain Panels and BLD-AR-Curtain Mullions, panel is held by mullion
08:57:34.871  +0389.828s  REVIEWED Clash332  in BLD-AR-Curtain Mullions-vs-BLD-AR-Curtain Panels  BLD-AR-Curtain Panels and BLD-AR-Curtain Mullions, panel is held by mullion
08:57:34.876  +0389.833s  REVIEWED Clash333  in BLD-AR-Curtain Mullions-vs-BLD-AR-Curtain Panels  BLD-AR-Curtain Panels and BLD-AR-Curtain Mullions, panel is held by mullion
08:57:34.880  +0389.837s  REVIEWED Clash334  in BLD-AR-Curtain Mullions-vs-BLD-AR-Curtain Panels  BLD-AR-Curtain Panels and BLD-AR-Curtain Mullions, panel is held by mullion
08:57:34.885  +0389.842s  REVIEWED Clash335  in BLD-AR-Curtain Mullions-vs-BLD-AR-Curtain Panels  BLD-AR-Curtain Panels and BLD-AR-Curtain Mullions, panel is held by mullion
08:57:34.889  +0389.847s  REVIEWED Clash336  in BLD-AR-Curtain Mullions-vs-BLD-AR-Curtain Panels  BLD-AR-Curtain Panels and BLD-AR-Curtain Mullions, panel is held by mullion
08:57:34.895  +0389.851s  REVIEWED Clash337  in BLD-AR-Curtain Mullions-vs-BLD-AR-Curtain Panels  BLD-AR-Curtain Panels and BLD-AR-Curtain Mullions, panel is held by mullion
08:57:34.901  +0389.856s  REVIEWED Clash338  in BLD-AR-Curtain Mullions-vs-BLD-AR-Curtain Panels  BLD-AR-Curtain Panels and BLD-AR-Curtain Mullions, panel is held by mullion
08:57:34.904  +0389.861s  REVIEWED Clash339  in BLD-AR-Curtain Mullions-vs-BLD-AR-Curtain Panels  BLD-AR-Curtain Panels and BLD-AR-Curtain Mullions, panel is held by mullion
08:57:34.906  +0389.865s  REVIEWED Clash340  in BLD-AR-Curtain Mullions-vs-BLD-AR-Curtain Panels  BLD-AR-Curtain Panels and BLD-AR-Curtain Mullions, panel is held by mullion
08:57:34.910  +0389.870s  REVIEWED Clash341  in BLD-AR-Curtain Mullions-vs-BLD-AR-Curtain Panels  BLD-AR-Curtain Panels and BLD-AR-Curtain Mullions, panel is held by mullion
08:57:34.915  +0389.874s  REVIEWED Clash342  in BLD-AR-Curtain Mullions-vs-BLD-AR-Curtain Panels  BLD-AR-Curtain Panels and BLD-AR-Curtain Mullions, panel is held by mullion
08:57:34.922  +0389.879s  REVIEWED Clash343  in BLD-AR-Curtain Mullions-vs-BLD-AR-Curtain Panels  BLD-AR-Curtain Panels and BLD-AR-Curtain Mullions, panel is held by mullion
08:57:34.922  +0389.883s  REVIEWED Clash344  in BLD-AR-Curtain Mullions-vs-BLD-AR-Curtain Panels  BLD-AR-Curtain Panels and BLD-AR-Curtain Mullions, panel is held by mullion
08:57:34.922  +0389.888s  REVIEWED Clash345  in BLD-AR-Curtain Mullions-vs-BLD-AR-Curtain Panels  BLD-AR-Curtain Panels and BLD-AR-Curtain Mullions, panel is held by mullion
08:57:34.938  +0389.894s  REVIEWED Clash346  in BLD-AR-Curtain Mullions-vs-BLD-AR-Curtain Panels  BLD-AR-Curtain Panels and BLD-AR-Curtain Mullions, panel is held by mullion
08:57:34.945  +0389.901s  REVIEWED Clash347  in BLD-AR-Curtain Mullions-vs-BLD-AR-Curtain Panels  BLD-AR-Curtain Panels and BLD-AR-Curtain Mullions, panel is held by mullion
08:57:34.968  +0389.924s  REVIEWED Clash348  in BLD-AR-Curtain Mullions-vs-BLD-AR-Curtain Panels  BLD-AR-Curtain Panels and BLD-AR-Curtain Mullions, panel is held by mullion
08:57:34.978  +0389.939s  REVIEWED Clash349  in BLD-AR-Curtain Mullions-vs-BLD-AR-Curtain Panels  BLD-AR-Curtain Panels and BLD-AR-Curtain Mullions, panel is held by mullion
08:57:34.987  +0389.944s  REVIEWED Clash350  in BLD-AR-Curtain Mullions-vs-BLD-AR-Curtain Panels  BLD-AR-Curtain Panels and BLD-AR-Curtain Mullions, panel is held by mullion
08:57:34.993  +0389.948s  REVIEWED Clash351  in BLD-AR-Curtain Mullions-vs-BLD-AR-Curtain Panels  BLD-AR-Curtain Panels and BLD-AR-Curtain Mullions, panel is held by mullion
08:57:34.996  +0389.953s  REVIEWED Clash352  in BLD-AR-Curtain Mullions-vs-BLD-AR-Curtain Panels  BLD-AR-Curtain Panels and BLD-AR-Curtain Mullions, panel is held by mullion
08:57:35.002  +0389.958s  REVIEWED Clash353  in BLD-AR-Curtain Mullions-vs-BLD-AR-Curtain Panels  BLD-AR-Curtain Panels and BLD-AR-Curtain Mullions, panel is held by mullion
08:57:35.002  +0389.962s  REVIEWED Clash354  in BLD-AR-Curtain Mullions-vs-BLD-AR-Curtain Panels  BLD-AR-Curtain Panels and BLD-AR-Curtain Mullions, panel is held by mullion
08:57:35.010  +0389.967s  REVIEWED Clash355  in BLD-AR-Curtain Mullions-vs-BLD-AR-Curtain Panels  BLD-AR-Curtain Panels and BLD-AR-Curtain Mullions, panel is held by mullion
08:57:35.015  +0389.971s  REVIEWED Clash356  in BLD-AR-Curtain Mullions-vs-BLD-AR-Curtain Panels  BLD-AR-Curtain Panels and BLD-AR-Curtain Mullions, panel is held by mullion
08:57:35.021  +0389.976s  REVIEWED Clash357  in BLD-AR-Curtain Mullions-vs-BLD-AR-Curtain Panels  BLD-AR-Curtain Panels and BLD-AR-Curtain Mullions, panel is held by mullion
08:57:35.021  +0389.981s  REVIEWED Clash358  in BLD-AR-Curtain Mullions-vs-BLD-AR-Curtain Panels  BLD-AR-Curtain Panels and BLD-AR-Curtain Mullions, panel is held by mullion
08:57:35.021  +0389.985s  REVIEWED Clash359  in BLD-AR-Curtain Mullions-vs-BLD-AR-Curtain Panels  BLD-AR-Curtain Panels and BLD-AR-Curtain Mullions, panel is held by mullion
08:57:35.034  +0389.990s  REVIEWED Clash360  in BLD-AR-Curtain Mullions-vs-BLD-AR-Curtain Panels  BLD-AR-Curtain Panels and BLD-AR-Curtain Mullions, panel is held by mullion
08:57:35.039  +0389.995s  REVIEWED Clash361  in BLD-AR-Curtain Mullions-vs-BLD-AR-Curtain Panels  BLD-AR-Curtain Panels and BLD-AR-Curtain Mullions, panel is held by mullion
08:57:35.044  +0389.999s  REVIEWED Clash362  in BLD-AR-Curtain Mullions-vs-BLD-AR-Curtain Panels  BLD-AR-Curtain Panels and BLD-AR-Curtain Mullions, panel is held by mullion
08:57:35.048  +0390.004s  REVIEWED Clash363  in BLD-AR-Curtain Mullions-vs-BLD-AR-Curtain Panels  BLD-AR-Curtain Panels and BLD-AR-Curtain Mullions, panel is held by mullion
08:57:35.048  +0390.009s  REVIEWED Clash364  in BLD-AR-Curtain Mullions-vs-BLD-AR-Curtain Panels  BLD-AR-Curtain Panels and BLD-AR-Curtain Mullions, panel is held by mullion
08:57:35.058  +0390.014s  REVIEWED Clash365  in BLD-AR-Curtain Mullions-vs-BLD-AR-Curtain Panels  BLD-AR-Curtain Panels and BLD-AR-Curtain Mullions, panel is held by mullion
08:57:35.063  +0390.019s  REVIEWED Clash366  in BLD-AR-Curtain Mullions-vs-BLD-AR-Curtain Panels  BLD-AR-Curtain Panels and BLD-AR-Curtain Mullions, panel is held by mullion
08:57:35.096  +0390.051s  REVIEWED Clash367  in BLD-AR-Curtain Mullions-vs-BLD-AR-Curtain Panels  BLD-AR-Curtain Panels and BLD-AR-Curtain Mullions, panel is held by mullion
08:57:35.101  +0390.057s  REVIEWED Clash368  in BLD-AR-Curtain Mullions-vs-BLD-AR-Curtain Panels  BLD-AR-Curtain Panels and BLD-AR-Curtain Mullions, panel is held by mullion
08:57:35.106  +0390.061s  REVIEWED Clash369  in BLD-AR-Curtain Mullions-vs-BLD-AR-Curtain Panels  BLD-AR-Curtain Panels and BLD-AR-Curtain Mullions, panel is held by mullion
08:57:35.110  +0390.066s  REVIEWED Clash370  in BLD-AR-Curtain Mullions-vs-BLD-AR-Curtain Panels  BLD-AR-Curtain Panels and BLD-AR-Curtain Mullions, panel is held by mullion
08:57:35.111  +0390.070s  REVIEWED Clash371  in BLD-AR-Curtain Mullions-vs-BLD-AR-Curtain Panels  BLD-AR-Curtain Panels and BLD-AR-Curtain Mullions, panel is held by mullion
08:57:35.120  +0390.075s  REVIEWED Clash372  in BLD-AR-Curtain Mullions-vs-BLD-AR-Curtain Panels  BLD-AR-Curtain Panels and BLD-AR-Curtain Mullions, panel is held by mullion
08:57:35.123  +0390.080s  REVIEWED Clash373  in BLD-AR-Curtain Mullions-vs-BLD-AR-Curtain Panels  BLD-AR-Curtain Panels and BLD-AR-Curtain Mullions, panel is held by mullion
08:57:35.129  +0390.084s  REVIEWED Clash374  in BLD-AR-Curtain Mullions-vs-BLD-AR-Curtain Panels  BLD-AR-Curtain Panels and BLD-AR-Curtain Mullions, panel is held by mullion
08:57:35.134  +0390.089s  REVIEWED Clash375  in BLD-AR-Curtain Mullions-vs-BLD-AR-Curtain Panels  BLD-AR-Curtain Panels and BLD-AR-Curtain Mullions, panel is held by mullion
08:57:35.138  +0390.094s  REVIEWED Clash376  in BLD-AR-Curtain Mullions-vs-BLD-AR-Curtain Panels  BLD-AR-Curtain Panels and BLD-AR-Curtain Mullions, panel is held by mullion
08:57:35.138  +0390.098s  REVIEWED Clash377  in BLD-AR-Curtain Mullions-vs-BLD-AR-Curtain Panels  BLD-AR-Curtain Panels and BLD-AR-Curtain Mullions, panel is held by mullion
08:57:35.145  +0390.103s  REVIEWED Clash378  in BLD-AR-Curtain Mullions-vs-BLD-AR-Curtain Panels  BLD-AR-Curtain Panels and BLD-AR-Curtain Mullions, panel is held by mullion
08:57:35.145  +0390.108s  REVIEWED Clash379  in BLD-AR-Curtain Mullions-vs-BLD-AR-Curtain Panels  BLD-AR-Curtain Panels and BLD-AR-Curtain Mullions, panel is held by mullion
08:57:35.145  +0390.112s  REVIEWED Clash380  in BLD-AR-Curtain Mullions-vs-BLD-AR-Curtain Panels  BLD-AR-Curtain Panels and BLD-AR-Curtain Mullions, panel is held by mullion
08:57:35.160  +0390.120s  REVIEWED Clash381  in BLD-AR-Curtain Mullions-vs-BLD-AR-Curtain Panels  BLD-AR-Curtain Panels and BLD-AR-Curtain Mullions, panel is held by mullion
08:57:35.160  +0390.127s  REVIEWED Clash382  in BLD-AR-Curtain Mullions-vs-BLD-AR-Curtain Panels  BLD-AR-Curtain Panels and BLD-AR-Curtain Mullions, panel is held by mullion
08:57:35.176  +0390.135s  REVIEWED Clash383  in BLD-AR-Curtain Mullions-vs-BLD-AR-Curtain Panels  BLD-AR-Curtain Panels and BLD-AR-Curtain Mullions, panel is held by mullion
08:57:35.183  +0390.144s  REVIEWED Clash384  in BLD-AR-Curtain Mullions-vs-BLD-AR-Curtain Panels  BLD-AR-Curtain Panels and BLD-AR-Curtain Mullions, panel is held by mullion
08:57:35.194  +0390.156s  REVIEWED Clash385  in BLD-AR-Curtain Mullions-vs-BLD-AR-Curtain Panels  BLD-AR-Curtain Panels and BLD-AR-Curtain Mullions, panel is held by mullion
08:57:35.210  +0390.168s  REVIEWED Clash386  in BLD-AR-Curtain Mullions-vs-BLD-AR-Curtain Panels  BLD-AR-Curtain Panels and BLD-AR-Curtain Mullions, panel is held by mullion
08:57:35.221  +0390.178s  REVIEWED Clash387  in BLD-AR-Curtain Mullions-vs-BLD-AR-Curtain Panels  BLD-AR-Curtain Panels and BLD-AR-Curtain Mullions, panel is held by mullion
08:57:35.226  +0390.184s  REVIEWED Clash388  in BLD-AR-Curtain Mullions-vs-BLD-AR-Curtain Panels  BLD-AR-Curtain Panels and BLD-AR-Curtain Mullions, panel is held by mullion
08:57:35.233  +0390.188s  REVIEWED Clash389  in BLD-AR-Curtain Mullions-vs-BLD-AR-Curtain Panels  BLD-AR-Curtain Panels and BLD-AR-Curtain Mullions, panel is held by mullion
08:57:35.233  +0390.193s  REVIEWED Clash390  in BLD-AR-Curtain Mullions-vs-BLD-AR-Curtain Panels  BLD-AR-Curtain Panels and BLD-AR-Curtain Mullions, panel is held by mullion
08:57:35.242  +0390.198s  REVIEWED Clash391  in BLD-AR-Curtain Mullions-vs-BLD-AR-Curtain Panels  BLD-AR-Curtain Panels and BLD-AR-Curtain Mullions, panel is held by mullion
08:57:35.247  +0390.202s  REVIEWED Clash392  in BLD-AR-Curtain Mullions-vs-BLD-AR-Curtain Panels  BLD-AR-Curtain Panels and BLD-AR-Curtain Mullions, panel is held by mullion
08:57:35.247  +0390.207s  REVIEWED Clash393  in BLD-AR-Curtain Mullions-vs-BLD-AR-Curtain Panels  BLD-AR-Curtain Panels and BLD-AR-Curtain Mullions, panel is held by mullion
08:57:35.256  +0390.212s  REVIEWED Clash394  in BLD-AR-Curtain Mullions-vs-BLD-AR-Curtain Panels  BLD-AR-Curtain Panels and BLD-AR-Curtain Mullions, panel is held by mullion
08:57:35.261  +0390.217s  REVIEWED Clash395  in BLD-AR-Curtain Mullions-vs-BLD-AR-Curtain Panels  BLD-AR-Curtain Panels and BLD-AR-Curtain Mullions, panel is held by mullion
08:57:35.265  +0390.222s  REVIEWED Clash396  in BLD-AR-Curtain Mullions-vs-BLD-AR-Curtain Panels  BLD-AR-Curtain Panels and BLD-AR-Curtain Mullions, panel is held by mullion
08:57:35.271  +0390.227s  REVIEWED Clash397  in BLD-AR-Curtain Mullions-vs-BLD-AR-Curtain Panels  BLD-AR-Curtain Panels and BLD-AR-Curtain Mullions, panel is held by mullion
08:57:35.276  +0390.231s  REVIEWED Clash398  in BLD-AR-Curtain Mullions-vs-BLD-AR-Curtain Panels  BLD-AR-Curtain Panels and BLD-AR-Curtain Mullions, panel is held by mullion
08:57:35.281  +0390.236s  REVIEWED Clash399  in BLD-AR-Curtain Mullions-vs-BLD-AR-Curtain Panels  BLD-AR-Curtain Panels and BLD-AR-Curtain Mullions, panel is held by mullion
08:57:35.285  +0390.240s  REVIEWED Clash400  in BLD-AR-Curtain Mullions-vs-BLD-AR-Curtain Panels  BLD-AR-Curtain Panels and BLD-AR-Curtain Mullions, panel is held by mullion
08:57:35.289  +0390.245s  REVIEWED Clash401  in BLD-AR-Curtain Mullions-vs-BLD-AR-Curtain Panels  BLD-AR-Curtain Panels and BLD-AR-Curtain Mullions, panel is held by mullion
08:57:35.295  +0390.251s  REVIEWED Clash402  in BLD-AR-Curtain Mullions-vs-BLD-AR-Curtain Panels  BLD-AR-Curtain Panels and BLD-AR-Curtain Mullions, panel is held by mullion
08:57:35.299  +0390.255s  REVIEWED Clash403  in BLD-AR-Curtain Mullions-vs-BLD-AR-Curtain Panels  BLD-AR-Curtain Panels and BLD-AR-Curtain Mullions, panel is held by mullion
08:57:35.304  +0390.262s  REVIEWED Clash404  in BLD-AR-Curtain Mullions-vs-BLD-AR-Curtain Panels  BLD-AR-Curtain Panels and BLD-AR-Curtain Mullions, panel is held by mullion
08:57:35.322  +0390.280s  REVIEWED Clash405  in BLD-AR-Curtain Mullions-vs-BLD-AR-Curtain Panels  BLD-AR-Curtain Panels and BLD-AR-Curtain Mullions, panel is held by mullion
08:57:35.335  +0390.292s  REVIEWED Clash406  in BLD-AR-Curtain Mullions-vs-BLD-AR-Curtain Panels  BLD-AR-Curtain Panels and BLD-AR-Curtain Mullions, panel is held by mullion
08:57:35.340  +0390.297s  REVIEWED Clash407  in BLD-AR-Curtain Mullions-vs-BLD-AR-Curtain Panels  BLD-AR-Curtain Panels and BLD-AR-Curtain Mullions, panel is held by mullion
08:57:35.345  +0390.302s  REVIEWED Clash408  in BLD-AR-Curtain Mullions-vs-BLD-AR-Curtain Panels  BLD-AR-Curtain Panels and BLD-AR-Curtain Mullions, panel is held by mullion
08:57:35.351  +0390.307s  REVIEWED Clash409  in BLD-AR-Curtain Mullions-vs-BLD-AR-Curtain Panels  BLD-AR-Curtain Panels and BLD-AR-Curtain Mullions, panel is held by mullion
08:57:35.356  +0390.311s  REVIEWED Clash410  in BLD-AR-Curtain Mullions-vs-BLD-AR-Curtain Panels  BLD-AR-Curtain Panels and BLD-AR-Curtain Mullions, panel is held by mullion
08:57:35.361  +0390.316s  REVIEWED Clash411  in BLD-AR-Curtain Mullions-vs-BLD-AR-Curtain Panels  BLD-AR-Curtain Panels and BLD-AR-Curtain Mullions, panel is held by mullion
08:57:35.364  +0390.321s  REVIEWED Clash412  in BLD-AR-Curtain Mullions-vs-BLD-AR-Curtain Panels  BLD-AR-Curtain Panels and BLD-AR-Curtain Mullions, panel is held by mullion
08:57:35.367  +0390.329s  REVIEWED Clash413  in BLD-AR-Curtain Mullions-vs-BLD-AR-Curtain Panels  BLD-AR-Curtain Panels and BLD-AR-Curtain Mullions, panel is held by mullion
08:57:35.379  +0390.334s  REVIEWED Clash414  in BLD-AR-Curtain Mullions-vs-BLD-AR-Curtain Panels  BLD-AR-Curtain Panels and BLD-AR-Curtain Mullions, panel is held by mullion
08:57:35.382  +0390.343s  REVIEWED Clash415  in BLD-AR-Curtain Mullions-vs-BLD-AR-Curtain Panels  BLD-AR-Curtain Panels and BLD-AR-Curtain Mullions, panel is held by mullion
08:57:35.399  +0390.355s  REVIEWED Clash416  in BLD-AR-Curtain Mullions-vs-BLD-AR-Curtain Panels  BLD-AR-Curtain Panels and BLD-AR-Curtain Mullions, panel is held by mullion
08:57:35.399  +0390.364s  REVIEWED Clash417  in BLD-AR-Curtain Mullions-vs-BLD-AR-Curtain Panels  BLD-AR-Curtain Panels and BLD-AR-Curtain Mullions, panel is held by mullion
08:57:35.414  +0390.373s  REVIEWED Clash418  in BLD-AR-Curtain Mullions-vs-BLD-AR-Curtain Panels  BLD-AR-Curtain Panels and BLD-AR-Curtain Mullions, panel is held by mullion
08:57:35.423  +0390.378s  REVIEWED Clash419  in BLD-AR-Curtain Mullions-vs-BLD-AR-Curtain Panels  BLD-AR-Curtain Panels and BLD-AR-Curtain Mullions, panel is held by mullion
08:57:35.423  +0390.383s  REVIEWED Clash420  in BLD-AR-Curtain Mullions-vs-BLD-AR-Curtain Panels  BLD-AR-Curtain Panels and BLD-AR-Curtain Mullions, panel is held by mullion
08:57:35.432  +0390.388s  REVIEWED Clash421  in BLD-AR-Curtain Mullions-vs-BLD-AR-Curtain Panels  BLD-AR-Curtain Panels and BLD-AR-Curtain Mullions, panel is held by mullion
08:57:35.436  +0390.393s  REVIEWED Clash422  in BLD-AR-Curtain Mullions-vs-BLD-AR-Curtain Panels  BLD-AR-Curtain Panels and BLD-AR-Curtain Mullions, panel is held by mullion
08:57:35.443  +0390.398s  REVIEWED Clash423  in BLD-AR-Curtain Mullions-vs-BLD-AR-Curtain Panels  BLD-AR-Curtain Panels and BLD-AR-Curtain Mullions, panel is held by mullion
08:57:35.449  +0390.406s  REVIEWED Clash424  in BLD-AR-Curtain Mullions-vs-BLD-AR-Curtain Panels  BLD-AR-Curtain Panels and BLD-AR-Curtain Mullions, panel is held by mullion
08:57:35.462  +0390.418s  REVIEWED Clash425  in BLD-AR-Curtain Mullions-vs-BLD-AR-Curtain Panels  BLD-AR-Curtain Panels and BLD-AR-Curtain Mullions, panel is held by mullion
08:57:35.466  +0390.426s  REVIEWED Clash426  in BLD-AR-Curtain Mullions-vs-BLD-AR-Curtain Panels  BLD-AR-Curtain Panels and BLD-AR-Curtain Mullions, panel is held by mullion
08:57:35.476  +0390.431s  REVIEWED Clash427  in BLD-AR-Curtain Mullions-vs-BLD-AR-Curtain Panels  BLD-AR-Curtain Panels and BLD-AR-Curtain Mullions, panel is held by mullion
08:57:35.480  +0390.436s  REVIEWED Clash428  in BLD-AR-Curtain Mullions-vs-BLD-AR-Curtain Panels  BLD-AR-Curtain Panels and BLD-AR-Curtain Mullions, panel is held by mullion
08:57:35.485  +0390.441s  REVIEWED Clash429  in BLD-AR-Curtain Mullions-vs-BLD-AR-Curtain Panels  BLD-AR-Curtain Panels and BLD-AR-Curtain Mullions, panel is held by mullion
08:57:35.490  +0390.445s  REVIEWED Clash430  in BLD-AR-Curtain Mullions-vs-BLD-AR-Curtain Panels  BLD-AR-Curtain Panels and BLD-AR-Curtain Mullions, panel is held by mullion
08:57:35.495  +0390.450s  REVIEWED Clash431  in BLD-AR-Curtain Mullions-vs-BLD-AR-Curtain Panels  BLD-AR-Curtain Panels and BLD-AR-Curtain Mullions, panel is held by mullion
08:57:35.495  +0390.455s  REVIEWED Clash432  in BLD-AR-Curtain Mullions-vs-BLD-AR-Curtain Panels  BLD-AR-Curtain Panels and BLD-AR-Curtain Mullions, panel is held by mullion
08:57:35.504  +0390.460s  REVIEWED Clash433  in BLD-AR-Curtain Mullions-vs-BLD-AR-Curtain Panels  BLD-AR-Curtain Panels and BLD-AR-Curtain Mullions, panel is held by mullion
08:57:35.504  +0390.464s  REVIEWED Clash434  in BLD-AR-Curtain Mullions-vs-BLD-AR-Curtain Panels  BLD-AR-Curtain Panels and BLD-AR-Curtain Mullions, panel is held by mullion
08:57:35.511  +0390.469s  REVIEWED Clash435  in BLD-AR-Curtain Mullions-vs-BLD-AR-Curtain Panels  BLD-AR-Curtain Panels and BLD-AR-Curtain Mullions, panel is held by mullion
08:57:35.518  +0390.474s  REVIEWED Clash436  in BLD-AR-Curtain Mullions-vs-BLD-AR-Curtain Panels  BLD-AR-Curtain Panels and BLD-AR-Curtain Mullions, panel is held by mullion
08:57:35.523  +0390.479s  REVIEWED Clash437  in BLD-AR-Curtain Mullions-vs-BLD-AR-Curtain Panels  BLD-AR-Curtain Panels and BLD-AR-Curtain Mullions, panel is held by mullion
08:57:35.526  +0390.483s  REVIEWED Clash438  in BLD-AR-Curtain Mullions-vs-BLD-AR-Curtain Panels  BLD-AR-Curtain Panels and BLD-AR-Curtain Mullions, panel is held by mullion
08:57:35.529  +0390.488s  REVIEWED Clash439  in BLD-AR-Curtain Mullions-vs-BLD-AR-Curtain Panels  BLD-AR-Curtain Panels and BLD-AR-Curtain Mullions, panel is held by mullion
08:57:35.529  +0390.493s  REVIEWED Clash440  in BLD-AR-Curtain Mullions-vs-BLD-AR-Curtain Panels  BLD-AR-Curtain Panels and BLD-AR-Curtain Mullions, panel is held by mullion
08:57:35.542  +0390.498s  REVIEWED Clash441  in BLD-AR-Curtain Mullions-vs-BLD-AR-Curtain Panels  BLD-AR-Curtain Panels and BLD-AR-Curtain Mullions, panel is held by mullion
08:57:35.548  +0390.503s  REVIEWED Clash442  in BLD-AR-Curtain Mullions-vs-BLD-AR-Curtain Panels  BLD-AR-Curtain Panels and BLD-AR-Curtain Mullions, panel is held by mullion
08:57:35.559  +0390.515s  REVIEWED Clash443  in BLD-AR-Curtain Mullions-vs-BLD-AR-Curtain Panels  BLD-AR-Curtain Panels and BLD-AR-Curtain Mullions, panel is held by mullion
08:57:35.559  +0390.523s  REVIEWED Clash444  in BLD-AR-Curtain Mullions-vs-BLD-AR-Curtain Panels  BLD-AR-Curtain Panels and BLD-AR-Curtain Mullions, panel is held by mullion
08:57:35.574  +0390.532s  REVIEWED Clash445  in BLD-AR-Curtain Mullions-vs-BLD-AR-Curtain Panels  BLD-AR-Curtain Panels and BLD-AR-Curtain Mullions, panel is held by mullion
08:57:35.582  +0390.537s  REVIEWED Clash446  in BLD-AR-Curtain Mullions-vs-BLD-AR-Curtain Panels  BLD-AR-Curtain Panels and BLD-AR-Curtain Mullions, panel is held by mullion
08:57:35.585  +0390.542s  REVIEWED Clash447  in BLD-AR-Curtain Mullions-vs-BLD-AR-Curtain Panels  BLD-AR-Curtain Panels and BLD-AR-Curtain Mullions, panel is held by mullion
08:57:35.590  +0390.549s  REVIEWED Clash448  in BLD-AR-Curtain Mullions-vs-BLD-AR-Curtain Panels  BLD-AR-Curtain Panels and BLD-AR-Curtain Mullions, panel is held by mullion
08:57:35.598  +0390.554s  REVIEWED Clash449  in BLD-AR-Curtain Mullions-vs-BLD-AR-Curtain Panels  BLD-AR-Curtain Panels and BLD-AR-Curtain Mullions, panel is held by mullion
08:57:35.598  +0390.558s  REVIEWED Clash450  in BLD-AR-Curtain Mullions-vs-BLD-AR-Curtain Panels  BLD-AR-Curtain Panels and BLD-AR-Curtain Mullions, panel is held by mullion
08:57:35.606  +0390.563s  REVIEWED Clash451  in BLD-AR-Curtain Mullions-vs-BLD-AR-Curtain Panels  BLD-AR-Curtain Panels and BLD-AR-Curtain Mullions, panel is held by mullion
08:57:35.612  +0390.568s  REVIEWED Clash452  in BLD-AR-Curtain Mullions-vs-BLD-AR-Curtain Panels  BLD-AR-Curtain Panels and BLD-AR-Curtain Mullions, panel is held by mullion
08:57:35.612  +0390.573s  REVIEWED Clash453  in BLD-AR-Curtain Mullions-vs-BLD-AR-Curtain Panels  BLD-AR-Curtain Panels and BLD-AR-Curtain Mullions, panel is held by mullion
08:57:35.621  +0390.577s  REVIEWED Clash454  in BLD-AR-Curtain Mullions-vs-BLD-AR-Curtain Panels  BLD-AR-Curtain Panels and BLD-AR-Curtain Mullions, panel is held by mullion
08:57:35.623  +0390.582s  REVIEWED Clash455  in BLD-AR-Curtain Mullions-vs-BLD-AR-Curtain Panels  BLD-AR-Curtain Panels and BLD-AR-Curtain Mullions, panel is held by mullion
08:57:35.623  +0390.587s  REVIEWED Clash456  in BLD-AR-Curtain Mullions-vs-BLD-AR-Curtain Panels  BLD-AR-Curtain Panels and BLD-AR-Curtain Mullions, panel is held by mullion
08:57:35.623  +0390.592s  REVIEWED Clash457  in BLD-AR-Curtain Mullions-vs-BLD-AR-Curtain Panels  BLD-AR-Curtain Panels and BLD-AR-Curtain Mullions, panel is held by mullion
08:57:35.641  +0390.597s  REVIEWED Clash458  in BLD-AR-Curtain Mullions-vs-BLD-AR-Curtain Panels  BLD-AR-Curtain Panels and BLD-AR-Curtain Mullions, panel is held by mullion
08:57:35.647  +0390.602s  REVIEWED Clash459  in BLD-AR-Curtain Mullions-vs-BLD-AR-Curtain Panels  BLD-AR-Curtain Panels and BLD-AR-Curtain Mullions, panel is held by mullion
08:57:35.651  +0390.607s  REVIEWED Clash460  in BLD-AR-Curtain Mullions-vs-BLD-AR-Curtain Panels  BLD-AR-Curtain Panels and BLD-AR-Curtain Mullions, panel is held by mullion
08:57:35.657  +0390.612s  REVIEWED Clash461  in BLD-AR-Curtain Mullions-vs-BLD-AR-Curtain Panels  BLD-AR-Curtain Panels and BLD-AR-Curtain Mullions, panel is held by mullion
08:57:35.662  +0390.618s  REVIEWED Clash462  in BLD-AR-Curtain Mullions-vs-BLD-AR-Curtain Panels  BLD-AR-Curtain Panels and BLD-AR-Curtain Mullions, panel is held by mullion
08:57:35.671  +0390.627s  REVIEWED Clash463  in BLD-AR-Curtain Mullions-vs-BLD-AR-Curtain Panels  BLD-AR-Curtain Panels and BLD-AR-Curtain Mullions, panel is held by mullion
08:57:35.685  +0390.641s  REVIEWED Clash464  in BLD-AR-Curtain Mullions-vs-BLD-AR-Curtain Panels  BLD-AR-Curtain Panels and BLD-AR-Curtain Mullions, panel is held by mullion
08:57:35.685  +0390.646s  REVIEWED Clash465  in BLD-AR-Curtain Mullions-vs-BLD-AR-Curtain Panels  BLD-AR-Curtain Panels and BLD-AR-Curtain Mullions, panel is held by mullion
08:57:35.695  +0390.651s  REVIEWED Clash466  in BLD-AR-Curtain Mullions-vs-BLD-AR-Curtain Panels  BLD-AR-Curtain Panels and BLD-AR-Curtain Mullions, panel is held by mullion
08:57:35.702  +0390.657s  REVIEWED Clash467  in BLD-AR-Curtain Mullions-vs-BLD-AR-Curtain Panels  BLD-AR-Curtain Panels and BLD-AR-Curtain Mullions, panel is held by mullion
08:57:35.702  +0390.665s  REVIEWED Clash468  in BLD-AR-Curtain Mullions-vs-BLD-AR-Curtain Panels  BLD-AR-Curtain Panels and BLD-AR-Curtain Mullions, panel is held by mullion
08:57:35.714  +0390.669s  REVIEWED Clash469  in BLD-AR-Curtain Mullions-vs-BLD-AR-Curtain Panels  BLD-AR-Curtain Panels and BLD-AR-Curtain Mullions, panel is held by mullion
08:57:35.719  +0390.674s  REVIEWED Clash470  in BLD-AR-Curtain Mullions-vs-BLD-AR-Curtain Panels  BLD-AR-Curtain Panels and BLD-AR-Curtain Mullions, panel is held by mullion
08:57:35.723  +0390.679s  REVIEWED Clash471  in BLD-AR-Curtain Mullions-vs-BLD-AR-Curtain Panels  BLD-AR-Curtain Panels and BLD-AR-Curtain Mullions, panel is held by mullion
08:57:35.723  +0390.684s  REVIEWED Clash472  in BLD-AR-Curtain Mullions-vs-BLD-AR-Curtain Panels  BLD-AR-Curtain Panels and BLD-AR-Curtain Mullions, panel is held by mullion
08:57:35.733  +0390.689s  REVIEWED Clash473  in BLD-AR-Curtain Mullions-vs-BLD-AR-Curtain Panels  BLD-AR-Curtain Panels and BLD-AR-Curtain Mullions, panel is held by mullion
08:57:35.733  +0390.693s  REVIEWED Clash474  in BLD-AR-Curtain Mullions-vs-BLD-AR-Curtain Panels  BLD-AR-Curtain Panels and BLD-AR-Curtain Mullions, panel is held by mullion
08:57:35.733  +0390.698s  REVIEWED Clash475  in BLD-AR-Curtain Mullions-vs-BLD-AR-Curtain Panels  BLD-AR-Curtain Panels and BLD-AR-Curtain Mullions, panel is held by mullion
08:57:35.743  +0390.703s  REVIEWED Clash476  in BLD-AR-Curtain Mullions-vs-BLD-AR-Curtain Panels  BLD-AR-Curtain Panels and BLD-AR-Curtain Mullions, panel is held by mullion
08:57:35.752  +0390.707s  REVIEWED Clash477  in BLD-AR-Curtain Mullions-vs-BLD-AR-Curtain Panels  BLD-AR-Curtain Panels and BLD-AR-Curtain Mullions, panel is held by mullion
08:57:35.756  +0390.712s  REVIEWED Clash478  in BLD-AR-Curtain Mullions-vs-BLD-AR-Curtain Panels  BLD-AR-Curtain Panels and BLD-AR-Curtain Mullions, panel is held by mullion
08:57:35.760  +0390.719s  REVIEWED Clash479  in BLD-AR-Curtain Mullions-vs-BLD-AR-Curtain Panels  BLD-AR-Curtain Panels and BLD-AR-Curtain Mullions, panel is held by mullion
08:57:35.768  +0390.729s  REVIEWED Clash480  in BLD-AR-Curtain Mullions-vs-BLD-AR-Curtain Panels  BLD-AR-Curtain Panels and BLD-AR-Curtain Mullions, panel is held by mullion
08:57:35.794  +0390.749s  REVIEWED Clash481  in BLD-AR-Curtain Mullions-vs-BLD-AR-Curtain Panels  BLD-AR-Curtain Panels and BLD-AR-Curtain Mullions, panel is held by mullion
08:57:35.797  +0390.757s  REVIEWED Clash482  in BLD-AR-Curtain Mullions-vs-BLD-AR-Curtain Panels  BLD-AR-Curtain Panels and BLD-AR-Curtain Mullions, panel is held by mullion
08:57:35.797  +0390.766s  REVIEWED Clash483  in BLD-AR-Curtain Mullions-vs-BLD-AR-Curtain Panels  BLD-AR-Curtain Panels and BLD-AR-Curtain Mullions, panel is held by mullion
08:57:35.813  +0390.774s  REVIEWED Clash484  in BLD-AR-Curtain Mullions-vs-BLD-AR-Curtain Panels  BLD-AR-Curtain Panels and BLD-AR-Curtain Mullions, panel is held by mullion
08:57:35.813  +0390.779s  REVIEWED Clash485  in BLD-AR-Curtain Mullions-vs-BLD-AR-Curtain Panels  BLD-AR-Curtain Panels and BLD-AR-Curtain Mullions, panel is held by mullion
08:57:35.824  +0390.784s  REVIEWED Clash486  in BLD-AR-Curtain Mullions-vs-BLD-AR-Curtain Panels  BLD-AR-Curtain Panels and BLD-AR-Curtain Mullions, panel is held by mullion
08:57:35.835  +0390.791s  REVIEWED Clash487  in BLD-AR-Curtain Mullions-vs-BLD-AR-Curtain Panels  BLD-AR-Curtain Panels and BLD-AR-Curtain Mullions, panel is held by mullion
08:57:35.835  +0390.798s  REVIEWED Clash488  in BLD-AR-Curtain Mullions-vs-BLD-AR-Curtain Panels  BLD-AR-Curtain Panels and BLD-AR-Curtain Mullions, panel is held by mullion
08:57:35.848  +0390.803s  REVIEWED Clash489  in BLD-AR-Curtain Mullions-vs-BLD-AR-Curtain Panels  BLD-AR-Curtain Panels and BLD-AR-Curtain Mullions, panel is held by mullion
08:57:35.848  +0390.808s  REVIEWED Clash490  in BLD-AR-Curtain Mullions-vs-BLD-AR-Curtain Panels  BLD-AR-Curtain Panels and BLD-AR-Curtain Mullions, panel is held by mullion
08:57:35.848  +0390.813s  REVIEWED Clash491  in BLD-AR-Curtain Mullions-vs-BLD-AR-Curtain Panels  BLD-AR-Curtain Panels and BLD-AR-Curtain Mullions, panel is held by mullion
08:57:35.860  +0390.817s  REVIEWED Clash492  in BLD-AR-Curtain Mullions-vs-BLD-AR-Curtain Panels  BLD-AR-Curtain Panels and BLD-AR-Curtain Mullions, panel is held by mullion
08:57:35.860  +0390.822s  REVIEWED Clash493  in BLD-AR-Curtain Mullions-vs-BLD-AR-Curtain Panels  BLD-AR-Curtain Panels and BLD-AR-Curtain Mullions, panel is held by mullion
08:57:35.860  +0390.827s  REVIEWED Clash494  in BLD-AR-Curtain Mullions-vs-BLD-AR-Curtain Panels  BLD-AR-Curtain Panels and BLD-AR-Curtain Mullions, panel is held by mullion
08:57:35.876  +0390.832s  REVIEWED Clash495  in BLD-AR-Curtain Mullions-vs-BLD-AR-Curtain Panels  BLD-AR-Curtain Panels and BLD-AR-Curtain Mullions, panel is held by mullion
08:57:35.876  +0390.837s  REVIEWED Clash496  in BLD-AR-Curtain Mullions-vs-BLD-AR-Curtain Panels  BLD-AR-Curtain Panels and BLD-AR-Curtain Mullions, panel is held by mullion
08:57:35.886  +0390.842s  REVIEWED Clash497  in BLD-AR-Curtain Mullions-vs-BLD-AR-Curtain Panels  BLD-AR-Curtain Panels and BLD-AR-Curtain Mullions, panel is held by mullion
08:57:35.891  +0390.848s  REVIEWED Clash498  in BLD-AR-Curtain Mullions-vs-BLD-AR-Curtain Panels  BLD-AR-Curtain Panels and BLD-AR-Curtain Mullions, panel is held by mullion
08:57:35.893  +0390.856s  REVIEWED Clash499  in BLD-AR-Curtain Mullions-vs-BLD-AR-Curtain Panels  BLD-AR-Curtain Panels and BLD-AR-Curtain Mullions, panel is held by mullion
08:57:35.912  +0390.872s  REVIEWED Clash500  in BLD-AR-Curtain Mullions-vs-BLD-AR-Curtain Panels  BLD-AR-Curtain Panels and BLD-AR-Curtain Mullions, panel is held by mullion
08:57:35.924  +0390.885s  REVIEWED Clash501  in BLD-AR-Curtain Mullions-vs-BLD-AR-Curtain Panels  BLD-AR-Curtain Panels and BLD-AR-Curtain Mullions, panel is held by mullion
08:57:35.935  +0390.890s  REVIEWED Clash502  in BLD-AR-Curtain Mullions-vs-BLD-AR-Curtain Panels  BLD-AR-Curtain Panels and BLD-AR-Curtain Mullions, panel is held by mullion
08:57:35.939  +0390.895s  REVIEWED Clash503  in BLD-AR-Curtain Mullions-vs-BLD-AR-Curtain Panels  BLD-AR-Curtain Panels and BLD-AR-Curtain Mullions, panel is held by mullion
08:57:35.945  +0390.901s  REVIEWED Clash504  in BLD-AR-Curtain Mullions-vs-BLD-AR-Curtain Panels  BLD-AR-Curtain Panels and BLD-AR-Curtain Mullions, panel is held by mullion
08:57:35.950  +0390.905s  REVIEWED Clash505  in BLD-AR-Curtain Mullions-vs-BLD-AR-Curtain Panels  BLD-AR-Curtain Panels and BLD-AR-Curtain Mullions, panel is held by mullion
08:57:35.955  +0390.910s  REVIEWED Clash506  in BLD-AR-Curtain Mullions-vs-BLD-AR-Curtain Panels  BLD-AR-Curtain Panels and BLD-AR-Curtain Mullions, panel is held by mullion
08:57:35.955  +0390.915s  REVIEWED Clash507  in BLD-AR-Curtain Mullions-vs-BLD-AR-Curtain Panels  BLD-AR-Curtain Panels and BLD-AR-Curtain Mullions, panel is held by mullion
08:57:35.965  +0390.920s  REVIEWED Clash508  in BLD-AR-Curtain Mullions-vs-BLD-AR-Curtain Panels  BLD-AR-Curtain Panels and BLD-AR-Curtain Mullions, panel is held by mullion
08:57:35.970  +0390.925s  REVIEWED Clash509  in BLD-AR-Curtain Mullions-vs-BLD-AR-Curtain Panels  BLD-AR-Curtain Panels and BLD-AR-Curtain Mullions, panel is held by mullion
08:57:35.971  +0390.930s  REVIEWED Clash510  in BLD-AR-Curtain Mullions-vs-BLD-AR-Curtain Panels  BLD-AR-Curtain Panels and BLD-AR-Curtain Mullions, panel is held by mullion
08:57:35.979  +0390.935s  REVIEWED Clash511  in BLD-AR-Curtain Mullions-vs-BLD-AR-Curtain Panels  BLD-AR-Curtain Panels and BLD-AR-Curtain Mullions, panel is held by mullion
08:57:35.984  +0390.940s  REVIEWED Clash512  in BLD-AR-Curtain Mullions-vs-BLD-AR-Curtain Panels  BLD-AR-Curtain Panels and BLD-AR-Curtain Mullions, panel is held by mullion
08:57:35.987  +0390.945s  REVIEWED Clash513  in BLD-AR-Curtain Mullions-vs-BLD-AR-Curtain Panels  BLD-AR-Curtain Panels and BLD-AR-Curtain Mullions, panel is held by mullion
08:57:35.994  +0390.950s  REVIEWED Clash514  in BLD-AR-Curtain Mullions-vs-BLD-AR-Curtain Panels  BLD-AR-Curtain Panels and BLD-AR-Curtain Mullions, panel is held by mullion
08:57:35.999  +0390.954s  REVIEWED Clash515  in BLD-AR-Curtain Mullions-vs-BLD-AR-Curtain Panels  BLD-AR-Curtain Panels and BLD-AR-Curtain Mullions, panel is held by mullion
08:57:36.003  +0390.965s  REVIEWED Clash516  in BLD-AR-Curtain Mullions-vs-BLD-AR-Curtain Panels  BLD-AR-Curtain Panels and BLD-AR-Curtain Mullions, panel is held by mullion
08:57:36.018  +0390.980s  REVIEWED Clash517  in BLD-AR-Curtain Mullions-vs-BLD-AR-Curtain Panels  BLD-AR-Curtain Panels and BLD-AR-Curtain Mullions, panel is held by mullion
08:57:36.034  +0390.993s  REVIEWED Clash518  in BLD-AR-Curtain Mullions-vs-BLD-AR-Curtain Panels  BLD-AR-Curtain Panels and BLD-AR-Curtain Mullions, panel is held by mullion
08:57:36.050  +0391.007s  REVIEWED Clash519  in BLD-AR-Curtain Mullions-vs-BLD-AR-Curtain Panels  BLD-AR-Curtain Panels and BLD-AR-Curtain Mullions, panel is held by mullion
08:57:36.057  +0391.012s  REVIEWED Clash520  in BLD-AR-Curtain Mullions-vs-BLD-AR-Curtain Panels  BLD-AR-Curtain Panels and BLD-AR-Curtain Mullions, panel is held by mullion
08:57:36.062  +0391.017s  REVIEWED Clash521  in BLD-AR-Curtain Mullions-vs-BLD-AR-Curtain Panels  BLD-AR-Curtain Panels and BLD-AR-Curtain Mullions, panel is held by mullion
08:57:36.066  +0391.022s  REVIEWED Clash522  in BLD-AR-Curtain Mullions-vs-BLD-AR-Curtain Panels  BLD-AR-Curtain Panels and BLD-AR-Curtain Mullions, panel is held by mullion
08:57:36.071  +0391.027s  REVIEWED Clash523  in BLD-AR-Curtain Mullions-vs-BLD-AR-Curtain Panels  BLD-AR-Curtain Panels and BLD-AR-Curtain Mullions, panel is held by mullion
08:57:36.076  +0391.031s  REVIEWED Clash524  in BLD-AR-Curtain Mullions-vs-BLD-AR-Curtain Panels  BLD-AR-Curtain Panels and BLD-AR-Curtain Mullions, panel is held by mullion
08:57:36.081  +0391.036s  REVIEWED Clash525  in BLD-AR-Curtain Mullions-vs-BLD-AR-Curtain Panels  BLD-AR-Curtain Panels and BLD-AR-Curtain Mullions, panel is held by mullion
08:57:36.086  +0391.042s  REVIEWED Clash526  in BLD-AR-Curtain Mullions-vs-BLD-AR-Curtain Panels  BLD-AR-Curtain Panels and BLD-AR-Curtain Mullions, panel is held by mullion
08:57:36.086  +0391.047s  REVIEWED Clash527  in BLD-AR-Curtain Mullions-vs-BLD-AR-Curtain Panels  BLD-AR-Curtain Panels and BLD-AR-Curtain Mullions, panel is held by mullion
08:57:36.094  +0391.051s  REVIEWED Clash528  in BLD-AR-Curtain Mullions-vs-BLD-AR-Curtain Panels  BLD-AR-Curtain Panels and BLD-AR-Curtain Mullions, panel is held by mullion
08:57:36.099  +0391.059s  REVIEWED Clash529  in BLD-AR-Curtain Mullions-vs-BLD-AR-Curtain Panels  BLD-AR-Curtain Panels and BLD-AR-Curtain Mullions, panel is held by mullion
08:57:36.099  +0391.064s  REVIEWED Clash530  in BLD-AR-Curtain Mullions-vs-BLD-AR-Curtain Panels  BLD-AR-Curtain Panels and BLD-AR-Curtain Mullions, panel is held by mullion
08:57:36.114  +0391.069s  REVIEWED Clash531  in BLD-AR-Curtain Mullions-vs-BLD-AR-Curtain Panels  BLD-AR-Curtain Panels and BLD-AR-Curtain Mullions, panel is held by mullion
08:57:36.114  +0391.074s  REVIEWED Clash532  in BLD-AR-Curtain Mullions-vs-BLD-AR-Curtain Panels  BLD-AR-Curtain Panels and BLD-AR-Curtain Mullions, panel is held by mullion
08:57:36.124  +0391.080s  REVIEWED Clash533  in BLD-AR-Curtain Mullions-vs-BLD-AR-Curtain Panels  BLD-AR-Curtain Panels and BLD-AR-Curtain Mullions, panel is held by mullion
08:57:36.130  +0391.085s  REVIEWED Clash534  in BLD-AR-Curtain Mullions-vs-BLD-AR-Curtain Panels  BLD-AR-Curtain Panels and BLD-AR-Curtain Mullions, panel is held by mullion
08:57:36.136  +0391.091s  REVIEWED Clash535  in BLD-AR-Curtain Mullions-vs-BLD-AR-Curtain Panels  BLD-AR-Curtain Panels and BLD-AR-Curtain Mullions, panel is held by mullion
08:57:36.162  +0391.118s  REVIEWED Clash536  in BLD-AR-Curtain Mullions-vs-BLD-AR-Curtain Panels  BLD-AR-Curtain Panels and BLD-AR-Curtain Mullions, panel is held by mullion
08:57:36.167  +0391.123s  REVIEWED Clash537  in BLD-AR-Curtain Mullions-vs-BLD-AR-Curtain Panels  BLD-AR-Curtain Panels and BLD-AR-Curtain Mullions, panel is held by mullion
08:57:36.173  +0391.128s  REVIEWED Clash538  in BLD-AR-Curtain Mullions-vs-BLD-AR-Curtain Panels  BLD-AR-Curtain Panels and BLD-AR-Curtain Mullions, panel is held by mullion
08:57:36.177  +0391.134s  REVIEWED Clash539  in BLD-AR-Curtain Mullions-vs-BLD-AR-Curtain Panels  BLD-AR-Curtain Panels and BLD-AR-Curtain Mullions, panel is held by mullion
08:57:36.183  +0391.139s  REVIEWED Clash540  in BLD-AR-Curtain Mullions-vs-BLD-AR-Curtain Panels  BLD-AR-Curtain Panels and BLD-AR-Curtain Mullions, panel is held by mullion
08:57:36.188  +0391.144s  REVIEWED Clash541  in BLD-AR-Curtain Mullions-vs-BLD-AR-Curtain Panels  BLD-AR-Curtain Panels and BLD-AR-Curtain Mullions, panel is held by mullion
08:57:36.188  +0391.149s  REVIEWED Clash542  in BLD-AR-Curtain Mullions-vs-BLD-AR-Curtain Panels  BLD-AR-Curtain Panels and BLD-AR-Curtain Mullions, panel is held by mullion
08:57:36.195  +0391.154s  REVIEWED Clash543  in BLD-AR-Curtain Mullions-vs-BLD-AR-Curtain Panels  BLD-AR-Curtain Panels and BLD-AR-Curtain Mullions, panel is held by mullion
08:57:36.195  +0391.158s  REVIEWED Clash544  in BLD-AR-Curtain Mullions-vs-BLD-AR-Curtain Panels  BLD-AR-Curtain Panels and BLD-AR-Curtain Mullions, panel is held by mullion
08:57:36.195  +0391.163s  REVIEWED Clash545  in BLD-AR-Curtain Mullions-vs-BLD-AR-Curtain Panels  BLD-AR-Curtain Panels and BLD-AR-Curtain Mullions, panel is held by mullion
08:57:36.212  +0391.168s  REVIEWED Clash546  in BLD-AR-Curtain Mullions-vs-BLD-AR-Curtain Panels  BLD-AR-Curtain Panels and BLD-AR-Curtain Mullions, panel is held by mullion
08:57:36.212  +0391.173s  REVIEWED Clash547  in BLD-AR-Curtain Mullions-vs-BLD-AR-Curtain Panels  BLD-AR-Curtain Panels and BLD-AR-Curtain Mullions, panel is held by mullion
08:57:36.212  +0391.178s  REVIEWED Clash548  in BLD-AR-Curtain Mullions-vs-BLD-AR-Curtain Panels  BLD-AR-Curtain Panels and BLD-AR-Curtain Mullions, panel is held by mullion
08:57:36.226  +0391.183s  REVIEWED Clash549  in BLD-AR-Curtain Mullions-vs-BLD-AR-Curtain Panels  BLD-AR-Curtain Panels and BLD-AR-Curtain Mullions, panel is held by mullion
08:57:36.232  +0391.188s  REVIEWED Clash550  in BLD-AR-Curtain Mullions-vs-BLD-AR-Curtain Panels  BLD-AR-Curtain Panels and BLD-AR-Curtain Mullions, panel is held by mullion
08:57:36.237  +0391.194s  REVIEWED Clash551  in BLD-AR-Curtain Mullions-vs-BLD-AR-Curtain Panels  BLD-AR-Curtain Panels and BLD-AR-Curtain Mullions, panel is held by mullion
08:57:36.244  +0391.201s  REVIEWED Clash552  in BLD-AR-Curtain Mullions-vs-BLD-AR-Curtain Panels  BLD-AR-Curtain Panels and BLD-AR-Curtain Mullions, panel is held by mullion
08:57:36.249  +0391.211s  REVIEWED Clash553  in BLD-AR-Curtain Mullions-vs-BLD-AR-Curtain Panels  BLD-AR-Curtain Panels and BLD-AR-Curtain Mullions, panel is held by mullion
08:57:36.262  +0391.227s  REVIEWED Clash554  in BLD-AR-Curtain Mullions-vs-BLD-AR-Curtain Panels  BLD-AR-Curtain Panels and BLD-AR-Curtain Mullions, panel is held by mullion
08:57:36.273  +0391.236s  REVIEWED Clash555  in BLD-AR-Curtain Mullions-vs-BLD-AR-Curtain Panels  BLD-AR-Curtain Panels and BLD-AR-Curtain Mullions, panel is held by mullion
08:57:36.286  +0391.242s  REVIEWED Clash556  in BLD-AR-Curtain Mullions-vs-BLD-AR-Curtain Panels  BLD-AR-Curtain Panels and BLD-AR-Curtain Mullions, panel is held by mullion
08:57:36.291  +0391.247s  REVIEWED Clash557  in BLD-AR-Curtain Mullions-vs-BLD-AR-Curtain Panels  BLD-AR-Curtain Panels and BLD-AR-Curtain Mullions, panel is held by mullion
08:57:36.296  +0391.251s  REVIEWED Clash558  in BLD-AR-Curtain Mullions-vs-BLD-AR-Curtain Panels  BLD-AR-Curtain Panels and BLD-AR-Curtain Mullions, panel is held by mullion
08:57:36.301  +0391.256s  REVIEWED Clash559  in BLD-AR-Curtain Mullions-vs-BLD-AR-Curtain Panels  BLD-AR-Curtain Panels and BLD-AR-Curtain Mullions, panel is held by mullion
08:57:36.306  +0391.262s  REVIEWED Clash560  in BLD-AR-Curtain Mullions-vs-BLD-AR-Curtain Panels  BLD-AR-Curtain Panels and BLD-AR-Curtain Mullions, panel is held by mullion
08:57:36.311  +0391.266s  REVIEWED Clash561  in BLD-AR-Curtain Mullions-vs-BLD-AR-Curtain Panels  BLD-AR-Curtain Panels and BLD-AR-Curtain Mullions, panel is held by mullion
08:57:36.315  +0391.271s  REVIEWED Clash562  in BLD-AR-Curtain Mullions-vs-BLD-AR-Curtain Panels  BLD-AR-Curtain Panels and BLD-AR-Curtain Mullions, panel is held by mullion
08:57:36.320  +0391.276s  REVIEWED Clash563  in BLD-AR-Curtain Mullions-vs-BLD-AR-Curtain Panels  BLD-AR-Curtain Panels and BLD-AR-Curtain Mullions, panel is held by mullion
08:57:36.324  +0391.281s  REVIEWED Clash564  in BLD-AR-Curtain Mullions-vs-BLD-AR-Curtain Panels  BLD-AR-Curtain Panels and BLD-AR-Curtain Mullions, panel is held by mullion
08:57:36.326  +0391.286s  REVIEWED Clash565  in BLD-AR-Curtain Mullions-vs-BLD-AR-Curtain Panels  BLD-AR-Curtain Panels and BLD-AR-Curtain Mullions, panel is held by mullion
08:57:36.326  +0391.291s  REVIEWED Clash566  in BLD-AR-Curtain Mullions-vs-BLD-AR-Curtain Panels  BLD-AR-Curtain Panels and BLD-AR-Curtain Mullions, panel is held by mullion
08:57:36.341  +0391.296s  REVIEWED Clash567  in BLD-AR-Curtain Mullions-vs-BLD-AR-Curtain Panels  BLD-AR-Curtain Panels and BLD-AR-Curtain Mullions, panel is held by mullion
08:57:36.344  +0391.301s  REVIEWED Clash568  in BLD-AR-Curtain Mullions-vs-BLD-AR-Curtain Panels  BLD-AR-Curtain Panels and BLD-AR-Curtain Mullions, panel is held by mullion
08:57:36.344  +0391.306s  REVIEWED Clash569  in BLD-AR-Curtain Mullions-vs-BLD-AR-Curtain Panels  BLD-AR-Curtain Panels and BLD-AR-Curtain Mullions, panel is held by mullion
08:57:36.353  +0391.314s  REVIEWED Clash570  in BLD-AR-Curtain Mullions-vs-BLD-AR-Curtain Panels  BLD-AR-Curtain Panels and BLD-AR-Curtain Mullions, panel is held by mullion
08:57:36.368  +0391.328s  REVIEWED Clash571  in BLD-AR-Curtain Mullions-vs-BLD-AR-Curtain Panels  BLD-AR-Curtain Panels and BLD-AR-Curtain Mullions, panel is held by mullion
08:57:36.385  +0391.342s  REVIEWED Clash572  in BLD-AR-Curtain Mullions-vs-BLD-AR-Curtain Panels  BLD-AR-Curtain Panels and BLD-AR-Curtain Mullions, panel is held by mullion
08:57:36.393  +0391.351s  REVIEWED Clash573  in BLD-AR-Curtain Mullions-vs-BLD-AR-Curtain Panels  BLD-AR-Curtain Panels and BLD-AR-Curtain Mullions, panel is held by mullion
08:57:36.400  +0391.357s  REVIEWED Clash574  in BLD-AR-Curtain Mullions-vs-BLD-AR-Curtain Panels  BLD-AR-Curtain Panels and BLD-AR-Curtain Mullions, panel is held by mullion
08:57:36.406  +0391.362s  REVIEWED Clash575  in BLD-AR-Curtain Mullions-vs-BLD-AR-Curtain Panels  BLD-AR-Curtain Panels and BLD-AR-Curtain Mullions, panel is held by mullion
08:57:36.411  +0391.367s  REVIEWED Clash576  in BLD-AR-Curtain Mullions-vs-BLD-AR-Curtain Panels  BLD-AR-Curtain Panels and BLD-AR-Curtain Mullions, panel is held by mullion
08:57:36.415  +0391.372s  REVIEWED Clash577  in BLD-AR-Curtain Mullions-vs-BLD-AR-Curtain Panels  BLD-AR-Curtain Panels and BLD-AR-Curtain Mullions, panel is held by mullion
08:57:36.421  +0391.376s  REVIEWED Clash578  in BLD-AR-Curtain Mullions-vs-BLD-AR-Curtain Panels  BLD-AR-Curtain Panels and BLD-AR-Curtain Mullions, panel is held by mullion
08:57:36.426  +0391.381s  REVIEWED Clash579  in BLD-AR-Curtain Mullions-vs-BLD-AR-Curtain Panels  BLD-AR-Curtain Panels and BLD-AR-Curtain Mullions, panel is held by mullion
08:57:36.431  +0391.388s  REVIEWED Clash580  in BLD-AR-Curtain Mullions-vs-BLD-AR-Curtain Panels  BLD-AR-Curtain Panels and BLD-AR-Curtain Mullions, panel is held by mullion
08:57:36.431  +0391.399s  REVIEWED Clash581  in BLD-AR-Curtain Mullions-vs-BLD-AR-Curtain Panels  BLD-AR-Curtain Panels and BLD-AR-Curtain Mullions, panel is held by mullion
08:57:36.450  +0391.409s  REVIEWED Clash582  in BLD-AR-Curtain Mullions-vs-BLD-AR-Curtain Panels  BLD-AR-Curtain Panels and BLD-AR-Curtain Mullions, panel is held by mullion
08:57:36.450  +0391.414s  REVIEWED Clash583  in BLD-AR-Curtain Mullions-vs-BLD-AR-Curtain Panels  BLD-AR-Curtain Panels and BLD-AR-Curtain Mullions, panel is held by mullion
08:57:36.463  +0391.419s  REVIEWED Clash584  in BLD-AR-Curtain Mullions-vs-BLD-AR-Curtain Panels  BLD-AR-Curtain Panels and BLD-AR-Curtain Mullions, panel is held by mullion
08:57:36.468  +0391.424s  REVIEWED Clash585  in BLD-AR-Curtain Mullions-vs-BLD-AR-Curtain Panels  BLD-AR-Curtain Panels and BLD-AR-Curtain Mullions, panel is held by mullion
08:57:36.468  +0391.429s  REVIEWED Clash586  in BLD-AR-Curtain Mullions-vs-BLD-AR-Curtain Panels  BLD-AR-Curtain Panels and BLD-AR-Curtain Mullions, panel is held by mullion
08:57:36.478  +0391.435s  REVIEWED Clash587  in BLD-AR-Curtain Mullions-vs-BLD-AR-Curtain Panels  BLD-AR-Curtain Panels and BLD-AR-Curtain Mullions, panel is held by mullion
08:57:36.485  +0391.440s  REVIEWED Clash588  in BLD-AR-Curtain Mullions-vs-BLD-AR-Curtain Panels  BLD-AR-Curtain Panels and BLD-AR-Curtain Mullions, panel is held by mullion
08:57:36.490  +0391.446s  REVIEWED Clash589  in BLD-AR-Curtain Mullions-vs-BLD-AR-Curtain Panels  BLD-AR-Curtain Panels and BLD-AR-Curtain Mullions, panel is held by mullion
08:57:36.498  +0391.457s  REVIEWED Clash590  in BLD-AR-Curtain Mullions-vs-BLD-AR-Curtain Panels  BLD-AR-Curtain Panels and BLD-AR-Curtain Mullions, panel is held by mullion
08:57:36.513  +0391.470s  REVIEWED Clash591  in BLD-AR-Curtain Mullions-vs-BLD-AR-Curtain Panels  BLD-AR-Curtain Panels and BLD-AR-Curtain Mullions, panel is held by mullion
08:57:36.519  +0391.476s  REVIEWED Clash592  in BLD-AR-Curtain Mullions-vs-BLD-AR-Curtain Panels  BLD-AR-Curtain Panels and BLD-AR-Curtain Mullions, panel is held by mullion
08:57:36.525  +0391.481s  REVIEWED Clash593  in BLD-AR-Curtain Mullions-vs-BLD-AR-Curtain Panels  BLD-AR-Curtain Panels and BLD-AR-Curtain Mullions, panel is held by mullion
08:57:36.531  +0391.486s  REVIEWED Clash594  in BLD-AR-Curtain Mullions-vs-BLD-AR-Curtain Panels  BLD-AR-Curtain Panels and BLD-AR-Curtain Mullions, panel is held by mullion
08:57:36.535  +0391.491s  REVIEWED Clash595  in BLD-AR-Curtain Mullions-vs-BLD-AR-Curtain Panels  BLD-AR-Curtain Panels and BLD-AR-Curtain Mullions, panel is held by mullion
08:57:36.535  +0391.496s  REVIEWED Clash596  in BLD-AR-Curtain Mullions-vs-BLD-AR-Curtain Panels  BLD-AR-Curtain Panels and BLD-AR-Curtain Mullions, panel is held by mullion
08:57:36.544  +0391.501s  REVIEWED Clash597  in BLD-AR-Curtain Mullions-vs-BLD-AR-Curtain Panels  BLD-AR-Curtain Panels and BLD-AR-Curtain Mullions, panel is held by mullion
08:57:36.547  +0391.506s  REVIEWED Clash598  in BLD-AR-Curtain Mullions-vs-BLD-AR-Curtain Panels  BLD-AR-Curtain Panels and BLD-AR-Curtain Mullions, panel is held by mullion
08:57:36.547  +0391.511s  REVIEWED Clash599  in BLD-AR-Curtain Mullions-vs-BLD-AR-Curtain Panels  BLD-AR-Curtain Panels and BLD-AR-Curtain Mullions, panel is held by mullion
08:57:36.558  +0391.516s  REVIEWED Clash600  in BLD-AR-Curtain Mullions-vs-BLD-AR-Curtain Panels  BLD-AR-Curtain Panels and BLD-AR-Curtain Mullions, panel is held by mullion
08:57:36.561  +0391.521s  REVIEWED Clash601  in BLD-AR-Curtain Mullions-vs-BLD-AR-Curtain Panels  BLD-AR-Curtain Panels and BLD-AR-Curtain Mullions, panel is held by mullion
08:57:36.561  +0391.525s  REVIEWED Clash602  in BLD-AR-Curtain Mullions-vs-BLD-AR-Curtain Panels  BLD-AR-Curtain Panels and BLD-AR-Curtain Mullions, panel is held by mullion
08:57:36.573  +0391.530s  REVIEWED Clash603  in BLD-AR-Curtain Mullions-vs-BLD-AR-Curtain Panels  BLD-AR-Curtain Panels and BLD-AR-Curtain Mullions, panel is held by mullion
08:57:36.573  +0391.535s  REVIEWED Clash604  in BLD-AR-Curtain Mullions-vs-BLD-AR-Curtain Panels  BLD-AR-Curtain Panels and BLD-AR-Curtain Mullions, panel is held by mullion
08:57:36.585  +0391.541s  REVIEWED Clash605  in BLD-AR-Curtain Mullions-vs-BLD-AR-Curtain Panels  BLD-AR-Curtain Panels and BLD-AR-Curtain Mullions, panel is held by mullion
08:57:36.593  +0391.549s  REVIEWED Clash606  in BLD-AR-Curtain Mullions-vs-BLD-AR-Curtain Panels  BLD-AR-Curtain Panels and BLD-AR-Curtain Mullions, panel is held by mullion
08:57:36.605  +0391.564s  REVIEWED Clash607  in BLD-AR-Curtain Mullions-vs-BLD-AR-Curtain Panels  BLD-AR-Curtain Panels and BLD-AR-Curtain Mullions, panel is held by mullion
08:57:36.615  +0391.571s  REVIEWED Clash608  in BLD-AR-Curtain Mullions-vs-BLD-AR-Curtain Panels  BLD-AR-Curtain Panels and BLD-AR-Curtain Mullions, panel is held by mullion
08:57:36.620  +0391.580s  REVIEWED Clash609  in BLD-AR-Curtain Mullions-vs-BLD-AR-Curtain Panels  BLD-AR-Curtain Panels and BLD-AR-Curtain Mullions, panel is held by mullion
08:57:36.629  +0391.585s  REVIEWED Clash610  in BLD-AR-Curtain Mullions-vs-BLD-AR-Curtain Panels  BLD-AR-Curtain Panels and BLD-AR-Curtain Mullions, panel is held by mullion
08:57:36.634  +0391.590s  REVIEWED Clash611  in BLD-AR-Curtain Mullions-vs-BLD-AR-Curtain Panels  BLD-AR-Curtain Panels and BLD-AR-Curtain Mullions, panel is held by mullion
08:57:36.638  +0391.595s  REVIEWED Clash612  in BLD-AR-Curtain Mullions-vs-BLD-AR-Curtain Panels  BLD-AR-Curtain Panels and BLD-AR-Curtain Mullions, panel is held by mullion
08:57:36.645  +0391.600s  REVIEWED Clash613  in BLD-AR-Curtain Mullions-vs-BLD-AR-Curtain Panels  BLD-AR-Curtain Panels and BLD-AR-Curtain Mullions, panel is held by mullion
08:57:36.645  +0391.605s  REVIEWED Clash614  in BLD-AR-Curtain Mullions-vs-BLD-AR-Curtain Panels  BLD-AR-Curtain Panels and BLD-AR-Curtain Mullions, panel is held by mullion
08:57:36.654  +0391.610s  REVIEWED Clash615  in BLD-AR-Curtain Mullions-vs-BLD-AR-Curtain Panels  BLD-AR-Curtain Panels and BLD-AR-Curtain Mullions, panel is held by mullion
08:57:36.659  +0391.615s  REVIEWED Clash616  in BLD-AR-Curtain Mullions-vs-BLD-AR-Curtain Panels  BLD-AR-Curtain Panels and BLD-AR-Curtain Mullions, panel is held by mullion
08:57:36.664  +0391.620s  REVIEWED Clash617  in BLD-AR-Curtain Mullions-vs-BLD-AR-Curtain Panels  BLD-AR-Curtain Panels and BLD-AR-Curtain Mullions, panel is held by mullion
08:57:36.669  +0391.625s  REVIEWED Clash618  in BLD-AR-Curtain Mullions-vs-BLD-AR-Curtain Panels  BLD-AR-Curtain Panels and BLD-AR-Curtain Mullions, panel is held by mullion
08:57:36.675  +0391.630s  REVIEWED Clash619  in BLD-AR-Curtain Mullions-vs-BLD-AR-Curtain Panels  BLD-AR-Curtain Panels and BLD-AR-Curtain Mullions, panel is held by mullion
08:57:36.680  +0391.635s  REVIEWED Clash620  in BLD-AR-Curtain Mullions-vs-BLD-AR-Curtain Panels  BLD-AR-Curtain Panels and BLD-AR-Curtain Mullions, panel is held by mullion
08:57:36.683  +0391.641s  REVIEWED Clash621  in BLD-AR-Curtain Mullions-vs-BLD-AR-Curtain Panels  BLD-AR-Curtain Panels and BLD-AR-Curtain Mullions, panel is held by mullion
08:57:36.688  +0391.646s  REVIEWED Clash622  in BLD-AR-Curtain Mullions-vs-BLD-AR-Curtain Panels  BLD-AR-Curtain Panels and BLD-AR-Curtain Mullions, panel is held by mullion
08:57:36.700  +0391.656s  REVIEWED Clash623  in BLD-AR-Curtain Mullions-vs-BLD-AR-Curtain Panels  BLD-AR-Curtain Panels and BLD-AR-Curtain Mullions, panel is held by mullion
08:57:36.714  +0391.678s  REVIEWED Clash624  in BLD-AR-Curtain Mullions-vs-BLD-AR-Curtain Panels  BLD-AR-Curtain Panels and BLD-AR-Curtain Mullions, panel is held by mullion
08:57:36.730  +0391.692s  REVIEWED Clash625  in BLD-AR-Curtain Mullions-vs-BLD-AR-Curtain Panels  BLD-AR-Curtain Panels and BLD-AR-Curtain Mullions, panel is held by mullion
08:57:36.730  +0391.697s  REVIEWED Clash626  in BLD-AR-Curtain Mullions-vs-BLD-AR-Curtain Panels  BLD-AR-Curtain Panels and BLD-AR-Curtain Mullions, panel is held by mullion
08:57:36.747  +0391.702s  REVIEWED Clash627  in BLD-AR-Curtain Mullions-vs-BLD-AR-Curtain Panels  BLD-AR-Curtain Panels and BLD-AR-Curtain Mullions, panel is held by mullion
08:57:36.752  +0391.707s  REVIEWED Clash628  in BLD-AR-Curtain Mullions-vs-BLD-AR-Curtain Panels  BLD-AR-Curtain Panels and BLD-AR-Curtain Mullions, panel is held by mullion
08:57:36.757  +0391.712s  REVIEWED Clash629  in BLD-AR-Curtain Mullions-vs-BLD-AR-Curtain Panels  BLD-AR-Curtain Panels and BLD-AR-Curtain Mullions, panel is held by mullion
08:57:36.762  +0391.717s  REVIEWED Clash630  in BLD-AR-Curtain Mullions-vs-BLD-AR-Curtain Panels  BLD-AR-Curtain Panels and BLD-AR-Curtain Mullions, panel is held by mullion
08:57:36.767  +0391.722s  REVIEWED Clash631  in BLD-AR-Curtain Mullions-vs-BLD-AR-Curtain Panels  BLD-AR-Curtain Panels and BLD-AR-Curtain Mullions, panel is held by mullion
08:57:36.772  +0391.727s  REVIEWED Clash632  in BLD-AR-Curtain Mullions-vs-BLD-AR-Curtain Panels  BLD-AR-Curtain Panels and BLD-AR-Curtain Mullions, panel is held by mullion
08:57:36.776  +0391.732s  REVIEWED Clash633  in BLD-AR-Curtain Mullions-vs-BLD-AR-Curtain Panels  BLD-AR-Curtain Panels and BLD-AR-Curtain Mullions, panel is held by mullion
08:57:36.777  +0391.737s  REVIEWED Clash634  in BLD-AR-Curtain Mullions-vs-BLD-AR-Curtain Panels  BLD-AR-Curtain Panels and BLD-AR-Curtain Mullions, panel is held by mullion
08:57:36.777  +0391.742s  REVIEWED Clash635  in BLD-AR-Curtain Mullions-vs-BLD-AR-Curtain Panels  BLD-AR-Curtain Panels and BLD-AR-Curtain Mullions, panel is held by mullion
08:57:36.791  +0391.747s  REVIEWED Clash636  in BLD-AR-Curtain Mullions-vs-BLD-AR-Curtain Panels  BLD-AR-Curtain Panels and BLD-AR-Curtain Mullions, panel is held by mullion
08:57:36.794  +0391.753s  REVIEWED Clash637  in BLD-AR-Curtain Mullions-vs-BLD-AR-Curtain Panels  BLD-AR-Curtain Panels and BLD-AR-Curtain Mullions, panel is held by mullion
08:57:36.794  +0391.758s  REVIEWED Clash638  in BLD-AR-Curtain Mullions-vs-BLD-AR-Curtain Panels  BLD-AR-Curtain Panels and BLD-AR-Curtain Mullions, panel is held by mullion
08:57:36.807  +0391.764s  REVIEWED Clash639  in BLD-AR-Curtain Mullions-vs-BLD-AR-Curtain Panels  BLD-AR-Curtain Panels and BLD-AR-Curtain Mullions, panel is held by mullion
08:57:36.814  +0391.771s  REVIEWED Clash640  in BLD-AR-Curtain Mullions-vs-BLD-AR-Curtain Panels  BLD-AR-Curtain Panels and BLD-AR-Curtain Mullions, panel is held by mullion
08:57:36.846  +0391.802s  REVIEWED Clash641  in BLD-AR-Curtain Mullions-vs-BLD-AR-Curtain Panels  BLD-AR-Curtain Panels and BLD-AR-Curtain Mullions, panel is held by mullion
08:57:36.851  +0391.808s  REVIEWED Clash642  in BLD-AR-Curtain Mullions-vs-BLD-AR-Curtain Panels  BLD-AR-Curtain Panels and BLD-AR-Curtain Mullions, panel is held by mullion
08:57:36.857  +0391.813s  REVIEWED Clash643  in BLD-AR-Curtain Mullions-vs-BLD-AR-Curtain Panels  BLD-AR-Curtain Panels and BLD-AR-Curtain Mullions, panel is held by mullion
08:57:36.863  +0391.818s  REVIEWED Clash644  in BLD-AR-Curtain Mullions-vs-BLD-AR-Curtain Panels  BLD-AR-Curtain Panels and BLD-AR-Curtain Mullions, panel is held by mullion
08:57:36.868  +0391.823s  REVIEWED Clash645  in BLD-AR-Curtain Mullions-vs-BLD-AR-Curtain Panels  BLD-AR-Curtain Panels and BLD-AR-Curtain Mullions, panel is held by mullion
08:57:36.873  +0391.829s  REVIEWED Clash646  in BLD-AR-Curtain Mullions-vs-BLD-AR-Curtain Panels  BLD-AR-Curtain Panels and BLD-AR-Curtain Mullions, panel is held by mullion
08:57:36.878  +0391.834s  REVIEWED Clash647  in BLD-AR-Curtain Mullions-vs-BLD-AR-Curtain Panels  BLD-AR-Curtain Panels and BLD-AR-Curtain Mullions, panel is held by mullion
08:57:36.878  +0391.839s  REVIEWED Clash648  in BLD-AR-Curtain Mullions-vs-BLD-AR-Curtain Panels  BLD-AR-Curtain Panels and BLD-AR-Curtain Mullions, panel is held by mullion
08:57:36.888  +0391.844s  REVIEWED Clash649  in BLD-AR-Curtain Mullions-vs-BLD-AR-Curtain Panels  BLD-AR-Curtain Panels and BLD-AR-Curtain Mullions, panel is held by mullion
08:57:36.893  +0391.852s  REVIEWED Clash650  in BLD-AR-Curtain Mullions-vs-BLD-AR-Curtain Panels  BLD-AR-Curtain Panels and BLD-AR-Curtain Mullions, panel is held by mullion
08:57:36.902  +0391.858s  REVIEWED Clash651  in BLD-AR-Curtain Mullions-vs-BLD-AR-Curtain Panels  BLD-AR-Curtain Panels and BLD-AR-Curtain Mullions, panel is held by mullion
08:57:36.907  +0391.863s  REVIEWED Clash652  in BLD-AR-Curtain Mullions-vs-BLD-AR-Curtain Panels  BLD-AR-Curtain Panels and BLD-AR-Curtain Mullions, panel is held by mullion
08:57:36.912  +0391.868s  REVIEWED Clash653  in BLD-AR-Curtain Mullions-vs-BLD-AR-Curtain Panels  BLD-AR-Curtain Panels and BLD-AR-Curtain Mullions, panel is held by mullion
08:57:36.916  +0391.873s  REVIEWED Clash654  in BLD-AR-Curtain Mullions-vs-BLD-AR-Curtain Panels  BLD-AR-Curtain Panels and BLD-AR-Curtain Mullions, panel is held by mullion
08:57:36.928  +0391.887s  REVIEWED Clash655  in BLD-AR-Curtain Mullions-vs-BLD-AR-Curtain Panels  BLD-AR-Curtain Panels and BLD-AR-Curtain Mullions, panel is held by mullion
08:57:36.936  +0391.897s  REVIEWED Clash656  in BLD-AR-Curtain Mullions-vs-BLD-AR-Curtain Panels  BLD-AR-Curtain Panels and BLD-AR-Curtain Mullions, panel is held by mullion
08:57:36.953  +0391.913s  REVIEWED Clash657  in BLD-AR-Curtain Mullions-vs-BLD-AR-Curtain Panels  BLD-AR-Curtain Panels and BLD-AR-Curtain Mullions, panel is held by mullion
08:57:36.968  +0391.928s  REVIEWED Clash658  in BLD-AR-Curtain Mullions-vs-BLD-AR-Curtain Panels  BLD-AR-Curtain Panels and BLD-AR-Curtain Mullions, panel is held by mullion
08:57:36.968  +0391.934s  REVIEWED Clash659  in BLD-AR-Curtain Mullions-vs-BLD-AR-Curtain Panels  BLD-AR-Curtain Panels and BLD-AR-Curtain Mullions, panel is held by mullion
08:57:36.968  +0391.939s  REVIEWED Clash660  in BLD-AR-Curtain Mullions-vs-BLD-AR-Curtain Panels  BLD-AR-Curtain Panels and BLD-AR-Curtain Mullions, panel is held by mullion
08:57:36.984  +0391.944s  REVIEWED Clash661  in BLD-AR-Curtain Mullions-vs-BLD-AR-Curtain Panels  BLD-AR-Curtain Panels and BLD-AR-Curtain Mullions, panel is held by mullion
08:57:36.984  +0391.949s  REVIEWED Clash662  in BLD-AR-Curtain Mullions-vs-BLD-AR-Curtain Panels  BLD-AR-Curtain Panels and BLD-AR-Curtain Mullions, panel is held by mullion
08:57:36.995  +0391.954s  REVIEWED Clash663  in BLD-AR-Curtain Mullions-vs-BLD-AR-Curtain Panels  BLD-AR-Curtain Panels and BLD-AR-Curtain Mullions, panel is held by mullion
08:57:37.000  +0391.959s  REVIEWED Clash664  in BLD-AR-Curtain Mullions-vs-BLD-AR-Curtain Panels  BLD-AR-Curtain Panels and BLD-AR-Curtain Mullions, panel is held by mullion
08:57:37.000  +0391.964s  REVIEWED Clash665  in BLD-AR-Curtain Mullions-vs-BLD-AR-Curtain Panels  BLD-AR-Curtain Panels and BLD-AR-Curtain Mullions, panel is held by mullion
08:57:37.014  +0391.969s  REVIEWED Clash666  in BLD-AR-Curtain Mullions-vs-BLD-AR-Curtain Panels  BLD-AR-Curtain Panels and BLD-AR-Curtain Mullions, panel is held by mullion
08:57:37.018  +0391.975s  REVIEWED Clash667  in BLD-AR-Curtain Mullions-vs-BLD-AR-Curtain Panels  BLD-AR-Curtain Panels and BLD-AR-Curtain Mullions, panel is held by mullion
08:57:37.020  +0391.980s  REVIEWED Clash668  in BLD-AR-Curtain Mullions-vs-BLD-AR-Curtain Panels  BLD-AR-Curtain Panels and BLD-AR-Curtain Mullions, panel is held by mullion
08:57:37.029  +0391.985s  REVIEWED Clash669  in BLD-AR-Curtain Mullions-vs-BLD-AR-Curtain Panels  BLD-AR-Curtain Panels and BLD-AR-Curtain Mullions, panel is held by mullion
08:57:37.031  +0391.990s  REVIEWED Clash670  in BLD-AR-Curtain Mullions-vs-BLD-AR-Curtain Panels  BLD-AR-Curtain Panels and BLD-AR-Curtain Mullions, panel is held by mullion
08:57:37.035  +0391.995s  REVIEWED Clash671  in BLD-AR-Curtain Mullions-vs-BLD-AR-Curtain Panels  BLD-AR-Curtain Panels and BLD-AR-Curtain Mullions, panel is held by mullion
08:57:37.044  +0392.001s  REVIEWED Clash672  in BLD-AR-Curtain Mullions-vs-BLD-AR-Curtain Panels  BLD-AR-Curtain Panels and BLD-AR-Curtain Mullions, panel is held by mullion
08:57:37.053  +0392.009s  REVIEWED Clash673  in BLD-AR-Curtain Mullions-vs-BLD-AR-Curtain Panels  BLD-AR-Curtain Panels and BLD-AR-Curtain Mullions, panel is held by mullion
08:57:37.063  +0392.020s  REVIEWED Clash674  in BLD-AR-Curtain Mullions-vs-BLD-AR-Curtain Panels  BLD-AR-Curtain Panels and BLD-AR-Curtain Mullions, panel is held by mullion
08:57:37.063  +0392.026s  REVIEWED Clash675  in BLD-AR-Curtain Mullions-vs-BLD-AR-Curtain Panels  BLD-AR-Curtain Panels and BLD-AR-Curtain Mullions, panel is held by mullion
08:57:37.063  +0392.032s  REVIEWED Clash676  in BLD-AR-Curtain Mullions-vs-BLD-AR-Curtain Panels  BLD-AR-Curtain Panels and BLD-AR-Curtain Mullions, panel is held by mullion
08:57:37.079  +0392.037s  REVIEWED Clash677  in BLD-AR-Curtain Mullions-vs-BLD-AR-Curtain Panels  BLD-AR-Curtain Panels and BLD-AR-Curtain Mullions, panel is held by mullion
08:57:37.087  +0392.042s  REVIEWED Clash678  in BLD-AR-Curtain Mullions-vs-BLD-AR-Curtain Panels  BLD-AR-Curtain Panels and BLD-AR-Curtain Mullions, panel is held by mullion
08:57:37.092  +0392.047s  REVIEWED Clash679  in BLD-AR-Curtain Mullions-vs-BLD-AR-Curtain Panels  BLD-AR-Curtain Panels and BLD-AR-Curtain Mullions, panel is held by mullion
08:57:37.096  +0392.053s  REVIEWED Clash680  in BLD-AR-Curtain Mullions-vs-BLD-AR-Curtain Panels  BLD-AR-Curtain Panels and BLD-AR-Curtain Mullions, panel is held by mullion
08:57:37.102  +0392.058s  REVIEWED Clash681  in BLD-AR-Curtain Mullions-vs-BLD-AR-Curtain Panels  BLD-AR-Curtain Panels and BLD-AR-Curtain Mullions, panel is held by mullion
08:57:37.107  +0392.063s  REVIEWED Clash682  in BLD-AR-Curtain Mullions-vs-BLD-AR-Curtain Panels  BLD-AR-Curtain Panels and BLD-AR-Curtain Mullions, panel is held by mullion
08:57:37.111  +0392.068s  REVIEWED Clash683  in BLD-AR-Curtain Mullions-vs-BLD-AR-Curtain Panels  BLD-AR-Curtain Panels and BLD-AR-Curtain Mullions, panel is held by mullion
08:57:37.114  +0392.073s  REVIEWED Clash684  in BLD-AR-Curtain Mullions-vs-BLD-AR-Curtain Panels  BLD-AR-Curtain Panels and BLD-AR-Curtain Mullions, panel is held by mullion
08:57:37.123  +0392.080s  REVIEWED Clash685  in BLD-AR-Curtain Mullions-vs-BLD-AR-Curtain Panels  BLD-AR-Curtain Panels and BLD-AR-Curtain Mullions, panel is held by mullion
08:57:37.130  +0392.086s  REVIEWED Clash686  in BLD-AR-Curtain Mullions-vs-BLD-AR-Curtain Panels  BLD-AR-Curtain Panels and BLD-AR-Curtain Mullions, panel is held by mullion
08:57:37.143  +0392.100s  REVIEWED Clash687  in BLD-AR-Curtain Mullions-vs-BLD-AR-Curtain Panels  BLD-AR-Curtain Panels and BLD-AR-Curtain Mullions, panel is held by mullion
08:57:37.145  +0392.114s  REVIEWED Clash688  in BLD-AR-Curtain Mullions-vs-BLD-AR-Curtain Panels  BLD-AR-Curtain Panels and BLD-AR-Curtain Mullions, panel is held by mullion
08:57:37.168  +0392.125s  REVIEWED Clash689  in BLD-AR-Curtain Mullions-vs-BLD-AR-Curtain Panels  BLD-AR-Curtain Panels and BLD-AR-Curtain Mullions, panel is held by mullion
08:57:37.177  +0392.136s  REVIEWED Clash690  in BLD-AR-Curtain Mullions-vs-BLD-AR-Curtain Panels  BLD-AR-Curtain Panels and BLD-AR-Curtain Mullions, panel is held by mullion
08:57:37.191  +0392.146s  REVIEWED Clash691  in BLD-AR-Curtain Mullions-vs-BLD-AR-Curtain Panels  BLD-AR-Curtain Panels and BLD-AR-Curtain Mullions, panel is held by mullion
08:57:37.200  +0392.156s  REVIEWED Clash692  in BLD-AR-Curtain Mullions-vs-BLD-AR-Curtain Panels  BLD-AR-Curtain Panels and BLD-AR-Curtain Mullions, panel is held by mullion
08:57:37.222  +0392.179s  REVIEWED Clash693  in BLD-AR-Curtain Mullions-vs-BLD-AR-Curtain Panels  BLD-AR-Curtain Panels and BLD-AR-Curtain Mullions, panel is held by mullion
08:57:37.230  +0392.185s  REVIEWED Clash694  in BLD-AR-Curtain Mullions-vs-BLD-AR-Curtain Panels  BLD-AR-Curtain Panels and BLD-AR-Curtain Mullions, panel is held by mullion
08:57:37.235  +0392.191s  REVIEWED Clash695  in BLD-AR-Curtain Mullions-vs-BLD-AR-Curtain Panels  BLD-AR-Curtain Panels and BLD-AR-Curtain Mullions, panel is held by mullion
08:57:37.239  +0392.197s  REVIEWED Clash696  in BLD-AR-Curtain Mullions-vs-BLD-AR-Curtain Panels  BLD-AR-Curtain Panels and BLD-AR-Curtain Mullions, panel is held by mullion
08:57:37.244  +0392.203s  REVIEWED Clash697  in BLD-AR-Curtain Mullions-vs-BLD-AR-Curtain Panels  BLD-AR-Curtain Panels and BLD-AR-Curtain Mullions, panel is held by mullion
08:57:37.253  +0392.209s  REVIEWED Clash698  in BLD-AR-Curtain Mullions-vs-BLD-AR-Curtain Panels  BLD-AR-Curtain Panels and BLD-AR-Curtain Mullions, panel is held by mullion
08:57:37.259  +0392.214s  REVIEWED Clash699  in BLD-AR-Curtain Mullions-vs-BLD-AR-Curtain Panels  BLD-AR-Curtain Panels and BLD-AR-Curtain Mullions, panel is held by mullion
08:57:37.264  +0392.220s  REVIEWED Clash700  in BLD-AR-Curtain Mullions-vs-BLD-AR-Curtain Panels  BLD-AR-Curtain Panels and BLD-AR-Curtain Mullions, panel is held by mullion
08:57:37.270  +0392.226s  REVIEWED Clash701  in BLD-AR-Curtain Mullions-vs-BLD-AR-Curtain Panels  BLD-AR-Curtain Panels and BLD-AR-Curtain Mullions, panel is held by mullion
08:57:37.275  +0392.232s  REVIEWED Clash702  in BLD-AR-Curtain Mullions-vs-BLD-AR-Curtain Panels  BLD-AR-Curtain Panels and BLD-AR-Curtain Mullions, panel is held by mullion
08:57:37.275  +0392.237s  REVIEWED Clash703  in BLD-AR-Curtain Mullions-vs-BLD-AR-Curtain Panels  BLD-AR-Curtain Panels and BLD-AR-Curtain Mullions, panel is held by mullion
08:57:37.286  +0392.243s  REVIEWED Clash704  in BLD-AR-Curtain Mullions-vs-BLD-AR-Curtain Panels  BLD-AR-Curtain Panels and BLD-AR-Curtain Mullions, panel is held by mullion
08:57:37.293  +0392.252s  REVIEWED Clash705  in BLD-AR-Curtain Mullions-vs-BLD-AR-Curtain Panels  BLD-AR-Curtain Panels and BLD-AR-Curtain Mullions, panel is held by mullion
08:57:37.302  +0392.259s  REVIEWED Clash706  in BLD-AR-Curtain Mullions-vs-BLD-AR-Curtain Panels  BLD-AR-Curtain Panels and BLD-AR-Curtain Mullions, panel is held by mullion
08:57:37.314  +0392.271s  REVIEWED Clash707  in BLD-AR-Curtain Mullions-vs-BLD-AR-Curtain Panels  BLD-AR-Curtain Panels and BLD-AR-Curtain Mullions, panel is held by mullion
08:57:37.323  +0392.285s  REVIEWED Clash708  in BLD-AR-Curtain Mullions-vs-BLD-AR-Curtain Panels  BLD-AR-Curtain Panels and BLD-AR-Curtain Mullions, panel is held by mullion
08:57:37.333  +0392.297s  REVIEWED Clash709  in BLD-AR-Curtain Mullions-vs-BLD-AR-Curtain Panels  BLD-AR-Curtain Panels and BLD-AR-Curtain Mullions, panel is held by mullion
08:57:37.366  +0392.321s  REVIEWED Clash710  in BLD-AR-Curtain Mullions-vs-BLD-AR-Curtain Panels  BLD-AR-Curtain Panels and BLD-AR-Curtain Mullions, panel is held by mullion
08:57:37.373  +0392.330s  REVIEWED Clash711  in BLD-AR-Curtain Mullions-vs-BLD-AR-Curtain Panels  BLD-AR-Curtain Panels and BLD-AR-Curtain Mullions, panel is held by mullion
08:57:37.375  +0392.336s  REVIEWED Clash712  in BLD-AR-Curtain Mullions-vs-BLD-AR-Curtain Panels  BLD-AR-Curtain Panels and BLD-AR-Curtain Mullions, panel is held by mullion
08:57:37.381  +0392.342s  REVIEWED Clash713  in BLD-AR-Curtain Mullions-vs-BLD-AR-Curtain Panels  BLD-AR-Curtain Panels and BLD-AR-Curtain Mullions, panel is held by mullion
08:57:37.390  +0392.348s  REVIEWED Clash714  in BLD-AR-Curtain Mullions-vs-BLD-AR-Curtain Panels  BLD-AR-Curtain Panels and BLD-AR-Curtain Mullions, panel is held by mullion
08:57:37.397  +0392.355s  REVIEWED Clash715  in BLD-AR-Curtain Mullions-vs-BLD-AR-Curtain Panels  BLD-AR-Curtain Panels and BLD-AR-Curtain Mullions, panel is held by mullion
08:57:37.408  +0392.366s  REVIEWED Clash716  in BLD-AR-Curtain Mullions-vs-BLD-AR-Curtain Panels  BLD-AR-Curtain Panels and BLD-AR-Curtain Mullions, panel is held by mullion
08:57:37.420  +0392.376s  REVIEWED Clash717  in BLD-AR-Curtain Mullions-vs-BLD-AR-Curtain Panels  BLD-AR-Curtain Panels and BLD-AR-Curtain Mullions, panel is held by mullion
08:57:37.431  +0392.388s  REVIEWED Clash718  in BLD-AR-Curtain Mullions-vs-BLD-AR-Curtain Panels  BLD-AR-Curtain Panels and BLD-AR-Curtain Mullions, panel is held by mullion
08:57:37.439  +0392.398s  REVIEWED Clash719  in BLD-AR-Curtain Mullions-vs-BLD-AR-Curtain Panels  BLD-AR-Curtain Panels and BLD-AR-Curtain Mullions, panel is held by mullion
08:57:37.453  +0392.408s  REVIEWED Clash720  in BLD-AR-Curtain Mullions-vs-BLD-AR-Curtain Panels  BLD-AR-Curtain Panels and BLD-AR-Curtain Mullions, panel is held by mullion
08:57:37.457  +0392.414s  REVIEWED Clash721  in BLD-AR-Curtain Mullions-vs-BLD-AR-Curtain Panels  BLD-AR-Curtain Panels and BLD-AR-Curtain Mullions, panel is held by mullion
08:57:37.463  +0392.420s  REVIEWED Clash722  in BLD-AR-Curtain Mullions-vs-BLD-AR-Curtain Panels  BLD-AR-Curtain Panels and BLD-AR-Curtain Mullions, panel is held by mullion
08:57:37.463  +0392.425s  REVIEWED Clash723  in BLD-AR-Curtain Mullions-vs-BLD-AR-Curtain Panels  BLD-AR-Curtain Panels and BLD-AR-Curtain Mullions, panel is held by mullion
08:57:37.481  +0392.437s  REVIEWED Clash724  in BLD-AR-Curtain Mullions-vs-BLD-AR-Curtain Panels  BLD-AR-Curtain Panels and BLD-AR-Curtain Mullions, panel is held by mullion
08:57:37.494  +0392.449s  REVIEWED Clash725  in BLD-AR-Curtain Mullions-vs-BLD-AR-Curtain Panels  BLD-AR-Curtain Panels and BLD-AR-Curtain Mullions, panel is held by mullion
08:57:37.508  +0392.465s  REVIEWED Clash726  in BLD-AR-Curtain Mullions-vs-BLD-AR-Curtain Panels  BLD-AR-Curtain Panels and BLD-AR-Curtain Mullions, panel is held by mullion
08:57:37.529  +0392.484s  REVIEWED Clash727  in BLD-AR-Curtain Mullions-vs-BLD-AR-Curtain Panels  BLD-AR-Curtain Panels and BLD-AR-Curtain Mullions, panel is held by mullion
08:57:37.540  +0392.497s  REVIEWED Clash728  in BLD-AR-Curtain Mullions-vs-BLD-AR-Curtain Panels  BLD-AR-Curtain Panels and BLD-AR-Curtain Mullions, panel is held by mullion
08:57:37.557  +0392.513s  REVIEWED Clash729  in BLD-AR-Curtain Mullions-vs-BLD-AR-Curtain Panels  BLD-AR-Curtain Panels and BLD-AR-Curtain Mullions, panel is held by mullion
08:57:37.580  +0392.537s  REVIEWED Clash730  in BLD-AR-Curtain Mullions-vs-BLD-AR-Curtain Panels  BLD-AR-Curtain Panels and BLD-AR-Curtain Mullions, panel is held by mullion
08:57:37.597  +0392.553s  REVIEWED Clash731  in BLD-AR-Curtain Mullions-vs-BLD-AR-Curtain Panels  BLD-AR-Curtain Panels and BLD-AR-Curtain Mullions, panel is held by mullion
08:57:37.608  +0392.566s  REVIEWED Clash732  in BLD-AR-Curtain Mullions-vs-BLD-AR-Curtain Panels  BLD-AR-Curtain Panels and BLD-AR-Curtain Mullions, panel is held by mullion
08:57:37.617  +0392.578s  REVIEWED Clash733  in BLD-AR-Curtain Mullions-vs-BLD-AR-Curtain Panels  BLD-AR-Curtain Panels and BLD-AR-Curtain Mullions, panel is held by mullion
08:57:37.633  +0392.589s  REVIEWED Clash734  in BLD-AR-Curtain Mullions-vs-BLD-AR-Curtain Panels  BLD-AR-Curtain Panels and BLD-AR-Curtain Mullions, panel is held by mullion
08:57:37.644  +0392.601s  REVIEWED Clash735  in BLD-AR-Curtain Mullions-vs-BLD-AR-Curtain Panels  BLD-AR-Curtain Panels and BLD-AR-Curtain Mullions, panel is held by mullion
08:57:37.657  +0392.612s  REVIEWED Clash736  in BLD-AR-Curtain Mullions-vs-BLD-AR-Curtain Panels  BLD-AR-Curtain Panels and BLD-AR-Curtain Mullions, panel is held by mullion
08:57:37.665  +0392.624s  REVIEWED Clash737  in BLD-AR-Curtain Mullions-vs-BLD-AR-Curtain Panels  BLD-AR-Curtain Panels and BLD-AR-Curtain Mullions, panel is held by mullion
08:57:37.681  +0392.636s  REVIEWED Clash738  in BLD-AR-Curtain Mullions-vs-BLD-AR-Curtain Panels  BLD-AR-Curtain Panels and BLD-AR-Curtain Mullions, panel is held by mullion
08:57:37.689  +0392.648s  REVIEWED Clash739  in BLD-AR-Curtain Mullions-vs-BLD-AR-Curtain Panels  BLD-AR-Curtain Panels and BLD-AR-Curtain Mullions, panel is held by mullion
08:57:37.699  +0392.662s  REVIEWED Clash740  in BLD-AR-Curtain Mullions-vs-BLD-AR-Curtain Panels  BLD-AR-Curtain Panels and BLD-AR-Curtain Mullions, panel is held by mullion
08:57:37.720  +0392.676s  REVIEWED Clash741  in BLD-AR-Curtain Mullions-vs-BLD-AR-Curtain Panels  BLD-AR-Curtain Panels and BLD-AR-Curtain Mullions, panel is held by mullion
08:57:37.732  +0392.690s  REVIEWED Clash742  in BLD-AR-Curtain Mullions-vs-BLD-AR-Curtain Panels  BLD-AR-Curtain Panels and BLD-AR-Curtain Mullions, panel is held by mullion
08:57:37.747  +0392.709s  REVIEWED Clash743  in BLD-AR-Curtain Mullions-vs-BLD-AR-Curtain Panels  BLD-AR-Curtain Panels and BLD-AR-Curtain Mullions, panel is held by mullion
08:57:37.776  +0392.732s  REVIEWED Clash744  in BLD-AR-Curtain Mullions-vs-BLD-AR-Curtain Panels  BLD-AR-Curtain Panels and BLD-AR-Curtain Mullions, panel is held by mullion
08:57:37.779  +0392.741s  REVIEWED Clash745  in BLD-AR-Curtain Mullions-vs-BLD-AR-Curtain Panels  BLD-AR-Curtain Panels and BLD-AR-Curtain Mullions, panel is held by mullion
08:57:37.794  +0392.750s  REVIEWED Clash746  in BLD-AR-Curtain Mullions-vs-BLD-AR-Curtain Panels  BLD-AR-Curtain Panels and BLD-AR-Curtain Mullions, panel is held by mullion
08:57:37.807  +0392.763s  REVIEWED Clash747  in BLD-AR-Curtain Mullions-vs-BLD-AR-Curtain Panels  BLD-AR-Curtain Panels and BLD-AR-Curtain Mullions, panel is held by mullion
08:57:37.820  +0392.776s  REVIEWED Clash748  in BLD-AR-Curtain Mullions-vs-BLD-AR-Curtain Panels  BLD-AR-Curtain Panels and BLD-AR-Curtain Mullions, panel is held by mullion
08:57:37.838  +0392.794s  REVIEWED Clash749  in BLD-AR-Curtain Mullions-vs-BLD-AR-Curtain Panels  BLD-AR-Curtain Panels and BLD-AR-Curtain Mullions, panel is held by mullion
08:57:37.847  +0392.804s  REVIEWED Clash750  in BLD-AR-Curtain Mullions-vs-BLD-AR-Curtain Panels  BLD-AR-Curtain Panels and BLD-AR-Curtain Mullions, panel is held by mullion
08:57:37.857  +0392.817s  REVIEWED Clash751  in BLD-AR-Curtain Mullions-vs-BLD-AR-Curtain Panels  BLD-AR-Curtain Panels and BLD-AR-Curtain Mullions, panel is held by mullion
08:57:37.889  +0392.844s  REVIEWED Clash752  in BLD-AR-Curtain Mullions-vs-BLD-AR-Curtain Panels  BLD-AR-Curtain Panels and BLD-AR-Curtain Mullions, panel is held by mullion
08:57:37.907  +0392.870s  REVIEWED Clash753  in BLD-AR-Curtain Mullions-vs-BLD-AR-Curtain Panels  BLD-AR-Curtain Panels and BLD-AR-Curtain Mullions, panel is held by mullion
08:57:37.923  +0392.882s  REVIEWED Clash754  in BLD-AR-Curtain Mullions-vs-BLD-AR-Curtain Panels  BLD-AR-Curtain Panels and BLD-AR-Curtain Mullions, panel is held by mullion
08:57:37.938  +0392.894s  REVIEWED Clash755  in BLD-AR-Curtain Mullions-vs-BLD-AR-Curtain Panels  BLD-AR-Curtain Panels and BLD-AR-Curtain Mullions, panel is held by mullion
08:57:37.948  +0392.904s  REVIEWED Clash756  in BLD-AR-Curtain Mullions-vs-BLD-AR-Curtain Panels  BLD-AR-Curtain Panels and BLD-AR-Curtain Mullions, panel is held by mullion
08:57:37.963  +0392.919s  REVIEWED Clash757  in BLD-AR-Curtain Mullions-vs-BLD-AR-Curtain Panels  BLD-AR-Curtain Panels and BLD-AR-Curtain Mullions, panel is held by mullion
08:57:37.977  +0392.933s  REVIEWED Clash758  in BLD-AR-Curtain Mullions-vs-BLD-AR-Curtain Panels  BLD-AR-Curtain Panels and BLD-AR-Curtain Mullions, panel is held by mullion
08:57:37.989  +0392.949s  REVIEWED Clash759  in BLD-AR-Curtain Mullions-vs-BLD-AR-Curtain Panels  BLD-AR-Curtain Panels and BLD-AR-Curtain Mullions, panel is held by mullion
08:57:38.008  +0392.964s  REVIEWED Clash760  in BLD-AR-Curtain Mullions-vs-BLD-AR-Curtain Panels  BLD-AR-Curtain Panels and BLD-AR-Curtain Mullions, panel is held by mullion
08:57:38.020  +0392.977s  REVIEWED Clash761  in BLD-AR-Curtain Mullions-vs-BLD-AR-Curtain Panels  BLD-AR-Curtain Panels and BLD-AR-Curtain Mullions, panel is held by mullion
08:57:38.028  +0392.985s  REVIEWED Clash762  in BLD-AR-Curtain Mullions-vs-BLD-AR-Curtain Panels  BLD-AR-Curtain Panels and BLD-AR-Curtain Mullions, panel is held by mullion
08:57:38.037  +0392.996s  REVIEWED Clash763  in BLD-AR-Curtain Mullions-vs-BLD-AR-Curtain Panels  BLD-AR-Curtain Panels and BLD-AR-Curtain Mullions, panel is held by mullion
08:57:38.052  +0393.007s  REVIEWED Clash764  in BLD-AR-Curtain Mullions-vs-BLD-AR-Curtain Panels  BLD-AR-Curtain Panels and BLD-AR-Curtain Mullions, panel is held by mullion
08:57:38.052  +0393.013s  REVIEWED Clash765  in BLD-AR-Curtain Mullions-vs-BLD-AR-Curtain Panels  BLD-AR-Curtain Panels and BLD-AR-Curtain Mullions, panel is held by mullion
08:57:38.063  +0393.019s  REVIEWED Clash766  in BLD-AR-Curtain Mullions-vs-BLD-AR-Curtain Panels  BLD-AR-Curtain Panels and BLD-AR-Curtain Mullions, panel is held by mullion
08:57:38.065  +0393.025s  REVIEWED Clash767  in BLD-AR-Curtain Mullions-vs-BLD-AR-Curtain Panels  BLD-AR-Curtain Panels and BLD-AR-Curtain Mullions, panel is held by mullion
08:57:38.074  +0393.032s  REVIEWED Clash768  in BLD-AR-Curtain Mullions-vs-BLD-AR-Curtain Panels  BLD-AR-Curtain Panels and BLD-AR-Curtain Mullions, panel is held by mullion
08:57:38.081  +0393.037s  REVIEWED Clash769  in BLD-AR-Curtain Mullions-vs-BLD-AR-Curtain Panels  BLD-AR-Curtain Panels and BLD-AR-Curtain Mullions, panel is held by mullion
08:57:38.084  +0393.043s  REVIEWED Clash770  in BLD-AR-Curtain Mullions-vs-BLD-AR-Curtain Panels  BLD-AR-Curtain Panels and BLD-AR-Curtain Mullions, panel is held by mullion
08:57:38.099  +0393.057s  REVIEWED Clash771  in BLD-AR-Curtain Mullions-vs-BLD-AR-Curtain Panels  BLD-AR-Curtain Panels and BLD-AR-Curtain Mullions, panel is held by mullion
08:57:38.107  +0393.063s  REVIEWED Clash772  in BLD-AR-Curtain Mullions-vs-BLD-AR-Curtain Panels  BLD-AR-Curtain Panels and BLD-AR-Curtain Mullions, panel is held by mullion
08:57:38.118  +0393.075s  REVIEWED Clash773  in BLD-AR-Curtain Mullions-vs-BLD-AR-Curtain Panels  BLD-AR-Curtain Panels and BLD-AR-Curtain Mullions, panel is held by mullion
08:57:38.131  +0393.086s  REVIEWED Clash774  in BLD-AR-Curtain Mullions-vs-BLD-AR-Curtain Panels  BLD-AR-Curtain Panels and BLD-AR-Curtain Mullions, panel is held by mullion
08:57:38.159  +0393.114s  REVIEWED Clash775  in BLD-AR-Curtain Mullions-vs-BLD-AR-Curtain Panels  BLD-AR-Curtain Panels and BLD-AR-Curtain Mullions, panel is held by mullion
08:57:38.217  +0393.173s  REVIEWED Clash776  in BLD-AR-Curtain Mullions-vs-BLD-AR-Curtain Panels  BLD-AR-Curtain Panels and BLD-AR-Curtain Mullions, panel is held by mullion
08:57:38.227  +0393.183s  REVIEWED Clash777  in BLD-AR-Curtain Mullions-vs-BLD-AR-Curtain Panels  BLD-AR-Curtain Panels and BLD-AR-Curtain Mullions, panel is held by mullion
08:57:38.238  +0393.193s  REVIEWED Clash778  in BLD-AR-Curtain Mullions-vs-BLD-AR-Curtain Panels  BLD-AR-Curtain Panels and BLD-AR-Curtain Mullions, panel is held by mullion
08:57:38.248  +0393.206s  REVIEWED Clash779  in BLD-AR-Curtain Mullions-vs-BLD-AR-Curtain Panels  BLD-AR-Curtain Panels and BLD-AR-Curtain Mullions, panel is held by mullion
08:57:38.262  +0393.218s  REVIEWED Clash780  in BLD-AR-Curtain Mullions-vs-BLD-AR-Curtain Panels  BLD-AR-Curtain Panels and BLD-AR-Curtain Mullions, panel is held by mullion
08:57:38.269  +0393.229s  REVIEWED Clash781  in BLD-AR-Curtain Mullions-vs-BLD-AR-Curtain Panels  BLD-AR-Curtain Panels and BLD-AR-Curtain Mullions, panel is held by mullion
08:57:38.282  +0393.241s  REVIEWED Clash782  in BLD-AR-Curtain Mullions-vs-BLD-AR-Curtain Panels  BLD-AR-Curtain Panels and BLD-AR-Curtain Mullions, panel is held by mullion
08:57:38.296  +0393.254s  REVIEWED Clash783  in BLD-AR-Curtain Mullions-vs-BLD-AR-Curtain Panels  BLD-AR-Curtain Panels and BLD-AR-Curtain Mullions, panel is held by mullion
08:57:38.307  +0393.264s  REVIEWED Clash784  in BLD-AR-Curtain Mullions-vs-BLD-AR-Curtain Panels  BLD-AR-Curtain Panels and BLD-AR-Curtain Mullions, panel is held by mullion
08:57:38.315  +0393.277s  REVIEWED Clash785  in BLD-AR-Curtain Mullions-vs-BLD-AR-Curtain Panels  BLD-AR-Curtain Panels and BLD-AR-Curtain Mullions, panel is held by mullion
08:57:38.333  +0393.288s  REVIEWED Clash786  in BLD-AR-Curtain Mullions-vs-BLD-AR-Curtain Panels  BLD-AR-Curtain Panels and BLD-AR-Curtain Mullions, panel is held by mullion
08:57:38.345  +0393.302s  REVIEWED Clash787  in BLD-AR-Curtain Mullions-vs-BLD-AR-Curtain Panels  BLD-AR-Curtain Panels and BLD-AR-Curtain Mullions, panel is held by mullion
08:57:38.359  +0393.315s  REVIEWED Clash788  in BLD-AR-Curtain Mullions-vs-BLD-AR-Curtain Panels  BLD-AR-Curtain Panels and BLD-AR-Curtain Mullions, panel is held by mullion
08:57:38.370  +0393.327s  REVIEWED Clash789  in BLD-AR-Curtain Mullions-vs-BLD-AR-Curtain Panels  BLD-AR-Curtain Panels and BLD-AR-Curtain Mullions, panel is held by mullion
08:57:38.377  +0393.339s  REVIEWED Clash790  in BLD-AR-Curtain Mullions-vs-BLD-AR-Curtain Panels  BLD-AR-Curtain Panels and BLD-AR-Curtain Mullions, panel is held by mullion
08:57:38.394  +0393.354s  REVIEWED Clash791  in BLD-AR-Curtain Mullions-vs-BLD-AR-Curtain Panels  BLD-AR-Curtain Panels and BLD-AR-Curtain Mullions, panel is held by mullion
08:57:38.415  +0393.377s  REVIEWED Clash792  in BLD-AR-Curtain Mullions-vs-BLD-AR-Curtain Panels  BLD-AR-Curtain Panels and BLD-AR-Curtain Mullions, panel is held by mullion
08:57:38.434  +0393.389s  REVIEWED Clash793  in BLD-AR-Curtain Mullions-vs-BLD-AR-Curtain Panels  BLD-AR-Curtain Panels and BLD-AR-Curtain Mullions, panel is held by mullion
08:57:38.445  +0393.400s  REVIEWED Clash794  in BLD-AR-Curtain Mullions-vs-BLD-AR-Curtain Panels  BLD-AR-Curtain Panels and BLD-AR-Curtain Mullions, panel is held by mullion
08:57:38.462  +0393.425s  REVIEWED Clash795  in BLD-AR-Curtain Mullions-vs-BLD-AR-Curtain Panels  BLD-AR-Curtain Panels and BLD-AR-Curtain Mullions, panel is held by mullion
08:57:38.515  +0393.470s  REVIEWED Clash796  in BLD-AR-Curtain Mullions-vs-BLD-AR-Curtain Panels  BLD-AR-Curtain Panels and BLD-AR-Curtain Mullions, panel is held by mullion
08:57:38.534  +0393.492s  REVIEWED Clash797  in BLD-AR-Curtain Mullions-vs-BLD-AR-Curtain Panels  BLD-AR-Curtain Panels and BLD-AR-Curtain Mullions, panel is held by mullion
08:57:38.545  +0393.504s  REVIEWED Clash798  in BLD-AR-Curtain Mullions-vs-BLD-AR-Curtain Panels  BLD-AR-Curtain Panels and BLD-AR-Curtain Mullions, panel is held by mullion
08:57:38.560  +0393.517s  REVIEWED Clash799  in BLD-AR-Curtain Mullions-vs-BLD-AR-Curtain Panels  BLD-AR-Curtain Panels and BLD-AR-Curtain Mullions, panel is held by mullion
08:57:38.571  +0393.528s  REVIEWED Clash800  in BLD-AR-Curtain Mullions-vs-BLD-AR-Curtain Panels  BLD-AR-Curtain Panels and BLD-AR-Curtain Mullions, panel is held by mullion
08:57:38.584  +0393.541s  REVIEWED Clash801  in BLD-AR-Curtain Mullions-vs-BLD-AR-Curtain Panels  BLD-AR-Curtain Panels and BLD-AR-Curtain Mullions, panel is held by mullion
08:57:38.593  +0393.551s  REVIEWED Clash802  in BLD-AR-Curtain Mullions-vs-BLD-AR-Curtain Panels  BLD-AR-Curtain Panels and BLD-AR-Curtain Mullions, panel is held by mullion
08:57:38.609  +0393.565s  REVIEWED Clash803  in BLD-AR-Curtain Mullions-vs-BLD-AR-Curtain Panels  BLD-AR-Curtain Panels and BLD-AR-Curtain Mullions, panel is held by mullion
08:57:38.616  +0393.575s  REVIEWED Clash804  in BLD-AR-Curtain Mullions-vs-BLD-AR-Curtain Panels  BLD-AR-Curtain Panels and BLD-AR-Curtain Mullions, panel is held by mullion
08:57:38.632  +0393.588s  REVIEWED Clash805  in BLD-AR-Curtain Mullions-vs-BLD-AR-Curtain Panels  BLD-AR-Curtain Panels and BLD-AR-Curtain Mullions, panel is held by mullion
08:57:38.645  +0393.600s  REVIEWED Clash806  in BLD-AR-Curtain Mullions-vs-BLD-AR-Curtain Panels  BLD-AR-Curtain Panels and BLD-AR-Curtain Mullions, panel is held by mullion
08:57:38.654  +0393.611s  REVIEWED Clash807  in BLD-AR-Curtain Mullions-vs-BLD-AR-Curtain Panels  BLD-AR-Curtain Panels and BLD-AR-Curtain Mullions, panel is held by mullion
08:57:38.676  +0393.632s  REVIEWED Clash808  in BLD-AR-Curtain Mullions-vs-BLD-AR-Curtain Panels  BLD-AR-Curtain Panels and BLD-AR-Curtain Mullions, panel is held by mullion
08:57:38.680  +0393.645s  REVIEWED Clash809  in BLD-AR-Curtain Mullions-vs-BLD-AR-Curtain Panels  BLD-AR-Curtain Panels and BLD-AR-Curtain Mullions, panel is held by mullion
08:57:38.696  +0393.652s  REVIEWED Clash810  in BLD-AR-Curtain Mullions-vs-BLD-AR-Curtain Panels  BLD-AR-Curtain Panels and BLD-AR-Curtain Mullions, panel is held by mullion
08:57:38.700  +0393.659s  REVIEWED Clash811  in BLD-AR-Curtain Mullions-vs-BLD-AR-Curtain Panels  BLD-AR-Curtain Panels and BLD-AR-Curtain Mullions, panel is held by mullion
08:57:38.713  +0393.669s  REVIEWED Clash812  in BLD-AR-Curtain Mullions-vs-BLD-AR-Curtain Panels  BLD-AR-Curtain Panels and BLD-AR-Curtain Mullions, panel is held by mullion
08:57:38.724  +0393.681s  REVIEWED Clash813  in BLD-AR-Curtain Mullions-vs-BLD-AR-Curtain Panels  BLD-AR-Curtain Panels and BLD-AR-Curtain Mullions, panel is held by mullion
08:57:38.743  +0393.703s  REVIEWED Clash814  in BLD-AR-Curtain Mullions-vs-BLD-AR-Curtain Panels  BLD-AR-Curtain Panels and BLD-AR-Curtain Mullions, panel is held by mullion
08:57:38.775  +0393.732s  REVIEWED Clash815  in BLD-AR-Curtain Mullions-vs-BLD-AR-Curtain Panels  BLD-AR-Curtain Panels and BLD-AR-Curtain Mullions, panel is held by mullion
08:57:38.800  +0393.757s  REVIEWED Clash816  in BLD-AR-Curtain Mullions-vs-BLD-AR-Curtain Panels  BLD-AR-Curtain Panels and BLD-AR-Curtain Mullions, panel is held by mullion
08:57:38.810  +0393.767s  REVIEWED Clash817  in BLD-AR-Curtain Mullions-vs-BLD-AR-Curtain Panels  BLD-AR-Curtain Panels and BLD-AR-Curtain Mullions, panel is held by mullion
08:57:38.822  +0393.778s  REVIEWED Clash818  in BLD-AR-Curtain Mullions-vs-BLD-AR-Curtain Panels  BLD-AR-Curtain Panels and BLD-AR-Curtain Mullions, panel is held by mullion
08:57:38.836  +0393.791s  REVIEWED Clash819  in BLD-AR-Curtain Mullions-vs-BLD-AR-Curtain Panels  BLD-AR-Curtain Panels and BLD-AR-Curtain Mullions, panel is held by mullion
08:57:38.845  +0393.802s  REVIEWED Clash820  in BLD-AR-Curtain Mullions-vs-BLD-AR-Curtain Panels  BLD-AR-Curtain Panels and BLD-AR-Curtain Mullions, panel is held by mullion
08:57:38.851  +0393.813s  REVIEWED Clash821  in BLD-AR-Curtain Mullions-vs-BLD-AR-Curtain Panels  BLD-AR-Curtain Panels and BLD-AR-Curtain Mullions, panel is held by mullion
08:57:38.870  +0393.827s  REVIEWED Clash822  in BLD-AR-Curtain Mullions-vs-BLD-AR-Curtain Panels  BLD-AR-Curtain Panels and BLD-AR-Curtain Mullions, panel is held by mullion
08:57:38.883  +0393.843s  REVIEWED Clash823  in BLD-AR-Curtain Mullions-vs-BLD-AR-Curtain Panels  BLD-AR-Curtain Panels and BLD-AR-Curtain Mullions, panel is held by mullion
08:57:38.902  +0393.858s  REVIEWED Clash824  in BLD-AR-Curtain Mullions-vs-BLD-AR-Curtain Panels  BLD-AR-Curtain Panels and BLD-AR-Curtain Mullions, panel is held by mullion
08:57:38.916  +0393.873s  REVIEWED Clash825  in BLD-AR-Curtain Mullions-vs-BLD-AR-Curtain Panels  BLD-AR-Curtain Panels and BLD-AR-Curtain Mullions, panel is held by mullion
08:57:38.927  +0393.885s  REVIEWED Clash826  in BLD-AR-Curtain Mullions-vs-BLD-AR-Curtain Panels  BLD-AR-Curtain Panels and BLD-AR-Curtain Mullions, panel is held by mullion
08:57:38.944  +0393.899s  REVIEWED Clash827  in BLD-AR-Curtain Mullions-vs-BLD-AR-Curtain Panels  BLD-AR-Curtain Panels and BLD-AR-Curtain Mullions, panel is held by mullion
08:57:38.952  +0393.908s  REVIEWED Clash828  in BLD-AR-Curtain Mullions-vs-BLD-AR-Curtain Panels  BLD-AR-Curtain Panels and BLD-AR-Curtain Mullions, panel is held by mullion
08:57:38.964  +0393.920s  REVIEWED Clash829  in BLD-AR-Curtain Mullions-vs-BLD-AR-Curtain Panels  BLD-AR-Curtain Panels and BLD-AR-Curtain Mullions, panel is held by mullion
08:57:38.977  +0393.935s  REVIEWED Clash830  in BLD-AR-Curtain Mullions-vs-BLD-AR-Curtain Panels  BLD-AR-Curtain Panels and BLD-AR-Curtain Mullions, panel is held by mullion
08:57:38.988  +0393.944s  REVIEWED Clash831  in BLD-AR-Curtain Mullions-vs-BLD-AR-Curtain Panels  BLD-AR-Curtain Panels and BLD-AR-Curtain Mullions, panel is held by mullion
08:57:38.994  +0393.957s  REVIEWED Clash832  in BLD-AR-Curtain Mullions-vs-BLD-AR-Curtain Panels  BLD-AR-Curtain Panels and BLD-AR-Curtain Mullions, panel is held by mullion
08:57:39.004  +0393.964s  REVIEWED Clash833  in BLD-AR-Curtain Mullions-vs-BLD-AR-Curtain Panels  BLD-AR-Curtain Panels and BLD-AR-Curtain Mullions, panel is held by mullion
08:57:39.025  +0393.985s  REVIEWED Clash834  in BLD-AR-Curtain Mullions-vs-BLD-AR-Curtain Panels  BLD-AR-Curtain Panels and BLD-AR-Curtain Mullions, panel is held by mullion
08:57:39.061  +0394.024s  REVIEWED Clash835  in BLD-AR-Curtain Mullions-vs-BLD-AR-Curtain Panels  BLD-AR-Curtain Panels and BLD-AR-Curtain Mullions, panel is held by mullion
08:57:39.075  +0394.035s  REVIEWED Clash836  in BLD-AR-Curtain Mullions-vs-BLD-AR-Curtain Panels  BLD-AR-Curtain Panels and BLD-AR-Curtain Mullions, panel is held by mullion
08:57:39.090  +0394.047s  REVIEWED Clash837  in BLD-AR-Curtain Mullions-vs-BLD-AR-Curtain Panels  BLD-AR-Curtain Panels and BLD-AR-Curtain Mullions, panel is held by mullion
08:57:39.103  +0394.059s  REVIEWED Clash838  in BLD-AR-Curtain Mullions-vs-BLD-AR-Curtain Panels  BLD-AR-Curtain Panels and BLD-AR-Curtain Mullions, panel is held by mullion
08:57:39.116  +0394.074s  REVIEWED Clash839  in BLD-AR-Curtain Mullions-vs-BLD-AR-Curtain Panels  BLD-AR-Curtain Panels and BLD-AR-Curtain Mullions, panel is held by mullion
08:57:39.135  +0394.091s  REVIEWED Clash840  in BLD-AR-Curtain Mullions-vs-BLD-AR-Curtain Panels  BLD-AR-Curtain Panels and BLD-AR-Curtain Mullions, panel is held by mullion
08:57:39.145  +0394.105s  REVIEWED Clash841  in BLD-AR-Curtain Mullions-vs-BLD-AR-Curtain Panels  BLD-AR-Curtain Panels and BLD-AR-Curtain Mullions, panel is held by mullion
08:57:39.162  +0394.121s  REVIEWED Clash842  in BLD-AR-Curtain Mullions-vs-BLD-AR-Curtain Panels  BLD-AR-Curtain Panels and BLD-AR-Curtain Mullions, panel is held by mullion
08:57:39.183  +0394.142s  REVIEWED Clash843  in BLD-AR-Curtain Mullions-vs-BLD-AR-Curtain Panels  BLD-AR-Curtain Panels and BLD-AR-Curtain Mullions, panel is held by mullion
08:57:39.202  +0394.163s  REVIEWED Clash844  in BLD-AR-Curtain Mullions-vs-BLD-AR-Curtain Panels  BLD-AR-Curtain Panels and BLD-AR-Curtain Mullions, panel is held by mullion
08:57:39.229  +0394.184s  REVIEWED Clash845  in BLD-AR-Curtain Mullions-vs-BLD-AR-Curtain Panels  BLD-AR-Curtain Panels and BLD-AR-Curtain Mullions, panel is held by mullion
08:57:39.239  +0394.195s  REVIEWED Clash846  in BLD-AR-Curtain Mullions-vs-BLD-AR-Curtain Panels  BLD-AR-Curtain Panels and BLD-AR-Curtain Mullions, panel is held by mullion
08:57:39.256  +0394.212s  REVIEWED Clash847  in BLD-AR-Curtain Mullions-vs-BLD-AR-Curtain Panels  BLD-AR-Curtain Panels and BLD-AR-Curtain Mullions, panel is held by mullion
08:57:39.271  +0394.226s  REVIEWED Clash848  in BLD-AR-Curtain Mullions-vs-BLD-AR-Curtain Panels  BLD-AR-Curtain Panels and BLD-AR-Curtain Mullions, panel is held by mullion
08:57:39.278  +0394.239s  REVIEWED Clash849  in BLD-AR-Curtain Mullions-vs-BLD-AR-Curtain Panels  BLD-AR-Curtain Panels and BLD-AR-Curtain Mullions, panel is held by mullion
08:57:39.295  +0394.251s  REVIEWED Clash850  in BLD-AR-Curtain Mullions-vs-BLD-AR-Curtain Panels  BLD-AR-Curtain Panels and BLD-AR-Curtain Mullions, panel is held by mullion
08:57:39.307  +0394.264s  REVIEWED Clash851  in BLD-AR-Curtain Mullions-vs-BLD-AR-Curtain Panels  BLD-AR-Curtain Panels and BLD-AR-Curtain Mullions, panel is held by mullion
08:57:39.318  +0394.274s  REVIEWED Clash852  in BLD-AR-Curtain Mullions-vs-BLD-AR-Curtain Panels  BLD-AR-Curtain Panels and BLD-AR-Curtain Mullions, panel is held by mullion
08:57:39.331  +0394.287s  REVIEWED Clash853  in BLD-AR-Curtain Mullions-vs-BLD-AR-Curtain Panels  BLD-AR-Curtain Panels and BLD-AR-Curtain Mullions, panel is held by mullion
08:57:39.337  +0394.294s  REVIEWED Clash854  in BLD-AR-Curtain Mullions-vs-BLD-AR-Curtain Panels  BLD-AR-Curtain Panels and BLD-AR-Curtain Mullions, panel is held by mullion
08:57:39.349  +0394.306s  REVIEWED Clash855  in BLD-AR-Curtain Mullions-vs-BLD-AR-Curtain Panels  BLD-AR-Curtain Panels and BLD-AR-Curtain Mullions, panel is held by mullion
08:57:39.361  +0394.323s  REVIEWED Clash856  in BLD-AR-Curtain Mullions-vs-BLD-AR-Curtain Panels  BLD-AR-Curtain Panels and BLD-AR-Curtain Mullions, panel is held by mullion
08:57:39.380  +0394.342s  REVIEWED Clash857  in BLD-AR-Curtain Mullions-vs-BLD-AR-Curtain Panels  BLD-AR-Curtain Panels and BLD-AR-Curtain Mullions, panel is held by mullion
08:57:39.392  +0394.348s  REVIEWED Clash858  in BLD-AR-Curtain Mullions-vs-BLD-AR-Curtain Panels  BLD-AR-Curtain Panels and BLD-AR-Curtain Mullions, panel is held by mullion
08:57:39.398  +0394.354s  REVIEWED Clash859  in BLD-AR-Curtain Mullions-vs-BLD-AR-Curtain Panels  BLD-AR-Curtain Panels and BLD-AR-Curtain Mullions, panel is held by mullion
08:57:39.407  +0394.366s  REVIEWED Clash860  in BLD-AR-Curtain Mullions-vs-BLD-AR-Curtain Panels  BLD-AR-Curtain Panels and BLD-AR-Curtain Mullions, panel is held by mullion
08:57:39.430  +0394.386s  REVIEWED Clash861  in BLD-AR-Curtain Mullions-vs-BLD-AR-Curtain Panels  BLD-AR-Curtain Panels and BLD-AR-Curtain Mullions, panel is held by mullion
08:57:39.440  +0394.396s  REVIEWED Clash862  in BLD-AR-Curtain Mullions-vs-BLD-AR-Curtain Panels  BLD-AR-Curtain Panels and BLD-AR-Curtain Mullions, panel is held by mullion
08:57:39.452  +0394.409s  REVIEWED Clash863  in BLD-AR-Curtain Mullions-vs-BLD-AR-Curtain Panels  BLD-AR-Curtain Panels and BLD-AR-Curtain Mullions, panel is held by mullion
08:57:39.461  +0394.419s  REVIEWED Clash864  in BLD-AR-Curtain Mullions-vs-BLD-AR-Curtain Panels  BLD-AR-Curtain Panels and BLD-AR-Curtain Mullions, panel is held by mullion
08:57:39.473  +0394.429s  REVIEWED Clash865  in BLD-AR-Curtain Mullions-vs-BLD-AR-Curtain Panels  BLD-AR-Curtain Panels and BLD-AR-Curtain Mullions, panel is held by mullion
08:57:39.477  +0394.436s  REVIEWED Clash866  in BLD-AR-Curtain Mullions-vs-BLD-AR-Curtain Panels  BLD-AR-Curtain Panels and BLD-AR-Curtain Mullions, panel is held by mullion
08:57:39.486  +0394.443s  REVIEWED Clash867  in BLD-AR-Curtain Mullions-vs-BLD-AR-Curtain Panels  BLD-AR-Curtain Panels and BLD-AR-Curtain Mullions, panel is held by mullion
08:57:39.542  +0394.501s  REVIEWED Clash868  in BLD-AR-Curtain Mullions-vs-BLD-AR-Curtain Panels  BLD-AR-Curtain Panels and BLD-AR-Curtain Mullions, panel is held by mullion
08:57:39.559  +0394.517s  REVIEWED Clash869  in BLD-AR-Curtain Mullions-vs-BLD-AR-Curtain Panels  BLD-AR-Curtain Panels and BLD-AR-Curtain Mullions, panel is held by mullion
08:57:39.563  +0394.528s  REVIEWED Clash870  in BLD-AR-Curtain Mullions-vs-BLD-AR-Curtain Panels  BLD-AR-Curtain Panels and BLD-AR-Curtain Mullions, panel is held by mullion
08:57:39.595  +0394.551s  REVIEWED Clash871  in BLD-AR-Curtain Mullions-vs-BLD-AR-Curtain Panels  BLD-AR-Curtain Panels and BLD-AR-Curtain Mullions, panel is held by mullion
08:57:39.616  +0394.571s  REVIEWED Clash872  in BLD-AR-Curtain Mullions-vs-BLD-AR-Curtain Panels  BLD-AR-Curtain Panels and BLD-AR-Curtain Mullions, panel is held by mullion
08:57:39.627  +0394.589s  REVIEWED Clash873  in BLD-AR-Curtain Mullions-vs-BLD-AR-Curtain Panels  BLD-AR-Curtain Panels and BLD-AR-Curtain Mullions, panel is held by mullion
08:57:39.644  +0394.599s  REVIEWED Clash874  in BLD-AR-Curtain Mullions-vs-BLD-AR-Curtain Panels  BLD-AR-Curtain Panels and BLD-AR-Curtain Mullions, panel is held by mullion
08:57:39.651  +0394.607s  REVIEWED Clash875  in BLD-AR-Curtain Mullions-vs-BLD-AR-Curtain Panels  BLD-AR-Curtain Panels and BLD-AR-Curtain Mullions, panel is held by mullion
08:57:39.658  +0394.614s  REVIEWED Clash876  in BLD-AR-Curtain Mullions-vs-BLD-AR-Curtain Panels  BLD-AR-Curtain Panels and BLD-AR-Curtain Mullions, panel is held by mullion
08:57:39.658  +0394.620s  REVIEWED Clash877  in BLD-AR-Curtain Mullions-vs-BLD-AR-Curtain Panels  BLD-AR-Curtain Panels and BLD-AR-Curtain Mullions, panel is held by mullion
08:57:39.669  +0394.626s  REVIEWED Clash878  in BLD-AR-Curtain Mullions-vs-BLD-AR-Curtain Panels  BLD-AR-Curtain Panels and BLD-AR-Curtain Mullions, panel is held by mullion
08:57:39.680  +0394.638s  REVIEWED Clash879  in BLD-AR-Curtain Mullions-vs-BLD-AR-Curtain Panels  BLD-AR-Curtain Panels and BLD-AR-Curtain Mullions, panel is held by mullion
08:57:39.694  +0394.651s  REVIEWED Clash880  in BLD-AR-Curtain Mullions-vs-BLD-AR-Curtain Panels  BLD-AR-Curtain Panels and BLD-AR-Curtain Mullions, panel is held by mullion
08:57:39.706  +0394.663s  REVIEWED Clash881  in BLD-AR-Curtain Mullions-vs-BLD-AR-Curtain Panels  BLD-AR-Curtain Panels and BLD-AR-Curtain Mullions, panel is held by mullion
08:57:39.713  +0394.670s  REVIEWED Clash882  in BLD-AR-Curtain Mullions-vs-BLD-AR-Curtain Panels  BLD-AR-Curtain Panels and BLD-AR-Curtain Mullions, panel is held by mullion
08:57:39.724  +0394.681s  REVIEWED Clash883  in BLD-AR-Curtain Mullions-vs-BLD-AR-Curtain Panels  BLD-AR-Curtain Panels and BLD-AR-Curtain Mullions, panel is held by mullion
08:57:39.724  +0394.687s  REVIEWED Clash884  in BLD-AR-Curtain Mullions-vs-BLD-AR-Curtain Panels  BLD-AR-Curtain Panels and BLD-AR-Curtain Mullions, panel is held by mullion
08:57:39.741  +0394.697s  REVIEWED Clash885  in BLD-AR-Curtain Mullions-vs-BLD-AR-Curtain Panels  BLD-AR-Curtain Panels and BLD-AR-Curtain Mullions, panel is held by mullion
08:57:39.769  +0394.724s  REVIEWED Clash886  in BLD-AR-Curtain Mullions-vs-BLD-AR-Curtain Panels  BLD-AR-Curtain Panels and BLD-AR-Curtain Mullions, panel is held by mullion
08:57:39.787  +0394.743s  REVIEWED Clash887  in BLD-AR-Curtain Mullions-vs-BLD-AR-Curtain Panels  BLD-AR-Curtain Panels and BLD-AR-Curtain Mullions, panel is held by mullion
08:57:39.809  +0394.766s  REVIEWED Clash888  in BLD-AR-Curtain Mullions-vs-BLD-AR-Curtain Panels  BLD-AR-Curtain Panels and BLD-AR-Curtain Mullions, panel is held by mullion
08:57:39.849  +0394.805s  REVIEWED Clash889  in BLD-AR-Curtain Mullions-vs-BLD-AR-Curtain Panels  BLD-AR-Curtain Panels and BLD-AR-Curtain Mullions, panel is held by mullion
08:57:39.860  +0394.817s  REVIEWED Clash890  in BLD-AR-Curtain Mullions-vs-BLD-AR-Curtain Panels  BLD-AR-Curtain Panels and BLD-AR-Curtain Mullions, panel is held by mullion
08:57:39.869  +0394.827s  REVIEWED Clash891  in BLD-AR-Curtain Mullions-vs-BLD-AR-Curtain Panels  BLD-AR-Curtain Panels and BLD-AR-Curtain Mullions, panel is held by mullion
08:57:39.880  +0394.840s  REVIEWED Clash892  in BLD-AR-Curtain Mullions-vs-BLD-AR-Curtain Panels  BLD-AR-Curtain Panels and BLD-AR-Curtain Mullions, panel is held by mullion
08:57:39.896  +0394.852s  REVIEWED Clash893  in BLD-AR-Curtain Mullions-vs-BLD-AR-Curtain Panels  BLD-AR-Curtain Panels and BLD-AR-Curtain Mullions, panel is held by mullion
08:57:39.912  +0394.868s  REVIEWED Clash894  in BLD-AR-Curtain Mullions-vs-BLD-AR-Curtain Panels  BLD-AR-Curtain Panels and BLD-AR-Curtain Mullions, panel is held by mullion
08:57:39.916  +0394.879s  REVIEWED Clash895  in BLD-AR-Curtain Mullions-vs-BLD-AR-Curtain Panels  BLD-AR-Curtain Panels and BLD-AR-Curtain Mullions, panel is held by mullion
08:57:39.933  +0394.890s  REVIEWED Clash896  in BLD-AR-Curtain Mullions-vs-BLD-AR-Curtain Panels  BLD-AR-Curtain Panels and BLD-AR-Curtain Mullions, panel is held by mullion
08:57:39.947  +0394.905s  REVIEWED Clash897  in BLD-AR-Curtain Mullions-vs-BLD-AR-Curtain Panels  BLD-AR-Curtain Panels and BLD-AR-Curtain Mullions, panel is held by mullion
08:57:39.958  +0394.915s  REVIEWED Clash898  in BLD-AR-Curtain Mullions-vs-BLD-AR-Curtain Panels  BLD-AR-Curtain Panels and BLD-AR-Curtain Mullions, panel is held by mullion
08:57:39.969  +0394.925s  REVIEWED Clash899  in BLD-AR-Curtain Mullions-vs-BLD-AR-Curtain Panels  BLD-AR-Curtain Panels and BLD-AR-Curtain Mullions, panel is held by mullion
08:57:39.976  +0394.939s  REVIEWED Clash900  in BLD-AR-Curtain Mullions-vs-BLD-AR-Curtain Panels  BLD-AR-Curtain Panels and BLD-AR-Curtain Mullions, panel is held by mullion
08:57:39.994  +0394.949s  REVIEWED Clash901  in BLD-AR-Curtain Mullions-vs-BLD-AR-Curtain Panels  BLD-AR-Curtain Panels and BLD-AR-Curtain Mullions, panel is held by mullion
08:57:40.007  +0394.969s  REVIEWED Clash902  in BLD-AR-Curtain Mullions-vs-BLD-AR-Curtain Panels  BLD-AR-Curtain Panels and BLD-AR-Curtain Mullions, panel is held by mullion
08:57:40.038  +0394.994s  REVIEWED Clash903  in BLD-AR-Curtain Mullions-vs-BLD-AR-Curtain Panels  BLD-AR-Curtain Panels and BLD-AR-Curtain Mullions, panel is held by mullion
08:57:40.044  +0395.006s  REVIEWED Clash904  in BLD-AR-Curtain Mullions-vs-BLD-AR-Curtain Panels  BLD-AR-Curtain Panels and BLD-AR-Curtain Mullions, panel is held by mullion
08:57:40.059  +0395.018s  REVIEWED Clash905  in BLD-AR-Curtain Mullions-vs-BLD-AR-Curtain Panels  BLD-AR-Curtain Panels and BLD-AR-Curtain Mullions, panel is held by mullion
08:57:40.070  +0395.028s  REVIEWED Clash906  in BLD-AR-Curtain Mullions-vs-BLD-AR-Curtain Panels  BLD-AR-Curtain Panels and BLD-AR-Curtain Mullions, panel is held by mullion
08:57:40.098  +0395.056s  REVIEWED Clash907  in BLD-AR-Curtain Mullions-vs-BLD-AR-Curtain Panels  BLD-AR-Curtain Panels and BLD-AR-Curtain Mullions, panel is held by mullion
08:57:40.133  +0395.093s  REVIEWED Clash908  in BLD-AR-Curtain Mullions-vs-BLD-AR-Curtain Panels  BLD-AR-Curtain Panels and BLD-AR-Curtain Mullions, panel is held by mullion
08:57:40.144  +0395.103s  REVIEWED Clash909  in BLD-AR-Curtain Mullions-vs-BLD-AR-Curtain Panels  BLD-AR-Curtain Panels and BLD-AR-Curtain Mullions, panel is held by mullion
08:57:40.154  +0395.115s  REVIEWED Clash910  in BLD-AR-Curtain Mullions-vs-BLD-AR-Curtain Panels  BLD-AR-Curtain Panels and BLD-AR-Curtain Mullions, panel is held by mullion
08:57:40.165  +0395.126s  REVIEWED Clash911  in BLD-AR-Curtain Mullions-vs-BLD-AR-Curtain Panels  BLD-AR-Curtain Panels and BLD-AR-Curtain Mullions, panel is held by mullion
08:57:40.181  +0395.141s  REVIEWED Clash912  in BLD-AR-Curtain Mullions-vs-BLD-AR-Curtain Panels  BLD-AR-Curtain Panels and BLD-AR-Curtain Mullions, panel is held by mullion
08:57:40.204  +0395.161s  REVIEWED Clash913  in BLD-AR-Curtain Mullions-vs-BLD-AR-Curtain Panels  BLD-AR-Curtain Panels and BLD-AR-Curtain Mullions, panel is held by mullion
08:57:40.227  +0395.183s  REVIEWED Clash914  in BLD-AR-Curtain Mullions-vs-BLD-AR-Curtain Panels  BLD-AR-Curtain Panels and BLD-AR-Curtain Mullions, panel is held by mullion
08:57:40.242  +0395.198s  REVIEWED Clash915  in BLD-AR-Curtain Mullions-vs-BLD-AR-Curtain Panels  BLD-AR-Curtain Panels and BLD-AR-Curtain Mullions, panel is held by mullion
08:57:40.252  +0395.210s  REVIEWED Clash916  in BLD-AR-Curtain Mullions-vs-BLD-AR-Curtain Panels  BLD-AR-Curtain Panels and BLD-AR-Curtain Mullions, panel is held by mullion
08:57:40.270  +0395.226s  REVIEWED Clash917  in BLD-AR-Curtain Mullions-vs-BLD-AR-Curtain Panels  BLD-AR-Curtain Panels and BLD-AR-Curtain Mullions, panel is held by mullion
08:57:40.288  +0395.245s  REVIEWED Clash918  in BLD-AR-Curtain Mullions-vs-BLD-AR-Curtain Panels  BLD-AR-Curtain Panels and BLD-AR-Curtain Mullions, panel is held by mullion
08:57:40.324  +0395.280s  REVIEWED Clash919  in BLD-AR-Curtain Mullions-vs-BLD-AR-Curtain Panels  BLD-AR-Curtain Panels and BLD-AR-Curtain Mullions, panel is held by mullion
08:57:40.330  +0395.287s  REVIEWED Clash920  in BLD-AR-Curtain Mullions-vs-BLD-AR-Curtain Panels  BLD-AR-Curtain Panels and BLD-AR-Curtain Mullions, panel is held by mullion
08:57:40.330  +0395.293s  REVIEWED Clash921  in BLD-AR-Curtain Mullions-vs-BLD-AR-Curtain Panels  BLD-AR-Curtain Panels and BLD-AR-Curtain Mullions, panel is held by mullion
08:57:40.344  +0395.300s  REVIEWED Clash922  in BLD-AR-Curtain Mullions-vs-BLD-AR-Curtain Panels  BLD-AR-Curtain Panels and BLD-AR-Curtain Mullions, panel is held by mullion
08:57:40.350  +0395.306s  REVIEWED Clash923  in BLD-AR-Curtain Mullions-vs-BLD-AR-Curtain Panels  BLD-AR-Curtain Panels and BLD-AR-Curtain Mullions, panel is held by mullion
08:57:40.356  +0395.312s  REVIEWED Clash924  in BLD-AR-Curtain Mullions-vs-BLD-AR-Curtain Panels  BLD-AR-Curtain Panels and BLD-AR-Curtain Mullions, panel is held by mullion
08:57:40.360  +0395.318s  REVIEWED Clash925  in BLD-AR-Curtain Mullions-vs-BLD-AR-Curtain Panels  BLD-AR-Curtain Panels and BLD-AR-Curtain Mullions, panel is held by mullion
08:57:40.371  +0395.329s  REVIEWED Clash926  in BLD-AR-Curtain Mullions-vs-BLD-AR-Curtain Panels  BLD-AR-Curtain Panels and BLD-AR-Curtain Mullions, panel is held by mullion
08:57:40.387  +0395.343s  REVIEWED Clash927  in BLD-AR-Curtain Mullions-vs-BLD-AR-Curtain Panels  BLD-AR-Curtain Panels and BLD-AR-Curtain Mullions, panel is held by mullion
08:57:40.394  +0395.353s  REVIEWED Clash928  in BLD-AR-Curtain Mullions-vs-BLD-AR-Curtain Panels  BLD-AR-Curtain Panels and BLD-AR-Curtain Mullions, panel is held by mullion
08:57:40.404  +0395.365s  REVIEWED Clash929  in BLD-AR-Curtain Mullions-vs-BLD-AR-Curtain Panels  BLD-AR-Curtain Panels and BLD-AR-Curtain Mullions, panel is held by mullion
08:57:40.414  +0395.371s  REVIEWED Clash930  in BLD-AR-Curtain Mullions-vs-BLD-AR-Curtain Panels  BLD-AR-Curtain Panels and BLD-AR-Curtain Mullions, panel is held by mullion
08:57:40.421  +0395.380s  REVIEWED Clash931  in BLD-AR-Curtain Mullions-vs-BLD-AR-Curtain Panels  BLD-AR-Curtain Panels and BLD-AR-Curtain Mullions, panel is held by mullion
08:57:40.440  +0395.396s  REVIEWED Clash932  in BLD-AR-Curtain Mullions-vs-BLD-AR-Curtain Panels  BLD-AR-Curtain Panels and BLD-AR-Curtain Mullions, panel is held by mullion
08:57:40.451  +0395.410s  REVIEWED Clash933  in BLD-AR-Curtain Mullions-vs-BLD-AR-Curtain Panels  BLD-AR-Curtain Panels and BLD-AR-Curtain Mullions, panel is held by mullion
08:57:40.470  +0395.427s  REVIEWED Clash934  in BLD-AR-Curtain Mullions-vs-BLD-AR-Curtain Panels  BLD-AR-Curtain Panels and BLD-AR-Curtain Mullions, panel is held by mullion
08:57:40.486  +0395.441s  REVIEWED Clash935  in BLD-AR-Curtain Mullions-vs-BLD-AR-Curtain Panels  BLD-AR-Curtain Panels and BLD-AR-Curtain Mullions, panel is held by mullion
08:57:40.496  +0395.453s  REVIEWED Clash936  in BLD-AR-Curtain Mullions-vs-BLD-AR-Curtain Panels  BLD-AR-Curtain Panels and BLD-AR-Curtain Mullions, panel is held by mullion
08:57:40.506  +0395.461s  REVIEWED Clash937  in BLD-AR-Curtain Mullions-vs-BLD-AR-Curtain Panels  BLD-AR-Curtain Panels and BLD-AR-Curtain Mullions, panel is held by mullion
08:57:40.514  +0395.471s  REVIEWED Clash938  in BLD-AR-Curtain Mullions-vs-BLD-AR-Curtain Panels  BLD-AR-Curtain Panels and BLD-AR-Curtain Mullions, panel is held by mullion
08:57:40.522  +0395.483s  REVIEWED Clash939  in BLD-AR-Curtain Mullions-vs-BLD-AR-Curtain Panels  BLD-AR-Curtain Panels and BLD-AR-Curtain Mullions, panel is held by mullion
08:57:40.562  +0395.518s  REVIEWED Clash940  in BLD-AR-Curtain Mullions-vs-BLD-AR-Curtain Panels  BLD-AR-Curtain Panels and BLD-AR-Curtain Mullions, panel is held by mullion
08:57:40.583  +0395.547s  REVIEWED Clash941  in BLD-AR-Curtain Mullions-vs-BLD-AR-Curtain Panels  BLD-AR-Curtain Panels and BLD-AR-Curtain Mullions, panel is held by mullion
08:57:40.604  +0395.560s  REVIEWED Clash942  in BLD-AR-Curtain Mullions-vs-BLD-AR-Curtain Panels  BLD-AR-Curtain Panels and BLD-AR-Curtain Mullions, panel is held by mullion
08:57:40.609  +0395.570s  REVIEWED Clash943  in BLD-AR-Curtain Mullions-vs-BLD-AR-Curtain Panels  BLD-AR-Curtain Panels and BLD-AR-Curtain Mullions, panel is held by mullion
08:57:40.630  +0395.586s  REVIEWED Clash944  in BLD-AR-Curtain Mullions-vs-BLD-AR-Curtain Panels  BLD-AR-Curtain Panels and BLD-AR-Curtain Mullions, panel is held by mullion
08:57:40.644  +0395.599s  REVIEWED Clash945  in BLD-AR-Curtain Mullions-vs-BLD-AR-Curtain Panels  BLD-AR-Curtain Panels and BLD-AR-Curtain Mullions, panel is held by mullion
08:57:40.653  +0395.611s  REVIEWED Clash946  in BLD-AR-Curtain Mullions-vs-BLD-AR-Curtain Panels  BLD-AR-Curtain Panels and BLD-AR-Curtain Mullions, panel is held by mullion
08:57:40.669  +0395.624s  REVIEWED Clash947  in BLD-AR-Curtain Mullions-vs-BLD-AR-Curtain Panels  BLD-AR-Curtain Panels and BLD-AR-Curtain Mullions, panel is held by mullion
08:57:40.681  +0395.637s  REVIEWED Clash948  in BLD-AR-Curtain Mullions-vs-BLD-AR-Curtain Panels  BLD-AR-Curtain Panels and BLD-AR-Curtain Mullions, panel is held by mullion
08:57:40.704  +0395.660s  REVIEWED Clash949  in BLD-AR-Curtain Mullions-vs-BLD-AR-Curtain Panels  BLD-AR-Curtain Panels and BLD-AR-Curtain Mullions, panel is held by mullion
08:57:40.717  +0395.672s  REVIEWED Clash950  in BLD-AR-Curtain Mullions-vs-BLD-AR-Curtain Panels  BLD-AR-Curtain Panels and BLD-AR-Curtain Mullions, panel is held by mullion
08:57:40.726  +0395.684s  REVIEWED Clash951  in BLD-AR-Curtain Mullions-vs-BLD-AR-Curtain Panels  BLD-AR-Curtain Panels and BLD-AR-Curtain Mullions, panel is held by mullion
08:57:40.736  +0395.697s  REVIEWED Clash952  in BLD-AR-Curtain Mullions-vs-BLD-AR-Curtain Panels  BLD-AR-Curtain Panels and BLD-AR-Curtain Mullions, panel is held by mullion
08:57:40.755  +0395.713s  REVIEWED Clash953  in BLD-AR-Curtain Mullions-vs-BLD-AR-Curtain Panels  BLD-AR-Curtain Panels and BLD-AR-Curtain Mullions, panel is held by mullion
08:57:40.767  +0395.726s  REVIEWED Clash954  in BLD-AR-Curtain Mullions-vs-BLD-AR-Curtain Panels  BLD-AR-Curtain Panels and BLD-AR-Curtain Mullions, panel is held by mullion
08:57:40.767  +0395.732s  REVIEWED Clash955  in BLD-AR-Curtain Mullions-vs-BLD-AR-Curtain Panels  BLD-AR-Curtain Panels and BLD-AR-Curtain Mullions, panel is held by mullion
08:57:40.783  +0395.739s  REVIEWED Clash956  in BLD-AR-Curtain Mullions-vs-BLD-AR-Curtain Panels  BLD-AR-Curtain Panels and BLD-AR-Curtain Mullions, panel is held by mullion
08:57:40.803  +0395.759s  REVIEWED Clash957  in BLD-AR-Curtain Mullions-vs-BLD-AR-Curtain Panels  BLD-AR-Curtain Panels and BLD-AR-Curtain Mullions, panel is held by mullion
08:57:40.817  +0395.772s  REVIEWED Clash958  in BLD-AR-Curtain Mullions-vs-BLD-AR-Curtain Panels  BLD-AR-Curtain Panels and BLD-AR-Curtain Mullions, panel is held by mullion
08:57:40.819  +0395.782s  REVIEWED Clash959  in BLD-AR-Curtain Mullions-vs-BLD-AR-Curtain Panels  BLD-AR-Curtain Panels and BLD-AR-Curtain Mullions, panel is held by mullion
08:57:40.835  +0395.794s  REVIEWED Clash960  in BLD-AR-Curtain Mullions-vs-BLD-AR-Curtain Panels  BLD-AR-Curtain Panels and BLD-AR-Curtain Mullions, panel is held by mullion
08:57:40.847  +0395.804s  REVIEWED Clash961  in BLD-AR-Curtain Mullions-vs-BLD-AR-Curtain Panels  BLD-AR-Curtain Panels and BLD-AR-Curtain Mullions, panel is held by mullion
08:57:40.853  +0395.812s  REVIEWED Clash962  in BLD-AR-Curtain Mullions-vs-BLD-AR-Curtain Panels  BLD-AR-Curtain Panels and BLD-AR-Curtain Mullions, panel is held by mullion
08:57:40.866  +0395.825s  REVIEWED Clash963  in BLD-AR-Curtain Mullions-vs-BLD-AR-Curtain Panels  BLD-AR-Curtain Panels and BLD-AR-Curtain Mullions, panel is held by mullion
08:57:40.890  +0395.848s  REVIEWED Clash964  in BLD-AR-Curtain Mullions-vs-BLD-AR-Curtain Panels  BLD-AR-Curtain Panels and BLD-AR-Curtain Mullions, panel is held by mullion
08:57:40.905  +0395.862s  REVIEWED Clash965  in BLD-AR-Curtain Mullions-vs-BLD-AR-Curtain Panels  BLD-AR-Curtain Panels and BLD-AR-Curtain Mullions, panel is held by mullion
08:57:40.918  +0395.876s  REVIEWED Clash966  in BLD-AR-Curtain Mullions-vs-BLD-AR-Curtain Panels  BLD-AR-Curtain Panels and BLD-AR-Curtain Mullions, panel is held by mullion
08:57:40.926  +0395.890s  REVIEWED Clash967  in BLD-AR-Curtain Mullions-vs-BLD-AR-Curtain Panels  BLD-AR-Curtain Panels and BLD-AR-Curtain Mullions, panel is held by mullion
08:57:40.945  +0395.904s  REVIEWED Clash968  in BLD-AR-Curtain Mullions-vs-BLD-AR-Curtain Panels  BLD-AR-Curtain Panels and BLD-AR-Curtain Mullions, panel is held by mullion
08:57:40.958  +0395.915s  REVIEWED Clash969  in BLD-AR-Curtain Mullions-vs-BLD-AR-Curtain Panels  BLD-AR-Curtain Panels and BLD-AR-Curtain Mullions, panel is held by mullion
08:57:40.975  +0395.932s  REVIEWED Clash970  in BLD-AR-Curtain Mullions-vs-BLD-AR-Curtain Panels  BLD-AR-Curtain Panels and BLD-AR-Curtain Mullions, panel is held by mullion
08:57:41.021  +0395.981s  REVIEWED Clash971  in BLD-AR-Curtain Mullions-vs-BLD-AR-Curtain Panels  BLD-AR-Curtain Panels and BLD-AR-Curtain Mullions, panel is held by mullion
08:57:41.043  +0396.000s  REVIEWED Clash972  in BLD-AR-Curtain Mullions-vs-BLD-AR-Curtain Panels  BLD-AR-Curtain Panels and BLD-AR-Curtain Mullions, panel is held by mullion
08:57:41.056  +0396.012s  REVIEWED Clash973  in BLD-AR-Curtain Mullions-vs-BLD-AR-Curtain Panels  BLD-AR-Curtain Panels and BLD-AR-Curtain Mullions, panel is held by mullion
08:57:41.056  +0396.023s  REVIEWED Clash974  in BLD-AR-Curtain Mullions-vs-BLD-AR-Curtain Panels  BLD-AR-Curtain Panels and BLD-AR-Curtain Mullions, panel is held by mullion
08:57:41.075  +0396.036s  REVIEWED Clash975  in BLD-AR-Curtain Mullions-vs-BLD-AR-Curtain Panels  BLD-AR-Curtain Panels and BLD-AR-Curtain Mullions, panel is held by mullion
08:57:41.086  +0396.048s  REVIEWED Clash976  in BLD-AR-Curtain Mullions-vs-BLD-AR-Curtain Panels  BLD-AR-Curtain Panels and BLD-AR-Curtain Mullions, panel is held by mullion
08:57:41.104  +0396.060s  REVIEWED Clash977  in BLD-AR-Curtain Mullions-vs-BLD-AR-Curtain Panels  BLD-AR-Curtain Panels and BLD-AR-Curtain Mullions, panel is held by mullion
08:57:41.132  +0396.089s  REVIEWED Clash978  in BLD-AR-Curtain Mullions-vs-BLD-AR-Curtain Panels  BLD-AR-Curtain Panels and BLD-AR-Curtain Mullions, panel is held by mullion
08:57:41.149  +0396.107s  REVIEWED Clash979  in BLD-AR-Curtain Mullions-vs-BLD-AR-Curtain Panels  BLD-AR-Curtain Panels and BLD-AR-Curtain Mullions, panel is held by mullion
08:57:41.167  +0396.124s  REVIEWED Clash980  in BLD-AR-Curtain Mullions-vs-BLD-AR-Curtain Panels  BLD-AR-Curtain Panels and BLD-AR-Curtain Mullions, panel is held by mullion
08:57:41.181  +0396.136s  REVIEWED Clash981  in BLD-AR-Curtain Mullions-vs-BLD-AR-Curtain Panels  BLD-AR-Curtain Panels and BLD-AR-Curtain Mullions, panel is held by mullion
08:57:41.192  +0396.148s  REVIEWED Clash982  in BLD-AR-Curtain Mullions-vs-BLD-AR-Curtain Panels  BLD-AR-Curtain Panels and BLD-AR-Curtain Mullions, panel is held by mullion
08:57:41.196  +0396.161s  REVIEWED Clash983  in BLD-AR-Curtain Mullions-vs-BLD-AR-Curtain Panels  BLD-AR-Curtain Panels and BLD-AR-Curtain Mullions, panel is held by mullion
08:57:41.211  +0396.172s  REVIEWED Clash984  in BLD-AR-Curtain Mullions-vs-BLD-AR-Curtain Panels  BLD-AR-Curtain Panels and BLD-AR-Curtain Mullions, panel is held by mullion
08:57:41.250  +0396.207s  REVIEWED Clash985  in BLD-AR-Curtain Mullions-vs-BLD-AR-Curtain Panels  BLD-AR-Curtain Panels and BLD-AR-Curtain Mullions, panel is held by mullion
08:57:41.267  +0396.226s  REVIEWED Clash986  in BLD-AR-Curtain Mullions-vs-BLD-AR-Curtain Panels  BLD-AR-Curtain Panels and BLD-AR-Curtain Mullions, panel is held by mullion
08:57:41.282  +0396.238s  REVIEWED Clash987  in BLD-AR-Curtain Mullions-vs-BLD-AR-Curtain Panels  BLD-AR-Curtain Panels and BLD-AR-Curtain Mullions, panel is held by mullion
08:57:41.298  +0396.255s  REVIEWED Clash988  in BLD-AR-Curtain Mullions-vs-BLD-AR-Curtain Panels  BLD-AR-Curtain Panels and BLD-AR-Curtain Mullions, panel is held by mullion
08:57:41.309  +0396.267s  REVIEWED Clash989  in BLD-AR-Curtain Mullions-vs-BLD-AR-Curtain Panels  BLD-AR-Curtain Panels and BLD-AR-Curtain Mullions, panel is held by mullion
08:57:41.321  +0396.279s  REVIEWED Clash990  in BLD-AR-Curtain Mullions-vs-BLD-AR-Curtain Panels  BLD-AR-Curtain Panels and BLD-AR-Curtain Mullions, panel is held by mullion
08:57:41.337  +0396.293s  REVIEWED Clash991  in BLD-AR-Curtain Mullions-vs-BLD-AR-Curtain Panels  BLD-AR-Curtain Panels and BLD-AR-Curtain Mullions, panel is held by mullion
08:57:41.345  +0396.303s  REVIEWED Clash992  in BLD-AR-Curtain Mullions-vs-BLD-AR-Curtain Panels  BLD-AR-Curtain Panels and BLD-AR-Curtain Mullions, panel is held by mullion
08:57:41.355  +0396.314s  REVIEWED Clash993  in BLD-AR-Curtain Mullions-vs-BLD-AR-Curtain Panels  BLD-AR-Curtain Panels and BLD-AR-Curtain Mullions, panel is held by mullion
08:57:41.372  +0396.327s  REVIEWED Clash994  in BLD-AR-Curtain Mullions-vs-BLD-AR-Curtain Panels  BLD-AR-Curtain Panels and BLD-AR-Curtain Mullions, panel is held by mullion
08:57:41.392  +0396.348s  REVIEWED Clash995  in BLD-AR-Curtain Mullions-vs-BLD-AR-Curtain Panels  BLD-AR-Curtain Panels and BLD-AR-Curtain Mullions, panel is held by mullion
08:57:41.401  +0396.358s  REVIEWED Clash996  in BLD-AR-Curtain Mullions-vs-BLD-AR-Curtain Panels  BLD-AR-Curtain Panels and BLD-AR-Curtain Mullions, panel is held by mullion
08:57:41.416  +0396.372s  REVIEWED Clash997  in BLD-AR-Curtain Mullions-vs-BLD-AR-Curtain Panels  BLD-AR-Curtain Panels and BLD-AR-Curtain Mullions, panel is held by mullion
08:57:41.423  +0396.386s  REVIEWED Clash998  in BLD-AR-Curtain Mullions-vs-BLD-AR-Curtain Panels  BLD-AR-Curtain Panels and BLD-AR-Curtain Mullions, panel is held by mullion
08:57:41.438  +0396.398s  REVIEWED Clash999  in BLD-AR-Curtain Mullions-vs-BLD-AR-Curtain Panels  BLD-AR-Curtain Panels and BLD-AR-Curtain Mullions, panel is held by mullion
08:57:41.457  +0396.412s  REVIEWED Clash1000  in BLD-AR-Curtain Mullions-vs-BLD-AR-Curtain Panels  BLD-AR-Curtain Panels and BLD-AR-Curtain Mullions, panel is held by mullion
08:57:41.463  +0396.425s  REVIEWED Clash1001  in BLD-AR-Curtain Mullions-vs-BLD-AR-Curtain Panels  BLD-AR-Curtain Panels and BLD-AR-Curtain Mullions, panel is held by mullion
08:57:41.479  +0396.436s  REVIEWED Clash1002  in BLD-AR-Curtain Mullions-vs-BLD-AR-Curtain Panels  BLD-AR-Curtain Panels and BLD-AR-Curtain Mullions, panel is held by mullion
08:57:41.491  +0396.448s  REVIEWED Clash1003  in BLD-AR-Curtain Mullions-vs-BLD-AR-Curtain Panels  BLD-AR-Curtain Panels and BLD-AR-Curtain Mullions, panel is held by mullion
08:57:41.504  +0396.461s  REVIEWED Clash1004  in BLD-AR-Curtain Mullions-vs-BLD-AR-Curtain Panels  BLD-AR-Curtain Panels and BLD-AR-Curtain Mullions, panel is held by mullion
08:57:41.517  +0396.473s  REVIEWED Clash1005  in BLD-AR-Curtain Mullions-vs-BLD-AR-Curtain Panels  BLD-AR-Curtain Panels and BLD-AR-Curtain Mullions, panel is held by mullion
08:57:41.527  +0396.483s  REVIEWED Clash1006  in BLD-AR-Curtain Mullions-vs-BLD-AR-Curtain Panels  BLD-AR-Curtain Panels and BLD-AR-Curtain Mullions, panel is held by mullion
08:57:41.541  +0396.498s  REVIEWED Clash1007  in BLD-AR-Curtain Mullions-vs-BLD-AR-Curtain Panels  BLD-AR-Curtain Panels and BLD-AR-Curtain Mullions, panel is held by mullion
08:57:41.557  +0396.513s  REVIEWED Clash1008  in BLD-AR-Curtain Mullions-vs-BLD-AR-Curtain Panels  BLD-AR-Curtain Panels and BLD-AR-Curtain Mullions, panel is held by mullion
08:57:41.570  +0396.525s  REVIEWED Clash1009  in BLD-AR-Curtain Mullions-vs-BLD-AR-Curtain Panels  BLD-AR-Curtain Panels and BLD-AR-Curtain Mullions, panel is held by mullion
08:57:41.591  +0396.547s  REVIEWED Clash1010  in BLD-AR-Curtain Mullions-vs-BLD-AR-Curtain Panels  BLD-AR-Curtain Panels and BLD-AR-Curtain Mullions, panel is held by mullion
08:57:41.621  +0396.578s  REVIEWED Clash1011  in BLD-AR-Curtain Mullions-vs-BLD-AR-Curtain Panels  BLD-AR-Curtain Panels and BLD-AR-Curtain Mullions, panel is held by mullion
08:57:41.637  +0396.593s  REVIEWED Clash1012  in BLD-AR-Curtain Mullions-vs-BLD-AR-Curtain Panels  BLD-AR-Curtain Panels and BLD-AR-Curtain Mullions, panel is held by mullion
08:57:41.650  +0396.606s  REVIEWED Clash1013  in BLD-AR-Curtain Mullions-vs-BLD-AR-Curtain Panels  BLD-AR-Curtain Panels and BLD-AR-Curtain Mullions, panel is held by mullion
08:57:41.660  +0396.621s  REVIEWED Clash1014  in BLD-AR-Curtain Mullions-vs-BLD-AR-Curtain Panels  BLD-AR-Curtain Panels and BLD-AR-Curtain Mullions, panel is held by mullion
08:57:41.694  +0396.649s  REVIEWED Clash1015  in BLD-AR-Curtain Mullions-vs-BLD-AR-Curtain Panels  BLD-AR-Curtain Panels and BLD-AR-Curtain Mullions, panel is held by mullion
08:57:41.725  +0396.682s  REVIEWED Clash1016  in BLD-AR-Curtain Mullions-vs-BLD-AR-Curtain Panels  BLD-AR-Curtain Panels and BLD-AR-Curtain Mullions, panel is held by mullion
08:57:41.740  +0396.697s  REVIEWED Clash1017  in BLD-AR-Curtain Mullions-vs-BLD-AR-Curtain Panels  BLD-AR-Curtain Panels and BLD-AR-Curtain Mullions, panel is held by mullion
08:57:41.753  +0396.709s  REVIEWED Clash1018  in BLD-AR-Curtain Mullions-vs-BLD-AR-Curtain Panels  BLD-AR-Curtain Panels and BLD-AR-Curtain Mullions, panel is held by mullion
08:57:41.767  +0396.724s  REVIEWED Clash1019  in BLD-AR-Curtain Mullions-vs-BLD-AR-Curtain Panels  BLD-AR-Curtain Panels and BLD-AR-Curtain Mullions, panel is held by mullion
08:57:41.781  +0396.738s  REVIEWED Clash1020  in BLD-AR-Curtain Mullions-vs-BLD-AR-Curtain Panels  BLD-AR-Curtain Panels and BLD-AR-Curtain Mullions, panel is held by mullion
08:57:41.796  +0396.751s  REVIEWED Clash1021  in BLD-AR-Curtain Mullions-vs-BLD-AR-Curtain Panels  BLD-AR-Curtain Panels and BLD-AR-Curtain Mullions, panel is held by mullion
08:57:41.797  +0396.762s  REVIEWED Clash1022  in BLD-AR-Curtain Mullions-vs-BLD-AR-Curtain Panels  BLD-AR-Curtain Panels and BLD-AR-Curtain Mullions, panel is held by mullion
08:57:41.817  +0396.773s  REVIEWED Clash1023  in BLD-AR-Curtain Mullions-vs-BLD-AR-Curtain Panels  BLD-AR-Curtain Panels and BLD-AR-Curtain Mullions, panel is held by mullion
08:57:41.827  +0396.786s  REVIEWED Clash1024  in BLD-AR-Curtain Mullions-vs-BLD-AR-Curtain Panels  BLD-AR-Curtain Panels and BLD-AR-Curtain Mullions, panel is held by mullion
08:57:41.843  +0396.798s  REVIEWED Clash1025  in BLD-AR-Curtain Mullions-vs-BLD-AR-Curtain Panels  BLD-AR-Curtain Panels and BLD-AR-Curtain Mullions, panel is held by mullion
08:57:41.875  +0396.834s  REVIEWED Clash1026  in BLD-AR-Curtain Mullions-vs-BLD-AR-Curtain Panels  BLD-AR-Curtain Panels and BLD-AR-Curtain Mullions, panel is held by mullion
08:57:41.891  +0396.847s  REVIEWED Clash1027  in BLD-AR-Curtain Mullions-vs-BLD-AR-Curtain Panels  BLD-AR-Curtain Panels and BLD-AR-Curtain Mullions, panel is held by mullion
08:57:41.903  +0396.859s  REVIEWED Clash1028  in BLD-AR-Curtain Mullions-vs-BLD-AR-Curtain Panels  BLD-AR-Curtain Panels and BLD-AR-Curtain Mullions, panel is held by mullion
08:57:41.916  +0396.871s  REVIEWED Clash1029  in BLD-AR-Curtain Mullions-vs-BLD-AR-Curtain Panels  BLD-AR-Curtain Panels and BLD-AR-Curtain Mullions, panel is held by mullion
08:57:41.926  +0396.883s  REVIEWED Clash1030  in BLD-AR-Curtain Mullions-vs-BLD-AR-Curtain Panels  BLD-AR-Curtain Panels and BLD-AR-Curtain Mullions, panel is held by mullion
08:57:41.939  +0396.895s  REVIEWED Clash1031  in BLD-AR-Curtain Mullions-vs-BLD-AR-Curtain Panels  BLD-AR-Curtain Panels and BLD-AR-Curtain Mullions, panel is held by mullion
08:57:41.949  +0396.905s  REVIEWED Clash1032  in BLD-AR-Curtain Mullions-vs-BLD-AR-Curtain Panels  BLD-AR-Curtain Panels and BLD-AR-Curtain Mullions, panel is held by mullion
08:57:41.960  +0396.915s  REVIEWED Clash1033  in BLD-AR-Curtain Mullions-vs-BLD-AR-Curtain Panels  BLD-AR-Curtain Panels and BLD-AR-Curtain Mullions, panel is held by mullion
08:57:41.970  +0396.926s  REVIEWED Clash1034  in BLD-AR-Curtain Mullions-vs-BLD-AR-Curtain Panels  BLD-AR-Curtain Panels and BLD-AR-Curtain Mullions, panel is held by mullion
08:57:41.981  +0396.936s  REVIEWED Clash1035  in BLD-AR-Curtain Mullions-vs-BLD-AR-Curtain Panels  BLD-AR-Curtain Panels and BLD-AR-Curtain Mullions, panel is held by mullion
08:57:41.989  +0396.945s  REVIEWED Clash1036  in BLD-AR-Curtain Mullions-vs-BLD-AR-Curtain Panels  BLD-AR-Curtain Panels and BLD-AR-Curtain Mullions, panel is held by mullion
08:57:41.998  +0396.955s  REVIEWED Clash1037  in BLD-AR-Curtain Mullions-vs-BLD-AR-Curtain Panels  BLD-AR-Curtain Panels and BLD-AR-Curtain Mullions, panel is held by mullion
08:57:42.009  +0396.966s  REVIEWED Clash1038  in BLD-AR-Curtain Mullions-vs-BLD-AR-Curtain Panels  BLD-AR-Curtain Panels and BLD-AR-Curtain Mullions, panel is held by mullion
08:57:42.024  +0396.980s  REVIEWED Clash1039  in BLD-AR-Curtain Mullions-vs-BLD-AR-Curtain Panels  BLD-AR-Curtain Panels and BLD-AR-Curtain Mullions, panel is held by mullion
08:57:42.050  +0397.005s  REVIEWED Clash1040  in BLD-AR-Curtain Mullions-vs-BLD-AR-Curtain Panels  BLD-AR-Curtain Panels and BLD-AR-Curtain Mullions, panel is held by mullion
08:57:42.060  +0397.016s  REVIEWED Clash1041  in BLD-AR-Curtain Mullions-vs-BLD-AR-Curtain Panels  BLD-AR-Curtain Panels and BLD-AR-Curtain Mullions, panel is held by mullion
08:57:42.067  +0397.024s  REVIEWED Clash1042  in BLD-AR-Curtain Mullions-vs-BLD-AR-Curtain Panels  BLD-AR-Curtain Panels and BLD-AR-Curtain Mullions, panel is held by mullion
08:57:42.075  +0397.031s  REVIEWED Clash1043  in BLD-AR-Curtain Mullions-vs-BLD-AR-Curtain Panels  BLD-AR-Curtain Panels and BLD-AR-Curtain Mullions, panel is held by mullion
08:57:42.081  +0397.036s  REVIEWED Clash1044  in BLD-AR-Curtain Mullions-vs-BLD-AR-Curtain Panels  BLD-AR-Curtain Panels and BLD-AR-Curtain Mullions, panel is held by mullion
08:57:42.085  +0397.042s  REVIEWED Clash1045  in BLD-AR-Curtain Mullions-vs-BLD-AR-Curtain Panels  BLD-AR-Curtain Panels and BLD-AR-Curtain Mullions, panel is held by mullion
08:57:42.091  +0397.047s  REVIEWED Clash1046  in BLD-AR-Curtain Mullions-vs-BLD-AR-Curtain Panels  BLD-AR-Curtain Panels and BLD-AR-Curtain Mullions, panel is held by mullion
08:57:42.098  +0397.054s  REVIEWED Clash1047  in BLD-AR-Curtain Mullions-vs-BLD-AR-Curtain Panels  BLD-AR-Curtain Panels and BLD-AR-Curtain Mullions, panel is held by mullion
08:57:42.105  +0397.061s  REVIEWED Clash1048  in BLD-AR-Curtain Mullions-vs-BLD-AR-Curtain Panels  BLD-AR-Curtain Panels and BLD-AR-Curtain Mullions, panel is held by mullion
08:57:42.113  +0397.068s  REVIEWED Clash1049  in BLD-AR-Curtain Mullions-vs-BLD-AR-Curtain Panels  BLD-AR-Curtain Panels and BLD-AR-Curtain Mullions, panel is held by mullion
08:57:42.118  +0397.074s  REVIEWED Clash1050  in BLD-AR-Curtain Mullions-vs-BLD-AR-Curtain Panels  BLD-AR-Curtain Panels and BLD-AR-Curtain Mullions, panel is held by mullion
08:57:42.123  +0397.080s  REVIEWED Clash1051  in BLD-AR-Curtain Mullions-vs-BLD-AR-Curtain Panels  BLD-AR-Curtain Panels and BLD-AR-Curtain Mullions, panel is held by mullion
08:57:42.130  +0397.086s  REVIEWED Clash1052  in BLD-AR-Curtain Mullions-vs-BLD-AR-Curtain Panels  BLD-AR-Curtain Panels and BLD-AR-Curtain Mullions, panel is held by mullion
08:57:42.136  +0397.092s  REVIEWED Clash1053  in BLD-AR-Curtain Mullions-vs-BLD-AR-Curtain Panels  BLD-AR-Curtain Panels and BLD-AR-Curtain Mullions, panel is held by mullion
08:57:42.142  +0397.098s  REVIEWED Clash1054  in BLD-AR-Curtain Mullions-vs-BLD-AR-Curtain Panels  BLD-AR-Curtain Panels and BLD-AR-Curtain Mullions, panel is held by mullion
08:57:42.168  +0397.123s  REVIEWED Clash1055  in BLD-AR-Curtain Mullions-vs-BLD-AR-Curtain Panels  BLD-AR-Curtain Panels and BLD-AR-Curtain Mullions, panel is held by mullion
08:57:42.193  +0397.149s  REVIEWED Clash1056  in BLD-AR-Curtain Mullions-vs-BLD-AR-Curtain Panels  BLD-AR-Curtain Panels and BLD-AR-Curtain Mullions, panel is held by mullion
08:57:42.199  +0397.156s  REVIEWED Clash1057  in BLD-AR-Curtain Mullions-vs-BLD-AR-Curtain Panels  BLD-AR-Curtain Panels and BLD-AR-Curtain Mullions, panel is held by mullion
08:57:42.208  +0397.163s  REVIEWED Clash1058  in BLD-AR-Curtain Mullions-vs-BLD-AR-Curtain Panels  BLD-AR-Curtain Panels and BLD-AR-Curtain Mullions, panel is held by mullion
08:57:42.217  +0397.173s  REVIEWED Clash1059  in BLD-AR-Curtain Mullions-vs-BLD-AR-Curtain Panels  BLD-AR-Curtain Panels and BLD-AR-Curtain Mullions, panel is held by mullion
08:57:42.223  +0397.179s  REVIEWED Clash1060  in BLD-AR-Curtain Mullions-vs-BLD-AR-Curtain Panels  BLD-AR-Curtain Panels and BLD-AR-Curtain Mullions, panel is held by mullion
08:57:42.245  +0397.201s  REVIEWED Clash1061  in BLD-AR-Curtain Mullions-vs-BLD-AR-Curtain Panels  BLD-AR-Curtain Panels and BLD-AR-Curtain Mullions, panel is held by mullion
08:57:42.269  +0397.225s  REVIEWED Clash1062  in BLD-AR-Curtain Mullions-vs-BLD-AR-Curtain Panels  BLD-AR-Curtain Panels and BLD-AR-Curtain Mullions, panel is held by mullion
08:57:42.280  +0397.236s  REVIEWED Clash1063  in BLD-AR-Curtain Mullions-vs-BLD-AR-Curtain Panels  BLD-AR-Curtain Panels and BLD-AR-Curtain Mullions, panel is held by mullion
08:57:42.296  +0397.251s  REVIEWED Clash1064  in BLD-AR-Curtain Mullions-vs-BLD-AR-Curtain Panels  BLD-AR-Curtain Panels and BLD-AR-Curtain Mullions, panel is held by mullion
08:57:42.305  +0397.262s  REVIEWED Clash1065  in BLD-AR-Curtain Mullions-vs-BLD-AR-Curtain Panels  BLD-AR-Curtain Panels and BLD-AR-Curtain Mullions, panel is held by mullion
08:57:42.313  +0397.268s  REVIEWED Clash1066  in BLD-AR-Curtain Mullions-vs-BLD-AR-Curtain Panels  BLD-AR-Curtain Panels and BLD-AR-Curtain Mullions, panel is held by mullion
08:57:42.318  +0397.274s  REVIEWED Clash1067  in BLD-AR-Curtain Mullions-vs-BLD-AR-Curtain Panels  BLD-AR-Curtain Panels and BLD-AR-Curtain Mullions, panel is held by mullion
08:57:42.326  +0397.281s  REVIEWED Clash1068  in BLD-AR-Curtain Mullions-vs-BLD-AR-Curtain Panels  BLD-AR-Curtain Panels and BLD-AR-Curtain Mullions, panel is held by mullion
08:57:42.332  +0397.288s  REVIEWED Clash1069  in BLD-AR-Curtain Mullions-vs-BLD-AR-Curtain Panels  BLD-AR-Curtain Panels and BLD-AR-Curtain Mullions, panel is held by mullion
08:57:42.347  +0397.302s  REVIEWED Clash1070  in BLD-AR-Curtain Mullions-vs-BLD-AR-Curtain Panels  BLD-AR-Curtain Panels and BLD-AR-Curtain Mullions, panel is held by mullion
08:57:42.365  +0397.321s  REVIEWED Clash1071  in BLD-AR-Curtain Mullions-vs-BLD-AR-Curtain Panels  BLD-AR-Curtain Panels and BLD-AR-Curtain Mullions, panel is held by mullion
08:57:42.371  +0397.327s  REVIEWED Clash1072  in BLD-AR-Curtain Mullions-vs-BLD-AR-Curtain Panels  BLD-AR-Curtain Panels and BLD-AR-Curtain Mullions, panel is held by mullion
08:57:42.377  +0397.332s  REVIEWED Clash1073  in BLD-AR-Curtain Mullions-vs-BLD-AR-Curtain Panels  BLD-AR-Curtain Panels and BLD-AR-Curtain Mullions, panel is held by mullion
08:57:42.388  +0397.344s  REVIEWED Clash1074  in BLD-AR-Curtain Mullions-vs-BLD-AR-Curtain Panels  BLD-AR-Curtain Panels and BLD-AR-Curtain Mullions, panel is held by mullion
08:57:42.397  +0397.352s  REVIEWED Clash1075  in BLD-AR-Curtain Mullions-vs-BLD-AR-Curtain Panels  BLD-AR-Curtain Panels and BLD-AR-Curtain Mullions, panel is held by mullion
08:57:42.402  +0397.359s  REVIEWED Clash1076  in BLD-AR-Curtain Mullions-vs-BLD-AR-Curtain Panels  BLD-AR-Curtain Panels and BLD-AR-Curtain Mullions, panel is held by mullion
08:57:42.408  +0397.365s  REVIEWED Clash1077  in BLD-AR-Curtain Mullions-vs-BLD-AR-Curtain Panels  BLD-AR-Curtain Panels and BLD-AR-Curtain Mullions, panel is held by mullion
08:57:42.416  +0397.372s  REVIEWED Clash1078  in BLD-AR-Curtain Mullions-vs-BLD-AR-Curtain Panels  BLD-AR-Curtain Panels and BLD-AR-Curtain Mullions, panel is held by mullion
08:57:42.422  +0397.378s  REVIEWED Clash1079  in BLD-AR-Curtain Mullions-vs-BLD-AR-Curtain Panels  BLD-AR-Curtain Panels and BLD-AR-Curtain Mullions, panel is held by mullion
08:57:42.428  +0397.384s  REVIEWED Clash1080  in BLD-AR-Curtain Mullions-vs-BLD-AR-Curtain Panels  BLD-AR-Curtain Panels and BLD-AR-Curtain Mullions, panel is held by mullion
08:57:42.435  +0397.392s  REVIEWED Clash1081  in BLD-AR-Curtain Mullions-vs-BLD-AR-Curtain Panels  BLD-AR-Curtain Panels and BLD-AR-Curtain Mullions, panel is held by mullion
08:57:42.444  +0397.399s  REVIEWED Clash1082  in BLD-AR-Curtain Mullions-vs-BLD-AR-Curtain Panels  BLD-AR-Curtain Panels and BLD-AR-Curtain Mullions, panel is held by mullion
08:57:42.458  +0397.414s  REVIEWED Clash1083  in BLD-AR-Curtain Mullions-vs-BLD-AR-Curtain Panels  BLD-AR-Curtain Panels and BLD-AR-Curtain Mullions, panel is held by mullion
08:57:42.477  +0397.433s  REVIEWED Clash1084  in BLD-AR-Curtain Mullions-vs-BLD-AR-Curtain Panels  BLD-AR-Curtain Panels and BLD-AR-Curtain Mullions, panel is held by mullion
08:57:42.498  +0397.453s  REVIEWED Clash1085  in BLD-AR-Curtain Mullions-vs-BLD-AR-Curtain Panels  BLD-AR-Curtain Panels and BLD-AR-Curtain Mullions, panel is held by mullion
08:57:42.515  +0397.471s  REVIEWED Clash1086  in BLD-AR-Curtain Mullions-vs-BLD-AR-Curtain Panels  BLD-AR-Curtain Panels and BLD-AR-Curtain Mullions, panel is held by mullion
08:57:42.523  +0397.483s  REVIEWED Clash1087  in BLD-AR-Curtain Mullions-vs-BLD-AR-Curtain Panels  BLD-AR-Curtain Panels and BLD-AR-Curtain Mullions, panel is held by mullion
08:57:42.523  +0397.489s  REVIEWED Clash1088  in BLD-AR-Curtain Mullions-vs-BLD-AR-Curtain Panels  BLD-AR-Curtain Panels and BLD-AR-Curtain Mullions, panel is held by mullion
08:57:42.538  +0397.495s  REVIEWED Clash1089  in BLD-AR-Curtain Mullions-vs-BLD-AR-Curtain Panels  BLD-AR-Curtain Panels and BLD-AR-Curtain Mullions, panel is held by mullion
08:57:42.548  +0397.503s  REVIEWED Clash1090  in BLD-AR-Curtain Mullions-vs-BLD-AR-Curtain Panels  BLD-AR-Curtain Panels and BLD-AR-Curtain Mullions, panel is held by mullion
08:57:42.557  +0397.512s  REVIEWED Clash1091  in BLD-AR-Curtain Mullions-vs-BLD-AR-Curtain Panels  BLD-AR-Curtain Panels and BLD-AR-Curtain Mullions, panel is held by mullion
08:57:42.564  +0397.520s  REVIEWED Clash1092  in BLD-AR-Curtain Mullions-vs-BLD-AR-Curtain Panels  BLD-AR-Curtain Panels and BLD-AR-Curtain Mullions, panel is held by mullion
08:57:42.573  +0397.529s  REVIEWED Clash1093  in BLD-AR-Curtain Mullions-vs-BLD-AR-Curtain Panels  BLD-AR-Curtain Panels and BLD-AR-Curtain Mullions, panel is held by mullion
08:57:42.575  +0397.536s  REVIEWED Clash1094  in BLD-AR-Curtain Mullions-vs-BLD-AR-Curtain Panels  BLD-AR-Curtain Panels and BLD-AR-Curtain Mullions, panel is held by mullion
08:57:42.588  +0397.543s  REVIEWED Clash1095  in BLD-AR-Curtain Mullions-vs-BLD-AR-Curtain Panels  BLD-AR-Curtain Panels and BLD-AR-Curtain Mullions, panel is held by mullion
08:57:42.595  +0397.551s  REVIEWED Clash1096  in BLD-AR-Curtain Mullions-vs-BLD-AR-Curtain Panels  BLD-AR-Curtain Panels and BLD-AR-Curtain Mullions, panel is held by mullion
08:57:42.608  +0397.565s  REVIEWED Clash1097  in BLD-AR-Curtain Mullions-vs-BLD-AR-Curtain Panels  BLD-AR-Curtain Panels and BLD-AR-Curtain Mullions, panel is held by mullion
08:57:42.627  +0397.582s  REVIEWED Clash1098  in BLD-AR-Curtain Mullions-vs-BLD-AR-Curtain Panels  BLD-AR-Curtain Panels and BLD-AR-Curtain Mullions, panel is held by mullion
08:57:42.641  +0397.597s  REVIEWED Clash1099  in BLD-AR-Curtain Mullions-vs-BLD-AR-Curtain Panels  BLD-AR-Curtain Panels and BLD-AR-Curtain Mullions, panel is held by mullion
08:57:42.652  +0397.613s  REVIEWED Clash1100  in BLD-AR-Curtain Mullions-vs-BLD-AR-Curtain Panels  BLD-AR-Curtain Panels and BLD-AR-Curtain Mullions, panel is held by mullion
08:57:42.668  +0397.625s  REVIEWED Clash1101  in BLD-AR-Curtain Mullions-vs-BLD-AR-Curtain Panels  BLD-AR-Curtain Panels and BLD-AR-Curtain Mullions, panel is held by mullion
08:57:42.677  +0397.634s  REVIEWED Clash1102  in BLD-AR-Curtain Mullions-vs-BLD-AR-Curtain Panels  BLD-AR-Curtain Panels and BLD-AR-Curtain Mullions, panel is held by mullion
08:57:42.687  +0397.642s  REVIEWED Clash1103  in BLD-AR-Curtain Mullions-vs-BLD-AR-Curtain Panels  BLD-AR-Curtain Panels and BLD-AR-Curtain Mullions, panel is held by mullion
08:57:42.694  +0397.650s  REVIEWED Clash1104  in BLD-AR-Curtain Mullions-vs-BLD-AR-Curtain Panels  BLD-AR-Curtain Panels and BLD-AR-Curtain Mullions, panel is held by mullion
08:57:42.702  +0397.657s  REVIEWED Clash1105  in BLD-AR-Curtain Mullions-vs-BLD-AR-Curtain Panels  BLD-AR-Curtain Panels and BLD-AR-Curtain Mullions, panel is held by mullion
08:57:42.708  +0397.664s  REVIEWED Clash1106  in BLD-AR-Curtain Mullions-vs-BLD-AR-Curtain Panels  BLD-AR-Curtain Panels and BLD-AR-Curtain Mullions, panel is held by mullion
08:57:42.712  +0397.670s  REVIEWED Clash1107  in BLD-AR-Curtain Mullions-vs-BLD-AR-Curtain Panels  BLD-AR-Curtain Panels and BLD-AR-Curtain Mullions, panel is held by mullion
08:57:42.718  +0397.676s  REVIEWED Clash1108  in BLD-AR-Curtain Mullions-vs-BLD-AR-Curtain Panels  BLD-AR-Curtain Panels and BLD-AR-Curtain Mullions, panel is held by mullion
08:57:42.718  +0397.682s  REVIEWED Clash1109  in BLD-AR-Curtain Mullions-vs-BLD-AR-Curtain Panels  BLD-AR-Curtain Panels and BLD-AR-Curtain Mullions, panel is held by mullion
08:57:42.734  +0397.691s  REVIEWED Clash1110  in BLD-AR-Curtain Mullions-vs-BLD-AR-Curtain Panels  BLD-AR-Curtain Panels and BLD-AR-Curtain Mullions, panel is held by mullion
08:57:42.742  +0397.698s  REVIEWED Clash1111  in BLD-AR-Curtain Mullions-vs-BLD-AR-Curtain Panels  BLD-AR-Curtain Panels and BLD-AR-Curtain Mullions, panel is held by mullion
08:57:42.754  +0397.711s  REVIEWED Clash1112  in BLD-AR-Curtain Mullions-vs-BLD-AR-Curtain Panels  BLD-AR-Curtain Panels and BLD-AR-Curtain Mullions, panel is held by mullion
08:57:42.775  +0397.731s  REVIEWED Clash1113  in BLD-AR-Curtain Mullions-vs-BLD-AR-Curtain Panels  BLD-AR-Curtain Panels and BLD-AR-Curtain Mullions, panel is held by mullion
08:57:42.789  +0397.744s  REVIEWED Clash1114  in BLD-AR-Curtain Mullions-vs-BLD-AR-Curtain Panels  BLD-AR-Curtain Panels and BLD-AR-Curtain Mullions, panel is held by mullion
08:57:42.802  +0397.758s  REVIEWED Clash1115  in BLD-AR-Curtain Mullions-vs-BLD-AR-Curtain Panels  BLD-AR-Curtain Panels and BLD-AR-Curtain Mullions, panel is held by mullion
08:57:42.812  +0397.768s  REVIEWED Clash1116  in BLD-AR-Curtain Mullions-vs-BLD-AR-Curtain Panels  BLD-AR-Curtain Panels and BLD-AR-Curtain Mullions, panel is held by mullion
08:57:42.819  +0397.775s  REVIEWED Clash1117  in BLD-AR-Curtain Mullions-vs-BLD-AR-Curtain Panels  BLD-AR-Curtain Panels and BLD-AR-Curtain Mullions, panel is held by mullion
08:57:42.828  +0397.785s  REVIEWED Clash1118  in BLD-AR-Curtain Mullions-vs-BLD-AR-Curtain Panels  BLD-AR-Curtain Panels and BLD-AR-Curtain Mullions, panel is held by mullion
08:57:42.834  +0397.791s  REVIEWED Clash1119  in BLD-AR-Curtain Mullions-vs-BLD-AR-Curtain Panels  BLD-AR-Curtain Panels and BLD-AR-Curtain Mullions, panel is held by mullion
08:57:42.842  +0397.799s  REVIEWED Clash1120  in BLD-AR-Curtain Mullions-vs-BLD-AR-Curtain Panels  BLD-AR-Curtain Panels and BLD-AR-Curtain Mullions, panel is held by mullion
08:57:42.850  +0397.807s  REVIEWED Clash1121  in BLD-AR-Curtain Mullions-vs-BLD-AR-Curtain Panels  BLD-AR-Curtain Panels and BLD-AR-Curtain Mullions, panel is held by mullion
08:57:42.860  +0397.817s  REVIEWED Clash1122  in BLD-AR-Curtain Mullions-vs-BLD-AR-Curtain Panels  BLD-AR-Curtain Panels and BLD-AR-Curtain Mullions, panel is held by mullion
08:57:42.868  +0397.824s  REVIEWED Clash1123  in BLD-AR-Curtain Mullions-vs-BLD-AR-Curtain Panels  BLD-AR-Curtain Panels and BLD-AR-Curtain Mullions, panel is held by mullion
08:57:42.874  +0397.831s  REVIEWED Clash1124  in BLD-AR-Curtain Mullions-vs-BLD-AR-Curtain Panels  BLD-AR-Curtain Panels and BLD-AR-Curtain Mullions, panel is held by mullion
08:57:42.882  +0397.837s  REVIEWED Clash1125  in BLD-AR-Curtain Mullions-vs-BLD-AR-Curtain Panels  BLD-AR-Curtain Panels and BLD-AR-Curtain Mullions, panel is held by mullion
08:57:42.890  +0397.847s  REVIEWED Clash1126  in BLD-AR-Curtain Mullions-vs-BLD-AR-Curtain Panels  BLD-AR-Curtain Panels and BLD-AR-Curtain Mullions, panel is held by mullion
08:57:42.902  +0397.857s  REVIEWED Clash1127  in BLD-AR-Curtain Mullions-vs-BLD-AR-Curtain Panels  BLD-AR-Curtain Panels and BLD-AR-Curtain Mullions, panel is held by mullion
08:57:42.919  +0397.874s  REVIEWED Clash1128  in BLD-AR-Curtain Mullions-vs-BLD-AR-Curtain Panels  BLD-AR-Curtain Panels and BLD-AR-Curtain Mullions, panel is held by mullion
08:57:42.938  +0397.894s  REVIEWED Clash1129  in BLD-AR-Curtain Mullions-vs-BLD-AR-Curtain Panels  BLD-AR-Curtain Panels and BLD-AR-Curtain Mullions, panel is held by mullion
08:57:42.953  +0397.909s  REVIEWED Clash1130  in BLD-AR-Curtain Mullions-vs-BLD-AR-Curtain Panels  BLD-AR-Curtain Panels and BLD-AR-Curtain Mullions, panel is held by mullion
08:57:42.959  +0397.915s  REVIEWED Clash1131  in BLD-AR-Curtain Mullions-vs-BLD-AR-Curtain Panels  BLD-AR-Curtain Panels and BLD-AR-Curtain Mullions, panel is held by mullion
08:57:42.965  +0397.921s  REVIEWED Clash1132  in BLD-AR-Curtain Mullions-vs-BLD-AR-Curtain Panels  BLD-AR-Curtain Panels and BLD-AR-Curtain Mullions, panel is held by mullion
08:57:42.971  +0397.927s  REVIEWED Clash1133  in BLD-AR-Curtain Mullions-vs-BLD-AR-Curtain Panels  BLD-AR-Curtain Panels and BLD-AR-Curtain Mullions, panel is held by mullion
08:57:42.977  +0397.933s  REVIEWED Clash1134  in BLD-AR-Curtain Mullions-vs-BLD-AR-Curtain Panels  BLD-AR-Curtain Panels and BLD-AR-Curtain Mullions, panel is held by mullion
08:57:42.985  +0397.942s  REVIEWED Clash1135  in BLD-AR-Curtain Mullions-vs-BLD-AR-Curtain Panels  BLD-AR-Curtain Panels and BLD-AR-Curtain Mullions, panel is held by mullion
08:57:42.994  +0397.950s  REVIEWED Clash1136  in BLD-AR-Curtain Mullions-vs-BLD-AR-Curtain Panels  BLD-AR-Curtain Panels and BLD-AR-Curtain Mullions, panel is held by mullion
08:57:43.002  +0397.958s  REVIEWED Clash1137  in BLD-AR-Curtain Mullions-vs-BLD-AR-Curtain Panels  BLD-AR-Curtain Panels and BLD-AR-Curtain Mullions, panel is held by mullion
08:57:43.008  +0397.964s  REVIEWED Clash1138  in BLD-AR-Curtain Mullions-vs-BLD-AR-Curtain Panels  BLD-AR-Curtain Panels and BLD-AR-Curtain Mullions, panel is held by mullion
08:57:43.019  +0397.974s  REVIEWED Clash1139  in BLD-AR-Curtain Mullions-vs-BLD-AR-Curtain Panels  BLD-AR-Curtain Panels and BLD-AR-Curtain Mullions, panel is held by mullion
08:57:43.027  +0397.982s  REVIEWED Clash1140  in BLD-AR-Curtain Mullions-vs-BLD-AR-Curtain Panels  BLD-AR-Curtain Panels and BLD-AR-Curtain Mullions, panel is held by mullion
08:57:43.033  +0397.989s  REVIEWED Clash1141  in BLD-AR-Curtain Mullions-vs-BLD-AR-Curtain Panels  BLD-AR-Curtain Panels and BLD-AR-Curtain Mullions, panel is held by mullion
08:57:43.039  +0397.995s  REVIEWED Clash1142  in BLD-AR-Curtain Mullions-vs-BLD-AR-Curtain Panels  BLD-AR-Curtain Panels and BLD-AR-Curtain Mullions, panel is held by mullion
08:57:43.062  +0398.018s  REVIEWED Clash1143  in BLD-AR-Curtain Mullions-vs-BLD-AR-Curtain Panels  BLD-AR-Curtain Panels and BLD-AR-Curtain Mullions, panel is held by mullion
08:57:43.076  +0398.032s  REVIEWED Clash1144  in BLD-AR-Curtain Mullions-vs-BLD-AR-Curtain Panels  BLD-AR-Curtain Panels and BLD-AR-Curtain Mullions, panel is held by mullion
08:57:43.090  +0398.045s  REVIEWED Clash1145  in BLD-AR-Curtain Mullions-vs-BLD-AR-Curtain Panels  BLD-AR-Curtain Panels and BLD-AR-Curtain Mullions, panel is held by mullion
08:57:43.096  +0398.051s  REVIEWED Clash1146  in BLD-AR-Curtain Mullions-vs-BLD-AR-Curtain Panels  BLD-AR-Curtain Panels and BLD-AR-Curtain Mullions, panel is held by mullion
08:57:43.100  +0398.057s  REVIEWED Clash1147  in BLD-AR-Curtain Mullions-vs-BLD-AR-Curtain Panels  BLD-AR-Curtain Panels and BLD-AR-Curtain Mullions, panel is held by mullion
08:57:43.106  +0398.063s  REVIEWED Clash1148  in BLD-AR-Curtain Mullions-vs-BLD-AR-Curtain Panels  BLD-AR-Curtain Panels and BLD-AR-Curtain Mullions, panel is held by mullion
08:57:43.114  +0398.070s  REVIEWED Clash1149  in BLD-AR-Curtain Mullions-vs-BLD-AR-Curtain Panels  BLD-AR-Curtain Panels and BLD-AR-Curtain Mullions, panel is held by mullion
08:57:43.121  +0398.077s  REVIEWED Clash1150  in BLD-AR-Curtain Mullions-vs-BLD-AR-Curtain Panels  BLD-AR-Curtain Panels and BLD-AR-Curtain Mullions, panel is held by mullion
08:57:43.131  +0398.087s  REVIEWED Clash1151  in BLD-AR-Curtain Mullions-vs-BLD-AR-Curtain Panels  BLD-AR-Curtain Panels and BLD-AR-Curtain Mullions, panel is held by mullion
08:57:43.137  +0398.094s  REVIEWED Clash1152  in BLD-AR-Curtain Mullions-vs-BLD-AR-Curtain Panels  BLD-AR-Curtain Panels and BLD-AR-Curtain Mullions, panel is held by mullion
08:57:43.145  +0398.101s  REVIEWED Clash1153  in BLD-AR-Curtain Mullions-vs-BLD-AR-Curtain Panels  BLD-AR-Curtain Panels and BLD-AR-Curtain Mullions, panel is held by mullion
08:57:43.150  +0398.107s  REVIEWED Clash1154  in BLD-AR-Curtain Mullions-vs-BLD-AR-Curtain Panels  BLD-AR-Curtain Panels and BLD-AR-Curtain Mullions, panel is held by mullion
08:57:43.155  +0398.112s  REVIEWED Clash1155  in BLD-AR-Curtain Mullions-vs-BLD-AR-Curtain Panels  BLD-AR-Curtain Panels and BLD-AR-Curtain Mullions, panel is held by mullion
08:57:43.164  +0398.119s  REVIEWED Clash1156  in BLD-AR-Curtain Mullions-vs-BLD-AR-Curtain Panels  BLD-AR-Curtain Panels and BLD-AR-Curtain Mullions, panel is held by mullion
08:57:43.170  +0398.125s  REVIEWED Clash1157  in BLD-AR-Curtain Mullions-vs-BLD-AR-Curtain Panels  BLD-AR-Curtain Panels and BLD-AR-Curtain Mullions, panel is held by mullion
08:57:43.206  +0398.161s  REVIEWED Clash1158  in BLD-AR-Curtain Mullions-vs-BLD-AR-Curtain Panels  BLD-AR-Curtain Panels and BLD-AR-Curtain Mullions, panel is held by mullion
08:57:43.219  +0398.176s  REVIEWED Clash1159  in BLD-AR-Curtain Mullions-vs-BLD-AR-Curtain Panels  BLD-AR-Curtain Panels and BLD-AR-Curtain Mullions, panel is held by mullion
08:57:43.242  +0398.198s  REVIEWED Clash1160  in BLD-AR-Curtain Mullions-vs-BLD-AR-Curtain Panels  BLD-AR-Curtain Panels and BLD-AR-Curtain Mullions, panel is held by mullion
08:57:43.259  +0398.216s  REVIEWED Clash1161  in BLD-AR-Curtain Mullions-vs-BLD-AR-Curtain Panels  BLD-AR-Curtain Panels and BLD-AR-Curtain Mullions, panel is held by mullion
08:57:43.276  +0398.231s  REVIEWED Clash1162  in BLD-AR-Curtain Mullions-vs-BLD-AR-Curtain Panels  BLD-AR-Curtain Panels and BLD-AR-Curtain Mullions, panel is held by mullion
08:57:43.288  +0398.244s  REVIEWED Clash1163  in BLD-AR-Curtain Mullions-vs-BLD-AR-Curtain Panels  BLD-AR-Curtain Panels and BLD-AR-Curtain Mullions, panel is held by mullion
08:57:43.296  +0398.251s  REVIEWED Clash1164  in BLD-AR-Curtain Mullions-vs-BLD-AR-Curtain Panels  BLD-AR-Curtain Panels and BLD-AR-Curtain Mullions, panel is held by mullion
08:57:43.317  +0398.273s  REVIEWED Clash1165  in BLD-AR-Curtain Mullions-vs-BLD-AR-Curtain Panels  BLD-AR-Curtain Panels and BLD-AR-Curtain Mullions, panel is held by mullion
08:57:43.327  +0398.283s  REVIEWED Clash1166  in BLD-AR-Curtain Mullions-vs-BLD-AR-Curtain Panels  BLD-AR-Curtain Panels and BLD-AR-Curtain Mullions, panel is held by mullion
08:57:43.332  +0398.289s  REVIEWED Clash1167  in BLD-AR-Curtain Mullions-vs-BLD-AR-Curtain Panels  BLD-AR-Curtain Panels and BLD-AR-Curtain Mullions, panel is held by mullion
08:57:43.338  +0398.294s  REVIEWED Clash1168  in BLD-AR-Curtain Mullions-vs-BLD-AR-Curtain Panels  BLD-AR-Curtain Panels and BLD-AR-Curtain Mullions, panel is held by mullion
08:57:43.345  +0398.301s  REVIEWED Clash1169  in BLD-AR-Curtain Mullions-vs-BLD-AR-Curtain Panels  BLD-AR-Curtain Panels and BLD-AR-Curtain Mullions, panel is held by mullion
08:57:43.351  +0398.307s  REVIEWED Clash1170  in BLD-AR-Curtain Mullions-vs-BLD-AR-Curtain Panels  BLD-AR-Curtain Panels and BLD-AR-Curtain Mullions, panel is held by mullion
08:57:43.358  +0398.314s  REVIEWED Clash1171  in BLD-AR-Curtain Mullions-vs-BLD-AR-Curtain Panels  BLD-AR-Curtain Panels and BLD-AR-Curtain Mullions, panel is held by mullion
08:57:43.370  +0398.326s  REVIEWED Clash1172  in BLD-AR-Curtain Mullions-vs-BLD-AR-Curtain Panels  BLD-AR-Curtain Panels and BLD-AR-Curtain Mullions, panel is held by mullion
08:57:43.383  +0398.338s  REVIEWED Clash1173  in BLD-AR-Curtain Mullions-vs-BLD-AR-Curtain Panels  BLD-AR-Curtain Panels and BLD-AR-Curtain Mullions, panel is held by mullion
08:57:43.389  +0398.345s  REVIEWED Clash1174  in BLD-AR-Curtain Mullions-vs-BLD-AR-Curtain Panels  BLD-AR-Curtain Panels and BLD-AR-Curtain Mullions, panel is held by mullion
08:57:43.395  +0398.351s  REVIEWED Clash1175  in BLD-AR-Curtain Mullions-vs-BLD-AR-Curtain Panels  BLD-AR-Curtain Panels and BLD-AR-Curtain Mullions, panel is held by mullion
08:57:43.400  +0398.356s  REVIEWED Clash1176  in BLD-AR-Curtain Mullions-vs-BLD-AR-Curtain Panels  BLD-AR-Curtain Panels and BLD-AR-Curtain Mullions, panel is held by mullion
08:57:43.406  +0398.362s  REVIEWED Clash1177  in BLD-AR-Curtain Mullions-vs-BLD-AR-Curtain Panels  BLD-AR-Curtain Panels and BLD-AR-Curtain Mullions, panel is held by mullion
08:57:43.412  +0398.368s  REVIEWED Clash1178  in BLD-AR-Curtain Mullions-vs-BLD-AR-Curtain Panels  BLD-AR-Curtain Panels and BLD-AR-Curtain Mullions, panel is held by mullion
08:57:43.416  +0398.374s  REVIEWED Clash1179  in BLD-AR-Curtain Mullions-vs-BLD-AR-Curtain Panels  BLD-AR-Curtain Panels and BLD-AR-Curtain Mullions, panel is held by mullion
08:57:43.424  +0398.380s  REVIEWED Clash1180  in BLD-AR-Curtain Mullions-vs-BLD-AR-Curtain Panels  BLD-AR-Curtain Panels and BLD-AR-Curtain Mullions, panel is held by mullion
08:57:43.429  +0398.385s  REVIEWED Clash1181  in BLD-AR-Curtain Mullions-vs-BLD-AR-Curtain Panels  BLD-AR-Curtain Panels and BLD-AR-Curtain Mullions, panel is held by mullion
08:57:43.435  +0398.391s  REVIEWED Clash1182  in BLD-AR-Curtain Mullions-vs-BLD-AR-Curtain Panels  BLD-AR-Curtain Panels and BLD-AR-Curtain Mullions, panel is held by mullion
08:57:43.440  +0398.398s  REVIEWED Clash1183  in BLD-AR-Curtain Mullions-vs-BLD-AR-Curtain Panels  BLD-AR-Curtain Panels and BLD-AR-Curtain Mullions, panel is held by mullion
08:57:43.447  +0398.404s  REVIEWED Clash1184  in BLD-AR-Curtain Mullions-vs-BLD-AR-Curtain Panels  BLD-AR-Curtain Panels and BLD-AR-Curtain Mullions, panel is held by mullion
08:57:43.455  +0398.411s  REVIEWED Clash1185  in BLD-AR-Curtain Mullions-vs-BLD-AR-Curtain Panels  BLD-AR-Curtain Panels and BLD-AR-Curtain Mullions, panel is held by mullion
08:57:43.461  +0398.417s  REVIEWED Clash1186  in BLD-AR-Curtain Mullions-vs-BLD-AR-Curtain Panels  BLD-AR-Curtain Panels and BLD-AR-Curtain Mullions, panel is held by mullion
08:57:43.466  +0398.426s  REVIEWED Clash1187  in BLD-AR-Curtain Mullions-vs-BLD-AR-Curtain Panels  BLD-AR-Curtain Panels and BLD-AR-Curtain Mullions, panel is held by mullion
08:57:43.503  +0398.460s  REVIEWED Clash1188  in BLD-AR-Curtain Mullions-vs-BLD-AR-Curtain Panels  BLD-AR-Curtain Panels and BLD-AR-Curtain Mullions, panel is held by mullion
08:57:43.514  +0398.471s  REVIEWED Clash1189  in BLD-AR-Curtain Mullions-vs-BLD-AR-Curtain Panels  BLD-AR-Curtain Panels and BLD-AR-Curtain Mullions, panel is held by mullion
08:57:43.519  +0398.480s  REVIEWED Clash1190  in BLD-AR-Curtain Mullions-vs-BLD-AR-Curtain Panels  BLD-AR-Curtain Panels and BLD-AR-Curtain Mullions, panel is held by mullion
08:57:43.519  +0398.489s  REVIEWED Clash1191  in BLD-AR-Curtain Mullions-vs-BLD-AR-Curtain Panels  BLD-AR-Curtain Panels and BLD-AR-Curtain Mullions, panel is held by mullion
08:57:43.544  +0398.499s  REVIEWED Clash1192  in BLD-AR-Curtain Mullions-vs-BLD-AR-Curtain Panels  BLD-AR-Curtain Panels and BLD-AR-Curtain Mullions, panel is held by mullion
08:57:43.551  +0398.507s  REVIEWED Clash1193  in BLD-AR-Curtain Mullions-vs-BLD-AR-Curtain Panels  BLD-AR-Curtain Panels and BLD-AR-Curtain Mullions, panel is held by mullion
08:57:43.551  +0398.514s  REVIEWED Clash1194  in BLD-AR-Curtain Mullions-vs-BLD-AR-Curtain Panels  BLD-AR-Curtain Panels and BLD-AR-Curtain Mullions, panel is held by mullion
08:57:43.567  +0398.526s  REVIEWED Clash1195  in BLD-AR-Curtain Mullions-vs-BLD-AR-Curtain Panels  BLD-AR-Curtain Panels and BLD-AR-Curtain Mullions, panel is held by mullion
08:57:43.578  +0398.534s  REVIEWED Clash1196  in BLD-AR-Curtain Mullions-vs-BLD-AR-Curtain Panels  BLD-AR-Curtain Panels and BLD-AR-Curtain Mullions, panel is held by mullion
08:57:43.584  +0398.541s  REVIEWED Clash1197  in BLD-AR-Curtain Mullions-vs-BLD-AR-Curtain Panels  BLD-AR-Curtain Panels and BLD-AR-Curtain Mullions, panel is held by mullion
08:57:43.592  +0398.548s  REVIEWED Clash1198  in BLD-AR-Curtain Mullions-vs-BLD-AR-Curtain Panels  BLD-AR-Curtain Panels and BLD-AR-Curtain Mullions, panel is held by mullion
08:57:43.599  +0398.555s  REVIEWED Clash1199  in BLD-AR-Curtain Mullions-vs-BLD-AR-Curtain Panels  BLD-AR-Curtain Panels and BLD-AR-Curtain Mullions, panel is held by mullion
08:57:43.630  +0398.585s  REVIEWED Clash1200  in BLD-AR-Curtain Mullions-vs-BLD-AR-Curtain Panels  BLD-AR-Curtain Panels and BLD-AR-Curtain Mullions, panel is held by mullion
08:57:43.650  +0398.606s  REVIEWED Clash1201  in BLD-AR-Curtain Mullions-vs-BLD-AR-Curtain Panels  BLD-AR-Curtain Panels and BLD-AR-Curtain Mullions, panel is held by mullion
08:57:43.662  +0398.618s  REVIEWED Clash1202  in BLD-AR-Curtain Mullions-vs-BLD-AR-Curtain Panels  BLD-AR-Curtain Panels and BLD-AR-Curtain Mullions, panel is held by mullion
08:57:43.677  +0398.634s  REVIEWED Clash1203  in BLD-AR-Curtain Mullions-vs-BLD-AR-Curtain Panels  BLD-AR-Curtain Panels and BLD-AR-Curtain Mullions, panel is held by mullion
08:57:43.698  +0398.655s  REVIEWED Clash1204  in BLD-AR-Curtain Mullions-vs-BLD-AR-Curtain Panels  BLD-AR-Curtain Panels and BLD-AR-Curtain Mullions, panel is held by mullion
08:57:43.710  +0398.666s  REVIEWED Clash1205  in BLD-AR-Curtain Mullions-vs-BLD-AR-Curtain Panels  BLD-AR-Curtain Panels and BLD-AR-Curtain Mullions, panel is held by mullion
08:57:43.716  +0398.673s  REVIEWED Clash1206  in BLD-AR-Curtain Mullions-vs-BLD-AR-Curtain Panels  BLD-AR-Curtain Panels and BLD-AR-Curtain Mullions, panel is held by mullion
08:57:43.724  +0398.681s  REVIEWED Clash1207  in BLD-AR-Curtain Mullions-vs-BLD-AR-Curtain Panels  BLD-AR-Curtain Panels and BLD-AR-Curtain Mullions, panel is held by mullion
08:57:43.732  +0398.689s  REVIEWED Clash1208  in BLD-AR-Curtain Mullions-vs-BLD-AR-Curtain Panels  BLD-AR-Curtain Panels and BLD-AR-Curtain Mullions, panel is held by mullion
08:57:43.740  +0398.697s  REVIEWED Clash1209  in BLD-AR-Curtain Mullions-vs-BLD-AR-Curtain Panels  BLD-AR-Curtain Panels and BLD-AR-Curtain Mullions, panel is held by mullion
08:57:43.746  +0398.706s  REVIEWED Clash1210  in BLD-AR-Curtain Mullions-vs-BLD-AR-Curtain Panels  BLD-AR-Curtain Panels and BLD-AR-Curtain Mullions, panel is held by mullion
08:57:43.758  +0398.714s  REVIEWED Clash1211  in BLD-AR-Curtain Mullions-vs-BLD-AR-Curtain Panels  BLD-AR-Curtain Panels and BLD-AR-Curtain Mullions, panel is held by mullion
08:57:43.766  +0398.722s  REVIEWED Clash1212  in BLD-AR-Curtain Mullions-vs-BLD-AR-Curtain Panels  BLD-AR-Curtain Panels and BLD-AR-Curtain Mullions, panel is held by mullion
08:57:43.776  +0398.732s  REVIEWED Clash1213  in BLD-AR-Curtain Mullions-vs-BLD-AR-Curtain Panels  BLD-AR-Curtain Panels and BLD-AR-Curtain Mullions, panel is held by mullion
08:57:43.793  +0398.750s  REVIEWED Clash1214  in BLD-AR-Curtain Mullions-vs-BLD-AR-Curtain Panels  BLD-AR-Curtain Panels and BLD-AR-Curtain Mullions, panel is held by mullion
08:57:43.820  +0398.776s  REVIEWED Clash1215  in BLD-AR-Curtain Mullions-vs-BLD-AR-Curtain Panels  BLD-AR-Curtain Panels and BLD-AR-Curtain Mullions, panel is held by mullion
08:57:43.837  +0398.792s  REVIEWED Clash1216  in BLD-AR-Curtain Mullions-vs-BLD-AR-Curtain Panels  BLD-AR-Curtain Panels and BLD-AR-Curtain Mullions, panel is held by mullion
08:57:43.846  +0398.803s  REVIEWED Clash1217  in BLD-AR-Curtain Mullions-vs-BLD-AR-Curtain Panels  BLD-AR-Curtain Panels and BLD-AR-Curtain Mullions, panel is held by mullion
08:57:43.855  +0398.815s  REVIEWED Clash1218  in BLD-AR-Curtain Mullions-vs-BLD-AR-Curtain Panels  BLD-AR-Curtain Panels and BLD-AR-Curtain Mullions, panel is held by mullion
08:57:43.872  +0398.829s  REVIEWED Clash1219  in BLD-AR-Curtain Mullions-vs-BLD-AR-Curtain Panels  BLD-AR-Curtain Panels and BLD-AR-Curtain Mullions, panel is held by mullion
08:57:43.884  +0398.840s  REVIEWED Clash1220  in BLD-AR-Curtain Mullions-vs-BLD-AR-Curtain Panels  BLD-AR-Curtain Panels and BLD-AR-Curtain Mullions, panel is held by mullion
08:57:43.892  +0398.848s  REVIEWED Clash1221  in BLD-AR-Curtain Mullions-vs-BLD-AR-Curtain Panels  BLD-AR-Curtain Panels and BLD-AR-Curtain Mullions, panel is held by mullion
08:57:43.902  +0398.857s  REVIEWED Clash1222  in BLD-AR-Curtain Mullions-vs-BLD-AR-Curtain Panels  BLD-AR-Curtain Panels and BLD-AR-Curtain Mullions, panel is held by mullion
08:57:43.916  +0398.872s  REVIEWED Clash1223  in BLD-AR-Curtain Mullions-vs-BLD-AR-Curtain Panels  BLD-AR-Curtain Panels and BLD-AR-Curtain Mullions, panel is held by mullion
08:57:43.920  +0398.882s  REVIEWED Clash1224  in BLD-AR-Curtain Mullions-vs-BLD-AR-Curtain Panels  BLD-AR-Curtain Panels and BLD-AR-Curtain Mullions, panel is held by mullion
08:57:43.945  +0398.901s  REVIEWED Clash1225  in BLD-AR-Curtain Mullions-vs-BLD-AR-Curtain Panels  BLD-AR-Curtain Panels and BLD-AR-Curtain Mullions, panel is held by mullion
08:57:43.956  +0398.914s  REVIEWED Clash1226  in BLD-AR-Curtain Mullions-vs-BLD-AR-Curtain Panels  BLD-AR-Curtain Panels and BLD-AR-Curtain Mullions, panel is held by mullion
08:57:43.977  +0398.936s  REVIEWED Clash1227  in BLD-AR-Curtain Mullions-vs-BLD-AR-Curtain Panels  BLD-AR-Curtain Panels and BLD-AR-Curtain Mullions, panel is held by mullion
08:57:43.994  +0398.950s  REVIEWED Clash1228  in BLD-AR-Curtain Mullions-vs-BLD-AR-Curtain Panels  BLD-AR-Curtain Panels and BLD-AR-Curtain Mullions, panel is held by mullion
08:57:44.026  +0398.984s  REVIEWED Clash1229  in BLD-AR-Curtain Mullions-vs-BLD-AR-Curtain Panels  BLD-AR-Curtain Panels and BLD-AR-Curtain Mullions, panel is held by mullion
08:57:44.056  +0399.013s  REVIEWED Clash1230  in BLD-AR-Curtain Mullions-vs-BLD-AR-Curtain Panels  BLD-AR-Curtain Panels and BLD-AR-Curtain Mullions, panel is held by mullion
08:57:44.070  +0399.026s  REVIEWED Clash1231  in BLD-AR-Curtain Mullions-vs-BLD-AR-Curtain Panels  BLD-AR-Curtain Panels and BLD-AR-Curtain Mullions, panel is held by mullion
08:57:44.076  +0399.038s  REVIEWED Clash1232  in BLD-AR-Curtain Mullions-vs-BLD-AR-Curtain Panels  BLD-AR-Curtain Panels and BLD-AR-Curtain Mullions, panel is held by mullion
08:57:44.093  +0399.051s  REVIEWED Clash1233  in BLD-AR-Curtain Mullions-vs-BLD-AR-Curtain Panels  BLD-AR-Curtain Panels and BLD-AR-Curtain Mullions, panel is held by mullion
08:57:44.104  +0399.066s  REVIEWED Clash1234  in BLD-AR-Curtain Mullions-vs-BLD-AR-Curtain Panels  BLD-AR-Curtain Panels and BLD-AR-Curtain Mullions, panel is held by mullion
08:57:44.120  +0399.076s  REVIEWED Clash1235  in BLD-AR-Curtain Mullions-vs-BLD-AR-Curtain Panels  BLD-AR-Curtain Panels and BLD-AR-Curtain Mullions, panel is held by mullion
08:57:44.120  +0399.088s  REVIEWED Clash1236  in BLD-AR-Curtain Mullions-vs-BLD-AR-Curtain Panels  BLD-AR-Curtain Panels and BLD-AR-Curtain Mullions, panel is held by mullion
08:57:44.135  +0399.099s  REVIEWED Clash1237  in BLD-AR-Curtain Mullions-vs-BLD-AR-Curtain Panels  BLD-AR-Curtain Panels and BLD-AR-Curtain Mullions, panel is held by mullion
08:57:44.153  +0399.114s  REVIEWED Clash1238  in BLD-AR-Curtain Mullions-vs-BLD-AR-Curtain Panels  BLD-AR-Curtain Panels and BLD-AR-Curtain Mullions, panel is held by mullion
08:57:44.169  +0399.135s  REVIEWED Clash1239  in BLD-AR-Curtain Mullions-vs-BLD-AR-Curtain Panels  BLD-AR-Curtain Panels and BLD-AR-Curtain Mullions, panel is held by mullion
08:57:44.182  +0399.145s  REVIEWED Clash1240  in BLD-AR-Curtain Mullions-vs-BLD-AR-Curtain Panels  BLD-AR-Curtain Panels and BLD-AR-Curtain Mullions, panel is held by mullion
08:57:44.196  +0399.152s  REVIEWED Clash1241  in BLD-AR-Curtain Mullions-vs-BLD-AR-Curtain Panels  BLD-AR-Curtain Panels and BLD-AR-Curtain Mullions, panel is held by mullion
08:57:44.199  +0399.162s  REVIEWED Clash1242  in BLD-AR-Curtain Mullions-vs-BLD-AR-Curtain Panels  BLD-AR-Curtain Panels and BLD-AR-Curtain Mullions, panel is held by mullion
08:57:44.220  +0399.181s  REVIEWED Clash1243  in BLD-AR-Curtain Mullions-vs-BLD-AR-Curtain Panels  BLD-AR-Curtain Panels and BLD-AR-Curtain Mullions, panel is held by mullion
08:57:44.246  +0399.202s  REVIEWED Clash1244  in BLD-AR-Curtain Mullions-vs-BLD-AR-Curtain Panels  BLD-AR-Curtain Panels and BLD-AR-Curtain Mullions, panel is held by mullion
08:57:44.264  +0399.219s  REVIEWED Clash1245  in BLD-AR-Curtain Mullions-vs-BLD-AR-Curtain Panels  BLD-AR-Curtain Panels and BLD-AR-Curtain Mullions, panel is held by mullion
08:57:44.273  +0399.229s  REVIEWED Clash1246  in BLD-AR-Curtain Mullions-vs-BLD-AR-Curtain Panels  BLD-AR-Curtain Panels and BLD-AR-Curtain Mullions, panel is held by mullion
08:57:44.277  +0399.239s  REVIEWED Clash1247  in BLD-AR-Curtain Mullions-vs-BLD-AR-Curtain Panels  BLD-AR-Curtain Panels and BLD-AR-Curtain Mullions, panel is held by mullion
08:57:44.277  +0399.247s  REVIEWED Clash1248  in BLD-AR-Curtain Mullions-vs-BLD-AR-Curtain Panels  BLD-AR-Curtain Panels and BLD-AR-Curtain Mullions, panel is held by mullion
08:57:44.294  +0399.257s  REVIEWED Clash1249  in BLD-AR-Curtain Mullions-vs-BLD-AR-Curtain Panels  BLD-AR-Curtain Panels and BLD-AR-Curtain Mullions, panel is held by mullion
08:57:44.309  +0399.269s  REVIEWED Clash1250  in BLD-AR-Curtain Mullions-vs-BLD-AR-Curtain Panels  BLD-AR-Curtain Panels and BLD-AR-Curtain Mullions, panel is held by mullion
08:57:44.325  +0399.280s  REVIEWED Clash1251  in BLD-AR-Curtain Mullions-vs-BLD-AR-Curtain Panels  BLD-AR-Curtain Panels and BLD-AR-Curtain Mullions, panel is held by mullion
08:57:44.340  +0399.297s  REVIEWED Clash1252  in BLD-AR-Curtain Mullions-vs-BLD-AR-Curtain Panels  BLD-AR-Curtain Panels and BLD-AR-Curtain Mullions, panel is held by mullion
08:57:44.353  +0399.310s  REVIEWED Clash1253  in BLD-AR-Curtain Mullions-vs-BLD-AR-Curtain Panels  BLD-AR-Curtain Panels and BLD-AR-Curtain Mullions, panel is held by mullion
08:57:44.366  +0399.322s  REVIEWED Clash1254  in BLD-AR-Curtain Mullions-vs-BLD-AR-Curtain Panels  BLD-AR-Curtain Panels and BLD-AR-Curtain Mullions, panel is held by mullion
08:57:44.374  +0399.339s  REVIEWED Clash1255  in BLD-AR-Curtain Mullions-vs-BLD-AR-Curtain Panels  BLD-AR-Curtain Panels and BLD-AR-Curtain Mullions, panel is held by mullion
08:57:44.388  +0399.352s  REVIEWED Clash1256  in BLD-AR-Curtain Mullions-vs-BLD-AR-Curtain Panels  BLD-AR-Curtain Panels and BLD-AR-Curtain Mullions, panel is held by mullion
08:57:44.405  +0399.367s  REVIEWED Clash1257  in BLD-AR-Curtain Mullions-vs-BLD-AR-Curtain Panels  BLD-AR-Curtain Panels and BLD-AR-Curtain Mullions, panel is held by mullion
08:57:44.421  +0399.388s  REVIEWED Clash1258  in BLD-AR-Curtain Mullions-vs-BLD-AR-Curtain Panels  BLD-AR-Curtain Panels and BLD-AR-Curtain Mullions, panel is held by mullion
08:57:44.446  +0399.402s  REVIEWED Clash1259  in BLD-AR-Curtain Mullions-vs-BLD-AR-Curtain Panels  BLD-AR-Curtain Panels and BLD-AR-Curtain Mullions, panel is held by mullion
08:57:44.454  +0399.409s  REVIEWED Clash1260  in BLD-AR-Curtain Mullions-vs-BLD-AR-Curtain Panels  BLD-AR-Curtain Panels and BLD-AR-Curtain Mullions, panel is held by mullion
08:57:44.465  +0399.421s  REVIEWED Clash1261  in BLD-AR-Curtain Mullions-vs-BLD-AR-Curtain Panels  BLD-AR-Curtain Panels and BLD-AR-Curtain Mullions, panel is held by mullion
08:57:44.468  +0399.429s  REVIEWED Clash1262  in BLD-AR-Curtain Mullions-vs-BLD-AR-Curtain Panels  BLD-AR-Curtain Panels and BLD-AR-Curtain Mullions, panel is held by mullion
08:57:44.468  +0399.436s  REVIEWED Clash1263  in BLD-AR-Curtain Mullions-vs-BLD-AR-Curtain Panels  BLD-AR-Curtain Panels and BLD-AR-Curtain Mullions, panel is held by mullion
08:57:44.490  +0399.447s  REVIEWED Clash1264  in BLD-AR-Curtain Mullions-vs-BLD-AR-Curtain Panels  BLD-AR-Curtain Panels and BLD-AR-Curtain Mullions, panel is held by mullion
08:57:44.499  +0399.455s  REVIEWED Clash1265  in BLD-AR-Curtain Mullions-vs-BLD-AR-Curtain Panels  BLD-AR-Curtain Panels and BLD-AR-Curtain Mullions, panel is held by mullion
08:57:44.505  +0399.461s  REVIEWED Clash1266  in BLD-AR-Curtain Mullions-vs-BLD-AR-Curtain Panels  BLD-AR-Curtain Panels and BLD-AR-Curtain Mullions, panel is held by mullion
08:57:44.510  +0399.467s  REVIEWED Clash1267  in BLD-AR-Curtain Mullions-vs-BLD-AR-Curtain Panels  BLD-AR-Curtain Panels and BLD-AR-Curtain Mullions, panel is held by mullion
08:57:44.521  +0399.479s  REVIEWED Clash1268  in BLD-AR-Curtain Mullions-vs-BLD-AR-Curtain Panels  BLD-AR-Curtain Panels and BLD-AR-Curtain Mullions, panel is held by mullion
08:57:44.531  +0399.487s  REVIEWED Clash1269  in BLD-AR-Curtain Mullions-vs-BLD-AR-Curtain Panels  BLD-AR-Curtain Panels and BLD-AR-Curtain Mullions, panel is held by mullion
08:57:44.539  +0399.495s  REVIEWED Clash1270  in BLD-AR-Curtain Mullions-vs-BLD-AR-Curtain Panels  BLD-AR-Curtain Panels and BLD-AR-Curtain Mullions, panel is held by mullion
08:57:44.547  +0399.506s  REVIEWED Clash1271  in BLD-AR-Curtain Mullions-vs-BLD-AR-Curtain Panels  BLD-AR-Curtain Panels and BLD-AR-Curtain Mullions, panel is held by mullion
08:57:44.557  +0399.517s  REVIEWED Clash1272  in BLD-AR-Curtain Mullions-vs-BLD-AR-Curtain Panels  BLD-AR-Curtain Panels and BLD-AR-Curtain Mullions, panel is held by mullion
08:57:44.565  +0399.533s  REVIEWED Clash1273  in BLD-AR-Curtain Mullions-vs-BLD-AR-Curtain Panels  BLD-AR-Curtain Panels and BLD-AR-Curtain Mullions, panel is held by mullion
08:57:44.579  +0399.546s  REVIEWED Clash1274  in BLD-AR-Curtain Mullions-vs-BLD-AR-Curtain Panels  BLD-AR-Curtain Panels and BLD-AR-Curtain Mullions, panel is held by mullion
08:57:44.595  +0399.559s  REVIEWED Clash1275  in BLD-AR-Curtain Mullions-vs-BLD-AR-Curtain Panels  BLD-AR-Curtain Panels and BLD-AR-Curtain Mullions, panel is held by mullion
08:57:44.621  +0399.576s  REVIEWED Clash1276  in BLD-AR-Curtain Mullions-vs-BLD-AR-Curtain Panels  BLD-AR-Curtain Panels and BLD-AR-Curtain Mullions, panel is held by mullion
08:57:44.630  +0399.587s  REVIEWED Clash1277  in BLD-AR-Curtain Mullions-vs-BLD-AR-Curtain Panels  BLD-AR-Curtain Panels and BLD-AR-Curtain Mullions, panel is held by mullion
08:57:44.630  +0399.593s  REVIEWED Clash1278  in BLD-AR-Curtain Mullions-vs-BLD-AR-Curtain Panels  BLD-AR-Curtain Panels and BLD-AR-Curtain Mullions, panel is held by mullion
08:57:44.643  +0399.600s  REVIEWED Clash1279  in BLD-AR-Curtain Mullions-vs-BLD-AR-Curtain Panels  BLD-AR-Curtain Panels and BLD-AR-Curtain Mullions, panel is held by mullion
08:57:44.651  +0399.607s  REVIEWED Clash1280  in BLD-AR-Curtain Mullions-vs-BLD-AR-Curtain Panels  BLD-AR-Curtain Panels and BLD-AR-Curtain Mullions, panel is held by mullion
08:57:44.658  +0399.615s  REVIEWED Clash1281  in BLD-AR-Curtain Mullions-vs-BLD-AR-Curtain Panels  BLD-AR-Curtain Panels and BLD-AR-Curtain Mullions, panel is held by mullion
08:57:44.658  +0399.622s  REVIEWED Clash1282  in BLD-AR-Curtain Mullions-vs-BLD-AR-Curtain Panels  BLD-AR-Curtain Panels and BLD-AR-Curtain Mullions, panel is held by mullion
08:57:44.674  +0399.630s  REVIEWED Clash1283  in BLD-AR-Curtain Mullions-vs-BLD-AR-Curtain Panels  BLD-AR-Curtain Panels and BLD-AR-Curtain Mullions, panel is held by mullion
08:57:44.684  +0399.639s  REVIEWED Clash1284  in BLD-AR-Curtain Mullions-vs-BLD-AR-Curtain Panels  BLD-AR-Curtain Panels and BLD-AR-Curtain Mullions, panel is held by mullion
08:57:44.689  +0399.648s  REVIEWED Clash1285  in BLD-AR-Curtain Mullions-vs-BLD-AR-Curtain Panels  BLD-AR-Curtain Panels and BLD-AR-Curtain Mullions, panel is held by mullion
08:57:44.723  +0399.678s  REVIEWED Clash1286  in BLD-AR-Curtain Mullions-vs-BLD-AR-Curtain Panels  BLD-AR-Curtain Panels and BLD-AR-Curtain Mullions, panel is held by mullion
08:57:44.723  +0399.691s  REVIEWED Clash1287  in BLD-AR-Curtain Mullions-vs-BLD-AR-Curtain Panels  BLD-AR-Curtain Panels and BLD-AR-Curtain Mullions, panel is held by mullion
08:57:44.743  +0399.703s  REVIEWED Clash1288  in BLD-AR-Curtain Mullions-vs-BLD-AR-Curtain Panels  BLD-AR-Curtain Panels and BLD-AR-Curtain Mullions, panel is held by mullion
08:57:44.754  +0399.710s  REVIEWED Clash1289  in BLD-AR-Curtain Mullions-vs-BLD-AR-Curtain Panels  BLD-AR-Curtain Panels and BLD-AR-Curtain Mullions, panel is held by mullion
08:57:44.754  +0399.716s  REVIEWED Clash1290  in BLD-AR-Curtain Mullions-vs-BLD-AR-Curtain Panels  BLD-AR-Curtain Panels and BLD-AR-Curtain Mullions, panel is held by mullion
08:57:44.767  +0399.722s  REVIEWED Clash1291  in BLD-AR-Curtain Mullions-vs-BLD-AR-Curtain Panels  BLD-AR-Curtain Panels and BLD-AR-Curtain Mullions, panel is held by mullion
08:57:44.772  +0399.729s  REVIEWED Clash1292  in BLD-AR-Curtain Mullions-vs-BLD-AR-Curtain Panels  BLD-AR-Curtain Panels and BLD-AR-Curtain Mullions, panel is held by mullion
08:57:44.781  +0399.737s  REVIEWED Clash1293  in BLD-AR-Curtain Mullions-vs-BLD-AR-Curtain Panels  BLD-AR-Curtain Panels and BLD-AR-Curtain Mullions, panel is held by mullion
08:57:44.785  +0399.747s  REVIEWED Clash1294  in BLD-AR-Curtain Mullions-vs-BLD-AR-Curtain Panels  BLD-AR-Curtain Panels and BLD-AR-Curtain Mullions, panel is held by mullion
08:57:44.800  +0399.756s  REVIEWED Clash1295  in BLD-AR-Curtain Mullions-vs-BLD-AR-Curtain Panels  BLD-AR-Curtain Panels and BLD-AR-Curtain Mullions, panel is held by mullion
08:57:44.805  +0399.764s  REVIEWED Clash1296  in BLD-AR-Curtain Mullions-vs-BLD-AR-Curtain Panels  BLD-AR-Curtain Panels and BLD-AR-Curtain Mullions, panel is held by mullion
08:57:44.816  +0399.772s  REVIEWED Clash1297  in BLD-AR-Curtain Mullions-vs-BLD-AR-Curtain Panels  BLD-AR-Curtain Panels and BLD-AR-Curtain Mullions, panel is held by mullion
08:57:44.821  +0399.779s  REVIEWED Clash1298  in BLD-AR-Curtain Mullions-vs-BLD-AR-Curtain Panels  BLD-AR-Curtain Panels and BLD-AR-Curtain Mullions, panel is held by mullion
08:57:44.827  +0399.786s  REVIEWED Clash1299  in BLD-AR-Curtain Mullions-vs-BLD-AR-Curtain Panels  BLD-AR-Curtain Panels and BLD-AR-Curtain Mullions, panel is held by mullion
08:57:44.843  +0399.801s  REVIEWED Clash1300  in BLD-AR-Curtain Mullions-vs-BLD-AR-Curtain Panels  BLD-AR-Curtain Panels and BLD-AR-Curtain Mullions, panel is held by mullion
08:57:44.879  +0399.835s  REVIEWED Clash1301  in BLD-AR-Curtain Mullions-vs-BLD-AR-Curtain Panels  BLD-AR-Curtain Panels and BLD-AR-Curtain Mullions, panel is held by mullion
08:57:44.879  +0399.843s  REVIEWED Clash1302  in BLD-AR-Curtain Mullions-vs-BLD-AR-Curtain Panels  BLD-AR-Curtain Panels and BLD-AR-Curtain Mullions, panel is held by mullion
08:57:44.879  +0399.849s  REVIEWED Clash1303  in BLD-AR-Curtain Mullions-vs-BLD-AR-Curtain Panels  BLD-AR-Curtain Panels and BLD-AR-Curtain Mullions, panel is held by mullion
08:57:44.903  +0399.858s  REVIEWED Clash1304  in BLD-AR-Curtain Mullions-vs-BLD-AR-Curtain Panels  BLD-AR-Curtain Panels and BLD-AR-Curtain Mullions, panel is held by mullion
08:57:44.910  +0399.867s  REVIEWED Clash1305  in BLD-AR-Curtain Mullions-vs-BLD-AR-Curtain Panels  BLD-AR-Curtain Panels and BLD-AR-Curtain Mullions, panel is held by mullion
08:57:44.918  +0399.875s  REVIEWED Clash1306  in BLD-AR-Curtain Mullions-vs-BLD-AR-Curtain Panels  BLD-AR-Curtain Panels and BLD-AR-Curtain Mullions, panel is held by mullion
08:57:44.928  +0399.884s  REVIEWED Clash1307  in BLD-AR-Curtain Mullions-vs-BLD-AR-Curtain Panels  BLD-AR-Curtain Panels and BLD-AR-Curtain Mullions, panel is held by mullion
08:57:44.936  +0399.892s  REVIEWED Clash1308  in BLD-AR-Curtain Mullions-vs-BLD-AR-Curtain Panels  BLD-AR-Curtain Panels and BLD-AR-Curtain Mullions, panel is held by mullion
08:57:44.942  +0399.900s  REVIEWED Clash1309  in BLD-AR-Curtain Mullions-vs-BLD-AR-Curtain Panels  BLD-AR-Curtain Panels and BLD-AR-Curtain Mullions, panel is held by mullion
08:57:44.946  +0399.906s  REVIEWED Clash1310  in BLD-AR-Curtain Mullions-vs-BLD-AR-Curtain Panels  BLD-AR-Curtain Panels and BLD-AR-Curtain Mullions, panel is held by mullion
08:57:44.957  +0399.912s  REVIEWED Clash1311  in BLD-AR-Curtain Mullions-vs-BLD-AR-Curtain Panels  BLD-AR-Curtain Panels and BLD-AR-Curtain Mullions, panel is held by mullion
08:57:44.965  +0399.920s  REVIEWED Clash1312  in BLD-AR-Curtain Mullions-vs-BLD-AR-Curtain Panels  BLD-AR-Curtain Panels and BLD-AR-Curtain Mullions, panel is held by mullion
08:57:44.973  +0399.929s  REVIEWED Clash1313  in BLD-AR-Curtain Mullions-vs-BLD-AR-Curtain Panels  BLD-AR-Curtain Panels and BLD-AR-Curtain Mullions, panel is held by mullion
08:57:44.988  +0399.945s  REVIEWED Clash1314  in BLD-AR-Curtain Mullions-vs-BLD-AR-Curtain Panels  BLD-AR-Curtain Panels and BLD-AR-Curtain Mullions, panel is held by mullion
08:57:45.004  +0399.965s  REVIEWED Clash1315  in BLD-AR-Curtain Mullions-vs-BLD-AR-Curtain Panels  BLD-AR-Curtain Panels and BLD-AR-Curtain Mullions, panel is held by mullion
08:57:45.021  +0399.978s  REVIEWED Clash1316  in BLD-AR-Curtain Mullions-vs-BLD-AR-Curtain Panels  BLD-AR-Curtain Panels and BLD-AR-Curtain Mullions, panel is held by mullion
08:57:45.021  +0399.989s  REVIEWED Clash1317  in BLD-AR-Curtain Mullions-vs-BLD-AR-Curtain Panels  BLD-AR-Curtain Panels and BLD-AR-Curtain Mullions, panel is held by mullion
08:57:45.045  +0400.001s  REVIEWED Clash1318  in BLD-AR-Curtain Mullions-vs-BLD-AR-Curtain Panels  BLD-AR-Curtain Panels and BLD-AR-Curtain Mullions, panel is held by mullion
08:57:45.053  +0400.009s  REVIEWED Clash1319  in BLD-AR-Curtain Mullions-vs-BLD-AR-Curtain Panels  BLD-AR-Curtain Panels and BLD-AR-Curtain Mullions, panel is held by mullion
08:57:45.063  +0400.018s  REVIEWED Clash1320  in BLD-AR-Curtain Mullions-vs-BLD-AR-Curtain Panels  BLD-AR-Curtain Panels and BLD-AR-Curtain Mullions, panel is held by mullion
08:57:45.068  +0400.025s  REVIEWED Clash1321  in BLD-AR-Curtain Mullions-vs-BLD-AR-Curtain Panels  BLD-AR-Curtain Panels and BLD-AR-Curtain Mullions, panel is held by mullion
08:57:45.068  +0400.031s  REVIEWED Clash1322  in BLD-AR-Curtain Mullions-vs-BLD-AR-Curtain Panels  BLD-AR-Curtain Panels and BLD-AR-Curtain Mullions, panel is held by mullion
08:57:45.068  +0400.037s  REVIEWED Clash1323  in BLD-AR-Curtain Mullions-vs-BLD-AR-Curtain Panels  BLD-AR-Curtain Panels and BLD-AR-Curtain Mullions, panel is held by mullion
08:57:45.088  +0400.044s  REVIEWED Clash1324  in BLD-AR-Curtain Mullions-vs-BLD-AR-Curtain Panels  BLD-AR-Curtain Panels and BLD-AR-Curtain Mullions, panel is held by mullion
08:57:45.094  +0400.051s  REVIEWED Clash1325  in BLD-AR-Curtain Mullions-vs-BLD-AR-Curtain Panels  BLD-AR-Curtain Panels and BLD-AR-Curtain Mullions, panel is held by mullion
08:57:45.106  +0400.062s  REVIEWED Clash1326  in BLD-AR-Curtain Mullions-vs-BLD-AR-Curtain Panels  BLD-AR-Curtain Panels and BLD-AR-Curtain Mullions, panel is held by mullion
08:57:45.115  +0400.076s  REVIEWED Clash1327  in BLD-AR-Curtain Mullions-vs-BLD-AR-Curtain Panels  BLD-AR-Curtain Panels and BLD-AR-Curtain Mullions, panel is held by mullion
08:57:45.131  +0400.093s  REVIEWED Clash1328  in BLD-AR-Curtain Mullions-vs-BLD-AR-Curtain Panels  BLD-AR-Curtain Panels and BLD-AR-Curtain Mullions, panel is held by mullion
08:57:45.147  +0400.108s  REVIEWED Clash1329  in BLD-AR-Curtain Mullions-vs-BLD-AR-Curtain Panels  BLD-AR-Curtain Panels and BLD-AR-Curtain Mullions, panel is held by mullion
08:57:45.179  +0400.144s  REVIEWED Clash1330  in BLD-AR-Curtain Mullions-vs-BLD-AR-Curtain Panels  BLD-AR-Curtain Panels and BLD-AR-Curtain Mullions, panel is held by mullion
08:57:45.195  +0400.151s  REVIEWED Clash1331  in BLD-AR-Curtain Mullions-vs-BLD-AR-Curtain Panels  BLD-AR-Curtain Panels and BLD-AR-Curtain Mullions, panel is held by mullion
08:57:45.195  +0400.157s  REVIEWED Clash1332  in BLD-AR-Curtain Mullions-vs-BLD-AR-Curtain Panels  BLD-AR-Curtain Panels and BLD-AR-Curtain Mullions, panel is held by mullion
08:57:45.205  +0400.165s  REVIEWED Clash1333  in BLD-AR-Curtain Mullions-vs-BLD-AR-Curtain Panels  BLD-AR-Curtain Panels and BLD-AR-Curtain Mullions, panel is held by mullion
08:57:45.216  +0400.173s  REVIEWED Clash1334  in BLD-AR-Curtain Mullions-vs-BLD-AR-Curtain Panels  BLD-AR-Curtain Panels and BLD-AR-Curtain Mullions, panel is held by mullion
08:57:45.223  +0400.180s  REVIEWED Clash1335  in BLD-AR-Curtain Mullions-vs-BLD-AR-Curtain Panels  BLD-AR-Curtain Panels and BLD-AR-Curtain Mullions, panel is held by mullion
08:57:45.231  +0400.188s  REVIEWED Clash1336  in BLD-AR-Curtain Mullions-vs-BLD-AR-Curtain Panels  BLD-AR-Curtain Panels and BLD-AR-Curtain Mullions, panel is held by mullion
08:57:45.239  +0400.196s  REVIEWED Clash1337  in BLD-AR-Curtain Mullions-vs-BLD-AR-Curtain Panels  BLD-AR-Curtain Panels and BLD-AR-Curtain Mullions, panel is held by mullion
08:57:45.250  +0400.206s  REVIEWED Clash1338  in BLD-AR-Curtain Mullions-vs-BLD-AR-Curtain Panels  BLD-AR-Curtain Panels and BLD-AR-Curtain Mullions, panel is held by mullion
08:57:45.257  +0400.212s  REVIEWED Clash1339  in BLD-AR-Curtain Mullions-vs-BLD-AR-Curtain Panels  BLD-AR-Curtain Panels and BLD-AR-Curtain Mullions, panel is held by mullion
08:57:45.258  +0400.219s  REVIEWED Clash1340  in BLD-AR-Curtain Mullions-vs-BLD-AR-Curtain Panels  BLD-AR-Curtain Panels and BLD-AR-Curtain Mullions, panel is held by mullion
08:57:45.271  +0400.226s  REVIEWED Clash1341  in BLD-AR-Curtain Mullions-vs-BLD-AR-Curtain Panels  BLD-AR-Curtain Panels and BLD-AR-Curtain Mullions, panel is held by mullion
08:57:45.291  +0400.248s  REVIEWED Clash1342  in BLD-AR-Curtain Mullions-vs-BLD-AR-Curtain Panels  BLD-AR-Curtain Panels and BLD-AR-Curtain Mullions, panel is held by mullion
08:57:45.307  +0400.264s  REVIEWED Clash1343  in BLD-AR-Curtain Mullions-vs-BLD-AR-Curtain Panels  BLD-AR-Curtain Panels and BLD-AR-Curtain Mullions, panel is held by mullion
08:57:45.315  +0400.275s  REVIEWED Clash1344  in BLD-AR-Curtain Mullions-vs-BLD-AR-Curtain Panels  BLD-AR-Curtain Panels and BLD-AR-Curtain Mullions, panel is held by mullion
08:57:45.322  +0400.282s  REVIEWED Clash1345  in BLD-AR-Curtain Mullions-vs-BLD-AR-Curtain Panels  BLD-AR-Curtain Panels and BLD-AR-Curtain Mullions, panel is held by mullion
08:57:45.322  +0400.289s  REVIEWED Clash1346  in BLD-AR-Curtain Mullions-vs-BLD-AR-Curtain Panels  BLD-AR-Curtain Panels and BLD-AR-Curtain Mullions, panel is held by mullion
08:57:45.336  +0400.296s  REVIEWED Clash1347  in BLD-AR-Curtain Mullions-vs-BLD-AR-Curtain Panels  BLD-AR-Curtain Panels and BLD-AR-Curtain Mullions, panel is held by mullion
08:57:45.347  +0400.305s  REVIEWED Clash1348  in BLD-AR-Curtain Mullions-vs-BLD-AR-Curtain Panels  BLD-AR-Curtain Panels and BLD-AR-Curtain Mullions, panel is held by mullion
08:57:45.357  +0400.315s  REVIEWED Clash1349  in BLD-AR-Curtain Mullions-vs-BLD-AR-Curtain Panels  BLD-AR-Curtain Panels and BLD-AR-Curtain Mullions, panel is held by mullion
08:57:45.368  +0400.324s  REVIEWED Clash1350  in BLD-AR-Curtain Mullions-vs-BLD-AR-Curtain Panels  BLD-AR-Curtain Panels and BLD-AR-Curtain Mullions, panel is held by mullion
08:57:45.376  +0400.332s  REVIEWED Clash1351  in BLD-AR-Curtain Mullions-vs-BLD-AR-Curtain Panels  BLD-AR-Curtain Panels and BLD-AR-Curtain Mullions, panel is held by mullion
08:57:45.383  +0400.339s  REVIEWED Clash1352  in BLD-AR-Curtain Mullions-vs-BLD-AR-Curtain Panels  BLD-AR-Curtain Panels and BLD-AR-Curtain Mullions, panel is held by mullion
08:57:45.383  +0400.345s  REVIEWED Clash1353  in BLD-AR-Curtain Mullions-vs-BLD-AR-Curtain Panels  BLD-AR-Curtain Panels and BLD-AR-Curtain Mullions, panel is held by mullion
08:57:45.395  +0400.352s  REVIEWED Clash1354  in BLD-AR-Curtain Mullions-vs-BLD-AR-Curtain Panels  BLD-AR-Curtain Panels and BLD-AR-Curtain Mullions, panel is held by mullion
08:57:45.404  +0400.361s  REVIEWED Clash1355  in BLD-AR-Curtain Mullions-vs-BLD-AR-Curtain Panels  BLD-AR-Curtain Panels and BLD-AR-Curtain Mullions, panel is held by mullion
08:57:45.414  +0400.369s  REVIEWED Clash1356  in BLD-AR-Curtain Mullions-vs-BLD-AR-Curtain Panels  BLD-AR-Curtain Panels and BLD-AR-Curtain Mullions, panel is held by mullion
08:57:45.431  +0400.387s  REVIEWED Clash1357  in BLD-AR-Curtain Mullions-vs-BLD-AR-Curtain Panels  BLD-AR-Curtain Panels and BLD-AR-Curtain Mullions, panel is held by mullion
08:57:45.446  +0400.402s  REVIEWED Clash1358  in BLD-AR-Curtain Mullions-vs-BLD-AR-Curtain Panels  BLD-AR-Curtain Panels and BLD-AR-Curtain Mullions, panel is held by mullion
08:57:45.447  +0400.408s  REVIEWED Clash1359  in BLD-AR-Curtain Mullions-vs-BLD-AR-Curtain Panels  BLD-AR-Curtain Panels and BLD-AR-Curtain Mullions, panel is held by mullion
08:57:45.458  +0400.414s  REVIEWED Clash1360  in BLD-AR-Curtain Mullions-vs-BLD-AR-Curtain Panels  BLD-AR-Curtain Panels and BLD-AR-Curtain Mullions, panel is held by mullion
08:57:45.463  +0400.421s  REVIEWED Clash1361  in BLD-AR-Curtain Mullions-vs-BLD-AR-Curtain Panels  BLD-AR-Curtain Panels and BLD-AR-Curtain Mullions, panel is held by mullion
08:57:45.463  +0400.430s  REVIEWED Clash1362  in BLD-AR-Curtain Mullions-vs-BLD-AR-Curtain Panels  BLD-AR-Curtain Panels and BLD-AR-Curtain Mullions, panel is held by mullion
08:57:45.478  +0400.440s  REVIEWED Clash1363  in BLD-AR-Curtain Mullions-vs-BLD-AR-Curtain Panels  BLD-AR-Curtain Panels and BLD-AR-Curtain Mullions, panel is held by mullion
08:57:45.492  +0400.448s  REVIEWED Clash1364  in BLD-AR-Curtain Mullions-vs-BLD-AR-Curtain Panels  BLD-AR-Curtain Panels and BLD-AR-Curtain Mullions, panel is held by mullion
08:57:45.504  +0400.459s  REVIEWED Clash1365  in BLD-AR-Curtain Mullions-vs-BLD-AR-Curtain Panels  BLD-AR-Curtain Panels and BLD-AR-Curtain Mullions, panel is held by mullion
08:57:45.510  +0400.467s  REVIEWED Clash1366  in BLD-AR-Curtain Mullions-vs-BLD-AR-Curtain Panels  BLD-AR-Curtain Panels and BLD-AR-Curtain Mullions, panel is held by mullion
08:57:45.526  +0400.489s  REVIEWED Clash1367  in BLD-AR-Curtain Mullions-vs-BLD-AR-Curtain Panels  BLD-AR-Curtain Panels and BLD-AR-Curtain Mullions, panel is held by mullion
08:57:45.573  +0400.529s  REVIEWED Clash1368  in BLD-AR-Curtain Mullions-vs-BLD-AR-Curtain Panels  BLD-AR-Curtain Panels and BLD-AR-Curtain Mullions, panel is held by mullion
08:57:45.589  +0400.549s  REVIEWED Clash1369  in BLD-AR-Curtain Mullions-vs-BLD-AR-Curtain Panels  BLD-AR-Curtain Panels and BLD-AR-Curtain Mullions, panel is held by mullion
08:57:45.622  +0400.580s  REVIEWED Clash1370  in BLD-AR-Curtain Mullions-vs-BLD-AR-Curtain Panels  BLD-AR-Curtain Panels and BLD-AR-Curtain Mullions, panel is held by mullion
08:57:45.644  +0400.601s  REVIEWED Clash1371  in BLD-AR-Curtain Mullions-vs-BLD-AR-Curtain Panels  BLD-AR-Curtain Panels and BLD-AR-Curtain Mullions, panel is held by mullion
08:57:45.655  +0400.610s  REVIEWED Clash1372  in BLD-AR-Curtain Mullions-vs-BLD-AR-Curtain Panels  BLD-AR-Curtain Panels and BLD-AR-Curtain Mullions, panel is held by mullion
08:57:45.660  +0400.618s  REVIEWED Clash1373  in BLD-AR-Curtain Mullions-vs-BLD-AR-Curtain Panels  BLD-AR-Curtain Panels and BLD-AR-Curtain Mullions, panel is held by mullion
08:57:45.668  +0400.624s  REVIEWED Clash1374  in BLD-AR-Curtain Mullions-vs-BLD-AR-Curtain Panels  BLD-AR-Curtain Panels and BLD-AR-Curtain Mullions, panel is held by mullion
08:57:45.668  +0400.631s  REVIEWED Clash1375  in BLD-AR-Curtain Mullions-vs-BLD-AR-Curtain Panels  BLD-AR-Curtain Panels and BLD-AR-Curtain Mullions, panel is held by mullion
08:57:45.668  +0400.637s  REVIEWED Clash1376  in BLD-AR-Curtain Mullions-vs-BLD-AR-Curtain Panels  BLD-AR-Curtain Panels and BLD-AR-Curtain Mullions, panel is held by mullion
08:57:45.684  +0400.644s  REVIEWED Clash1377  in BLD-AR-Curtain Mullions-vs-BLD-AR-Curtain Panels  BLD-AR-Curtain Panels and BLD-AR-Curtain Mullions, panel is held by mullion
08:57:45.695  +0400.651s  REVIEWED Clash1378  in BLD-AR-Curtain Mullions-vs-BLD-AR-Curtain Panels  BLD-AR-Curtain Panels and BLD-AR-Curtain Mullions, panel is held by mullion
08:57:45.701  +0400.661s  REVIEWED Clash1379  in BLD-AR-Curtain Mullions-vs-BLD-AR-Curtain Panels  BLD-AR-Curtain Panels and BLD-AR-Curtain Mullions, panel is held by mullion
08:57:45.711  +0400.669s  REVIEWED Clash1380  in BLD-AR-Curtain Mullions-vs-BLD-AR-Curtain Panels  BLD-AR-Curtain Panels and BLD-AR-Curtain Mullions, panel is held by mullion
08:57:45.722  +0400.684s  REVIEWED Clash1381  in BLD-AR-Curtain Mullions-vs-BLD-AR-Curtain Panels  BLD-AR-Curtain Panels and BLD-AR-Curtain Mullions, panel is held by mullion
08:57:45.731  +0400.697s  REVIEWED Clash1382  in BLD-AR-Curtain Mullions-vs-BLD-AR-Curtain Panels  BLD-AR-Curtain Panels and BLD-AR-Curtain Mullions, panel is held by mullion
08:57:45.749  +0400.713s  REVIEWED Clash1383  in BLD-AR-Curtain Mullions-vs-BLD-AR-Curtain Panels  BLD-AR-Curtain Panels and BLD-AR-Curtain Mullions, panel is held by mullion
08:57:45.780  +0400.737s  REVIEWED Clash1384  in BLD-AR-Curtain Mullions-vs-BLD-AR-Curtain Panels  BLD-AR-Curtain Panels and BLD-AR-Curtain Mullions, panel is held by mullion
08:57:45.780  +0400.746s  REVIEWED Clash1385  in BLD-AR-Curtain Mullions-vs-BLD-AR-Curtain Panels  BLD-AR-Curtain Panels and BLD-AR-Curtain Mullions, panel is held by mullion
08:57:45.795  +0400.754s  REVIEWED Clash1386  in BLD-AR-Curtain Mullions-vs-BLD-AR-Curtain Panels  BLD-AR-Curtain Panels and BLD-AR-Curtain Mullions, panel is held by mullion
08:57:45.795  +0400.760s  REVIEWED Clash1387  in BLD-AR-Curtain Mullions-vs-BLD-AR-Curtain Panels  BLD-AR-Curtain Panels and BLD-AR-Curtain Mullions, panel is held by mullion
08:57:45.806  +0400.766s  REVIEWED Clash1388  in BLD-AR-Curtain Mullions-vs-BLD-AR-Curtain Panels  BLD-AR-Curtain Panels and BLD-AR-Curtain Mullions, panel is held by mullion
08:57:45.811  +0400.777s  REVIEWED Clash1389  in BLD-AR-Curtain Mullions-vs-BLD-AR-Curtain Panels  BLD-AR-Curtain Panels and BLD-AR-Curtain Mullions, panel is held by mullion
08:57:45.830  +0400.786s  REVIEWED Clash1390  in BLD-AR-Curtain Mullions-vs-BLD-AR-Curtain Panels  BLD-AR-Curtain Panels and BLD-AR-Curtain Mullions, panel is held by mullion
08:57:45.835  +0400.794s  REVIEWED Clash1391  in BLD-AR-Curtain Mullions-vs-BLD-AR-Curtain Panels  BLD-AR-Curtain Panels and BLD-AR-Curtain Mullions, panel is held by mullion
08:57:45.843  +0400.804s  REVIEWED Clash1392  in BLD-AR-Curtain Mullions-vs-BLD-AR-Curtain Panels  BLD-AR-Curtain Panels and BLD-AR-Curtain Mullions, panel is held by mullion
08:57:45.859  +0400.819s  REVIEWED Clash1393  in BLD-AR-Curtain Mullions-vs-BLD-AR-Curtain Panels  BLD-AR-Curtain Panels and BLD-AR-Curtain Mullions, panel is held by mullion
08:57:45.869  +0400.826s  REVIEWED Clash1394  in BLD-AR-Curtain Mullions-vs-BLD-AR-Curtain Panels  BLD-AR-Curtain Panels and BLD-AR-Curtain Mullions, panel is held by mullion
08:57:45.875  +0400.836s  REVIEWED Clash1395  in BLD-AR-Curtain Mullions-vs-BLD-AR-Curtain Panels  BLD-AR-Curtain Panels and BLD-AR-Curtain Mullions, panel is held by mullion
08:57:45.890  +0400.848s  REVIEWED Clash1396  in BLD-AR-Curtain Mullions-vs-BLD-AR-Curtain Panels  BLD-AR-Curtain Panels and BLD-AR-Curtain Mullions, panel is held by mullion
08:57:45.906  +0400.861s  REVIEWED Clash1397  in BLD-AR-Curtain Mullions-vs-BLD-AR-Curtain Panels  BLD-AR-Curtain Panels and BLD-AR-Curtain Mullions, panel is held by mullion
08:57:45.939  +0400.895s  REVIEWED Clash1398  in BLD-AR-Curtain Mullions-vs-BLD-AR-Curtain Panels  BLD-AR-Curtain Panels and BLD-AR-Curtain Mullions, panel is held by mullion
08:57:45.943  +0400.903s  REVIEWED Clash1399  in BLD-AR-Curtain Mullions-vs-BLD-AR-Curtain Panels  BLD-AR-Curtain Panels and BLD-AR-Curtain Mullions, panel is held by mullion
08:57:45.954  +0400.912s  REVIEWED Clash1400  in BLD-AR-Curtain Mullions-vs-BLD-AR-Curtain Panels  BLD-AR-Curtain Panels and BLD-AR-Curtain Mullions, panel is held by mullion
08:57:45.959  +0400.919s  REVIEWED Clash1401  in BLD-AR-Curtain Mullions-vs-BLD-AR-Curtain Panels  BLD-AR-Curtain Panels and BLD-AR-Curtain Mullions, panel is held by mullion
08:57:45.970  +0400.928s  REVIEWED Clash1402  in BLD-AR-Curtain Mullions-vs-BLD-AR-Curtain Panels  BLD-AR-Curtain Panels and BLD-AR-Curtain Mullions, panel is held by mullion
08:57:45.975  +0400.937s  REVIEWED Clash1403  in BLD-AR-Curtain Mullions-vs-BLD-AR-Curtain Panels  BLD-AR-Curtain Panels and BLD-AR-Curtain Mullions, panel is held by mullion
08:57:45.985  +0400.945s  REVIEWED Clash1404  in BLD-AR-Curtain Mullions-vs-BLD-AR-Curtain Panels  BLD-AR-Curtain Panels and BLD-AR-Curtain Mullions, panel is held by mullion
08:57:45.993  +0400.951s  REVIEWED Clash1405  in BLD-AR-Curtain Mullions-vs-BLD-AR-Curtain Panels  BLD-AR-Curtain Panels and BLD-AR-Curtain Mullions, panel is held by mullion
08:57:46.001  +0400.958s  REVIEWED Clash1406  in BLD-AR-Curtain Mullions-vs-BLD-AR-Curtain Panels  BLD-AR-Curtain Panels and BLD-AR-Curtain Mullions, panel is held by mullion
08:57:46.007  +0400.965s  REVIEWED Clash1  in BLD-AR-Doors-vs-BLD-AR-Walls  BLD-AR-Doors and BLD-AR-Walls, door sits in wall
08:57:46.016  +0400.973s  REVIEWED Clash2  in BLD-AR-Doors-vs-BLD-AR-Walls  BLD-AR-Doors and BLD-AR-Walls, door sits in wall
08:57:46.024  +0400.982s  REVIEWED Clash3  in BLD-AR-Doors-vs-BLD-AR-Walls  BLD-AR-Doors and BLD-AR-Walls, door sits in wall
08:57:46.032  +0400.992s  REVIEWED Clash4  in BLD-AR-Doors-vs-BLD-AR-Walls  BLD-AR-Doors and BLD-AR-Walls, door sits in wall
08:57:46.064  +0401.020s  REVIEWED Clash5  in BLD-AR-Doors-vs-BLD-AR-Walls  BLD-AR-Doors and BLD-AR-Walls, door sits in wall
08:57:46.064  +0401.034s  REVIEWED Clash6  in BLD-AR-Doors-vs-BLD-AR-Walls  BLD-AR-Doors and BLD-AR-Walls, door sits in wall
08:57:46.081  +0401.044s  REVIEWED Clash7  in BLD-AR-Doors-vs-BLD-AR-Walls  BLD-AR-Doors and BLD-AR-Walls, door sits in wall
08:57:46.096  +0401.056s  REVIEWED Clash8  in BLD-AR-Doors-vs-BLD-AR-Walls  BLD-AR-Doors and BLD-AR-Walls, door sits in wall
08:57:46.107  +0401.065s  REVIEWED Clash9  in BLD-AR-Doors-vs-BLD-AR-Walls  BLD-AR-Doors and BLD-AR-Walls, door sits in wall
08:57:46.111  +0401.073s  REVIEWED Clash10  in BLD-AR-Doors-vs-BLD-AR-Walls  BLD-AR-Doors and BLD-AR-Walls, door sits in wall
08:57:46.122  +0401.080s  REVIEWED Clash11  in BLD-AR-Doors-vs-BLD-AR-Walls  BLD-AR-Doors and BLD-AR-Walls, door sits in wall
08:57:46.130  +0401.087s  REVIEWED Clash12  in BLD-AR-Doors-vs-BLD-AR-Walls  BLD-AR-Doors and BLD-AR-Walls, door sits in wall
08:57:46.138  +0401.094s  REVIEWED Clash13  in BLD-AR-Doors-vs-BLD-AR-Walls  BLD-AR-Doors and BLD-AR-Walls, door sits in wall
08:57:46.148  +0401.105s  REVIEWED Clash14  in BLD-AR-Doors-vs-BLD-AR-Walls  BLD-AR-Doors and BLD-AR-Walls, door sits in wall
08:57:46.162  +0401.118s  REVIEWED Clash15  in BLD-AR-Doors-vs-BLD-AR-Walls  BLD-AR-Doors and BLD-AR-Walls, door sits in wall
08:57:46.175  +0401.133s  REVIEWED Clash16  in BLD-AR-Doors-vs-BLD-AR-Walls  BLD-AR-Doors and BLD-AR-Walls, door sits in wall
08:57:46.193  +0401.160s  REVIEWED Clash17  in BLD-AR-Doors-vs-BLD-AR-Walls  BLD-AR-Doors and BLD-AR-Walls, door sits in wall
08:57:46.218  +0401.175s  REVIEWED Clash18  in BLD-AR-Doors-vs-BLD-AR-Walls  BLD-AR-Doors and BLD-AR-Walls, door sits in wall
08:57:46.222  +0401.184s  REVIEWED Clash19  in BLD-AR-Doors-vs-BLD-AR-Walls  BLD-AR-Doors and BLD-AR-Walls, door sits in wall
08:57:46.222  +0401.191s  REVIEWED Clash20  in BLD-AR-Doors-vs-BLD-AR-Walls  BLD-AR-Doors and BLD-AR-Walls, door sits in wall
08:57:46.245  +0401.203s  REVIEWED Clash21  in BLD-AR-Doors-vs-BLD-AR-Walls  BLD-AR-Doors and BLD-AR-Walls, door sits in wall
08:57:46.260  +0401.218s  REVIEWED Clash22  in BLD-AR-Doors-vs-BLD-AR-Walls  BLD-AR-Doors and BLD-AR-Walls, door sits in wall
08:57:46.275  +0401.231s  REVIEWED Clash23  in BLD-AR-Doors-vs-BLD-AR-Walls  BLD-AR-Doors and BLD-AR-Walls, door sits in wall
08:57:46.285  +0401.244s  REVIEWED Clash24  in BLD-AR-Doors-vs-BLD-AR-Walls  BLD-AR-Doors and BLD-AR-Walls, door sits in wall
08:57:46.295  +0401.256s  REVIEWED Clash25  in BLD-AR-Doors-vs-BLD-AR-Walls  BLD-AR-Doors and BLD-AR-Walls, door sits in wall
08:57:46.301  +0401.266s  REVIEWED Clash26  in BLD-AR-Doors-vs-BLD-AR-Walls  BLD-AR-Doors and BLD-AR-Walls, door sits in wall
08:57:46.322  +0401.282s  REVIEWED Clash27  in BLD-AR-Doors-vs-BLD-AR-Walls  BLD-AR-Doors and BLD-AR-Walls, door sits in wall
08:57:46.332  +0401.299s  REVIEWED Clash28  in BLD-AR-Doors-vs-BLD-AR-Walls  BLD-AR-Doors and BLD-AR-Walls, door sits in wall
08:57:46.358  +0401.315s  REVIEWED Clash1  in BLD-ST-Columns-vs-BLD-AR-Floors  BLD-ST-Columns and BLD-AR-Floors, floor finish laps the column
08:57:46.364  +0401.330s  REVIEWED Clash2  in BLD-ST-Columns-vs-BLD-AR-Floors  BLD-ST-Columns and BLD-AR-Floors, floor finish laps the column
08:57:46.392  +0401.348s  REVIEWED Clash3  in BLD-ST-Columns-vs-BLD-AR-Floors  BLD-ST-Columns and BLD-AR-Floors, floor finish laps the column
08:57:46.408  +0401.363s  REVIEWED Clash1  in BLD-ST-Columns-vs-BLD-AR-Walls  BLD-ST-Columns and BLD-AR-Walls, wall meets column
08:57:46.411  +0401.375s  REVIEWED Clash2  in BLD-ST-Columns-vs-BLD-AR-Walls  BLD-ST-Columns and BLD-AR-Walls, wall meets column
08:57:46.427  +0401.390s  REVIEWED Clash1  in BLD-ST-Framing-vs-BLD-AR-Floors  BLD-ST-Framing and BLD-AR-Floors, floor finish laps the beam
08:57:46.427  +0401.396s  REVIEWED Clash1  in BLD-ST-Framing-vs-BLD-AR-Walls  BLD-ST-Framing and BLD-AR-Walls, wall meets beam
08:57:46.443  +0401.406s  REVIEWED Clash1  in BLD-ST-Framing-vs-BLD-ST-Columns  BLD-ST-Framing and BLD-ST-Columns, beam frames into its column
08:57:46.461  +0401.420s  REVIEWED Clash2  in BLD-ST-Framing-vs-BLD-ST-Columns  BLD-ST-Framing and BLD-ST-Columns, beam frames into its column
08:57:46.474  +0401.431s  REVIEWED Clash3  in BLD-ST-Framing-vs-BLD-ST-Columns  BLD-ST-Framing and BLD-ST-Columns, beam frames into its column
08:57:46.474  +0401.439s  REVIEWED Clash4  in BLD-ST-Framing-vs-BLD-ST-Columns  BLD-ST-Framing and BLD-ST-Columns, beam frames into its column
08:57:46.491  +0401.446s  REVIEWED Clash5  in BLD-ST-Framing-vs-BLD-ST-Columns  BLD-ST-Framing and BLD-ST-Columns, beam frames into its column
08:57:46.494  +0401.453s  REVIEWED Clash6  in BLD-ST-Framing-vs-BLD-ST-Columns  BLD-ST-Framing and BLD-ST-Columns, beam frames into its column
08:57:46.504  +0401.459s  REVIEWED Clash7  in BLD-ST-Framing-vs-BLD-ST-Columns  BLD-ST-Framing and BLD-ST-Columns, beam frames into its column
08:57:46.517  +0401.476s  REVIEWED Clash8  in BLD-ST-Framing-vs-BLD-ST-Columns  BLD-ST-Framing and BLD-ST-Columns, beam frames into its column
08:57:46.523  +0401.489s  REVIEWED Clash9  in BLD-ST-Framing-vs-BLD-ST-Columns  BLD-ST-Framing and BLD-ST-Columns, beam frames into its column
08:57:46.554  +0401.509s  REVIEWED Clash10  in BLD-ST-Framing-vs-BLD-ST-Columns  BLD-ST-Framing and BLD-ST-Columns, beam frames into its column
08:57:46.565  +0401.523s  REVIEWED Clash11  in BLD-ST-Framing-vs-BLD-ST-Columns  BLD-ST-Framing and BLD-ST-Columns, beam frames into its column
08:57:46.570  +0401.531s  REVIEWED Clash12  in BLD-ST-Framing-vs-BLD-ST-Columns  BLD-ST-Framing and BLD-ST-Columns, beam frames into its column
08:57:46.570  +0401.539s  REVIEWED Clash13  in BLD-ST-Framing-vs-BLD-ST-Columns  BLD-ST-Framing and BLD-ST-Columns, beam frames into its column
08:57:46.586  +0401.547s  REVIEWED Clash14  in BLD-ST-Framing-vs-BLD-ST-Columns  BLD-ST-Framing and BLD-ST-Columns, beam frames into its column
08:57:46.594  +0401.555s  REVIEWED Clash15  in BLD-ST-Framing-vs-BLD-ST-Columns  BLD-ST-Framing and BLD-ST-Columns, beam frames into its column
08:57:46.606  +0401.563s  REVIEWED Clash16  in BLD-ST-Framing-vs-BLD-ST-Columns  BLD-ST-Framing and BLD-ST-Columns, beam frames into its column
08:57:46.612  +0401.571s  REVIEWED Clash17  in BLD-ST-Framing-vs-BLD-ST-Columns  BLD-ST-Framing and BLD-ST-Columns, beam frames into its column
08:57:46.624  +0401.580s  REVIEWED Clash18  in BLD-ST-Framing-vs-BLD-ST-Columns  BLD-ST-Framing and BLD-ST-Columns, beam frames into its column
08:57:46.624  +0401.586s  REVIEWED Clash19  in BLD-ST-Framing-vs-BLD-ST-Columns  BLD-ST-Framing and BLD-ST-Columns, beam frames into its column
08:57:46.634  +0401.593s  REVIEWED Clash20  in BLD-ST-Framing-vs-BLD-ST-Columns  BLD-ST-Framing and BLD-ST-Columns, beam frames into its column
08:57:46.645  +0401.602s  REVIEWED Clash21  in BLD-ST-Framing-vs-BLD-ST-Columns  BLD-ST-Framing and BLD-ST-Columns, beam frames into its column
08:57:46.653  +0401.610s  REVIEWED Clash22  in BLD-ST-Framing-vs-BLD-ST-Columns  BLD-ST-Framing and BLD-ST-Columns, beam frames into its column
08:57:46.681  +0401.637s  REVIEWED Clash23  in BLD-ST-Framing-vs-BLD-ST-Columns  BLD-ST-Framing and BLD-ST-Columns, beam frames into its column
08:57:46.693  +0401.650s  REVIEWED Clash24  in BLD-ST-Framing-vs-BLD-ST-Columns  BLD-ST-Framing and BLD-ST-Columns, beam frames into its column
08:57:46.697  +0401.659s  REVIEWED Clash25  in BLD-ST-Framing-vs-BLD-ST-Columns  BLD-ST-Framing and BLD-ST-Columns, beam frames into its column
08:57:46.709  +0401.665s  REVIEWED Clash26  in BLD-ST-Framing-vs-BLD-ST-Columns  BLD-ST-Framing and BLD-ST-Columns, beam frames into its column
08:57:46.716  +0401.672s  REVIEWED Clash27  in BLD-ST-Framing-vs-BLD-ST-Columns  BLD-ST-Framing and BLD-ST-Columns, beam frames into its column
08:57:46.725  +0401.681s  REVIEWED Clash28  in BLD-ST-Framing-vs-BLD-ST-Columns  BLD-ST-Framing and BLD-ST-Columns, beam frames into its column
08:57:46.734  +0401.690s  REVIEWED Clash29  in BLD-ST-Framing-vs-BLD-ST-Columns  BLD-ST-Framing and BLD-ST-Columns, beam frames into its column
08:57:46.742  +0401.698s  REVIEWED Clash30  in BLD-ST-Framing-vs-BLD-ST-Columns  BLD-ST-Framing and BLD-ST-Columns, beam frames into its column
08:57:46.750  +0401.706s  REVIEWED Clash31  in BLD-ST-Framing-vs-BLD-ST-Columns  BLD-ST-Framing and BLD-ST-Columns, beam frames into its column
08:57:46.757  +0401.714s  REVIEWED Clash32  in BLD-ST-Framing-vs-BLD-ST-Columns  BLD-ST-Framing and BLD-ST-Columns, beam frames into its column
08:57:46.762  +0401.720s  REVIEWED Clash33  in BLD-ST-Framing-vs-BLD-ST-Columns  BLD-ST-Framing and BLD-ST-Columns, beam frames into its column
08:57:46.772  +0401.727s  REVIEWED Clash34  in BLD-ST-Framing-vs-BLD-ST-Columns  BLD-ST-Framing and BLD-ST-Columns, beam frames into its column
08:57:46.780  +0401.737s  REVIEWED Clash35  in BLD-ST-Framing-vs-BLD-ST-Columns  BLD-ST-Framing and BLD-ST-Columns, beam frames into its column
08:57:46.804  +0401.760s  REVIEWED Clash36  in BLD-ST-Framing-vs-BLD-ST-Columns  BLD-ST-Framing and BLD-ST-Columns, beam frames into its column
08:57:46.810  +0401.776s  REVIEWED Clash37  in BLD-ST-Framing-vs-BLD-ST-Columns  BLD-ST-Framing and BLD-ST-Columns, beam frames into its column
08:57:46.826  +0401.787s  REVIEWED Clash38  in BLD-ST-Framing-vs-BLD-ST-Columns  BLD-ST-Framing and BLD-ST-Columns, beam frames into its column
08:57:46.826  +0401.793s  REVIEWED Clash39  in BLD-ST-Framing-vs-BLD-ST-Columns  BLD-ST-Framing and BLD-ST-Columns, beam frames into its column
08:57:46.844  +0401.800s  REVIEWED Clash40  in BLD-ST-Framing-vs-BLD-ST-Columns  BLD-ST-Framing and BLD-ST-Columns, beam frames into its column
08:57:46.852  +0401.808s  REVIEWED Clash41  in BLD-ST-Framing-vs-BLD-ST-Columns  BLD-ST-Framing and BLD-ST-Columns, beam frames into its column
08:57:46.860  +0401.816s  REVIEWED Clash1  in BLD-ST-Walls-vs-BLD-AR-Floors  BLD-ST-Walls and BLD-AR-Floors, floor finish laps the structural wall
08:57:46.864  +0401.824s  REVIEWED Clash2  in BLD-ST-Walls-vs-BLD-AR-Floors  BLD-ST-Walls and BLD-AR-Floors, floor finish laps the structural wall
08:57:46.874  +0401.831s  REVIEWED Clash3  in BLD-ST-Walls-vs-BLD-AR-Floors  BLD-ST-Walls and BLD-AR-Floors, floor finish laps the structural wall
08:57:46.882  +0401.839s  REVIEWED Clash4  in BLD-ST-Walls-vs-BLD-AR-Floors  BLD-ST-Walls and BLD-AR-Floors, floor finish laps the structural wall
08:57:46.890  +0401.846s  REVIEWED Clash5  in BLD-ST-Walls-vs-BLD-AR-Floors  BLD-ST-Walls and BLD-AR-Floors, floor finish laps the structural wall
08:57:46.893  +0401.856s  REVIEWED Clash1  in BLD-ST-Walls-vs-BLD-AR-Walls  BLD-ST-Walls and BLD-AR-Walls, architectural wall build-up laps the structural wall
08:57:46.907  +0401.868s  REVIEWED Clash1  in BLD-ST-Walls-vs-BLD-ST-Foundation  BLD-ST-Walls and BLD-ST-Foundation, wall sits on foundation
08:57:46.923  +0401.881s  REVIEWED Clash2  in BLD-ST-Walls-vs-BLD-ST-Foundation  BLD-ST-Walls and BLD-ST-Foundation, wall sits on foundation
08:57:46.943  +0401.900s  REVIEWED Clash3  in BLD-ST-Walls-vs-BLD-ST-Foundation  BLD-ST-Walls and BLD-ST-Foundation, wall sits on foundation
08:57:46.954  +0401.915s  REVIEWED Clash4  in BLD-ST-Walls-vs-BLD-ST-Foundation  BLD-ST-Walls and BLD-ST-Foundation, wall sits on foundation
08:57:46.965  +0401.922s  REVIEWED Clash5  in BLD-ST-Walls-vs-BLD-ST-Foundation  BLD-ST-Walls and BLD-ST-Foundation, wall sits on foundation
08:57:46.973  +0401.930s  REVIEWED Clash6  in BLD-ST-Walls-vs-BLD-ST-Foundation  BLD-ST-Walls and BLD-ST-Foundation, wall sits on foundation
08:57:46.977  +0401.939s  REVIEWED Clash7  in BLD-ST-Walls-vs-BLD-ST-Foundation  BLD-ST-Walls and BLD-ST-Foundation, wall sits on foundation
08:57:46.986  +0401.947s  REVIEWED Clash8  in BLD-ST-Walls-vs-BLD-ST-Foundation  BLD-ST-Walls and BLD-ST-Foundation, wall sits on foundation
08:57:46.994  +0401.955s  REVIEWED Clash9  in BLD-ST-Walls-vs-BLD-ST-Foundation  BLD-ST-Walls and BLD-ST-Foundation, wall sits on foundation
08:57:47.001  +0401.964s  REVIEWED Clash10  in BLD-ST-Walls-vs-BLD-ST-Foundation  BLD-ST-Walls and BLD-ST-Foundation, wall sits on foundation
08:57:47.012  +0401.972s  REVIEWED Clash1  in BLD-ST-Walls-vs-BLD-ST-Framing  BLD-ST-Walls and BLD-ST-Framing, wall meets beam
08:57:47.023  +0401.979s  REVIEWED Clash2  in BLD-ST-Walls-vs-BLD-ST-Framing  BLD-ST-Walls and BLD-ST-Framing, wall meets beam
08:57:47.023  +0401.985s  REVIEWED Clash1  in BLD-ST-Floors-vs-BLD-ST-Columns  BLD-ST-Floors and BLD-ST-Columns, slab forms around column
08:57:47.036  +0401.993s  REVIEWED Clash2  in BLD-ST-Floors-vs-BLD-ST-Columns  BLD-ST-Floors and BLD-ST-Columns, slab forms around column
08:57:47.044  +0402.001s  REVIEWED Clash3  in BLD-ST-Floors-vs-BLD-ST-Columns  BLD-ST-Floors and BLD-ST-Columns, slab forms around column
08:57:47.064  +0402.021s  REVIEWED Clash4  in BLD-ST-Floors-vs-BLD-ST-Columns  BLD-ST-Floors and BLD-ST-Columns, slab forms around column
08:57:47.064  +0402.035s  REVIEWED Clash5  in BLD-ST-Floors-vs-BLD-ST-Columns  BLD-ST-Floors and BLD-ST-Columns, slab forms around column
08:57:47.095  +0402.050s  REVIEWED Clash6  in BLD-ST-Floors-vs-BLD-ST-Columns  BLD-ST-Floors and BLD-ST-Columns, slab forms around column
08:57:47.108  +0402.064s  REVIEWED Clash7  in BLD-ST-Floors-vs-BLD-ST-Columns  BLD-ST-Floors and BLD-ST-Columns, slab forms around column
08:57:47.118  +0402.075s  REVIEWED Clash8  in BLD-ST-Floors-vs-BLD-ST-Columns  BLD-ST-Floors and BLD-ST-Columns, slab forms around column
08:57:47.128  +0402.084s  REVIEWED Clash1  in BLD-ST-Floors-vs-BLD-ST-Walls  BLD-ST-Floors and BLD-ST-Walls, slab meets wall
08:57:47.136  +0402.092s  REVIEWED Clash2  in BLD-ST-Floors-vs-BLD-ST-Walls  BLD-ST-Floors and BLD-ST-Walls, slab meets wall
08:57:47.143  +0402.099s  REVIEWED Clash3  in BLD-ST-Floors-vs-BLD-ST-Walls  BLD-ST-Floors and BLD-ST-Walls, slab meets wall
08:57:47.143  +0402.106s  REVIEWED Clash4  in BLD-ST-Floors-vs-BLD-ST-Walls  BLD-ST-Floors and BLD-ST-Walls, slab meets wall
08:57:47.154  +0402.114s  REVIEWED Clash5  in BLD-ST-Floors-vs-BLD-ST-Walls  BLD-ST-Floors and BLD-ST-Walls, slab meets wall
08:57:47.163  +0402.125s  REVIEWED Clash6  in BLD-ST-Floors-vs-BLD-ST-Walls  BLD-ST-Floors and BLD-ST-Walls, slab meets wall
08:57:47.174  +0402.135s  REVIEWED Clash7  in BLD-ST-Floors-vs-BLD-ST-Walls  BLD-ST-Floors and BLD-ST-Walls, slab meets wall
08:57:47.174  +0402.144s  REVIEWED Clash8  in BLD-ST-Floors-vs-BLD-ST-Walls  BLD-ST-Floors and BLD-ST-Walls, slab meets wall
08:57:47.196  +0402.153s  REVIEWED Clash9  in BLD-ST-Floors-vs-BLD-ST-Walls  BLD-ST-Floors and BLD-ST-Walls, slab meets wall
08:57:47.205  +0402.161s  REVIEWED Clash10  in BLD-ST-Floors-vs-BLD-ST-Walls  BLD-ST-Floors and BLD-ST-Walls, slab meets wall
08:57:47.212  +0402.169s  REVIEWED Clash11  in BLD-ST-Floors-vs-BLD-ST-Walls  BLD-ST-Floors and BLD-ST-Walls, slab meets wall
08:57:47.226  +0402.183s  REVIEWED Clash1  in BLD-ST-Stair-vs-BLD-ST-Floors  BLD-ST-Stair and BLD-ST-Floors, stair lands on slab
08:57:47.241  +0402.197s  REVIEWED Clash2  in BLD-ST-Stair-vs-BLD-ST-Floors  BLD-ST-Stair and BLD-ST-Floors, stair lands on slab
08:57:47.250  +0402.205s  REVIEWED Clash3  in BLD-ST-Stair-vs-BLD-ST-Floors  BLD-ST-Stair and BLD-ST-Floors, stair lands on slab
08:57:47.259  +0402.215s  REVIEWED Clash1  in BLD-FF-Pipe Accessories-vs-BLD-FF-Pipes & Pipe Fittings  BLD-FF-Pipes & Pipe Fittings and BLD-FF-Pipe Accessories, valve sits in pipe run
08:57:47.264  +0402.223s  REVIEWED Clash2  in BLD-FF-Pipe Accessories-vs-BLD-FF-Pipes & Pipe Fittings  BLD-FF-Pipes & Pipe Fittings and BLD-FF-Pipe Accessories, valve sits in pipe run
08:57:47.274  +0402.229s  REVIEWED Clash3  in BLD-FF-Pipe Accessories-vs-BLD-FF-Pipes & Pipe Fittings  BLD-FF-Pipes & Pipe Fittings and BLD-FF-Pipe Accessories, valve sits in pipe run
08:57:47.284  +0402.241s  REVIEWED Clash4  in BLD-FF-Pipe Accessories-vs-BLD-FF-Pipes & Pipe Fittings  BLD-FF-Pipes & Pipe Fittings and BLD-FF-Pipe Accessories, valve sits in pipe run
08:57:47.294  +0402.249s  REVIEWED Clash5  in BLD-FF-Pipe Accessories-vs-BLD-FF-Pipes & Pipe Fittings  BLD-FF-Pipes & Pipe Fittings and BLD-FF-Pipe Accessories, valve sits in pipe run
08:57:47.300  +0402.258s  REVIEWED Clash6  in BLD-FF-Pipe Accessories-vs-BLD-FF-Pipes & Pipe Fittings  BLD-FF-Pipes & Pipe Fittings and BLD-FF-Pipe Accessories, valve sits in pipe run
08:57:47.311  +0402.270s  REVIEWED Clash7  in BLD-FF-Pipe Accessories-vs-BLD-FF-Pipes & Pipe Fittings  BLD-FF-Pipes & Pipe Fittings and BLD-FF-Pipe Accessories, valve sits in pipe run
08:57:47.324  +0402.280s  REVIEWED Clash8  in BLD-FF-Pipe Accessories-vs-BLD-FF-Pipes & Pipe Fittings  BLD-FF-Pipes & Pipe Fittings and BLD-FF-Pipe Accessories, valve sits in pipe run
08:57:47.331  +0402.288s  REVIEWED Clash9  in BLD-FF-Pipe Accessories-vs-BLD-FF-Pipes & Pipe Fittings  BLD-FF-Pipes & Pipe Fittings and BLD-FF-Pipe Accessories, valve sits in pipe run
08:57:47.340  +0402.296s  REVIEWED Clash10  in BLD-FF-Pipe Accessories-vs-BLD-FF-Pipes & Pipe Fittings  BLD-FF-Pipes & Pipe Fittings and BLD-FF-Pipe Accessories, valve sits in pipe run
08:57:47.348  +0402.307s  REVIEWED Clash11  in BLD-FF-Pipe Accessories-vs-BLD-FF-Pipes & Pipe Fittings  BLD-FF-Pipes & Pipe Fittings and BLD-FF-Pipe Accessories, valve sits in pipe run
08:57:47.364  +0402.324s  REVIEWED Clash12  in BLD-FF-Pipe Accessories-vs-BLD-FF-Pipes & Pipe Fittings  BLD-FF-Pipes & Pipe Fittings and BLD-FF-Pipe Accessories, valve sits in pipe run
08:57:47.364  +0402.333s  REVIEWED Clash13  in BLD-FF-Pipe Accessories-vs-BLD-FF-Pipes & Pipe Fittings  BLD-FF-Pipes & Pipe Fittings and BLD-FF-Pipe Accessories, valve sits in pipe run
08:57:47.381  +0402.341s  REVIEWED Clash1  in BLD-FF-Sprinklers-vs-BLD-FF-Pipes & Pipe Fittings  BLD-FF-Pipes & Pipe Fittings and BLD-FF-Sprinklers, sprinkler head connects to pipe
08:57:47.381  +0402.348s  REVIEWED Clash2  in BLD-FF-Sprinklers-vs-BLD-FF-Pipes & Pipe Fittings  BLD-FF-Pipes & Pipe Fittings and BLD-FF-Sprinklers, sprinkler head connects to pipe
08:57:47.395  +0402.356s  REVIEWED Clash3  in BLD-FF-Sprinklers-vs-BLD-FF-Pipes & Pipe Fittings  BLD-FF-Pipes & Pipe Fittings and BLD-FF-Sprinklers, sprinkler head connects to pipe
08:57:47.406  +0402.363s  REVIEWED Clash4  in BLD-FF-Sprinklers-vs-BLD-FF-Pipes & Pipe Fittings  BLD-FF-Pipes & Pipe Fittings and BLD-FF-Sprinklers, sprinkler head connects to pipe
08:57:47.413  +0402.373s  REVIEWED Clash5  in BLD-FF-Sprinklers-vs-BLD-FF-Pipes & Pipe Fittings  BLD-FF-Pipes & Pipe Fittings and BLD-FF-Sprinklers, sprinkler head connects to pipe
08:57:47.424  +0402.382s  REVIEWED Clash6  in BLD-FF-Sprinklers-vs-BLD-FF-Pipes & Pipe Fittings  BLD-FF-Pipes & Pipe Fittings and BLD-FF-Sprinklers, sprinkler head connects to pipe
08:57:47.427  +0402.390s  REVIEWED Clash7  in BLD-FF-Sprinklers-vs-BLD-FF-Pipes & Pipe Fittings  BLD-FF-Pipes & Pipe Fittings and BLD-FF-Sprinklers, sprinkler head connects to pipe
08:57:47.443  +0402.399s  REVIEWED Clash8  in BLD-FF-Sprinklers-vs-BLD-FF-Pipes & Pipe Fittings  BLD-FF-Pipes & Pipe Fittings and BLD-FF-Sprinklers, sprinkler head connects to pipe
08:57:47.458  +0402.416s  REVIEWED Clash9  in BLD-FF-Sprinklers-vs-BLD-FF-Pipes & Pipe Fittings  BLD-FF-Pipes & Pipe Fittings and BLD-FF-Sprinklers, sprinkler head connects to pipe
08:57:47.474  +0402.431s  REVIEWED Clash10  in BLD-FF-Sprinklers-vs-BLD-FF-Pipes & Pipe Fittings  BLD-FF-Pipes & Pipe Fittings and BLD-FF-Sprinklers, sprinkler head connects to pipe
08:57:47.506  +0402.462s  REVIEWED Clash11  in BLD-FF-Sprinklers-vs-BLD-FF-Pipes & Pipe Fittings  BLD-FF-Pipes & Pipe Fittings and BLD-FF-Sprinklers, sprinkler head connects to pipe
08:57:47.515  +0402.471s  REVIEWED Clash12  in BLD-FF-Sprinklers-vs-BLD-FF-Pipes & Pipe Fittings  BLD-FF-Pipes & Pipe Fittings and BLD-FF-Sprinklers, sprinkler head connects to pipe
08:57:47.526  +0402.481s  REVIEWED Clash13  in BLD-FF-Sprinklers-vs-BLD-FF-Pipes & Pipe Fittings  BLD-FF-Pipes & Pipe Fittings and BLD-FF-Sprinklers, sprinkler head connects to pipe
08:57:47.526  +0402.487s  REVIEWED Clash14  in BLD-FF-Sprinklers-vs-BLD-FF-Pipes & Pipe Fittings  BLD-FF-Pipes & Pipe Fittings and BLD-FF-Sprinklers, sprinkler head connects to pipe
08:57:47.539  +0402.495s  REVIEWED Clash15  in BLD-FF-Sprinklers-vs-BLD-FF-Pipes & Pipe Fittings  BLD-FF-Pipes & Pipe Fittings and BLD-FF-Sprinklers, sprinkler head connects to pipe
08:57:47.546  +0402.503s  REVIEWED Clash16  in BLD-FF-Sprinklers-vs-BLD-FF-Pipes & Pipe Fittings  BLD-FF-Pipes & Pipe Fittings and BLD-FF-Sprinklers, sprinkler head connects to pipe
08:57:47.553  +0402.511s  REVIEWED Clash17  in BLD-FF-Sprinklers-vs-BLD-FF-Pipes & Pipe Fittings  BLD-FF-Pipes & Pipe Fittings and BLD-FF-Sprinklers, sprinkler head connects to pipe
08:57:47.564  +0402.519s  REVIEWED Clash18  in BLD-FF-Sprinklers-vs-BLD-FF-Pipes & Pipe Fittings  BLD-FF-Pipes & Pipe Fittings and BLD-FF-Sprinklers, sprinkler head connects to pipe
08:57:47.569  +0402.527s  REVIEWED Clash19  in BLD-FF-Sprinklers-vs-BLD-FF-Pipes & Pipe Fittings  BLD-FF-Pipes & Pipe Fittings and BLD-FF-Sprinklers, sprinkler head connects to pipe
08:57:47.569  +0402.536s  REVIEWED Clash20  in BLD-FF-Sprinklers-vs-BLD-FF-Pipes & Pipe Fittings  BLD-FF-Pipes & Pipe Fittings and BLD-FF-Sprinklers, sprinkler head connects to pipe
08:57:47.586  +0402.543s  REVIEWED Clash21  in BLD-FF-Sprinklers-vs-BLD-FF-Pipes & Pipe Fittings  BLD-FF-Pipes & Pipe Fittings and BLD-FF-Sprinklers, sprinkler head connects to pipe
08:57:47.593  +0402.550s  REVIEWED Clash22  in BLD-FF-Sprinklers-vs-BLD-FF-Pipes & Pipe Fittings  BLD-FF-Pipes & Pipe Fittings and BLD-FF-Sprinklers, sprinkler head connects to pipe
08:57:47.616  +0402.572s  REVIEWED Clash23  in BLD-FF-Sprinklers-vs-BLD-FF-Pipes & Pipe Fittings  BLD-FF-Pipes & Pipe Fittings and BLD-FF-Sprinklers, sprinkler head connects to pipe
08:57:47.647  +0402.608s  REVIEWED Clash24  in BLD-FF-Sprinklers-vs-BLD-FF-Pipes & Pipe Fittings  BLD-FF-Pipes & Pipe Fittings and BLD-FF-Sprinklers, sprinkler head connects to pipe
08:57:47.658  +0402.614s  REVIEWED Clash25  in BLD-FF-Sprinklers-vs-BLD-FF-Pipes & Pipe Fittings  BLD-FF-Pipes & Pipe Fittings and BLD-FF-Sprinklers, sprinkler head connects to pipe
08:57:47.667  +0402.623s  REVIEWED Clash26  in BLD-FF-Sprinklers-vs-BLD-FF-Pipes & Pipe Fittings  BLD-FF-Pipes & Pipe Fittings and BLD-FF-Sprinklers, sprinkler head connects to pipe
08:57:47.667  +0402.631s  REVIEWED Clash27  in BLD-FF-Sprinklers-vs-BLD-FF-Pipes & Pipe Fittings  BLD-FF-Pipes & Pipe Fittings and BLD-FF-Sprinklers, sprinkler head connects to pipe
08:57:47.679  +0402.642s  REVIEWED Clash28  in BLD-FF-Sprinklers-vs-BLD-FF-Pipes & Pipe Fittings  BLD-FF-Pipes & Pipe Fittings and BLD-FF-Sprinklers, sprinkler head connects to pipe
08:57:47.693  +0402.649s  REVIEWED Clash29  in BLD-FF-Sprinklers-vs-BLD-FF-Pipes & Pipe Fittings  BLD-FF-Pipes & Pipe Fittings and BLD-FF-Sprinklers, sprinkler head connects to pipe
08:57:47.705  +0402.661s  REVIEWED Clash30  in BLD-FF-Sprinklers-vs-BLD-FF-Pipes & Pipe Fittings  BLD-FF-Pipes & Pipe Fittings and BLD-FF-Sprinklers, sprinkler head connects to pipe
08:57:47.710  +0402.668s  REVIEWED Clash31  in BLD-FF-Sprinklers-vs-BLD-FF-Pipes & Pipe Fittings  BLD-FF-Pipes & Pipe Fittings and BLD-FF-Sprinklers, sprinkler head connects to pipe
08:57:47.719  +0402.675s  REVIEWED Clash32  in BLD-FF-Sprinklers-vs-BLD-FF-Pipes & Pipe Fittings  BLD-FF-Pipes & Pipe Fittings and BLD-FF-Sprinklers, sprinkler head connects to pipe
08:57:47.726  +0402.683s  REVIEWED Clash33  in BLD-FF-Sprinklers-vs-BLD-FF-Pipes & Pipe Fittings  BLD-FF-Pipes & Pipe Fittings and BLD-FF-Sprinklers, sprinkler head connects to pipe
08:57:47.750  +0402.705s  REVIEWED Clash34  in BLD-FF-Sprinklers-vs-BLD-FF-Pipes & Pipe Fittings  BLD-FF-Pipes & Pipe Fittings and BLD-FF-Sprinklers, sprinkler head connects to pipe
08:57:47.774  +0402.730s  REVIEWED Clash35  in BLD-FF-Sprinklers-vs-BLD-FF-Pipes & Pipe Fittings  BLD-FF-Pipes & Pipe Fittings and BLD-FF-Sprinklers, sprinkler head connects to pipe
08:57:47.794  +0402.750s  REVIEWED Clash36  in BLD-FF-Sprinklers-vs-BLD-FF-Pipes & Pipe Fittings  BLD-FF-Pipes & Pipe Fittings and BLD-FF-Sprinklers, sprinkler head connects to pipe
08:57:47.794  +0402.758s  REVIEWED Clash37  in BLD-FF-Sprinklers-vs-BLD-FF-Pipes & Pipe Fittings  BLD-FF-Pipes & Pipe Fittings and BLD-FF-Sprinklers, sprinkler head connects to pipe
08:57:47.815  +0402.771s  REVIEWED Clash38  in BLD-FF-Sprinklers-vs-BLD-FF-Pipes & Pipe Fittings  BLD-FF-Pipes & Pipe Fittings and BLD-FF-Sprinklers, sprinkler head connects to pipe
08:57:47.825  +0402.785s  REVIEWED Clash39  in BLD-FF-Sprinklers-vs-BLD-FF-Pipes & Pipe Fittings  BLD-FF-Pipes & Pipe Fittings and BLD-FF-Sprinklers, sprinkler head connects to pipe
08:57:47.838  +0402.795s  REVIEWED Clash40  in BLD-FF-Sprinklers-vs-BLD-FF-Pipes & Pipe Fittings  BLD-FF-Pipes & Pipe Fittings and BLD-FF-Sprinklers, sprinkler head connects to pipe
08:57:47.845  +0402.801s  REVIEWED Clash41  in BLD-FF-Sprinklers-vs-BLD-FF-Pipes & Pipe Fittings  BLD-FF-Pipes & Pipe Fittings and BLD-FF-Sprinklers, sprinkler head connects to pipe
08:57:47.845  +0402.808s  REVIEWED Clash42  in BLD-FF-Sprinklers-vs-BLD-FF-Pipes & Pipe Fittings  BLD-FF-Pipes & Pipe Fittings and BLD-FF-Sprinklers, sprinkler head connects to pipe
08:57:47.854  +0402.815s  REVIEWED Clash43  in BLD-FF-Sprinklers-vs-BLD-FF-Pipes & Pipe Fittings  BLD-FF-Pipes & Pipe Fittings and BLD-FF-Sprinklers, sprinkler head connects to pipe
08:57:47.866  +0402.824s  REVIEWED Clash44  in BLD-FF-Sprinklers-vs-BLD-FF-Pipes & Pipe Fittings  BLD-FF-Pipes & Pipe Fittings and BLD-FF-Sprinklers, sprinkler head connects to pipe
08:57:47.877  +0402.833s  REVIEWED Clash45  in BLD-FF-Sprinklers-vs-BLD-FF-Pipes & Pipe Fittings  BLD-FF-Pipes & Pipe Fittings and BLD-FF-Sprinklers, sprinkler head connects to pipe
08:57:47.885  +0402.842s  REVIEWED Clash46  in BLD-FF-Sprinklers-vs-BLD-FF-Pipes & Pipe Fittings  BLD-FF-Pipes & Pipe Fittings and BLD-FF-Sprinklers, sprinkler head connects to pipe
08:57:47.895  +0402.850s  REVIEWED Clash47  in BLD-FF-Sprinklers-vs-BLD-FF-Pipes & Pipe Fittings  BLD-FF-Pipes & Pipe Fittings and BLD-FF-Sprinklers, sprinkler head connects to pipe
08:57:47.902  +0402.864s  REVIEWED Clash48  in BLD-FF-Sprinklers-vs-BLD-FF-Pipes & Pipe Fittings  BLD-FF-Pipes & Pipe Fittings and BLD-FF-Sprinklers, sprinkler head connects to pipe
08:57:47.920  +0402.876s  REVIEWED Clash49  in BLD-FF-Sprinklers-vs-BLD-FF-Pipes & Pipe Fittings  BLD-FF-Pipes & Pipe Fittings and BLD-FF-Sprinklers, sprinkler head connects to pipe
08:57:47.924  +0402.885s  REVIEWED Clash50  in BLD-FF-Sprinklers-vs-BLD-FF-Pipes & Pipe Fittings  BLD-FF-Pipes & Pipe Fittings and BLD-FF-Sprinklers, sprinkler head connects to pipe
08:57:47.934  +0402.893s  REVIEWED Clash51  in BLD-FF-Sprinklers-vs-BLD-FF-Pipes & Pipe Fittings  BLD-FF-Pipes & Pipe Fittings and BLD-FF-Sprinklers, sprinkler head connects to pipe
08:57:47.944  +0402.901s  REVIEWED Clash52  in BLD-FF-Sprinklers-vs-BLD-FF-Pipes & Pipe Fittings  BLD-FF-Pipes & Pipe Fittings and BLD-FF-Sprinklers, sprinkler head connects to pipe
08:57:47.949  +0402.911s  REVIEWED Clash53  in BLD-FF-Sprinklers-vs-BLD-FF-Pipes & Pipe Fittings  BLD-FF-Pipes & Pipe Fittings and BLD-FF-Sprinklers, sprinkler head connects to pipe
08:57:47.959  +0402.918s  REVIEWED Clash54  in BLD-FF-Sprinklers-vs-BLD-FF-Pipes & Pipe Fittings  BLD-FF-Pipes & Pipe Fittings and BLD-FF-Sprinklers, sprinkler head connects to pipe
08:57:47.966  +0402.924s  REVIEWED Clash55  in BLD-FF-Sprinklers-vs-BLD-FF-Pipes & Pipe Fittings  BLD-FF-Pipes & Pipe Fittings and BLD-FF-Sprinklers, sprinkler head connects to pipe
08:57:47.966  +0402.931s  REVIEWED Clash56  in BLD-FF-Sprinklers-vs-BLD-FF-Pipes & Pipe Fittings  BLD-FF-Pipes & Pipe Fittings and BLD-FF-Sprinklers, sprinkler head connects to pipe
08:57:47.986  +0402.942s  REVIEWED Clash57  in BLD-FF-Sprinklers-vs-BLD-FF-Pipes & Pipe Fittings  BLD-FF-Pipes & Pipe Fittings and BLD-FF-Sprinklers, sprinkler head connects to pipe
08:57:47.993  +0402.951s  REVIEWED Clash58  in BLD-FF-Sprinklers-vs-BLD-FF-Pipes & Pipe Fittings  BLD-FF-Pipes & Pipe Fittings and BLD-FF-Sprinklers, sprinkler head connects to pipe
08:57:48.003  +0402.961s  REVIEWED Clash59  in BLD-FF-Sprinklers-vs-BLD-FF-Pipes & Pipe Fittings  BLD-FF-Pipes & Pipe Fittings and BLD-FF-Sprinklers, sprinkler head connects to pipe
08:57:48.017  +0402.973s  REVIEWED Clash60  in BLD-FF-Sprinklers-vs-BLD-FF-Pipes & Pipe Fittings  BLD-FF-Pipes & Pipe Fittings and BLD-FF-Sprinklers, sprinkler head connects to pipe
08:57:48.028  +0402.988s  REVIEWED Clash61  in BLD-FF-Sprinklers-vs-BLD-FF-Pipes & Pipe Fittings  BLD-FF-Pipes & Pipe Fittings and BLD-FF-Sprinklers, sprinkler head connects to pipe
08:57:48.059  +0403.016s  REVIEWED Clash62  in BLD-FF-Sprinklers-vs-BLD-FF-Pipes & Pipe Fittings  BLD-FF-Pipes & Pipe Fittings and BLD-FF-Sprinklers, sprinkler head connects to pipe
08:57:48.066  +0403.025s  REVIEWED Clash63  in BLD-FF-Sprinklers-vs-BLD-FF-Pipes & Pipe Fittings  BLD-FF-Pipes & Pipe Fittings and BLD-FF-Sprinklers, sprinkler head connects to pipe
08:57:48.075  +0403.035s  REVIEWED Clash64  in BLD-FF-Sprinklers-vs-BLD-FF-Pipes & Pipe Fittings  BLD-FF-Pipes & Pipe Fittings and BLD-FF-Sprinklers, sprinkler head connects to pipe
08:57:48.085  +0403.042s  REVIEWED Clash65  in BLD-FF-Sprinklers-vs-BLD-FF-Pipes & Pipe Fittings  BLD-FF-Pipes & Pipe Fittings and BLD-FF-Sprinklers, sprinkler head connects to pipe
08:57:48.094  +0403.050s  REVIEWED Clash66  in BLD-FF-Sprinklers-vs-BLD-FF-Pipes & Pipe Fittings  BLD-FF-Pipes & Pipe Fittings and BLD-FF-Sprinklers, sprinkler head connects to pipe
08:57:48.094  +0403.056s  REVIEWED Clash67  in BLD-FF-Sprinklers-vs-BLD-FF-Pipes & Pipe Fittings  BLD-FF-Pipes & Pipe Fittings and BLD-FF-Sprinklers, sprinkler head connects to pipe
08:57:48.107  +0403.063s  REVIEWED Clash68  in BLD-FF-Sprinklers-vs-BLD-FF-Pipes & Pipe Fittings  BLD-FF-Pipes & Pipe Fittings and BLD-FF-Sprinklers, sprinkler head connects to pipe
08:57:48.107  +0403.070s  REVIEWED Clash69  in BLD-FF-Sprinklers-vs-BLD-FF-Pipes & Pipe Fittings  BLD-FF-Pipes & Pipe Fittings and BLD-FF-Sprinklers, sprinkler head connects to pipe
08:57:48.122  +0403.079s  REVIEWED Clash70  in BLD-FF-Sprinklers-vs-BLD-FF-Pipes & Pipe Fittings  BLD-FF-Pipes & Pipe Fittings and BLD-FF-Sprinklers, sprinkler head connects to pipe
08:57:48.124  +0403.087s  REVIEWED Clash71  in BLD-FF-Sprinklers-vs-BLD-FF-Pipes & Pipe Fittings  BLD-FF-Pipes & Pipe Fittings and BLD-FF-Sprinklers, sprinkler head connects to pipe
08:57:48.139  +0403.098s  REVIEWED Clash72  in BLD-FF-Sprinklers-vs-BLD-FF-Pipes & Pipe Fittings  BLD-FF-Pipes & Pipe Fittings and BLD-FF-Sprinklers, sprinkler head connects to pipe
08:57:48.154  +0403.115s  REVIEWED Clash73  in BLD-FF-Sprinklers-vs-BLD-FF-Pipes & Pipe Fittings  BLD-FF-Pipes & Pipe Fittings and BLD-FF-Sprinklers, sprinkler head connects to pipe
08:57:48.169  +0403.134s  REVIEWED Clash74  in BLD-FF-Sprinklers-vs-BLD-FF-Pipes & Pipe Fittings  BLD-FF-Pipes & Pipe Fittings and BLD-FF-Sprinklers, sprinkler head connects to pipe
08:57:48.194  +0403.151s  REVIEWED Clash75  in BLD-FF-Sprinklers-vs-BLD-FF-Pipes & Pipe Fittings  BLD-FF-Pipes & Pipe Fittings and BLD-FF-Sprinklers, sprinkler head connects to pipe
08:57:48.202  +0403.163s  REVIEWED Clash76  in BLD-FF-Sprinklers-vs-BLD-FF-Pipes & Pipe Fittings  BLD-FF-Pipes & Pipe Fittings and BLD-FF-Sprinklers, sprinkler head connects to pipe
08:57:48.213  +0403.170s  REVIEWED Clash77  in BLD-FF-Sprinklers-vs-BLD-FF-Pipes & Pipe Fittings  BLD-FF-Pipes & Pipe Fittings and BLD-FF-Sprinklers, sprinkler head connects to pipe
08:57:48.224  +0403.180s  REVIEWED Clash78  in BLD-FF-Sprinklers-vs-BLD-FF-Pipes & Pipe Fittings  BLD-FF-Pipes & Pipe Fittings and BLD-FF-Sprinklers, sprinkler head connects to pipe
08:57:48.224  +0403.186s  REVIEWED Clash79  in BLD-FF-Sprinklers-vs-BLD-FF-Pipes & Pipe Fittings  BLD-FF-Pipes & Pipe Fittings and BLD-FF-Sprinklers, sprinkler head connects to pipe
08:57:48.232  +0403.194s  REVIEWED Clash80  in BLD-FF-Sprinklers-vs-BLD-FF-Pipes & Pipe Fittings  BLD-FF-Pipes & Pipe Fittings and BLD-FF-Sprinklers, sprinkler head connects to pipe
08:57:48.246  +0403.202s  REVIEWED Clash81  in BLD-FF-Sprinklers-vs-BLD-FF-Pipes & Pipe Fittings  BLD-FF-Pipes & Pipe Fittings and BLD-FF-Sprinklers, sprinkler head connects to pipe
08:57:48.248  +0403.210s  REVIEWED Clash82  in BLD-FF-Sprinklers-vs-BLD-FF-Pipes & Pipe Fittings  BLD-FF-Pipes & Pipe Fittings and BLD-FF-Sprinklers, sprinkler head connects to pipe
08:57:48.261  +0403.218s  REVIEWED Clash83  in BLD-FF-Sprinklers-vs-BLD-FF-Pipes & Pipe Fittings  BLD-FF-Pipes & Pipe Fittings and BLD-FF-Sprinklers, sprinkler head connects to pipe
08:57:48.271  +0403.227s  REVIEWED Clash84  in BLD-FF-Sprinklers-vs-BLD-FF-Pipes & Pipe Fittings  BLD-FF-Pipes & Pipe Fittings and BLD-FF-Sprinklers, sprinkler head connects to pipe
08:57:48.281  +0403.236s  REVIEWED Clash85  in BLD-FF-Sprinklers-vs-BLD-FF-Pipes & Pipe Fittings  BLD-FF-Pipes & Pipe Fittings and BLD-FF-Sprinklers, sprinkler head connects to pipe
08:57:48.283  +0403.248s  REVIEWED Clash86  in BLD-FF-Sprinklers-vs-BLD-FF-Pipes & Pipe Fittings  BLD-FF-Pipes & Pipe Fittings and BLD-FF-Sprinklers, sprinkler head connects to pipe
08:57:48.311  +0403.268s  REVIEWED Clash87  in BLD-FF-Sprinklers-vs-BLD-FF-Pipes & Pipe Fittings  BLD-FF-Pipes & Pipe Fittings and BLD-FF-Sprinklers, sprinkler head connects to pipe
08:57:48.327  +0403.283s  REVIEWED Clash88  in BLD-FF-Sprinklers-vs-BLD-FF-Pipes & Pipe Fittings  BLD-FF-Pipes & Pipe Fittings and BLD-FF-Sprinklers, sprinkler head connects to pipe
08:57:48.343  +0403.299s  REVIEWED Clash89  in BLD-FF-Sprinklers-vs-BLD-FF-Pipes & Pipe Fittings  BLD-FF-Pipes & Pipe Fittings and BLD-FF-Sprinklers, sprinkler head connects to pipe
08:57:48.355  +0403.310s  REVIEWED Clash90  in BLD-FF-Sprinklers-vs-BLD-FF-Pipes & Pipe Fittings  BLD-FF-Pipes & Pipe Fittings and BLD-FF-Sprinklers, sprinkler head connects to pipe
08:57:48.367  +0403.322s  REVIEWED Clash91  in BLD-FF-Sprinklers-vs-BLD-FF-Pipes & Pipe Fittings  BLD-FF-Pipes & Pipe Fittings and BLD-FF-Sprinklers, sprinkler head connects to pipe
08:57:48.378  +0403.335s  REVIEWED Clash92  in BLD-FF-Sprinklers-vs-BLD-FF-Pipes & Pipe Fittings  BLD-FF-Pipes & Pipe Fittings and BLD-FF-Sprinklers, sprinkler head connects to pipe
08:57:48.378  +0403.344s  REVIEWED Clash93  in BLD-FF-Sprinklers-vs-BLD-FF-Pipes & Pipe Fittings  BLD-FF-Pipes & Pipe Fittings and BLD-FF-Sprinklers, sprinkler head connects to pipe
08:57:48.400  +0403.357s  REVIEWED Clash94  in BLD-FF-Sprinklers-vs-BLD-FF-Pipes & Pipe Fittings  BLD-FF-Pipes & Pipe Fittings and BLD-FF-Sprinklers, sprinkler head connects to pipe
08:57:48.406  +0403.364s  REVIEWED Clash95  in BLD-FF-Sprinklers-vs-BLD-FF-Pipes & Pipe Fittings  BLD-FF-Pipes & Pipe Fittings and BLD-FF-Sprinklers, sprinkler head connects to pipe
08:57:48.406  +0403.372s  REVIEWED Clash96  in BLD-FF-Sprinklers-vs-BLD-FF-Pipes & Pipe Fittings  BLD-FF-Pipes & Pipe Fittings and BLD-FF-Sprinklers, sprinkler head connects to pipe
08:57:48.426  +0403.383s  REVIEWED Clash97  in BLD-FF-Sprinklers-vs-BLD-FF-Pipes & Pipe Fittings  BLD-FF-Pipes & Pipe Fittings and BLD-FF-Sprinklers, sprinkler head connects to pipe
08:57:48.442  +0403.399s  REVIEWED Clash98  in BLD-FF-Sprinklers-vs-BLD-FF-Pipes & Pipe Fittings  BLD-FF-Pipes & Pipe Fittings and BLD-FF-Sprinklers, sprinkler head connects to pipe
08:57:48.461  +0403.416s  REVIEWED Clash99  in BLD-FF-Sprinklers-vs-BLD-FF-Pipes & Pipe Fittings  BLD-FF-Pipes & Pipe Fittings and BLD-FF-Sprinklers, sprinkler head connects to pipe
08:57:48.485  +0403.443s  REVIEWED Clash100  in BLD-FF-Sprinklers-vs-BLD-FF-Pipes & Pipe Fittings  BLD-FF-Pipes & Pipe Fittings and BLD-FF-Sprinklers, sprinkler head connects to pipe
08:57:48.506  +0403.461s  REVIEWED Clash101  in BLD-FF-Sprinklers-vs-BLD-FF-Pipes & Pipe Fittings  BLD-FF-Pipes & Pipe Fittings and BLD-FF-Sprinklers, sprinkler head connects to pipe
08:57:48.519  +0403.475s  REVIEWED Clash102  in BLD-FF-Sprinklers-vs-BLD-FF-Pipes & Pipe Fittings  BLD-FF-Pipes & Pipe Fittings and BLD-FF-Sprinklers, sprinkler head connects to pipe
08:57:48.532  +0403.489s  REVIEWED Clash103  in BLD-FF-Sprinklers-vs-BLD-FF-Pipes & Pipe Fittings  BLD-FF-Pipes & Pipe Fittings and BLD-FF-Sprinklers, sprinkler head connects to pipe
08:57:48.537  +0403.499s  REVIEWED Clash104  in BLD-FF-Sprinklers-vs-BLD-FF-Pipes & Pipe Fittings  BLD-FF-Pipes & Pipe Fittings and BLD-FF-Sprinklers, sprinkler head connects to pipe
08:57:48.554  +0403.510s  REVIEWED Clash105  in BLD-FF-Sprinklers-vs-BLD-FF-Pipes & Pipe Fittings  BLD-FF-Pipes & Pipe Fittings and BLD-FF-Sprinklers, sprinkler head connects to pipe
08:57:48.568  +0403.524s  REVIEWED Clash106  in BLD-FF-Sprinklers-vs-BLD-FF-Pipes & Pipe Fittings  BLD-FF-Pipes & Pipe Fittings and BLD-FF-Sprinklers, sprinkler head connects to pipe
08:57:48.582  +0403.537s  REVIEWED Clash107  in BLD-FF-Sprinklers-vs-BLD-FF-Pipes & Pipe Fittings  BLD-FF-Pipes & Pipe Fittings and BLD-FF-Sprinklers, sprinkler head connects to pipe
08:57:48.586  +0403.545s  REVIEWED Clash108  in BLD-FF-Sprinklers-vs-BLD-FF-Pipes & Pipe Fittings  BLD-FF-Pipes & Pipe Fittings and BLD-FF-Sprinklers, sprinkler head connects to pipe
08:57:48.596  +0403.552s  REVIEWED Clash109  in BLD-FF-Sprinklers-vs-BLD-FF-Pipes & Pipe Fittings  BLD-FF-Pipes & Pipe Fittings and BLD-FF-Sprinklers, sprinkler head connects to pipe
08:57:48.606  +0403.563s  REVIEWED Clash110  in BLD-FF-Sprinklers-vs-BLD-FF-Pipes & Pipe Fittings  BLD-FF-Pipes & Pipe Fittings and BLD-FF-Sprinklers, sprinkler head connects to pipe
08:57:48.628  +0403.584s  REVIEWED Clash111  in BLD-FF-Sprinklers-vs-BLD-FF-Pipes & Pipe Fittings  BLD-FF-Pipes & Pipe Fittings and BLD-FF-Sprinklers, sprinkler head connects to pipe
08:57:48.644  +0403.603s  REVIEWED Clash112  in BLD-FF-Sprinklers-vs-BLD-FF-Pipes & Pipe Fittings  BLD-FF-Pipes & Pipe Fittings and BLD-FF-Sprinklers, sprinkler head connects to pipe
08:57:48.675  +0403.632s  REVIEWED Clash113  in BLD-FF-Sprinklers-vs-BLD-FF-Pipes & Pipe Fittings  BLD-FF-Pipes & Pipe Fittings and BLD-FF-Sprinklers, sprinkler head connects to pipe
08:57:48.679  +0403.645s  REVIEWED Clash114  in BLD-FF-Sprinklers-vs-BLD-FF-Pipes & Pipe Fittings  BLD-FF-Pipes & Pipe Fittings and BLD-FF-Sprinklers, sprinkler head connects to pipe
08:57:48.700  +0403.656s  REVIEWED Clash115  in BLD-FF-Sprinklers-vs-BLD-FF-Pipes & Pipe Fittings  BLD-FF-Pipes & Pipe Fittings and BLD-FF-Sprinklers, sprinkler head connects to pipe
08:57:48.711  +0403.666s  REVIEWED Clash116  in BLD-FF-Sprinklers-vs-BLD-FF-Pipes & Pipe Fittings  BLD-FF-Pipes & Pipe Fittings and BLD-FF-Sprinklers, sprinkler head connects to pipe
08:57:48.716  +0403.674s  REVIEWED Clash117  in BLD-FF-Sprinklers-vs-BLD-FF-Pipes & Pipe Fittings  BLD-FF-Pipes & Pipe Fittings and BLD-FF-Sprinklers, sprinkler head connects to pipe
08:57:48.725  +0403.681s  REVIEWED Clash118  in BLD-FF-Sprinklers-vs-BLD-FF-Pipes & Pipe Fittings  BLD-FF-Pipes & Pipe Fittings and BLD-FF-Sprinklers, sprinkler head connects to pipe
08:57:48.725  +0403.688s  REVIEWED Clash119  in BLD-FF-Sprinklers-vs-BLD-FF-Pipes & Pipe Fittings  BLD-FF-Pipes & Pipe Fittings and BLD-FF-Sprinklers, sprinkler head connects to pipe
08:57:48.738  +0403.696s  REVIEWED Clash1  in BLD-DR-Pipes & Pipe Fittings-vs-BLD-DR-Mechanical Equipment  BLD-DR-Pipes & Pipe Fittings and BLD-DR-Mechanical Equipment, pipe connects to plant
08:57:48.749  +0403.705s  REVIEWED Clash2  in BLD-DR-Pipes & Pipe Fittings-vs-BLD-DR-Mechanical Equipment  BLD-DR-Pipes & Pipe Fittings and BLD-DR-Mechanical Equipment, pipe connects to plant
08:57:48.754  +0403.714s  REVIEWED Clash1  in BLD-DR-Plumbing Fixtures-vs-BLD-DR-Pipes & Pipe Fittings  BLD-DR-Pipes & Pipe Fittings and BLD-DR-Plumbing Fixtures, pipe connects to fixture
08:57:48.764  +0403.723s  REVIEWED Clash2  in BLD-DR-Plumbing Fixtures-vs-BLD-DR-Pipes & Pipe Fittings  BLD-DR-Pipes & Pipe Fittings and BLD-DR-Plumbing Fixtures, pipe connects to fixture
08:57:48.785  +0403.741s  REVIEWED Clash3  in BLD-DR-Plumbing Fixtures-vs-BLD-DR-Pipes & Pipe Fittings  BLD-DR-Pipes & Pipe Fittings and BLD-DR-Plumbing Fixtures, pipe connects to fixture
08:57:48.801  +0403.758s  REVIEWED Clash4  in BLD-DR-Plumbing Fixtures-vs-BLD-DR-Pipes & Pipe Fittings  BLD-DR-Pipes & Pipe Fittings and BLD-DR-Plumbing Fixtures, pipe connects to fixture
08:57:48.812  +0403.768s  REVIEWED Clash5  in BLD-DR-Plumbing Fixtures-vs-BLD-DR-Pipes & Pipe Fittings  BLD-DR-Pipes & Pipe Fittings and BLD-DR-Plumbing Fixtures, pipe connects to fixture
08:57:48.822  +0403.779s  REVIEWED Clash6  in BLD-DR-Plumbing Fixtures-vs-BLD-DR-Pipes & Pipe Fittings  BLD-DR-Pipes & Pipe Fittings and BLD-DR-Plumbing Fixtures, pipe connects to fixture
08:57:48.827  +0403.788s  REVIEWED Clash7  in BLD-DR-Plumbing Fixtures-vs-BLD-DR-Pipes & Pipe Fittings  BLD-DR-Pipes & Pipe Fittings and BLD-DR-Plumbing Fixtures, pipe connects to fixture
08:57:48.835  +0403.798s  REVIEWED Clash8  in BLD-DR-Plumbing Fixtures-vs-BLD-DR-Pipes & Pipe Fittings  BLD-DR-Pipes & Pipe Fittings and BLD-DR-Plumbing Fixtures, pipe connects to fixture
08:57:48.851  +0403.809s  REVIEWED Clash1  in BLD-EL-Electrical Equipment-vs-BLD-EL-Cable Tray&Cable Tray Fittings  BLD-EL-Cable Tray&Cable Tray Fittings and BLD-EL-Electrical Equipment, tray lands on panel
08:57:48.859  +0403.816s  REVIEWED Clash2  in BLD-EL-Electrical Equipment-vs-BLD-EL-Cable Tray&Cable Tray Fittings  BLD-EL-Cable Tray&Cable Tray Fittings and BLD-EL-Electrical Equipment, tray lands on panel
08:57:48.867  +0403.824s  REVIEWED Clash3  in BLD-EL-Electrical Equipment-vs-BLD-EL-Cable Tray&Cable Tray Fittings  BLD-EL-Cable Tray&Cable Tray Fittings and BLD-EL-Electrical Equipment, tray lands on panel
08:57:48.875  +0403.831s  REVIEWED Clash1  in BLD-EL-Conduits & Conduit Fittings-vs-BLD-EL-Cable Tray&Cable Tray Fittings  BLD-EL-Conduits & Conduit Fittings and BLD-EL-Cable Tray&Cable Tray Fittings, conduit enters tray
08:57:48.885  +0403.841s  REVIEWED Clash2  in BLD-EL-Conduits & Conduit Fittings-vs-BLD-EL-Cable Tray&Cable Tray Fittings  BLD-EL-Conduits & Conduit Fittings and BLD-EL-Cable Tray&Cable Tray Fittings, conduit enters tray
08:57:48.894  +0403.850s  REVIEWED Clash3  in BLD-EL-Conduits & Conduit Fittings-vs-BLD-EL-Cable Tray&Cable Tray Fittings  BLD-EL-Conduits & Conduit Fittings and BLD-EL-Cable Tray&Cable Tray Fittings, conduit enters tray
08:57:48.908  +0403.863s  REVIEWED Clash1  in BLD-EL-Conduits & Conduit Fittings-vs-BLD-EL-Electrical Equipment  BLD-EL-Conduits & Conduit Fittings and BLD-EL-Electrical Equipment, conduit lands on panel
08:57:48.913  +0403.878s  REVIEWED Clash2  in BLD-EL-Conduits & Conduit Fittings-vs-BLD-EL-Electrical Equipment  BLD-EL-Conduits & Conduit Fittings and BLD-EL-Electrical Equipment, conduit lands on panel
08:57:48.939  +0403.894s  REVIEWED Clash3  in BLD-EL-Conduits & Conduit Fittings-vs-BLD-EL-Electrical Equipment  BLD-EL-Conduits & Conduit Fittings and BLD-EL-Electrical Equipment, conduit lands on panel
08:57:48.951  +0403.907s  REVIEWED Clash4  in BLD-EL-Conduits & Conduit Fittings-vs-BLD-EL-Electrical Equipment  BLD-EL-Conduits & Conduit Fittings and BLD-EL-Electrical Equipment, conduit lands on panel
08:57:48.959  +0403.916s  REVIEWED Clash5  in BLD-EL-Conduits & Conduit Fittings-vs-BLD-EL-Electrical Equipment  BLD-EL-Conduits & Conduit Fittings and BLD-EL-Electrical Equipment, conduit lands on panel
08:57:48.968  +0403.925s  REVIEWED Clash6  in BLD-EL-Conduits & Conduit Fittings-vs-BLD-EL-Electrical Equipment  BLD-EL-Conduits & Conduit Fittings and BLD-EL-Electrical Equipment, conduit lands on panel
08:57:48.976  +0403.932s  REVIEWED Clash7  in BLD-EL-Conduits & Conduit Fittings-vs-BLD-EL-Electrical Equipment  BLD-EL-Conduits & Conduit Fittings and BLD-EL-Electrical Equipment, conduit lands on panel
08:57:48.977  +0403.946s  REVIEWED Clash8  in BLD-EL-Conduits & Conduit Fittings-vs-BLD-EL-Electrical Equipment  BLD-EL-Conduits & Conduit Fittings and BLD-EL-Electrical Equipment, conduit lands on panel
08:57:48.994  +0403.957s  REVIEWED Clash9  in BLD-EL-Conduits & Conduit Fittings-vs-BLD-EL-Electrical Equipment  BLD-EL-Conduits & Conduit Fittings and BLD-EL-Electrical Equipment, conduit lands on panel
08:57:49.009  +0403.967s  REVIEWED Clash10  in BLD-EL-Conduits & Conduit Fittings-vs-BLD-EL-Electrical Equipment  BLD-EL-Conduits & Conduit Fittings and BLD-EL-Electrical Equipment, conduit lands on panel
08:57:49.026  +0403.981s  REVIEWED Clash11  in BLD-EL-Conduits & Conduit Fittings-vs-BLD-EL-Electrical Equipment  BLD-EL-Conduits & Conduit Fittings and BLD-EL-Electrical Equipment, conduit lands on panel
08:57:49.028  +0403.991s  REVIEWED Clash12  in BLD-EL-Conduits & Conduit Fittings-vs-BLD-EL-Electrical Equipment  BLD-EL-Conduits & Conduit Fittings and BLD-EL-Electrical Equipment, conduit lands on panel
08:57:49.044  +0404.001s  REVIEWED Clash13  in BLD-EL-Conduits & Conduit Fittings-vs-BLD-EL-Electrical Equipment  BLD-EL-Conduits & Conduit Fittings and BLD-EL-Electrical Equipment, conduit lands on panel
08:57:49.070  +0404.027s  REVIEWED Clash14  in BLD-EL-Conduits & Conduit Fittings-vs-BLD-EL-Electrical Equipment  BLD-EL-Conduits & Conduit Fittings and BLD-EL-Electrical Equipment, conduit lands on panel
08:57:49.094  +0404.050s  REVIEWED Clash15  in BLD-EL-Conduits & Conduit Fittings-vs-BLD-EL-Electrical Equipment  BLD-EL-Conduits & Conduit Fittings and BLD-EL-Electrical Equipment, conduit lands on panel
08:57:49.104  +0404.065s  REVIEWED Clash16  in BLD-EL-Conduits & Conduit Fittings-vs-BLD-EL-Electrical Equipment  BLD-EL-Conduits & Conduit Fittings and BLD-EL-Electrical Equipment, conduit lands on panel
08:57:49.121  +0404.078s  REVIEWED Clash17  in BLD-EL-Conduits & Conduit Fittings-vs-BLD-EL-Electrical Equipment  BLD-EL-Conduits & Conduit Fittings and BLD-EL-Electrical Equipment, conduit lands on panel
08:57:49.135  +0404.095s  REVIEWED Clash18  in BLD-EL-Conduits & Conduit Fittings-vs-BLD-EL-Electrical Equipment  BLD-EL-Conduits & Conduit Fittings and BLD-EL-Electrical Equipment, conduit lands on panel
08:57:49.152  +0404.109s  REVIEWED Clash19  in BLD-EL-Conduits & Conduit Fittings-vs-BLD-EL-Electrical Equipment  BLD-EL-Conduits & Conduit Fittings and BLD-EL-Electrical Equipment, conduit lands on panel
08:57:49.167  +0404.123s  REVIEWED Clash20  in BLD-EL-Conduits & Conduit Fittings-vs-BLD-EL-Electrical Equipment  BLD-EL-Conduits & Conduit Fittings and BLD-EL-Electrical Equipment, conduit lands on panel
08:57:49.170  +0404.134s  REVIEWED Clash21  in BLD-EL-Conduits & Conduit Fittings-vs-BLD-EL-Electrical Equipment  BLD-EL-Conduits & Conduit Fittings and BLD-EL-Electrical Equipment, conduit lands on panel
08:57:49.183  +0404.147s  REVIEWED Clash1  in BLD-EL-Lighting Fixtures-vs-BLD-AR-Ceilings  BLD-EL-Lighting Fixtures and BLD-AR-Ceilings, light is recessed in ceiling
08:57:49.203  +0404.160s  REVIEWED Clash2  in BLD-EL-Lighting Fixtures-vs-BLD-AR-Ceilings  BLD-EL-Lighting Fixtures and BLD-AR-Ceilings, light is recessed in ceiling
08:57:49.217  +0404.173s  REVIEWED Clash3  in BLD-EL-Lighting Fixtures-vs-BLD-AR-Ceilings  BLD-EL-Lighting Fixtures and BLD-AR-Ceilings, light is recessed in ceiling
08:57:49.231  +0404.190s  REVIEWED Clash4  in BLD-EL-Lighting Fixtures-vs-BLD-AR-Ceilings  BLD-EL-Lighting Fixtures and BLD-AR-Ceilings, light is recessed in ceiling
08:57:49.251  +0404.206s  
08:57:49.272  +0404.227s  clashes looked at : 2566
08:57:49.289  +0404.245s  moved to Reviewed : 1726
08:57:49.294  +0404.257s        840  the two sets are not a pair in the file
08:57:49.305  +0404.264s          0  already Reviewed, Approved or Resolved, so somebody decided and it stands
08:57:49.310  +0404.272s          0  the penetration rule already asked for this one, so it moved there
08:57:49.326  +0404.281s          0  a side of the test named no set, so there was no pair to look for

================================================================
ITEM IDS 1A04EP
================================================================
08:57:49.383  +0404.340s  Id supplied 5132 item ids of 5132, written as "Element ID"
08:57:54.657  +0409.613s  IMAGES   numbered in report order: 2483 renamed, 83 already right, 0 missing
08:57:54.666  +0409.625s  IMAGES   2566 written, 100.57 MB, 106.5 seconds in total.
08:57:54.666  +0409.632s           0.042 seconds each on average, quickest 0.028, slowest 0.091.
08:57:54.682  +0409.640s           40 KB each on average.
08:57:54.692  +0409.649s  CLASH    1A04EP finished. 666 created, 666 run, 557 passed, 1164 skipped, 2566 clashes in 333.8s.
08:57:54.702  +0409.658s  STEP     VIEWS         started
08:57:54.716  +0409.673s  CENSUS   before VIEWS  models 5  sets 61  tests 666  results 2566  views 57
08:59:18.088  +0493.047s  VIEWS    the model each clash item lives in was read for 2566 of 2566 clash(es) in scope
08:59:18.104  +0493.062s  VIEWS    both clashing items were pointed at for 2566 of 2566 clash(es) in scope
09:34:20.098  +2595.058s  VIEWS    no model in this group carries FF, so a viewpoint of its pair keeps the model each clash item lives in
09:34:20.483  +2595.443s  VIEWS    no model in this group carries DR, so a viewpoint of its pair keeps the model each clash item lives in
09:34:22.665  +2597.620s  VIEWS    AR vs UNKNOWN: its pair has a code this tool does not know, so its viewpoints hide nothing
09:34:22.708  +2597.667s  VIEWS    ST vs UNKNOWN: its pair has a code this tool does not know, so its viewpoints hide nothing
09:34:23.648  +2598.612s  VIEWS    read back on 926 created viewpoint(s): each sits within 0.001 units of its clash camera, and the items each one hides and dims were counted off it and not trusted
09:34:23.658  +2598.614s  VIEWS    the step's seconds went: 0.487s looking whether each was already there, 3.143s dimming, 1953.136s recording, 110.519s reading back
09:34:23.658  +2598.615s  VIEWS    dimmed to 0.85 with the two clashing items left solid: 918 viewpoint(s), and 8 written undimmed because their two items could not both be pointed at
09:34:23.658  +2598.616s  VIEWS    the two clashing items painted (1, 0, 0) and (0, 1, 0), read back on what each viewpoint will show: 918 viewpoint(s)
09:34:23.658  +2598.617s  VIEWS    the dimming was taken off the models this tool dimmed, so the document is back to its own appearance
09:34:23.658  +2598.619s  VIEWS    hidden state put back: nothing was hidden before the viewpoints and nothing is hidden now
09:34:23.665  +2598.620s  CENSUS   after  VIEWS  models 0  sets 0  tests 0  results 0  views 1416
09:34:23.665  +2598.627s  CENSUS CHANGED  VIEWS  models went from 5 to 0, and that step is not one that may change them. Nothing was undone and the run carried on. This group is not DONE
09:34:23.665  +2598.628s  CENSUS CHANGED  VIEWS  selection sets went from 61 to 0, and that step is not one that may change them. Nothing was undone and the run carried on. This group is not DONE
09:34:23.665  +2598.629s  CENSUS CHANGED  VIEWS  clash tests went from 666 to 0, and that step is not one that may change them. Nothing was undone and the run carried on. This group is not DONE
09:34:23.665  +2598.629s  CENSUS CHANGED  VIEWS  clash results went from 2566 to 0, and that step is not one that may change them. Nothing was undone and the run carried on. This group is not DONE
09:34:23.665  +2598.630s  STEP     VIEWS         finished 2188.961s  926 created, 0 already there, 1408 failed.

================================================================
VIEWS 1A04EP
================================================================
09:34:23.665  +2598.635s  clashes looked at : 2566
09:34:23.680  +2598.636s  viewpoints planned: 2334
09:34:23.680  +2598.636s          0  Approved or Resolved, so nobody is looking at it
09:34:23.682  +2598.637s        232  a service at or under the threshold, which is a penetration and not a coordination item
09:34:23.682  +2598.638s  size could not be read : 9, every one of them is in its pair folder and none was dropped
09:34:23.682  +2598.638s  a set name with no code this tool knows : 8, every one of them is in a folder saying UNKNOWN and none was guessed at

================================================================
VIEWS BUILT 1A04EP
================================================================
09:34:23.686  +2598.642s  VIEW     A/AR vs AR/BLD-AR-Stairs-vs-BLD-AR-Floors  Clash1  created, shows AR vs AR, hides 3 disciplines
09:34:23.686  +2598.643s  VIEW     A/AR vs AR/BLD-AR-Stairs-vs-BLD-AR-Floors  Clash2  created, shows AR vs AR, hides 3 disciplines
09:34:23.688  +2598.644s  VIEW     A/AR vs AR/BLD-AR-Walls-vs-BLD-AR-Floors  Clash1  created, shows AR vs AR, hides 3 disciplines
09:34:23.688  +2598.645s  VIEW     A/AR vs AR/BLD-AR-Walls-vs-BLD-AR-Floors  Clash2  created, shows AR vs AR, hides 3 disciplines
09:34:23.688  +2598.645s  VIEW     A/AR vs AR/BLD-AR-Walls-vs-BLD-AR-Floors  Clash3  created, shows AR vs AR, hides 3 disciplines
09:34:23.688  +2598.646s  VIEW     B/AR vs AR/BLD-AR-Curtain Mullions-vs-BLD-AR-Curtain Panels  Clash886  FAILED, it was added without its hidden state, so it would show every discipline
09:34:23.691  +2598.647s  VIEW     B/AR vs AR/BLD-AR-Curtain Mullions-vs-BLD-AR-Curtain Panels  Clash887  FAILED, it was added without its hidden state, so it would show every discipline
09:34:23.691  +2598.647s  VIEW     B/AR vs AR/BLD-AR-Curtain Mullions-vs-BLD-AR-Curtain Panels  Clash888  FAILED, it was added without its hidden state, so it would show every discipline
09:34:23.691  +2598.648s  VIEW     B/AR vs AR/BLD-AR-Curtain Mullions-vs-BLD-AR-Curtain Panels  Clash889  FAILED, it was added without its hidden state, so it would show every discipline
09:34:23.693  +2598.649s  VIEW     B/AR vs AR/BLD-AR-Curtain Mullions-vs-BLD-AR-Curtain Panels  Clash890  FAILED, it was added without its hidden state, so it would show every discipline
09:34:23.693  +2598.650s  VIEW     B/AR vs AR/BLD-AR-Curtain Mullions-vs-BLD-AR-Curtain Panels  Clash891  FAILED, it was added without its hidden state, so it would show every discipline
09:34:23.693  +2598.650s  VIEW     B/AR vs AR/BLD-AR-Curtain Mullions-vs-BLD-AR-Curtain Panels  Clash892  FAILED, it was added without its hidden state, so it would show every discipline
09:34:23.693  +2598.651s  VIEW     B/AR vs AR/BLD-AR-Curtain Mullions-vs-BLD-AR-Curtain Panels  Clash893  FAILED, it was added without its hidden state, so it would show every discipline
09:34:23.693  +2598.652s  VIEW     B/AR vs AR/BLD-AR-Curtain Mullions-vs-BLD-AR-Curtain Panels  Clash894  FAILED, it was added without its hidden state, so it would show every discipline
09:34:23.697  +2598.653s  VIEW     B/AR vs AR/BLD-AR-Curtain Mullions-vs-BLD-AR-Curtain Panels  Clash895  FAILED, it was added without its hidden state, so it would show every discipline
09:34:23.698  +2598.653s  VIEW     B/AR vs AR/BLD-AR-Curtain Mullions-vs-BLD-AR-Curtain Panels  Clash896  FAILED, it was added without its hidden state, so it would show every discipline
09:34:23.698  +2598.654s  VIEW     B/AR vs AR/BLD-AR-Curtain Mullions-vs-BLD-AR-Curtain Panels  Clash897  FAILED, it was added without its hidden state, so it would show every discipline
09:34:23.698  +2598.655s  VIEW     B/AR vs AR/BLD-AR-Curtain Mullions-vs-BLD-AR-Curtain Panels  Clash898  FAILED, it was added without its hidden state, so it would show every discipline
09:34:23.698  +2598.656s  VIEW     B/AR vs AR/BLD-AR-Curtain Mullions-vs-BLD-AR-Curtain Panels  Clash899  FAILED, it was added without its hidden state, so it would show every discipline
09:34:23.698  +2598.656s  VIEW     B/AR vs AR/BLD-AR-Curtain Mullions-vs-BLD-AR-Curtain Panels  Clash900  FAILED, it was added without its hidden state, so it would show every discipline
09:34:23.698  +2598.657s  VIEW     B/AR vs AR/BLD-AR-Curtain Mullions-vs-BLD-AR-Curtain Panels  Clash901  FAILED, it was added without its hidden state, so it would show every discipline
09:34:23.698  +2598.658s  VIEW     B/AR vs AR/BLD-AR-Curtain Mullions-vs-BLD-AR-Curtain Panels  Clash902  FAILED, it was added without its hidden state, so it would show every discipline
09:34:23.698  +2598.659s  VIEW     B/AR vs AR/BLD-AR-Curtain Mullions-vs-BLD-AR-Curtain Panels  Clash903  FAILED, it was added without its hidden state, so it would show every discipline
09:34:23.698  +2598.659s  VIEW     B/AR vs AR/BLD-AR-Curtain Mullions-vs-BLD-AR-Curtain Panels  Clash904  FAILED, it was added without its hidden state, so it would show every discipline
09:34:23.698  +2598.660s  VIEW     B/AR vs AR/BLD-AR-Curtain Mullions-vs-BLD-AR-Curtain Panels  Clash905  FAILED, it was added without its hidden state, so it would show every discipline
09:34:23.698  +2598.661s  VIEW     B/AR vs AR/BLD-AR-Curtain Mullions-vs-BLD-AR-Curtain Panels  Clash906  FAILED, it was added without its hidden state, so it would show every discipline
09:34:23.698  +2598.661s  VIEW     B/AR vs AR/BLD-AR-Curtain Mullions-vs-BLD-AR-Curtain Panels  Clash907  FAILED, it was added without its hidden state, so it would show every discipline
09:34:23.698  +2598.662s  VIEW     B/AR vs AR/BLD-AR-Curtain Mullions-vs-BLD-AR-Curtain Panels  Clash908  FAILED, it was added without its hidden state, so it would show every discipline
09:34:23.708  +2598.663s  VIEW     B/AR vs AR/BLD-AR-Curtain Mullions-vs-BLD-AR-Curtain Panels  Clash909  FAILED, it was added without its hidden state, so it would show every discipline
09:34:23.708  +2598.664s  VIEW     B/AR vs AR/BLD-AR-Curtain Mullions-vs-BLD-AR-Curtain Panels  Clash910  FAILED, it was added without its hidden state, so it would show every discipline
09:34:23.708  +2598.664s  VIEW     B/AR vs AR/BLD-AR-Curtain Mullions-vs-BLD-AR-Curtain Panels  Clash911  FAILED, it was added without its hidden state, so it would show every discipline
09:34:23.708  +2598.665s  VIEW     B/AR vs AR/BLD-AR-Curtain Mullions-vs-BLD-AR-Curtain Panels  Clash912  FAILED, it was added without its hidden state, so it would show every discipline
09:34:23.708  +2598.666s  VIEW     B/AR vs AR/BLD-AR-Curtain Mullions-vs-BLD-AR-Curtain Panels  Clash913  FAILED, it was added without its hidden state, so it would show every discipline
09:34:23.708  +2598.667s  VIEW     B/AR vs AR/BLD-AR-Curtain Mullions-vs-BLD-AR-Curtain Panels  Clash914  FAILED, it was added without its hidden state, so it would show every discipline
09:34:23.708  +2598.667s  VIEW     B/AR vs AR/BLD-AR-Curtain Mullions-vs-BLD-AR-Curtain Panels  Clash915  FAILED, it was added without its hidden state, so it would show every discipline
09:34:23.708  +2598.668s  VIEW     B/AR vs AR/BLD-AR-Curtain Mullions-vs-BLD-AR-Curtain Panels  Clash916  FAILED, it was added without its hidden state, so it would show every discipline
09:34:23.714  +2598.669s  VIEW     B/AR vs AR/BLD-AR-Curtain Mullions-vs-BLD-AR-Curtain Panels  Clash917  FAILED, it was added without its hidden state, so it would show every discipline
09:34:23.714  +2598.670s  VIEW     B/AR vs AR/BLD-AR-Curtain Mullions-vs-BLD-AR-Curtain Panels  Clash918  FAILED, it was added without its hidden state, so it would show every discipline
09:34:23.715  +2598.670s  VIEW     B/AR vs AR/BLD-AR-Curtain Mullions-vs-BLD-AR-Curtain Panels  Clash919  FAILED, it was added without its hidden state, so it would show every discipline
09:34:23.715  +2598.671s  VIEW     B/AR vs AR/BLD-AR-Curtain Mullions-vs-BLD-AR-Curtain Panels  Clash920  FAILED, it was added without its hidden state, so it would show every discipline
09:34:23.715  +2598.672s  VIEW     B/AR vs AR/BLD-AR-Curtain Mullions-vs-BLD-AR-Curtain Panels  Clash921  FAILED, it was added without its hidden state, so it would show every discipline
09:34:23.715  +2598.673s  VIEW     B/AR vs AR/BLD-AR-Curtain Mullions-vs-BLD-AR-Curtain Panels  Clash922  FAILED, it was added without its hidden state, so it would show every discipline
09:34:23.718  +2598.673s  VIEW     B/AR vs AR/BLD-AR-Curtain Mullions-vs-BLD-AR-Curtain Panels  Clash923  FAILED, it was added without its hidden state, so it would show every discipline
09:34:23.718  +2598.674s  VIEW     B/AR vs AR/BLD-AR-Curtain Mullions-vs-BLD-AR-Curtain Panels  Clash924  FAILED, it was added without its hidden state, so it would show every discipline
09:34:23.718  +2598.675s  VIEW     B/AR vs AR/BLD-AR-Curtain Mullions-vs-BLD-AR-Curtain Panels  Clash925  FAILED, it was added without its hidden state, so it would show every discipline
09:34:23.718  +2598.676s  VIEW     B/AR vs AR/BLD-AR-Curtain Mullions-vs-BLD-AR-Curtain Panels  Clash926  FAILED, it was added without its hidden state, so it would show every discipline
09:34:23.718  +2598.676s  VIEW     B/AR vs AR/BLD-AR-Curtain Mullions-vs-BLD-AR-Curtain Panels  Clash927  FAILED, it was added without its hidden state, so it would show every discipline
09:34:23.718  +2598.677s  VIEW     B/AR vs AR/BLD-AR-Curtain Mullions-vs-BLD-AR-Curtain Panels  Clash928  FAILED, it was added without its hidden state, so it would show every discipline
09:34:23.718  +2598.678s  VIEW     B/AR vs AR/BLD-AR-Curtain Mullions-vs-BLD-AR-Curtain Panels  Clash929  FAILED, it was added without its hidden state, so it would show every discipline
09:34:23.718  +2598.678s  VIEW     B/AR vs AR/BLD-AR-Curtain Mullions-vs-BLD-AR-Curtain Panels  Clash930  FAILED, it was added without its hidden state, so it would show every discipline
09:34:23.718  +2598.679s  VIEW     B/AR vs AR/BLD-AR-Curtain Mullions-vs-BLD-AR-Curtain Panels  Clash931  FAILED, it was added without its hidden state, so it would show every discipline
09:34:23.718  +2598.680s  VIEW     B/AR vs AR/BLD-AR-Curtain Mullions-vs-BLD-AR-Curtain Panels  Clash932  FAILED, it was added without its hidden state, so it would show every discipline
09:34:23.725  +2598.681s  VIEW     B/AR vs AR/BLD-AR-Curtain Mullions-vs-BLD-AR-Curtain Panels  Clash933  FAILED, it was added without its hidden state, so it would show every discipline
09:34:23.725  +2598.681s  VIEW     B/AR vs AR/BLD-AR-Curtain Mullions-vs-BLD-AR-Curtain Panels  Clash934  FAILED, it was added without its hidden state, so it would show every discipline
09:34:23.725  +2598.682s  VIEW     B/AR vs AR/BLD-AR-Curtain Mullions-vs-BLD-AR-Curtain Panels  Clash935  FAILED, it was added without its hidden state, so it would show every discipline
09:34:23.725  +2598.683s  VIEW     B/AR vs AR/BLD-AR-Curtain Mullions-vs-BLD-AR-Curtain Panels  Clash936  FAILED, it was added without its hidden state, so it would show every discipline
09:34:23.725  +2598.684s  VIEW     B/AR vs AR/BLD-AR-Curtain Mullions-vs-BLD-AR-Curtain Panels  Clash937  FAILED, it was added without its hidden state, so it would show every discipline
09:34:23.725  +2598.684s  VIEW     B/AR vs AR/BLD-AR-Curtain Mullions-vs-BLD-AR-Curtain Panels  Clash938  FAILED, it was added without its hidden state, so it would show every discipline
09:34:23.725  +2598.685s  VIEW     B/AR vs AR/BLD-AR-Curtain Mullions-vs-BLD-AR-Curtain Panels  Clash939  FAILED, it was added without its hidden state, so it would show every discipline
09:34:23.730  +2598.686s  VIEW     B/AR vs AR/BLD-AR-Curtain Mullions-vs-BLD-AR-Curtain Panels  Clash940  FAILED, it was added without its hidden state, so it would show every discipline
09:34:23.731  +2598.686s  VIEW     B/AR vs AR/BLD-AR-Curtain Mullions-vs-BLD-AR-Curtain Panels  Clash941  FAILED, it was added without its hidden state, so it would show every discipline
09:34:23.731  +2598.687s  VIEW     B/AR vs AR/BLD-AR-Curtain Mullions-vs-BLD-AR-Curtain Panels  Clash942  FAILED, it was added without its hidden state, so it would show every discipline
09:34:23.731  +2598.688s  VIEW     B/AR vs AR/BLD-AR-Curtain Mullions-vs-BLD-AR-Curtain Panels  Clash943  FAILED, it was added without its hidden state, so it would show every discipline
09:34:23.731  +2598.689s  VIEW     B/AR vs AR/BLD-AR-Curtain Mullions-vs-BLD-AR-Curtain Panels  Clash944  FAILED, it was added without its hidden state, so it would show every discipline
09:34:23.731  +2598.689s  VIEW     B/AR vs AR/BLD-AR-Curtain Mullions-vs-BLD-AR-Curtain Panels  Clash945  FAILED, it was added without its hidden state, so it would show every discipline
09:34:23.731  +2598.690s  VIEW     B/AR vs AR/BLD-AR-Curtain Mullions-vs-BLD-AR-Curtain Panels  Clash946  FAILED, it was added without its hidden state, so it would show every discipline
09:34:23.731  +2598.691s  VIEW     B/AR vs AR/BLD-AR-Curtain Mullions-vs-BLD-AR-Curtain Panels  Clash947  FAILED, it was added without its hidden state, so it would show every discipline
09:34:23.731  +2598.692s  VIEW     B/AR vs AR/BLD-AR-Curtain Mullions-vs-BLD-AR-Curtain Panels  Clash948  FAILED, it was added without its hidden state, so it would show every discipline
09:34:23.731  +2598.692s  VIEW     B/AR vs AR/BLD-AR-Curtain Mullions-vs-BLD-AR-Curtain Panels  Clash949  FAILED, it was added without its hidden state, so it would show every discipline
09:34:23.731  +2598.693s  VIEW     B/AR vs AR/BLD-AR-Curtain Mullions-vs-BLD-AR-Curtain Panels  Clash950  FAILED, it was added without its hidden state, so it would show every discipline
09:34:23.731  +2598.694s  VIEW     B/AR vs AR/BLD-AR-Curtain Mullions-vs-BLD-AR-Curtain Panels  Clash951  FAILED, it was added without its hidden state, so it would show every discipline
09:34:23.731  +2598.695s  VIEW     B/AR vs AR/BLD-AR-Curtain Mullions-vs-BLD-AR-Curtain Panels  Clash952  FAILED, it was added without its hidden state, so it would show every discipline
09:34:23.731  +2598.695s  VIEW     B/AR vs AR/BLD-AR-Curtain Mullions-vs-BLD-AR-Curtain Panels  Clash953  FAILED, it was added without its hidden state, so it would show every discipline
09:34:23.731  +2598.696s  VIEW     B/AR vs AR/BLD-AR-Curtain Mullions-vs-BLD-AR-Curtain Panels  Clash954  FAILED, it was added without its hidden state, so it would show every discipline
09:34:23.731  +2598.697s  VIEW     B/AR vs AR/BLD-AR-Curtain Mullions-vs-BLD-AR-Curtain Panels  Clash955  FAILED, it was added without its hidden state, so it would show every discipline
09:34:23.731  +2598.698s  VIEW     B/AR vs AR/BLD-AR-Curtain Mullions-vs-BLD-AR-Curtain Panels  Clash956  FAILED, it was added without its hidden state, so it would show every discipline
09:34:23.731  +2598.698s  VIEW     B/AR vs AR/BLD-AR-Curtain Mullions-vs-BLD-AR-Curtain Panels  Clash957  FAILED, it was added without its hidden state, so it would show every discipline
09:34:23.743  +2598.699s  VIEW     B/AR vs AR/BLD-AR-Curtain Mullions-vs-BLD-AR-Curtain Panels  Clash958  FAILED, it was added without its hidden state, so it would show every discipline
09:34:23.743  +2598.700s  VIEW     B/AR vs AR/BLD-AR-Curtain Mullions-vs-BLD-AR-Curtain Panels  Clash959  FAILED, it was added without its hidden state, so it would show every discipline
09:34:23.743  +2598.701s  VIEW     B/AR vs AR/BLD-AR-Curtain Mullions-vs-BLD-AR-Curtain Panels  Clash960  FAILED, it was added without its hidden state, so it would show every discipline
09:34:23.743  +2598.701s  VIEW     B/AR vs AR/BLD-AR-Curtain Mullions-vs-BLD-AR-Curtain Panels  Clash961  FAILED, it was added without its hidden state, so it would show every discipline
09:34:23.743  +2598.702s  VIEW     B/AR vs AR/BLD-AR-Curtain Mullions-vs-BLD-AR-Curtain Panels  Clash962  FAILED, it was added without its hidden state, so it would show every discipline
09:34:23.747  +2598.703s  VIEW     B/AR vs AR/BLD-AR-Curtain Mullions-vs-BLD-AR-Curtain Panels  Clash963  FAILED, it was added without its hidden state, so it would show every discipline
09:34:23.748  +2598.704s  VIEW     B/AR vs AR/BLD-AR-Curtain Mullions-vs-BLD-AR-Curtain Panels  Clash964  FAILED, it was added without its hidden state, so it would show every discipline
09:34:23.749  +2598.704s  VIEW     B/AR vs AR/BLD-AR-Curtain Mullions-vs-BLD-AR-Curtain Panels  Clash965  FAILED, it was added without its hidden state, so it would show every discipline
09:34:23.749  +2598.705s  VIEW     B/AR vs AR/BLD-AR-Curtain Mullions-vs-BLD-AR-Curtain Panels  Clash966  FAILED, it was added without its hidden state, so it would show every discipline
09:34:23.749  +2598.706s  VIEW     B/AR vs AR/BLD-AR-Curtain Mullions-vs-BLD-AR-Curtain Panels  Clash967  FAILED, it was added without its hidden state, so it would show every discipline
09:34:23.749  +2598.706s  VIEW     B/AR vs AR/BLD-AR-Curtain Mullions-vs-BLD-AR-Curtain Panels  Clash968  FAILED, it was added without its hidden state, so it would show every discipline
09:34:23.749  +2598.707s  VIEW     B/AR vs AR/BLD-AR-Curtain Mullions-vs-BLD-AR-Curtain Panels  Clash969  FAILED, it was added without its hidden state, so it would show every discipline
09:34:23.749  +2598.708s  VIEW     B/AR vs AR/BLD-AR-Curtain Mullions-vs-BLD-AR-Curtain Panels  Clash970  FAILED, it was added without its hidden state, so it would show every discipline
09:34:23.749  +2598.709s  VIEW     B/AR vs AR/BLD-AR-Curtain Mullions-vs-BLD-AR-Curtain Panels  Clash971  FAILED, it was added without its hidden state, so it would show every discipline
09:34:23.749  +2598.709s  VIEW     B/AR vs AR/BLD-AR-Curtain Mullions-vs-BLD-AR-Curtain Panels  Clash972  FAILED, it was added without its hidden state, so it would show every discipline
09:34:23.749  +2598.710s  VIEW     B/AR vs AR/BLD-AR-Curtain Mullions-vs-BLD-AR-Curtain Panels  Clash973  FAILED, it was added without its hidden state, so it would show every discipline
09:34:23.749  +2598.711s  VIEW     B/AR vs AR/BLD-AR-Curtain Mullions-vs-BLD-AR-Curtain Panels  Clash974  FAILED, it was added without its hidden state, so it would show every discipline
09:34:23.749  +2598.712s  VIEW     B/AR vs AR/BLD-AR-Curtain Mullions-vs-BLD-AR-Curtain Panels  Clash975  FAILED, it was added without its hidden state, so it would show every discipline
09:34:23.749  +2598.712s  VIEW     B/AR vs AR/BLD-AR-Curtain Mullions-vs-BLD-AR-Curtain Panels  Clash976  FAILED, it was added without its hidden state, so it would show every discipline
09:34:23.758  +2598.713s  VIEW     B/AR vs AR/BLD-AR-Curtain Mullions-vs-BLD-AR-Curtain Panels  Clash977  FAILED, it was added without its hidden state, so it would show every discipline
09:34:23.758  +2598.714s  VIEW     B/AR vs AR/BLD-AR-Curtain Mullions-vs-BLD-AR-Curtain Panels  Clash978  FAILED, it was added without its hidden state, so it would show every discipline
09:34:23.758  +2598.715s  VIEW     B/AR vs AR/BLD-AR-Curtain Mullions-vs-BLD-AR-Curtain Panels  Clash979  FAILED, it was added without its hidden state, so it would show every discipline
09:34:23.758  +2598.715s  VIEW     B/AR vs AR/BLD-AR-Curtain Mullions-vs-BLD-AR-Curtain Panels  Clash980  FAILED, it was added without its hidden state, so it would show every discipline
09:34:23.758  +2598.716s  VIEW     B/AR vs AR/BLD-AR-Curtain Mullions-vs-BLD-AR-Curtain Panels  Clash981  FAILED, it was added without its hidden state, so it would show every discipline
09:34:23.758  +2598.717s  VIEW     B/AR vs AR/BLD-AR-Curtain Mullions-vs-BLD-AR-Curtain Panels  Clash982  FAILED, it was added without its hidden state, so it would show every discipline
09:34:23.758  +2598.717s  VIEW     B/AR vs AR/BLD-AR-Curtain Mullions-vs-BLD-AR-Curtain Panels  Clash983  FAILED, it was added without its hidden state, so it would show every discipline
09:34:23.758  +2598.718s  VIEW     B/AR vs AR/BLD-AR-Curtain Mullions-vs-BLD-AR-Curtain Panels  Clash984  FAILED, it was added without its hidden state, so it would show every discipline
09:34:23.764  +2598.719s  VIEW     B/AR vs AR/BLD-AR-Curtain Mullions-vs-BLD-AR-Curtain Panels  Clash985  FAILED, it was added without its hidden state, so it would show every discipline
09:34:23.765  +2598.720s  VIEW     B/AR vs AR/BLD-AR-Curtain Mullions-vs-BLD-AR-Curtain Panels  Clash986  FAILED, it was added without its hidden state, so it would show every discipline
09:34:23.765  +2598.721s  VIEW     B/AR vs AR/BLD-AR-Curtain Mullions-vs-BLD-AR-Curtain Panels  Clash987  FAILED, it was added without its hidden state, so it would show every discipline
09:34:23.765  +2598.721s  VIEW     B/AR vs AR/BLD-AR-Curtain Mullions-vs-BLD-AR-Curtain Panels  Clash988  FAILED, it was added without its hidden state, so it would show every discipline
09:34:23.765  +2598.722s  VIEW     B/AR vs AR/BLD-AR-Curtain Mullions-vs-BLD-AR-Curtain Panels  Clash989  FAILED, it was added without its hidden state, so it would show every discipline
09:34:23.765  +2598.723s  VIEW     B/AR vs AR/BLD-AR-Curtain Mullions-vs-BLD-AR-Curtain Panels  Clash990  FAILED, it was added without its hidden state, so it would show every discipline
09:34:23.765  +2598.724s  VIEW     B/AR vs AR/BLD-AR-Curtain Mullions-vs-BLD-AR-Curtain Panels  Clash991  FAILED, it was added without its hidden state, so it would show every discipline
09:34:23.765  +2598.724s  VIEW     B/AR vs AR/BLD-AR-Curtain Mullions-vs-BLD-AR-Curtain Panels  Clash992  FAILED, it was added without its hidden state, so it would show every discipline
09:34:23.765  +2598.725s  VIEW     B/AR vs AR/BLD-AR-Curtain Mullions-vs-BLD-AR-Curtain Panels  Clash993  FAILED, it was added without its hidden state, so it would show every discipline
09:34:23.765  +2598.726s  VIEW     B/AR vs AR/BLD-AR-Curtain Mullions-vs-BLD-AR-Curtain Panels  Clash994  FAILED, it was added without its hidden state, so it would show every discipline
09:34:23.765  +2598.727s  VIEW     B/AR vs AR/BLD-AR-Curtain Mullions-vs-BLD-AR-Curtain Panels  Clash995  FAILED, it was added without its hidden state, so it would show every discipline
09:34:23.765  +2598.727s  VIEW     B/AR vs AR/BLD-AR-Curtain Mullions-vs-BLD-AR-Curtain Panels  Clash996  FAILED, it was added without its hidden state, so it would show every discipline
09:34:23.765  +2598.728s  VIEW     B/AR vs AR/BLD-AR-Curtain Mullions-vs-BLD-AR-Curtain Panels  Clash997  FAILED, it was added without its hidden state, so it would show every discipline
09:34:23.765  +2598.729s  VIEW     B/AR vs AR/BLD-AR-Curtain Mullions-vs-BLD-AR-Curtain Panels  Clash998  FAILED, it was added without its hidden state, so it would show every discipline
09:34:23.765  +2598.730s  VIEW     B/AR vs AR/BLD-AR-Curtain Mullions-vs-BLD-AR-Curtain Panels  Clash999  FAILED, it was added without its hidden state, so it would show every discipline
09:34:23.775  +2598.730s  VIEW     B/AR vs AR/BLD-AR-Curtain Mullions-vs-BLD-AR-Curtain Panels  Clash1000  FAILED, it was added without its hidden state, so it would show every discipline
09:34:23.775  +2598.731s  VIEW     B/AR vs AR/BLD-AR-Curtain Mullions-vs-BLD-AR-Curtain Panels  Clash1001  FAILED, it was added without its hidden state, so it would show every discipline
09:34:23.777  +2598.732s  VIEW     B/AR vs AR/BLD-AR-Curtain Mullions-vs-BLD-AR-Curtain Panels  Clash1002  FAILED, it was added without its hidden state, so it would show every discipline
09:34:23.777  +2598.733s  VIEW     B/AR vs AR/BLD-AR-Curtain Mullions-vs-BLD-AR-Curtain Panels  Clash1003  FAILED, it was added without its hidden state, so it would show every discipline
09:34:23.777  +2598.733s  VIEW     B/AR vs AR/BLD-AR-Curtain Mullions-vs-BLD-AR-Curtain Panels  Clash1004  FAILED, it was added without its hidden state, so it would show every discipline
09:34:23.777  +2598.734s  VIEW     B/AR vs AR/BLD-AR-Curtain Mullions-vs-BLD-AR-Curtain Panels  Clash1005  FAILED, it was added without its hidden state, so it would show every discipline
09:34:23.777  +2598.735s  VIEW     B/AR vs AR/BLD-AR-Curtain Mullions-vs-BLD-AR-Curtain Panels  Clash1006  FAILED, it was added without its hidden state, so it would show every discipline
09:34:23.780  +2598.736s  VIEW     B/AR vs AR/BLD-AR-Curtain Mullions-vs-BLD-AR-Curtain Panels  Clash1007  FAILED, it was added without its hidden state, so it would show every discipline
09:34:23.780  +2598.736s  VIEW     B/AR vs AR/BLD-AR-Curtain Mullions-vs-BLD-AR-Curtain Panels  Clash1008  FAILED, it was added without its hidden state, so it would show every discipline
09:34:23.782  +2598.737s  VIEW     B/AR vs AR/BLD-AR-Curtain Mullions-vs-BLD-AR-Curtain Panels  Clash1009  FAILED, it was added without its hidden state, so it would show every discipline
09:34:23.782  +2598.738s  VIEW     B/AR vs AR/BLD-AR-Curtain Mullions-vs-BLD-AR-Curtain Panels  Clash1010  FAILED, it was added without its hidden state, so it would show every discipline
09:34:23.782  +2598.738s  VIEW     B/AR vs AR/BLD-AR-Curtain Mullions-vs-BLD-AR-Curtain Panels  Clash1011  FAILED, it was added without its hidden state, so it would show every discipline
09:34:23.782  +2598.739s  VIEW     B/AR vs AR/BLD-AR-Curtain Mullions-vs-BLD-AR-Curtain Panels  Clash1012  FAILED, it was added without its hidden state, so it would show every discipline
09:34:23.784  +2598.740s  VIEW     B/AR vs AR/BLD-AR-Curtain Mullions-vs-BLD-AR-Curtain Panels  Clash1013  FAILED, it was added without its hidden state, so it would show every discipline
09:34:23.784  +2598.741s  VIEW     B/AR vs AR/BLD-AR-Curtain Mullions-vs-BLD-AR-Curtain Panels  Clash1014  FAILED, it was added without its hidden state, so it would show every discipline
09:34:23.786  +2598.741s  VIEW     B/AR vs AR/BLD-AR-Curtain Mullions-vs-BLD-AR-Curtain Panels  Clash1015  FAILED, it was added without its hidden state, so it would show every discipline
09:34:23.786  +2598.742s  VIEW     B/AR vs AR/BLD-AR-Curtain Mullions-vs-BLD-AR-Curtain Panels  Clash1016  FAILED, it was added without its hidden state, so it would show every discipline
09:34:23.786  +2598.743s  VIEW     B/AR vs AR/BLD-AR-Curtain Mullions-vs-BLD-AR-Curtain Panels  Clash1017  FAILED, it was added without its hidden state, so it would show every discipline
09:34:23.788  +2598.744s  VIEW     B/AR vs AR/BLD-AR-Curtain Mullions-vs-BLD-AR-Curtain Panels  Clash1018  FAILED, it was added without its hidden state, so it would show every discipline
09:34:23.788  +2598.744s  VIEW     B/AR vs AR/BLD-AR-Curtain Mullions-vs-BLD-AR-Curtain Panels  Clash1019  FAILED, it was added without its hidden state, so it would show every discipline
09:34:23.788  +2598.745s  VIEW     B/AR vs AR/BLD-AR-Curtain Mullions-vs-BLD-AR-Curtain Panels  Clash1020  FAILED, it was added without its hidden state, so it would show every discipline
09:34:23.790  +2598.746s  VIEW     B/AR vs AR/BLD-AR-Curtain Mullions-vs-BLD-AR-Curtain Panels  Clash1021  FAILED, it was added without its hidden state, so it would show every discipline
09:34:23.791  +2598.746s  VIEW     B/AR vs AR/BLD-AR-Curtain Mullions-vs-BLD-AR-Curtain Panels  Clash1022  FAILED, it was added without its hidden state, so it would show every discipline
09:34:23.791  +2598.747s  VIEW     B/AR vs AR/BLD-AR-Curtain Mullions-vs-BLD-AR-Curtain Panels  Clash1023  FAILED, it was added without its hidden state, so it would show every discipline
09:34:23.793  +2598.748s  VIEW     B/AR vs AR/BLD-AR-Curtain Mullions-vs-BLD-AR-Curtain Panels  Clash1024  FAILED, it was added without its hidden state, so it would show every discipline
09:34:23.793  +2598.749s  VIEW     B/AR vs AR/BLD-AR-Curtain Mullions-vs-BLD-AR-Curtain Panels  Clash1025  FAILED, it was added without its hidden state, so it would show every discipline
09:34:23.793  +2598.749s  VIEW     B/AR vs AR/BLD-AR-Curtain Mullions-vs-BLD-AR-Curtain Panels  Clash1026  FAILED, it was added without its hidden state, so it would show every discipline
09:34:23.794  +2598.750s  VIEW     B/AR vs AR/BLD-AR-Curtain Mullions-vs-BLD-AR-Curtain Panels  Clash1027  FAILED, it was added without its hidden state, so it would show every discipline
09:34:23.794  +2598.751s  VIEW     B/AR vs AR/BLD-AR-Curtain Mullions-vs-BLD-AR-Curtain Panels  Clash1028  FAILED, it was added without its hidden state, so it would show every discipline
09:34:23.794  +2598.752s  VIEW     B/AR vs AR/BLD-AR-Curtain Mullions-vs-BLD-AR-Curtain Panels  Clash1029  FAILED, it was added without its hidden state, so it would show every discipline
09:34:23.797  +2598.752s  VIEW     B/AR vs AR/BLD-AR-Curtain Mullions-vs-BLD-AR-Curtain Panels  Clash1030  FAILED, it was added without its hidden state, so it would show every discipline
09:34:23.798  +2598.753s  VIEW     B/AR vs AR/BLD-AR-Curtain Mullions-vs-BLD-AR-Curtain Panels  Clash1031  FAILED, it was added without its hidden state, so it would show every discipline
09:34:23.798  +2598.754s  VIEW     B/AR vs AR/BLD-AR-Curtain Mullions-vs-BLD-AR-Curtain Panels  Clash1032  FAILED, it was added without its hidden state, so it would show every discipline
09:34:23.798  +2598.755s  VIEW     B/AR vs AR/BLD-AR-Curtain Mullions-vs-BLD-AR-Curtain Panels  Clash1033  FAILED, it was added without its hidden state, so it would show every discipline
09:34:23.798  +2598.756s  VIEW     B/AR vs AR/BLD-AR-Curtain Mullions-vs-BLD-AR-Curtain Panels  Clash1034  FAILED, it was added without its hidden state, so it would show every discipline
09:34:23.798  +2598.756s  VIEW     B/AR vs AR/BLD-AR-Curtain Mullions-vs-BLD-AR-Curtain Panels  Clash1035  FAILED, it was added without its hidden state, so it would show every discipline
09:34:23.798  +2598.757s  VIEW     B/AR vs AR/BLD-AR-Curtain Mullions-vs-BLD-AR-Curtain Panels  Clash1036  FAILED, it was added without its hidden state, so it would show every discipline
09:34:23.798  +2598.758s  VIEW     B/AR vs AR/BLD-AR-Curtain Mullions-vs-BLD-AR-Curtain Panels  Clash1037  FAILED, it was added without its hidden state, so it would show every discipline
09:34:23.798  +2598.758s  VIEW     B/AR vs AR/BLD-AR-Curtain Mullions-vs-BLD-AR-Curtain Panels  Clash1038  FAILED, it was added without its hidden state, so it would show every discipline
09:34:23.798  +2598.759s  VIEW     B/AR vs AR/BLD-AR-Curtain Mullions-vs-BLD-AR-Curtain Panels  Clash1039  FAILED, it was added without its hidden state, so it would show every discipline
09:34:23.798  +2598.760s  VIEW     B/AR vs AR/BLD-AR-Curtain Mullions-vs-BLD-AR-Curtain Panels  Clash1040  FAILED, it was added without its hidden state, so it would show every discipline
09:34:23.805  +2598.760s  VIEW     B/AR vs AR/BLD-AR-Curtain Mullions-vs-BLD-AR-Curtain Panels  Clash1041  FAILED, it was added without its hidden state, so it would show every discipline
09:34:23.805  +2598.761s  VIEW     B/AR vs AR/BLD-AR-Curtain Mullions-vs-BLD-AR-Curtain Panels  Clash1042  FAILED, it was added without its hidden state, so it would show every discipline
09:34:23.805  +2598.762s  VIEW     B/AR vs AR/BLD-AR-Curtain Mullions-vs-BLD-AR-Curtain Panels  Clash1043  FAILED, it was added without its hidden state, so it would show every discipline
09:34:23.805  +2598.762s  VIEW     B/AR vs AR/BLD-AR-Curtain Mullions-vs-BLD-AR-Curtain Panels  Clash1044  FAILED, it was added without its hidden state, so it would show every discipline
09:34:23.805  +2598.763s  VIEW     B/AR vs AR/BLD-AR-Curtain Mullions-vs-BLD-AR-Curtain Panels  Clash1045  FAILED, it was added without its hidden state, so it would show every discipline
09:34:23.805  +2598.763s  VIEW     B/AR vs AR/BLD-AR-Curtain Mullions-vs-BLD-AR-Curtain Panels  Clash1046  FAILED, it was added without its hidden state, so it would show every discipline
09:34:23.809  +2598.764s  VIEW     B/AR vs AR/BLD-AR-Curtain Mullions-vs-BLD-AR-Curtain Panels  Clash1047  FAILED, it was added without its hidden state, so it would show every discipline
09:34:23.809  +2598.765s  VIEW     B/AR vs AR/BLD-AR-Curtain Mullions-vs-BLD-AR-Curtain Panels  Clash1048  FAILED, it was added without its hidden state, so it would show every discipline
09:34:23.809  +2598.765s  VIEW     B/AR vs AR/BLD-AR-Curtain Mullions-vs-BLD-AR-Curtain Panels  Clash1049  FAILED, it was added without its hidden state, so it would show every discipline
09:34:23.809  +2598.766s  VIEW     B/AR vs AR/BLD-AR-Curtain Mullions-vs-BLD-AR-Curtain Panels  Clash1050  FAILED, it was added without its hidden state, so it would show every discipline
09:34:23.809  +2598.767s  VIEW     B/AR vs AR/BLD-AR-Curtain Mullions-vs-BLD-AR-Curtain Panels  Clash1051  FAILED, it was added without its hidden state, so it would show every discipline
09:34:23.809  +2598.767s  VIEW     B/AR vs AR/BLD-AR-Curtain Mullions-vs-BLD-AR-Curtain Panels  Clash1052  FAILED, it was added without its hidden state, so it would show every discipline
09:34:23.809  +2598.768s  VIEW     B/AR vs AR/BLD-AR-Curtain Mullions-vs-BLD-AR-Curtain Panels  Clash1053  FAILED, it was added without its hidden state, so it would show every discipline
09:34:23.809  +2598.769s  VIEW     B/AR vs AR/BLD-AR-Curtain Mullions-vs-BLD-AR-Curtain Panels  Clash1054  FAILED, it was added without its hidden state, so it would show every discipline
09:34:23.814  +2598.769s  VIEW     B/AR vs AR/BLD-AR-Curtain Mullions-vs-BLD-AR-Curtain Panels  Clash1055  FAILED, it was added without its hidden state, so it would show every discipline
09:34:23.815  +2598.770s  VIEW     B/AR vs AR/BLD-AR-Curtain Mullions-vs-BLD-AR-Curtain Panels  Clash1056  FAILED, it was added without its hidden state, so it would show every discipline
09:34:23.815  +2598.771s  VIEW     B/AR vs AR/BLD-AR-Curtain Mullions-vs-BLD-AR-Curtain Panels  Clash1057  FAILED, it was added without its hidden state, so it would show every discipline
09:34:23.815  +2598.772s  VIEW     B/AR vs AR/BLD-AR-Curtain Mullions-vs-BLD-AR-Curtain Panels  Clash1058  FAILED, it was added without its hidden state, so it would show every discipline
09:34:23.815  +2598.772s  VIEW     B/AR vs AR/BLD-AR-Curtain Mullions-vs-BLD-AR-Curtain Panels  Clash1059  FAILED, it was added without its hidden state, so it would show every discipline
09:34:23.815  +2598.773s  VIEW     B/AR vs AR/BLD-AR-Curtain Mullions-vs-BLD-AR-Curtain Panels  Clash1060  FAILED, it was added without its hidden state, so it would show every discipline
09:34:23.815  +2598.774s  VIEW     B/AR vs AR/BLD-AR-Curtain Mullions-vs-BLD-AR-Curtain Panels  Clash1061  FAILED, it was added without its hidden state, so it would show every discipline
09:34:23.815  +2598.775s  VIEW     B/AR vs AR/BLD-AR-Curtain Mullions-vs-BLD-AR-Curtain Panels  Clash1062  FAILED, it was added without its hidden state, so it would show every discipline
09:34:23.815  +2598.775s  VIEW     B/AR vs AR/BLD-AR-Curtain Mullions-vs-BLD-AR-Curtain Panels  Clash1063  FAILED, it was added without its hidden state, so it would show every discipline
09:34:23.815  +2598.776s  VIEW     B/AR vs AR/BLD-AR-Curtain Mullions-vs-BLD-AR-Curtain Panels  Clash1064  FAILED, it was added without its hidden state, so it would show every discipline
09:34:23.815  +2598.777s  VIEW     B/AR vs AR/BLD-AR-Curtain Mullions-vs-BLD-AR-Curtain Panels  Clash1065  FAILED, it was added without its hidden state, so it would show every discipline
09:34:23.815  +2598.778s  VIEW     B/AR vs AR/BLD-AR-Curtain Mullions-vs-BLD-AR-Curtain Panels  Clash1066  FAILED, it was added without its hidden state, so it would show every discipline
09:34:23.815  +2598.778s  VIEW     B/AR vs AR/BLD-AR-Curtain Mullions-vs-BLD-AR-Curtain Panels  Clash1067  FAILED, it was added without its hidden state, so it would show every discipline
09:34:23.815  +2598.779s  VIEW     B/AR vs AR/BLD-AR-Curtain Mullions-vs-BLD-AR-Curtain Panels  Clash1068  FAILED, it was added without its hidden state, so it would show every discipline
09:34:23.815  +2598.780s  VIEW     B/AR vs AR/BLD-AR-Curtain Mullions-vs-BLD-AR-Curtain Panels  Clash1069  FAILED, it was added without its hidden state, so it would show every discipline
09:34:23.815  +2598.781s  VIEW     B/AR vs AR/BLD-AR-Curtain Mullions-vs-BLD-AR-Curtain Panels  Clash1070  FAILED, it was added without its hidden state, so it would show every discipline
09:34:23.826  +2598.781s  VIEW     B/AR vs AR/BLD-AR-Curtain Mullions-vs-BLD-AR-Curtain Panels  Clash1071  FAILED, it was added without its hidden state, so it would show every discipline
09:34:23.826  +2598.782s  VIEW     B/AR vs AR/BLD-AR-Curtain Mullions-vs-BLD-AR-Curtain Panels  Clash1072  FAILED, it was added without its hidden state, so it would show every discipline
09:34:23.826  +2598.783s  VIEW     B/AR vs AR/BLD-AR-Curtain Mullions-vs-BLD-AR-Curtain Panels  Clash1073  FAILED, it was added without its hidden state, so it would show every discipline
09:34:23.826  +2598.784s  VIEW     B/AR vs AR/BLD-AR-Curtain Mullions-vs-BLD-AR-Curtain Panels  Clash1074  FAILED, it was added without its hidden state, so it would show every discipline
09:34:23.826  +2598.784s  VIEW     B/AR vs AR/BLD-AR-Curtain Mullions-vs-BLD-AR-Curtain Panels  Clash1075  FAILED, it was added without its hidden state, so it would show every discipline
09:34:23.826  +2598.785s  VIEW     B/AR vs AR/BLD-AR-Curtain Mullions-vs-BLD-AR-Curtain Panels  Clash1076  FAILED, it was added without its hidden state, so it would show every discipline
09:34:23.830  +2598.786s  VIEW     B/AR vs AR/BLD-AR-Curtain Mullions-vs-BLD-AR-Curtain Panels  Clash1077  FAILED, it was added without its hidden state, so it would show every discipline
09:34:23.830  +2598.786s  VIEW     B/AR vs AR/BLD-AR-Curtain Mullions-vs-BLD-AR-Curtain Panels  Clash1078  FAILED, it was added without its hidden state, so it would show every discipline
09:34:23.831  +2598.787s  VIEW     B/AR vs AR/BLD-AR-Curtain Mullions-vs-BLD-AR-Curtain Panels  Clash1079  FAILED, it was added without its hidden state, so it would show every discipline
09:34:23.831  +2598.788s  VIEW     B/AR vs AR/BLD-AR-Curtain Mullions-vs-BLD-AR-Curtain Panels  Clash1080  FAILED, it was added without its hidden state, so it would show every discipline
09:34:23.831  +2598.789s  VIEW     B/AR vs AR/BLD-AR-Curtain Mullions-vs-BLD-AR-Curtain Panels  Clash1081  FAILED, it was added without its hidden state, so it would show every discipline
09:34:23.831  +2598.789s  VIEW     B/AR vs AR/BLD-AR-Curtain Mullions-vs-BLD-AR-Curtain Panels  Clash1082  FAILED, it was added without its hidden state, so it would show every discipline
09:34:23.831  +2598.790s  VIEW     B/AR vs AR/BLD-AR-Curtain Mullions-vs-BLD-AR-Curtain Panels  Clash1083  FAILED, it was added without its hidden state, so it would show every discipline
09:34:23.831  +2598.791s  VIEW     B/AR vs AR/BLD-AR-Curtain Mullions-vs-BLD-AR-Curtain Panels  Clash1084  FAILED, it was added without its hidden state, so it would show every discipline
09:34:23.831  +2598.792s  VIEW     B/AR vs AR/BLD-AR-Curtain Mullions-vs-BLD-AR-Curtain Panels  Clash1085  FAILED, it was added without its hidden state, so it would show every discipline
09:34:23.831  +2598.792s  VIEW     B/AR vs AR/BLD-AR-Curtain Mullions-vs-BLD-AR-Curtain Panels  Clash1086  FAILED, it was added without its hidden state, so it would show every discipline
09:34:23.831  +2598.793s  VIEW     B/AR vs AR/BLD-AR-Curtain Mullions-vs-BLD-AR-Curtain Panels  Clash1087  FAILED, it was added without its hidden state, so it would show every discipline
09:34:23.831  +2598.794s  VIEW     B/AR vs AR/BLD-AR-Curtain Mullions-vs-BLD-AR-Curtain Panels  Clash1088  FAILED, it was added without its hidden state, so it would show every discipline
09:34:23.831  +2598.795s  VIEW     B/AR vs AR/BLD-AR-Curtain Mullions-vs-BLD-AR-Curtain Panels  Clash1089  FAILED, it was added without its hidden state, so it would show every discipline
09:34:23.831  +2598.795s  VIEW     B/AR vs AR/BLD-AR-Curtain Mullions-vs-BLD-AR-Curtain Panels  Clash1090  FAILED, it was added without its hidden state, so it would show every discipline
09:34:23.831  +2598.796s  VIEW     B/AR vs AR/BLD-AR-Curtain Mullions-vs-BLD-AR-Curtain Panels  Clash1091  FAILED, it was added without its hidden state, so it would show every discipline
09:34:23.831  +2598.797s  VIEW     B/AR vs AR/BLD-AR-Curtain Mullions-vs-BLD-AR-Curtain Panels  Clash1092  FAILED, it was added without its hidden state, so it would show every discipline
09:34:23.831  +2598.798s  VIEW     B/AR vs AR/BLD-AR-Curtain Mullions-vs-BLD-AR-Curtain Panels  Clash1093  FAILED, it was added without its hidden state, so it would show every discipline
09:34:23.831  +2598.798s  VIEW     B/AR vs AR/BLD-AR-Curtain Mullions-vs-BLD-AR-Curtain Panels  Clash1094  FAILED, it was added without its hidden state, so it would show every discipline
09:34:23.843  +2598.799s  VIEW     B/AR vs AR/BLD-AR-Curtain Mullions-vs-BLD-AR-Curtain Panels  Clash1095  FAILED, it was added without its hidden state, so it would show every discipline
09:34:23.843  +2598.800s  VIEW     B/AR vs AR/BLD-AR-Curtain Mullions-vs-BLD-AR-Curtain Panels  Clash1096  FAILED, it was added without its hidden state, so it would show every discipline
09:34:23.843  +2598.801s  VIEW     B/AR vs AR/BLD-AR-Curtain Mullions-vs-BLD-AR-Curtain Panels  Clash1097  FAILED, it was added without its hidden state, so it would show every discipline
09:34:23.843  +2598.801s  VIEW     B/AR vs AR/BLD-AR-Curtain Mullions-vs-BLD-AR-Curtain Panels  Clash1098  FAILED, it was added without its hidden state, so it would show every discipline
09:34:23.843  +2598.802s  VIEW     B/AR vs AR/BLD-AR-Curtain Mullions-vs-BLD-AR-Curtain Panels  Clash1099  FAILED, it was added without its hidden state, so it would show every discipline
09:34:23.847  +2598.803s  VIEW     B/AR vs AR/BLD-AR-Curtain Mullions-vs-BLD-AR-Curtain Panels  Clash1100  FAILED, it was added without its hidden state, so it would show every discipline
09:34:23.848  +2598.804s  VIEW     B/AR vs AR/BLD-AR-Curtain Mullions-vs-BLD-AR-Curtain Panels  Clash1101  FAILED, it was added without its hidden state, so it would show every discipline
09:34:23.848  +2598.804s  VIEW     B/AR vs AR/BLD-AR-Curtain Mullions-vs-BLD-AR-Curtain Panels  Clash1102  FAILED, it was added without its hidden state, so it would show every discipline
09:34:23.848  +2598.805s  VIEW     B/AR vs AR/BLD-AR-Curtain Mullions-vs-BLD-AR-Curtain Panels  Clash1103  FAILED, it was added without its hidden state, so it would show every discipline
09:34:23.848  +2598.806s  VIEW     B/AR vs AR/BLD-AR-Curtain Mullions-vs-BLD-AR-Curtain Panels  Clash1104  FAILED, it was added without its hidden state, so it would show every discipline
09:34:23.848  +2598.806s  VIEW     B/AR vs AR/BLD-AR-Curtain Mullions-vs-BLD-AR-Curtain Panels  Clash1105  FAILED, it was added without its hidden state, so it would show every discipline
09:34:23.848  +2598.807s  VIEW     B/AR vs AR/BLD-AR-Curtain Mullions-vs-BLD-AR-Curtain Panels  Clash1106  FAILED, it was added without its hidden state, so it would show every discipline
09:34:23.848  +2598.808s  VIEW     B/AR vs AR/BLD-AR-Curtain Mullions-vs-BLD-AR-Curtain Panels  Clash1107  FAILED, it was added without its hidden state, so it would show every discipline
09:34:23.848  +2598.809s  VIEW     B/AR vs AR/BLD-AR-Curtain Mullions-vs-BLD-AR-Curtain Panels  Clash1108  FAILED, it was added without its hidden state, so it would show every discipline
09:34:23.848  +2598.809s  VIEW     B/AR vs AR/BLD-AR-Curtain Mullions-vs-BLD-AR-Curtain Panels  Clash1109  FAILED, it was added without its hidden state, so it would show every discipline
09:34:23.848  +2598.810s  VIEW     B/AR vs AR/BLD-AR-Curtain Mullions-vs-BLD-AR-Curtain Panels  Clash1110  FAILED, it was added without its hidden state, so it would show every discipline
09:34:23.848  +2598.811s  VIEW     B/AR vs AR/BLD-AR-Curtain Mullions-vs-BLD-AR-Curtain Panels  Clash1111  FAILED, it was added without its hidden state, so it would show every discipline
09:34:23.848  +2598.812s  VIEW     B/AR vs AR/BLD-AR-Curtain Mullions-vs-BLD-AR-Curtain Panels  Clash1112  FAILED, it was added without its hidden state, so it would show every discipline
09:34:23.848  +2598.812s  VIEW     B/AR vs AR/BLD-AR-Curtain Mullions-vs-BLD-AR-Curtain Panels  Clash1113  FAILED, it was added without its hidden state, so it would show every discipline
09:34:23.858  +2598.813s  VIEW     B/AR vs AR/BLD-AR-Curtain Mullions-vs-BLD-AR-Curtain Panels  Clash1114  FAILED, it was added without its hidden state, so it would show every discipline
09:34:23.858  +2598.814s  VIEW     B/AR vs AR/BLD-AR-Curtain Mullions-vs-BLD-AR-Curtain Panels  Clash1115  FAILED, it was added without its hidden state, so it would show every discipline
09:34:23.858  +2598.815s  VIEW     B/AR vs AR/BLD-AR-Curtain Mullions-vs-BLD-AR-Curtain Panels  Clash1116  FAILED, it was added without its hidden state, so it would show every discipline
09:34:23.858  +2598.815s  VIEW     B/AR vs AR/BLD-AR-Curtain Mullions-vs-BLD-AR-Curtain Panels  Clash1117  FAILED, it was added without its hidden state, so it would show every discipline
09:34:23.858  +2598.816s  VIEW     B/AR vs AR/BLD-AR-Curtain Mullions-vs-BLD-AR-Curtain Panels  Clash1118  FAILED, it was added without its hidden state, so it would show every discipline
09:34:23.858  +2598.817s  VIEW     B/AR vs AR/BLD-AR-Curtain Mullions-vs-BLD-AR-Curtain Panels  Clash1119  FAILED, it was added without its hidden state, so it would show every discipline
09:34:23.858  +2598.818s  VIEW     B/AR vs AR/BLD-AR-Curtain Mullions-vs-BLD-AR-Curtain Panels  Clash1120  FAILED, it was added without its hidden state, so it would show every discipline
09:34:23.858  +2598.818s  VIEW     B/AR vs AR/BLD-AR-Curtain Mullions-vs-BLD-AR-Curtain Panels  Clash1121  FAILED, it was added without its hidden state, so it would show every discipline
09:34:23.864  +2598.819s  VIEW     B/AR vs AR/BLD-AR-Curtain Mullions-vs-BLD-AR-Curtain Panels  Clash1122  FAILED, it was added without its hidden state, so it would show every discipline
09:34:23.864  +2598.820s  VIEW     B/AR vs AR/BLD-AR-Curtain Mullions-vs-BLD-AR-Curtain Panels  Clash1123  FAILED, it was added without its hidden state, so it would show every discipline
09:34:23.865  +2598.821s  VIEW     B/AR vs AR/BLD-AR-Curtain Mullions-vs-BLD-AR-Curtain Panels  Clash1124  FAILED, it was added without its hidden state, so it would show every discipline
09:34:23.865  +2598.821s  VIEW     B/AR vs AR/BLD-AR-Curtain Mullions-vs-BLD-AR-Curtain Panels  Clash1125  FAILED, it was added without its hidden state, so it would show every discipline
09:34:23.865  +2598.822s  VIEW     B/AR vs AR/BLD-AR-Curtain Mullions-vs-BLD-AR-Curtain Panels  Clash1126  FAILED, it was added without its hidden state, so it would show every discipline
09:34:23.865  +2598.823s  VIEW     B/AR vs AR/BLD-AR-Curtain Mullions-vs-BLD-AR-Curtain Panels  Clash1127  FAILED, it was added without its hidden state, so it would show every discipline
09:34:23.865  +2598.824s  VIEW     B/AR vs AR/BLD-AR-Curtain Mullions-vs-BLD-AR-Curtain Panels  Clash1128  FAILED, it was added without its hidden state, so it would show every discipline
09:34:23.865  +2598.824s  VIEW     B/AR vs AR/BLD-AR-Curtain Mullions-vs-BLD-AR-Curtain Panels  Clash1129  FAILED, it was added without its hidden state, so it would show every discipline
09:34:23.865  +2598.825s  VIEW     B/AR vs AR/BLD-AR-Curtain Mullions-vs-BLD-AR-Curtain Panels  Clash1130  FAILED, it was added without its hidden state, so it would show every discipline
09:34:23.865  +2598.826s  VIEW     B/AR vs AR/BLD-AR-Curtain Mullions-vs-BLD-AR-Curtain Panels  Clash1131  FAILED, it was added without its hidden state, so it would show every discipline
09:34:23.865  +2598.827s  VIEW     B/AR vs AR/BLD-AR-Curtain Mullions-vs-BLD-AR-Curtain Panels  Clash1132  FAILED, it was added without its hidden state, so it would show every discipline
09:34:23.865  +2598.827s  VIEW     B/AR vs AR/BLD-AR-Curtain Mullions-vs-BLD-AR-Curtain Panels  Clash1133  FAILED, it was added without its hidden state, so it would show every discipline
09:34:23.865  +2598.828s  VIEW     B/AR vs AR/BLD-AR-Curtain Mullions-vs-BLD-AR-Curtain Panels  Clash1134  FAILED, it was added without its hidden state, so it would show every discipline
09:34:23.865  +2598.829s  VIEW     B/AR vs AR/BLD-AR-Curtain Mullions-vs-BLD-AR-Curtain Panels  Clash1135  FAILED, it was added without its hidden state, so it would show every discipline
09:34:23.865  +2598.830s  VIEW     B/AR vs AR/BLD-AR-Curtain Mullions-vs-BLD-AR-Curtain Panels  Clash1136  FAILED, it was added without its hidden state, so it would show every discipline
09:34:23.865  +2598.830s  VIEW     B/AR vs AR/BLD-AR-Curtain Mullions-vs-BLD-AR-Curtain Panels  Clash1137  FAILED, it was added without its hidden state, so it would show every discipline
09:34:23.865  +2598.831s  VIEW     B/AR vs AR/BLD-AR-Curtain Mullions-vs-BLD-AR-Curtain Panels  Clash1138  FAILED, it was added without its hidden state, so it would show every discipline
09:34:23.865  +2598.832s  VIEW     B/AR vs AR/BLD-AR-Curtain Mullions-vs-BLD-AR-Curtain Panels  Clash1139  FAILED, it was added without its hidden state, so it would show every discipline
09:34:23.865  +2598.833s  VIEW     B/AR vs AR/BLD-AR-Curtain Mullions-vs-BLD-AR-Curtain Panels  Clash1140  FAILED, it was added without its hidden state, so it would show every discipline
09:34:23.865  +2598.833s  VIEW     B/AR vs AR/BLD-AR-Curtain Mullions-vs-BLD-AR-Curtain Panels  Clash1141  FAILED, it was added without its hidden state, so it would show every discipline
09:34:23.865  +2598.834s  VIEW     B/AR vs AR/BLD-AR-Curtain Mullions-vs-BLD-AR-Curtain Panels  Clash1142  FAILED, it was added without its hidden state, so it would show every discipline
09:34:23.865  +2598.835s  VIEW     B/AR vs AR/BLD-AR-Curtain Mullions-vs-BLD-AR-Curtain Panels  Clash1143  FAILED, it was added without its hidden state, so it would show every discipline
09:34:23.865  +2598.836s  VIEW     B/AR vs AR/BLD-AR-Curtain Mullions-vs-BLD-AR-Curtain Panels  Clash1144  FAILED, it was added without its hidden state, so it would show every discipline
09:34:23.881  +2598.836s  VIEW     B/AR vs AR/BLD-AR-Curtain Mullions-vs-BLD-AR-Curtain Panels  Clash1145  FAILED, it was added without its hidden state, so it would show every discipline
09:34:23.881  +2598.837s  VIEW     B/AR vs AR/BLD-AR-Curtain Mullions-vs-BLD-AR-Curtain Panels  Clash1146  FAILED, it was added without its hidden state, so it would show every discipline
09:34:23.881  +2598.838s  VIEW     B/AR vs AR/BLD-AR-Curtain Mullions-vs-BLD-AR-Curtain Panels  Clash1147  FAILED, it was added without its hidden state, so it would show every discipline
09:34:23.881  +2598.839s  VIEW     B/AR vs AR/BLD-AR-Curtain Mullions-vs-BLD-AR-Curtain Panels  Clash1148  FAILED, it was added without its hidden state, so it would show every discipline
09:34:23.881  +2598.839s  VIEW     B/AR vs AR/BLD-AR-Curtain Mullions-vs-BLD-AR-Curtain Panels  Clash1149  FAILED, it was added without its hidden state, so it would show every discipline
09:34:23.881  +2598.840s  VIEW     B/AR vs AR/BLD-AR-Curtain Mullions-vs-BLD-AR-Curtain Panels  Clash1150  FAILED, it was added without its hidden state, so it would show every discipline
09:34:23.881  +2598.841s  VIEW     B/AR vs AR/BLD-AR-Curtain Mullions-vs-BLD-AR-Curtain Panels  Clash1151  FAILED, it was added without its hidden state, so it would show every discipline
09:34:23.881  +2598.842s  VIEW     B/AR vs AR/BLD-AR-Curtain Mullions-vs-BLD-AR-Curtain Panels  Clash1152  FAILED, it was added without its hidden state, so it would show every discipline
09:34:23.881  +2598.842s  VIEW     B/AR vs AR/BLD-AR-Curtain Mullions-vs-BLD-AR-Curtain Panels  Clash1153  FAILED, it was added without its hidden state, so it would show every discipline
09:34:23.881  +2598.843s  VIEW     B/AR vs AR/BLD-AR-Curtain Mullions-vs-BLD-AR-Curtain Panels  Clash1154  FAILED, it was added without its hidden state, so it would show every discipline
09:34:23.888  +2598.844s  VIEW     B/AR vs AR/BLD-AR-Curtain Mullions-vs-BLD-AR-Curtain Panels  Clash1155  FAILED, it was added without its hidden state, so it would show every discipline
09:34:23.888  +2598.844s  VIEW     B/AR vs AR/BLD-AR-Curtain Mullions-vs-BLD-AR-Curtain Panels  Clash1156  FAILED, it was added without its hidden state, so it would show every discipline
09:34:23.888  +2598.845s  VIEW     B/AR vs AR/BLD-AR-Curtain Mullions-vs-BLD-AR-Curtain Panels  Clash1157  FAILED, it was added without its hidden state, so it would show every discipline
09:34:23.888  +2598.846s  VIEW     B/AR vs AR/BLD-AR-Curtain Mullions-vs-BLD-AR-Curtain Panels  Clash1158  FAILED, it was added without its hidden state, so it would show every discipline
09:34:23.891  +2598.847s  VIEW     B/AR vs AR/BLD-AR-Curtain Mullions-vs-BLD-AR-Curtain Panels  Clash1159  FAILED, it was added without its hidden state, so it would show every discipline
09:34:23.891  +2598.847s  VIEW     B/AR vs AR/BLD-AR-Curtain Mullions-vs-BLD-AR-Curtain Panels  Clash1160  FAILED, it was added without its hidden state, so it would show every discipline
09:34:23.891  +2598.848s  VIEW     B/AR vs AR/BLD-AR-Curtain Mullions-vs-BLD-AR-Curtain Panels  Clash1161  FAILED, it was added without its hidden state, so it would show every discipline
09:34:23.893  +2598.849s  VIEW     B/AR vs AR/BLD-AR-Curtain Mullions-vs-BLD-AR-Curtain Panels  Clash1162  FAILED, it was added without its hidden state, so it would show every discipline
09:34:23.893  +2598.849s  VIEW     B/AR vs AR/BLD-AR-Curtain Mullions-vs-BLD-AR-Curtain Panels  Clash1163  FAILED, it was added without its hidden state, so it would show every discipline
09:34:23.893  +2598.850s  VIEW     B/AR vs AR/BLD-AR-Curtain Mullions-vs-BLD-AR-Curtain Panels  Clash1164  FAILED, it was added without its hidden state, so it would show every discipline
09:34:23.893  +2598.851s  VIEW     B/AR vs AR/BLD-AR-Curtain Mullions-vs-BLD-AR-Curtain Panels  Clash1165  FAILED, it was added without its hidden state, so it would show every discipline
09:34:23.897  +2598.852s  VIEW     B/AR vs AR/BLD-AR-Curtain Mullions-vs-BLD-AR-Curtain Panels  Clash1166  FAILED, it was added without its hidden state, so it would show every discipline
09:34:23.897  +2598.852s  VIEW     B/AR vs AR/BLD-AR-Curtain Mullions-vs-BLD-AR-Curtain Panels  Clash1167  FAILED, it was added without its hidden state, so it would show every discipline
09:34:23.897  +2598.853s  VIEW     B/AR vs AR/BLD-AR-Curtain Mullions-vs-BLD-AR-Curtain Panels  Clash1168  FAILED, it was added without its hidden state, so it would show every discipline
09:34:23.898  +2598.854s  VIEW     B/AR vs AR/BLD-AR-Curtain Mullions-vs-BLD-AR-Curtain Panels  Clash1169  FAILED, it was added without its hidden state, so it would show every discipline
09:34:23.898  +2598.855s  VIEW     B/AR vs AR/BLD-AR-Curtain Mullions-vs-BLD-AR-Curtain Panels  Clash1170  FAILED, it was added without its hidden state, so it would show every discipline
09:34:23.898  +2598.855s  VIEW     B/AR vs AR/BLD-AR-Curtain Mullions-vs-BLD-AR-Curtain Panels  Clash1171  FAILED, it was added without its hidden state, so it would show every discipline
09:34:23.898  +2598.856s  VIEW     B/AR vs AR/BLD-AR-Curtain Mullions-vs-BLD-AR-Curtain Panels  Clash1172  FAILED, it was added without its hidden state, so it would show every discipline
09:34:23.898  +2598.857s  VIEW     B/AR vs AR/BLD-AR-Curtain Mullions-vs-BLD-AR-Curtain Panels  Clash1173  FAILED, it was added without its hidden state, so it would show every discipline
09:34:23.898  +2598.858s  VIEW     B/AR vs AR/BLD-AR-Curtain Mullions-vs-BLD-AR-Curtain Panels  Clash1174  FAILED, it was added without its hidden state, so it would show every discipline
09:34:23.898  +2598.858s  VIEW     B/AR vs AR/BLD-AR-Curtain Mullions-vs-BLD-AR-Curtain Panels  Clash1175  FAILED, it was added without its hidden state, so it would show every discipline
09:34:23.898  +2598.859s  VIEW     B/AR vs AR/BLD-AR-Curtain Mullions-vs-BLD-AR-Curtain Panels  Clash1176  FAILED, it was added without its hidden state, so it would show every discipline
09:34:23.898  +2598.860s  VIEW     B/AR vs AR/BLD-AR-Curtain Mullions-vs-BLD-AR-Curtain Panels  Clash1177  FAILED, it was added without its hidden state, so it would show every discipline
09:34:23.898  +2598.861s  VIEW     B/AR vs AR/BLD-AR-Curtain Mullions-vs-BLD-AR-Curtain Panels  Clash1178  FAILED, it was added without its hidden state, so it would show every discipline
09:34:23.898  +2598.861s  VIEW     B/AR vs AR/BLD-AR-Curtain Mullions-vs-BLD-AR-Curtain Panels  Clash1179  FAILED, it was added without its hidden state, so it would show every discipline
09:34:23.898  +2598.862s  VIEW     B/AR vs AR/BLD-AR-Curtain Mullions-vs-BLD-AR-Curtain Panels  Clash1180  FAILED, it was added without its hidden state, so it would show every discipline
09:34:23.907  +2598.863s  VIEW     B/AR vs AR/BLD-AR-Curtain Mullions-vs-BLD-AR-Curtain Panels  Clash1181  FAILED, it was added without its hidden state, so it would show every discipline
09:34:23.907  +2598.863s  VIEW     B/AR vs AR/BLD-AR-Curtain Mullions-vs-BLD-AR-Curtain Panels  Clash1182  FAILED, it was added without its hidden state, so it would show every discipline
09:34:23.907  +2598.864s  VIEW     B/AR vs AR/BLD-AR-Curtain Mullions-vs-BLD-AR-Curtain Panels  Clash1183  FAILED, it was added without its hidden state, so it would show every discipline
09:34:23.907  +2598.865s  VIEW     B/AR vs AR/BLD-AR-Curtain Mullions-vs-BLD-AR-Curtain Panels  Clash1184  FAILED, it was added without its hidden state, so it would show every discipline
09:34:23.907  +2598.866s  VIEW     B/AR vs AR/BLD-AR-Curtain Mullions-vs-BLD-AR-Curtain Panels  Clash1185  FAILED, it was added without its hidden state, so it would show every discipline
09:34:23.907  +2598.866s  VIEW     B/AR vs AR/BLD-AR-Curtain Mullions-vs-BLD-AR-Curtain Panels  Clash1186  FAILED, it was added without its hidden state, so it would show every discipline
09:34:23.912  +2598.867s  VIEW     B/AR vs AR/BLD-AR-Curtain Mullions-vs-BLD-AR-Curtain Panels  Clash1187  FAILED, it was added without its hidden state, so it would show every discipline
09:34:23.912  +2598.868s  VIEW     B/AR vs AR/BLD-AR-Curtain Mullions-vs-BLD-AR-Curtain Panels  Clash1188  FAILED, it was added without its hidden state, so it would show every discipline
09:34:23.913  +2598.869s  VIEW     B/AR vs AR/BLD-AR-Curtain Mullions-vs-BLD-AR-Curtain Panels  Clash1189  FAILED, it was added without its hidden state, so it would show every discipline
09:34:23.913  +2598.869s  VIEW     B/AR vs AR/BLD-AR-Curtain Mullions-vs-BLD-AR-Curtain Panels  Clash1190  FAILED, it was added without its hidden state, so it would show every discipline
09:34:23.915  +2598.870s  VIEW     B/AR vs AR/BLD-AR-Curtain Mullions-vs-BLD-AR-Curtain Panels  Clash1191  FAILED, it was added without its hidden state, so it would show every discipline
09:34:23.915  +2598.871s  VIEW     B/AR vs AR/BLD-AR-Curtain Mullions-vs-BLD-AR-Curtain Panels  Clash1192  FAILED, it was added without its hidden state, so it would show every discipline
09:34:23.915  +2598.872s  VIEW     B/AR vs AR/BLD-AR-Curtain Mullions-vs-BLD-AR-Curtain Panels  Clash1193  FAILED, it was added without its hidden state, so it would show every discipline
09:34:23.915  +2598.872s  VIEW     B/AR vs AR/BLD-AR-Curtain Mullions-vs-BLD-AR-Curtain Panels  Clash1194  FAILED, it was added without its hidden state, so it would show every discipline
09:34:23.915  +2598.873s  VIEW     B/AR vs AR/BLD-AR-Curtain Mullions-vs-BLD-AR-Curtain Panels  Clash1195  FAILED, it was added without its hidden state, so it would show every discipline
09:34:23.915  +2598.874s  VIEW     B/AR vs AR/BLD-AR-Curtain Mullions-vs-BLD-AR-Curtain Panels  Clash1196  FAILED, it was added without its hidden state, so it would show every discipline
09:34:23.915  +2598.875s  VIEW     B/AR vs AR/BLD-AR-Curtain Mullions-vs-BLD-AR-Curtain Panels  Clash1197  FAILED, it was added without its hidden state, so it would show every discipline
09:34:23.915  +2598.875s  VIEW     B/AR vs AR/BLD-AR-Curtain Mullions-vs-BLD-AR-Curtain Panels  Clash1198  FAILED, it was added without its hidden state, so it would show every discipline
09:34:23.915  +2598.876s  VIEW     B/AR vs AR/BLD-AR-Curtain Mullions-vs-BLD-AR-Curtain Panels  Clash1199  FAILED, it was added without its hidden state, so it would show every discipline
09:34:23.915  +2598.877s  VIEW     B/AR vs AR/BLD-AR-Curtain Mullions-vs-BLD-AR-Curtain Panels  Clash1200  FAILED, it was added without its hidden state, so it would show every discipline
09:34:23.915  +2598.878s  VIEW     B/AR vs AR/BLD-AR-Curtain Mullions-vs-BLD-AR-Curtain Panels  Clash1201  FAILED, it was added without its hidden state, so it would show every discipline
09:34:23.915  +2598.878s  VIEW     B/AR vs AR/BLD-AR-Curtain Mullions-vs-BLD-AR-Curtain Panels  Clash1202  FAILED, it was added without its hidden state, so it would show every discipline
09:34:23.915  +2598.879s  VIEW     B/AR vs AR/BLD-AR-Curtain Mullions-vs-BLD-AR-Curtain Panels  Clash1203  FAILED, it was added without its hidden state, so it would show every discipline
09:34:23.915  +2598.880s  VIEW     B/AR vs AR/BLD-AR-Curtain Mullions-vs-BLD-AR-Curtain Panels  Clash1204  FAILED, it was added without its hidden state, so it would show every discipline
09:34:23.915  +2598.881s  VIEW     B/AR vs AR/BLD-AR-Curtain Mullions-vs-BLD-AR-Curtain Panels  Clash1205  FAILED, it was added without its hidden state, so it would show every discipline
09:34:23.926  +2598.881s  VIEW     B/AR vs AR/BLD-AR-Curtain Mullions-vs-BLD-AR-Curtain Panels  Clash1206  FAILED, it was added without its hidden state, so it would show every discipline
09:34:23.926  +2598.882s  VIEW     B/AR vs AR/BLD-AR-Curtain Mullions-vs-BLD-AR-Curtain Panels  Clash1207  FAILED, it was added without its hidden state, so it would show every discipline
09:34:23.928  +2598.883s  VIEW     B/AR vs AR/BLD-AR-Curtain Mullions-vs-BLD-AR-Curtain Panels  Clash1208  FAILED, it was added without its hidden state, so it would show every discipline
09:34:23.928  +2598.884s  VIEW     B/AR vs AR/BLD-AR-Curtain Mullions-vs-BLD-AR-Curtain Panels  Clash1209  FAILED, it was added without its hidden state, so it would show every discipline
09:34:23.928  +2598.884s  VIEW     B/AR vs AR/BLD-AR-Curtain Mullions-vs-BLD-AR-Curtain Panels  Clash1210  FAILED, it was added without its hidden state, so it would show every discipline
09:34:23.928  +2598.885s  VIEW     B/AR vs AR/BLD-AR-Curtain Mullions-vs-BLD-AR-Curtain Panels  Clash1211  FAILED, it was added without its hidden state, so it would show every discipline
09:34:23.930  +2598.886s  VIEW     B/AR vs AR/BLD-AR-Curtain Mullions-vs-BLD-AR-Curtain Panels  Clash1212  FAILED, it was added without its hidden state, so it would show every discipline
09:34:23.931  +2598.886s  VIEW     B/AR vs AR/BLD-AR-Curtain Mullions-vs-BLD-AR-Curtain Panels  Clash1213  FAILED, it was added without its hidden state, so it would show every discipline
09:34:23.931  +2598.887s  VIEW     B/AR vs AR/BLD-AR-Curtain Mullions-vs-BLD-AR-Curtain Panels  Clash1214  FAILED, it was added without its hidden state, so it would show every discipline
09:34:23.931  +2598.888s  VIEW     B/AR vs AR/BLD-AR-Curtain Mullions-vs-BLD-AR-Curtain Panels  Clash1215  FAILED, it was added without its hidden state, so it would show every discipline
09:34:23.931  +2598.889s  VIEW     B/AR vs AR/BLD-AR-Curtain Mullions-vs-BLD-AR-Curtain Panels  Clash1216  FAILED, it was added without its hidden state, so it would show every discipline
09:34:23.931  +2598.889s  VIEW     B/AR vs AR/BLD-AR-Curtain Mullions-vs-BLD-AR-Curtain Panels  Clash1217  FAILED, it was added without its hidden state, so it would show every discipline
09:34:23.931  +2598.890s  VIEW     B/AR vs AR/BLD-AR-Curtain Mullions-vs-BLD-AR-Curtain Panels  Clash1218  FAILED, it was added without its hidden state, so it would show every discipline
09:34:23.931  +2598.891s  VIEW     B/AR vs AR/BLD-AR-Curtain Mullions-vs-BLD-AR-Curtain Panels  Clash1219  FAILED, it was added without its hidden state, so it would show every discipline
09:34:23.931  +2598.892s  VIEW     B/AR vs AR/BLD-AR-Curtain Mullions-vs-BLD-AR-Curtain Panels  Clash1220  FAILED, it was added without its hidden state, so it would show every discipline
09:34:23.931  +2598.893s  VIEW     B/AR vs AR/BLD-AR-Curtain Mullions-vs-BLD-AR-Curtain Panels  Clash1221  FAILED, it was added without its hidden state, so it would show every discipline
09:34:23.931  +2598.893s  VIEW     B/AR vs AR/BLD-AR-Curtain Mullions-vs-BLD-AR-Curtain Panels  Clash1222  FAILED, it was added without its hidden state, so it would show every discipline
09:34:23.931  +2598.894s  VIEW     B/AR vs AR/BLD-AR-Curtain Mullions-vs-BLD-AR-Curtain Panels  Clash1223  FAILED, it was added without its hidden state, so it would show every discipline
09:34:23.931  +2598.895s  VIEW     B/AR vs AR/BLD-AR-Curtain Mullions-vs-BLD-AR-Curtain Panels  Clash1224  FAILED, it was added without its hidden state, so it would show every discipline
09:34:23.931  +2598.895s  VIEW     B/AR vs AR/BLD-AR-Curtain Mullions-vs-BLD-AR-Curtain Panels  Clash1225  FAILED, it was added without its hidden state, so it would show every discipline
09:34:23.941  +2598.896s  VIEW     B/AR vs AR/BLD-AR-Curtain Mullions-vs-BLD-AR-Curtain Panels  Clash1226  FAILED, it was added without its hidden state, so it would show every discipline
09:34:23.941  +2598.897s  VIEW     B/AR vs AR/BLD-AR-Curtain Mullions-vs-BLD-AR-Curtain Panels  Clash1227  FAILED, it was added without its hidden state, so it would show every discipline
09:34:23.941  +2598.898s  VIEW     B/AR vs AR/BLD-AR-Curtain Mullions-vs-BLD-AR-Curtain Panels  Clash1228  FAILED, it was added without its hidden state, so it would show every discipline
09:34:23.941  +2598.898s  VIEW     B/AR vs AR/BLD-AR-Curtain Mullions-vs-BLD-AR-Curtain Panels  Clash1229  FAILED, it was added without its hidden state, so it would show every discipline
09:34:23.943  +2598.899s  VIEW     B/AR vs AR/BLD-AR-Curtain Mullions-vs-BLD-AR-Curtain Panels  Clash1230  FAILED, it was added without its hidden state, so it would show every discipline
09:34:23.944  +2598.900s  VIEW     B/AR vs AR/BLD-AR-Curtain Mullions-vs-BLD-AR-Curtain Panels  Clash1231  FAILED, it was added without its hidden state, so it would show every discipline
09:34:23.945  +2598.901s  VIEW     B/AR vs AR/BLD-AR-Curtain Mullions-vs-BLD-AR-Curtain Panels  Clash1232  FAILED, it was added without its hidden state, so it would show every discipline
09:34:23.945  +2598.901s  VIEW     B/AR vs AR/BLD-AR-Curtain Mullions-vs-BLD-AR-Curtain Panels  Clash1233  FAILED, it was added without its hidden state, so it would show every discipline
09:34:23.947  +2598.902s  VIEW     B/AR vs AR/BLD-AR-Curtain Mullions-vs-BLD-AR-Curtain Panels  Clash1234  FAILED, it was added without its hidden state, so it would show every discipline
09:34:23.948  +2598.903s  VIEW     B/AR vs AR/BLD-AR-Curtain Mullions-vs-BLD-AR-Curtain Panels  Clash1235  FAILED, it was added without its hidden state, so it would show every discipline
09:34:23.948  +2598.904s  VIEW     B/AR vs AR/BLD-AR-Curtain Mullions-vs-BLD-AR-Curtain Panels  Clash1236  FAILED, it was added without its hidden state, so it would show every discipline
09:34:23.948  +2598.904s  VIEW     B/AR vs AR/BLD-AR-Curtain Mullions-vs-BLD-AR-Curtain Panels  Clash1237  FAILED, it was added without its hidden state, so it would show every discipline
09:34:23.950  +2598.905s  VIEW     B/AR vs AR/BLD-AR-Curtain Mullions-vs-BLD-AR-Curtain Panels  Clash1238  FAILED, it was added without its hidden state, so it would show every discipline
09:34:23.951  +2598.906s  VIEW     B/AR vs AR/BLD-AR-Curtain Mullions-vs-BLD-AR-Curtain Panels  Clash1239  FAILED, it was added without its hidden state, so it would show every discipline
09:34:23.951  +2598.907s  VIEW     B/AR vs AR/BLD-AR-Curtain Mullions-vs-BLD-AR-Curtain Panels  Clash1240  FAILED, it was added without its hidden state, so it would show every discipline
09:34:23.951  +2598.907s  VIEW     B/AR vs AR/BLD-AR-Curtain Mullions-vs-BLD-AR-Curtain Panels  Clash1241  FAILED, it was added without its hidden state, so it would show every discipline
09:34:23.951  +2598.908s  VIEW     B/AR vs AR/BLD-AR-Curtain Mullions-vs-BLD-AR-Curtain Panels  Clash1242  FAILED, it was added without its hidden state, so it would show every discipline
09:34:23.951  +2598.909s  VIEW     B/AR vs AR/BLD-AR-Curtain Mullions-vs-BLD-AR-Curtain Panels  Clash1243  FAILED, it was added without its hidden state, so it would show every discipline
09:34:23.951  +2598.910s  VIEW     B/AR vs AR/BLD-AR-Curtain Mullions-vs-BLD-AR-Curtain Panels  Clash1244  FAILED, it was added without its hidden state, so it would show every discipline
09:34:23.951  +2598.910s  VIEW     B/AR vs AR/BLD-AR-Curtain Mullions-vs-BLD-AR-Curtain Panels  Clash1245  FAILED, it was added without its hidden state, so it would show every discipline
09:34:23.951  +2598.911s  VIEW     B/AR vs AR/BLD-AR-Curtain Mullions-vs-BLD-AR-Curtain Panels  Clash1246  FAILED, it was added without its hidden state, so it would show every discipline
09:34:23.951  +2598.912s  VIEW     B/AR vs AR/BLD-AR-Curtain Mullions-vs-BLD-AR-Curtain Panels  Clash1247  FAILED, it was added without its hidden state, so it would show every discipline
09:34:23.951  +2598.913s  VIEW     B/AR vs AR/BLD-AR-Curtain Mullions-vs-BLD-AR-Curtain Panels  Clash1248  FAILED, it was added without its hidden state, so it would show every discipline
09:34:23.951  +2598.913s  VIEW     B/AR vs AR/BLD-AR-Curtain Mullions-vs-BLD-AR-Curtain Panels  Clash1249  FAILED, it was added without its hidden state, so it would show every discipline
09:34:23.951  +2598.914s  VIEW     B/AR vs AR/BLD-AR-Curtain Mullions-vs-BLD-AR-Curtain Panels  Clash1250  FAILED, it was added without its hidden state, so it would show every discipline
09:34:23.951  +2598.915s  VIEW     B/AR vs AR/BLD-AR-Curtain Mullions-vs-BLD-AR-Curtain Panels  Clash1251  FAILED, it was added without its hidden state, so it would show every discipline
09:34:23.951  +2598.915s  VIEW     B/AR vs AR/BLD-AR-Curtain Mullions-vs-BLD-AR-Curtain Panels  Clash1252  FAILED, it was added without its hidden state, so it would show every discipline
09:34:23.951  +2598.916s  VIEW     B/AR vs AR/BLD-AR-Curtain Mullions-vs-BLD-AR-Curtain Panels  Clash1253  FAILED, it was added without its hidden state, so it would show every discipline
09:34:23.951  +2598.917s  VIEW     B/AR vs AR/BLD-AR-Curtain Mullions-vs-BLD-AR-Curtain Panels  Clash1254  FAILED, it was added without its hidden state, so it would show every discipline
09:34:23.951  +2598.918s  VIEW     B/AR vs AR/BLD-AR-Curtain Mullions-vs-BLD-AR-Curtain Panels  Clash1255  FAILED, it was added without its hidden state, so it would show every discipline
09:34:23.951  +2598.918s  VIEW     B/AR vs AR/BLD-AR-Curtain Mullions-vs-BLD-AR-Curtain Panels  Clash1256  FAILED, it was added without its hidden state, so it would show every discipline
09:34:23.964  +2598.919s  VIEW     B/AR vs AR/BLD-AR-Curtain Mullions-vs-BLD-AR-Curtain Panels  Clash1257  FAILED, it was added without its hidden state, so it would show every discipline
09:34:23.965  +2598.920s  VIEW     B/AR vs AR/BLD-AR-Curtain Mullions-vs-BLD-AR-Curtain Panels  Clash1258  FAILED, it was added without its hidden state, so it would show every discipline
09:34:23.965  +2598.920s  VIEW     B/AR vs AR/BLD-AR-Curtain Mullions-vs-BLD-AR-Curtain Panels  Clash1259  FAILED, it was added without its hidden state, so it would show every discipline
09:34:23.965  +2598.921s  VIEW     B/AR vs AR/BLD-AR-Curtain Mullions-vs-BLD-AR-Curtain Panels  Clash1260  FAILED, it was added without its hidden state, so it would show every discipline
09:34:23.965  +2598.922s  VIEW     B/AR vs AR/BLD-AR-Curtain Mullions-vs-BLD-AR-Curtain Panels  Clash1261  FAILED, it was added without its hidden state, so it would show every discipline
09:34:23.965  +2598.923s  VIEW     B/AR vs AR/BLD-AR-Curtain Mullions-vs-BLD-AR-Curtain Panels  Clash1262  FAILED, it was added without its hidden state, so it would show every discipline
09:34:23.965  +2598.923s  VIEW     B/AR vs AR/BLD-AR-Curtain Mullions-vs-BLD-AR-Curtain Panels  Clash1263  FAILED, it was added without its hidden state, so it would show every discipline
09:34:23.965  +2598.924s  VIEW     B/AR vs AR/BLD-AR-Curtain Mullions-vs-BLD-AR-Curtain Panels  Clash1264  FAILED, it was added without its hidden state, so it would show every discipline
09:34:23.965  +2598.925s  VIEW     B/AR vs AR/BLD-AR-Curtain Mullions-vs-BLD-AR-Curtain Panels  Clash1265  FAILED, it was added without its hidden state, so it would show every discipline
09:34:23.965  +2598.926s  VIEW     B/AR vs AR/BLD-AR-Curtain Mullions-vs-BLD-AR-Curtain Panels  Clash1266  FAILED, it was added without its hidden state, so it would show every discipline
09:34:23.965  +2598.926s  VIEW     B/AR vs AR/BLD-AR-Curtain Mullions-vs-BLD-AR-Curtain Panels  Clash1267  FAILED, it was added without its hidden state, so it would show every discipline
09:34:23.965  +2598.927s  VIEW     B/AR vs AR/BLD-AR-Curtain Mullions-vs-BLD-AR-Curtain Panels  Clash1268  FAILED, it was added without its hidden state, so it would show every discipline
09:34:23.965  +2598.928s  VIEW     B/AR vs AR/BLD-AR-Curtain Mullions-vs-BLD-AR-Curtain Panels  Clash1269  FAILED, it was added without its hidden state, so it would show every discipline
09:34:23.965  +2598.929s  VIEW     B/AR vs AR/BLD-AR-Curtain Mullions-vs-BLD-AR-Curtain Panels  Clash1270  FAILED, it was added without its hidden state, so it would show every discipline
09:34:23.965  +2598.929s  VIEW     B/AR vs AR/BLD-AR-Curtain Mullions-vs-BLD-AR-Curtain Panels  Clash1271  FAILED, it was added without its hidden state, so it would show every discipline
09:34:23.965  +2598.930s  VIEW     B/AR vs AR/BLD-AR-Curtain Mullions-vs-BLD-AR-Curtain Panels  Clash1272  FAILED, it was added without its hidden state, so it would show every discipline
09:34:23.965  +2598.931s  VIEW     B/AR vs AR/BLD-AR-Curtain Mullions-vs-BLD-AR-Curtain Panels  Clash1273  FAILED, it was added without its hidden state, so it would show every discipline
09:34:23.965  +2598.932s  VIEW     B/AR vs AR/BLD-AR-Curtain Mullions-vs-BLD-AR-Curtain Panels  Clash1274  FAILED, it was added without its hidden state, so it would show every discipline
09:34:23.965  +2598.932s  VIEW     B/AR vs AR/BLD-AR-Curtain Mullions-vs-BLD-AR-Curtain Panels  Clash1275  FAILED, it was added without its hidden state, so it would show every discipline
09:34:23.965  +2598.933s  VIEW     B/AR vs AR/BLD-AR-Curtain Mullions-vs-BLD-AR-Curtain Panels  Clash1276  FAILED, it was added without its hidden state, so it would show every discipline
09:34:23.965  +2598.934s  VIEW     B/AR vs AR/BLD-AR-Curtain Mullions-vs-BLD-AR-Curtain Panels  Clash1277  FAILED, it was added without its hidden state, so it would show every discipline
09:34:23.965  +2598.935s  VIEW     B/AR vs AR/BLD-AR-Curtain Mullions-vs-BLD-AR-Curtain Panels  Clash1278  FAILED, it was added without its hidden state, so it would show every discipline
09:34:23.965  +2598.935s  VIEW     B/AR vs AR/BLD-AR-Curtain Mullions-vs-BLD-AR-Curtain Panels  Clash1279  FAILED, it was added without its hidden state, so it would show every discipline
09:34:23.981  +2598.936s  VIEW     B/AR vs AR/BLD-AR-Curtain Mullions-vs-BLD-AR-Curtain Panels  Clash1280  FAILED, it was added without its hidden state, so it would show every discipline
09:34:23.981  +2598.937s  VIEW     B/AR vs AR/BLD-AR-Curtain Mullions-vs-BLD-AR-Curtain Panels  Clash1281  FAILED, it was added without its hidden state, so it would show every discipline
09:34:23.981  +2598.938s  VIEW     B/AR vs AR/BLD-AR-Curtain Mullions-vs-BLD-AR-Curtain Panels  Clash1282  FAILED, it was added without its hidden state, so it would show every discipline
09:34:23.981  +2598.938s  VIEW     B/AR vs AR/BLD-AR-Curtain Mullions-vs-BLD-AR-Curtain Panels  Clash1283  FAILED, it was added without its hidden state, so it would show every discipline
09:34:23.981  +2598.939s  VIEW     B/AR vs AR/BLD-AR-Curtain Mullions-vs-BLD-AR-Curtain Panels  Clash1284  FAILED, it was added without its hidden state, so it would show every discipline
09:34:23.981  +2598.940s  VIEW     B/AR vs AR/BLD-AR-Curtain Mullions-vs-BLD-AR-Curtain Panels  Clash1285  FAILED, it was added without its hidden state, so it would show every discipline
09:34:23.981  +2598.941s  VIEW     B/AR vs AR/BLD-AR-Curtain Mullions-vs-BLD-AR-Curtain Panels  Clash1286  FAILED, it was added without its hidden state, so it would show every discipline
09:34:23.981  +2598.941s  VIEW     B/AR vs AR/BLD-AR-Curtain Mullions-vs-BLD-AR-Curtain Panels  Clash1287  FAILED, it was added without its hidden state, so it would show every discipline
09:34:23.981  +2598.942s  VIEW     B/AR vs AR/BLD-AR-Curtain Mullions-vs-BLD-AR-Curtain Panels  Clash1288  FAILED, it was added without its hidden state, so it would show every discipline
09:34:23.981  +2598.943s  VIEW     B/AR vs AR/BLD-AR-Curtain Mullions-vs-BLD-AR-Curtain Panels  Clash1289  FAILED, it was added without its hidden state, so it would show every discipline
09:34:23.981  +2598.944s  VIEW     B/AR vs AR/BLD-AR-Curtain Mullions-vs-BLD-AR-Curtain Panels  Clash1290  FAILED, it was added without its hidden state, so it would show every discipline
09:34:23.981  +2598.944s  VIEW     B/AR vs AR/BLD-AR-Curtain Mullions-vs-BLD-AR-Curtain Panels  Clash1291  FAILED, it was added without its hidden state, so it would show every discipline
09:34:23.981  +2598.945s  VIEW     B/AR vs AR/BLD-AR-Curtain Mullions-vs-BLD-AR-Curtain Panels  Clash1292  FAILED, it was added without its hidden state, so it would show every discipline
09:34:23.981  +2598.946s  VIEW     B/AR vs AR/BLD-AR-Curtain Mullions-vs-BLD-AR-Curtain Panels  Clash1293  FAILED, it was added without its hidden state, so it would show every discipline
09:34:23.991  +2598.946s  VIEW     B/AR vs AR/BLD-AR-Curtain Mullions-vs-BLD-AR-Curtain Panels  Clash1294  FAILED, it was added without its hidden state, so it would show every discipline
09:34:23.992  +2598.947s  VIEW     B/AR vs AR/BLD-AR-Curtain Mullions-vs-BLD-AR-Curtain Panels  Clash1295  FAILED, it was added without its hidden state, so it would show every discipline
09:34:23.992  +2598.948s  VIEW     B/AR vs AR/BLD-AR-Curtain Mullions-vs-BLD-AR-Curtain Panels  Clash1296  FAILED, it was added without its hidden state, so it would show every discipline
09:34:23.993  +2598.949s  VIEW     B/AR vs AR/BLD-AR-Curtain Mullions-vs-BLD-AR-Curtain Panels  Clash1297  FAILED, it was added without its hidden state, so it would show every discipline
09:34:23.993  +2598.949s  VIEW     B/AR vs AR/BLD-AR-Curtain Mullions-vs-BLD-AR-Curtain Panels  Clash1298  FAILED, it was added without its hidden state, so it would show every discipline
09:34:23.993  +2598.950s  VIEW     B/AR vs AR/BLD-AR-Curtain Mullions-vs-BLD-AR-Curtain Panels  Clash1299  FAILED, it was added without its hidden state, so it would show every discipline
09:34:23.993  +2598.951s  VIEW     B/AR vs AR/BLD-AR-Curtain Mullions-vs-BLD-AR-Curtain Panels  Clash1300  FAILED, it was added without its hidden state, so it would show every discipline
09:34:23.993  +2598.952s  VIEW     B/AR vs AR/BLD-AR-Curtain Mullions-vs-BLD-AR-Curtain Panels  Clash1301  FAILED, it was added without its hidden state, so it would show every discipline
09:34:23.993  +2598.952s  VIEW     B/AR vs AR/BLD-AR-Curtain Mullions-vs-BLD-AR-Curtain Panels  Clash1302  FAILED, it was added without its hidden state, so it would show every discipline
09:34:23.998  +2598.953s  VIEW     B/AR vs AR/BLD-AR-Curtain Mullions-vs-BLD-AR-Curtain Panels  Clash1303  FAILED, it was added without its hidden state, so it would show every discipline
09:34:23.998  +2598.954s  VIEW     B/AR vs AR/BLD-AR-Curtain Mullions-vs-BLD-AR-Curtain Panels  Clash1304  FAILED, it was added without its hidden state, so it would show every discipline
09:34:23.998  +2598.955s  VIEW     B/AR vs AR/BLD-AR-Curtain Mullions-vs-BLD-AR-Curtain Panels  Clash1305  FAILED, it was added without its hidden state, so it would show every discipline
09:34:23.998  +2598.956s  VIEW     B/AR vs AR/BLD-AR-Curtain Mullions-vs-BLD-AR-Curtain Panels  Clash1306  FAILED, it was added without its hidden state, so it would show every discipline
09:34:23.998  +2598.956s  VIEW     B/AR vs AR/BLD-AR-Curtain Mullions-vs-BLD-AR-Curtain Panels  Clash1307  FAILED, it was added without its hidden state, so it would show every discipline
09:34:23.998  +2598.957s  VIEW     B/AR vs AR/BLD-AR-Curtain Mullions-vs-BLD-AR-Curtain Panels  Clash1308  FAILED, it was added without its hidden state, so it would show every discipline
09:34:23.998  +2598.958s  VIEW     B/AR vs AR/BLD-AR-Curtain Mullions-vs-BLD-AR-Curtain Panels  Clash1309  FAILED, it was added without its hidden state, so it would show every discipline
09:34:23.998  +2598.959s  VIEW     B/AR vs AR/BLD-AR-Curtain Mullions-vs-BLD-AR-Curtain Panels  Clash1310  FAILED, it was added without its hidden state, so it would show every discipline
09:34:23.998  +2598.959s  VIEW     B/AR vs AR/BLD-AR-Curtain Mullions-vs-BLD-AR-Curtain Panels  Clash1311  FAILED, it was added without its hidden state, so it would show every discipline
09:34:23.998  +2598.960s  VIEW     B/AR vs AR/BLD-AR-Curtain Mullions-vs-BLD-AR-Curtain Panels  Clash1312  FAILED, it was added without its hidden state, so it would show every discipline
09:34:23.998  +2598.961s  VIEW     B/AR vs AR/BLD-AR-Curtain Mullions-vs-BLD-AR-Curtain Panels  Clash1313  FAILED, it was added without its hidden state, so it would show every discipline
09:34:23.998  +2598.961s  VIEW     B/AR vs AR/BLD-AR-Curtain Mullions-vs-BLD-AR-Curtain Panels  Clash1314  FAILED, it was added without its hidden state, so it would show every discipline
09:34:23.998  +2598.962s  VIEW     B/AR vs AR/BLD-AR-Curtain Mullions-vs-BLD-AR-Curtain Panels  Clash1315  FAILED, it was added without its hidden state, so it would show every discipline
09:34:23.998  +2598.963s  VIEW     B/AR vs AR/BLD-AR-Curtain Mullions-vs-BLD-AR-Curtain Panels  Clash1316  FAILED, it was added without its hidden state, so it would show every discipline
09:34:23.998  +2598.964s  VIEW     B/AR vs AR/BLD-AR-Curtain Mullions-vs-BLD-AR-Curtain Panels  Clash1317  FAILED, it was added without its hidden state, so it would show every discipline
09:34:23.998  +2598.964s  VIEW     B/AR vs AR/BLD-AR-Curtain Mullions-vs-BLD-AR-Curtain Panels  Clash1318  FAILED, it was added without its hidden state, so it would show every discipline
09:34:23.998  +2598.965s  VIEW     B/AR vs AR/BLD-AR-Curtain Mullions-vs-BLD-AR-Curtain Panels  Clash1319  FAILED, it was added without its hidden state, so it would show every discipline
09:34:23.998  +2598.966s  VIEW     B/AR vs AR/BLD-AR-Curtain Mullions-vs-BLD-AR-Curtain Panels  Clash1320  FAILED, it was added without its hidden state, so it would show every discipline
09:34:23.998  +2598.967s  VIEW     B/AR vs AR/BLD-AR-Curtain Mullions-vs-BLD-AR-Curtain Panels  Clash1321  FAILED, it was added without its hidden state, so it would show every discipline
09:34:23.998  +2598.967s  VIEW     B/AR vs AR/BLD-AR-Curtain Mullions-vs-BLD-AR-Curtain Panels  Clash1322  FAILED, it was added without its hidden state, so it would show every discipline
09:34:23.998  +2598.968s  VIEW     B/AR vs AR/BLD-AR-Curtain Mullions-vs-BLD-AR-Curtain Panels  Clash1323  FAILED, it was added without its hidden state, so it would show every discipline
09:34:24.014  +2598.969s  VIEW     B/AR vs AR/BLD-AR-Curtain Mullions-vs-BLD-AR-Curtain Panels  Clash1324  FAILED, it was added without its hidden state, so it would show every discipline
09:34:24.015  +2598.970s  VIEW     B/AR vs AR/BLD-AR-Curtain Mullions-vs-BLD-AR-Curtain Panels  Clash1325  FAILED, it was added without its hidden state, so it would show every discipline
09:34:24.015  +2598.970s  VIEW     B/AR vs AR/BLD-AR-Curtain Mullions-vs-BLD-AR-Curtain Panels  Clash1326  FAILED, it was added without its hidden state, so it would show every discipline
09:34:24.015  +2598.971s  VIEW     B/AR vs AR/BLD-AR-Curtain Mullions-vs-BLD-AR-Curtain Panels  Clash1327  FAILED, it was added without its hidden state, so it would show every discipline
09:34:24.015  +2598.972s  VIEW     B/AR vs AR/BLD-AR-Curtain Mullions-vs-BLD-AR-Curtain Panels  Clash1328  FAILED, it was added without its hidden state, so it would show every discipline
09:34:24.015  +2598.973s  VIEW     B/AR vs AR/BLD-AR-Curtain Mullions-vs-BLD-AR-Curtain Panels  Clash1329  FAILED, it was added without its hidden state, so it would show every discipline
09:34:24.015  +2598.973s  VIEW     B/AR vs AR/BLD-AR-Curtain Mullions-vs-BLD-AR-Curtain Panels  Clash1330  FAILED, it was added without its hidden state, so it would show every discipline
09:34:24.015  +2598.974s  VIEW     B/AR vs AR/BLD-AR-Curtain Mullions-vs-BLD-AR-Curtain Panels  Clash1331  FAILED, it was added without its hidden state, so it would show every discipline
09:34:24.015  +2598.975s  VIEW     B/AR vs AR/BLD-AR-Curtain Mullions-vs-BLD-AR-Curtain Panels  Clash1332  FAILED, it was added without its hidden state, so it would show every discipline
09:34:24.015  +2598.976s  VIEW     B/AR vs AR/BLD-AR-Curtain Mullions-vs-BLD-AR-Curtain Panels  Clash1333  FAILED, it was added without its hidden state, so it would show every discipline
09:34:24.015  +2598.976s  VIEW     B/AR vs AR/BLD-AR-Curtain Mullions-vs-BLD-AR-Curtain Panels  Clash1334  FAILED, it was added without its hidden state, so it would show every discipline
09:34:24.015  +2598.977s  VIEW     B/AR vs AR/BLD-AR-Curtain Mullions-vs-BLD-AR-Curtain Panels  Clash1335  FAILED, it was added without its hidden state, so it would show every discipline
09:34:24.015  +2598.978s  VIEW     B/AR vs AR/BLD-AR-Curtain Mullions-vs-BLD-AR-Curtain Panels  Clash1336  FAILED, it was added without its hidden state, so it would show every discipline
09:34:24.015  +2598.979s  VIEW     B/AR vs AR/BLD-AR-Curtain Mullions-vs-BLD-AR-Curtain Panels  Clash1337  FAILED, it was added without its hidden state, so it would show every discipline
09:34:24.015  +2598.979s  VIEW     B/AR vs AR/BLD-AR-Curtain Mullions-vs-BLD-AR-Curtain Panels  Clash1338  FAILED, it was added without its hidden state, so it would show every discipline
09:34:24.015  +2598.980s  VIEW     B/AR vs AR/BLD-AR-Curtain Mullions-vs-BLD-AR-Curtain Panels  Clash1339  FAILED, it was added without its hidden state, so it would show every discipline
09:34:24.015  +2598.981s  VIEW     B/AR vs AR/BLD-AR-Curtain Mullions-vs-BLD-AR-Curtain Panels  Clash1340  FAILED, it was added without its hidden state, so it would show every discipline
09:34:24.015  +2598.982s  VIEW     B/AR vs AR/BLD-AR-Curtain Mullions-vs-BLD-AR-Curtain Panels  Clash1341  FAILED, it was added without its hidden state, so it would show every discipline
09:34:24.027  +2598.982s  VIEW     B/AR vs AR/BLD-AR-Curtain Mullions-vs-BLD-AR-Curtain Panels  Clash1342  FAILED, it was added without its hidden state, so it would show every discipline
09:34:24.027  +2598.983s  VIEW     B/AR vs AR/BLD-AR-Curtain Mullions-vs-BLD-AR-Curtain Panels  Clash1343  FAILED, it was added without its hidden state, so it would show every discipline
09:34:24.027  +2598.984s  VIEW     B/AR vs AR/BLD-AR-Curtain Mullions-vs-BLD-AR-Curtain Panels  Clash1344  FAILED, it was added without its hidden state, so it would show every discipline
09:34:24.027  +2598.985s  VIEW     B/AR vs AR/BLD-AR-Curtain Mullions-vs-BLD-AR-Curtain Panels  Clash1345  FAILED, it was added without its hidden state, so it would show every discipline
09:34:24.027  +2598.985s  VIEW     B/AR vs AR/BLD-AR-Curtain Mullions-vs-BLD-AR-Curtain Panels  Clash1346  FAILED, it was added without its hidden state, so it would show every discipline
09:34:24.031  +2598.986s  VIEW     B/AR vs AR/BLD-AR-Curtain Mullions-vs-BLD-AR-Curtain Panels  Clash1347  FAILED, it was added without its hidden state, so it would show every discipline
09:34:24.031  +2598.987s  VIEW     B/AR vs AR/BLD-AR-Curtain Mullions-vs-BLD-AR-Curtain Panels  Clash1348  FAILED, it was added without its hidden state, so it would show every discipline
09:34:24.034  +2598.989s  VIEW     B/AR vs AR/BLD-AR-Curtain Mullions-vs-BLD-AR-Curtain Panels  Clash1349  FAILED, it was added without its hidden state, so it would show every discipline
09:34:24.035  +2598.990s  VIEW     B/AR vs AR/BLD-AR-Curtain Mullions-vs-BLD-AR-Curtain Panels  Clash1350  FAILED, it was added without its hidden state, so it would show every discipline
09:34:24.036  +2598.991s  VIEW     B/AR vs AR/BLD-AR-Curtain Mullions-vs-BLD-AR-Curtain Panels  Clash1351  FAILED, it was added without its hidden state, so it would show every discipline
09:34:24.036  +2598.992s  VIEW     B/AR vs AR/BLD-AR-Curtain Mullions-vs-BLD-AR-Curtain Panels  Clash1352  FAILED, it was added without its hidden state, so it would show every discipline
09:34:24.036  +2598.993s  VIEW     B/AR vs AR/BLD-AR-Curtain Mullions-vs-BLD-AR-Curtain Panels  Clash1353  FAILED, it was added without its hidden state, so it would show every discipline
09:34:24.036  +2598.993s  VIEW     B/AR vs AR/BLD-AR-Curtain Mullions-vs-BLD-AR-Curtain Panels  Clash1354  FAILED, it was added without its hidden state, so it would show every discipline
09:34:24.036  +2598.994s  VIEW     B/AR vs AR/BLD-AR-Curtain Mullions-vs-BLD-AR-Curtain Panels  Clash1355  FAILED, it was added without its hidden state, so it would show every discipline
09:34:24.036  +2598.995s  VIEW     B/AR vs AR/BLD-AR-Curtain Mullions-vs-BLD-AR-Curtain Panels  Clash1356  FAILED, it was added without its hidden state, so it would show every discipline
09:34:24.036  +2598.996s  VIEW     B/AR vs AR/BLD-AR-Curtain Mullions-vs-BLD-AR-Curtain Panels  Clash1357  FAILED, it was added without its hidden state, so it would show every discipline
09:34:24.036  +2598.996s  VIEW     B/AR vs AR/BLD-AR-Curtain Mullions-vs-BLD-AR-Curtain Panels  Clash1358  FAILED, it was added without its hidden state, so it would show every discipline
09:34:24.036  +2598.997s  VIEW     B/AR vs AR/BLD-AR-Curtain Mullions-vs-BLD-AR-Curtain Panels  Clash1359  FAILED, it was added without its hidden state, so it would show every discipline
09:34:24.036  +2598.998s  VIEW     B/AR vs AR/BLD-AR-Curtain Mullions-vs-BLD-AR-Curtain Panels  Clash1360  FAILED, it was added without its hidden state, so it would show every discipline
09:34:24.036  +2598.999s  VIEW     B/AR vs AR/BLD-AR-Curtain Mullions-vs-BLD-AR-Curtain Panels  Clash1361  FAILED, it was added without its hidden state, so it would show every discipline
09:34:24.044  +2598.999s  VIEW     B/AR vs AR/BLD-AR-Curtain Mullions-vs-BLD-AR-Curtain Panels  Clash1362  FAILED, it was added without its hidden state, so it would show every discipline
09:34:24.044  +2599.000s  VIEW     B/AR vs AR/BLD-AR-Curtain Mullions-vs-BLD-AR-Curtain Panels  Clash1363  FAILED, it was added without its hidden state, so it would show every discipline
09:34:24.044  +2599.001s  VIEW     B/AR vs AR/BLD-AR-Curtain Mullions-vs-BLD-AR-Curtain Panels  Clash1364  FAILED, it was added without its hidden state, so it would show every discipline
09:34:24.044  +2599.002s  VIEW     B/AR vs AR/BLD-AR-Curtain Mullions-vs-BLD-AR-Curtain Panels  Clash1365  FAILED, it was added without its hidden state, so it would show every discipline
09:34:24.047  +2599.002s  VIEW     B/AR vs AR/BLD-AR-Curtain Mullions-vs-BLD-AR-Curtain Panels  Clash1366  FAILED, it was added without its hidden state, so it would show every discipline
09:34:24.048  +2599.003s  VIEW     B/AR vs AR/BLD-AR-Curtain Mullions-vs-BLD-AR-Curtain Panels  Clash1367  FAILED, it was added without its hidden state, so it would show every discipline
09:34:24.048  +2599.004s  VIEW     B/AR vs AR/BLD-AR-Curtain Mullions-vs-BLD-AR-Curtain Panels  Clash1368  FAILED, it was added without its hidden state, so it would show every discipline
09:34:24.048  +2599.005s  VIEW     B/AR vs AR/BLD-AR-Curtain Mullions-vs-BLD-AR-Curtain Panels  Clash1369  FAILED, it was added without its hidden state, so it would show every discipline
09:34:24.048  +2599.006s  VIEW     B/AR vs AR/BLD-AR-Curtain Mullions-vs-BLD-AR-Curtain Panels  Clash1370  FAILED, it was added without its hidden state, so it would show every discipline
09:34:24.048  +2599.006s  VIEW     B/AR vs AR/BLD-AR-Curtain Mullions-vs-BLD-AR-Curtain Panels  Clash1371  FAILED, it was added without its hidden state, so it would show every discipline
09:34:24.048  +2599.007s  VIEW     B/AR vs AR/BLD-AR-Curtain Mullions-vs-BLD-AR-Curtain Panels  Clash1372  FAILED, it was added without its hidden state, so it would show every discipline
09:34:24.048  +2599.008s  VIEW     B/AR vs AR/BLD-AR-Curtain Mullions-vs-BLD-AR-Curtain Panels  Clash1373  FAILED, it was added without its hidden state, so it would show every discipline
09:34:24.048  +2599.009s  VIEW     B/AR vs AR/BLD-AR-Curtain Mullions-vs-BLD-AR-Curtain Panels  Clash1374  FAILED, it was added without its hidden state, so it would show every discipline
09:34:24.048  +2599.009s  VIEW     B/AR vs AR/BLD-AR-Curtain Mullions-vs-BLD-AR-Curtain Panels  Clash1375  FAILED, it was added without its hidden state, so it would show every discipline
09:34:24.048  +2599.010s  VIEW     B/AR vs AR/BLD-AR-Curtain Mullions-vs-BLD-AR-Curtain Panels  Clash1376  FAILED, it was added without its hidden state, so it would show every discipline
09:34:24.048  +2599.011s  VIEW     B/AR vs AR/BLD-AR-Curtain Mullions-vs-BLD-AR-Curtain Panels  Clash1377  FAILED, it was added without its hidden state, so it would show every discipline
09:34:24.048  +2599.012s  VIEW     B/AR vs AR/BLD-AR-Curtain Mullions-vs-BLD-AR-Curtain Panels  Clash1378  FAILED, it was added without its hidden state, so it would show every discipline
09:34:24.048  +2599.012s  VIEW     B/AR vs AR/BLD-AR-Curtain Mullions-vs-BLD-AR-Curtain Panels  Clash1379  FAILED, it was added without its hidden state, so it would show every discipline
09:34:24.048  +2599.013s  VIEW     B/AR vs AR/BLD-AR-Curtain Mullions-vs-BLD-AR-Curtain Panels  Clash1380  FAILED, it was added without its hidden state, so it would show every discipline
09:34:24.048  +2599.014s  VIEW     B/AR vs AR/BLD-AR-Curtain Mullions-vs-BLD-AR-Curtain Panels  Clash1381  FAILED, it was added without its hidden state, so it would show every discipline
09:34:24.048  +2599.014s  VIEW     B/AR vs AR/BLD-AR-Curtain Mullions-vs-BLD-AR-Curtain Panels  Clash1382  FAILED, it was added without its hidden state, so it would show every discipline
09:34:24.048  +2599.015s  VIEW     B/AR vs AR/BLD-AR-Curtain Mullions-vs-BLD-AR-Curtain Panels  Clash1383  FAILED, it was added without its hidden state, so it would show every discipline
09:34:24.048  +2599.016s  VIEW     B/AR vs AR/BLD-AR-Curtain Mullions-vs-BLD-AR-Curtain Panels  Clash1384  FAILED, it was added without its hidden state, so it would show every discipline
09:34:24.048  +2599.017s  VIEW     B/AR vs AR/BLD-AR-Curtain Mullions-vs-BLD-AR-Curtain Panels  Clash1385  FAILED, it was added without its hidden state, so it would show every discipline
09:34:24.048  +2599.017s  VIEW     B/AR vs AR/BLD-AR-Curtain Mullions-vs-BLD-AR-Curtain Panels  Clash1386  FAILED, it was added without its hidden state, so it would show every discipline
09:34:24.048  +2599.018s  VIEW     B/AR vs AR/BLD-AR-Curtain Mullions-vs-BLD-AR-Curtain Panels  Clash1387  FAILED, it was added without its hidden state, so it would show every discipline
09:34:24.064  +2599.019s  VIEW     B/AR vs AR/BLD-AR-Curtain Mullions-vs-BLD-AR-Curtain Panels  Clash1388  FAILED, it was added without its hidden state, so it would show every discipline
09:34:24.065  +2599.020s  VIEW     B/AR vs AR/BLD-AR-Curtain Mullions-vs-BLD-AR-Curtain Panels  Clash1389  FAILED, it was added without its hidden state, so it would show every discipline
09:34:24.065  +2599.020s  VIEW     B/AR vs AR/BLD-AR-Curtain Mullions-vs-BLD-AR-Curtain Panels  Clash1390  FAILED, it was added without its hidden state, so it would show every discipline
09:34:24.065  +2599.021s  VIEW     B/AR vs AR/BLD-AR-Curtain Mullions-vs-BLD-AR-Curtain Panels  Clash1391  FAILED, it was added without its hidden state, so it would show every discipline
09:34:24.065  +2599.022s  VIEW     B/AR vs AR/BLD-AR-Curtain Mullions-vs-BLD-AR-Curtain Panels  Clash1392  FAILED, it was added without its hidden state, so it would show every discipline
09:34:24.065  +2599.023s  VIEW     B/AR vs AR/BLD-AR-Curtain Mullions-vs-BLD-AR-Curtain Panels  Clash1393  FAILED, it was added without its hidden state, so it would show every discipline
09:34:24.065  +2599.023s  VIEW     B/AR vs AR/BLD-AR-Curtain Mullions-vs-BLD-AR-Curtain Panels  Clash1394  FAILED, it was added without its hidden state, so it would show every discipline
09:34:24.065  +2599.024s  VIEW     B/AR vs AR/BLD-AR-Curtain Mullions-vs-BLD-AR-Curtain Panels  Clash1395  FAILED, it was added without its hidden state, so it would show every discipline
09:34:24.065  +2599.025s  VIEW     B/AR vs AR/BLD-AR-Curtain Mullions-vs-BLD-AR-Curtain Panels  Clash1396  FAILED, it was added without its hidden state, so it would show every discipline
09:34:24.065  +2599.026s  VIEW     B/AR vs AR/BLD-AR-Curtain Mullions-vs-BLD-AR-Curtain Panels  Clash1397  FAILED, it was added without its hidden state, so it would show every discipline
09:34:24.065  +2599.026s  VIEW     B/AR vs AR/BLD-AR-Curtain Mullions-vs-BLD-AR-Curtain Panels  Clash1398  FAILED, it was added without its hidden state, so it would show every discipline
09:34:24.065  +2599.027s  VIEW     B/AR vs AR/BLD-AR-Curtain Mullions-vs-BLD-AR-Curtain Panels  Clash1399  FAILED, it was added without its hidden state, so it would show every discipline
09:34:24.065  +2599.028s  VIEW     B/AR vs AR/BLD-AR-Curtain Mullions-vs-BLD-AR-Curtain Panels  Clash1400  FAILED, it was added without its hidden state, so it would show every discipline
09:34:24.065  +2599.029s  VIEW     B/AR vs AR/BLD-AR-Curtain Mullions-vs-BLD-AR-Curtain Panels  Clash1401  FAILED, it was added without its hidden state, so it would show every discipline
09:34:24.065  +2599.029s  VIEW     B/AR vs AR/BLD-AR-Curtain Mullions-vs-BLD-AR-Curtain Panels  Clash1402  FAILED, it was added without its hidden state, so it would show every discipline
09:34:24.065  +2599.030s  VIEW     B/AR vs AR/BLD-AR-Curtain Mullions-vs-BLD-AR-Curtain Panels  Clash1403  FAILED, it was added without its hidden state, so it would show every discipline
09:34:24.065  +2599.031s  VIEW     B/AR vs AR/BLD-AR-Curtain Mullions-vs-BLD-AR-Curtain Panels  Clash1404  FAILED, it was added without its hidden state, so it would show every discipline
09:34:24.065  +2599.032s  VIEW     B/AR vs AR/BLD-AR-Curtain Mullions-vs-BLD-AR-Curtain Panels  Clash1405  FAILED, it was added without its hidden state, so it would show every discipline
09:34:24.065  +2599.032s  VIEW     B/AR vs AR/BLD-AR-Curtain Mullions-vs-BLD-AR-Curtain Panels  Clash1406  FAILED, it was added without its hidden state, so it would show every discipline
09:34:24.065  +2599.033s  VIEW     B/AR vs AR/BLD-AR-Doors-vs-BLD-AR-Floors  Clash1  FAILED, it was added without its hidden state, so it would show every discipline
09:34:24.065  +2599.034s  VIEW     B/AR vs AR/BLD-AR-Doors-vs-BLD-AR-Walls  Clash1  FAILED, it was added without its hidden state, so it would show every discipline
09:34:24.065  +2599.035s  VIEW     B/AR vs AR/BLD-AR-Doors-vs-BLD-AR-Walls  Clash2  FAILED, it was added without its hidden state, so it would show every discipline
09:34:24.065  +2599.035s  VIEW     B/AR vs AR/BLD-AR-Doors-vs-BLD-AR-Walls  Clash3  FAILED, it was added without its hidden state, so it would show every discipline
09:34:24.081  +2599.036s  VIEW     B/AR vs AR/BLD-AR-Doors-vs-BLD-AR-Walls  Clash4  FAILED, it was added without its hidden state, so it would show every discipline
09:34:24.081  +2599.038s  VIEW     B/AR vs AR/BLD-AR-Doors-vs-BLD-AR-Walls  Clash5  FAILED, it was added without its hidden state, so it would show every discipline
09:34:24.081  +2599.039s  VIEW     B/AR vs AR/BLD-AR-Doors-vs-BLD-AR-Walls  Clash6  FAILED, it was added without its hidden state, so it would show every discipline
09:34:24.081  +2599.040s  VIEW     B/AR vs AR/BLD-AR-Doors-vs-BLD-AR-Walls  Clash7  FAILED, it was added without its hidden state, so it would show every discipline
09:34:24.081  +2599.041s  VIEW     B/AR vs AR/BLD-AR-Doors-vs-BLD-AR-Walls  Clash8  FAILED, it was added without its hidden state, so it would show every discipline
09:34:24.081  +2599.042s  VIEW     B/AR vs AR/BLD-AR-Doors-vs-BLD-AR-Walls  Clash9  FAILED, it was added without its hidden state, so it would show every discipline
09:34:24.081  +2599.042s  VIEW     B/AR vs AR/BLD-AR-Doors-vs-BLD-AR-Walls  Clash10  FAILED, it was added without its hidden state, so it would show every discipline
09:34:24.088  +2599.043s  VIEW     B/AR vs AR/BLD-AR-Doors-vs-BLD-AR-Walls  Clash11  FAILED, it was added without its hidden state, so it would show every discipline
09:34:24.088  +2599.044s  VIEW     B/AR vs AR/BLD-AR-Doors-vs-BLD-AR-Walls  Clash12  FAILED, it was added without its hidden state, so it would show every discipline
09:34:24.088  +2599.045s  VIEW     B/AR vs AR/BLD-AR-Doors-vs-BLD-AR-Walls  Clash13  FAILED, it was added without its hidden state, so it would show every discipline
09:34:24.088  +2599.046s  VIEW     B/AR vs AR/BLD-AR-Doors-vs-BLD-AR-Walls  Clash14  FAILED, it was added without its hidden state, so it would show every discipline
09:34:24.091  +2599.047s  VIEW     B/AR vs AR/BLD-AR-Doors-vs-BLD-AR-Walls  Clash15  FAILED, it was added without its hidden state, so it would show every discipline
09:34:24.091  +2599.048s  VIEW     B/AR vs AR/BLD-AR-Doors-vs-BLD-AR-Walls  Clash16  FAILED, it was added without its hidden state, so it would show every discipline
09:34:24.093  +2599.049s  VIEW     B/AR vs AR/BLD-AR-Doors-vs-BLD-AR-Walls  Clash17  FAILED, it was added without its hidden state, so it would show every discipline
09:34:24.093  +2599.050s  VIEW     B/AR vs AR/BLD-AR-Doors-vs-BLD-AR-Walls  Clash18  FAILED, it was added without its hidden state, so it would show every discipline
09:34:24.093  +2599.051s  VIEW     B/AR vs AR/BLD-AR-Doors-vs-BLD-AR-Walls  Clash19  FAILED, it was added without its hidden state, so it would show every discipline
09:34:24.093  +2599.052s  VIEW     B/AR vs AR/BLD-AR-Doors-vs-BLD-AR-Walls  Clash20  FAILED, it was added without its hidden state, so it would show every discipline
09:34:24.098  +2599.053s  VIEW     B/AR vs AR/BLD-AR-Doors-vs-BLD-AR-Walls  Clash21  FAILED, it was added without its hidden state, so it would show every discipline
09:34:24.098  +2599.054s  VIEW     B/AR vs AR/BLD-AR-Doors-vs-BLD-AR-Walls  Clash22  FAILED, it was added without its hidden state, so it would show every discipline
09:34:24.098  +2599.055s  VIEW     B/AR vs AR/BLD-AR-Doors-vs-BLD-AR-Walls  Clash23  FAILED, it was added without its hidden state, so it would show every discipline
09:34:24.098  +2599.056s  VIEW     B/AR vs AR/BLD-AR-Doors-vs-BLD-AR-Walls  Clash24  FAILED, it was added without its hidden state, so it would show every discipline
09:34:24.098  +2599.057s  VIEW     B/AR vs AR/BLD-AR-Doors-vs-BLD-AR-Walls  Clash25  FAILED, it was added without its hidden state, so it would show every discipline
09:34:24.098  +2599.058s  VIEW     B/AR vs AR/BLD-AR-Doors-vs-BLD-AR-Walls  Clash26  FAILED, it was added without its hidden state, so it would show every discipline
09:34:24.098  +2599.059s  VIEW     B/AR vs AR/BLD-AR-Doors-vs-BLD-AR-Walls  Clash27  FAILED, it was added without its hidden state, so it would show every discipline
09:34:24.098  +2599.060s  VIEW     B/AR vs AR/BLD-AR-Doors-vs-BLD-AR-Walls  Clash28  FAILED, it was added without its hidden state, so it would show every discipline
09:34:24.098  +2599.061s  VIEW     C/AR vs AR/BLD-AR-Furniture-vs-BLD-AR-Walls  Clash1  FAILED, it was added without its hidden state, so it would show every discipline
09:34:24.098  +2599.062s  VIEW     A/AR vs ST/BLD-ST-Columns-vs-BLD-AR-Floors  Clash1  FAILED, it was added without its hidden state, so it would show every discipline
09:34:24.098  +2599.063s  VIEW     A/AR vs ST/BLD-ST-Columns-vs-BLD-AR-Floors  Clash2  FAILED, it was added without its hidden state, so it would show every discipline
09:34:24.098  +2599.064s  VIEW     A/AR vs ST/BLD-ST-Columns-vs-BLD-AR-Floors  Clash3  FAILED, it was added without its hidden state, so it would show every discipline
09:34:24.098  +2599.065s  VIEW     A/AR vs ST/BLD-ST-Columns-vs-BLD-AR-Walls  Clash1  FAILED, it was added without its hidden state, so it would show every discipline
09:34:24.098  +2599.067s  VIEW     A/AR vs ST/BLD-ST-Columns-vs-BLD-AR-Walls  Clash2  FAILED, it was added without its hidden state, so it would show every discipline
09:34:24.098  +2599.068s  VIEW     A/AR vs ST/BLD-ST-Columns-vs-BLD-AR-Curtain Panels  Clash1  FAILED, it was added without its hidden state, so it would show every discipline
09:34:24.098  +2599.068s  VIEW     A/AR vs ST/BLD-ST-Columns-vs-BLD-AR-Curtain Panels  Clash2  FAILED, it was added without its hidden state, so it would show every discipline
09:34:24.114  +2599.069s  VIEW     A/AR vs ST/BLD-ST-Columns-vs-BLD-AR-Curtain Panels  Clash3  FAILED, it was added without its hidden state, so it would show every discipline
09:34:24.115  +2599.070s  VIEW     A/AR vs ST/BLD-ST-Columns-vs-BLD-AR-Curtain Panels  Clash4  FAILED, it was added without its hidden state, so it would show every discipline
09:34:24.115  +2599.070s  VIEW     A/AR vs ST/BLD-ST-Columns-vs-BLD-AR-Curtain Panels  Clash5  FAILED, it was added without its hidden state, so it would show every discipline
09:34:24.115  +2599.071s  VIEW     A/AR vs ST/BLD-ST-Columns-vs-BLD-AR-Curtain Panels  Clash6  FAILED, it was added without its hidden state, so it would show every discipline
09:34:24.115  +2599.072s  VIEW     A/AR vs ST/BLD-ST-Columns-vs-BLD-AR-Curtain Panels  Clash7  FAILED, it was added without its hidden state, so it would show every discipline
09:34:24.115  +2599.072s  VIEW     A/AR vs ST/BLD-ST-Columns-vs-BLD-AR-Curtain Panels  Clash8  FAILED, it was added without its hidden state, so it would show every discipline
09:34:24.115  +2599.073s  VIEW     A/AR vs ST/BLD-ST-Columns-vs-BLD-AR-Curtain Panels  Clash9  FAILED, it was added without its hidden state, so it would show every discipline
09:34:24.115  +2599.074s  VIEW     A/AR vs ST/BLD-ST-Columns-vs-BLD-AR-Curtain Panels  Clash10  FAILED, it was added without its hidden state, so it would show every discipline
09:34:24.115  +2599.074s  VIEW     A/AR vs ST/BLD-ST-Columns-vs-BLD-AR-Curtain Panels  Clash11  FAILED, it was added without its hidden state, so it would show every discipline
09:34:24.115  +2599.075s  VIEW     A/AR vs ST/BLD-ST-Columns-vs-BLD-AR-Curtain Panels  Clash12  FAILED, it was added without its hidden state, so it would show every discipline
09:34:24.115  +2599.076s  VIEW     A/AR vs ST/BLD-ST-Columns-vs-BLD-AR-Curtain Mullions  Clash1  FAILED, it was added without its hidden state, so it would show every discipline
09:34:24.115  +2599.077s  VIEW     A/AR vs ST/BLD-ST-Columns-vs-BLD-AR-Curtain Mullions  Clash2  FAILED, it was added without its hidden state, so it would show every discipline
09:34:24.115  +2599.077s  VIEW     A/AR vs ST/BLD-ST-Columns-vs-BLD-AR-Curtain Mullions  Clash3  FAILED, it was added without its hidden state, so it would show every discipline
09:34:24.115  +2599.078s  VIEW     A/AR vs ST/BLD-ST-Columns-vs-BLD-AR-Curtain Mullions  Clash4  FAILED, it was added without its hidden state, so it would show every discipline
09:34:24.115  +2599.079s  VIEW     A/AR vs ST/BLD-ST-Framing-vs-BLD-AR-Floors  Clash1  FAILED, it was added without its hidden state, so it would show every discipline
09:34:24.115  +2599.080s  VIEW     A/AR vs ST/BLD-ST-Framing-vs-BLD-AR-Walls  Clash1  FAILED, it was added without its hidden state, so it would show every discipline
09:34:24.115  +2599.080s  VIEW     A/AR vs ST/BLD-ST-Framing-vs-BLD-AR-Curtain Panels  Clash1  FAILED, it was added without its hidden state, so it would show every discipline
09:34:24.115  +2599.081s  VIEW     A/AR vs ST/BLD-ST-Framing-vs-BLD-AR-Curtain Panels  Clash2  FAILED, it was added without its hidden state, so it would show every discipline
09:34:24.115  +2599.082s  VIEW     A/AR vs ST/BLD-ST-Framing-vs-BLD-AR-Curtain Panels  Clash3  FAILED, it was added without its hidden state, so it would show every discipline
09:34:24.127  +2599.083s  VIEW     A/AR vs ST/BLD-ST-Framing-vs-BLD-AR-Curtain Panels  Clash4  FAILED, it was added without its hidden state, so it would show every discipline
09:34:24.127  +2599.083s  VIEW     A/AR vs ST/BLD-ST-Framing-vs-BLD-AR-Curtain Panels  Clash5  FAILED, it was added without its hidden state, so it would show every discipline
09:34:24.127  +2599.084s  VIEW     A/AR vs ST/BLD-ST-Framing-vs-BLD-AR-Curtain Panels  Clash6  FAILED, it was added without its hidden state, so it would show every discipline
09:34:24.127  +2599.085s  VIEW     A/AR vs ST/BLD-ST-Framing-vs-BLD-AR-Curtain Panels  Clash7  FAILED, it was added without its hidden state, so it would show every discipline
09:34:24.131  +2599.086s  VIEW     A/AR vs ST/BLD-ST-Framing-vs-BLD-AR-Curtain Panels  Clash8  FAILED, it was added without its hidden state, so it would show every discipline
09:34:24.131  +2599.086s  VIEW     A/AR vs ST/BLD-ST-Framing-vs-BLD-AR-Curtain Panels  Clash9  FAILED, it was added without its hidden state, so it would show every discipline
09:34:24.131  +2599.087s  VIEW     A/AR vs ST/BLD-ST-Framing-vs-BLD-AR-Curtain Panels  Clash10  FAILED, it was added without its hidden state, so it would show every discipline
09:34:24.131  +2599.088s  VIEW     A/AR vs ST/BLD-ST-Framing-vs-BLD-AR-Curtain Panels  Clash11  FAILED, it was added without its hidden state, so it would show every discipline
09:34:24.131  +2599.089s  VIEW     A/AR vs ST/BLD-ST-Framing-vs-BLD-AR-Curtain Panels  Clash12  FAILED, it was added without its hidden state, so it would show every discipline
09:34:24.131  +2599.090s  VIEW     A/AR vs ST/BLD-ST-Framing-vs-BLD-AR-Curtain Panels  Clash13  FAILED, it was added without its hidden state, so it would show every discipline
09:34:24.131  +2599.090s  VIEW     A/AR vs ST/BLD-ST-Framing-vs-BLD-AR-Curtain Panels  Clash14  FAILED, it was added without its hidden state, so it would show every discipline
09:34:24.131  +2599.091s  VIEW     A/AR vs ST/BLD-ST-Framing-vs-BLD-AR-Curtain Panels  Clash15  FAILED, it was added without its hidden state, so it would show every discipline
09:34:24.131  +2599.092s  VIEW     A/AR vs ST/BLD-ST-Framing-vs-BLD-AR-Curtain Panels  Clash16  FAILED, it was added without its hidden state, so it would show every discipline
09:34:24.131  +2599.092s  VIEW     A/AR vs ST/BLD-ST-Framing-vs-BLD-AR-Curtain Panels  Clash17  FAILED, it was added without its hidden state, so it would show every discipline
09:34:24.131  +2599.093s  VIEW     A/AR vs ST/BLD-ST-Framing-vs-BLD-AR-Curtain Panels  Clash18  FAILED, it was added without its hidden state, so it would show every discipline
09:34:24.131  +2599.094s  VIEW     A/AR vs ST/BLD-ST-Framing-vs-BLD-AR-Curtain Panels  Clash19  FAILED, it was added without its hidden state, so it would show every discipline
09:34:24.131  +2599.095s  VIEW     A/AR vs ST/BLD-ST-Framing-vs-BLD-AR-Curtain Panels  Clash20  FAILED, it was added without its hidden state, so it would show every discipline
09:34:24.131  +2599.095s  VIEW     A/AR vs ST/BLD-ST-Framing-vs-BLD-AR-Curtain Panels  Clash21  FAILED, it was added without its hidden state, so it would show every discipline
09:34:24.131  +2599.096s  VIEW     A/AR vs ST/BLD-ST-Framing-vs-BLD-AR-Curtain Panels  Clash22  FAILED, it was added without its hidden state, so it would show every discipline
09:34:24.131  +2599.097s  VIEW     A/AR vs ST/BLD-ST-Framing-vs-BLD-AR-Curtain Panels  Clash23  FAILED, it was added without its hidden state, so it would show every discipline
09:34:24.131  +2599.098s  VIEW     A/AR vs ST/BLD-ST-Framing-vs-BLD-AR-Curtain Panels  Clash24  FAILED, it was added without its hidden state, so it would show every discipline
09:34:24.131  +2599.098s  VIEW     A/AR vs ST/BLD-ST-Framing-vs-BLD-AR-Curtain Panels  Clash25  FAILED, it was added without its hidden state, so it would show every discipline
09:34:24.143  +2599.099s  VIEW     A/AR vs ST/BLD-ST-Framing-vs-BLD-AR-Curtain Panels  Clash26  FAILED, it was added without its hidden state, so it would show every discipline
09:34:24.143  +2599.100s  VIEW     A/AR vs ST/BLD-ST-Framing-vs-BLD-AR-Curtain Panels  Clash27  FAILED, it was added without its hidden state, so it would show every discipline
09:34:24.143  +2599.101s  VIEW     A/AR vs ST/BLD-ST-Framing-vs-BLD-AR-Curtain Panels  Clash28  FAILED, it was added without its hidden state, so it would show every discipline
09:34:24.143  +2599.101s  VIEW     A/AR vs ST/BLD-ST-Framing-vs-BLD-AR-Curtain Panels  Clash29  FAILED, it was added without its hidden state, so it would show every discipline
09:34:24.147  +2599.102s  VIEW     A/AR vs ST/BLD-ST-Framing-vs-BLD-AR-Curtain Panels  Clash30  FAILED, it was added without its hidden state, so it would show every discipline
09:34:24.148  +2599.103s  VIEW     A/AR vs ST/BLD-ST-Framing-vs-BLD-AR-Curtain Panels  Clash31  FAILED, it was added without its hidden state, so it would show every discipline
09:34:24.148  +2599.104s  VIEW     A/AR vs ST/BLD-ST-Framing-vs-BLD-AR-Curtain Panels  Clash32  FAILED, it was added without its hidden state, so it would show every discipline
09:34:24.148  +2599.104s  VIEW     A/AR vs ST/BLD-ST-Framing-vs-BLD-AR-Curtain Panels  Clash33  FAILED, it was added without its hidden state, so it would show every discipline
09:34:24.148  +2599.105s  VIEW     A/AR vs ST/BLD-ST-Framing-vs-BLD-AR-Curtain Panels  Clash34  FAILED, it was added without its hidden state, so it would show every discipline
09:34:24.148  +2599.106s  VIEW     A/AR vs ST/BLD-ST-Framing-vs-BLD-AR-Curtain Panels  Clash35  FAILED, it was added without its hidden state, so it would show every discipline
09:34:24.148  +2599.107s  VIEW     A/AR vs ST/BLD-ST-Framing-vs-BLD-AR-Curtain Panels  Clash36  FAILED, it was added without its hidden state, so it would show every discipline
09:34:24.148  +2599.107s  VIEW     A/AR vs ST/BLD-ST-Framing-vs-BLD-AR-Curtain Panels  Clash37  FAILED, it was added without its hidden state, so it would show every discipline
09:34:24.148  +2599.108s  VIEW     A/AR vs ST/BLD-ST-Framing-vs-BLD-AR-Curtain Panels  Clash38  FAILED, it was added without its hidden state, so it would show every discipline
09:34:24.148  +2599.109s  VIEW     A/AR vs ST/BLD-ST-Framing-vs-BLD-AR-Curtain Panels  Clash39  FAILED, it was added without its hidden state, so it would show every discipline
09:34:24.148  +2599.110s  VIEW     A/AR vs ST/BLD-ST-Framing-vs-BLD-AR-Curtain Panels  Clash40  FAILED, it was added without its hidden state, so it would show every discipline
09:34:24.148  +2599.110s  VIEW     A/AR vs ST/BLD-ST-Framing-vs-BLD-AR-Curtain Panels  Clash41  FAILED, it was added without its hidden state, so it would show every discipline
09:34:24.148  +2599.111s  VIEW     A/AR vs ST/BLD-ST-Framing-vs-BLD-AR-Curtain Panels  Clash42  FAILED, it was added without its hidden state, so it would show every discipline
09:34:24.148  +2599.112s  VIEW     A/AR vs ST/BLD-ST-Framing-vs-BLD-AR-Curtain Panels  Clash43  FAILED, it was added without its hidden state, so it would show every discipline
09:34:24.148  +2599.113s  VIEW     A/AR vs ST/BLD-ST-Framing-vs-BLD-AR-Curtain Panels  Clash44  FAILED, it was added without its hidden state, so it would show every discipline
09:34:24.148  +2599.113s  VIEW     A/AR vs ST/BLD-ST-Framing-vs-BLD-AR-Curtain Panels  Clash45  FAILED, it was added without its hidden state, so it would show every discipline
09:34:24.148  +2599.114s  VIEW     A/AR vs ST/BLD-ST-Framing-vs-BLD-AR-Curtain Panels  Clash46  FAILED, it was added without its hidden state, so it would show every discipline
09:34:24.148  +2599.115s  VIEW     A/AR vs ST/BLD-ST-Framing-vs-BLD-AR-Curtain Panels  Clash47  FAILED, it was added without its hidden state, so it would show every discipline
09:34:24.148  +2599.116s  VIEW     A/AR vs ST/BLD-ST-Framing-vs-BLD-AR-Curtain Panels  Clash48  FAILED, it was added without its hidden state, so it would show every discipline
09:34:24.148  +2599.116s  VIEW     A/AR vs ST/BLD-ST-Framing-vs-BLD-AR-Curtain Panels  Clash49  FAILED, it was added without its hidden state, so it would show every discipline
09:34:24.148  +2599.117s  VIEW     A/AR vs ST/BLD-ST-Framing-vs-BLD-AR-Curtain Panels  Clash50  FAILED, it was added without its hidden state, so it would show every discipline
09:34:24.148  +2599.118s  VIEW     A/AR vs ST/BLD-ST-Framing-vs-BLD-AR-Curtain Panels  Clash51  FAILED, it was added without its hidden state, so it would show every discipline
09:34:24.163  +2599.119s  VIEW     A/AR vs ST/BLD-ST-Framing-vs-BLD-AR-Curtain Panels  Clash52  FAILED, it was added without its hidden state, so it would show every discipline
09:34:24.163  +2599.119s  VIEW     A/AR vs ST/BLD-ST-Framing-vs-BLD-AR-Curtain Panels  Clash53  FAILED, it was added without its hidden state, so it would show every discipline
09:34:24.165  +2599.120s  VIEW     A/AR vs ST/BLD-ST-Framing-vs-BLD-AR-Curtain Panels  Clash54  FAILED, it was added without its hidden state, so it would show every discipline
09:34:24.165  +2599.121s  VIEW     A/AR vs ST/BLD-ST-Framing-vs-BLD-AR-Curtain Panels  Clash55  FAILED, it was added without its hidden state, so it would show every discipline
09:34:24.165  +2599.122s  VIEW     A/AR vs ST/BLD-ST-Framing-vs-BLD-AR-Curtain Panels  Clash56  FAILED, it was added without its hidden state, so it would show every discipline
09:34:24.165  +2599.123s  VIEW     A/AR vs ST/BLD-ST-Framing-vs-BLD-AR-Curtain Panels  Clash57  FAILED, it was added without its hidden state, so it would show every discipline
09:34:24.165  +2599.123s  VIEW     A/AR vs ST/BLD-ST-Framing-vs-BLD-AR-Curtain Panels  Clash58  FAILED, it was added without its hidden state, so it would show every discipline
09:34:24.165  +2599.124s  VIEW     A/AR vs ST/BLD-ST-Framing-vs-BLD-AR-Curtain Panels  Clash59  FAILED, it was added without its hidden state, so it would show every discipline
09:34:24.165  +2599.125s  VIEW     A/AR vs ST/BLD-ST-Framing-vs-BLD-AR-Curtain Panels  Clash60  FAILED, it was added without its hidden state, so it would show every discipline
09:34:24.165  +2599.126s  VIEW     A/AR vs ST/BLD-ST-Framing-vs-BLD-AR-Curtain Panels  Clash61  FAILED, it was added without its hidden state, so it would show every discipline
09:34:24.165  +2599.126s  VIEW     A/AR vs ST/BLD-ST-Framing-vs-BLD-AR-Curtain Panels  Clash62  FAILED, it was added without its hidden state, so it would show every discipline
09:34:24.165  +2599.127s  VIEW     A/AR vs ST/BLD-ST-Framing-vs-BLD-AR-Curtain Panels  Clash63  FAILED, it was added without its hidden state, so it would show every discipline
09:34:24.165  +2599.128s  VIEW     A/AR vs ST/BLD-ST-Framing-vs-BLD-AR-Curtain Panels  Clash64  FAILED, it was added without its hidden state, so it would show every discipline
09:34:24.165  +2599.129s  VIEW     A/AR vs ST/BLD-ST-Framing-vs-BLD-AR-Curtain Panels  Clash65  FAILED, it was added without its hidden state, so it would show every discipline
09:34:24.165  +2599.129s  VIEW     A/AR vs ST/BLD-ST-Framing-vs-BLD-AR-Curtain Panels  Clash66  FAILED, it was added without its hidden state, so it would show every discipline
09:34:24.165  +2599.130s  VIEW     A/AR vs ST/BLD-ST-Framing-vs-BLD-AR-Curtain Panels  Clash67  FAILED, it was added without its hidden state, so it would show every discipline
09:34:24.165  +2599.131s  VIEW     A/AR vs ST/BLD-ST-Framing-vs-BLD-AR-Curtain Panels  Clash68  FAILED, it was added without its hidden state, so it would show every discipline
09:34:24.165  +2599.132s  VIEW     A/AR vs ST/BLD-ST-Framing-vs-BLD-AR-Curtain Panels  Clash69  FAILED, it was added without its hidden state, so it would show every discipline
09:34:24.165  +2599.132s  VIEW     A/AR vs ST/BLD-ST-Framing-vs-BLD-AR-Curtain Panels  Clash70  FAILED, it was added without its hidden state, so it would show every discipline
09:34:24.165  +2599.133s  VIEW     A/AR vs ST/BLD-ST-Framing-vs-BLD-AR-Curtain Panels  Clash71  FAILED, it was added without its hidden state, so it would show every discipline
09:34:24.165  +2599.134s  VIEW     A/AR vs ST/BLD-ST-Framing-vs-BLD-AR-Curtain Panels  Clash72  FAILED, it was added without its hidden state, so it would show every discipline
09:34:24.165  +2599.135s  VIEW     A/AR vs ST/BLD-ST-Framing-vs-BLD-AR-Curtain Panels  Clash73  FAILED, it was added without its hidden state, so it would show every discipline
09:34:24.180  +2599.135s  VIEW     A/AR vs ST/BLD-ST-Framing-vs-BLD-AR-Curtain Panels  Clash74  FAILED, it was added without its hidden state, so it would show every discipline
09:34:24.180  +2599.136s  VIEW     A/AR vs ST/BLD-ST-Framing-vs-BLD-AR-Curtain Panels  Clash75  FAILED, it was added without its hidden state, so it would show every discipline
09:34:24.181  +2599.137s  VIEW     A/AR vs ST/BLD-ST-Framing-vs-BLD-AR-Curtain Panels  Clash76  FAILED, it was added without its hidden state, so it would show every discipline
09:34:24.181  +2599.138s  VIEW     A/AR vs ST/BLD-ST-Framing-vs-BLD-AR-Curtain Panels  Clash77  FAILED, it was added without its hidden state, so it would show every discipline
09:34:24.181  +2599.138s  VIEW     A/AR vs ST/BLD-ST-Framing-vs-BLD-AR-Curtain Panels  Clash78  FAILED, it was added without its hidden state, so it would show every discipline
09:34:24.181  +2599.139s  VIEW     A/AR vs ST/BLD-ST-Framing-vs-BLD-AR-Curtain Panels  Clash79  FAILED, it was added without its hidden state, so it would show every discipline
09:34:24.181  +2599.140s  VIEW     A/AR vs ST/BLD-ST-Framing-vs-BLD-AR-Curtain Panels  Clash80  FAILED, it was added without its hidden state, so it would show every discipline
09:34:24.181  +2599.141s  VIEW     A/AR vs ST/BLD-ST-Framing-vs-BLD-AR-Curtain Panels  Clash81  FAILED, it was added without its hidden state, so it would show every discipline
09:34:24.181  +2599.141s  VIEW     A/AR vs ST/BLD-ST-Framing-vs-BLD-AR-Curtain Mullions  Clash1  FAILED, it was added without its hidden state, so it would show every discipline
09:34:24.181  +2599.142s  VIEW     A/AR vs ST/BLD-ST-Framing-vs-BLD-AR-Curtain Mullions  Clash2  FAILED, it was added without its hidden state, so it would show every discipline
09:34:24.181  +2599.143s  VIEW     A/AR vs ST/BLD-ST-Framing-vs-BLD-AR-Curtain Mullions  Clash3  FAILED, it was added without its hidden state, so it would show every discipline
09:34:24.181  +2599.144s  VIEW     A/AR vs ST/BLD-ST-Framing-vs-BLD-AR-Curtain Mullions  Clash4  FAILED, it was added without its hidden state, so it would show every discipline
09:34:24.181  +2599.144s  VIEW     A/AR vs ST/BLD-ST-Framing-vs-BLD-AR-Curtain Mullions  Clash5  FAILED, it was added without its hidden state, so it would show every discipline
09:34:24.181  +2599.145s  VIEW     A/AR vs ST/BLD-ST-Framing-vs-BLD-AR-Curtain Mullions  Clash6  FAILED, it was added without its hidden state, so it would show every discipline
09:34:24.181  +2599.146s  VIEW     A/AR vs ST/BLD-ST-Framing-vs-BLD-AR-Curtain Mullions  Clash7  FAILED, it was added without its hidden state, so it would show every discipline
09:34:24.191  +2599.147s  VIEW     A/AR vs ST/BLD-ST-Framing-vs-BLD-AR-Curtain Mullions  Clash8  FAILED, it was added without its hidden state, so it would show every discipline
09:34:24.191  +2599.147s  VIEW     A/AR vs ST/BLD-ST-Framing-vs-BLD-AR-Curtain Mullions  Clash9  FAILED, it was added without its hidden state, so it would show every discipline
09:34:24.193  +2599.148s  VIEW     A/AR vs ST/BLD-ST-Framing-vs-BLD-AR-Curtain Mullions  Clash10  FAILED, it was added without its hidden state, so it would show every discipline
09:34:24.193  +2599.149s  VIEW     A/AR vs ST/BLD-ST-Framing-vs-BLD-AR-Curtain Mullions  Clash11  FAILED, it was added without its hidden state, so it would show every discipline
09:34:24.193  +2599.149s  VIEW     A/AR vs ST/BLD-ST-Framing-vs-BLD-AR-Curtain Mullions  Clash12  FAILED, it was added without its hidden state, so it would show every discipline
09:34:24.194  +2599.150s  VIEW     A/AR vs ST/BLD-ST-Framing-vs-BLD-AR-Curtain Mullions  Clash13  FAILED, it was added without its hidden state, so it would show every discipline
09:34:24.194  +2599.151s  VIEW     A/AR vs ST/BLD-ST-Framing-vs-BLD-AR-Curtain Mullions  Clash14  FAILED, it was added without its hidden state, so it would show every discipline
09:34:24.194  +2599.152s  VIEW     A/AR vs ST/BLD-ST-Framing-vs-BLD-AR-Curtain Mullions  Clash15  FAILED, it was added without its hidden state, so it would show every discipline
09:34:24.197  +2599.152s  VIEW     A/AR vs ST/BLD-ST-Framing-vs-BLD-AR-Curtain Mullions  Clash16  FAILED, it was added without its hidden state, so it would show every discipline
09:34:24.198  +2599.153s  VIEW     A/AR vs ST/BLD-ST-Framing-vs-BLD-AR-Curtain Mullions  Clash17  FAILED, it was added without its hidden state, so it would show every discipline
09:34:24.198  +2599.154s  VIEW     A/AR vs ST/BLD-ST-Framing-vs-BLD-AR-Curtain Mullions  Clash18  FAILED, it was added without its hidden state, so it would show every discipline
09:34:24.198  +2599.155s  VIEW     A/AR vs ST/BLD-ST-Framing-vs-BLD-AR-Curtain Mullions  Clash19  FAILED, it was added without its hidden state, so it would show every discipline
09:34:24.198  +2599.155s  VIEW     A/AR vs ST/BLD-ST-Framing-vs-BLD-AR-Curtain Mullions  Clash20  FAILED, it was added without its hidden state, so it would show every discipline
09:34:24.198  +2599.156s  VIEW     A/AR vs ST/BLD-ST-Framing-vs-BLD-AR-Curtain Mullions  Clash21  FAILED, it was added without its hidden state, so it would show every discipline
09:34:24.198  +2599.156s  VIEW     A/AR vs ST/BLD-ST-Framing-vs-BLD-AR-Curtain Mullions  Clash22  FAILED, it was added without its hidden state, so it would show every discipline
09:34:24.198  +2599.157s  VIEW     A/AR vs ST/BLD-ST-Framing-vs-BLD-AR-Curtain Mullions  Clash23  FAILED, it was added without its hidden state, so it would show every discipline
09:34:24.198  +2599.158s  VIEW     A/AR vs ST/BLD-ST-Framing-vs-BLD-AR-Curtain Mullions  Clash24  FAILED, it was added without its hidden state, so it would show every discipline
09:34:24.198  +2599.158s  VIEW     A/AR vs ST/BLD-ST-Framing-vs-BLD-AR-Curtain Mullions  Clash25  FAILED, it was added without its hidden state, so it would show every discipline
09:34:24.198  +2599.159s  VIEW     A/AR vs ST/BLD-ST-Framing-vs-BLD-AR-Curtain Mullions  Clash26  FAILED, it was added without its hidden state, so it would show every discipline
09:34:24.198  +2599.160s  VIEW     A/AR vs ST/BLD-ST-Framing-vs-BLD-AR-Curtain Mullions  Clash27  FAILED, it was added without its hidden state, so it would show every discipline
09:34:24.198  +2599.160s  VIEW     A/AR vs ST/BLD-ST-Framing-vs-BLD-AR-Curtain Mullions  Clash28  FAILED, it was added without its hidden state, so it would show every discipline
09:34:24.198  +2599.161s  VIEW     A/AR vs ST/BLD-ST-Framing-vs-BLD-AR-Curtain Mullions  Clash29  FAILED, it was added without its hidden state, so it would show every discipline
09:34:24.198  +2599.162s  VIEW     A/AR vs ST/BLD-ST-Framing-vs-BLD-AR-Curtain Mullions  Clash30  FAILED, it was added without its hidden state, so it would show every discipline
09:34:24.198  +2599.162s  VIEW     A/AR vs ST/BLD-ST-Framing-vs-BLD-AR-Curtain Mullions  Clash31  FAILED, it was added without its hidden state, so it would show every discipline
09:34:24.198  +2599.163s  VIEW     A/AR vs ST/BLD-ST-Framing-vs-BLD-AR-Curtain Mullions  Clash32  FAILED, it was added without its hidden state, so it would show every discipline
09:34:24.198  +2599.164s  VIEW     A/AR vs ST/BLD-ST-Framing-vs-BLD-AR-Curtain Mullions  Clash33  FAILED, it was added without its hidden state, so it would show every discipline
09:34:24.198  +2599.164s  VIEW     A/AR vs ST/BLD-ST-Framing-vs-BLD-AR-Curtain Mullions  Clash34  FAILED, it was added without its hidden state, so it would show every discipline
09:34:24.198  +2599.165s  VIEW     A/AR vs ST/BLD-ST-Framing-vs-BLD-AR-Curtain Mullions  Clash35  FAILED, it was added without its hidden state, so it would show every discipline
09:34:24.198  +2599.166s  VIEW     A/AR vs ST/BLD-ST-Framing-vs-BLD-AR-Curtain Mullions  Clash36  FAILED, it was added without its hidden state, so it would show every discipline
09:34:24.198  +2599.167s  VIEW     A/AR vs ST/BLD-ST-Framing-vs-BLD-AR-Curtain Mullions  Clash37  FAILED, it was added without its hidden state, so it would show every discipline
09:34:24.198  +2599.167s  VIEW     A/AR vs ST/BLD-ST-Framing-vs-BLD-AR-Curtain Mullions  Clash38  FAILED, it was added without its hidden state, so it would show every discipline
09:34:24.198  +2599.168s  VIEW     A/AR vs ST/BLD-ST-Framing-vs-BLD-AR-Curtain Mullions  Clash39  FAILED, it was added without its hidden state, so it would show every discipline
09:34:24.214  +2599.169s  VIEW     A/AR vs ST/BLD-ST-Framing-vs-BLD-AR-Curtain Mullions  Clash40  FAILED, it was added without its hidden state, so it would show every discipline
09:34:24.214  +2599.169s  VIEW     A/AR vs ST/BLD-ST-Framing-vs-BLD-AR-Curtain Mullions  Clash41  FAILED, it was added without its hidden state, so it would show every discipline
09:34:24.215  +2599.170s  VIEW     A/AR vs ST/BLD-ST-Framing-vs-BLD-AR-Curtain Mullions  Clash42  FAILED, it was added without its hidden state, so it would show every discipline
09:34:24.215  +2599.171s  VIEW     A/AR vs ST/BLD-ST-Framing-vs-BLD-AR-Curtain Mullions  Clash43  FAILED, it was added without its hidden state, so it would show every discipline
09:34:24.215  +2599.172s  VIEW     A/AR vs ST/BLD-ST-Framing-vs-BLD-AR-Curtain Mullions  Clash44  FAILED, it was added without its hidden state, so it would show every discipline
09:34:24.215  +2599.173s  VIEW     A/AR vs ST/BLD-ST-Framing-vs-BLD-AR-Curtain Mullions  Clash45  FAILED, it was added without its hidden state, so it would show every discipline
09:34:24.215  +2599.173s  VIEW     A/AR vs ST/BLD-ST-Framing-vs-BLD-AR-Curtain Mullions  Clash46  FAILED, it was added without its hidden state, so it would show every discipline
09:34:24.215  +2599.174s  VIEW     A/AR vs ST/BLD-ST-Framing-vs-BLD-AR-Curtain Mullions  Clash47  FAILED, it was added without its hidden state, so it would show every discipline
09:34:24.215  +2599.175s  VIEW     A/AR vs ST/BLD-ST-Framing-vs-BLD-AR-Curtain Mullions  Clash48  FAILED, it was added without its hidden state, so it would show every discipline
09:34:24.215  +2599.175s  VIEW     A/AR vs ST/BLD-ST-Framing-vs-BLD-AR-Curtain Mullions  Clash49  FAILED, it was added without its hidden state, so it would show every discipline
09:34:24.215  +2599.176s  VIEW     A/AR vs ST/BLD-ST-Framing-vs-BLD-AR-Curtain Mullions  Clash50  FAILED, it was added without its hidden state, so it would show every discipline
09:34:24.215  +2599.177s  VIEW     A/AR vs ST/BLD-ST-Framing-vs-BLD-AR-Curtain Mullions  Clash51  FAILED, it was added without its hidden state, so it would show every discipline
09:34:24.215  +2599.177s  VIEW     A/AR vs ST/BLD-ST-Framing-vs-BLD-AR-Curtain Mullions  Clash52  FAILED, it was added without its hidden state, so it would show every discipline
09:34:24.215  +2599.178s  VIEW     A/AR vs ST/BLD-ST-Framing-vs-BLD-AR-Curtain Mullions  Clash53  FAILED, it was added without its hidden state, so it would show every discipline
09:34:24.215  +2599.179s  VIEW     A/AR vs ST/BLD-ST-Framing-vs-BLD-AR-Curtain Mullions  Clash54  FAILED, it was added without its hidden state, so it would show every discipline
09:34:24.215  +2599.179s  VIEW     A/AR vs ST/BLD-ST-Framing-vs-BLD-AR-Curtain Mullions  Clash55  FAILED, it was added without its hidden state, so it would show every discipline
09:34:24.215  +2599.180s  VIEW     A/AR vs ST/BLD-ST-Framing-vs-BLD-AR-Curtain Mullions  Clash56  FAILED, it was added without its hidden state, so it would show every discipline
09:34:24.215  +2599.181s  VIEW     A/AR vs ST/BLD-ST-Framing-vs-BLD-AR-Curtain Mullions  Clash57  FAILED, it was added without its hidden state, so it would show every discipline
09:34:24.215  +2599.181s  VIEW     A/AR vs ST/BLD-ST-Framing-vs-BLD-AR-Curtain Mullions  Clash58  FAILED, it was added without its hidden state, so it would show every discipline
09:34:24.215  +2599.182s  VIEW     A/ST vs ST/BLD-ST-Framing-vs-BLD-ST-Columns  Clash1  FAILED, it was added without its hidden state, so it would show every discipline
09:34:24.230  +2599.186s  VIEW     A/ST vs ST/BLD-ST-Framing-vs-BLD-ST-Columns  Clash2  FAILED, it was added without its hidden state, so it would show every discipline
09:34:24.232  +2599.187s  VIEW     A/ST vs ST/BLD-ST-Framing-vs-BLD-ST-Columns  Clash3  FAILED, it was added without its hidden state, so it would show every discipline
09:34:24.232  +2599.189s  VIEW     A/ST vs ST/BLD-ST-Framing-vs-BLD-ST-Columns  Clash4  FAILED, it was added without its hidden state, so it would show every discipline
09:34:24.232  +2599.189s  VIEW     A/ST vs ST/BLD-ST-Framing-vs-BLD-ST-Columns  Clash5  FAILED, it was added without its hidden state, so it would show every discipline
09:34:24.232  +2599.190s  VIEW     A/ST vs ST/BLD-ST-Framing-vs-BLD-ST-Columns  Clash6  FAILED, it was added without its hidden state, so it would show every discipline
09:34:24.232  +2599.191s  VIEW     A/ST vs ST/BLD-ST-Framing-vs-BLD-ST-Columns  Clash7  FAILED, it was added without its hidden state, so it would show every discipline
09:34:24.232  +2599.191s  VIEW     A/ST vs ST/BLD-ST-Framing-vs-BLD-ST-Columns  Clash8  FAILED, it was added without its hidden state, so it would show every discipline
09:34:24.232  +2599.192s  VIEW     A/ST vs ST/BLD-ST-Framing-vs-BLD-ST-Columns  Clash9  FAILED, it was added without its hidden state, so it would show every discipline
09:34:24.232  +2599.192s  VIEW     A/ST vs ST/BLD-ST-Framing-vs-BLD-ST-Columns  Clash10  FAILED, it was added without its hidden state, so it would show every discipline
09:34:24.232  +2599.193s  VIEW     A/ST vs ST/BLD-ST-Framing-vs-BLD-ST-Columns  Clash11  FAILED, it was added without its hidden state, so it would show every discipline
09:34:24.232  +2599.194s  VIEW     A/ST vs ST/BLD-ST-Framing-vs-BLD-ST-Columns  Clash12  FAILED, it was added without its hidden state, so it would show every discipline
09:34:24.232  +2599.194s  VIEW     A/ST vs ST/BLD-ST-Framing-vs-BLD-ST-Columns  Clash13  FAILED, it was added without its hidden state, so it would show every discipline
09:34:24.232  +2599.195s  VIEW     A/ST vs ST/BLD-ST-Framing-vs-BLD-ST-Columns  Clash14  FAILED, it was added without its hidden state, so it would show every discipline
09:34:24.232  +2599.196s  VIEW     A/ST vs ST/BLD-ST-Framing-vs-BLD-ST-Columns  Clash15  FAILED, it was added without its hidden state, so it would show every discipline
09:34:24.232  +2599.196s  VIEW     A/ST vs ST/BLD-ST-Framing-vs-BLD-ST-Columns  Clash16  FAILED, it was added without its hidden state, so it would show every discipline
09:34:24.232  +2599.197s  VIEW     A/ST vs ST/BLD-ST-Framing-vs-BLD-ST-Columns  Clash17  FAILED, it was added without its hidden state, so it would show every discipline
09:34:24.232  +2599.198s  VIEW     A/ST vs ST/BLD-ST-Framing-vs-BLD-ST-Columns  Clash18  FAILED, it was added without its hidden state, so it would show every discipline
09:34:24.243  +2599.198s  VIEW     A/ST vs ST/BLD-ST-Framing-vs-BLD-ST-Columns  Clash19  FAILED, it was added without its hidden state, so it would show every discipline
09:34:24.243  +2599.199s  VIEW     A/ST vs ST/BLD-ST-Framing-vs-BLD-ST-Columns  Clash20  FAILED, it was added without its hidden state, so it would show every discipline
09:34:24.243  +2599.200s  VIEW     A/ST vs ST/BLD-ST-Framing-vs-BLD-ST-Columns  Clash21  FAILED, it was added without its hidden state, so it would show every discipline
09:34:24.243  +2599.201s  VIEW     A/ST vs ST/BLD-ST-Framing-vs-BLD-ST-Columns  Clash22  FAILED, it was added without its hidden state, so it would show every discipline
09:34:24.243  +2599.201s  VIEW     A/ST vs ST/BLD-ST-Framing-vs-BLD-ST-Columns  Clash23  FAILED, it was added without its hidden state, so it would show every discipline
09:34:24.247  +2599.202s  VIEW     A/ST vs ST/BLD-ST-Framing-vs-BLD-ST-Columns  Clash24  FAILED, it was added without its hidden state, so it would show every discipline
09:34:24.248  +2599.203s  VIEW     A/ST vs ST/BLD-ST-Framing-vs-BLD-ST-Columns  Clash25  FAILED, it was added without its hidden state, so it would show every discipline
09:34:24.248  +2599.204s  VIEW     A/ST vs ST/BLD-ST-Framing-vs-BLD-ST-Columns  Clash26  FAILED, it was added without its hidden state, so it would show every discipline
09:34:24.248  +2599.205s  VIEW     A/ST vs ST/BLD-ST-Framing-vs-BLD-ST-Columns  Clash27  FAILED, it was added without its hidden state, so it would show every discipline
09:34:24.248  +2599.206s  VIEW     A/ST vs ST/BLD-ST-Framing-vs-BLD-ST-Columns  Clash28  FAILED, it was added without its hidden state, so it would show every discipline
09:34:24.248  +2599.206s  VIEW     A/ST vs ST/BLD-ST-Framing-vs-BLD-ST-Columns  Clash29  FAILED, it was added without its hidden state, so it would show every discipline
09:34:24.248  +2599.207s  VIEW     A/ST vs ST/BLD-ST-Framing-vs-BLD-ST-Columns  Clash30  FAILED, it was added without its hidden state, so it would show every discipline
09:34:24.248  +2599.208s  VIEW     A/ST vs ST/BLD-ST-Framing-vs-BLD-ST-Columns  Clash31  FAILED, it was added without its hidden state, so it would show every discipline
09:34:24.248  +2599.208s  VIEW     A/ST vs ST/BLD-ST-Framing-vs-BLD-ST-Columns  Clash32  FAILED, it was added without its hidden state, so it would show every discipline
09:34:24.248  +2599.209s  VIEW     A/ST vs ST/BLD-ST-Framing-vs-BLD-ST-Columns  Clash33  FAILED, it was added without its hidden state, so it would show every discipline
09:34:24.248  +2599.210s  VIEW     A/ST vs ST/BLD-ST-Framing-vs-BLD-ST-Columns  Clash34  FAILED, it was added without its hidden state, so it would show every discipline
09:34:24.248  +2599.211s  VIEW     A/ST vs ST/BLD-ST-Framing-vs-BLD-ST-Columns  Clash35  FAILED, it was added without its hidden state, so it would show every discipline
09:34:24.248  +2599.211s  VIEW     A/ST vs ST/BLD-ST-Framing-vs-BLD-ST-Columns  Clash36  FAILED, it was added without its hidden state, so it would show every discipline
09:34:24.248  +2599.212s  VIEW     A/ST vs ST/BLD-ST-Framing-vs-BLD-ST-Columns  Clash37  FAILED, it was added without its hidden state, so it would show every discipline
09:34:24.248  +2599.213s  VIEW     A/ST vs ST/BLD-ST-Framing-vs-BLD-ST-Columns  Clash38  FAILED, it was added without its hidden state, so it would show every discipline
09:34:24.248  +2599.214s  VIEW     A/ST vs ST/BLD-ST-Framing-vs-BLD-ST-Columns  Clash39  FAILED, it was added without its hidden state, so it would show every discipline
09:34:24.248  +2599.214s  VIEW     A/ST vs ST/BLD-ST-Framing-vs-BLD-ST-Columns  Clash40  FAILED, it was added without its hidden state, so it would show every discipline
09:34:24.248  +2599.215s  VIEW     A/ST vs ST/BLD-ST-Framing-vs-BLD-ST-Columns  Clash41  FAILED, it was added without its hidden state, so it would show every discipline
09:34:24.248  +2599.216s  VIEW     A/AR vs ST/BLD-ST-Walls-vs-BLD-AR-Floors  Clash1  FAILED, it was added without its hidden state, so it would show every discipline
09:34:24.248  +2599.217s  VIEW     A/AR vs ST/BLD-ST-Walls-vs-BLD-AR-Floors  Clash2  FAILED, it was added without its hidden state, so it would show every discipline
09:34:24.248  +2599.217s  VIEW     A/AR vs ST/BLD-ST-Walls-vs-BLD-AR-Floors  Clash3  FAILED, it was added without its hidden state, so it would show every discipline
09:34:24.248  +2599.218s  VIEW     A/AR vs ST/BLD-ST-Walls-vs-BLD-AR-Floors  Clash4  FAILED, it was added without its hidden state, so it would show every discipline
09:34:24.264  +2599.219s  VIEW     A/AR vs ST/BLD-ST-Walls-vs-BLD-AR-Floors  Clash5  FAILED, it was added without its hidden state, so it would show every discipline
09:34:24.264  +2599.219s  VIEW     A/AR vs ST/BLD-ST-Walls-vs-BLD-AR-Walls  Clash1  FAILED, it was added without its hidden state, so it would show every discipline
09:34:24.265  +2599.220s  VIEW     A/AR vs ST/BLD-ST-Walls-vs-BLD-AR-Curtain Panels  Clash1  FAILED, it was added without its hidden state, so it would show every discipline
09:34:24.265  +2599.221s  VIEW     A/AR vs ST/BLD-ST-Walls-vs-BLD-AR-Curtain Panels  Clash2  FAILED, it was added without its hidden state, so it would show every discipline
09:34:24.265  +2599.222s  VIEW     A/AR vs ST/BLD-ST-Walls-vs-BLD-AR-Curtain Mullions  Clash1  FAILED, it was added without its hidden state, so it would show every discipline
09:34:24.265  +2599.222s  VIEW     A/AR vs ST/BLD-ST-Walls-vs-BLD-AR-Curtain Mullions  Clash2  FAILED, it was added without its hidden state, so it would show every discipline
09:34:24.265  +2599.223s  VIEW     A/ST vs ST/BLD-ST-Walls-vs-BLD-ST-Foundation  Clash1  FAILED, it was added without its hidden state, so it would show every discipline
09:34:24.265  +2599.224s  VIEW     A/ST vs ST/BLD-ST-Walls-vs-BLD-ST-Foundation  Clash2  FAILED, it was added without its hidden state, so it would show every discipline
09:34:24.265  +2599.224s  VIEW     A/ST vs ST/BLD-ST-Walls-vs-BLD-ST-Foundation  Clash3  FAILED, it was added without its hidden state, so it would show every discipline
09:34:24.265  +2599.225s  VIEW     A/ST vs ST/BLD-ST-Walls-vs-BLD-ST-Foundation  Clash4  FAILED, it was added without its hidden state, so it would show every discipline
09:34:24.265  +2599.226s  VIEW     A/ST vs ST/BLD-ST-Walls-vs-BLD-ST-Foundation  Clash5  FAILED, it was added without its hidden state, so it would show every discipline
09:34:24.265  +2599.226s  VIEW     A/ST vs ST/BLD-ST-Walls-vs-BLD-ST-Foundation  Clash6  FAILED, it was added without its hidden state, so it would show every discipline
09:34:24.265  +2599.227s  VIEW     A/ST vs ST/BLD-ST-Walls-vs-BLD-ST-Foundation  Clash7  FAILED, it was added without its hidden state, so it would show every discipline
09:34:24.265  +2599.228s  VIEW     A/ST vs ST/BLD-ST-Walls-vs-BLD-ST-Foundation  Clash8  FAILED, it was added without its hidden state, so it would show every discipline
09:34:24.265  +2599.228s  VIEW     A/ST vs ST/BLD-ST-Walls-vs-BLD-ST-Foundation  Clash9  FAILED, it was added without its hidden state, so it would show every discipline
09:34:24.265  +2599.229s  VIEW     A/ST vs ST/BLD-ST-Walls-vs-BLD-ST-Foundation  Clash10  FAILED, it was added without its hidden state, so it would show every discipline
09:34:24.265  +2599.230s  VIEW     A/ST vs ST/BLD-ST-Walls-vs-BLD-ST-Framing  Clash1  FAILED, it was added without its hidden state, so it would show every discipline
09:34:24.265  +2599.231s  VIEW     A/ST vs ST/BLD-ST-Walls-vs-BLD-ST-Framing  Clash2  FAILED, it was added without its hidden state, so it would show every discipline
09:34:24.265  +2599.231s  VIEW     A/AR vs ST/BLD-ST-Floors-vs-BLD-AR-Curtain Panels  Clash1  FAILED, it was added without its hidden state, so it would show every discipline
09:34:24.265  +2599.232s  VIEW     A/AR vs ST/BLD-ST-Floors-vs-BLD-AR-Curtain Panels  Clash2  FAILED, it was added without its hidden state, so it would show every discipline
09:34:24.265  +2599.233s  VIEW     A/AR vs ST/BLD-ST-Floors-vs-BLD-AR-Curtain Panels  Clash3  FAILED, it was added without its hidden state, so it would show every discipline
09:34:24.265  +2599.234s  VIEW     A/AR vs ST/BLD-ST-Floors-vs-BLD-AR-Curtain Panels  Clash4  FAILED, it was added without its hidden state, so it would show every discipline
09:34:24.265  +2599.234s  VIEW     A/AR vs ST/BLD-ST-Floors-vs-BLD-AR-Curtain Panels  Clash5  FAILED, it was added without its hidden state, so it would show every discipline
09:34:24.265  +2599.235s  VIEW     A/AR vs ST/BLD-ST-Floors-vs-BLD-AR-Curtain Panels  Clash6  FAILED, it was added without its hidden state, so it would show every discipline
09:34:24.280  +2599.236s  VIEW     A/AR vs ST/BLD-ST-Floors-vs-BLD-AR-Curtain Panels  Clash7  FAILED, it was added without its hidden state, so it would show every discipline
09:34:24.281  +2599.237s  VIEW     A/AR vs ST/BLD-ST-Floors-vs-BLD-AR-Curtain Panels  Clash8  FAILED, it was added without its hidden state, so it would show every discipline
09:34:24.281  +2599.238s  VIEW     A/AR vs ST/BLD-ST-Floors-vs-BLD-AR-Curtain Panels  Clash9  FAILED, it was added without its hidden state, so it would show every discipline
09:34:24.281  +2599.238s  VIEW     A/AR vs ST/BLD-ST-Floors-vs-BLD-AR-Curtain Panels  Clash10  FAILED, it was added without its hidden state, so it would show every discipline
09:34:24.281  +2599.239s  VIEW     A/AR vs ST/BLD-ST-Floors-vs-BLD-AR-Curtain Mullions  Clash1  FAILED, it was added without its hidden state, so it would show every discipline
09:34:24.281  +2599.240s  VIEW     A/AR vs ST/BLD-ST-Floors-vs-BLD-AR-Curtain Mullions  Clash2  FAILED, it was added without its hidden state, so it would show every discipline
09:34:24.281  +2599.241s  VIEW     A/AR vs ST/BLD-ST-Floors-vs-BLD-AR-Curtain Mullions  Clash3  FAILED, it was added without its hidden state, so it would show every discipline
09:34:24.281  +2599.241s  VIEW     A/AR vs ST/BLD-ST-Floors-vs-BLD-AR-Curtain Mullions  Clash4  FAILED, it was added without its hidden state, so it would show every discipline
09:34:24.281  +2599.242s  VIEW     A/AR vs ST/BLD-ST-Floors-vs-BLD-AR-Curtain Mullions  Clash5  FAILED, it was added without its hidden state, so it would show every discipline
09:34:24.281  +2599.243s  VIEW     A/AR vs ST/BLD-ST-Floors-vs-BLD-AR-Curtain Mullions  Clash6  FAILED, it was added without its hidden state, so it would show every discipline
09:34:24.281  +2599.243s  VIEW     A/AR vs ST/BLD-ST-Floors-vs-BLD-AR-Curtain Mullions  Clash7  FAILED, it was added without its hidden state, so it would show every discipline
09:34:24.289  +2599.244s  VIEW     A/AR vs ST/BLD-ST-Floors-vs-BLD-AR-Curtain Mullions  Clash8  FAILED, it was added without its hidden state, so it would show every discipline
09:34:24.289  +2599.245s  VIEW     A/ST vs ST/BLD-ST-Floors-vs-BLD-ST-Columns  Clash1  FAILED, it was added without its hidden state, so it would show every discipline
09:34:24.289  +2599.246s  VIEW     A/ST vs ST/BLD-ST-Floors-vs-BLD-ST-Columns  Clash2  FAILED, it was added without its hidden state, so it would show every discipline
09:34:24.289  +2599.246s  VIEW     A/ST vs ST/BLD-ST-Floors-vs-BLD-ST-Columns  Clash3  FAILED, it was added without its hidden state, so it would show every discipline
09:34:24.291  +2599.247s  VIEW     A/ST vs ST/BLD-ST-Floors-vs-BLD-ST-Columns  Clash4  FAILED, it was added without its hidden state, so it would show every discipline
09:34:24.291  +2599.248s  VIEW     A/ST vs ST/BLD-ST-Floors-vs-BLD-ST-Columns  Clash5  FAILED, it was added without its hidden state, so it would show every discipline
09:34:24.293  +2599.249s  VIEW     A/ST vs ST/BLD-ST-Floors-vs-BLD-ST-Columns  Clash6  FAILED, it was added without its hidden state, so it would show every discipline
09:34:24.293  +2599.249s  VIEW     A/ST vs ST/BLD-ST-Floors-vs-BLD-ST-Columns  Clash7  FAILED, it was added without its hidden state, so it would show every discipline
09:34:24.293  +2599.250s  VIEW     A/ST vs ST/BLD-ST-Floors-vs-BLD-ST-Columns  Clash8  FAILED, it was added without its hidden state, so it would show every discipline
09:34:24.293  +2599.251s  VIEW     A/ST vs ST/BLD-ST-Floors-vs-BLD-ST-Framing  Clash1  FAILED, it was added without its hidden state, so it would show every discipline
09:34:24.293  +2599.252s  VIEW     A/ST vs ST/BLD-ST-Floors-vs-BLD-ST-Framing  Clash2  FAILED, it was added without its hidden state, so it would show every discipline
09:34:24.297  +2599.252s  VIEW     A/ST vs ST/BLD-ST-Floors-vs-BLD-ST-Framing  Clash3  FAILED, it was added without its hidden state, so it would show every discipline
09:34:24.298  +2599.253s  VIEW     A/ST vs ST/BLD-ST-Floors-vs-BLD-ST-Framing  Clash4  FAILED, it was added without its hidden state, so it would show every discipline
09:34:24.298  +2599.254s  VIEW     A/ST vs ST/BLD-ST-Floors-vs-BLD-ST-Walls  Clash1  FAILED, it was added without its hidden state, so it would show every discipline
09:34:24.298  +2599.255s  VIEW     A/ST vs ST/BLD-ST-Floors-vs-BLD-ST-Walls  Clash2  FAILED, it was added without its hidden state, so it would show every discipline
09:34:24.298  +2599.255s  VIEW     A/ST vs ST/BLD-ST-Floors-vs-BLD-ST-Walls  Clash3  FAILED, it was added without its hidden state, so it would show every discipline
09:34:24.298  +2599.256s  VIEW     A/ST vs ST/BLD-ST-Floors-vs-BLD-ST-Walls  Clash4  FAILED, it was added without its hidden state, so it would show every discipline
09:34:24.298  +2599.257s  VIEW     A/ST vs ST/BLD-ST-Floors-vs-BLD-ST-Walls  Clash5  FAILED, it was added without its hidden state, so it would show every discipline
09:34:24.298  +2599.258s  VIEW     A/ST vs ST/BLD-ST-Floors-vs-BLD-ST-Walls  Clash6  FAILED, it was added without its hidden state, so it would show every discipline
09:34:24.298  +2599.259s  VIEW     A/ST vs ST/BLD-ST-Floors-vs-BLD-ST-Walls  Clash7  FAILED, it was added without its hidden state, so it would show every discipline
09:34:24.298  +2599.259s  VIEW     A/ST vs ST/BLD-ST-Floors-vs-BLD-ST-Walls  Clash8  FAILED, it was added without its hidden state, so it would show every discipline
09:34:24.298  +2599.260s  VIEW     A/ST vs ST/BLD-ST-Floors-vs-BLD-ST-Walls  Clash9  FAILED, it was added without its hidden state, so it would show every discipline
09:34:24.298  +2599.261s  VIEW     A/ST vs ST/BLD-ST-Floors-vs-BLD-ST-Walls  Clash10  FAILED, it was added without its hidden state, so it would show every discipline
09:34:24.298  +2599.261s  VIEW     A/ST vs ST/BLD-ST-Floors-vs-BLD-ST-Walls  Clash11  FAILED, it was added without its hidden state, so it would show every discipline
09:34:24.298  +2599.262s  VIEW     A/ST vs ST/BLD-ST-Stair-vs-BLD-ST-Framing  Clash1  FAILED, it was added without its hidden state, so it would show every discipline
09:34:24.298  +2599.263s  VIEW     A/ST vs ST/BLD-ST-Stair-vs-BLD-ST-Walls  Clash1  FAILED, it was added without its hidden state, so it would show every discipline
09:34:24.298  +2599.264s  VIEW     A/ST vs ST/BLD-ST-Stair-vs-BLD-ST-Walls  Clash2  FAILED, it was added without its hidden state, so it would show every discipline
09:34:24.298  +2599.264s  VIEW     A/ST vs ST/BLD-ST-Stair-vs-BLD-ST-Walls  Clash3  FAILED, it was added without its hidden state, so it would show every discipline
09:34:24.298  +2599.265s  VIEW     A/ST vs ST/BLD-ST-Stair-vs-BLD-ST-Floors  Clash1  FAILED, it was added without its hidden state, so it would show every discipline
09:34:24.298  +2599.266s  VIEW     A/ST vs ST/BLD-ST-Stair-vs-BLD-ST-Floors  Clash2  FAILED, it was added without its hidden state, so it would show every discipline
09:34:24.298  +2599.267s  VIEW     A/ST vs ST/BLD-ST-Stair-vs-BLD-ST-Floors  Clash3  FAILED, it was added without its hidden state, so it would show every discipline
09:34:24.298  +2599.267s  VIEW     A/AR vs ME/Over 150mm/BLD-ME-Ducts&Duct Fittings-vs-BLD-AR-Floors  Clash1  FAILED, it was added without its hidden state, so it would show every discipline
09:34:24.298  +2599.268s  VIEW     A/AR vs ME/Over 150mm/BLD-ME-Ducts&Duct Fittings-vs-BLD-AR-Floors  Clash2  FAILED, it was added without its hidden state, so it would show every discipline
09:34:24.313  +2599.269s  VIEW     A/AR vs ME/Over 150mm/BLD-ME-Ducts&Duct Fittings-vs-BLD-AR-Floors  Clash3  FAILED, it was added without its hidden state, so it would show every discipline
09:34:24.313  +2599.270s  VIEW     A/AR vs ME/Over 150mm/BLD-ME-Ducts&Duct Fittings-vs-BLD-AR-Ceilings  Clash1  FAILED, it was added without its hidden state, so it would show every discipline
09:34:24.315  +2599.270s  VIEW     A/AR vs ME/Over 150mm/BLD-ME-Ducts&Duct Fittings-vs-BLD-AR-Ceilings  Clash2  FAILED, it was added without its hidden state, so it would show every discipline
09:34:24.315  +2599.271s  VIEW     A/AR vs ME/Over 150mm/BLD-ME-Ducts&Duct Fittings-vs-BLD-AR-Walls  Clash1  FAILED, it was added without its hidden state, so it would show every discipline
09:34:24.315  +2599.272s  VIEW     A/AR vs ME/Over 150mm/BLD-ME-Ducts&Duct Fittings-vs-BLD-AR-Walls  Clash2  FAILED, it was added without its hidden state, so it would show every discipline
09:34:24.315  +2599.273s  VIEW     A/AR vs ME/Over 150mm/BLD-ME-Ducts&Duct Fittings-vs-BLD-AR-Walls  Clash3  FAILED, it was added without its hidden state, so it would show every discipline
09:34:24.315  +2599.273s  VIEW     A/AR vs ME/Over 150mm/BLD-ME-Ducts&Duct Fittings-vs-BLD-AR-Walls  Clash4  FAILED, it was added without its hidden state, so it would show every discipline
09:34:24.315  +2599.274s  VIEW     A/AR vs ME/Over 150mm/BLD-ME-Ducts&Duct Fittings-vs-BLD-AR-Walls  Clash5  FAILED, it was added without its hidden state, so it would show every discipline
09:34:24.315  +2599.275s  VIEW     A/AR vs ME/Over 150mm/BLD-ME-Ducts&Duct Fittings-vs-BLD-AR-Walls  Clash6  FAILED, it was added without its hidden state, so it would show every discipline
09:34:24.315  +2599.276s  VIEW     A/AR vs ME/Over 150mm/BLD-ME-Ducts&Duct Fittings-vs-BLD-AR-Walls  Clash7  FAILED, it was added without its hidden state, so it would show every discipline
09:34:24.315  +2599.276s  VIEW     A/AR vs ME/Over 150mm/BLD-ME-Ducts&Duct Fittings-vs-BLD-AR-Walls  Clash8  FAILED, it was added without its hidden state, so it would show every discipline
09:34:24.315  +2599.277s  VIEW     A/AR vs ME/Over 150mm/BLD-ME-Ducts&Duct Fittings-vs-BLD-AR-Walls  Clash9  FAILED, it was added without its hidden state, so it would show every discipline
09:34:24.315  +2599.278s  VIEW     A/AR vs ME/Over 150mm/BLD-ME-Ducts&Duct Fittings-vs-BLD-AR-Walls  Clash10  FAILED, it was added without its hidden state, so it would show every discipline
09:34:24.315  +2599.279s  VIEW     A/AR vs ME/Over 150mm/BLD-ME-Ducts&Duct Fittings-vs-BLD-AR-Walls  Clash11  FAILED, it was added without its hidden state, so it would show every discipline
09:34:24.315  +2599.279s  VIEW     A/AR vs ME/Over 150mm/BLD-ME-Ducts&Duct Fittings-vs-BLD-AR-Walls  Clash12  FAILED, it was added without its hidden state, so it would show every discipline
09:34:24.315  +2599.280s  VIEW     A/AR vs ME/Over 150mm/BLD-ME-Ducts&Duct Fittings-vs-BLD-AR-Walls  Clash13  FAILED, it was added without its hidden state, so it would show every discipline
09:34:24.315  +2599.281s  VIEW     A/AR vs ME/Over 150mm/BLD-ME-Ducts&Duct Fittings-vs-BLD-AR-Walls  Clash14  FAILED, it was added without its hidden state, so it would show every discipline
09:34:24.315  +2599.281s  VIEW     A/AR vs ME/Over 150mm/BLD-ME-Ducts&Duct Fittings-vs-BLD-AR-Walls  Clash15  FAILED, it was added without its hidden state, so it would show every discipline
09:34:24.315  +2599.282s  VIEW     A/AR vs ME/Over 150mm/BLD-ME-Ducts&Duct Fittings-vs-BLD-AR-Walls  Clash16  FAILED, it was added without its hidden state, so it would show every discipline
09:34:24.328  +2599.283s  VIEW     A/AR vs ME/Over 150mm/BLD-ME-Ducts&Duct Fittings-vs-BLD-AR-Walls  Clash17  FAILED, it was added without its hidden state, so it would show every discipline
09:34:24.328  +2599.284s  VIEW     A/AR vs ME/Over 150mm/BLD-ME-Ducts&Duct Fittings-vs-BLD-AR-Walls  Clash18  FAILED, it was added without its hidden state, so it would show every discipline
09:34:24.328  +2599.284s  VIEW     A/AR vs ME/Over 150mm/BLD-ME-Ducts&Duct Fittings-vs-BLD-AR-Walls  Clash19  FAILED, it was added without its hidden state, so it would show every discipline
09:34:24.328  +2599.285s  VIEW     A/AR vs ME/Over 150mm/BLD-ME-Ducts&Duct Fittings-vs-BLD-AR-Walls  Clash20  FAILED, it was added without its hidden state, so it would show every discipline
09:34:24.330  +2599.286s  VIEW     A/AR vs ME/Over 150mm/BLD-ME-Ducts&Duct Fittings-vs-BLD-AR-Walls  Clash21  FAILED, it was added without its hidden state, so it would show every discipline
09:34:24.331  +2599.287s  VIEW     A/AR vs ME/Over 150mm/BLD-ME-Ducts&Duct Fittings-vs-BLD-AR-Walls  Clash22  FAILED, it was added without its hidden state, so it would show every discipline
09:34:24.331  +2599.287s  VIEW     A/AR vs ME/Over 150mm/BLD-ME-Ducts&Duct Fittings-vs-BLD-AR-Walls  Clash23  FAILED, it was added without its hidden state, so it would show every discipline
09:34:24.331  +2599.288s  VIEW     A/AR vs ME/Over 150mm/BLD-ME-Ducts&Duct Fittings-vs-BLD-AR-Walls  Clash24  FAILED, it was added without its hidden state, so it would show every discipline
09:34:24.331  +2599.289s  VIEW     A/AR vs ME/Over 150mm/BLD-ME-Ducts&Duct Fittings-vs-BLD-AR-Walls  Clash25  FAILED, it was added without its hidden state, so it would show every discipline
09:34:24.331  +2599.289s  VIEW     A/AR vs ME/Over 150mm/BLD-ME-Ducts&Duct Fittings-vs-BLD-AR-Walls  Clash26  FAILED, it was added without its hidden state, so it would show every discipline
09:34:24.331  +2599.290s  VIEW     A/AR vs ME/Over 150mm/BLD-ME-Ducts&Duct Fittings-vs-BLD-AR-Walls  Clash27  FAILED, it was added without its hidden state, so it would show every discipline
09:34:24.331  +2599.291s  VIEW     A/AR vs ME/Over 150mm/BLD-ME-Ducts&Duct Fittings-vs-BLD-AR-Walls  Clash28  FAILED, it was added without its hidden state, so it would show every discipline
09:34:24.331  +2599.292s  VIEW     A/AR vs ME/Over 150mm/BLD-ME-Ducts&Duct Fittings-vs-BLD-AR-Walls  Clash29  FAILED, it was added without its hidden state, so it would show every discipline
09:34:24.331  +2599.292s  VIEW     A/AR vs ME/Over 150mm/BLD-ME-Ducts&Duct Fittings-vs-BLD-AR-Walls  Clash30  FAILED, it was added without its hidden state, so it would show every discipline
09:34:24.331  +2599.293s  VIEW     A/AR vs ME/Over 150mm/BLD-ME-Ducts&Duct Fittings-vs-BLD-AR-Walls  Clash31  FAILED, it was added without its hidden state, so it would show every discipline
09:34:24.331  +2599.294s  VIEW     A/AR vs ME/Over 150mm/BLD-ME-Ducts&Duct Fittings-vs-BLD-AR-Walls  Clash32  FAILED, it was added without its hidden state, so it would show every discipline
09:34:24.331  +2599.295s  VIEW     A/AR vs ME/Over 150mm/BLD-ME-Ducts&Duct Fittings-vs-BLD-AR-Walls  Clash33  FAILED, it was added without its hidden state, so it would show every discipline
09:34:24.331  +2599.295s  VIEW     A/AR vs ME/Over 150mm/BLD-ME-Ducts&Duct Fittings-vs-BLD-AR-Walls  Clash34  FAILED, it was added without its hidden state, so it would show every discipline
09:34:24.331  +2599.296s  VIEW     A/AR vs ME/Over 150mm/BLD-ME-Ducts&Duct Fittings-vs-BLD-AR-Walls  Clash35  FAILED, it was added without its hidden state, so it would show every discipline
09:34:24.331  +2599.297s  VIEW     A/AR vs ME/Over 150mm/BLD-ME-Ducts&Duct Fittings-vs-BLD-AR-Walls  Clash36  FAILED, it was added without its hidden state, so it would show every discipline
09:34:24.331  +2599.298s  VIEW     A/AR vs ME/Over 150mm/BLD-ME-Ducts&Duct Fittings-vs-BLD-AR-Walls  Clash37  FAILED, it was added without its hidden state, so it would show every discipline
09:34:24.331  +2599.298s  VIEW     A/AR vs ME/Over 150mm/BLD-ME-Ducts&Duct Fittings-vs-BLD-AR-Walls  Clash38  FAILED, it was added without its hidden state, so it would show every discipline
09:34:24.343  +2599.299s  VIEW     A/AR vs ME/Over 150mm/BLD-ME-Ducts&Duct Fittings-vs-BLD-AR-Walls  Clash39  FAILED, it was added without its hidden state, so it would show every discipline
09:34:24.344  +2599.300s  VIEW     A/AR vs ME/Over 150mm/BLD-ME-Ducts&Duct Fittings-vs-BLD-AR-Walls  Clash40  FAILED, it was added without its hidden state, so it would show every discipline
09:34:24.344  +2599.300s  VIEW     A/AR vs ME/Over 150mm/BLD-ME-Ducts&Duct Fittings-vs-BLD-AR-Walls  Clash41  FAILED, it was added without its hidden state, so it would show every discipline
09:34:24.344  +2599.301s  VIEW     A/AR vs ME/Over 150mm/BLD-ME-Ducts&Duct Fittings-vs-BLD-AR-Walls  Clash42  FAILED, it was added without its hidden state, so it would show every discipline
09:34:24.344  +2599.302s  VIEW     A/AR vs ME/Over 150mm/BLD-ME-Ducts&Duct Fittings-vs-BLD-AR-Walls  Clash43  FAILED, it was added without its hidden state, so it would show every discipline
09:34:24.347  +2599.303s  VIEW     A/AR vs ME/Over 150mm/BLD-ME-Ducts&Duct Fittings-vs-BLD-AR-Walls  Clash44  FAILED, it was added without its hidden state, so it would show every discipline
09:34:24.348  +2599.303s  VIEW     A/AR vs ME/Over 150mm/BLD-ME-Ducts&Duct Fittings-vs-BLD-AR-Walls  Clash45  FAILED, it was added without its hidden state, so it would show every discipline
09:34:24.348  +2599.304s  VIEW     A/AR vs ME/Over 150mm/BLD-ME-Ducts&Duct Fittings-vs-BLD-AR-Walls  Clash46  FAILED, it was added without its hidden state, so it would show every discipline
09:34:24.349  +2599.305s  VIEW     A/AR vs ME/Over 150mm/BLD-ME-Ducts&Duct Fittings-vs-BLD-AR-Walls  Clash47  FAILED, it was added without its hidden state, so it would show every discipline
09:34:24.349  +2599.306s  VIEW     A/AR vs ME/Over 150mm/BLD-ME-Ducts&Duct Fittings-vs-BLD-AR-Walls  Clash48  FAILED, it was added without its hidden state, so it would show every discipline
09:34:24.349  +2599.306s  VIEW     A/AR vs ME/Over 150mm/BLD-ME-Ducts&Duct Fittings-vs-BLD-AR-Walls  Clash49  FAILED, it was added without its hidden state, so it would show every discipline
09:34:24.349  +2599.307s  VIEW     A/AR vs ME/Over 150mm/BLD-ME-Ducts&Duct Fittings-vs-BLD-AR-Walls  Clash50  FAILED, it was added without its hidden state, so it would show every discipline
09:34:24.349  +2599.308s  VIEW     A/AR vs ME/Over 150mm/BLD-ME-Ducts&Duct Fittings-vs-BLD-AR-Walls  Clash51  FAILED, it was added without its hidden state, so it would show every discipline
09:34:24.349  +2599.309s  VIEW     A/AR vs ME/Over 150mm/BLD-ME-Ducts&Duct Fittings-vs-BLD-AR-Walls  Clash52  FAILED, it was added without its hidden state, so it would show every discipline
09:34:24.349  +2599.309s  VIEW     A/AR vs ME/Over 150mm/BLD-ME-Ducts&Duct Fittings-vs-BLD-AR-Walls  Clash53  FAILED, it was added without its hidden state, so it would show every discipline
09:34:24.349  +2599.310s  VIEW     A/AR vs ME/Over 150mm/BLD-ME-Ducts&Duct Fittings-vs-BLD-AR-Walls  Clash54  FAILED, it was added without its hidden state, so it would show every discipline
09:34:24.349  +2599.311s  VIEW     A/AR vs ME/Over 150mm/BLD-ME-Ducts&Duct Fittings-vs-BLD-AR-Walls  Clash55  FAILED, it was added without its hidden state, so it would show every discipline
09:34:24.349  +2599.312s  VIEW     A/AR vs ME/Over 150mm/BLD-ME-Ducts&Duct Fittings-vs-BLD-AR-Walls  Clash56  FAILED, it was added without its hidden state, so it would show every discipline
09:34:24.349  +2599.312s  VIEW     A/AR vs ME/Over 150mm/BLD-ME-Ducts&Duct Fittings-vs-BLD-AR-Walls  Clash57  FAILED, it was added without its hidden state, so it would show every discipline
09:34:24.349  +2599.313s  VIEW     A/AR vs ME/Over 150mm/BLD-ME-Ducts&Duct Fittings-vs-BLD-AR-Curtain Panels  Clash1  FAILED, it was added without its hidden state, so it would show every discipline
09:34:24.349  +2599.314s  VIEW     A/AR vs ME/Over 150mm/BLD-ME-Ducts&Duct Fittings-vs-BLD-AR-Curtain Panels  Clash2  FAILED, it was added without its hidden state, so it would show every discipline
09:34:24.349  +2599.315s  VIEW     A/AR vs ME/BLD-ME-Mechanical Equipment-vs-BLD-AR-Floors  Clash1  FAILED, it was added without its hidden state, so it would show every discipline
09:34:24.349  +2599.315s  VIEW     B/AR vs ME/BLD-ME-Mechanical Equipment-vs-BLD-AR-Walls  Clash1  FAILED, it was added without its hidden state, so it would show every discipline
09:34:24.349  +2599.316s  VIEW     B/AR vs ME/BLD-ME-Mechanical Equipment-vs-BLD-AR-Walls  Clash2  FAILED, it was added without its hidden state, so it would show every discipline
09:34:24.349  +2599.317s  VIEW     B/AR vs ME/BLD-ME-Air Terminals-vs-BLD-AR-Ceilings  Clash1  FAILED, it was added without its hidden state, so it would show every discipline
09:34:24.349  +2599.318s  VIEW     B/AR vs ME/BLD-ME-Air Terminals-vs-BLD-AR-Ceilings  Clash2  FAILED, it was added without its hidden state, so it would show every discipline
09:34:24.349  +2599.318s  VIEW     B/AR vs ME/BLD-ME-Air Terminals-vs-BLD-AR-Ceilings  Clash3  FAILED, it was added without its hidden state, so it would show every discipline
09:34:24.364  +2599.319s  VIEW     B/AR vs ME/BLD-ME-Air Terminals-vs-BLD-AR-Ceilings  Clash4  FAILED, it was added without its hidden state, so it would show every discipline
09:34:24.364  +2599.320s  VIEW     B/AR vs ME/BLD-ME-Air Terminals-vs-BLD-AR-Ceilings  Clash5  FAILED, it was added without its hidden state, so it would show every discipline
09:34:24.365  +2599.321s  VIEW     B/AR vs ME/BLD-ME-Air Terminals-vs-BLD-AR-Ceilings  Clash6  FAILED, it was added without its hidden state, so it would show every discipline
09:34:24.365  +2599.321s  VIEW     B/AR vs ME/BLD-ME-Air Terminals-vs-BLD-AR-Ceilings  Clash7  FAILED, it was added without its hidden state, so it would show every discipline
09:34:24.365  +2599.322s  VIEW     B/AR vs ME/BLD-ME-Air Terminals-vs-BLD-AR-Ceilings  Clash8  FAILED, it was added without its hidden state, so it would show every discipline
09:34:24.365  +2599.323s  VIEW     B/AR vs ME/BLD-ME-Air Terminals-vs-BLD-AR-Ceilings  Clash9  FAILED, it was added without its hidden state, so it would show every discipline
09:34:24.365  +2599.323s  VIEW     B/AR vs ME/BLD-ME-Air Terminals-vs-BLD-AR-Ceilings  Clash10  FAILED, it was added without its hidden state, so it would show every discipline
09:34:24.369  +2599.324s  VIEW     B/AR vs ME/BLD-ME-Air Terminals-vs-BLD-AR-Ceilings  Clash11  FAILED, it was added without its hidden state, so it would show every discipline
09:34:24.369  +2599.325s  VIEW     B/AR vs ME/BLD-ME-Air Terminals-vs-BLD-AR-Ceilings  Clash12  FAILED, it was added without its hidden state, so it would show every discipline
09:34:24.369  +2599.325s  VIEW     B/AR vs ME/BLD-ME-Air Terminals-vs-BLD-AR-Ceilings  Clash13  FAILED, it was added without its hidden state, so it would show every discipline
09:34:24.370  +2599.326s  VIEW     B/AR vs ME/BLD-ME-Air Terminals-vs-BLD-AR-Walls  Clash1  FAILED, it was added without its hidden state, so it would show every discipline
09:34:24.370  +2599.327s  VIEW     B/AR vs ME/BLD-ME-Air Terminals-vs-BLD-AR-Walls  Clash2  FAILED, it was added without its hidden state, so it would show every discipline
09:34:24.370  +2599.327s  VIEW     B/AR vs ME/BLD-ME-Air Terminals-vs-BLD-AR-Walls  Clash3  FAILED, it was added without its hidden state, so it would show every discipline
09:34:24.370  +2599.328s  VIEW     B/AR vs ME/BLD-ME-Air Terminals-vs-BLD-AR-Walls  Clash4  FAILED, it was added without its hidden state, so it would show every discipline
09:34:24.370  +2599.329s  VIEW     B/AR vs ME/BLD-ME-Air Terminals-vs-BLD-AR-Walls  Clash5  FAILED, it was added without its hidden state, so it would show every discipline
09:34:24.370  +2599.330s  VIEW     B/AR vs ME/BLD-ME-Air Terminals-vs-BLD-AR-Walls  Clash6  FAILED, it was added without its hidden state, so it would show every discipline
09:34:24.370  +2599.330s  VIEW     B/AR vs ME/BLD-ME-Air Terminals-vs-BLD-AR-Walls  Clash7  FAILED, it was added without its hidden state, so it would show every discipline
09:34:24.370  +2599.331s  VIEW     B/AR vs ME/BLD-ME-Air Terminals-vs-BLD-AR-Walls  Clash8  FAILED, it was added without its hidden state, so it would show every discipline
09:34:24.370  +2599.332s  VIEW     B/AR vs ME/BLD-ME-Air Terminals-vs-BLD-AR-Walls  Clash9  FAILED, it was added without its hidden state, so it would show every discipline
09:34:24.370  +2599.333s  VIEW     B/AR vs ME/BLD-ME-Air Terminals-vs-BLD-AR-Walls  Clash10  FAILED, it was added without its hidden state, so it would show every discipline
09:34:24.370  +2599.333s  VIEW     B/AR vs ME/BLD-ME-Air Terminals-vs-BLD-AR-Walls  Clash11  FAILED, it was added without its hidden state, so it would show every discipline
09:34:24.370  +2599.334s  VIEW     B/AR vs ME/BLD-ME-Air Terminals-vs-BLD-AR-Walls  Clash12  FAILED, it was added without its hidden state, so it would show every discipline
09:34:24.370  +2599.335s  VIEW     B/AR vs ME/BLD-ME-Air Terminals-vs-BLD-AR-Walls  Clash13  FAILED, it was added without its hidden state, so it would show every discipline
09:34:24.380  +2599.336s  VIEW     B/AR vs ME/BLD-ME-Air Terminals-vs-BLD-AR-Walls  Clash14  FAILED, it was added without its hidden state, so it would show every discipline
09:34:24.380  +2599.336s  VIEW     B/AR vs ME/BLD-ME-Air Terminals-vs-BLD-AR-Curtain Panels  Clash1  FAILED, it was added without its hidden state, so it would show every discipline
09:34:24.382  +2599.337s  VIEW     A/AR vs FF/BLD-FF-Pipes & Pipe Fittings-vs-BLD-AR-Floors  Clash1  FAILED, it was added without its hidden state, so it would show every discipline
09:34:24.382  +2599.338s  VIEW     A/AR vs FF/BLD-FF-Pipes & Pipe Fittings-vs-BLD-AR-Floors  Clash2  FAILED, it was added without its hidden state, so it would show every discipline
09:34:24.382  +2599.339s  VIEW     A/AR vs FF/BLD-FF-Pipes & Pipe Fittings-vs-BLD-AR-Floors  Clash3  FAILED, it was added without its hidden state, so it would show every discipline
09:34:24.382  +2599.339s  VIEW     B/AR vs FF/BLD-FF-Pipes & Pipe Fittings-vs-BLD-AR-Ceilings  Clash7  FAILED, it was added without its hidden state, so it would show every discipline
09:34:24.382  +2599.340s  VIEW     B/AR vs FF/BLD-FF-Pipes & Pipe Fittings-vs-BLD-AR-Walls  Clash1  FAILED, it was added without its hidden state, so it would show every discipline
09:34:24.382  +2599.341s  VIEW     B/AR vs FF/BLD-FF-Pipes & Pipe Fittings-vs-BLD-AR-Walls  Clash2  FAILED, it was added without its hidden state, so it would show every discipline
09:34:24.382  +2599.341s  VIEW     B/AR vs FF/BLD-FF-Pipes & Pipe Fittings-vs-BLD-AR-Walls  Clash3  FAILED, it was added without its hidden state, so it would show every discipline
09:34:24.382  +2599.342s  VIEW     B/AR vs FF/BLD-FF-Pipes & Pipe Fittings-vs-BLD-AR-Walls  Clash4  FAILED, it was added without its hidden state, so it would show every discipline
09:34:24.382  +2599.343s  VIEW     B/AR vs FF/BLD-FF-Pipes & Pipe Fittings-vs-BLD-AR-Walls  Clash5  FAILED, it was added without its hidden state, so it would show every discipline
09:34:24.382  +2599.344s  VIEW     B/AR vs FF/BLD-FF-Pipes & Pipe Fittings-vs-BLD-AR-Walls  Clash6  FAILED, it was added without its hidden state, so it would show every discipline
09:34:24.382  +2599.344s  VIEW     B/AR vs FF/BLD-FF-Pipes & Pipe Fittings-vs-BLD-AR-Walls  Clash7  FAILED, it was added without its hidden state, so it would show every discipline
09:34:24.382  +2599.345s  VIEW     B/AR vs FF/BLD-FF-Pipes & Pipe Fittings-vs-BLD-AR-Walls  Clash8  FAILED, it was added without its hidden state, so it would show every discipline
09:34:24.382  +2599.346s  VIEW     B/AR vs FF/BLD-FF-Pipes & Pipe Fittings-vs-BLD-AR-Walls  Clash9  FAILED, it was added without its hidden state, so it would show every discipline
09:34:24.391  +2599.347s  VIEW     B/AR vs FF/BLD-FF-Pipes & Pipe Fittings-vs-BLD-AR-Walls  Clash14  FAILED, it was added without its hidden state, so it would show every discipline
09:34:24.391  +2599.347s  VIEW     B/AR vs FF/BLD-FF-Pipes & Pipe Fittings-vs-BLD-AR-Walls  Clash17  FAILED, it was added without its hidden state, so it would show every discipline
09:34:24.391  +2599.348s  VIEW     B/AR vs FF/BLD-FF-Pipes & Pipe Fittings-vs-BLD-AR-Walls  Clash18  FAILED, it was added without its hidden state, so it would show every discipline
09:34:24.391  +2599.349s  VIEW     B/AR vs FF/BLD-FF-Pipes & Pipe Fittings-vs-BLD-AR-Walls  Clash20  FAILED, it was added without its hidden state, so it would show every discipline
09:34:24.394  +2599.349s  VIEW     B/AR vs FF/BLD-FF-Pipes & Pipe Fittings-vs-BLD-AR-Walls  Clash21  FAILED, it was added without its hidden state, so it would show every discipline
09:34:24.395  +2599.350s  VIEW     B/AR vs FF/BLD-FF-Pipes & Pipe Fittings-vs-BLD-AR-Walls  Clash23  FAILED, it was added without its hidden state, so it would show every discipline
09:34:24.395  +2599.351s  VIEW     B/AR vs FF/BLD-FF-Pipes & Pipe Fittings-vs-BLD-AR-Walls  Clash25  FAILED, it was added without its hidden state, so it would show every discipline
09:34:24.395  +2599.352s  VIEW     B/AR vs FF/BLD-FF-Pipes & Pipe Fittings-vs-BLD-AR-Walls  Clash26  FAILED, it was added without its hidden state, so it would show every discipline
09:34:24.395  +2599.352s  VIEW     B/AR vs FF/BLD-FF-Pipes & Pipe Fittings-vs-BLD-AR-Walls  Clash27  FAILED, it was added without its hidden state, so it would show every discipline
09:34:24.398  +2599.353s  VIEW     B/AR vs FF/BLD-FF-Pipes & Pipe Fittings-vs-BLD-AR-Walls  Clash28  FAILED, it was added without its hidden state, so it would show every discipline
09:34:24.399  +2599.354s  VIEW     B/AR vs FF/BLD-FF-Pipes & Pipe Fittings-vs-BLD-AR-Walls  Clash30  FAILED, it was added without its hidden state, so it would show every discipline
09:34:24.399  +2599.355s  VIEW     B/AR vs FF/BLD-FF-Pipes & Pipe Fittings-vs-BLD-AR-Walls  Clash31  FAILED, it was added without its hidden state, so it would show every discipline
09:34:24.399  +2599.356s  VIEW     B/AR vs FF/BLD-FF-Pipes & Pipe Fittings-vs-BLD-AR-Walls  Clash32  FAILED, it was added without its hidden state, so it would show every discipline
09:34:24.399  +2599.356s  VIEW     B/AR vs FF/BLD-FF-Pipes & Pipe Fittings-vs-BLD-AR-Walls  Clash33  FAILED, it was added without its hidden state, so it would show every discipline
09:34:24.399  +2599.357s  VIEW     B/AR vs FF/BLD-FF-Pipes & Pipe Fittings-vs-BLD-AR-Walls  Clash34  FAILED, it was added without its hidden state, so it would show every discipline
09:34:24.399  +2599.358s  VIEW     B/AR vs FF/BLD-FF-Pipes & Pipe Fittings-vs-BLD-AR-Walls  Clash35  FAILED, it was added without its hidden state, so it would show every discipline
09:34:24.399  +2599.358s  VIEW     B/AR vs FF/BLD-FF-Pipes & Pipe Fittings-vs-BLD-AR-Walls  Clash36  FAILED, it was added without its hidden state, so it would show every discipline
09:34:24.399  +2599.359s  VIEW     B/AR vs FF/BLD-FF-Pipes & Pipe Fittings-vs-BLD-AR-Walls  Clash37  FAILED, it was added without its hidden state, so it would show every discipline
09:34:24.399  +2599.360s  VIEW     B/AR vs FF/BLD-FF-Pipes & Pipe Fittings-vs-BLD-AR-Walls  Clash38  FAILED, it was added without its hidden state, so it would show every discipline
09:34:24.399  +2599.361s  VIEW     B/AR vs FF/BLD-FF-Pipes & Pipe Fittings-vs-BLD-AR-Walls  Clash40  FAILED, it was added without its hidden state, so it would show every discipline
09:34:24.399  +2599.361s  VIEW     B/AR vs FF/BLD-FF-Pipes & Pipe Fittings-vs-BLD-AR-Walls  Clash41  FAILED, it was added without its hidden state, so it would show every discipline
09:34:24.399  +2599.362s  VIEW     B/AR vs FF/BLD-FF-Pipes & Pipe Fittings-vs-BLD-AR-Walls  Clash42  FAILED, it was added without its hidden state, so it would show every discipline
09:34:24.399  +2599.363s  VIEW     B/AR vs FF/BLD-FF-Pipes & Pipe Fittings-vs-BLD-AR-Walls  Clash44  FAILED, it was added without its hidden state, so it would show every discipline
09:34:24.399  +2599.364s  VIEW     B/AR vs FF/BLD-FF-Pipes & Pipe Fittings-vs-BLD-AR-Walls  Clash46  FAILED, it was added without its hidden state, so it would show every discipline
09:34:24.399  +2599.364s  VIEW     B/AR vs FF/BLD-FF-Pipes & Pipe Fittings-vs-BLD-AR-Walls  Clash47  FAILED, it was added without its hidden state, so it would show every discipline
09:34:24.399  +2599.365s  VIEW     B/AR vs FF/BLD-FF-Pipes & Pipe Fittings-vs-BLD-AR-Walls  Clash48  FAILED, it was added without its hidden state, so it would show every discipline
09:34:24.399  +2599.366s  VIEW     B/AR vs FF/BLD-FF-Pipes & Pipe Fittings-vs-BLD-AR-Walls  Clash49  FAILED, it was added without its hidden state, so it would show every discipline
09:34:24.399  +2599.367s  VIEW     B/AR vs FF/BLD-FF-Pipes & Pipe Fittings-vs-BLD-AR-Walls  Clash50  FAILED, it was added without its hidden state, so it would show every discipline
09:34:24.399  +2599.367s  VIEW     B/AR vs FF/BLD-FF-Pipes & Pipe Fittings-vs-BLD-AR-Walls  Clash51  FAILED, it was added without its hidden state, so it would show every discipline
09:34:24.399  +2599.368s  VIEW     B/AR vs FF/BLD-FF-Pipes & Pipe Fittings-vs-BLD-AR-Walls  Clash52  FAILED, it was added without its hidden state, so it would show every discipline
09:34:24.414  +2599.369s  VIEW     B/AR vs FF/BLD-FF-Pipes & Pipe Fittings-vs-BLD-AR-Walls  Clash53  FAILED, it was added without its hidden state, so it would show every discipline
09:34:24.415  +2599.370s  VIEW     B/AR vs FF/BLD-FF-Pipes & Pipe Fittings-vs-BLD-AR-Walls  Clash54  FAILED, it was added without its hidden state, so it would show every discipline
09:34:24.415  +2599.371s  VIEW     B/AR vs FF/BLD-FF-Pipes & Pipe Fittings-vs-BLD-AR-Curtain Panels  Clash5  FAILED, it was added without its hidden state, so it would show every discipline
09:34:24.415  +2599.371s  VIEW     A/FF vs ME/Over 150mm/BLD-FF-Pipes & Pipe Fittings-vs-BLD-ME-Ducts&Duct Fittings  Clash1  FAILED, it was added without its hidden state, so it would show every discipline
09:34:24.415  +2599.372s  VIEW     B/FF vs ME/Over 150mm/BLD-FF-Pipes & Pipe Fittings-vs-BLD-ME-Air Terminals  Clash1  FAILED, it was added without its hidden state, so it would show every discipline
09:34:24.415  +2599.373s  VIEW     B/AR vs FF/BLD-FF-Pipe Accessories-vs-BLD-AR-Ceilings  Clash1  FAILED, it was added without its hidden state, so it would show every discipline
09:34:24.415  +2599.374s  VIEW     B/FF vs FF/BLD-FF-Pipe Accessories-vs-BLD-FF-Pipes & Pipe Fittings  Clash1  FAILED, it was added without its hidden state, so it would show every discipline
09:34:24.415  +2599.375s  VIEW     B/FF vs FF/BLD-FF-Pipe Accessories-vs-BLD-FF-Pipes & Pipe Fittings  Clash2  FAILED, it was added without its hidden state, so it would show every discipline
09:34:24.415  +2599.375s  VIEW     B/FF vs FF/BLD-FF-Pipe Accessories-vs-BLD-FF-Pipes & Pipe Fittings  Clash3  FAILED, it was added without its hidden state, so it would show every discipline
09:34:24.415  +2599.376s  VIEW     B/FF vs FF/BLD-FF-Pipe Accessories-vs-BLD-FF-Pipes & Pipe Fittings  Clash4  FAILED, it was added without its hidden state, so it would show every discipline
09:34:24.415  +2599.377s  VIEW     B/FF vs FF/BLD-FF-Pipe Accessories-vs-BLD-FF-Pipes & Pipe Fittings  Clash5  FAILED, it was added without its hidden state, so it would show every discipline
09:34:24.415  +2599.378s  VIEW     B/FF vs FF/BLD-FF-Pipe Accessories-vs-BLD-FF-Pipes & Pipe Fittings  Clash6  FAILED, it was added without its hidden state, so it would show every discipline
09:34:24.415  +2599.378s  VIEW     B/FF vs FF/BLD-FF-Pipe Accessories-vs-BLD-FF-Pipes & Pipe Fittings  Clash7  FAILED, it was added without its hidden state, so it would show every discipline
09:34:24.415  +2599.379s  VIEW     B/FF vs FF/BLD-FF-Pipe Accessories-vs-BLD-FF-Pipes & Pipe Fittings  Clash8  FAILED, it was added without its hidden state, so it would show every discipline
09:34:24.415  +2599.380s  VIEW     B/FF vs FF/BLD-FF-Pipe Accessories-vs-BLD-FF-Pipes & Pipe Fittings  Clash9  FAILED, it was added without its hidden state, so it would show every discipline
09:34:24.415  +2599.380s  VIEW     B/FF vs FF/BLD-FF-Pipe Accessories-vs-BLD-FF-Pipes & Pipe Fittings  Clash10  FAILED, it was added without its hidden state, so it would show every discipline
09:34:24.415  +2599.381s  VIEW     B/FF vs FF/BLD-FF-Pipe Accessories-vs-BLD-FF-Pipes & Pipe Fittings  Clash11  FAILED, it was added without its hidden state, so it would show every discipline
09:34:24.415  +2599.382s  VIEW     B/FF vs FF/BLD-FF-Pipe Accessories-vs-BLD-FF-Pipes & Pipe Fittings  Clash12  FAILED, it was added without its hidden state, so it would show every discipline
09:34:24.415  +2599.383s  VIEW     B/FF vs FF/BLD-FF-Pipe Accessories-vs-BLD-FF-Pipes & Pipe Fittings  Clash13  FAILED, it was added without its hidden state, so it would show every discipline
09:34:24.428  +2599.383s  VIEW     C/AR vs FF/BLD-FF-Sprinklers-vs-BLD-AR-Ceilings  Clash1  FAILED, it was added without its hidden state, so it would show every discipline
09:34:24.428  +2599.384s  VIEW     C/AR vs FF/BLD-FF-Sprinklers-vs-BLD-AR-Ceilings  Clash2  FAILED, it was added without its hidden state, so it would show every discipline
09:34:24.428  +2599.385s  VIEW     C/AR vs FF/BLD-FF-Sprinklers-vs-BLD-AR-Ceilings  Clash3  FAILED, it was added without its hidden state, so it would show every discipline
09:34:24.430  +2599.386s  VIEW     C/AR vs FF/BLD-FF-Sprinklers-vs-BLD-AR-Ceilings  Clash4  FAILED, it was added without its hidden state, so it would show every discipline
09:34:24.430  +2599.386s  VIEW     C/AR vs FF/BLD-FF-Sprinklers-vs-BLD-AR-Ceilings  Clash5  FAILED, it was added without its hidden state, so it would show every discipline
09:34:24.431  +2599.387s  VIEW     C/AR vs FF/BLD-FF-Sprinklers-vs-BLD-AR-Ceilings  Clash6  FAILED, it was added without its hidden state, so it would show every discipline
09:34:24.431  +2599.388s  VIEW     A/AR vs DR/BLD-DR-Pipes & Pipe Fittings-vs-BLD-AR-Floors  Clash4  FAILED, it was added without its hidden state, so it would show every discipline
09:34:24.431  +2599.389s  VIEW     A/AR vs DR/BLD-DR-Pipes & Pipe Fittings-vs-BLD-AR-Floors  Clash6  FAILED, it was added without its hidden state, so it would show every discipline
09:34:24.431  +2599.390s  VIEW     A/AR vs DR/BLD-DR-Pipes & Pipe Fittings-vs-BLD-AR-Floors  Clash7  FAILED, it was added without its hidden state, so it would show every discipline
09:34:24.431  +2599.390s  VIEW     A/AR vs DR/BLD-DR-Pipes & Pipe Fittings-vs-BLD-AR-Floors  Clash8  FAILED, it was added without its hidden state, so it would show every discipline
09:34:24.431  +2599.391s  VIEW     A/AR vs DR/BLD-DR-Pipes & Pipe Fittings-vs-BLD-AR-Floors  Clash9  FAILED, it was added without its hidden state, so it would show every discipline
09:34:24.431  +2599.392s  VIEW     A/AR vs DR/BLD-DR-Pipes & Pipe Fittings-vs-BLD-AR-Floors  Clash10  FAILED, it was added without its hidden state, so it would show every discipline
09:34:24.431  +2599.393s  VIEW     A/AR vs DR/BLD-DR-Pipes & Pipe Fittings-vs-BLD-AR-Floors  Clash11  FAILED, it was added without its hidden state, so it would show every discipline
09:34:24.431  +2599.393s  VIEW     A/AR vs DR/BLD-DR-Pipes & Pipe Fittings-vs-BLD-AR-Floors  Clash12  FAILED, it was added without its hidden state, so it would show every discipline
09:34:24.431  +2599.394s  VIEW     A/AR vs DR/BLD-DR-Pipes & Pipe Fittings-vs-BLD-AR-Floors  Clash13  FAILED, it was added without its hidden state, so it would show every discipline
09:34:24.431  +2599.395s  VIEW     A/AR vs DR/BLD-DR-Pipes & Pipe Fittings-vs-BLD-AR-Floors  Clash14  FAILED, it was added without its hidden state, so it would show every discipline
09:34:24.431  +2599.396s  VIEW     A/AR vs DR/BLD-DR-Pipes & Pipe Fittings-vs-BLD-AR-Floors  Clash15  FAILED, it was added without its hidden state, so it would show every discipline
09:34:24.431  +2599.396s  VIEW     A/AR vs DR/BLD-DR-Pipes & Pipe Fittings-vs-BLD-AR-Floors  Clash16  FAILED, it was added without its hidden state, so it would show every discipline
09:34:24.431  +2599.397s  VIEW     A/AR vs DR/BLD-DR-Pipes & Pipe Fittings-vs-BLD-AR-Floors  Clash17  FAILED, it was added without its hidden state, so it would show every discipline
09:34:24.431  +2599.398s  VIEW     A/AR vs DR/BLD-DR-Pipes & Pipe Fittings-vs-BLD-AR-Floors  Clash18  FAILED, it was added without its hidden state, so it would show every discipline
09:34:24.431  +2599.398s  VIEW     A/AR vs DR/BLD-DR-Pipes & Pipe Fittings-vs-BLD-AR-Floors  Clash19  FAILED, it was added without its hidden state, so it would show every discipline
09:34:24.444  +2599.399s  VIEW     A/AR vs DR/BLD-DR-Pipes & Pipe Fittings-vs-BLD-AR-Floors  Clash21  FAILED, it was added without its hidden state, so it would show every discipline
09:34:24.444  +2599.400s  VIEW     A/AR vs DR/BLD-DR-Pipes & Pipe Fittings-vs-BLD-AR-Floors  Clash22  FAILED, it was added without its hidden state, so it would show every discipline
09:34:24.444  +2599.401s  VIEW     A/AR vs DR/BLD-DR-Pipes & Pipe Fittings-vs-BLD-AR-Floors  Clash23  FAILED, it was added without its hidden state, so it would show every discipline
09:34:24.444  +2599.401s  VIEW     A/AR vs DR/BLD-DR-Pipes & Pipe Fittings-vs-BLD-AR-Floors  Clash24  FAILED, it was added without its hidden state, so it would show every discipline
09:34:24.447  +2599.402s  VIEW     A/AR vs DR/BLD-DR-Pipes & Pipe Fittings-vs-BLD-AR-Floors  Clash25  FAILED, it was added without its hidden state, so it would show every discipline
09:34:24.448  +2599.403s  VIEW     A/AR vs DR/BLD-DR-Pipes & Pipe Fittings-vs-BLD-AR-Floors  Clash26  FAILED, it was added without its hidden state, so it would show every discipline
09:34:24.448  +2599.404s  VIEW     A/AR vs DR/BLD-DR-Pipes & Pipe Fittings-vs-BLD-AR-Floors  Clash27  FAILED, it was added without its hidden state, so it would show every discipline
09:34:24.448  +2599.404s  VIEW     A/AR vs DR/BLD-DR-Pipes & Pipe Fittings-vs-BLD-AR-Floors  Clash28  FAILED, it was added without its hidden state, so it would show every discipline
09:34:24.448  +2599.405s  VIEW     A/AR vs DR/BLD-DR-Pipes & Pipe Fittings-vs-BLD-AR-Floors  Clash29  FAILED, it was added without its hidden state, so it would show every discipline
09:34:24.448  +2599.406s  VIEW     A/AR vs DR/BLD-DR-Pipes & Pipe Fittings-vs-BLD-AR-Floors  Clash30  FAILED, it was added without its hidden state, so it would show every discipline
09:34:24.448  +2599.407s  VIEW     A/AR vs DR/BLD-DR-Pipes & Pipe Fittings-vs-BLD-AR-Floors  Clash31  FAILED, it was added without its hidden state, so it would show every discipline
09:34:24.448  +2599.407s  VIEW     B/AR vs DR/BLD-DR-Pipes & Pipe Fittings-vs-BLD-AR-Walls  Clash2  FAILED, it was added without its hidden state, so it would show every discipline
09:34:24.448  +2599.408s  VIEW     B/AR vs DR/BLD-DR-Pipes & Pipe Fittings-vs-BLD-AR-Walls  Clash3  FAILED, it was added without its hidden state, so it would show every discipline
09:34:24.448  +2599.409s  VIEW     B/AR vs DR/BLD-DR-Pipes & Pipe Fittings-vs-BLD-AR-Walls  Clash4  FAILED, it was added without its hidden state, so it would show every discipline
09:34:24.448  +2599.410s  VIEW     B/AR vs DR/BLD-DR-Pipes & Pipe Fittings-vs-BLD-AR-Walls  Clash5  FAILED, it was added without its hidden state, so it would show every discipline
09:34:24.448  +2599.410s  VIEW     B/AR vs DR/BLD-DR-Pipes & Pipe Fittings-vs-BLD-AR-Walls  Clash6  FAILED, it was added without its hidden state, so it would show every discipline
09:34:24.448  +2599.411s  VIEW     B/AR vs DR/BLD-DR-Pipes & Pipe Fittings-vs-BLD-AR-Walls  Clash7  FAILED, it was added without its hidden state, so it would show every discipline
09:34:24.448  +2599.412s  VIEW     B/AR vs DR/BLD-DR-Pipes & Pipe Fittings-vs-BLD-AR-Walls  Clash8  FAILED, it was added without its hidden state, so it would show every discipline
09:34:24.448  +2599.413s  VIEW     B/AR vs DR/BLD-DR-Pipes & Pipe Fittings-vs-BLD-AR-Walls  Clash9  FAILED, it was added without its hidden state, so it would show every discipline
09:34:24.448  +2599.413s  VIEW     B/AR vs DR/BLD-DR-Pipes & Pipe Fittings-vs-BLD-AR-Walls  Clash10  FAILED, it was added without its hidden state, so it would show every discipline
09:34:24.448  +2599.414s  VIEW     B/AR vs DR/BLD-DR-Pipes & Pipe Fittings-vs-BLD-AR-Walls  Clash11  FAILED, it was added without its hidden state, so it would show every discipline
09:34:24.448  +2599.415s  VIEW     B/AR vs DR/BLD-DR-Pipes & Pipe Fittings-vs-BLD-AR-Walls  Clash12  FAILED, it was added without its hidden state, so it would show every discipline
09:34:24.448  +2599.415s  VIEW     B/AR vs DR/BLD-DR-Pipes & Pipe Fittings-vs-BLD-AR-Walls  Clash13  FAILED, it was added without its hidden state, so it would show every discipline
09:34:24.448  +2599.416s  VIEW     B/AR vs DR/BLD-DR-Pipes & Pipe Fittings-vs-BLD-AR-Walls  Clash14  FAILED, it was added without its hidden state, so it would show every discipline
09:34:24.448  +2599.417s  VIEW     B/AR vs DR/BLD-DR-Pipes & Pipe Fittings-vs-BLD-AR-Walls  Clash15  FAILED, it was added without its hidden state, so it would show every discipline
09:34:24.448  +2599.418s  VIEW     B/AR vs DR/BLD-DR-Pipes & Pipe Fittings-vs-BLD-AR-Walls  Clash16  FAILED, it was added without its hidden state, so it would show every discipline
09:34:24.448  +2599.418s  VIEW     B/AR vs DR/BLD-DR-Pipes & Pipe Fittings-vs-BLD-AR-Walls  Clash17  FAILED, it was added without its hidden state, so it would show every discipline
09:34:24.464  +2599.419s  VIEW     B/AR vs DR/BLD-DR-Pipes & Pipe Fittings-vs-BLD-AR-Walls  Clash20  FAILED, it was added without its hidden state, so it would show every discipline
09:34:24.465  +2599.420s  VIEW     B/AR vs DR/BLD-DR-Pipes & Pipe Fittings-vs-BLD-AR-Walls  Clash21  FAILED, it was added without its hidden state, so it would show every discipline
09:34:24.465  +2599.421s  VIEW     B/AR vs DR/BLD-DR-Pipes & Pipe Fittings-vs-BLD-AR-Walls  Clash22  FAILED, it was added without its hidden state, so it would show every discipline
09:34:24.465  +2599.421s  VIEW     B/AR vs DR/BLD-DR-Pipes & Pipe Fittings-vs-BLD-AR-Walls  Clash23  FAILED, it was added without its hidden state, so it would show every discipline
09:34:24.465  +2599.422s  VIEW     B/AR vs DR/BLD-DR-Pipes & Pipe Fittings-vs-BLD-AR-Walls  Clash24  FAILED, it was added without its hidden state, so it would show every discipline
09:34:24.465  +2599.423s  VIEW     B/AR vs DR/BLD-DR-Pipes & Pipe Fittings-vs-BLD-AR-Walls  Clash25  FAILED, it was added without its hidden state, so it would show every discipline
09:34:24.465  +2599.424s  VIEW     B/AR vs DR/BLD-DR-Pipes & Pipe Fittings-vs-BLD-AR-Walls  Clash27  FAILED, it was added without its hidden state, so it would show every discipline
09:34:24.465  +2599.424s  VIEW     B/AR vs DR/BLD-DR-Pipes & Pipe Fittings-vs-BLD-AR-Walls  Clash28  FAILED, it was added without its hidden state, so it would show every discipline
09:34:24.465  +2599.425s  VIEW     B/AR vs DR/BLD-DR-Pipes & Pipe Fittings-vs-BLD-AR-Walls  Clash29  FAILED, it was added without its hidden state, so it would show every discipline
09:34:24.465  +2599.426s  VIEW     B/AR vs DR/BLD-DR-Pipes & Pipe Fittings-vs-BLD-AR-Walls  Clash30  FAILED, it was added without its hidden state, so it would show every discipline
09:34:24.465  +2599.426s  VIEW     B/AR vs DR/BLD-DR-Pipes & Pipe Fittings-vs-BLD-AR-Walls  Clash31  FAILED, it was added without its hidden state, so it would show every discipline
09:34:24.465  +2599.427s  VIEW     B/AR vs DR/BLD-DR-Pipes & Pipe Fittings-vs-BLD-AR-Walls  Clash32  FAILED, it was added without its hidden state, so it would show every discipline
09:34:24.465  +2599.428s  VIEW     B/AR vs DR/BLD-DR-Pipes & Pipe Fittings-vs-BLD-AR-Walls  Clash34  FAILED, it was added without its hidden state, so it would show every discipline
09:34:24.465  +2599.429s  VIEW     B/AR vs DR/BLD-DR-Pipes & Pipe Fittings-vs-BLD-AR-Walls  Clash36  FAILED, it was added without its hidden state, so it would show every discipline
09:34:24.465  +2599.429s  VIEW     B/AR vs DR/BLD-DR-Pipes & Pipe Fittings-vs-BLD-AR-Walls  Clash37  FAILED, it was added without its hidden state, so it would show every discipline
09:34:24.465  +2599.430s  VIEW     B/AR vs DR/BLD-DR-Pipes & Pipe Fittings-vs-BLD-AR-Walls  Clash42  FAILED, it was added without its hidden state, so it would show every discipline
09:34:24.465  +2599.431s  VIEW     B/AR vs DR/BLD-DR-Pipes & Pipe Fittings-vs-BLD-AR-Walls  Clash45  FAILED, it was added without its hidden state, so it would show every discipline
09:34:24.465  +2599.432s  VIEW     B/AR vs DR/BLD-DR-Pipes & Pipe Fittings-vs-BLD-AR-Walls  Clash46  FAILED, it was added without its hidden state, so it would show every discipline
09:34:24.465  +2599.433s  VIEW     B/AR vs DR/BLD-DR-Pipes & Pipe Fittings-vs-BLD-AR-Walls  Clash48  FAILED, it was added without its hidden state, so it would show every discipline
09:34:24.465  +2599.433s  VIEW     B/AR vs DR/BLD-DR-Pipes & Pipe Fittings-vs-BLD-AR-Walls  Clash49  FAILED, it was added without its hidden state, so it would show every discipline
09:34:24.465  +2599.434s  VIEW     B/AR vs DR/BLD-DR-Pipes & Pipe Fittings-vs-BLD-AR-Walls  Clash53  FAILED, it was added without its hidden state, so it would show every discipline
09:34:24.465  +2599.435s  VIEW     B/AR vs DR/BLD-DR-Pipes & Pipe Fittings-vs-BLD-AR-Walls  Clash56  FAILED, it was added without its hidden state, so it would show every discipline
09:34:24.480  +2599.436s  VIEW     B/AR vs DR/BLD-DR-Pipes & Pipe Fittings-vs-BLD-AR-Walls  Clash57  FAILED, it was added without its hidden state, so it would show every discipline
09:34:24.480  +2599.436s  VIEW     B/AR vs DR/BLD-DR-Pipes & Pipe Fittings-vs-BLD-AR-Walls  Clash58  FAILED, it was added without its hidden state, so it would show every discipline
09:34:24.481  +2599.437s  VIEW     B/AR vs DR/BLD-DR-Pipes & Pipe Fittings-vs-BLD-AR-Walls  Clash59  FAILED, it was added without its hidden state, so it would show every discipline
09:34:24.481  +2599.438s  VIEW     B/AR vs DR/BLD-DR-Pipes & Pipe Fittings-vs-BLD-AR-Walls  Clash60  FAILED, it was added without its hidden state, so it would show every discipline
09:34:24.481  +2599.439s  VIEW     B/AR vs DR/BLD-DR-Pipes & Pipe Fittings-vs-BLD-AR-Walls  Clash63  FAILED, it was added without its hidden state, so it would show every discipline
09:34:24.481  +2599.439s  VIEW     B/AR vs DR/BLD-DR-Pipes & Pipe Fittings-vs-BLD-AR-Walls  Clash64  FAILED, it was added without its hidden state, so it would show every discipline
09:34:24.481  +2599.440s  VIEW     B/AR vs DR/BLD-DR-Pipes & Pipe Fittings-vs-BLD-AR-Walls  Clash66  FAILED, it was added without its hidden state, so it would show every discipline
09:34:24.485  +2599.441s  VIEW     B/AR vs DR/BLD-DR-Pipes & Pipe Fittings-vs-BLD-AR-Walls  Clash67  FAILED, it was added without its hidden state, so it would show every discipline
09:34:24.485  +2599.441s  VIEW     B/AR vs DR/BLD-DR-Pipes & Pipe Fittings-vs-BLD-AR-Walls  Clash68  FAILED, it was added without its hidden state, so it would show every discipline
09:34:24.485  +2599.442s  VIEW     B/AR vs DR/BLD-DR-Pipes & Pipe Fittings-vs-BLD-AR-Walls  Clash69  FAILED, it was added without its hidden state, so it would show every discipline
09:34:24.485  +2599.443s  VIEW     B/AR vs DR/BLD-DR-Pipes & Pipe Fittings-vs-BLD-AR-Walls  Clash71  FAILED, it was added without its hidden state, so it would show every discipline
09:34:24.488  +2599.444s  VIEW     B/AR vs DR/BLD-DR-Pipes & Pipe Fittings-vs-BLD-AR-Walls  Clash72  FAILED, it was added without its hidden state, so it would show every discipline
09:34:24.489  +2599.444s  VIEW     B/AR vs DR/BLD-DR-Pipes & Pipe Fittings-vs-BLD-AR-Walls  Clash73  FAILED, it was added without its hidden state, so it would show every discipline
09:34:24.490  +2599.445s  VIEW     B/AR vs DR/BLD-DR-Pipes & Pipe Fittings-vs-BLD-AR-Walls  Clash76  FAILED, it was added without its hidden state, so it would show every discipline
09:34:24.490  +2599.446s  VIEW     B/AR vs DR/BLD-DR-Pipes & Pipe Fittings-vs-BLD-AR-Walls  Clash77  FAILED, it was added without its hidden state, so it would show every discipline
09:34:24.490  +2599.446s  VIEW     B/AR vs DR/BLD-DR-Pipes & Pipe Fittings-vs-BLD-AR-Walls  Clash79  FAILED, it was added without its hidden state, so it would show every discipline
09:34:24.491  +2599.447s  VIEW     B/AR vs DR/BLD-DR-Pipes & Pipe Fittings-vs-BLD-AR-Walls  Clash81  FAILED, it was added without its hidden state, so it would show every discipline
09:34:24.491  +2599.448s  VIEW     B/AR vs DR/BLD-DR-Pipes & Pipe Fittings-vs-BLD-AR-Walls  Clash82  FAILED, it was added without its hidden state, so it would show every discipline
09:34:24.493  +2599.449s  VIEW     B/AR vs DR/BLD-DR-Pipes & Pipe Fittings-vs-BLD-AR-Walls  Clash84  FAILED, it was added without its hidden state, so it would show every discipline
09:34:24.493  +2599.449s  VIEW     B/AR vs DR/BLD-DR-Pipes & Pipe Fittings-vs-BLD-AR-Walls  Clash85  FAILED, it was added without its hidden state, so it would show every discipline
09:34:24.493  +2599.450s  VIEW     B/AR vs DR/BLD-DR-Pipes & Pipe Fittings-vs-BLD-AR-Walls  Clash86  FAILED, it was added without its hidden state, so it would show every discipline
09:34:24.493  +2599.451s  VIEW     B/AR vs DR/BLD-DR-Pipes & Pipe Fittings-vs-BLD-AR-Walls  Clash87  FAILED, it was added without its hidden state, so it would show every discipline
09:34:24.493  +2599.452s  VIEW     B/AR vs DR/BLD-DR-Pipes & Pipe Fittings-vs-BLD-AR-Walls  Clash88  FAILED, it was added without its hidden state, so it would show every discipline
09:34:24.497  +2599.452s  VIEW     B/AR vs DR/BLD-DR-Pipes & Pipe Fittings-vs-BLD-AR-Walls  Clash91  FAILED, it was added without its hidden state, so it would show every discipline
09:34:24.498  +2599.453s  VIEW     B/AR vs DR/BLD-DR-Pipes & Pipe Fittings-vs-BLD-AR-Walls  Clash92  FAILED, it was added without its hidden state, so it would show every discipline
09:34:24.498  +2599.454s  VIEW     B/AR vs DR/BLD-DR-Pipes & Pipe Fittings-vs-BLD-AR-Walls  Clash93  FAILED, it was added without its hidden state, so it would show every discipline
09:34:24.498  +2599.455s  VIEW     B/AR vs DR/BLD-DR-Pipes & Pipe Fittings-vs-BLD-AR-Walls  Clash94  FAILED, it was added without its hidden state, so it would show every discipline
09:34:24.498  +2599.455s  VIEW     B/AR vs DR/BLD-DR-Pipes & Pipe Fittings-vs-BLD-AR-Walls  Clash95  FAILED, it was added without its hidden state, so it would show every discipline
09:34:24.498  +2599.456s  VIEW     B/AR vs DR/BLD-DR-Pipes & Pipe Fittings-vs-BLD-AR-Walls  Clash96  FAILED, it was added without its hidden state, so it would show every discipline
09:34:24.498  +2599.457s  VIEW     B/AR vs DR/BLD-DR-Pipes & Pipe Fittings-vs-BLD-AR-Walls  Clash97  FAILED, it was added without its hidden state, so it would show every discipline
09:34:24.498  +2599.458s  VIEW     B/AR vs DR/BLD-DR-Pipes & Pipe Fittings-vs-BLD-AR-Walls  Clash100  FAILED, it was added without its hidden state, so it would show every discipline
09:34:24.498  +2599.458s  VIEW     B/AR vs DR/BLD-DR-Pipes & Pipe Fittings-vs-BLD-AR-Walls  Clash101  FAILED, it was added without its hidden state, so it would show every discipline
09:34:24.498  +2599.459s  VIEW     B/AR vs DR/BLD-DR-Pipes & Pipe Fittings-vs-BLD-AR-Walls  Clash102  FAILED, it was added without its hidden state, so it would show every discipline
09:34:24.498  +2599.460s  VIEW     B/AR vs DR/BLD-DR-Pipes & Pipe Fittings-vs-BLD-AR-Walls  Clash103  FAILED, it was added without its hidden state, so it would show every discipline
09:34:24.498  +2599.461s  VIEW     B/AR vs DR/BLD-DR-Pipes & Pipe Fittings-vs-BLD-AR-Walls  Clash104  FAILED, it was added without its hidden state, so it would show every discipline
09:34:24.498  +2599.461s  VIEW     B/AR vs DR/BLD-DR-Pipes & Pipe Fittings-vs-BLD-AR-Walls  Clash105  FAILED, it was added without its hidden state, so it would show every discipline
09:34:24.498  +2599.462s  VIEW     B/AR vs DR/BLD-DR-Pipes & Pipe Fittings-vs-BLD-AR-Walls  Clash106  FAILED, it was added without its hidden state, so it would show every discipline
09:34:24.498  +2599.463s  VIEW     B/AR vs DR/BLD-DR-Pipes & Pipe Fittings-vs-BLD-AR-Walls  Clash107  FAILED, it was added without its hidden state, so it would show every discipline
09:34:24.498  +2599.464s  VIEW     B/AR vs DR/BLD-DR-Pipes & Pipe Fittings-vs-BLD-AR-Walls  Clash108  FAILED, it was added without its hidden state, so it would show every discipline
09:34:24.498  +2599.464s  VIEW     B/AR vs DR/BLD-DR-Pipes & Pipe Fittings-vs-BLD-AR-Walls  Clash109  FAILED, it was added without its hidden state, so it would show every discipline
09:34:24.498  +2599.465s  VIEW     B/AR vs DR/BLD-DR-Pipes & Pipe Fittings-vs-BLD-AR-Walls  Clash110  FAILED, it was added without its hidden state, so it would show every discipline
09:34:24.498  +2599.466s  VIEW     A/DR vs DR/BLD-DR-Pipes & Pipe Fittings-vs-BLD-DR-Mechanical Equipment  Clash1  FAILED, it was added without its hidden state, so it would show every discipline
09:34:24.498  +2599.466s  VIEW     A/DR vs DR/BLD-DR-Pipes & Pipe Fittings-vs-BLD-DR-Mechanical Equipment  Clash2  FAILED, it was added without its hidden state, so it would show every discipline
09:34:24.498  +2599.467s  VIEW     B/AR vs DR/BLD-DR-Plumbing Fixtures-vs-BLD-AR-Floors  Clash1  FAILED, it was added without its hidden state, so it would show every discipline
09:34:24.498  +2599.468s  VIEW     B/AR vs DR/BLD-DR-Plumbing Fixtures-vs-BLD-AR-Floors  Clash2  FAILED, it was added without its hidden state, so it would show every discipline
09:34:24.498  +2599.469s  VIEW     B/AR vs DR/BLD-DR-Plumbing Fixtures-vs-BLD-AR-Floors  Clash3  FAILED, it was added without its hidden state, so it would show every discipline
09:34:24.514  +2599.469s  VIEW     B/AR vs DR/BLD-DR-Plumbing Fixtures-vs-BLD-AR-Floors  Clash4  FAILED, it was added without its hidden state, so it would show every discipline
09:34:24.515  +2599.470s  VIEW     C/DR vs DR/BLD-DR-Plumbing Fixtures-vs-BLD-DR-Pipes & Pipe Fittings  Clash1  FAILED, it was added without its hidden state, so it would show every discipline
09:34:24.515  +2599.471s  VIEW     C/DR vs DR/BLD-DR-Plumbing Fixtures-vs-BLD-DR-Pipes & Pipe Fittings  Clash2  FAILED, it was added without its hidden state, so it would show every discipline
09:34:24.515  +2599.472s  VIEW     C/DR vs DR/BLD-DR-Plumbing Fixtures-vs-BLD-DR-Pipes & Pipe Fittings  Clash3  FAILED, it was added without its hidden state, so it would show every discipline
09:34:24.515  +2599.473s  VIEW     C/DR vs DR/BLD-DR-Plumbing Fixtures-vs-BLD-DR-Pipes & Pipe Fittings  Clash4  FAILED, it was added without its hidden state, so it would show every discipline
09:34:24.515  +2599.473s  VIEW     C/DR vs DR/BLD-DR-Plumbing Fixtures-vs-BLD-DR-Pipes & Pipe Fittings  Clash5  FAILED, it was added without its hidden state, so it would show every discipline
09:34:24.515  +2599.474s  VIEW     C/DR vs DR/BLD-DR-Plumbing Fixtures-vs-BLD-DR-Pipes & Pipe Fittings  Clash6  FAILED, it was added without its hidden state, so it would show every discipline
09:34:24.515  +2599.475s  VIEW     C/DR vs DR/BLD-DR-Plumbing Fixtures-vs-BLD-DR-Pipes & Pipe Fittings  Clash7  FAILED, it was added without its hidden state, so it would show every discipline
09:34:24.515  +2599.475s  VIEW     C/DR vs DR/BLD-DR-Plumbing Fixtures-vs-BLD-DR-Pipes & Pipe Fittings  Clash8  FAILED, it was added without its hidden state, so it would show every discipline
09:34:24.515  +2599.476s  VIEW     A/AR vs EL/Over 150mm/BLD-EL-Cable Tray&Cable Tray Fittings-vs-BLD-AR-Floors  Clash1  FAILED, it was added without its hidden state, so it would show every discipline
09:34:24.515  +2599.476s  VIEW     A/AR vs EL/Over 150mm/BLD-EL-Cable Tray&Cable Tray Fittings-vs-BLD-AR-Floors  Clash2  FAILED, it was added without its hidden state, so it would show every discipline
09:34:24.515  +2599.477s  VIEW     A/AR vs EL/Over 150mm/BLD-EL-Cable Tray&Cable Tray Fittings-vs-BLD-AR-Floors  Clash3  FAILED, it was added without its hidden state, so it would show every discipline
09:34:24.515  +2599.478s  VIEW     A/AR vs EL/Over 150mm/BLD-EL-Cable Tray&Cable Tray Fittings-vs-BLD-AR-Floors  Clash4  FAILED, it was added without its hidden state, so it would show every discipline
09:34:24.515  +2599.478s  VIEW     A/AR vs EL/Over 150mm/BLD-EL-Cable Tray&Cable Tray Fittings-vs-BLD-AR-Floors  Clash5  FAILED, it was added without its hidden state, so it would show every discipline
09:34:24.515  +2599.479s  VIEW     A/AR vs EL/Over 150mm/BLD-EL-Cable Tray&Cable Tray Fittings-vs-BLD-AR-Floors  Clash6  FAILED, it was added without its hidden state, so it would show every discipline
09:34:24.515  +2599.480s  VIEW     A/AR vs EL/Over 150mm/BLD-EL-Cable Tray&Cable Tray Fittings-vs-BLD-AR-Floors  Clash7  FAILED, it was added without its hidden state, so it would show every discipline
09:34:24.515  +2599.480s  VIEW     A/AR vs EL/Over 150mm/BLD-EL-Cable Tray&Cable Tray Fittings-vs-BLD-AR-Floors  Clash8  FAILED, it was added without its hidden state, so it would show every discipline
09:34:24.515  +2599.481s  VIEW     A/AR vs EL/Over 150mm/BLD-EL-Cable Tray&Cable Tray Fittings-vs-BLD-AR-Floors  Clash9  FAILED, it was added without its hidden state, so it would show every discipline
09:34:24.515  +2599.482s  VIEW     A/AR vs EL/Over 150mm/BLD-EL-Cable Tray&Cable Tray Fittings-vs-BLD-AR-Walls  Clash1  FAILED, it was added without its hidden state, so it would show every discipline
09:34:24.515  +2599.482s  VIEW     A/AR vs EL/Over 150mm/BLD-EL-Cable Tray&Cable Tray Fittings-vs-BLD-AR-Walls  Clash2  FAILED, it was added without its hidden state, so it would show every discipline
09:34:24.515  +2599.483s  VIEW     A/AR vs EL/Over 150mm/BLD-EL-Cable Tray&Cable Tray Fittings-vs-BLD-AR-Walls  Clash3  FAILED, it was added without its hidden state, so it would show every discipline
09:34:24.528  +2599.483s  VIEW     A/AR vs EL/Over 150mm/BLD-EL-Cable Tray&Cable Tray Fittings-vs-BLD-AR-Walls  Clash4  FAILED, it was added without its hidden state, so it would show every discipline
09:34:24.528  +2599.484s  VIEW     A/AR vs EL/Over 150mm/BLD-EL-Cable Tray&Cable Tray Fittings-vs-BLD-AR-Walls  Clash5  FAILED, it was added without its hidden state, so it would show every discipline
09:34:24.528  +2599.485s  VIEW     A/AR vs EL/Over 150mm/BLD-EL-Cable Tray&Cable Tray Fittings-vs-BLD-AR-Walls  Clash6  FAILED, it was added without its hidden state, so it would show every discipline
09:34:24.528  +2599.485s  VIEW     A/AR vs EL/Over 150mm/BLD-EL-Cable Tray&Cable Tray Fittings-vs-BLD-AR-Walls  Clash7  FAILED, it was added without its hidden state, so it would show every discipline
09:34:24.531  +2599.486s  VIEW     A/AR vs EL/Over 150mm/BLD-EL-Cable Tray&Cable Tray Fittings-vs-BLD-AR-Walls  Clash8  FAILED, it was added without its hidden state, so it would show every discipline
09:34:24.532  +2599.487s  VIEW     A/AR vs EL/Over 150mm/BLD-EL-Cable Tray&Cable Tray Fittings-vs-BLD-AR-Walls  Clash9  FAILED, it was added without its hidden state, so it would show every discipline
09:34:24.532  +2599.488s  VIEW     A/AR vs EL/Over 150mm/BLD-EL-Cable Tray&Cable Tray Fittings-vs-BLD-AR-Walls  Clash10  FAILED, it was added without its hidden state, so it would show every discipline
09:34:24.532  +2599.488s  VIEW     A/AR vs EL/Over 150mm/BLD-EL-Cable Tray&Cable Tray Fittings-vs-BLD-AR-Walls  Clash11  FAILED, it was added without its hidden state, so it would show every discipline
09:34:24.532  +2599.489s  VIEW     A/AR vs EL/Over 150mm/BLD-EL-Cable Tray&Cable Tray Fittings-vs-BLD-AR-Walls  Clash12  FAILED, it was added without its hidden state, so it would show every discipline
09:34:24.532  +2599.490s  VIEW     A/AR vs EL/Over 150mm/BLD-EL-Cable Tray&Cable Tray Fittings-vs-BLD-AR-Walls  Clash13  FAILED, it was added without its hidden state, so it would show every discipline
09:34:24.532  +2599.490s  VIEW     A/AR vs EL/Over 150mm/BLD-EL-Cable Tray&Cable Tray Fittings-vs-BLD-AR-Walls  Clash14  FAILED, it was added without its hidden state, so it would show every discipline
09:34:24.532  +2599.491s  VIEW     A/AR vs EL/Over 150mm/BLD-EL-Cable Tray&Cable Tray Fittings-vs-BLD-AR-Walls  Clash15  FAILED, it was added without its hidden state, so it would show every discipline
09:34:24.532  +2599.492s  VIEW     A/AR vs EL/Over 150mm/BLD-EL-Cable Tray&Cable Tray Fittings-vs-BLD-AR-Walls  Clash16  FAILED, it was added without its hidden state, so it would show every discipline
09:34:24.532  +2599.493s  VIEW     A/AR vs EL/Over 150mm/BLD-EL-Cable Tray&Cable Tray Fittings-vs-BLD-AR-Walls  Clash17  FAILED, it was added without its hidden state, so it would show every discipline
09:34:24.532  +2599.493s  VIEW     A/AR vs EL/Over 150mm/BLD-EL-Cable Tray&Cable Tray Fittings-vs-BLD-AR-Walls  Clash18  FAILED, it was added without its hidden state, so it would show every discipline
09:34:24.532  +2599.494s  VIEW     A/AR vs EL/Over 150mm/BLD-EL-Cable Tray&Cable Tray Fittings-vs-BLD-AR-Walls  Clash19  FAILED, it was added without its hidden state, so it would show every discipline
09:34:24.532  +2599.495s  VIEW     A/AR vs EL/BLD-EL-Cable Tray&Cable Tray Fittings-vs-BLD-AR-Walls  Clash20  FAILED, it was added without its hidden state, so it would show every discipline
09:34:24.532  +2599.496s  VIEW     A/AR vs EL/Over 150mm/BLD-EL-Cable Tray&Cable Tray Fittings-vs-BLD-AR-Walls  Clash21  FAILED, it was added without its hidden state, so it would show every discipline
09:34:24.532  +2599.496s  VIEW     A/AR vs EL/BLD-EL-Cable Tray&Cable Tray Fittings-vs-BLD-AR-Walls  Clash22  FAILED, it was added without its hidden state, so it would show every discipline
09:34:24.532  +2599.497s  VIEW     A/AR vs EL/Over 150mm/BLD-EL-Cable Tray&Cable Tray Fittings-vs-BLD-AR-Walls  Clash23  FAILED, it was added without its hidden state, so it would show every discipline
09:34:24.532  +2599.498s  VIEW     A/AR vs EL/Over 150mm/BLD-EL-Cable Tray&Cable Tray Fittings-vs-BLD-AR-Walls  Clash24  FAILED, it was added without its hidden state, so it would show every discipline
09:34:24.532  +2599.499s  VIEW     A/AR vs EL/Over 150mm/BLD-EL-Cable Tray&Cable Tray Fittings-vs-BLD-AR-Walls  Clash25  FAILED, it was added without its hidden state, so it would show every discipline
09:34:24.544  +2599.499s  VIEW     A/AR vs EL/BLD-EL-Cable Tray&Cable Tray Fittings-vs-BLD-AR-Walls  Clash26  FAILED, it was added without its hidden state, so it would show every discipline
09:34:24.544  +2599.500s  VIEW     A/AR vs EL/BLD-EL-Cable Tray&Cable Tray Fittings-vs-BLD-AR-Walls  Clash27  FAILED, it was added without its hidden state, so it would show every discipline
09:34:24.544  +2599.501s  VIEW     A/AR vs EL/Over 150mm/BLD-EL-Cable Tray&Cable Tray Fittings-vs-BLD-AR-Walls  Clash28  FAILED, it was added without its hidden state, so it would show every discipline
09:34:24.544  +2599.502s  VIEW     A/AR vs EL/Over 150mm/BLD-EL-Cable Tray&Cable Tray Fittings-vs-BLD-AR-Walls  Clash29  FAILED, it was added without its hidden state, so it would show every discipline
09:34:24.547  +2599.502s  VIEW     A/AR vs EL/BLD-EL-Cable Tray&Cable Tray Fittings-vs-BLD-AR-Walls  Clash30  FAILED, it was added without its hidden state, so it would show every discipline
09:34:24.548  +2599.503s  VIEW     A/AR vs EL/BLD-EL-Cable Tray&Cable Tray Fittings-vs-BLD-AR-Walls  Clash31  FAILED, it was added without its hidden state, so it would show every discipline
09:34:24.548  +2599.504s  VIEW     A/AR vs EL/BLD-EL-Cable Tray&Cable Tray Fittings-vs-BLD-AR-Walls  Clash32  FAILED, it was added without its hidden state, so it would show every discipline
09:34:24.548  +2599.505s  VIEW     A/AR vs EL/Over 150mm/BLD-EL-Cable Tray&Cable Tray Fittings-vs-BLD-AR-Walls  Clash33  FAILED, it was added without its hidden state, so it would show every discipline
09:34:24.548  +2599.505s  VIEW     A/AR vs EL/Over 150mm/BLD-EL-Cable Tray&Cable Tray Fittings-vs-BLD-AR-Walls  Clash34  FAILED, it was added without its hidden state, so it would show every discipline
09:34:24.548  +2599.506s  VIEW     A/AR vs EL/BLD-EL-Cable Tray&Cable Tray Fittings-vs-BLD-AR-Walls  Clash35  FAILED, it was added without its hidden state, so it would show every discipline
09:34:24.548  +2599.507s  VIEW     A/AR vs EL/BLD-EL-Cable Tray&Cable Tray Fittings-vs-BLD-AR-Walls  Clash36  FAILED, it was added without its hidden state, so it would show every discipline
09:34:24.548  +2599.508s  VIEW     A/AR vs EL/Over 150mm/BLD-EL-Cable Tray&Cable Tray Fittings-vs-BLD-AR-Walls  Clash37  FAILED, it was added without its hidden state, so it would show every discipline
09:34:24.548  +2599.508s  VIEW     A/AR vs EL/Over 150mm/BLD-EL-Cable Tray&Cable Tray Fittings-vs-BLD-AR-Curtain Panels  Clash1  FAILED, it was added without its hidden state, so it would show every discipline
09:34:24.548  +2599.509s  VIEW     A/AR vs EL/Over 150mm/BLD-EL-Cable Tray&Cable Tray Fittings-vs-BLD-AR-Curtain Panels  Clash2  FAILED, it was added without its hidden state, so it would show every discipline
09:34:24.548  +2599.510s  VIEW     A/EL vs ST/Over 150mm/BLD-EL-Cable Tray&Cable Tray Fittings-vs-BLD-ST-Walls  Clash1  FAILED, it was added without its hidden state, so it would show every discipline
09:34:24.548  +2599.510s  VIEW     A/EL vs ST/Over 150mm/BLD-EL-Cable Tray&Cable Tray Fittings-vs-BLD-ST-Walls  Clash2  FAILED, it was added without its hidden state, so it would show every discipline
09:34:24.548  +2599.511s  VIEW     A/EL vs ST/Over 150mm/BLD-EL-Cable Tray&Cable Tray Fittings-vs-BLD-ST-Walls  Clash3  FAILED, it was added without its hidden state, so it would show every discipline
09:34:24.548  +2599.512s  VIEW     A/EL vs ST/Over 150mm/BLD-EL-Cable Tray&Cable Tray Fittings-vs-BLD-ST-Walls  Clash4  FAILED, it was added without its hidden state, so it would show every discipline
09:34:24.548  +2599.513s  VIEW     A/EL vs ST/Over 150mm/BLD-EL-Cable Tray&Cable Tray Fittings-vs-BLD-ST-Walls  Clash5  FAILED, it was added without its hidden state, so it would show every discipline
09:34:24.548  +2599.513s  VIEW     A/EL vs ST/Over 150mm/BLD-EL-Cable Tray&Cable Tray Fittings-vs-BLD-ST-Walls  Clash6  FAILED, it was added without its hidden state, so it would show every discipline
09:34:24.548  +2599.514s  VIEW     A/EL vs ST/Over 150mm/BLD-EL-Cable Tray&Cable Tray Fittings-vs-BLD-ST-Floors  Clash1  FAILED, it was added without its hidden state, so it would show every discipline
09:34:24.548  +2599.515s  VIEW     A/EL vs ST/Over 150mm/BLD-EL-Cable Tray&Cable Tray Fittings-vs-BLD-ST-Floors  Clash2  FAILED, it was added without its hidden state, so it would show every discipline
09:34:24.548  +2599.516s  VIEW     A/EL vs ME/Over 150mm/BLD-EL-Cable Tray&Cable Tray Fittings-vs-BLD-ME-Ducts&Duct Fittings  Clash1  FAILED, it was added without its hidden state, so it would show every discipline
09:34:24.548  +2599.516s  VIEW     A/EL vs ME/Over 150mm/BLD-EL-Cable Tray&Cable Tray Fittings-vs-BLD-ME-Ducts&Duct Fittings  Clash2  FAILED, it was added without its hidden state, so it would show every discipline
09:34:24.548  +2599.517s  VIEW     A/EL vs ME/Over 150mm/BLD-EL-Cable Tray&Cable Tray Fittings-vs-BLD-ME-Ducts&Duct Fittings  Clash3  FAILED, it was added without its hidden state, so it would show every discipline
09:34:24.548  +2599.518s  VIEW     A/EL vs FF/Over 150mm/BLD-EL-Cable Tray&Cable Tray Fittings-vs-BLD-FF-Pipes & Pipe Fittings  Clash1  FAILED, it was added without its hidden state, so it would show every discipline
09:34:24.548  +2599.519s  VIEW     A/EL vs FF/Over 150mm/BLD-EL-Cable Tray&Cable Tray Fittings-vs-BLD-FF-Pipes & Pipe Fittings  Clash2  FAILED, it was added without its hidden state, so it would show every discipline
09:34:24.564  +2599.519s  VIEW     A/EL vs FF/Over 150mm/BLD-EL-Cable Tray&Cable Tray Fittings-vs-BLD-FF-Pipes & Pipe Fittings  Clash4  FAILED, it was added without its hidden state, so it would show every discipline
09:34:24.565  +2599.520s  VIEW     A/EL vs FF/Over 150mm/BLD-EL-Cable Tray&Cable Tray Fittings-vs-BLD-FF-Pipes & Pipe Fittings  Clash5  FAILED, it was added without its hidden state, so it would show every discipline
09:34:24.565  +2599.521s  VIEW     A/AR vs EL/BLD-EL-Electrical Equipment-vs-BLD-AR-Walls  Clash1  FAILED, it was added without its hidden state, so it would show every discipline
09:34:24.565  +2599.522s  VIEW     A/EL vs ST/BLD-EL-Electrical Equipment-vs-BLD-ST-Foundation  Clash1  FAILED, it was added without its hidden state, so it would show every discipline
09:34:24.565  +2599.522s  VIEW     A/EL vs ST/BLD-EL-Electrical Equipment-vs-BLD-ST-Foundation  Clash2  FAILED, it was added without its hidden state, so it would show every discipline
09:34:24.565  +2599.523s  VIEW     A/EL vs ST/BLD-EL-Electrical Equipment-vs-BLD-ST-Walls  Clash1  FAILED, it was added without its hidden state, so it would show every discipline
09:34:24.565  +2599.524s  VIEW     A/EL vs ST/BLD-EL-Electrical Equipment-vs-BLD-ST-Floors  Clash1  FAILED, it was added without its hidden state, so it would show every discipline
09:34:24.565  +2599.524s  VIEW     A/EL vs ST/BLD-EL-Electrical Equipment-vs-BLD-ST-Floors  Clash2  FAILED, it was added without its hidden state, so it would show every discipline
09:34:24.565  +2599.525s  VIEW     A/EL vs ST/BLD-EL-Electrical Equipment-vs-BLD-ST-Floors  Clash3  FAILED, it was added without its hidden state, so it would show every discipline
09:34:24.565  +2599.526s  VIEW     A/EL vs EL/Over 150mm/BLD-EL-Electrical Equipment-vs-BLD-EL-Cable Tray&Cable Tray Fittings  Clash1  FAILED, it was added without its hidden state, so it would show every discipline
09:34:24.565  +2599.526s  VIEW     A/EL vs EL/Over 150mm/BLD-EL-Electrical Equipment-vs-BLD-EL-Cable Tray&Cable Tray Fittings  Clash2  FAILED, it was added without its hidden state, so it would show every discipline
09:34:24.565  +2599.527s  VIEW     A/EL vs EL/Over 150mm/BLD-EL-Electrical Equipment-vs-BLD-EL-Cable Tray&Cable Tray Fittings  Clash3  FAILED, it was added without its hidden state, so it would show every discipline
09:34:24.565  +2599.528s  VIEW     A/AR vs EL/BLD-EL-Electrical Fixtures-vs-BLD-AR-Walls  Clash1  FAILED, it was added without its hidden state, so it would show every discipline
09:34:24.565  +2599.528s  VIEW     A/AR vs EL/BLD-EL-Electrical Fixtures-vs-BLD-AR-Walls  Clash2  FAILED, it was added without its hidden state, so it would show every discipline
09:34:24.565  +2599.529s  VIEW     A/AR vs EL/BLD-EL-Electrical Fixtures-vs-BLD-AR-Walls  Clash3  FAILED, it was added without its hidden state, so it would show every discipline
09:34:24.565  +2599.529s  VIEW     A/AR vs EL/BLD-EL-Electrical Fixtures-vs-BLD-AR-Walls  Clash4  FAILED, it was added without its hidden state, so it would show every discipline
09:34:24.565  +2599.530s  VIEW     A/AR vs EL/BLD-EL-Electrical Fixtures-vs-BLD-AR-Walls  Clash5  FAILED, it was added without its hidden state, so it would show every discipline
09:34:24.565  +2599.532s  VIEW     A/AR vs EL/BLD-EL-Electrical Fixtures-vs-BLD-AR-Walls  Clash6  FAILED, it was added without its hidden state, so it would show every discipline
09:34:24.565  +2599.532s  VIEW     A/AR vs EL/BLD-EL-Electrical Fixtures-vs-BLD-AR-Walls  Clash7  FAILED, it was added without its hidden state, so it would show every discipline
09:34:24.565  +2599.533s  VIEW     A/AR vs EL/BLD-EL-Electrical Fixtures-vs-BLD-AR-Walls  Clash8  FAILED, it was added without its hidden state, so it would show every discipline
09:34:24.565  +2599.534s  VIEW     A/AR vs EL/BLD-EL-Electrical Fixtures-vs-BLD-AR-Walls  Clash9  FAILED, it was added without its hidden state, so it would show every discipline
09:34:24.565  +2599.534s  VIEW     A/AR vs EL/BLD-EL-Electrical Fixtures-vs-BLD-AR-Walls  Clash10  FAILED, it was added without its hidden state, so it would show every discipline
09:34:24.565  +2599.535s  VIEW     A/AR vs EL/BLD-EL-Electrical Fixtures-vs-BLD-AR-Walls  Clash11  FAILED, it was added without its hidden state, so it would show every discipline
09:34:24.581  +2599.536s  VIEW     A/AR vs EL/BLD-EL-Electrical Fixtures-vs-BLD-AR-Walls  Clash12  FAILED, it was added without its hidden state, so it would show every discipline
09:34:24.581  +2599.537s  VIEW     A/AR vs EL/BLD-EL-Electrical Fixtures-vs-BLD-AR-Walls  Clash13  FAILED, it was added without its hidden state, so it would show every discipline
09:34:24.582  +2599.538s  VIEW     A/AR vs EL/BLD-EL-Electrical Fixtures-vs-BLD-AR-Walls  Clash14  FAILED, it was added without its hidden state, so it would show every discipline
09:34:24.582  +2599.539s  VIEW     A/AR vs EL/BLD-EL-Electrical Fixtures-vs-BLD-AR-Walls  Clash15  FAILED, it was added without its hidden state, so it would show every discipline
09:34:24.582  +2599.539s  VIEW     A/AR vs EL/BLD-EL-Electrical Fixtures-vs-BLD-AR-Walls  Clash16  FAILED, it was added without its hidden state, so it would show every discipline
09:34:24.582  +2599.540s  VIEW     A/AR vs EL/BLD-EL-Electrical Fixtures-vs-BLD-AR-Walls  Clash17  FAILED, it was added without its hidden state, so it would show every discipline
09:34:24.582  +2599.541s  VIEW     A/AR vs EL/BLD-EL-Electrical Fixtures-vs-BLD-AR-Walls  Clash18  FAILED, it was added without its hidden state, so it would show every discipline
09:34:24.586  +2599.542s  VIEW     A/AR vs EL/BLD-EL-Electrical Fixtures-vs-BLD-AR-Walls  Clash19  FAILED, it was added without its hidden state, so it would show every discipline
09:34:24.587  +2599.542s  VIEW     A/AR vs EL/BLD-EL-Electrical Fixtures-vs-BLD-AR-Walls  Clash20  FAILED, it was added without its hidden state, so it would show every discipline
09:34:24.588  +2599.543s  VIEW     A/AR vs EL/BLD-EL-Electrical Fixtures-vs-BLD-AR-Walls  Clash21  FAILED, it was added without its hidden state, so it would show every discipline
09:34:24.588  +2599.544s  VIEW     A/AR vs EL/BLD-EL-Electrical Fixtures-vs-BLD-AR-Walls  Clash22  FAILED, it was added without its hidden state, so it would show every discipline
09:34:24.588  +2599.545s  VIEW     A/AR vs EL/BLD-EL-Electrical Fixtures-vs-BLD-AR-Walls  Clash23  FAILED, it was added without its hidden state, so it would show every discipline
09:34:24.588  +2599.546s  VIEW     A/AR vs EL/BLD-EL-Electrical Fixtures-vs-BLD-AR-Walls  Clash24  FAILED, it was added without its hidden state, so it would show every discipline
09:34:24.588  +2599.546s  VIEW     A/AR vs EL/BLD-EL-Electrical Fixtures-vs-BLD-AR-Walls  Clash25  FAILED, it was added without its hidden state, so it would show every discipline
09:34:24.591  +2599.547s  VIEW     A/AR vs EL/BLD-EL-Electrical Fixtures-vs-BLD-AR-Walls  Clash26  FAILED, it was added without its hidden state, so it would show every discipline
09:34:24.591  +2599.548s  VIEW     A/AR vs EL/BLD-EL-Electrical Fixtures-vs-BLD-AR-Walls  Clash27  FAILED, it was added without its hidden state, so it would show every discipline
09:34:24.593  +2599.548s  VIEW     A/AR vs EL/BLD-EL-Electrical Fixtures-vs-BLD-AR-Walls  Clash28  FAILED, it was added without its hidden state, so it would show every discipline
09:34:24.593  +2599.549s  VIEW     A/AR vs EL/BLD-EL-Electrical Fixtures-vs-BLD-AR-Walls  Clash29  FAILED, it was added without its hidden state, so it would show every discipline
09:34:24.595  +2599.550s  VIEW     A/AR vs EL/BLD-EL-Electrical Fixtures-vs-BLD-AR-Walls  Clash30  FAILED, it was added without its hidden state, so it would show every discipline
09:34:24.596  +2599.551s  VIEW     A/AR vs EL/BLD-EL-Electrical Fixtures-vs-BLD-AR-Walls  Clash31  FAILED, it was added without its hidden state, so it would show every discipline
09:34:24.596  +2599.551s  VIEW     A/AR vs EL/BLD-EL-Electrical Fixtures-vs-BLD-AR-Walls  Clash32  FAILED, it was added without its hidden state, so it would show every discipline
09:34:24.596  +2599.552s  VIEW     A/AR vs EL/BLD-EL-Electrical Fixtures-vs-BLD-AR-Walls  Clash33  FAILED, it was added without its hidden state, so it would show every discipline
09:34:24.597  +2599.553s  VIEW     A/AR vs EL/BLD-EL-Electrical Fixtures-vs-BLD-AR-Walls  Clash34  FAILED, it was added without its hidden state, so it would show every discipline
09:34:24.598  +2599.554s  VIEW     A/AR vs EL/BLD-EL-Electrical Fixtures-vs-BLD-AR-Walls  Clash35  FAILED, it was added without its hidden state, so it would show every discipline
09:34:24.599  +2599.554s  VIEW     A/AR vs EL/BLD-EL-Electrical Fixtures-vs-BLD-AR-Walls  Clash36  FAILED, it was added without its hidden state, so it would show every discipline
09:34:24.599  +2599.555s  VIEW     A/AR vs EL/BLD-EL-Electrical Fixtures-vs-BLD-AR-Walls  Clash37  FAILED, it was added without its hidden state, so it would show every discipline
09:34:24.599  +2599.556s  VIEW     A/AR vs EL/BLD-EL-Electrical Fixtures-vs-BLD-AR-Walls  Clash38  FAILED, it was added without its hidden state, so it would show every discipline
09:34:24.599  +2599.557s  VIEW     A/AR vs EL/BLD-EL-Electrical Fixtures-vs-BLD-AR-Walls  Clash39  FAILED, it was added without its hidden state, so it would show every discipline
09:34:24.599  +2599.557s  VIEW     A/AR vs EL/BLD-EL-Electrical Fixtures-vs-BLD-AR-Walls  Clash40  FAILED, it was added without its hidden state, so it would show every discipline
09:34:24.599  +2599.558s  VIEW     A/AR vs EL/BLD-EL-Electrical Fixtures-vs-BLD-AR-Walls  Clash41  FAILED, it was added without its hidden state, so it would show every discipline
09:34:24.599  +2599.558s  VIEW     A/AR vs EL/BLD-EL-Electrical Fixtures-vs-BLD-AR-Walls  Clash42  FAILED, it was added without its hidden state, so it would show every discipline
09:34:24.599  +2599.559s  VIEW     A/AR vs EL/BLD-EL-Electrical Fixtures-vs-BLD-AR-Walls  Clash43  FAILED, it was added without its hidden state, so it would show every discipline
09:34:24.599  +2599.560s  VIEW     A/AR vs EL/BLD-EL-Electrical Fixtures-vs-BLD-AR-Walls  Clash44  FAILED, it was added without its hidden state, so it would show every discipline
09:34:24.599  +2599.560s  VIEW     A/AR vs EL/BLD-EL-Electrical Fixtures-vs-BLD-AR-Walls  Clash45  FAILED, it was added without its hidden state, so it would show every discipline
09:34:24.599  +2599.562s  VIEW     A/AR vs EL/BLD-EL-Electrical Fixtures-vs-BLD-AR-Walls  Clash46  FAILED, it was added without its hidden state, so it would show every discipline
09:34:24.599  +2599.562s  VIEW     A/AR vs EL/BLD-EL-Electrical Fixtures-vs-BLD-AR-Walls  Clash47  FAILED, it was added without its hidden state, so it would show every discipline
09:34:24.599  +2599.563s  VIEW     A/AR vs EL/BLD-EL-Electrical Fixtures-vs-BLD-AR-Walls  Clash48  FAILED, it was added without its hidden state, so it would show every discipline
09:34:24.599  +2599.563s  VIEW     A/AR vs EL/BLD-EL-Electrical Fixtures-vs-BLD-AR-Walls  Clash49  FAILED, it was added without its hidden state, so it would show every discipline
09:34:24.599  +2599.564s  VIEW     A/AR vs EL/BLD-EL-Electrical Fixtures-vs-BLD-AR-Walls  Clash50  FAILED, it was added without its hidden state, so it would show every discipline
09:34:24.599  +2599.565s  VIEW     A/AR vs EL/BLD-EL-Electrical Fixtures-vs-BLD-AR-Walls  Clash51  FAILED, it was added without its hidden state, so it would show every discipline
09:34:24.599  +2599.565s  VIEW     A/AR vs EL/BLD-EL-Electrical Fixtures-vs-BLD-AR-Walls  Clash52  FAILED, it was added without its hidden state, so it would show every discipline
09:34:24.599  +2599.566s  VIEW     A/AR vs EL/BLD-EL-Electrical Fixtures-vs-BLD-AR-Walls  Clash53  FAILED, it was added without its hidden state, so it would show every discipline
09:34:24.599  +2599.567s  VIEW     A/AR vs EL/BLD-EL-Electrical Fixtures-vs-BLD-AR-Walls  Clash54  FAILED, it was added without its hidden state, so it would show every discipline
09:34:24.599  +2599.567s  VIEW     A/AR vs EL/BLD-EL-Electrical Fixtures-vs-BLD-AR-Walls  Clash55  FAILED, it was added without its hidden state, so it would show every discipline
09:34:24.599  +2599.568s  VIEW     A/AR vs EL/BLD-EL-Electrical Fixtures-vs-BLD-AR-Walls  Clash56  FAILED, it was added without its hidden state, so it would show every discipline
09:34:24.599  +2599.569s  VIEW     A/AR vs EL/BLD-EL-Electrical Fixtures-vs-BLD-AR-Walls  Clash57  FAILED, it was added without its hidden state, so it would show every discipline
09:34:24.599  +2599.569s  VIEW     A/AR vs EL/BLD-EL-Electrical Fixtures-vs-BLD-AR-Walls  Clash58  FAILED, it was added without its hidden state, so it would show every discipline
09:34:24.615  +2599.570s  VIEW     A/AR vs EL/BLD-EL-Electrical Fixtures-vs-BLD-AR-Walls  Clash59  FAILED, it was added without its hidden state, so it would show every discipline
09:34:24.615  +2599.571s  VIEW     A/AR vs EL/BLD-EL-Electrical Fixtures-vs-BLD-AR-Doors  Clash1  FAILED, it was added without its hidden state, so it would show every discipline
09:34:24.615  +2599.571s  VIEW     A/DR vs EL/Over 150mm/BLD-EL-Electrical Fixtures-vs-BLD-DR-Pipes & Pipe Fittings  Clash1  FAILED, it was added without its hidden state, so it would show every discipline
09:34:24.615  +2599.572s  VIEW     A/DR vs EL/Over 150mm/BLD-EL-Electrical Fixtures-vs-BLD-DR-Pipes & Pipe Fittings  Clash2  FAILED, it was added without its hidden state, so it would show every discipline
09:34:24.615  +2599.573s  VIEW     A/DR vs EL/Over 150mm/BLD-EL-Electrical Fixtures-vs-BLD-DR-Pipes & Pipe Fittings  Clash3  FAILED, it was added without its hidden state, so it would show every discipline
09:34:24.615  +2599.573s  VIEW     A/DR vs EL/Over 150mm/BLD-EL-Electrical Fixtures-vs-BLD-DR-Pipes & Pipe Fittings  Clash4  FAILED, it was added without its hidden state, so it would show every discipline
09:34:24.615  +2599.574s  VIEW     A/DR vs EL/Over 150mm/BLD-EL-Electrical Fixtures-vs-BLD-DR-Pipes & Pipe Fittings  Clash5  FAILED, it was added without its hidden state, so it would show every discipline
09:34:24.615  +2599.575s  VIEW     A/EL vs EL/Over 150mm/BLD-EL-Electrical Fixtures-vs-BLD-EL-Cable Tray&Cable Tray Fittings  Clash1  FAILED, it was added without its hidden state, so it would show every discipline
09:34:24.615  +2599.575s  VIEW     A/EL vs EL/Over 150mm/BLD-EL-Electrical Fixtures-vs-BLD-EL-Cable Tray&Cable Tray Fittings  Clash2  FAILED, it was added without its hidden state, so it would show every discipline
09:34:24.615  +2599.576s  VIEW     A/EL vs EL/Over 150mm/BLD-EL-Electrical Fixtures-vs-BLD-EL-Cable Tray&Cable Tray Fittings  Clash3  FAILED, it was added without its hidden state, so it would show every discipline
09:34:24.615  +2599.577s  VIEW     A/EL vs EL/Over 150mm/BLD-EL-Electrical Fixtures-vs-BLD-EL-Cable Tray&Cable Tray Fittings  Clash4  FAILED, it was added without its hidden state, so it would show every discipline
09:34:24.615  +2599.577s  VIEW     A/EL vs EL/Over 150mm/BLD-EL-Electrical Fixtures-vs-BLD-EL-Cable Tray&Cable Tray Fittings  Clash5  FAILED, it was added without its hidden state, so it would show every discipline
09:34:24.615  +2599.578s  VIEW     A/EL vs EL/BLD-EL-Electrical Fixtures-vs-BLD-EL-Electrical Equipment  Clash1  FAILED, it was added without its hidden state, so it would show every discipline
09:34:24.615  +2599.578s  VIEW     A/EL vs EL/BLD-EL-Electrical Fixtures-vs-BLD-EL-Electrical Equipment  Clash2  FAILED, it was added without its hidden state, so it would show every discipline
09:34:24.615  +2599.579s  VIEW     A/EL vs EL/BLD-EL-Electrical Fixtures-vs-BLD-EL-Electrical Equipment  Clash3  FAILED, it was added without its hidden state, so it would show every discipline
09:34:24.615  +2599.580s  VIEW     C/AR vs EL/Over 150mm/BLD-EL-Conduits & Conduit Fittings-vs-BLD-AR-Floors  Clash9  FAILED, it was added without its hidden state, so it would show every discipline
09:34:24.615  +2599.580s  VIEW     C/AR vs EL/Over 150mm/BLD-EL-Conduits & Conduit Fittings-vs-BLD-AR-Ceilings  Clash1  FAILED, it was added without its hidden state, so it would show every discipline
09:34:24.615  +2599.581s  VIEW     C/AR vs EL/Over 150mm/BLD-EL-Conduits & Conduit Fittings-vs-BLD-AR-Walls  Clash3  FAILED, it was added without its hidden state, so it would show every discipline
09:34:24.615  +2599.582s  VIEW     C/DR vs EL/Over 150mm/BLD-EL-Conduits & Conduit Fittings-vs-BLD-DR-Pipes & Pipe Fittings  Clash1  FAILED, it was added without its hidden state, so it would show every discipline
09:34:24.615  +2599.582s  VIEW     C/DR vs EL/Over 150mm/BLD-EL-Conduits & Conduit Fittings-vs-BLD-DR-Pipes & Pipe Fittings  Clash2  FAILED, it was added without its hidden state, so it would show every discipline
09:34:24.615  +2599.583s  VIEW     C/DR vs EL/Over 150mm/BLD-EL-Conduits & Conduit Fittings-vs-BLD-DR-Pipes & Pipe Fittings  Clash3  FAILED, it was added without its hidden state, so it would show every discipline
09:34:24.615  +2599.584s  VIEW     C/EL vs EL/Over 150mm/BLD-EL-Conduits & Conduit Fittings-vs-BLD-EL-Cable Tray&Cable Tray Fittings  Clash1  FAILED, it was added without its hidden state, so it would show every discipline
09:34:24.628  +2599.584s  VIEW     C/EL vs EL/Over 150mm/BLD-EL-Conduits & Conduit Fittings-vs-BLD-EL-Cable Tray&Cable Tray Fittings  Clash2  FAILED, it was added without its hidden state, so it would show every discipline
09:34:24.628  +2599.585s  VIEW     C/EL vs EL/Over 150mm/BLD-EL-Conduits & Conduit Fittings-vs-BLD-EL-Cable Tray&Cable Tray Fittings  Clash3  FAILED, it was added without its hidden state, so it would show every discipline
09:34:24.630  +2599.586s  VIEW     C/EL vs EL/Over 150mm/BLD-EL-Conduits & Conduit Fittings-vs-BLD-EL-Electrical Equipment  Clash9  FAILED, it was added without its hidden state, so it would show every discipline
09:34:24.630  +2599.586s  VIEW     C/EL vs EL/Over 150mm/BLD-EL-Conduits & Conduit Fittings-vs-BLD-EL-Electrical Equipment  Clash10  FAILED, it was added without its hidden state, so it would show every discipline
09:34:24.632  +2599.587s  VIEW     C/EL vs EL/Over 150mm/BLD-EL-Conduits & Conduit Fittings-vs-BLD-EL-Electrical Equipment  Clash11  FAILED, it was added without its hidden state, so it would show every discipline
09:34:24.632  +2599.588s  VIEW     C/EL vs EL/Over 150mm/BLD-EL-Conduits & Conduit Fittings-vs-BLD-EL-Electrical Equipment  Clash14  FAILED, it was added without its hidden state, so it would show every discipline
09:34:24.632  +2599.588s  VIEW     A/AR vs EL/BLD-EL-Lighting Fixtures-vs-BLD-AR-Stairs  Clash1  FAILED, it was added without its hidden state, so it would show every discipline
09:34:24.632  +2599.589s  VIEW     A/AR vs EL/BLD-EL-Lighting Fixtures-vs-BLD-AR-Stairs  Clash2  FAILED, it was added without its hidden state, so it would show every discipline
09:34:24.632  +2599.590s  VIEW     B/AR vs EL/BLD-EL-Lighting Fixtures-vs-BLD-AR-Ceilings  Clash1  FAILED, it was added without its hidden state, so it would show every discipline
09:34:24.632  +2599.590s  VIEW     B/AR vs EL/BLD-EL-Lighting Fixtures-vs-BLD-AR-Ceilings  Clash2  FAILED, it was added without its hidden state, so it would show every discipline
09:34:24.632  +2599.591s  VIEW     B/AR vs EL/BLD-EL-Lighting Fixtures-vs-BLD-AR-Ceilings  Clash3  FAILED, it was added without its hidden state, so it would show every discipline
09:34:24.632  +2599.592s  VIEW     B/AR vs EL/BLD-EL-Lighting Fixtures-vs-BLD-AR-Ceilings  Clash4  FAILED, it was added without its hidden state, so it would show every discipline
09:34:24.632  +2599.592s  VIEW     A/EL vs ME/Over 150mm/BLD-EL-Lighting Fixtures-vs-BLD-ME-Ducts&Duct Fittings  Clash1  FAILED, it was added without its hidden state, so it would show every discipline
09:34:24.632  +2599.593s  VIEW     B/EL vs FF/Over 150mm/BLD-EL-Lighting Fixtures-vs-BLD-FF-Pipes & Pipe Fittings  Clash2  FAILED, it was added without its hidden state, so it would show every discipline
09:34:24.632  +2599.594s  VIEW     B/EL vs FF/Over 150mm/BLD-EL-Lighting Fixtures-vs-BLD-FF-Pipes & Pipe Fittings  Clash3  FAILED, it was added without its hidden state, so it would show every discipline
09:34:24.632  +2599.594s  VIEW     B/EL vs FF/Over 150mm/BLD-EL-Lighting Fixtures-vs-BLD-FF-Pipes & Pipe Fittings  Clash4  FAILED, it was added without its hidden state, so it would show every discipline
09:34:24.632  +2599.595s  VIEW     B/EL vs FF/Over 150mm/BLD-EL-Lighting Fixtures-vs-BLD-FF-Pipes & Pipe Fittings  Clash5  FAILED, it was added without its hidden state, so it would show every discipline
09:34:24.632  +2599.595s  VIEW     B/AR vs EL/BLD-EL-Lighting Devices-vs-BLD-AR-Walls  Clash1  FAILED, it was added without its hidden state, so it would show every discipline
09:34:24.632  +2599.596s  VIEW     B/AR vs EL/BLD-EL-Lighting Devices-vs-BLD-AR-Walls  Clash2  FAILED, it was added without its hidden state, so it would show every discipline
09:34:24.632  +2599.597s  VIEW     B/AR vs EL/BLD-EL-Lighting Devices-vs-BLD-AR-Walls  Clash3  FAILED, it was added without its hidden state, so it would show every discipline
09:34:24.632  +2599.598s  VIEW     B/AR vs EL/BLD-EL-Lighting Devices-vs-BLD-AR-Walls  Clash4  FAILED, it was added without its hidden state, so it would show every discipline
09:34:24.632  +2599.598s  VIEW     B/AR vs EL/BLD-EL-Lighting Devices-vs-BLD-AR-Walls  Clash5  FAILED, it was added without its hidden state, so it would show every discipline
09:34:24.643  +2599.599s  VIEW     B/AR vs EL/BLD-EL-Lighting Devices-vs-BLD-AR-Walls  Clash6  FAILED, it was added without its hidden state, so it would show every discipline
09:34:24.643  +2599.599s  VIEW     B/AR vs EL/BLD-EL-Lighting Devices-vs-BLD-AR-Walls  Clash7  FAILED, it was added without its hidden state, so it would show every discipline
09:34:24.643  +2599.600s  VIEW     B/AR vs EL/BLD-EL-Lighting Devices-vs-BLD-AR-Walls  Clash8  FAILED, it was added without its hidden state, so it would show every discipline
09:34:24.643  +2599.601s  VIEW     B/AR vs EL/BLD-EL-Fire Alarm Devices-vs-BLD-AR-Ceilings  Clash1  FAILED, it was added without its hidden state, so it would show every discipline
09:34:24.643  +2599.601s  VIEW     B/AR vs EL/BLD-EL-Fire Alarm Devices-vs-BLD-AR-Ceilings  Clash2  FAILED, it was added without its hidden state, so it would show every discipline
09:34:24.643  +2599.602s  VIEW     B/AR vs EL/BLD-EL-Fire Alarm Devices-vs-BLD-AR-Ceilings  Clash3  FAILED, it was added without its hidden state, so it would show every discipline
09:34:24.647  +2599.603s  VIEW     B/AR vs EL/BLD-EL-Fire Alarm Devices-vs-BLD-AR-Ceilings  Clash4  FAILED, it was added without its hidden state, so it would show every discipline
09:34:24.648  +2599.603s  VIEW     B/AR vs EL/BLD-EL-Fire Alarm Devices-vs-BLD-AR-Ceilings  Clash5  FAILED, it was added without its hidden state, so it would show every discipline
09:34:24.649  +2599.604s  VIEW     B/AR vs EL/BLD-EL-Fire Alarm Devices-vs-BLD-AR-Ceilings  Clash6  FAILED, it was added without its hidden state, so it would show every discipline
09:34:24.649  +2599.605s  VIEW     B/AR vs EL/BLD-EL-Fire Alarm Devices-vs-BLD-AR-Walls  Clash1  FAILED, it was added without its hidden state, so it would show every discipline
09:34:24.649  +2599.606s  VIEW     B/AR vs EL/BLD-EL-Fire Alarm Devices-vs-BLD-AR-Walls  Clash2  FAILED, it was added without its hidden state, so it would show every discipline
09:34:24.649  +2599.606s  VIEW     B/AR vs EL/BLD-EL-Fire Alarm Devices-vs-BLD-AR-Walls  Clash3  FAILED, it was added without its hidden state, so it would show every discipline
09:34:24.649  +2599.607s  VIEW     B/AR vs EL/BLD-EL-Fire Alarm Devices-vs-BLD-AR-Walls  Clash4  FAILED, it was added without its hidden state, so it would show every discipline
09:34:24.649  +2599.607s  VIEW     B/AR vs EL/BLD-EL-Fire Alarm Devices-vs-BLD-AR-Walls  Clash5  FAILED, it was added without its hidden state, so it would show every discipline
09:34:24.649  +2599.608s  VIEW     B/AR vs EL/BLD-EL-Fire Alarm Devices-vs-BLD-AR-Walls  Clash6  FAILED, it was added without its hidden state, so it would show every discipline
09:34:24.649  +2599.609s  VIEW     B/AR vs EL/BLD-EL-Fire Alarm Devices-vs-BLD-AR-Doors  Clash1  FAILED, it was added without its hidden state, so it would show every discipline
09:34:24.649  +2599.609s  VIEW     B/AR vs EL/BLD-EL-Fire Alarm Devices-vs-BLD-AR-Doors  Clash2  FAILED, it was added without its hidden state, so it would show every discipline
09:34:24.649  +2599.610s  VIEW     C/EL vs ME/Over 150mm/BLD-EL-Fire Alarm Devices-vs-BLD-ME-Ducts&Duct Fittings  Clash1  FAILED, it was added without its hidden state, so it would show every discipline
09:34:24.649  +2599.611s  VIEW     C/AR vs EL/BLD-EL-Communication Devices-vs-BLD-AR-Floors  Clash1  FAILED, it was added without its hidden state, so it would show every discipline
09:34:24.649  +2599.611s  VIEW     C/AR vs EL/BLD-EL-Communication Devices-vs-BLD-AR-Floors  Clash2  FAILED, it was added without its hidden state, so it would show every discipline
09:34:24.649  +2599.612s  VIEW     C/AR vs EL/BLD-EL-Communication Devices-vs-BLD-AR-Floors  Clash3  FAILED, it was added without its hidden state, so it would show every discipline
09:34:24.649  +2599.613s  VIEW     C/AR vs EL/BLD-EL-Communication Devices-vs-BLD-AR-Floors  Clash4  FAILED, it was added without its hidden state, so it would show every discipline
09:34:24.649  +2599.613s  VIEW     C/AR vs EL/BLD-EL-Communication Devices-vs-BLD-AR-Floors  Clash5  FAILED, it was added without its hidden state, so it would show every discipline
09:34:24.649  +2599.614s  VIEW     C/AR vs EL/BLD-EL-Communication Devices-vs-BLD-AR-Floors  Clash6  FAILED, it was added without its hidden state, so it would show every discipline
09:34:24.649  +2599.615s  VIEW     C/AR vs EL/BLD-EL-Communication Devices-vs-BLD-AR-Floors  Clash7  FAILED, it was added without its hidden state, so it would show every discipline
09:34:24.649  +2599.615s  VIEW     C/AR vs EL/BLD-EL-Communication Devices-vs-BLD-AR-Floors  Clash8  FAILED, it was added without its hidden state, so it would show every discipline
09:34:24.649  +2599.616s  VIEW     C/AR vs EL/BLD-EL-Communication Devices-vs-BLD-AR-Floors  Clash9  FAILED, it was added without its hidden state, so it would show every discipline
09:34:24.649  +2599.616s  VIEW     C/AR vs EL/BLD-EL-Communication Devices-vs-BLD-AR-Floors  Clash10  FAILED, it was added without its hidden state, so it would show every discipline
09:34:24.649  +2599.617s  VIEW     C/AR vs EL/BLD-EL-Communication Devices-vs-BLD-AR-Floors  Clash11  FAILED, it was added without its hidden state, so it would show every discipline
09:34:24.649  +2599.618s  VIEW     C/AR vs EL/BLD-EL-Communication Devices-vs-BLD-AR-Floors  Clash12  FAILED, it was added without its hidden state, so it would show every discipline
09:34:24.649  +2599.618s  VIEW     C/AR vs EL/BLD-EL-Communication Devices-vs-BLD-AR-Floors  Clash13  FAILED, it was added without its hidden state, so it would show every discipline
09:34:24.649  +2599.619s  VIEW     C/AR vs EL/BLD-EL-Communication Devices-vs-BLD-AR-Floors  Clash14  FAILED, it was added without its hidden state, so it would show every discipline
09:34:24.664  +2599.620s  VIEW     C/AR vs EL/BLD-EL-Communication Devices-vs-BLD-AR-Floors  Clash15  FAILED, it was added without its hidden state, so it would show every discipline
09:34:24.665  +2599.621s  VIEW     C/AR vs EL/BLD-EL-Communication Devices-vs-BLD-AR-Floors  Clash16  FAILED, it was added without its hidden state, so it would show every discipline
09:34:24.665  +2599.621s  VIEW     C/AR vs EL/BLD-EL-Communication Devices-vs-BLD-AR-Floors  Clash17  FAILED, it was added without its hidden state, so it would show every discipline
09:34:24.665  +2599.622s  VIEW     C/AR vs EL/BLD-EL-Communication Devices-vs-BLD-AR-Floors  Clash18  FAILED, it was added without its hidden state, so it would show every discipline
09:34:24.665  +2599.623s  VIEW     C/AR vs EL/BLD-EL-Communication Devices-vs-BLD-AR-Floors  Clash19  FAILED, it was added without its hidden state, so it would show every discipline
09:34:24.665  +2599.624s  VIEW     C/AR vs EL/BLD-EL-Communication Devices-vs-BLD-AR-Floors  Clash20  FAILED, it was added without its hidden state, so it would show every discipline
09:34:24.665  +2599.625s  VIEW     C/AR vs EL/BLD-EL-Communication Devices-vs-BLD-AR-Floors  Clash21  FAILED, it was added without its hidden state, so it would show every discipline
09:34:24.665  +2599.625s  VIEW     C/AR vs EL/BLD-EL-Communication Devices-vs-BLD-AR-Floors  Clash22  FAILED, it was added without its hidden state, so it would show every discipline
09:34:24.665  +2599.626s  VIEW     C/AR vs EL/BLD-EL-Communication Devices-vs-BLD-AR-Floors  Clash23  FAILED, it was added without its hidden state, so it would show every discipline
09:34:24.665  +2599.627s  VIEW     C/AR vs EL/BLD-EL-Communication Devices-vs-BLD-AR-Floors  Clash24  FAILED, it was added without its hidden state, so it would show every discipline
09:34:24.665  +2599.627s  VIEW     C/AR vs EL/BLD-EL-Communication Devices-vs-BLD-AR-Floors  Clash25  FAILED, it was added without its hidden state, so it would show every discipline
09:34:24.665  +2599.628s  VIEW     C/AR vs EL/BLD-EL-Communication Devices-vs-BLD-AR-Floors  Clash26  FAILED, it was added without its hidden state, so it would show every discipline
09:34:24.665  +2599.629s  VIEW     C/AR vs EL/BLD-EL-Communication Devices-vs-BLD-AR-Floors  Clash27  FAILED, it was added without its hidden state, so it would show every discipline
09:34:24.665  +2599.630s  VIEW     C/AR vs EL/BLD-EL-Communication Devices-vs-BLD-AR-Floors  Clash28  FAILED, it was added without its hidden state, so it would show every discipline
09:34:24.665  +2599.630s  VIEW     C/AR vs EL/BLD-EL-Communication Devices-vs-BLD-AR-Floors  Clash29  FAILED, it was added without its hidden state, so it would show every discipline
09:34:24.665  +2599.631s  VIEW     C/AR vs EL/BLD-EL-Communication Devices-vs-BLD-AR-Floors  Clash30  FAILED, it was added without its hidden state, so it would show every discipline
09:34:24.665  +2599.631s  VIEW     C/AR vs EL/BLD-EL-Communication Devices-vs-BLD-AR-Floors  Clash31  FAILED, it was added without its hidden state, so it would show every discipline
09:34:24.665  +2599.632s  VIEW     C/AR vs EL/BLD-EL-Communication Devices-vs-BLD-AR-Floors  Clash32  FAILED, it was added without its hidden state, so it would show every discipline
09:34:24.665  +2599.633s  VIEW     C/AR vs EL/BLD-EL-Communication Devices-vs-BLD-AR-Floors  Clash33  FAILED, it was added without its hidden state, so it would show every discipline
09:34:24.665  +2599.634s  VIEW     C/AR vs EL/BLD-EL-Communication Devices-vs-BLD-AR-Curtain Panels  Clash1  FAILED, it was added without its hidden state, so it would show every discipline
09:34:24.665  +2599.634s  VIEW     C/AR vs EL/BLD-EL-Communication Devices-vs-BLD-AR-Curtain Panels  Clash2  FAILED, it was added without its hidden state, so it would show every discipline
09:34:24.665  +2599.635s  VIEW     C/AR vs EL/BLD-EL-Communication Devices-vs-BLD-AR-Curtain Panels  Clash3  FAILED, it was added without its hidden state, so it would show every discipline
09:34:24.665  +2599.635s  VIEW     C/AR vs EL/BLD-EL-Communication Devices-vs-BLD-AR-Curtain Panels  Clash4  FAILED, it was added without its hidden state, so it would show every discipline
09:34:24.680  +2599.636s  VIEW     C/AR vs EL/BLD-EL-Communication Devices-vs-BLD-AR-Curtain Panels  Clash5  FAILED, it was added without its hidden state, so it would show every discipline
09:34:24.681  +2599.637s  VIEW     C/AR vs EL/BLD-EL-Communication Devices-vs-BLD-AR-Curtain Panels  Clash6  FAILED, it was added without its hidden state, so it would show every discipline
09:34:24.682  +2599.638s  VIEW     C/AR vs EL/BLD-EL-Communication Devices-vs-BLD-AR-Curtain Panels  Clash7  FAILED, it was added without its hidden state, so it would show every discipline
09:34:24.682  +2599.640s  VIEW     C/AR vs EL/BLD-EL-Communication Devices-vs-BLD-AR-Curtain Mullions  Clash1  FAILED, it was added without its hidden state, so it would show every discipline
09:34:24.682  +2599.640s  VIEW     C/AR vs EL/BLD-EL-Communication Devices-vs-BLD-AR-Curtain Mullions  Clash2  FAILED, it was added without its hidden state, so it would show every discipline
09:34:24.682  +2599.642s  VIEW     C/AR vs EL/BLD-EL-Communication Devices-vs-BLD-AR-Curtain Mullions  Clash3  FAILED, it was added without its hidden state, so it would show every discipline
09:34:24.682  +2599.642s  VIEW     C/AR vs EL/BLD-EL-Communication Devices-vs-BLD-AR-Curtain Mullions  Clash4  FAILED, it was added without its hidden state, so it would show every discipline
09:34:24.682  +2599.643s  VIEW     C/EL vs EL/BLD-EL-Communication Devices-vs-BLD-EL-Lighting Fixtures  Clash1  FAILED, it was added without its hidden state, so it would show every discipline
09:34:24.682  +2599.644s  VIEW     C/AR vs EL/BLD-EL-Data Devices-vs-BLD-AR-Walls  Clash1  FAILED, it was added without its hidden state, so it would show every discipline
09:34:24.689  +2599.645s  VIEW     C/AR vs EL/BLD-EL-Data Devices-vs-BLD-AR-Walls  Clash2  FAILED, it was added without its hidden state, so it would show every discipline
09:34:24.691  +2599.646s  VIEW     C/AR vs EL/BLD-EL-Data Devices-vs-BLD-AR-Walls  Clash3  FAILED, it was added without its hidden state, so it would show every discipline
09:34:24.691  +2599.647s  VIEW     C/AR vs EL/BLD-EL-Data Devices-vs-BLD-AR-Walls  Clash4  FAILED, it was added without its hidden state, so it would show every discipline
09:34:24.691  +2599.647s  VIEW     C/AR vs EL/BLD-EL-Data Devices-vs-BLD-AR-Walls  Clash5  FAILED, it was added without its hidden state, so it would show every discipline
09:34:24.691  +2599.648s  VIEW     C/AR vs EL/BLD-EL-Data Devices-vs-BLD-AR-Walls  Clash6  FAILED, it was added without its hidden state, so it would show every discipline
09:34:24.693  +2599.648s  VIEW     C/AR vs EL/BLD-EL-Data Devices-vs-BLD-AR-Walls  Clash7  FAILED, it was added without its hidden state, so it would show every discipline
09:34:24.693  +2599.649s  VIEW     C/AR vs EL/BLD-EL-Data Devices-vs-BLD-AR-Walls  Clash8  FAILED, it was added without its hidden state, so it would show every discipline
09:34:24.693  +2599.650s  VIEW     C/AR vs EL/BLD-EL-Data Devices-vs-BLD-AR-Walls  Clash9  FAILED, it was added without its hidden state, so it would show every discipline
09:34:24.693  +2599.650s  VIEW     C/AR vs EL/BLD-EL-Data Devices-vs-BLD-AR-Walls  Clash10  FAILED, it was added without its hidden state, so it would show every discipline
09:34:24.693  +2599.651s  VIEW     C/AR vs EL/BLD-EL-Data Devices-vs-BLD-AR-Walls  Clash11  FAILED, it was added without its hidden state, so it would show every discipline
09:34:24.693  +2599.652s  VIEW     C/AR vs EL/BLD-EL-Data Devices-vs-BLD-AR-Walls  Clash12  FAILED, it was added without its hidden state, so it would show every discipline
09:34:24.693  +2599.652s  VIEW     C/AR vs EL/BLD-EL-Data Devices-vs-BLD-AR-Walls  Clash13  FAILED, it was added without its hidden state, so it would show every discipline
09:34:24.697  +2599.653s  VIEW     C/AR vs EL/BLD-EL-Data Devices-vs-BLD-AR-Walls  Clash14  FAILED, it was added without its hidden state, so it would show every discipline
09:34:24.698  +2599.654s  VIEW     C/AR vs EL/BLD-EL-Data Devices-vs-BLD-AR-Walls  Clash15  FAILED, it was added without its hidden state, so it would show every discipline
09:34:24.698  +2599.655s  VIEW     C/AR vs EL/BLD-EL-Data Devices-vs-BLD-AR-Walls  Clash16  FAILED, it was added without its hidden state, so it would show every discipline
09:34:24.698  +2599.655s  VIEW     C/AR vs EL/BLD-EL-Data Devices-vs-BLD-AR-Walls  Clash17  FAILED, it was added without its hidden state, so it would show every discipline
09:34:24.698  +2599.656s  VIEW     C/AR vs EL/BLD-EL-Data Devices-vs-BLD-AR-Curtain Panels  Clash1  FAILED, it was added without its hidden state, so it would show every discipline
09:34:24.698  +2599.657s  VIEW     C/AR vs EL/BLD-EL-Data Devices-vs-BLD-AR-Curtain Panels  Clash2  FAILED, it was added without its hidden state, so it would show every discipline
09:34:24.698  +2599.657s  VIEW     C/AR vs EL/BLD-EL-Data Devices-vs-BLD-AR-Curtain Panels  Clash3  FAILED, it was added without its hidden state, so it would show every discipline
09:34:24.698  +2599.658s  VIEW     C/AR vs EL/BLD-EL-Data Devices-vs-BLD-AR-Curtain Panels  Clash4  FAILED, it was added without its hidden state, so it would show every discipline
09:34:24.698  +2599.658s  VIEW     C/EL vs EL/Over 150mm/BLD-EL-Data Devices-vs-BLD-EL-Cable Tray&Cable Tray Fittings  Clash1  FAILED, it was added without its hidden state, so it would show every discipline
09:34:24.698  +2599.659s  VIEW     C/EL vs EL/Over 150mm/BLD-EL-Data Devices-vs-BLD-EL-Cable Tray&Cable Tray Fittings  Clash2  FAILED, it was added without its hidden state, so it would show every discipline
09:34:24.698  +2599.660s  VIEW     C/EL vs EL/Over 150mm/BLD-EL-Data Devices-vs-BLD-EL-Cable Tray&Cable Tray Fittings  Clash3  FAILED, it was added without its hidden state, so it would show every discipline
09:34:24.698  +2599.660s  VIEW     C/EL vs EL/BLD-EL-Data Devices-vs-BLD-EL-Electrical Fixtures  Clash1  FAILED, it was added without its hidden state, so it would show every discipline
09:34:24.698  +2599.661s  VIEW     C/EL vs EL/BLD-EL-Data Devices-vs-BLD-EL-Electrical Fixtures  Clash2  FAILED, it was added without its hidden state, so it would show every discipline
09:34:24.698  +2599.662s  VIEW     C/EL vs EL/BLD-EL-Data Devices-vs-BLD-EL-Electrical Fixtures  Clash3  FAILED, it was added without its hidden state, so it would show every discipline
09:34:24.698  +2599.662s  VIEW     C/EL vs EL/BLD-EL-Data Devices-vs-BLD-EL-Electrical Fixtures  Clash4  FAILED, it was added without its hidden state, so it would show every discipline
09:34:24.698  +2599.663s  VIEW     C/EL vs EL/BLD-EL-Data Devices-vs-BLD-EL-Electrical Fixtures  Clash5  FAILED, it was added without its hidden state, so it would show every discipline
09:34:24.698  +2599.663s  VIEW     C/EL vs EL/BLD-EL-Data Devices-vs-BLD-EL-Fire Alarm Devices  Clash1  FAILED, it was added without its hidden state, so it would show every discipline
09:34:24.698  +2599.664s  VIEW     C/EL vs EL/BLD-EL-Data Devices-vs-BLD-EL-Fire Alarm Devices  Clash2  FAILED, it was added without its hidden state, so it would show every discipline
09:34:24.698  +2599.665s  VIEW     C/EL vs EL/BLD-EL-Data Devices-vs-BLD-EL-Communication Devices  Clash1  FAILED, it was added without its hidden state, so it would show every discipline
09:34:24.698  +2599.665s  VIEW     C/EL vs EL/BLD-EL-Data Devices-vs-BLD-EL-Communication Devices  Clash2  FAILED, it was added without its hidden state, so it would show every discipline
09:34:24.698  +2599.666s  VIEW     C/EL vs EL/BLD-EL-Data Devices-vs-BLD-EL-Communication Devices  Clash3  FAILED, it was added without its hidden state, so it would show every discipline
09:34:24.698  +2599.667s  VIEW     C/EL vs EL/BLD-EL-Data Devices-vs-BLD-EL-Communication Devices  Clash4  FAILED, it was added without its hidden state, so it would show every discipline
09:34:24.698  +2599.667s  VIEW     C/EL vs EL/BLD-EL-Data Devices-vs-BLD-EL-Communication Devices  Clash5  FAILED, it was added without its hidden state, so it would show every discipline
09:34:24.698  +2599.668s  VIEW     C/EL vs EL/BLD-EL-Data Devices-vs-BLD-EL-Communication Devices  Clash6  FAILED, it was added without its hidden state, so it would show every discipline
09:34:24.698  +2599.669s  VIEW     C/EL vs EL/BLD-EL-Data Devices-vs-BLD-EL-Communication Devices  Clash7  FAILED, it was added without its hidden state, so it would show every discipline
09:34:24.714  +2599.669s  VIEW     C/EL vs EL/BLD-EL-Data Devices-vs-BLD-EL-Communication Devices  Clash8  FAILED, it was added without its hidden state, so it would show every discipline
09:34:24.715  +2599.670s  VIEW     C/EL vs EL/BLD-EL-Data Devices-vs-BLD-EL-Communication Devices  Clash9  FAILED, it was added without its hidden state, so it would show every discipline
09:34:24.715  +2599.671s  VIEW     C/EL vs EL/BLD-EL-Data Devices-vs-BLD-EL-Communication Devices  Clash10  FAILED, it was added without its hidden state, so it would show every discipline
09:34:24.715  +2599.672s  VIEW     C/EL vs EL/BLD-EL-Data Devices-vs-BLD-EL-Communication Devices  Clash11  FAILED, it was added without its hidden state, so it would show every discipline
09:34:24.715  +2599.672s  VIEW     C/EL vs EL/BLD-EL-Data Devices-vs-BLD-EL-Communication Devices  Clash12  FAILED, it was added without its hidden state, so it would show every discipline
09:34:24.715  +2599.673s  VIEW     C/EL vs EL/BLD-EL-Data Devices-vs-BLD-EL-Communication Devices  Clash13  FAILED, it was added without its hidden state, so it would show every discipline
09:34:24.715  +2599.674s  VIEW     C/EL vs EL/BLD-EL-Data Devices-vs-BLD-EL-Communication Devices  Clash14  FAILED, it was added without its hidden state, so it would show every discipline
09:34:24.715  +2599.674s  VIEW     C/EL vs EL/BLD-EL-Data Devices-vs-BLD-EL-Communication Devices  Clash15  FAILED, it was added without its hidden state, so it would show every discipline
09:34:24.715  +2599.675s  VIEW     C/EL vs EL/BLD-EL-Data Devices-vs-BLD-EL-Communication Devices  Clash16  FAILED, it was added without its hidden state, so it would show every discipline
09:34:24.715  +2599.675s  VIEW     C/EL vs EL/BLD-EL-Data Devices-vs-BLD-EL-Communication Devices  Clash17  FAILED, it was added without its hidden state, so it would show every discipline
09:34:24.715  +2599.676s  VIEW     C/EL vs EL/BLD-EL-Data Devices-vs-BLD-EL-Communication Devices  Clash18  FAILED, it was added without its hidden state, so it would show every discipline
09:34:24.715  +2599.677s  VIEW     C/EL vs EL/BLD-EL-Data Devices-vs-BLD-EL-Communication Devices  Clash19  FAILED, it was added without its hidden state, so it would show every discipline
09:34:24.715  +2599.677s  VIEW     C/EL vs EL/BLD-EL-Data Devices-vs-BLD-EL-Communication Devices  Clash20  FAILED, it was added without its hidden state, so it would show every discipline
09:34:24.715  +2599.678s  VIEW     C/EL vs EL/BLD-EL-Data Devices-vs-BLD-EL-Communication Devices  Clash21  FAILED, it was added without its hidden state, so it would show every discipline
09:34:24.723  +2599.679s  VIEW     C/EL vs EL/BLD-EL-Data Devices-vs-BLD-EL-Communication Devices  Clash22  FAILED, it was added without its hidden state, so it would show every discipline
09:34:24.723  +2599.679s  VIEW     C/EL vs EL/BLD-EL-Data Devices-vs-BLD-EL-Communication Devices  Clash23  FAILED, it was added without its hidden state, so it would show every discipline
09:34:24.723  +2599.680s  VIEW     C/EL vs EL/BLD-EL-Data Devices-vs-BLD-EL-Communication Devices  Clash24  FAILED, it was added without its hidden state, so it would show every discipline
09:34:24.723  +2599.681s  VIEW     C/EL vs EL/BLD-EL-Data Devices-vs-BLD-EL-Communication Devices  Clash25  FAILED, it was added without its hidden state, so it would show every discipline
09:34:24.723  +2599.681s  VIEW     C/EL vs EL/BLD-EL-Data Devices-vs-BLD-EL-Communication Devices  Clash26  FAILED, it was added without its hidden state, so it would show every discipline
09:34:24.723  +2599.682s  VIEW     C/EL vs EL/BLD-EL-Data Devices-vs-BLD-EL-Communication Devices  Clash27  FAILED, it was added without its hidden state, so it would show every discipline
09:34:24.723  +2599.683s  VIEW     C/EL vs EL/BLD-EL-Data Devices-vs-BLD-EL-Communication Devices  Clash28  FAILED, it was added without its hidden state, so it would show every discipline
09:34:24.723  +2599.683s  VIEW     C/EL vs EL/BLD-EL-Data Devices-vs-BLD-EL-Communication Devices  Clash29  FAILED, it was added without its hidden state, so it would show every discipline
09:34:24.729  +2599.684s  VIEW     C/EL vs EL/BLD-EL-Data Devices-vs-BLD-EL-Communication Devices  Clash30  FAILED, it was added without its hidden state, so it would show every discipline
09:34:24.729  +2599.685s  VIEW     C/EL vs EL/BLD-EL-Data Devices-vs-BLD-EL-Communication Devices  Clash31  FAILED, it was added without its hidden state, so it would show every discipline
09:34:24.730  +2599.685s  VIEW     C/EL vs EL/BLD-EL-Data Devices-vs-BLD-EL-Communication Devices  Clash32  FAILED, it was added without its hidden state, so it would show every discipline
09:34:24.730  +2599.686s  VIEW     C/EL vs EL/BLD-EL-Data Devices-vs-BLD-EL-Communication Devices  Clash33  FAILED, it was added without its hidden state, so it would show every discipline
09:34:24.732  +2599.687s  VIEW     and 921 more created or already there, counted and not listed
09:34:24.732  +2599.688s  
09:34:24.732  +2599.689s  views created     : 926
09:34:24.732  +2599.689s  views that failed : 1408
09:34:24.732  +2599.690s  put into the document: 926 created, 0 already there and left alone
09:34:24.732  +2599.691s  STEP     NWF SAVE      entered again. Every further visit in this group is counted, not written out
09:34:24.732  +2599.692s  NWF      attempt  C:\00-NM\Federation Task\C02 + 04\C04\NWF\1104-PAR-1A04EP-ZZZ-BM-MOD-000001.nwf
09:34:24.743  +2599.700s  FAILURE  saving the NWF after the clash work for 1A04EP
                          type     : System.InvalidOperationException
                          message  : Can't save an empty document
                          inner    : none
                          stack    :
                             at Autodesk.Navisworks.Api.Document.TrySaveFile(String fileName)
                             at Federator.Addin.Engine.FederationEngine.SaveTheNwfAgain(Document document, FederationJob job, JobOutcome outcome)
                          next     : kept going, the disk is checked next to see whether anything landed
09:34:24.748  +2599.706s  NWF      written  C:\00-NM\Federation Task\C02 + 04\C04\NWF\1104-PAR-1A04EP-ZZZ-BM-MOD-000001.nwf  4,197 bytes
09:34:24.748  +2599.707s  UNITS    every number converted from ft to m, one ft is 0.3048 m, 1830 tests and 2566 rows. The report is written in Meters (m)
09:34:24.748  +2599.708s  STEP     WORKBOOK      started
09:34:24.748  +2599.709s  CENSUS   before WORKBOOK  models 0  sets 0  tests 0  results 0  views 1416
09:34:24.748  +2599.713s  XLSX     attempt  C:\00-NM\Federation Task\C02 + 04\C04\Clash Report\1104-PAR-1A04EP-ZZZ-BM-MOD-000001.xlsx
09:34:28.732  +2603.690s  XLSX     written  C:\00-NM\Federation Task\C02 + 04\C04\Clash Report\1104-PAR-1A04EP-ZZZ-BM-MOD-000001.xlsx  451,066 bytes

================================================================
WORKBOOK CHECK 1A04EP
================================================================
09:34:29.198  +2604.164s  CHECK    1 sheet, "1104-PAR-1A04EP-ZZZ-BM-MOD-0000", 109 test blocks, 2566 clash rows.
09:34:29.198  +2604.165s           the first blocks hold 2, 22, 2, 2, 31, 2, 2, 9 and so on.
09:34:29.198  +2604.165s           Every column, value shape, fill, border, row height and column width matches the client's report, and the blocks are in their order.
09:34:29.198  +2604.166s           Not compared: the font, the sheet name, freeze panes, print setup, merged ranges, and whether a value is true. See docs\history\scan.md 4q.
09:34:29.198  +2604.167s           The client column set was read from clash_report_html_tabular.xsl in the Navisworks install and from the exports in samples\client-report, never from a list typed into this tool.
09:34:29.198  +2604.168s  BLOCKS   109 in the workbook against 1830 tests in the file. THE WORKBOOK MUST CARRY A BLOCK FOR EVERY TEST IN THE FILE, whether or not the test was created, because the client's report is the whole matrix
09:34:29.214  +2604.169s  CENSUS   after  WORKBOOK  models 0  sets 0  tests 0  results 0  views 1416
09:34:29.215  +2604.174s  STEP     WORKBOOK      finished 4.461s  wrote 451066 bytes
09:34:29.219  +2604.175s  STEP     HTML          started
09:34:29.220  +2604.177s  CENSUS   before HTML  models 0  sets 0  tests 0  results 0  views 1416
09:34:29.220  +2604.182s  HTML     attempt  C:\00-NM\Federation Task\C02 + 04\C04\Clash Report\1104-PAR-1A04EP-ZZZ-BM-MOD-000001.html
09:34:29.220  +2604.183s  LOGO     C:\Program Files\Autodesk\Navisworks Manage 2025\Images\logo.jpg copied into C:\00-NM\Federation Task\C02 + 04\C04\Clash Report\1104-PAR-1A04EP-ZZZ-BM-MOD-000001_files
09:34:29.399  +2604.367s  HTML     written  C:\00-NM\Federation Task\C02 + 04\C04\Clash Report\1104-PAR-1A04EP-ZZZ-BM-MOD-000001.html  6,655,825 bytes

================================================================
REPORT CHECK 1A04EP
================================================================
09:34:29.773  +2604.731s  CHECK    2566 clash rows on the page.
09:34:29.773  +2604.731s           Item ID filled on 2566 of 2566 for item 1 and 2566 of 2566 for item 2.
09:34:29.773  +2604.732s           the first one reads Element ID: 1040573
09:34:29.773  +2604.733s           no column the client's report does not have.
09:34:29.773  +2604.734s           the tolerance cell reads 0.025m
09:34:29.773  +2604.734s           2566 picture references, 2566 with a backslash, 2566 on disk.
09:34:29.773  +2604.735s           the logo is 1104-PAR-1A04EP-ZZZ-BM-MOD-000001_files\logo.jpg and it is on disk.
09:34:29.773  +2604.736s           The tests are in the wrong order. Block 14 holds 0 clashes and block 15 holds 2. The client's report puts the most clashes first, so a reader is not scrolling past empty tests.
09:34:29.781  +2604.737s           The client column set was read from clash_report_html_tabular.xsl in the Navisworks install and from the exports in samples\client-report, never from a list typed into this tool.
09:34:29.799  +2604.754s  CENSUS   after  HTML  models 0  sets 0  tests 0  results 0  views 1416
09:34:29.800  +2604.759s  STEP     HTML          finished 0.577s  wrote 6655825 bytes
09:34:29.800  +2604.761s  XML      skipped  not wanted this run
09:34:29.800  +2604.762s  STEP     NWD           started
09:34:29.800  +2604.764s  CENSUS   before NWD  models 0  sets 0  tests 0  results 0  views 1416
09:34:29.814  +2604.769s  NWD      attempt  C:\00-NM\Federation Task\C02 + 04\C04\NWD\1104-PAR-1A04EP-ZZZ-BM-MOD-000001.nwd
09:34:29.815  +2604.771s  NWD      publish properties set: Title=1104-PAR-1A04EP-ZZZ-BM-MOD-000001, Publisher=Parsons NWC Federator, Subject=Federation of building 1A04EP, Author=bader, AllowResave=true, EmbedDatabaseProperties=true, PreventObjectPropertyExport=false
09:34:29.815  +2604.772s  FAILURE  publishing the NWD for 1A04EP
                          type     : System.InvalidOperationException
                          message  : Can't publish an empty document
                          inner    : none
                          stack    :
                             at Autodesk.Navisworks.Api.Document.TryPublishFile(String fileName, PublishProperties properties)
                             at Federator.Addin.Engine.FederationEngine.WriteNwd(Document document, FederationJob job, JobOutcome outcome)
                          next     : kept going, the disk is checked next to see whether anything landed
09:34:29.822  +2604.778s  NWD      MISSING  C:\00-NM\Federation Task\C02 + 04\C04\NWD\1104-PAR-1A04EP-ZZZ-BM-MOD-000001.nwd  not on disk after the write
09:34:29.822  +2604.780s  CENSUS   after  NWD  models 0  sets 0  tests 0  results 0  views 1416
09:34:29.822  +2604.785s  STEP     NWD           finished 0.017s  nothing published
09:34:29.831  +2604.787s  STEP     CONFIRM       started
09:34:29.831  +2604.789s  CENSUS   before CONFIRM  models 0  sets 0  tests 0  results 0  views 1416
09:34:29.831  +2604.794s  NWF      intact   C:\00-NM\Federation Task\C02 + 04\C04\NWF\1104-PAR-1A04EP-ZZZ-BM-MOD-000001.nwf  4,197 bytes, unchanged by publishing the NWD
09:34:29.831  +2604.795s  CENSUS   after  CONFIRM  models 0  sets 0  tests 0  results 0  views 1416
09:34:29.843  +2604.800s  STEP     CONFIRM       finished 0.008s  the NWF is 4197 bytes

================================================================
GAP 1A04EP
================================================================
09:34:29.849  +2604.808s  4 numbers are measured off every item and reach no output. Nothing here is a fault and nothing acts on it
09:34:29.849  +2604.809s  Family              5,132 of 5,132 item cells carry it  it would belong in a workbook column of ours, which is Q25
09:34:29.849  +2604.810s  Type Name           5,132 of 5,132 item cells carry it  it would belong in a workbook column of ours, which is Q25
09:34:29.849  +2604.810s  Material            4,939 of 5,132 item cells carry it  it would belong in a workbook column of ours, which is Q25
09:34:29.849  +2604.811s  Id From             5,132 of 5,132 item cells carry it  the ITEM IDS block counts it per property and no output names it per item
09:34:29.849  +2604.816s  STEP     NWF SAVE      2 visits, 0.267s in total
09:34:29.849  +2604.817s  STEP     TESTS CREATE  666 visits, 12.100s in total
09:34:29.849  +2604.818s  STEP     TESTS RUN     666 visits, 90.667s in total
09:34:29.849  +2604.818s  STEP     HARVEST       666 visits, 141.038s in total
09:34:29.849  +2604.819s  STEP     IMAGES        2566 visits, 106.856s in total
09:34:29.865  +2604.825s  CENSUS   cost 0.013s over 28 counts in this group. That is inside the 1.000s a group is allowed
09:34:29.865  +2604.825s  GROUP    finished 1A04EP  FAILED  2560.547s  First run  saving the NWF after the clash work threw InvalidOperationException: Can't save an empty document, and models went from 5 to 0 during VIEWS, which is not a step that may change them, and selection sets went from 61 to 0 during VIEWS, which is not a step that may change them, and clash tests went from 666 to 0 during VIEWS, which is not a step that may change them, and clash results went from 2566 to 0 during VIEWS, which is not a step that may change them

================================================================
TIMING 1A04EP
================================================================
09:34:29.865  +2604.830s  VIEWS                  2188.961s   85.5%
09:34:29.865  +2604.831s  HARVEST                 141.038s    5.5%  666 visits
09:34:29.865  +2604.832s  TESTS RUN                90.667s    3.5%  666 visits
09:34:29.865  +2604.833s  TESTS CREATE             12.100s    0.5%  666 visits
09:34:29.865  +2604.834s  WORKBOOK                  4.461s    0.2%
09:34:29.865  +2604.835s  SETS                      1.879s    0.1%
09:34:29.880  +2604.835s  HTML                      0.577s    0.0%
09:34:29.880  +2604.836s  APPEND                    0.484s    0.0%
09:34:29.881  +2604.837s  UNITS                     0.283s    0.0%
09:34:29.881  +2604.838s  NWF SAVE                  0.267s    0.0%  2 visits
09:34:29.881  +2604.839s  DECIDE                    0.021s    0.0%
09:34:29.881  +2604.840s  NWD                       0.017s    0.0%
09:34:29.881  +2604.840s  CONFIRM                   0.008s    0.0%
09:34:29.881  +2604.841s  outside every step      119.783s    4.7%
09:34:29.881  +2604.842s  
09:34:29.881  +2604.843s  group total            2560.547s
09:34:29.881  +2604.844s  outside every step is the work between them and the work nothing times yet
09:34:29.881  +2604.844s  
09:34:29.881  +2604.845s  inside another step, so these seconds are already counted above
09:34:29.881  +2604.846s  IMAGES                  106.856s    4.2%  2566 visits
09:34:29.898  +2604.859s  GROUP    started  1A04KI  4 files
                          file     : C:\00-NM\Federation Task\C02 + 04\C04\NWC\1104-PAR-1A04KI-ZZZ-AR-MOD-000001.nwc
                          file     : C:\00-NM\Federation Task\C02 + 04\C04\NWC\1104-PAR-1A04KI-ZZZ-EL-MOD-000001.nwc
                          file     : C:\00-NM\Federation Task\C02 + 04\C04\NWC\1104-PAR-1A04KI-ZZZ-ME-MOD-000001.nwc
                          file     : C:\00-NM\Federation Task\C02 + 04\C04\NWC\1104-PAR-1A04KI-ZZZ-ST-MOD-000001.nwc
09:34:29.907  +2604.863s  CLEAR    the document, at the top of 1A04KI, before Decide
09:34:29.908  +2604.865s  CENSUS CLEAR  the document was emptied and every count read zero
09:34:29.908  +2604.866s  STEP     DECIDE        started
09:34:29.908  +2604.868s  CENSUS   before DECIDE  models 0  sets 0  tests 0  results 0  views 0
09:34:29.916  +2604.873s  CENSUS   after  DECIDE  models 0  sets 0  tests 0  results 0  views 0
09:34:29.916  +2604.878s  STEP     DECIDE        finished 0.007s  First run
09:34:29.916  +2604.880s  BUILD    no NWF at C:\00-NM\Federation Task\C02 + 04\C04\NWF\1104-PAR-1A04KI-ZZZ-BM-MOD-000001.nwf, building it from 4 files
09:34:29.916  +2604.880s  CLEAR    the document, before building 1A04KI from scratch
09:34:29.916  +2604.882s  STEP     APPEND        started
09:34:29.916  +2604.883s  CENSUS   before APPEND  models 0  sets 0  tests 0  results 0  views 0
09:34:29.931  +2604.889s  APPEND   attempt  C:\00-NM\Federation Task\C02 + 04\C04\NWC\1104-PAR-1A04KI-ZZZ-AR-MOD-000001.nwc
