time	seconds	group	step	event	name	number	text
08:51:41.081	36.037	1A0415	DECIDE	step started	DECIDE	0	
08:51:41.087	36.042	1A0415	DECIDE	census before	models	0	
08:51:41.088	36.044	1A0415	DECIDE	census before	sets	0	
08:51:41.089	36.045	1A0415	DECIDE	census before	tests	0	
08:51:41.091	36.046	1A0415	DECIDE	census before	results	0	
08:51:41.092	36.048	1A0415	DECIDE	census before	views	0	
08:51:41.116	36.071	1A0415		census after	models	0	
08:51:41.118	36.073	1A0415		census after	sets	0	
08:51:41.119	36.075	1A0415		census after	tests	0	
08:51:41.120	36.076	1A0415		census after	results	0	
08:51:41.120	36.077	1A0415		census after	views	0	
08:51:41.126	36.081	1A0415		step finished	DECIDE	0.033	First run
08:51:41.135	36.091	1A0415	APPEND	step started	APPEND	0	
08:51:41.138	36.093	1A0415	APPEND	census before	models	0	
08:51:41.139	36.094	1A0415	APPEND	census before	sets	0	
08:51:41.139	36.095	1A0415	APPEND	census before	tests	0	
08:51:41.140	36.096	1A0415	APPEND	census before	results	0	
08:51:41.141	36.097	1A0415	APPEND	census before	views	0	
08:51:41.310	36.266	1A0415	APPEND	appended	APPEND	24046224	C:\\00-NM\\Federation Task\\C02 + 04\\C04\\NWC\\1104-PAR-1A0415-ZZZ-LS-MOD-000001.nwc
08:51:41.353	36.308	1A0415	APPEND	appended	APPEND	115490	C:\\00-NM\\Federation Task\\C02 + 04\\C04\\NWC\\1104-PAR-1A0415-ZZZ-LT-MOD-000001.nwc
08:51:41.396	36.352	1A0415	APPEND	appended	APPEND	3228413	C:\\00-NM\\Federation Task\\C02 + 04\\C04\\NWC\\1104-PAR-1A0415-ZZZ-SW-MOD-000001.nwc
08:51:41.408	36.364	1A0415		census after	models	3	
08:51:41.408	36.364	1A0415		census after	sets	0	
08:51:41.409	36.365	1A0415		census after	tests	0	
08:51:41.410	36.366	1A0415		census after	results	0	
08:51:41.411	36.367	1A0415		census after	views	18	
08:51:41.458	36.413	1A0415		step finished	APPEND	0.271	3 of 3 appended
08:51:41.460	36.416	1A0415	NWF SAVE	step started	NWF SAVE	0	
08:51:41.462	36.418	1A0415	NWF SAVE	census before	models	3	
08:51:41.463	36.419	1A0415	NWF SAVE	census before	sets	0	
08:51:41.464	36.420	1A0415	NWF SAVE	census before	tests	0	
08:51:41.465	36.420	1A0415	NWF SAVE	census before	results	0	
08:51:41.466	36.421	1A0415	NWF SAVE	census before	views	18	
08:51:41.512	36.468	1A0415	NWF SAVE	written	NWF	3962	C:\\00-NM\\Federation Task\\C02 + 04\\C04\\NWF\\1104-PAR-1A0415-ZZZ-BM-MOD-000001.nwf
08:51:41.516	36.472	1A0415		census after	models	3	
08:51:41.517	36.472	1A0415		census after	sets	0	
08:51:41.517	36.473	1A0415		census after	tests	0	
08:51:41.518	36.474	1A0415		census after	results	0	
08:51:41.519	36.474	1A0415		census after	views	18	
08:51:41.521	36.477	1A0415		step finished	NWF SAVE	0.054	saved 3962 bytes
08:51:41.525	36.480	1A0415	UNITS	step started	UNITS	0	
08:51:41.527	36.483	1A0415	UNITS	census before	models	3	
08:51:41.528	36.483	1A0415	UNITS	census before	sets	0	
08:51:41.528	36.484	1A0415	UNITS	census before	tests	0	
08:51:41.530	36.485	1A0415	UNITS	census before	results	0	
08:51:41.530	36.485	1A0415	UNITS	census before	views	18	
08:51:41.616	36.571	1A0415		census after	models	3	
08:51:41.617	36.572	1A0415		census after	sets	0	
08:51:41.617	36.573	1A0415		census after	tests	0	
08:51:41.618	36.574	1A0415		census after	results	0	
08:51:41.619	36.574	1A0415		census after	views	18	
08:51:41.621	36.576	1A0415		step finished	UNITS	0.091	the document was asked for Meters
08:51:41.661	36.616	1A0415		model placement	1104-PAR-1A0415-ZZZ-LS-MOD-000001.nwc	675666.8	Mukaab
08:51:41.662	36.617	1A0415		model placement	1104-PAR-1A0415-ZZZ-LT-MOD-000001.nwc	675666.8	Default Site
08:51:41.662	36.618	1A0415		model placement	1104-PAR-1A0415-ZZZ-SW-MOD-000001.nwc	675666.8	Default Site
08:51:41.880	36.836	1A0415		model export	1104-PAR-1A0415-ZZZ-LS-MOD-000001.nwc	4668	3 workset(s), element id 100%
08:51:41.881	36.837	1A0415		model export	1104-PAR-1A0415-ZZZ-LT-MOD-000001.nwc	219	1 workset(s), element id 100%
08:51:41.881	36.838	1A0415		model export	1104-PAR-1A0415-ZZZ-SW-MOD-000001.nwc	161	2 workset(s), element id 100%
08:51:41.887	36.842	1A0415	SETS	step started	SETS	0	
08:51:41.889	36.844	1A0415	SETS	census before	models	3	
08:51:41.890	36.845	1A0415	SETS	census before	sets	0	
08:51:41.891	36.846	1A0415	SETS	census before	tests	0	
08:51:41.891	36.847	1A0415	SETS	census before	results	0	
08:51:41.892	36.847	1A0415	SETS	census before	views	18	
08:51:42.706	37.662	1A0415		census after	models	3	
08:51:42.707	37.662	1A0415		census after	sets	61	
08:51:42.708	37.663	1A0415		census after	tests	0	
08:51:42.708	37.664	1A0415		census after	results	0	
08:51:42.709	37.665	1A0415		census after	views	18	
08:51:42.711	37.667	1A0415		step finished	SETS	0.818	61 created, 0 already there, 3 finding items, 58 at zero.
08:51:42.843	37.799	1A0415	TESTS CREATE	step started	TESTS CREATE	0	
08:51:42.846	37.802	1A0415	TESTS CREATE	census before	models	3	
08:51:42.847	37.803	1A0415	TESTS CREATE	census before	sets	61	
08:51:42.848	37.803	1A0415	TESTS CREATE	census before	tests	0	
08:51:42.849	37.804	1A0415	TESTS CREATE	census before	results	0	
08:51:42.849	37.805	1A0415	TESTS CREATE	census before	views	18	
08:51:42.868	37.824	1A0415	TESTS CREATE	test created	BLD-AR-Site-vs-BLD-AR-Furniture	0.082	hard_conservative, 25 mm chosen in the tool is 0.082020997375 ft
08:51:42.875	37.830	1A0415		census after	models	3	
08:51:42.876	37.831	1A0415		census after	sets	61	
08:51:42.876	37.832	1A0415		census after	tests	1	
08:51:42.877	37.832	1A0415		census after	results	0	
08:51:42.878	37.833	1A0415		census after	views	18	
08:51:42.880	37.835	1A0415		step finished	TESTS CREATE	0.038	BLD-AR-Site-vs-BLD-AR-Furniture
08:51:42.883	37.839	1A0415	TESTS RUN	step started	TESTS RUN	0	
08:51:42.885	37.841	1A0415	TESTS RUN	census before	models	3	
08:51:42.886	37.842	1A0415	TESTS RUN	census before	sets	61	
08:51:42.887	37.842	1A0415	TESTS RUN	census before	tests	1	
08:51:42.887	37.843	1A0415	TESTS RUN	census before	results	0	
08:51:42.888	37.844	1A0415	TESTS RUN	census before	views	18	
08:51:42.934	37.890	1A0415		census after	models	3	
08:51:42.935	37.890	1A0415		census after	sets	61	
08:51:42.936	37.891	1A0415		census after	tests	1	
08:51:42.936	37.892	1A0415		census after	results	0	
08:51:42.937	37.893	1A0415		census after	views	18	
08:51:42.939	37.895	1A0415		step finished	TESTS RUN	0.05	BLD-AR-Site-vs-BLD-AR-Furniture
08:51:42.945	37.901	1A0415	HARVEST	step started	HARVEST	0	
08:51:42.948	37.903	1A0415	HARVEST	census before	models	3	
08:51:42.949	37.904	1A0415	HARVEST	census before	sets	61	
08:51:42.949	37.904	1A0415	HARVEST	census before	tests	1	
08:51:42.949	37.905	1A0415	HARVEST	census before	results	0	
08:51:42.951	37.906	1A0415	HARVEST	census before	views	18	
08:51:42.970	37.925	1A0415		census after	models	3	
08:51:42.971	37.926	1A0415		census after	sets	61	
08:51:42.971	37.927	1A0415		census after	tests	1	
08:51:42.972	37.927	1A0415		census after	results	0	
08:51:42.973	37.928	1A0415		census after	views	18	
08:51:42.974	37.930	1A0415		step finished	HARVEST	0.02	BLD-AR-Site-vs-BLD-AR-Furniture
08:51:42.976	37.932	1A0415		rows for the workbook	BLD-AR-Site-vs-BLD-AR-Furniture	0	0 in the document
08:51:42.979	37.935	1A0415		test passed	BLD-AR-Site-vs-BLD-AR-Furniture	0	ran and found nothing
08:51:43.016	37.972	1A0415	TESTS CREATE	test created	BLD-EL-Lighting Fixtures-vs-BLD-AR-Furniture	0.082	hard_conservative, 25 mm chosen in the tool is 0.082020997375 ft
08:51:43.078	38.034	1A0415		rows for the workbook	BLD-EL-Lighting Fixtures-vs-BLD-AR-Furniture	0	0 in the document
08:51:43.081	38.036	1A0415		test passed	BLD-EL-Lighting Fixtures-vs-BLD-AR-Furniture	0	ran and found nothing
08:51:43.125	38.081	1A0415	TESTS CREATE	test created	BLD-EL-Lighting Fixtures-vs-BLD-AR-Site	0.082	hard_conservative, 25 mm chosen in the tool is 0.082020997375 ft
08:51:43.177	38.133	1A0415		rows for the workbook	BLD-EL-Lighting Fixtures-vs-BLD-AR-Site	0	0 in the document
08:51:43.179	38.135	1A0415		test passed	BLD-EL-Lighting Fixtures-vs-BLD-AR-Site	0	ran and found nothing
08:51:43.366	38.323	1A0415	VIEWS	step started	VIEWS	0	
08:51:43.369	38.325	1A0415	VIEWS	census before	models	3	
08:51:43.370	38.326	1A0415	VIEWS	census before	sets	61	
08:51:43.371	38.326	1A0415	VIEWS	census before	tests	3	
08:51:43.371	38.327	1A0415	VIEWS	census before	results	0	
08:51:43.372	38.328	1A0415	VIEWS	census before	views	18	
08:51:43.412	38.369	1A0415		census after	models	3	
08:51:43.414	38.369	1A0415		census after	sets	61	
08:51:43.415	38.370	1A0415		census after	tests	3	
08:51:43.415	38.371	1A0415		census after	results	0	
08:51:43.416	38.372	1A0415		census after	views	18	
08:51:43.418	38.374	1A0415		step finished	VIEWS	0.046	No viewpoint was planned for this group.
08:51:43.507	38.463	1A0415	NWF SAVE	written	NWF	24065	C:\\00-NM\\Federation Task\\C02 + 04\\C04\\NWF\\1104-PAR-1A0415-ZZZ-BM-MOD-000001.nwf
08:51:43.514	38.470	1A0415	WORKBOOK	step started	WORKBOOK	0	
08:51:43.517	38.472	1A0415	WORKBOOK	census before	models	3	
08:51:43.518	38.473	1A0415	WORKBOOK	census before	sets	61	
08:51:43.518	38.474	1A0415	WORKBOOK	census before	tests	3	
08:51:43.519	38.474	1A0415	WORKBOOK	census before	results	0	
08:51:43.520	38.475	1A0415	WORKBOOK	census before	views	18	
08:51:46.043	40.998	1A0415	WORKBOOK	written	XLSX	95038	C:\\00-NM\\Federation Task\\C02 + 04\\C04\\Clash Report\\1104-PAR-1A0415-ZZZ-BM-MOD-000001.xlsx
08:51:46.679	41.635	1A0415		census after	models	3	
08:51:46.680	41.636	1A0415		census after	sets	61	
08:51:46.681	41.636	1A0415		census after	tests	3	
08:51:46.681	41.637	1A0415		census after	results	0	
08:51:46.682	41.637	1A0415		census after	views	18	
08:51:46.685	41.640	1A0415		step finished	WORKBOOK	3.165	wrote 95038 bytes
08:51:46.687	41.642	1A0415	HTML	step started	HTML	0	
08:51:46.689	41.645	1A0415	HTML	census before	models	3	
08:51:46.690	41.646	1A0415	HTML	census before	sets	61	
08:51:46.691	41.646	1A0415	HTML	census before	tests	3	
08:51:46.691	41.647	1A0415	HTML	census before	results	0	
08:51:46.692	41.648	1A0415	HTML	census before	views	18	
08:51:46.844	41.799	1A0415	HTML	written	HTML	2683307	C:\\00-NM\\Federation Task\\C02 + 04\\C04\\Clash Report\\1104-PAR-1A0415-ZZZ-BM-MOD-000001.html
08:51:46.992	41.947	1A0415		census after	models	3	
08:51:46.992	41.948	1A0415		census after	sets	61	
08:51:46.993	41.949	1A0415		census after	tests	3	
08:51:46.993	41.949	1A0415		census after	results	0	
08:51:46.995	41.950	1A0415		census after	views	18	
08:51:46.998	41.953	1A0415		step finished	HTML	0.304	wrote 2683307 bytes
08:51:47.002	41.957	1A0415	NWD	step started	NWD	0	
08:51:47.005	41.960	1A0415	NWD	census before	models	3	
08:51:47.005	41.961	1A0415	NWD	census before	sets	61	
08:51:47.005	41.961	1A0415	NWD	census before	tests	3	
08:51:47.006	41.962	1A0415	NWD	census before	results	0	
08:51:47.006	41.962	1A0415	NWD	census before	views	18	
08:51:49.154	44.109	1A0415	NWD	written	NWD	21245379	C:\\00-NM\\Federation Task\\C02 + 04\\C04\\NWD\\1104-PAR-1A0415-ZZZ-BM-MOD-000001.nwd
08:51:49.157	44.112	1A0415		census after	models	3	
08:51:49.157	44.113	1A0415		census after	sets	61	
08:51:49.158	44.114	1A0415		census after	tests	3	
08:51:49.159	44.115	1A0415		census after	results	0	
08:51:49.159	44.115	1A0415		census after	views	18	
08:51:49.162	44.118	1A0415		step finished	NWD	2.155	published 21245379 bytes
08:51:49.165	44.120	1A0415	CONFIRM	step started	CONFIRM	0	
08:51:49.168	44.124	1A0415	CONFIRM	census before	models	3	
08:51:49.169	44.125	1A0415	CONFIRM	census before	sets	61	
08:51:49.169	44.125	1A0415	CONFIRM	census before	tests	3	
08:51:49.170	44.126	1A0415	CONFIRM	census before	results	0	
08:51:49.171	44.126	1A0415	CONFIRM	census before	views	18	
08:51:49.212	44.167	1A0415		census after	models	3	
08:51:49.212	44.168	1A0415		census after	sets	61	
08:51:49.213	44.168	1A0415		census after	tests	3	
08:51:49.214	44.169	1A0415		census after	results	0	
08:51:49.214	44.170	1A0415		census after	views	18	
08:51:49.218	44.173	1A0415		step finished	CONFIRM	0.047	the NWF is 24065 bytes
08:51:49.245	44.200	1A0415		step total	NWF SAVE	0.115	
08:51:49.245	44.201	1A0415		step total	TESTS CREATE	0.087	
08:51:49.246	44.201	1A0415		step total	TESTS RUN	0.128	
08:51:49.247	44.202	1A0415		step total	HARVEST	0.05	
08:51:49.253	44.208			group finished	1A0415	8.198	DONE First run
08:51:49.292	44.248			timing	WORKBOOK	3.165	1 visits
08:51:49.292	44.248			timing	NWD	2.155	1 visits
08:51:49.293	44.249			timing	SETS	0.818	1 visits
08:51:49.293	44.250			timing	HTML	0.304	1 visits
08:51:49.295	44.250			timing	APPEND	0.271	1 visits
08:51:49.295	44.251			timing	TESTS RUN	0.128	3 visits
08:51:49.296	44.252			timing	NWF SAVE	0.115	2 visits
08:51:49.297	44.252			timing	UNITS	0.091	1 visits
08:51:49.297	44.253			timing	TESTS CREATE	0.087	3 visits
08:51:49.298	44.254			timing	HARVEST	0.05	3 visits
08:51:49.299	44.254			timing	CONFIRM	0.047	1 visits
08:51:49.300	44.255			timing	VIEWS	0.046	1 visits
08:51:49.301	44.256			timing	DECIDE	0.033	1 visits
08:51:49.374	44.329	1A04EP	DECIDE	step started	DECIDE	0	
08:51:49.377	44.332	1A04EP	DECIDE	census before	models	0	
08:51:49.377	44.333	1A04EP	DECIDE	census before	sets	0	
08:51:49.378	44.333	1A04EP	DECIDE	census before	tests	0	
08:51:49.379	44.334	1A04EP	DECIDE	census before	results	0	
08:51:49.379	44.335	1A04EP	DECIDE	census before	views	0	
08:51:49.395	44.351	1A04EP		census after	models	0	
08:51:49.396	44.351	1A04EP		census after	sets	0	
08:51:49.397	44.352	1A04EP		census after	tests	0	
08:51:49.397	44.353	1A04EP		census after	results	0	
08:51:49.398	44.353	1A04EP		census after	views	0	
08:51:49.402	44.358	1A04EP		step finished	DECIDE	0.021	First run
08:51:49.414	44.369	1A04EP	APPEND	step started	APPEND	0	
08:51:49.418	44.374	1A04EP	APPEND	census before	models	0	
08:51:49.418	44.374	1A04EP	APPEND	census before	sets	0	
08:51:49.419	44.375	1A04EP	APPEND	census before	tests	0	
08:51:49.420	44.376	1A04EP	APPEND	census before	results	0	
08:51:49.420	44.376	1A04EP	APPEND	census before	views	0	
08:51:49.557	44.512	1A04EP	APPEND	appended	APPEND	4565345	C:\\00-NM\\Federation Task\\C02 + 04\\C04\\NWC\\1104-PAR-1A04EP-ZZZ-AR-MOD-000001.nwc
08:51:49.626	44.582	1A04EP	APPEND	appended	APPEND	2438953	C:\\00-NM\\Federation Task\\C02 + 04\\C04\\NWC\\1104-PAR-1A04EP-ZZZ-EL-MOD-000001.nwc
08:51:49.780	44.736	1A04EP	APPEND	appended	APPEND	8515233	C:\\00-NM\\Federation Task\\C02 + 04\\C04\\NWC\\1104-PAR-1A04EP-ZZZ-ME-MOD-000001.nwc
08:51:49.834	44.789	1A04EP	APPEND	appended	APPEND	4171899	C:\\00-NM\\Federation Task\\C02 + 04\\C04\\NWC\\1104-PAR-1A04EP-ZZZ-ST-MOD-000001.nwc
08:51:49.881	44.836	1A04EP	APPEND	appended	APPEND	38925	C:\\00-NM\\Federation Task\\C02 + 04\\C04\\NWC\\1104-PAR-1A04EP-ZZZ-ST-MOD-000002.nwc
08:51:49.898	44.853	1A04EP		census after	models	5	
08:51:49.898	44.854	1A04EP		census after	sets	0	
08:51:49.899	44.854	1A04EP		census after	tests	0	
08:51:49.900	44.855	1A04EP		census after	results	0	
08:51:49.900	44.856	1A04EP		census after	views	57	
08:51:50.110	45.066	1A04EP		step finished	APPEND	0.484	5 of 5 appended
08:51:50.113	45.068	1A04EP	NWF SAVE	step started	NWF SAVE	0	
08:51:50.117	45.073	1A04EP	NWF SAVE	census before	models	5	
08:51:50.118	45.074	1A04EP	NWF SAVE	census before	sets	0	
08:51:50.118	45.074	1A04EP	NWF SAVE	census before	tests	0	
08:51:50.120	45.075	1A04EP	NWF SAVE	census before	results	0	
08:51:50.120	45.076	1A04EP	NWF SAVE	census before	views	57	
08:51:50.360	45.316	1A04EP	NWF SAVE	written	NWF	4197	C:\\00-NM\\Federation Task\\C02 + 04\\C04\\NWF\\1104-PAR-1A04EP-ZZZ-BM-MOD-000001.nwf
08:51:50.363	45.319	1A04EP		census after	models	5	
08:51:50.364	45.320	1A04EP		census after	sets	0	
08:51:50.365	45.321	1A04EP		census after	tests	0	
08:51:50.365	45.321	1A04EP		census after	results	0	
08:51:50.366	45.322	1A04EP		census after	views	57	
08:51:50.369	45.325	1A04EP		step finished	NWF SAVE	0.251	saved 4197 bytes
08:51:50.371	45.327	1A04EP	UNITS	step started	UNITS	0	
08:51:50.373	45.329	1A04EP	UNITS	census before	models	5	
08:51:50.373	45.330	1A04EP	UNITS	census before	sets	0	
08:51:50.375	45.331	1A04EP	UNITS	census before	tests	0	
08:51:50.376	45.331	1A04EP	UNITS	census before	results	0	
08:51:50.377	45.332	1A04EP	UNITS	census before	views	57	
08:51:50.655	45.611	1A04EP		census after	models	5	
08:51:50.656	45.611	1A04EP		census after	sets	0	
08:51:50.657	45.612	1A04EP		census after	tests	0	
08:51:50.657	45.613	1A04EP		census after	results	0	
08:51:50.658	45.613	1A04EP		census after	views	57	
08:51:50.660	45.616	1A04EP		step finished	UNITS	0.283	the document was asked for Meters
08:51:50.687	45.642	1A04EP		model placement	1104-PAR-1A04EP-ZZZ-AR-MOD-000001.nwc	684688	Exhibition Pavilion
08:51:50.687	45.643	1A04EP		model placement	1104-PAR-1A04EP-ZZZ-EL-MOD-000001.nwc	684628	67 - S01
08:51:50.688	45.643	1A04EP		model placement	1104-PAR-1A04EP-ZZZ-ME-MOD-000001.nwc	684688	16-S01
08:51:50.689	45.644	1A04EP		model placement	1104-PAR-1A04EP-ZZZ-ST-MOD-000001.nwc	684688	Exhibition Pavilion
08:51:50.689	45.644	1A04EP		model placement	1104-PAR-1A04EP-ZZZ-ST-MOD-000002.nwc	680338	EP
08:51:51.290	46.246	1A04EP		model export	1104-PAR-1A04EP-ZZZ-AR-MOD-000001.nwc	2771	3 workset(s), element id 100%
08:51:51.291	46.246	1A04EP		model export	1104-PAR-1A04EP-ZZZ-EL-MOD-000001.nwc	986	11 workset(s), element id 100%
08:51:51.291	46.247	1A04EP		model export	1104-PAR-1A04EP-ZZZ-ME-MOD-000001.nwc	4680	7 workset(s), element id 100%
08:51:51.292	46.248	1A04EP		model export	1104-PAR-1A04EP-ZZZ-ST-MOD-000001.nwc	163	2 workset(s), element id 100%
08:51:51.292	46.248	1A04EP		model export	1104-PAR-1A04EP-ZZZ-ST-MOD-000002.nwc	28	1 workset(s), element id 100%
08:51:51.296	46.252	1A04EP	SETS	step started	SETS	0	
08:51:51.299	46.255	1A04EP	SETS	census before	models	5	
08:51:51.300	46.255	1A04EP	SETS	census before	sets	0	
08:51:51.300	46.256	1A04EP	SETS	census before	tests	0	
08:51:51.301	46.257	1A04EP	SETS	census before	results	0	
08:51:51.301	46.257	1A04EP	SETS	census before	views	57	
08:51:53.178	48.134	1A04EP		census after	models	5	
08:51:53.179	48.135	1A04EP		census after	sets	61	
08:51:53.180	48.136	1A04EP		census after	tests	0	
08:51:53.181	48.136	1A04EP		census after	results	0	
08:51:53.182	48.137	1A04EP		census after	views	57	
08:51:53.185	48.141	1A04EP		step finished	SETS	1.879	61 created, 0 already there, 37 finding items, 24 at zero.
08:51:53.239	48.195	1A04EP	TESTS CREATE	step started	TESTS CREATE	0	
08:51:53.242	48.198	1A04EP	TESTS CREATE	census before	models	5	
08:51:53.242	48.198	1A04EP	TESTS CREATE	census before	sets	61	
08:51:53.244	48.199	1A04EP	TESTS CREATE	census before	tests	0	
08:51:53.245	48.200	1A04EP	TESTS CREATE	census before	results	0	
08:51:53.245	48.201	1A04EP	TESTS CREATE	census before	views	57	
08:51:53.257	48.212	1A04EP	TESTS CREATE	test created	BLD-AR-Stairs-vs-BLD-AR-Floors	0.082	hard_conservative, 25 mm chosen in the tool is 0.082020997375 ft
08:51:53.262	48.217	1A04EP		census after	models	5	
08:51:53.263	48.218	1A04EP		census after	sets	61	
08:51:53.263	48.219	1A04EP		census after	tests	1	
08:51:53.264	48.219	1A04EP		census after	results	0	
08:51:53.264	48.220	1A04EP		census after	views	57	
08:51:53.267	48.223	1A04EP		step finished	TESTS CREATE	0.023	BLD-AR-Stairs-vs-BLD-AR-Floors
08:51:53.270	48.226	1A04EP	TESTS RUN	step started	TESTS RUN	0	
08:51:53.272	48.228	1A04EP	TESTS RUN	census before	models	5	
08:51:53.273	48.229	1A04EP	TESTS RUN	census before	sets	61	
08:51:53.274	48.230	1A04EP	TESTS RUN	census before	tests	1	
08:51:53.274	48.230	1A04EP	TESTS RUN	census before	results	0	
08:51:53.275	48.231	1A04EP	TESTS RUN	census before	views	57	
08:51:53.318	48.274	1A04EP		census after	models	5	
08:51:53.319	48.274	1A04EP		census after	sets	61	
08:51:53.319	48.275	1A04EP		census after	tests	1	
08:51:53.321	48.276	1A04EP		census after	results	2	
08:51:53.321	48.276	1A04EP		census after	views	57	
08:51:53.324	48.279	1A04EP		step finished	TESTS RUN	0.046	BLD-AR-Stairs-vs-BLD-AR-Floors
08:51:53.399	48.354	1A04EP	HARVEST	step started	HARVEST	0	
08:51:53.401	48.357	1A04EP	HARVEST	census before	models	5	
08:51:53.402	48.358	1A04EP	HARVEST	census before	sets	61	
08:51:53.403	48.358	1A04EP	HARVEST	census before	tests	1	
08:51:53.403	48.359	1A04EP	HARVEST	census before	results	2	
08:51:53.404	48.360	1A04EP	HARVEST	census before	views	57	
08:51:53.432	48.387	1A04EP	IMAGES	step started	IMAGES	0	
08:51:53.435	48.391	1A04EP	IMAGES	census before	models	5	
08:51:53.436	48.392	1A04EP	IMAGES	census before	sets	61	
08:51:53.437	48.392	1A04EP	IMAGES	census before	tests	1	
08:51:53.437	48.393	1A04EP	IMAGES	census before	results	2	
08:51:53.438	48.394	1A04EP	IMAGES	census before	views	57	
08:51:53.486	48.441	1A04EP	HARVEST	census after	models	5	
08:51:53.487	48.442	1A04EP	HARVEST	census after	sets	61	
08:51:53.488	48.443	1A04EP	HARVEST	census after	tests	1	
08:51:53.488	48.444	1A04EP	HARVEST	census after	results	2	
08:51:53.489	48.444	1A04EP	HARVEST	census after	views	57	
08:51:53.492	48.447	1A04EP	HARVEST	step finished	IMAGES	0.054	BLD-AR-Stairs-vs-BLD-AR-Floors
08:51:53.536	48.492	1A04EP		census after	models	5	
08:51:53.537	48.493	1A04EP		census after	sets	61	
08:51:53.538	48.493	1A04EP		census after	tests	1	
08:51:53.539	48.494	1A04EP		census after	results	2	
08:51:53.539	48.495	1A04EP		census after	views	57	
08:51:53.542	48.498	1A04EP		step finished	HARVEST	0.136	BLD-AR-Stairs-vs-BLD-AR-Floors
08:51:53.542	48.498	1A04EP		rows for the workbook	BLD-AR-Stairs-vs-BLD-AR-Floors	2	2 in the document
08:51:53.545	48.501	1A04EP		test found clashes	BLD-AR-Stairs-vs-BLD-AR-Floors	2	ran and found clashes
08:51:53.631	48.587	1A04EP	TESTS CREATE	test created	BLD-AR-Ceilings-vs-BLD-AR-Floors	0.082	hard_conservative, 25 mm chosen in the tool is 0.082020997375 ft
08:51:53.692	48.648	1A04EP		rows for the workbook	BLD-AR-Ceilings-vs-BLD-AR-Floors	0	0 in the document
08:51:53.695	48.651	1A04EP		test passed	BLD-AR-Ceilings-vs-BLD-AR-Floors	0	ran and found nothing
08:51:53.725	48.681	1A04EP	TESTS CREATE	test created	BLD-AR-Ceilings-vs-BLD-AR-Stairs	0.082	hard_conservative, 25 mm chosen in the tool is 0.082020997375 ft
08:51:53.791	48.747	1A04EP		rows for the workbook	BLD-AR-Ceilings-vs-BLD-AR-Stairs	0	0 in the document
08:51:53.794	48.750	1A04EP		test passed	BLD-AR-Ceilings-vs-BLD-AR-Stairs	0	ran and found nothing
08:51:53.836	48.791	1A04EP	TESTS CREATE	test created	BLD-AR-Walls-vs-BLD-AR-Floors	0.082	hard_conservative, 25 mm chosen in the tool is 0.082020997375 ft
08:51:54.933	49.888	1A04EP		rows for the workbook	BLD-AR-Walls-vs-BLD-AR-Floors	22	22 in the document
08:51:54.934	49.889	1A04EP		test found clashes	BLD-AR-Walls-vs-BLD-AR-Floors	22	ran and found clashes
08:51:55.029	49.985	1A04EP	TESTS CREATE	test created	BLD-AR-Walls-vs-BLD-AR-Stairs	0.082	hard_conservative, 25 mm chosen in the tool is 0.082020997375 ft
08:51:55.248	50.203	1A04EP		rows for the workbook	BLD-AR-Walls-vs-BLD-AR-Stairs	2	2 in the document
08:51:55.249	50.204	1A04EP		test found clashes	BLD-AR-Walls-vs-BLD-AR-Stairs	2	ran and found clashes
08:51:55.313	50.268	1A04EP	TESTS CREATE	test created	BLD-AR-Walls-vs-BLD-AR-Ceilings	0.082	hard_conservative, 25 mm chosen in the tool is 0.082020997375 ft
08:51:55.611	50.567	1A04EP		rows for the workbook	BLD-AR-Walls-vs-BLD-AR-Ceilings	5	5 in the document
08:51:55.612	50.568	1A04EP		test found clashes	BLD-AR-Walls-vs-BLD-AR-Ceilings	5	ran and found clashes
08:51:55.673	50.628	1A04EP	TESTS CREATE	test created	BLD-AR-Windows-vs-BLD-AR-Floors	0.082	hard_conservative, 25 mm chosen in the tool is 0.082020997375 ft
08:51:55.754	50.710	1A04EP		rows for the workbook	BLD-AR-Windows-vs-BLD-AR-Floors	0	0 in the document
08:51:55.755	50.711	1A04EP		test passed	BLD-AR-Windows-vs-BLD-AR-Floors	0	ran and found nothing
08:51:55.783	50.738	1A04EP	TESTS CREATE	test created	BLD-AR-Windows-vs-BLD-AR-Stairs	0.082	hard_conservative, 25 mm chosen in the tool is 0.082020997375 ft
08:51:55.860	50.815	1A04EP		rows for the workbook	BLD-AR-Windows-vs-BLD-AR-Stairs	0	0 in the document
08:51:55.861	50.816	1A04EP		test passed	BLD-AR-Windows-vs-BLD-AR-Stairs	0	ran and found nothing
08:51:55.892	50.848	1A04EP	TESTS CREATE	test created	BLD-AR-Windows-vs-BLD-AR-Ceilings	0.082	hard_conservative, 25 mm chosen in the tool is 0.082020997375 ft
08:51:55.954	50.909	1A04EP		rows for the workbook	BLD-AR-Windows-vs-BLD-AR-Ceilings	0	0 in the document
08:51:55.954	50.910	1A04EP		test passed	BLD-AR-Windows-vs-BLD-AR-Ceilings	0	ran and found nothing
08:51:55.985	50.940	1A04EP	TESTS CREATE	test created	BLD-AR-Windows-vs-BLD-AR-Walls	0.082	hard_conservative, 25 mm chosen in the tool is 0.082020997375 ft
08:51:56.188	51.143	1A04EP		rows for the workbook	BLD-AR-Windows-vs-BLD-AR-Walls	2	2 in the document
08:51:56.189	51.144	1A04EP		test found clashes	BLD-AR-Windows-vs-BLD-AR-Walls	2	ran and found clashes
08:51:56.264	51.219	1A04EP	TESTS CREATE	test created	BLD-AR-Curtain Panels-vs-BLD-AR-Floors	0.082	hard_conservative, 25 mm chosen in the tool is 0.082020997375 ft
08:51:56.344	51.300	1A04EP		rows for the workbook	BLD-AR-Curtain Panels-vs-BLD-AR-Floors	0	0 in the document
08:51:56.345	51.301	1A04EP		test passed	BLD-AR-Curtain Panels-vs-BLD-AR-Floors	0	ran and found nothing
08:51:56.388	51.344	1A04EP	TESTS CREATE	test created	BLD-AR-Curtain Panels-vs-BLD-AR-Stairs	0.082	hard_conservative, 25 mm chosen in the tool is 0.082020997375 ft
08:51:56.468	51.423	1A04EP		rows for the workbook	BLD-AR-Curtain Panels-vs-BLD-AR-Stairs	0	0 in the document
08:51:56.469	51.424	1A04EP		test passed	BLD-AR-Curtain Panels-vs-BLD-AR-Stairs	0	ran and found nothing
08:51:56.514	51.470	1A04EP	TESTS CREATE	test created	BLD-AR-Curtain Panels-vs-BLD-AR-Ceilings	0.082	hard_conservative, 25 mm chosen in the tool is 0.082020997375 ft
08:51:56.593	51.549	1A04EP		rows for the workbook	BLD-AR-Curtain Panels-vs-BLD-AR-Ceilings	0	0 in the document
08:51:56.594	51.550	1A04EP		test passed	BLD-AR-Curtain Panels-vs-BLD-AR-Ceilings	0	ran and found nothing
08:51:56.638	51.594	1A04EP	TESTS CREATE	test created	BLD-AR-Curtain Panels-vs-BLD-AR-Walls	0.082	hard_conservative, 25 mm chosen in the tool is 0.082020997375 ft
08:51:56.716	51.671	1A04EP		rows for the workbook	BLD-AR-Curtain Panels-vs-BLD-AR-Walls	0	0 in the document
08:51:56.717	51.672	1A04EP		test passed	BLD-AR-Curtain Panels-vs-BLD-AR-Walls	0	ran and found nothing
08:51:56.747	51.702	1A04EP	TESTS CREATE	test created	BLD-AR-Curtain Panels-vs-BLD-AR-Windows	0.082	hard_conservative, 25 mm chosen in the tool is 0.082020997375 ft
08:51:56.816	51.772	1A04EP		rows for the workbook	BLD-AR-Curtain Panels-vs-BLD-AR-Windows	0	0 in the document
08:51:56.817	51.772	1A04EP		test passed	BLD-AR-Curtain Panels-vs-BLD-AR-Windows	0	ran and found nothing
08:51:56.857	51.813	1A04EP	TESTS CREATE	test created	BLD-AR-Curtain Mullions-vs-BLD-AR-Floors	0.082	hard_conservative, 25 mm chosen in the tool is 0.082020997375 ft
08:51:56.936	51.891	1A04EP		rows for the workbook	BLD-AR-Curtain Mullions-vs-BLD-AR-Floors	0	0 in the document
08:51:56.937	51.892	1A04EP		test passed	BLD-AR-Curtain Mullions-vs-BLD-AR-Floors	0	ran and found nothing
08:51:56.982	51.938	1A04EP	TESTS CREATE	test created	BLD-AR-Curtain Mullions-vs-BLD-AR-Stairs	0.082	hard_conservative, 25 mm chosen in the tool is 0.082020997375 ft
08:51:57.041	51.996	1A04EP		rows for the workbook	BLD-AR-Curtain Mullions-vs-BLD-AR-Stairs	0	0 in the document
08:51:57.042	51.997	1A04EP		test passed	BLD-AR-Curtain Mullions-vs-BLD-AR-Stairs	0	ran and found nothing
08:51:57.076	52.031	1A04EP	TESTS CREATE	test created	BLD-AR-Curtain Mullions-vs-BLD-AR-Ceilings	0.082	hard_conservative, 25 mm chosen in the tool is 0.082020997375 ft
08:51:57.147	52.102	1A04EP		rows for the workbook	BLD-AR-Curtain Mullions-vs-BLD-AR-Ceilings	0	0 in the document
08:51:57.148	52.103	1A04EP		test passed	BLD-AR-Curtain Mullions-vs-BLD-AR-Ceilings	0	ran and found nothing
08:51:57.184	52.140	1A04EP	TESTS CREATE	test created	BLD-AR-Curtain Mullions-vs-BLD-AR-Walls	0.082	hard_conservative, 25 mm chosen in the tool is 0.082020997375 ft
08:51:57.255	52.211	1A04EP		rows for the workbook	BLD-AR-Curtain Mullions-vs-BLD-AR-Walls	0	0 in the document
08:51:57.257	52.212	1A04EP		test passed	BLD-AR-Curtain Mullions-vs-BLD-AR-Walls	0	ran and found nothing
08:51:57.294	52.249	1A04EP	TESTS CREATE	test created	BLD-AR-Curtain Mullions-vs-BLD-AR-Windows	0.082	hard_conservative, 25 mm chosen in the tool is 0.082020997375 ft
08:51:57.363	52.319	1A04EP		rows for the workbook	BLD-AR-Curtain Mullions-vs-BLD-AR-Windows	0	0 in the document
08:51:57.364	52.320	1A04EP		test passed	BLD-AR-Curtain Mullions-vs-BLD-AR-Windows	0	ran and found nothing
08:51:57.402	52.357	1A04EP	TESTS CREATE	test created	BLD-AR-Curtain Mullions-vs-BLD-AR-Curtain Panels	0.082	hard_conservative, 25 mm chosen in the tool is 0.082020997375 ft
08:54:16.396	191.351	1A04EP		rows for the workbook	BLD-AR-Curtain Mullions-vs-BLD-AR-Curtain Panels	1406	1406 in the document
08:54:16.396	191.353	1A04EP		test found clashes	BLD-AR-Curtain Mullions-vs-BLD-AR-Curtain Panels	1406	ran and found clashes
08:54:16.615	191.570	1A04EP	TESTS CREATE	test created	BLD-AR-Doors-vs-BLD-AR-Floors	0.082	hard_conservative, 25 mm chosen in the tool is 0.082020997375 ft
08:54:17.465	192.421	1A04EP		rows for the workbook	BLD-AR-Doors-vs-BLD-AR-Floors	1	1 in the document
08:54:17.466	192.421	1A04EP		test found clashes	BLD-AR-Doors-vs-BLD-AR-Floors	1	ran and found clashes
08:54:17.577	192.532	1A04EP	TESTS CREATE	test created	BLD-AR-Doors-vs-BLD-AR-Stairs	0.082	hard_conservative, 25 mm chosen in the tool is 0.082020997375 ft
08:54:17.732	192.688	1A04EP		rows for the workbook	BLD-AR-Doors-vs-BLD-AR-Stairs	0	0 in the document
08:54:17.732	192.688	1A04EP		test passed	BLD-AR-Doors-vs-BLD-AR-Stairs	0	ran and found nothing
08:54:17.779	192.734	1A04EP	TESTS CREATE	test created	BLD-AR-Doors-vs-BLD-AR-Ceilings	0.082	hard_conservative, 25 mm chosen in the tool is 0.082020997375 ft
08:54:17.935	192.891	1A04EP		rows for the workbook	BLD-AR-Doors-vs-BLD-AR-Ceilings	0	0 in the document
08:54:17.936	192.892	1A04EP		test passed	BLD-AR-Doors-vs-BLD-AR-Ceilings	0	ran and found nothing
08:54:17.999	192.955	1A04EP	TESTS CREATE	test created	BLD-AR-Doors-vs-BLD-AR-Walls	0.082	hard_conservative, 25 mm chosen in the tool is 0.082020997375 ft
08:54:19.964	194.919	1A04EP		rows for the workbook	BLD-AR-Doors-vs-BLD-AR-Walls	28	28 in the document
08:54:19.965	194.920	1A04EP		test found clashes	BLD-AR-Doors-vs-BLD-AR-Walls	28	ran and found clashes
08:54:20.036	194.992	1A04EP	TESTS CREATE	test created	BLD-AR-Doors-vs-BLD-AR-Windows	0.082	hard_conservative, 25 mm chosen in the tool is 0.082020997375 ft
08:54:20.159	195.114	1A04EP		rows for the workbook	BLD-AR-Doors-vs-BLD-AR-Windows	0	0 in the document
08:54:20.159	195.115	1A04EP		test passed	BLD-AR-Doors-vs-BLD-AR-Windows	0	ran and found nothing
08:54:20.192	195.148	1A04EP	TESTS CREATE	test created	BLD-AR-Doors-vs-BLD-AR-Curtain Panels	0.082	hard_conservative, 25 mm chosen in the tool is 0.082020997375 ft
08:54:20.316	195.272	1A04EP		rows for the workbook	BLD-AR-Doors-vs-BLD-AR-Curtain Panels	0	0 in the document
08:54:20.316	195.273	1A04EP		test passed	BLD-AR-Doors-vs-BLD-AR-Curtain Panels	0	ran and found nothing
08:54:20.349	195.304	1A04EP	TESTS CREATE	test created	BLD-AR-Doors-vs-BLD-AR-Curtain Mullions	0.082	hard_conservative, 25 mm chosen in the tool is 0.082020997375 ft
08:54:20.476	195.431	1A04EP		rows for the workbook	BLD-AR-Doors-vs-BLD-AR-Curtain Mullions	0	0 in the document
08:54:20.477	195.432	1A04EP		test passed	BLD-AR-Doors-vs-BLD-AR-Curtain Mullions	0	ran and found nothing
08:54:20.504	195.460	1A04EP	TESTS CREATE	test created	BLD-AR-Furniture-vs-BLD-AR-Floors	0.082	hard_conservative, 25 mm chosen in the tool is 0.082020997375 ft
08:54:20.631	195.586	1A04EP		rows for the workbook	BLD-AR-Furniture-vs-BLD-AR-Floors	0	0 in the document
08:54:20.632	195.587	1A04EP		test passed	BLD-AR-Furniture-vs-BLD-AR-Floors	0	ran and found nothing
08:54:20.660	195.616	1A04EP	TESTS CREATE	test created	BLD-AR-Furniture-vs-BLD-AR-Stairs	0.082	hard_conservative, 25 mm chosen in the tool is 0.082020997375 ft
08:54:20.783	195.738	1A04EP		rows for the workbook	BLD-AR-Furniture-vs-BLD-AR-Stairs	0	0 in the document
08:54:20.784	195.739	1A04EP		test passed	BLD-AR-Furniture-vs-BLD-AR-Stairs	0	ran and found nothing
08:54:20.815	195.771	1A04EP	TESTS CREATE	test created	BLD-AR-Furniture-vs-BLD-AR-Ceilings	0.082	hard_conservative, 25 mm chosen in the tool is 0.082020997375 ft
08:54:20.939	195.894	1A04EP		rows for the workbook	BLD-AR-Furniture-vs-BLD-AR-Ceilings	0	0 in the document
08:54:20.939	195.895	1A04EP		test passed	BLD-AR-Furniture-vs-BLD-AR-Ceilings	0	ran and found nothing
08:54:20.972	195.928	1A04EP	TESTS CREATE	test created	BLD-AR-Furniture-vs-BLD-AR-Walls	0.082	hard_conservative, 25 mm chosen in the tool is 0.082020997375 ft
08:54:21.169	196.124	1A04EP		rows for the workbook	BLD-AR-Furniture-vs-BLD-AR-Walls	1	1 in the document
08:54:21.170	196.125	1A04EP		test found clashes	BLD-AR-Furniture-vs-BLD-AR-Walls	1	ran and found clashes
08:54:21.238	196.194	1A04EP	TESTS CREATE	test created	BLD-AR-Furniture-vs-BLD-AR-Windows	0.082	hard_conservative, 25 mm chosen in the tool is 0.082020997375 ft
08:54:21.359	196.315	1A04EP		rows for the workbook	BLD-AR-Furniture-vs-BLD-AR-Windows	0	0 in the document
08:54:21.360	196.316	1A04EP		test passed	BLD-AR-Furniture-vs-BLD-AR-Windows	0	ran and found nothing
08:54:21.396	196.351	1A04EP	TESTS CREATE	test created	BLD-AR-Furniture-vs-BLD-AR-Curtain Panels	0.082	hard_conservative, 25 mm chosen in the tool is 0.082020997375 ft
08:54:21.518	196.473	1A04EP		rows for the workbook	BLD-AR-Furniture-vs-BLD-AR-Curtain Panels	0	0 in the document
08:54:21.519	196.474	1A04EP		test passed	BLD-AR-Furniture-vs-BLD-AR-Curtain Panels	0	ran and found nothing
08:54:21.551	196.507	1A04EP	TESTS CREATE	test created	BLD-AR-Furniture-vs-BLD-AR-Curtain Mullions	0.082	hard_conservative, 25 mm chosen in the tool is 0.082020997375 ft
08:54:21.675	196.630	1A04EP		rows for the workbook	BLD-AR-Furniture-vs-BLD-AR-Curtain Mullions	0	0 in the document
08:54:21.676	196.631	1A04EP		test passed	BLD-AR-Furniture-vs-BLD-AR-Curtain Mullions	0	ran and found nothing
08:54:21.707	196.663	1A04EP	TESTS CREATE	test created	BLD-AR-Furniture-vs-BLD-AR-Doors	0.082	hard_conservative, 25 mm chosen in the tool is 0.082020997375 ft
08:54:21.831	196.787	1A04EP		rows for the workbook	BLD-AR-Furniture-vs-BLD-AR-Doors	0	0 in the document
08:54:21.832	196.788	1A04EP		test passed	BLD-AR-Furniture-vs-BLD-AR-Doors	0	ran and found nothing
08:54:21.863	196.819	1A04EP	TESTS CREATE	test created	BLD-AR-Railings-vs-BLD-AR-Floors	0.082	hard_conservative, 25 mm chosen in the tool is 0.082020997375 ft
08:54:21.987	196.942	1A04EP		rows for the workbook	BLD-AR-Railings-vs-BLD-AR-Floors	0	0 in the document
08:54:21.988	196.943	1A04EP		test passed	BLD-AR-Railings-vs-BLD-AR-Floors	0	ran and found nothing
08:54:22.021	196.976	1A04EP	TESTS CREATE	test created	BLD-AR-Railings-vs-BLD-AR-Stairs	0.082	hard_conservative, 25 mm chosen in the tool is 0.082020997375 ft
08:54:22.177	197.133	1A04EP		rows for the workbook	BLD-AR-Railings-vs-BLD-AR-Stairs	0	0 in the document
08:54:22.178	197.133	1A04EP		test passed	BLD-AR-Railings-vs-BLD-AR-Stairs	0	ran and found nothing
08:54:22.208	197.163	1A04EP	TESTS CREATE	test created	BLD-AR-Railings-vs-BLD-AR-Ceilings	0.082	hard_conservative, 25 mm chosen in the tool is 0.082020997375 ft
08:54:22.332	197.287	1A04EP		rows for the workbook	BLD-AR-Railings-vs-BLD-AR-Ceilings	0	0 in the document
08:54:22.333	197.288	1A04EP		test passed	BLD-AR-Railings-vs-BLD-AR-Ceilings	0	ran and found nothing
08:54:22.364	197.319	1A04EP	TESTS CREATE	test created	BLD-AR-Railings-vs-BLD-AR-Walls	0.082	hard_conservative, 25 mm chosen in the tool is 0.082020997375 ft
08:54:22.550	197.505	1A04EP		rows for the workbook	BLD-AR-Railings-vs-BLD-AR-Walls	0	0 in the document
08:54:22.551	197.506	1A04EP		test passed	BLD-AR-Railings-vs-BLD-AR-Walls	0	ran and found nothing
08:54:22.581	197.537	1A04EP	TESTS CREATE	test created	BLD-AR-Railings-vs-BLD-AR-Windows	0.082	hard_conservative, 25 mm chosen in the tool is 0.082020997375 ft
08:54:22.719	197.674	1A04EP		rows for the workbook	BLD-AR-Railings-vs-BLD-AR-Windows	0	0 in the document
08:54:22.720	197.675	1A04EP		test passed	BLD-AR-Railings-vs-BLD-AR-Windows	0	ran and found nothing
08:54:22.753	197.709	1A04EP	TESTS CREATE	test created	BLD-AR-Railings-vs-BLD-AR-Curtain Panels	0.082	hard_conservative, 25 mm chosen in the tool is 0.082020997375 ft
08:54:22.894	197.849	1A04EP		rows for the workbook	BLD-AR-Railings-vs-BLD-AR-Curtain Panels	0	0 in the document
08:54:22.895	197.850	1A04EP		test passed	BLD-AR-Railings-vs-BLD-AR-Curtain Panels	0	ran and found nothing
08:54:22.923	197.879	1A04EP	TESTS CREATE	test created	BLD-AR-Railings-vs-BLD-AR-Curtain Mullions	0.082	hard_conservative, 25 mm chosen in the tool is 0.082020997375 ft
08:54:23.111	198.067	1A04EP		rows for the workbook	BLD-AR-Railings-vs-BLD-AR-Curtain Mullions	0	0 in the document
08:54:23.112	198.068	1A04EP		test passed	BLD-AR-Railings-vs-BLD-AR-Curtain Mullions	0	ran and found nothing
08:54:23.142	198.098	1A04EP	TESTS CREATE	test created	BLD-AR-Railings-vs-BLD-AR-Doors	0.082	hard_conservative, 25 mm chosen in the tool is 0.082020997375 ft
08:54:23.274	198.229	1A04EP		rows for the workbook	BLD-AR-Railings-vs-BLD-AR-Doors	0	0 in the document
08:54:23.274	198.230	1A04EP		test passed	BLD-AR-Railings-vs-BLD-AR-Doors	0	ran and found nothing
08:54:23.314	198.270	1A04EP	TESTS CREATE	test created	BLD-AR-Railings-vs-BLD-AR-Furniture	0.082	hard_conservative, 25 mm chosen in the tool is 0.082020997375 ft
08:54:23.444	198.399	1A04EP		rows for the workbook	BLD-AR-Railings-vs-BLD-AR-Furniture	0	0 in the document
08:54:23.444	198.400	1A04EP		test passed	BLD-AR-Railings-vs-BLD-AR-Furniture	0	ran and found nothing
08:54:23.484	198.440	1A04EP	TESTS CREATE	test created	BLD-ST-Foundation-vs-BLD-AR-Floors	0.082	hard_conservative, 25 mm chosen in the tool is 0.082020997375 ft
08:54:23.613	198.568	1A04EP		rows for the workbook	BLD-ST-Foundation-vs-BLD-AR-Floors	0	0 in the document
08:54:23.613	198.569	1A04EP		test passed	BLD-ST-Foundation-vs-BLD-AR-Floors	0	ran and found nothing
08:54:23.642	198.598	1A04EP	TESTS CREATE	test created	BLD-ST-Foundation-vs-BLD-AR-Stairs	0.082	hard_conservative, 25 mm chosen in the tool is 0.082020997375 ft
08:54:23.799	198.754	1A04EP		rows for the workbook	BLD-ST-Foundation-vs-BLD-AR-Stairs	0	0 in the document
08:54:23.800	198.755	1A04EP		test passed	BLD-ST-Foundation-vs-BLD-AR-Stairs	0	ran and found nothing
08:54:23.830	198.786	1A04EP	TESTS CREATE	test created	BLD-ST-Foundation-vs-BLD-AR-Ceilings	0.082	hard_conservative, 25 mm chosen in the tool is 0.082020997375 ft
08:54:23.974	198.929	1A04EP		rows for the workbook	BLD-ST-Foundation-vs-BLD-AR-Ceilings	0	0 in the document
08:54:23.975	198.930	1A04EP		test passed	BLD-ST-Foundation-vs-BLD-AR-Ceilings	0	ran and found nothing
08:54:24.003	198.958	1A04EP	TESTS CREATE	test created	BLD-ST-Foundation-vs-BLD-AR-Walls	0.082	hard_conservative, 25 mm chosen in the tool is 0.082020997375 ft
08:54:24.176	199.131	1A04EP		rows for the workbook	BLD-ST-Foundation-vs-BLD-AR-Walls	0	0 in the document
08:54:24.177	199.132	1A04EP		test passed	BLD-ST-Foundation-vs-BLD-AR-Walls	0	ran and found nothing
08:54:24.207	199.162	1A04EP	TESTS CREATE	test created	BLD-ST-Foundation-vs-BLD-AR-Windows	0.082	hard_conservative, 25 mm chosen in the tool is 0.082020997375 ft
08:54:24.347	199.303	1A04EP		rows for the workbook	BLD-ST-Foundation-vs-BLD-AR-Windows	0	0 in the document
08:54:24.348	199.304	1A04EP		test passed	BLD-ST-Foundation-vs-BLD-AR-Windows	0	ran and found nothing
08:54:24.378	199.334	1A04EP	TESTS CREATE	test created	BLD-ST-Foundation-vs-BLD-AR-Curtain Panels	0.082	hard_conservative, 25 mm chosen in the tool is 0.082020997375 ft
08:54:24.531	199.487	1A04EP		rows for the workbook	BLD-ST-Foundation-vs-BLD-AR-Curtain Panels	0	0 in the document
08:54:24.532	199.488	1A04EP		test passed	BLD-ST-Foundation-vs-BLD-AR-Curtain Panels	0	ran and found nothing
08:54:24.562	199.518	1A04EP	TESTS CREATE	test created	BLD-ST-Foundation-vs-BLD-AR-Curtain Mullions	0.082	hard_conservative, 25 mm chosen in the tool is 0.082020997375 ft
08:54:24.750	199.706	1A04EP		rows for the workbook	BLD-ST-Foundation-vs-BLD-AR-Curtain Mullions	0	0 in the document
08:54:24.751	199.707	1A04EP		test passed	BLD-ST-Foundation-vs-BLD-AR-Curtain Mullions	0	ran and found nothing
08:54:24.781	199.737	1A04EP	TESTS CREATE	test created	BLD-ST-Foundation-vs-BLD-AR-Doors	0.082	hard_conservative, 25 mm chosen in the tool is 0.082020997375 ft
08:54:24.937	199.893	1A04EP		rows for the workbook	BLD-ST-Foundation-vs-BLD-AR-Doors	0	0 in the document
08:54:24.939	199.895	1A04EP		test passed	BLD-ST-Foundation-vs-BLD-AR-Doors	0	ran and found nothing
08:54:24.999	199.955	1A04EP	TESTS CREATE	test created	BLD-ST-Foundation-vs-BLD-AR-Furniture	0.082	hard_conservative, 25 mm chosen in the tool is 0.082020997375 ft
08:54:25.155	200.111	1A04EP		rows for the workbook	BLD-ST-Foundation-vs-BLD-AR-Furniture	0	0 in the document
08:54:25.156	200.112	1A04EP		test passed	BLD-ST-Foundation-vs-BLD-AR-Furniture	0	ran and found nothing
08:54:25.217	200.173	1A04EP	TESTS CREATE	test created	BLD-ST-Foundation-vs-BLD-AR-Railings	0.082	hard_conservative, 25 mm chosen in the tool is 0.082020997375 ft
08:54:25.359	200.314	1A04EP		rows for the workbook	BLD-ST-Foundation-vs-BLD-AR-Railings	0	0 in the document
08:54:25.360	200.315	1A04EP		test passed	BLD-ST-Foundation-vs-BLD-AR-Railings	0	ran and found nothing
08:54:25.420	200.376	1A04EP	TESTS CREATE	test created	BLD-ST-Columns-vs-BLD-AR-Floors	0.082	hard_conservative, 25 mm chosen in the tool is 0.082020997375 ft
08:54:25.760	200.716	1A04EP		rows for the workbook	BLD-ST-Columns-vs-BLD-AR-Floors	3	3 in the document
08:54:25.761	200.717	1A04EP		test found clashes	BLD-ST-Columns-vs-BLD-AR-Floors	3	ran and found clashes
08:54:25.841	200.797	1A04EP	TESTS CREATE	test created	BLD-ST-Columns-vs-BLD-AR-Stairs	0.082	hard_conservative, 25 mm chosen in the tool is 0.082020997375 ft
08:54:25.982	200.937	1A04EP		rows for the workbook	BLD-ST-Columns-vs-BLD-AR-Stairs	0	0 in the document
08:54:25.983	200.938	1A04EP		test passed	BLD-ST-Columns-vs-BLD-AR-Stairs	0	ran and found nothing
08:54:26.028	200.984	1A04EP	TESTS CREATE	test created	BLD-ST-Columns-vs-BLD-AR-Ceilings	0.082	hard_conservative, 25 mm chosen in the tool is 0.082020997375 ft
08:54:26.156	201.111	1A04EP		rows for the workbook	BLD-ST-Columns-vs-BLD-AR-Ceilings	0	0 in the document
08:54:26.156	201.112	1A04EP		test passed	BLD-ST-Columns-vs-BLD-AR-Ceilings	0	ran and found nothing
08:54:26.202	201.157	1A04EP	TESTS CREATE	test created	BLD-ST-Columns-vs-BLD-AR-Walls	0.082	hard_conservative, 25 mm chosen in the tool is 0.082020997375 ft
08:54:26.487	201.443	1A04EP		rows for the workbook	BLD-ST-Columns-vs-BLD-AR-Walls	2	2 in the document
08:54:26.488	201.444	1A04EP		test found clashes	BLD-ST-Columns-vs-BLD-AR-Walls	2	ran and found clashes
08:54:26.559	201.515	1A04EP	TESTS CREATE	test created	BLD-ST-Columns-vs-BLD-AR-Windows	0.082	hard_conservative, 25 mm chosen in the tool is 0.082020997375 ft
08:54:26.687	201.642	1A04EP		rows for the workbook	BLD-ST-Columns-vs-BLD-AR-Windows	0	0 in the document
08:54:26.688	201.643	1A04EP		test passed	BLD-ST-Columns-vs-BLD-AR-Windows	0	ran and found nothing
08:54:26.731	201.687	1A04EP	TESTS CREATE	test created	BLD-ST-Columns-vs-BLD-AR-Curtain Panels	0.082	hard_conservative, 25 mm chosen in the tool is 0.082020997375 ft
08:54:27.508	202.464	1A04EP		rows for the workbook	BLD-ST-Columns-vs-BLD-AR-Curtain Panels	12	12 in the document
08:54:27.509	202.465	1A04EP		test found clashes	BLD-ST-Columns-vs-BLD-AR-Curtain Panels	12	ran and found clashes
08:54:27.575	202.531	1A04EP	TESTS CREATE	test created	BLD-ST-Columns-vs-BLD-AR-Curtain Mullions	0.082	hard_conservative, 25 mm chosen in the tool is 0.082020997375 ft
08:54:27.953	202.909	1A04EP		rows for the workbook	BLD-ST-Columns-vs-BLD-AR-Curtain Mullions	4	4 in the document
08:54:27.954	202.910	1A04EP		test found clashes	BLD-ST-Columns-vs-BLD-AR-Curtain Mullions	4	ran and found clashes
08:54:28.025	202.980	1A04EP	TESTS CREATE	test created	BLD-ST-Columns-vs-BLD-AR-Doors	0.082	hard_conservative, 25 mm chosen in the tool is 0.082020997375 ft
08:54:28.181	203.137	1A04EP		rows for the workbook	BLD-ST-Columns-vs-BLD-AR-Doors	0	0 in the document
08:54:28.182	203.138	1A04EP		test passed	BLD-ST-Columns-vs-BLD-AR-Doors	0	ran and found nothing
08:54:28.212	203.168	1A04EP	TESTS CREATE	test created	BLD-ST-Columns-vs-BLD-AR-Furniture	0.082	hard_conservative, 25 mm chosen in the tool is 0.082020997375 ft
08:54:28.336	203.292	1A04EP		rows for the workbook	BLD-ST-Columns-vs-BLD-AR-Furniture	0	0 in the document
08:54:28.337	203.292	1A04EP		test passed	BLD-ST-Columns-vs-BLD-AR-Furniture	0	ran and found nothing
08:54:28.369	203.325	1A04EP	TESTS CREATE	test created	BLD-ST-Columns-vs-BLD-AR-Railings	0.082	hard_conservative, 25 mm chosen in the tool is 0.082020997375 ft
08:54:28.525	203.481	1A04EP		rows for the workbook	BLD-ST-Columns-vs-BLD-AR-Railings	0	0 in the document
08:54:28.526	203.482	1A04EP		test passed	BLD-ST-Columns-vs-BLD-AR-Railings	0	ran and found nothing
08:54:28.557	203.512	1A04EP	TESTS CREATE	test created	BLD-ST-Columns-vs-BLD-ST-Foundation	0.082	hard_conservative, 25 mm chosen in the tool is 0.082020997375 ft
08:54:28.682	203.637	1A04EP		rows for the workbook	BLD-ST-Columns-vs-BLD-ST-Foundation	0	0 in the document
08:54:28.683	203.638	1A04EP		test passed	BLD-ST-Columns-vs-BLD-ST-Foundation	0	ran and found nothing
08:54:28.712	203.668	1A04EP	TESTS CREATE	test created	BLD-ST-Framing-vs-BLD-AR-Floors	0.082	hard_conservative, 25 mm chosen in the tool is 0.082020997375 ft
08:54:28.908	203.863	1A04EP		rows for the workbook	BLD-ST-Framing-vs-BLD-AR-Floors	1	1 in the document
08:54:28.909	203.864	1A04EP		test found clashes	BLD-ST-Framing-vs-BLD-AR-Floors	1	ran and found clashes
08:54:28.978	203.933	1A04EP	TESTS CREATE	test created	BLD-ST-Framing-vs-BLD-AR-Stairs	0.082	hard_conservative, 25 mm chosen in the tool is 0.082020997375 ft
08:54:29.102	204.057	1A04EP		rows for the workbook	BLD-ST-Framing-vs-BLD-AR-Stairs	0	0 in the document
08:54:29.102	204.058	1A04EP		test passed	BLD-ST-Framing-vs-BLD-AR-Stairs	0	ran and found nothing
08:54:29.134	204.090	1A04EP	TESTS CREATE	test created	BLD-ST-Framing-vs-BLD-AR-Ceilings	0.082	hard_conservative, 25 mm chosen in the tool is 0.082020997375 ft
08:54:29.288	204.243	1A04EP		rows for the workbook	BLD-ST-Framing-vs-BLD-AR-Ceilings	0	0 in the document
08:54:29.289	204.244	1A04EP		test passed	BLD-ST-Framing-vs-BLD-AR-Ceilings	0	ran and found nothing
08:54:29.319	204.275	1A04EP	TESTS CREATE	test created	BLD-ST-Framing-vs-BLD-AR-Walls	0.082	hard_conservative, 25 mm chosen in the tool is 0.082020997375 ft
08:54:29.529	204.485	1A04EP		rows for the workbook	BLD-ST-Framing-vs-BLD-AR-Walls	1	1 in the document
08:54:29.530	204.486	1A04EP		test found clashes	BLD-ST-Framing-vs-BLD-AR-Walls	1	ran and found clashes
08:54:29.598	204.554	1A04EP	TESTS CREATE	test created	BLD-ST-Framing-vs-BLD-AR-Windows	0.082	hard_conservative, 25 mm chosen in the tool is 0.082020997375 ft
08:54:29.718	204.674	1A04EP		rows for the workbook	BLD-ST-Framing-vs-BLD-AR-Windows	0	0 in the document
08:54:29.718	204.674	1A04EP		test passed	BLD-ST-Framing-vs-BLD-AR-Windows	0	ran and found nothing
08:54:29.753	204.709	1A04EP	TESTS CREATE	test created	BLD-ST-Framing-vs-BLD-AR-Curtain Panels	0.082	hard_conservative, 25 mm chosen in the tool is 0.082020997375 ft
08:54:34.288	209.243	1A04EP		rows for the workbook	BLD-ST-Framing-vs-BLD-AR-Curtain Panels	81	81 in the document
08:54:34.288	209.244	1A04EP		test found clashes	BLD-ST-Framing-vs-BLD-AR-Curtain Panels	81	ran and found clashes
08:54:34.349	209.304	1A04EP	TESTS CREATE	test created	BLD-ST-Framing-vs-BLD-AR-Curtain Mullions	0.082	hard_conservative, 25 mm chosen in the tool is 0.082020997375 ft
08:54:37.954	212.910	1A04EP		rows for the workbook	BLD-ST-Framing-vs-BLD-AR-Curtain Mullions	58	58 in the document
08:54:37.955	212.911	1A04EP		test found clashes	BLD-ST-Framing-vs-BLD-AR-Curtain Mullions	58	ran and found clashes
08:54:38.020	212.976	1A04EP	TESTS CREATE	test created	BLD-ST-Framing-vs-BLD-AR-Doors	0.082	hard_conservative, 25 mm chosen in the tool is 0.082020997375 ft
08:54:38.177	213.132	1A04EP		rows for the workbook	BLD-ST-Framing-vs-BLD-AR-Doors	0	0 in the document
08:54:38.178	213.133	1A04EP		test passed	BLD-ST-Framing-vs-BLD-AR-Doors	0	ran and found nothing
08:54:38.209	213.165	1A04EP	TESTS CREATE	test created	BLD-ST-Framing-vs-BLD-AR-Furniture	0.082	hard_conservative, 25 mm chosen in the tool is 0.082020997375 ft
08:54:38.333	213.288	1A04EP		rows for the workbook	BLD-ST-Framing-vs-BLD-AR-Furniture	0	0 in the document
08:54:38.334	213.289	1A04EP		test passed	BLD-ST-Framing-vs-BLD-AR-Furniture	0	ran and found nothing
08:54:38.365	213.321	1A04EP	TESTS CREATE	test created	BLD-ST-Framing-vs-BLD-AR-Railings	0.082	hard_conservative, 25 mm chosen in the tool is 0.082020997375 ft
08:54:38.490	213.445	1A04EP		rows for the workbook	BLD-ST-Framing-vs-BLD-AR-Railings	0	0 in the document
08:54:38.491	213.446	1A04EP		test passed	BLD-ST-Framing-vs-BLD-AR-Railings	0	ran and found nothing
08:54:38.521	213.477	1A04EP	TESTS CREATE	test created	BLD-ST-Framing-vs-BLD-ST-Foundation	0.082	hard_conservative, 25 mm chosen in the tool is 0.082020997375 ft
08:54:38.644	213.600	1A04EP		rows for the workbook	BLD-ST-Framing-vs-BLD-ST-Foundation	0	0 in the document
08:54:38.645	213.601	1A04EP		test passed	BLD-ST-Framing-vs-BLD-ST-Foundation	0	ran and found nothing
08:54:38.676	213.631	1A04EP	TESTS CREATE	test created	BLD-ST-Framing-vs-BLD-ST-Columns	0.082	hard_conservative, 25 mm chosen in the tool is 0.082020997375 ft
08:54:41.696	216.652	1A04EP		rows for the workbook	BLD-ST-Framing-vs-BLD-ST-Columns	41	41 in the document
08:54:41.697	216.652	1A04EP		test found clashes	BLD-ST-Framing-vs-BLD-ST-Columns	41	ran and found clashes
08:54:41.750	216.706	1A04EP	TESTS CREATE	test created	BLD-ST-Walls-vs-BLD-AR-Floors	0.082	hard_conservative, 25 mm chosen in the tool is 0.082020997375 ft
08:54:42.225	217.181	1A04EP		rows for the workbook	BLD-ST-Walls-vs-BLD-AR-Floors	5	5 in the document
08:54:42.226	217.182	1A04EP		test found clashes	BLD-ST-Walls-vs-BLD-AR-Floors	5	ran and found clashes
08:54:42.282	217.238	1A04EP	TESTS CREATE	test created	BLD-ST-Walls-vs-BLD-AR-Stairs	0.082	hard_conservative, 25 mm chosen in the tool is 0.082020997375 ft
08:54:42.422	217.378	1A04EP		rows for the workbook	BLD-ST-Walls-vs-BLD-AR-Stairs	0	0 in the document
08:54:42.423	217.379	1A04EP		test passed	BLD-ST-Walls-vs-BLD-AR-Stairs	0	ran and found nothing
08:54:42.453	217.408	1A04EP	TESTS CREATE	test created	BLD-ST-Walls-vs-BLD-AR-Ceilings	0.082	hard_conservative, 25 mm chosen in the tool is 0.082020997375 ft
08:54:42.592	217.548	1A04EP		rows for the workbook	BLD-ST-Walls-vs-BLD-AR-Ceilings	0	0 in the document
08:54:42.593	217.549	1A04EP		test passed	BLD-ST-Walls-vs-BLD-AR-Ceilings	0	ran and found nothing
08:54:42.639	217.595	1A04EP	TESTS CREATE	test created	BLD-ST-Walls-vs-BLD-AR-Walls	0.082	hard_conservative, 25 mm chosen in the tool is 0.082020997375 ft
08:54:42.837	217.793	1A04EP		rows for the workbook	BLD-ST-Walls-vs-BLD-AR-Walls	1	1 in the document
08:54:42.837	217.794	1A04EP		test found clashes	BLD-ST-Walls-vs-BLD-AR-Walls	1	ran and found clashes
08:54:42.890	217.846	1A04EP	TESTS CREATE	test created	BLD-ST-Walls-vs-BLD-AR-Windows	0.082	hard_conservative, 25 mm chosen in the tool is 0.082020997375 ft
08:54:43.045	218.001	1A04EP		rows for the workbook	BLD-ST-Walls-vs-BLD-AR-Windows	0	0 in the document
08:54:43.046	218.001	1A04EP		test passed	BLD-ST-Walls-vs-BLD-AR-Windows	0	ran and found nothing
08:54:43.093	218.048	1A04EP	TESTS CREATE	test created	BLD-ST-Walls-vs-BLD-AR-Curtain Panels	0.082	hard_conservative, 25 mm chosen in the tool is 0.082020997375 ft
08:54:43.363	218.319	1A04EP		rows for the workbook	BLD-ST-Walls-vs-BLD-AR-Curtain Panels	2	2 in the document
08:54:43.364	218.320	1A04EP		test found clashes	BLD-ST-Walls-vs-BLD-AR-Curtain Panels	2	ran and found clashes
08:54:43.438	218.394	1A04EP	TESTS CREATE	test created	BLD-ST-Walls-vs-BLD-AR-Curtain Mullions	0.082	hard_conservative, 25 mm chosen in the tool is 0.082020997375 ft
08:54:43.718	218.674	1A04EP		rows for the workbook	BLD-ST-Walls-vs-BLD-AR-Curtain Mullions	2	2 in the document
08:54:43.719	218.674	1A04EP		test found clashes	BLD-ST-Walls-vs-BLD-AR-Curtain Mullions	2	ran and found clashes
08:54:43.766	218.721	1A04EP	TESTS CREATE	test created	BLD-ST-Walls-vs-BLD-AR-Doors	0.082	hard_conservative, 25 mm chosen in the tool is 0.082020997375 ft
08:54:43.907	218.862	1A04EP		rows for the workbook	BLD-ST-Walls-vs-BLD-AR-Doors	0	0 in the document
08:54:43.908	218.863	1A04EP		test passed	BLD-ST-Walls-vs-BLD-AR-Doors	0	ran and found nothing
08:54:43.938	218.894	1A04EP	TESTS CREATE	test created	BLD-ST-Walls-vs-BLD-AR-Furniture	0.082	hard_conservative, 25 mm chosen in the tool is 0.082020997375 ft
08:54:44.065	219.020	1A04EP		rows for the workbook	BLD-ST-Walls-vs-BLD-AR-Furniture	0	0 in the document
08:54:44.066	219.021	1A04EP		test passed	BLD-ST-Walls-vs-BLD-AR-Furniture	0	ran and found nothing
08:54:44.096	219.052	1A04EP	TESTS CREATE	test created	BLD-ST-Walls-vs-BLD-AR-Railings	0.082	hard_conservative, 25 mm chosen in the tool is 0.082020997375 ft
08:54:44.222	219.177	1A04EP		rows for the workbook	BLD-ST-Walls-vs-BLD-AR-Railings	0	0 in the document
08:54:44.223	219.178	1A04EP		test passed	BLD-ST-Walls-vs-BLD-AR-Railings	0	ran and found nothing
08:54:44.254	219.210	1A04EP	TESTS CREATE	test created	BLD-ST-Walls-vs-BLD-ST-Foundation	0.082	hard_conservative, 25 mm chosen in the tool is 0.082020997375 ft
08:54:44.987	219.942	1A04EP		rows for the workbook	BLD-ST-Walls-vs-BLD-ST-Foundation	10	10 in the document
08:54:44.988	219.943	1A04EP		test found clashes	BLD-ST-Walls-vs-BLD-ST-Foundation	10	ran and found clashes
08:54:45.038	219.994	1A04EP	TESTS CREATE	test created	BLD-ST-Walls-vs-BLD-ST-Columns	0.082	hard_conservative, 25 mm chosen in the tool is 0.082020997375 ft
08:54:45.173	220.128	1A04EP		rows for the workbook	BLD-ST-Walls-vs-BLD-ST-Columns	0	0 in the document
08:54:45.174	220.129	1A04EP		test passed	BLD-ST-Walls-vs-BLD-ST-Columns	0	ran and found nothing
08:54:45.210	220.166	1A04EP	TESTS CREATE	test created	BLD-ST-Walls-vs-BLD-ST-Framing	0.082	hard_conservative, 25 mm chosen in the tool is 0.082020997375 ft
08:54:45.467	220.422	1A04EP		rows for the workbook	BLD-ST-Walls-vs-BLD-ST-Framing	2	2 in the document
08:54:45.468	220.423	1A04EP		test found clashes	BLD-ST-Walls-vs-BLD-ST-Framing	2	ran and found clashes
08:54:45.521	220.477	1A04EP	TESTS CREATE	test created	BLD-ST-Floors-vs-BLD-AR-Floors	0.082	hard_conservative, 25 mm chosen in the tool is 0.082020997375 ft
08:54:45.648	220.604	1A04EP		rows for the workbook	BLD-ST-Floors-vs-BLD-AR-Floors	0	0 in the document
08:54:45.648	220.604	1A04EP		test passed	BLD-ST-Floors-vs-BLD-AR-Floors	0	ran and found nothing
08:54:45.678	220.633	1A04EP	TESTS CREATE	test created	BLD-ST-Floors-vs-BLD-AR-Stairs	0.082	hard_conservative, 25 mm chosen in the tool is 0.082020997375 ft
08:54:45.832	220.787	1A04EP		rows for the workbook	BLD-ST-Floors-vs-BLD-AR-Stairs	0	0 in the document
08:54:45.833	220.788	1A04EP		test passed	BLD-ST-Floors-vs-BLD-AR-Stairs	0	ran and found nothing
08:54:45.863	220.818	1A04EP	TESTS CREATE	test created	BLD-ST-Floors-vs-BLD-AR-Ceilings	0.082	hard_conservative, 25 mm chosen in the tool is 0.082020997375 ft
08:54:45.985	220.941	1A04EP		rows for the workbook	BLD-ST-Floors-vs-BLD-AR-Ceilings	0	0 in the document
08:54:45.986	220.941	1A04EP		test passed	BLD-ST-Floors-vs-BLD-AR-Ceilings	0	ran and found nothing
08:54:46.019	220.975	1A04EP	TESTS CREATE	test created	BLD-ST-Floors-vs-BLD-AR-Walls	0.082	hard_conservative, 25 mm chosen in the tool is 0.082020997375 ft
08:54:46.143	221.098	1A04EP		rows for the workbook	BLD-ST-Floors-vs-BLD-AR-Walls	0	0 in the document
08:54:46.144	221.099	1A04EP		test passed	BLD-ST-Floors-vs-BLD-AR-Walls	0	ran and found nothing
08:54:46.177	221.132	1A04EP	TESTS CREATE	test created	BLD-ST-Floors-vs-BLD-AR-Windows	0.082	hard_conservative, 25 mm chosen in the tool is 0.082020997375 ft
08:54:46.300	221.255	1A04EP		rows for the workbook	BLD-ST-Floors-vs-BLD-AR-Windows	0	0 in the document
08:54:46.301	221.256	1A04EP		test passed	BLD-ST-Floors-vs-BLD-AR-Windows	0	ran and found nothing
08:54:46.331	221.287	1A04EP	TESTS CREATE	test created	BLD-ST-Floors-vs-BLD-AR-Curtain Panels	0.082	hard_conservative, 25 mm chosen in the tool is 0.082020997375 ft
08:54:46.932	221.887	1A04EP		rows for the workbook	BLD-ST-Floors-vs-BLD-AR-Curtain Panels	10	10 in the document
08:54:46.933	221.888	1A04EP		test found clashes	BLD-ST-Floors-vs-BLD-AR-Curtain Panels	10	ran and found clashes
08:54:46.989	221.945	1A04EP	TESTS CREATE	test created	BLD-ST-Floors-vs-BLD-AR-Curtain Mullions	0.082	hard_conservative, 25 mm chosen in the tool is 0.082020997375 ft
08:54:47.572	222.527	1A04EP		rows for the workbook	BLD-ST-Floors-vs-BLD-AR-Curtain Mullions	8	8 in the document
08:54:47.573	222.528	1A04EP		test found clashes	BLD-ST-Floors-vs-BLD-AR-Curtain Mullions	8	ran and found clashes
08:54:47.632	222.588	1A04EP	TESTS CREATE	test created	BLD-ST-Floors-vs-BLD-AR-Doors	0.082	hard_conservative, 25 mm chosen in the tool is 0.082020997375 ft
08:54:47.766	222.721	1A04EP		rows for the workbook	BLD-ST-Floors-vs-BLD-AR-Doors	0	0 in the document
08:54:47.767	222.722	1A04EP		test passed	BLD-ST-Floors-vs-BLD-AR-Doors	0	ran and found nothing
08:54:47.804	222.759	1A04EP	TESTS CREATE	test created	BLD-ST-Floors-vs-BLD-AR-Furniture	0.082	hard_conservative, 25 mm chosen in the tool is 0.082020997375 ft
08:54:47.959	222.915	1A04EP		rows for the workbook	BLD-ST-Floors-vs-BLD-AR-Furniture	0	0 in the document
08:54:47.960	222.916	1A04EP		test passed	BLD-ST-Floors-vs-BLD-AR-Furniture	0	ran and found nothing
08:54:47.990	222.946	1A04EP	TESTS CREATE	test created	BLD-ST-Floors-vs-BLD-AR-Railings	0.082	hard_conservative, 25 mm chosen in the tool is 0.082020997375 ft
08:54:48.127	223.082	1A04EP		rows for the workbook	BLD-ST-Floors-vs-BLD-AR-Railings	0	0 in the document
08:54:48.128	223.083	1A04EP		test passed	BLD-ST-Floors-vs-BLD-AR-Railings	0	ran and found nothing
08:54:48.162	223.118	1A04EP	TESTS CREATE	test created	BLD-ST-Floors-vs-BLD-ST-Foundation	0.082	hard_conservative, 25 mm chosen in the tool is 0.082020997375 ft
08:54:48.290	223.245	1A04EP		rows for the workbook	BLD-ST-Floors-vs-BLD-ST-Foundation	0	0 in the document
08:54:48.291	223.246	1A04EP		test passed	BLD-ST-Floors-vs-BLD-ST-Foundation	0	ran and found nothing
08:54:48.317	223.273	1A04EP	TESTS CREATE	test created	BLD-ST-Floors-vs-BLD-ST-Columns	0.082	hard_conservative, 25 mm chosen in the tool is 0.082020997375 ft
08:54:48.990	223.946	1A04EP		rows for the workbook	BLD-ST-Floors-vs-BLD-ST-Columns	8	8 in the document
08:54:48.992	223.947	1A04EP		test found clashes	BLD-ST-Floors-vs-BLD-ST-Columns	8	ran and found clashes
08:54:49.034	223.989	1A04EP	TESTS CREATE	test created	BLD-ST-Floors-vs-BLD-ST-Framing	0.082	hard_conservative, 25 mm chosen in the tool is 0.082020997375 ft
08:54:49.355	224.310	1A04EP		rows for the workbook	BLD-ST-Floors-vs-BLD-ST-Framing	4	4 in the document
08:54:49.356	224.311	1A04EP		test found clashes	BLD-ST-Floors-vs-BLD-ST-Framing	4	ran and found clashes
08:54:49.410	224.366	1A04EP	TESTS CREATE	test created	BLD-ST-Floors-vs-BLD-ST-Walls	0.082	hard_conservative, 25 mm chosen in the tool is 0.082020997375 ft
08:54:50.185	225.141	1A04EP		rows for the workbook	BLD-ST-Floors-vs-BLD-ST-Walls	11	11 in the document
08:54:50.186	225.142	1A04EP		test found clashes	BLD-ST-Floors-vs-BLD-ST-Walls	11	ran and found clashes
08:54:50.235	225.191	1A04EP	TESTS CREATE	test created	BLD-ST-Stair-vs-BLD-AR-Floors	0.082	hard_conservative, 25 mm chosen in the tool is 0.082020997375 ft
08:54:50.375	225.330	1A04EP		rows for the workbook	BLD-ST-Stair-vs-BLD-AR-Floors	0	0 in the document
08:54:50.376	225.331	1A04EP		test passed	BLD-ST-Stair-vs-BLD-AR-Floors	0	ran and found nothing
08:54:50.436	225.392	1A04EP	TESTS CREATE	test created	BLD-ST-Stair-vs-BLD-AR-Stairs	0.082	hard_conservative, 25 mm chosen in the tool is 0.082020997375 ft
08:54:50.579	225.535	1A04EP		rows for the workbook	BLD-ST-Stair-vs-BLD-AR-Stairs	0	0 in the document
08:54:50.580	225.535	1A04EP		test passed	BLD-ST-Stair-vs-BLD-AR-Stairs	0	ran and found nothing
08:54:50.609	225.564	1A04EP	TESTS CREATE	test created	BLD-ST-Stair-vs-BLD-AR-Ceilings	0.082	hard_conservative, 25 mm chosen in the tool is 0.082020997375 ft
08:54:50.734	225.689	1A04EP		rows for the workbook	BLD-ST-Stair-vs-BLD-AR-Ceilings	0	0 in the document
08:54:50.735	225.690	1A04EP		test passed	BLD-ST-Stair-vs-BLD-AR-Ceilings	0	ran and found nothing
08:54:50.765	225.721	1A04EP	TESTS CREATE	test created	BLD-ST-Stair-vs-BLD-AR-Walls	0.082	hard_conservative, 25 mm chosen in the tool is 0.082020997375 ft
08:54:50.906	225.861	1A04EP		rows for the workbook	BLD-ST-Stair-vs-BLD-AR-Walls	0	0 in the document
08:54:50.907	225.862	1A04EP		test passed	BLD-ST-Stair-vs-BLD-AR-Walls	0	ran and found nothing
08:54:50.941	225.897	1A04EP	TESTS CREATE	test created	BLD-ST-Stair-vs-BLD-AR-Windows	0.082	hard_conservative, 25 mm chosen in the tool is 0.082020997375 ft
08:54:51.063	226.018	1A04EP		rows for the workbook	BLD-ST-Stair-vs-BLD-AR-Windows	0	0 in the document
08:54:51.064	226.019	1A04EP		test passed	BLD-ST-Stair-vs-BLD-AR-Windows	0	ran and found nothing
08:54:51.094	226.049	1A04EP	TESTS CREATE	test created	BLD-ST-Stair-vs-BLD-AR-Curtain Panels	0.082	hard_conservative, 25 mm chosen in the tool is 0.082020997375 ft
08:54:51.225	226.180	1A04EP		rows for the workbook	BLD-ST-Stair-vs-BLD-AR-Curtain Panels	0	0 in the document
08:54:51.226	226.181	1A04EP		test passed	BLD-ST-Stair-vs-BLD-AR-Curtain Panels	0	ran and found nothing
08:54:51.266	226.221	1A04EP	TESTS CREATE	test created	BLD-ST-Stair-vs-BLD-AR-Curtain Mullions	0.082	hard_conservative, 25 mm chosen in the tool is 0.082020997375 ft
08:54:51.393	226.348	1A04EP		rows for the workbook	BLD-ST-Stair-vs-BLD-AR-Curtain Mullions	0	0 in the document
08:54:51.393	226.349	1A04EP		test passed	BLD-ST-Stair-vs-BLD-AR-Curtain Mullions	0	ran and found nothing
08:54:51.422	226.377	1A04EP	TESTS CREATE	test created	BLD-ST-Stair-vs-BLD-AR-Doors	0.082	hard_conservative, 25 mm chosen in the tool is 0.082020997375 ft
08:54:51.547	226.503	1A04EP		rows for the workbook	BLD-ST-Stair-vs-BLD-AR-Doors	0	0 in the document
08:54:51.548	226.504	1A04EP		test passed	BLD-ST-Stair-vs-BLD-AR-Doors	0	ran and found nothing
08:54:51.579	226.535	1A04EP	TESTS CREATE	test created	BLD-ST-Stair-vs-BLD-AR-Furniture	0.082	hard_conservative, 25 mm chosen in the tool is 0.082020997375 ft
08:54:51.706	226.661	1A04EP		rows for the workbook	BLD-ST-Stair-vs-BLD-AR-Furniture	0	0 in the document
08:54:51.707	226.662	1A04EP		test passed	BLD-ST-Stair-vs-BLD-AR-Furniture	0	ran and found nothing
08:54:51.736	226.691	1A04EP	TESTS CREATE	test created	BLD-ST-Stair-vs-BLD-AR-Railings	0.082	hard_conservative, 25 mm chosen in the tool is 0.082020997375 ft
08:54:51.863	226.818	1A04EP		rows for the workbook	BLD-ST-Stair-vs-BLD-AR-Railings	0	0 in the document
08:54:51.863	226.819	1A04EP		test passed	BLD-ST-Stair-vs-BLD-AR-Railings	0	ran and found nothing
08:54:51.894	226.849	1A04EP	TESTS CREATE	test created	BLD-ST-Stair-vs-BLD-ST-Foundation	0.082	hard_conservative, 25 mm chosen in the tool is 0.082020997375 ft
08:54:52.018	226.973	1A04EP		rows for the workbook	BLD-ST-Stair-vs-BLD-ST-Foundation	0	0 in the document
08:54:52.019	226.974	1A04EP		test passed	BLD-ST-Stair-vs-BLD-ST-Foundation	0	ran and found nothing
08:54:52.052	227.008	1A04EP	TESTS CREATE	test created	BLD-ST-Stair-vs-BLD-ST-Columns	0.082	hard_conservative, 25 mm chosen in the tool is 0.082020997375 ft
08:54:52.181	227.137	1A04EP		rows for the workbook	BLD-ST-Stair-vs-BLD-ST-Columns	0	0 in the document
08:54:52.181	227.138	1A04EP		test passed	BLD-ST-Stair-vs-BLD-ST-Columns	0	ran and found nothing
08:54:52.210	227.165	1A04EP	TESTS CREATE	test created	BLD-ST-Stair-vs-BLD-ST-Framing	0.082	hard_conservative, 25 mm chosen in the tool is 0.082020997375 ft
08:54:52.410	227.365	1A04EP		rows for the workbook	BLD-ST-Stair-vs-BLD-ST-Framing	1	1 in the document
08:54:52.410	227.366	1A04EP		test found clashes	BLD-ST-Stair-vs-BLD-ST-Framing	1	ran and found clashes
08:54:52.477	227.433	1A04EP	TESTS CREATE	test created	BLD-ST-Stair-vs-BLD-ST-Walls	0.082	hard_conservative, 25 mm chosen in the tool is 0.082020997375 ft
08:54:52.812	227.767	1A04EP		rows for the workbook	BLD-ST-Stair-vs-BLD-ST-Walls	3	3 in the document
08:54:52.813	227.768	1A04EP		test found clashes	BLD-ST-Stair-vs-BLD-ST-Walls	3	ran and found clashes
08:54:52.870	227.826	1A04EP	TESTS CREATE	test created	BLD-ST-Stair-vs-BLD-ST-Floors	0.082	hard_conservative, 25 mm chosen in the tool is 0.082020997375 ft
08:54:53.186	228.142	1A04EP		rows for the workbook	BLD-ST-Stair-vs-BLD-ST-Floors	3	3 in the document
08:54:53.187	228.143	1A04EP		test found clashes	BLD-ST-Stair-vs-BLD-ST-Floors	3	ran and found clashes
08:54:53.244	228.200	1A04EP	TESTS CREATE	test created	BLD-ME-Ducts&Duct Fittings-vs-BLD-AR-Floors	0.082	hard_conservative, 25 mm chosen in the tool is 0.082020997375 ft
08:54:53.531	228.487	1A04EP		rows for the workbook	BLD-ME-Ducts&Duct Fittings-vs-BLD-AR-Floors	3	3 in the document
08:54:53.532	228.488	1A04EP		test found clashes	BLD-ME-Ducts&Duct Fittings-vs-BLD-AR-Floors	3	ran and found clashes
08:54:53.588	228.544	1A04EP	TESTS CREATE	test created	BLD-ME-Ducts&Duct Fittings-vs-BLD-AR-Stairs	0.082	hard_conservative, 25 mm chosen in the tool is 0.082020997375 ft
08:54:53.712	228.667	1A04EP		rows for the workbook	BLD-ME-Ducts&Duct Fittings-vs-BLD-AR-Stairs	0	0 in the document
08:54:53.713	228.668	1A04EP		test passed	BLD-ME-Ducts&Duct Fittings-vs-BLD-AR-Stairs	0	ran and found nothing
08:54:53.743	228.699	1A04EP	TESTS CREATE	test created	BLD-ME-Ducts&Duct Fittings-vs-BLD-AR-Ceilings	0.082	hard_conservative, 25 mm chosen in the tool is 0.082020997375 ft
08:54:53.962	228.918	1A04EP		rows for the workbook	BLD-ME-Ducts&Duct Fittings-vs-BLD-AR-Ceilings	2	2 in the document
08:54:53.963	228.919	1A04EP		test found clashes	BLD-ME-Ducts&Duct Fittings-vs-BLD-AR-Ceilings	2	ran and found clashes
08:54:54.024	228.980	1A04EP	TESTS CREATE	test created	BLD-ME-Ducts&Duct Fittings-vs-BLD-AR-Walls	0.082	hard_conservative, 25 mm chosen in the tool is 0.082020997375 ft
08:54:57.185	232.140	1A04EP		rows for the workbook	BLD-ME-Ducts&Duct Fittings-vs-BLD-AR-Walls	57	57 in the document
08:54:57.185	232.141	1A04EP		test found clashes	BLD-ME-Ducts&Duct Fittings-vs-BLD-AR-Walls	57	ran and found clashes
08:54:57.235	232.191	1A04EP	TESTS CREATE	test created	BLD-ME-Ducts&Duct Fittings-vs-BLD-AR-Windows	0.082	hard_conservative, 25 mm chosen in the tool is 0.082020997375 ft
08:54:57.377	232.333	1A04EP		rows for the workbook	BLD-ME-Ducts&Duct Fittings-vs-BLD-AR-Windows	0	0 in the document
08:54:57.378	232.334	1A04EP		test passed	BLD-ME-Ducts&Duct Fittings-vs-BLD-AR-Windows	0	ran and found nothing
08:54:57.409	232.365	1A04EP	TESTS CREATE	test created	BLD-ME-Ducts&Duct Fittings-vs-BLD-AR-Curtain Panels	0.082	hard_conservative, 25 mm chosen in the tool is 0.082020997375 ft
08:54:57.629	232.584	1A04EP		rows for the workbook	BLD-ME-Ducts&Duct Fittings-vs-BLD-AR-Curtain Panels	2	2 in the document
08:54:57.630	232.585	1A04EP		test found clashes	BLD-ME-Ducts&Duct Fittings-vs-BLD-AR-Curtain Panels	2	ran and found clashes
08:54:57.673	232.629	1A04EP	TESTS CREATE	test created	BLD-ME-Ducts&Duct Fittings-vs-BLD-AR-Curtain Mullions	0.082	hard_conservative, 25 mm chosen in the tool is 0.082020997375 ft
08:54:57.799	232.755	1A04EP		rows for the workbook	BLD-ME-Ducts&Duct Fittings-vs-BLD-AR-Curtain Mullions	0	0 in the document
08:54:57.800	232.756	1A04EP		test passed	BLD-ME-Ducts&Duct Fittings-vs-BLD-AR-Curtain Mullions	0	ran and found nothing
08:54:57.829	232.785	1A04EP	TESTS CREATE	test created	BLD-ME-Ducts&Duct Fittings-vs-BLD-AR-Doors	0.082	hard_conservative, 25 mm chosen in the tool is 0.082020997375 ft
08:54:57.955	232.911	1A04EP		rows for the workbook	BLD-ME-Ducts&Duct Fittings-vs-BLD-AR-Doors	0	0 in the document
08:54:57.956	232.911	1A04EP		test passed	BLD-ME-Ducts&Duct Fittings-vs-BLD-AR-Doors	0	ran and found nothing
08:54:57.988	232.943	1A04EP	TESTS CREATE	test created	BLD-ME-Ducts&Duct Fittings-vs-BLD-AR-Furniture	0.082	hard_conservative, 25 mm chosen in the tool is 0.082020997375 ft
08:54:58.115	233.071	1A04EP		rows for the workbook	BLD-ME-Ducts&Duct Fittings-vs-BLD-AR-Furniture	0	0 in the document
08:54:58.116	233.072	1A04EP		test passed	BLD-ME-Ducts&Duct Fittings-vs-BLD-AR-Furniture	0	ran and found nothing
08:54:58.146	233.101	1A04EP	TESTS CREATE	test created	BLD-ME-Ducts&Duct Fittings-vs-BLD-AR-Railings	0.082	hard_conservative, 25 mm chosen in the tool is 0.082020997375 ft
08:54:58.270	233.225	1A04EP		rows for the workbook	BLD-ME-Ducts&Duct Fittings-vs-BLD-AR-Railings	0	0 in the document
08:54:58.270	233.226	1A04EP		test passed	BLD-ME-Ducts&Duct Fittings-vs-BLD-AR-Railings	0	ran and found nothing
08:54:58.301	233.257	1A04EP	TESTS CREATE	test created	BLD-ME-Ducts&Duct Fittings-vs-BLD-ST-Foundation	0.082	hard_conservative, 25 mm chosen in the tool is 0.082020997375 ft
08:54:58.457	233.412	1A04EP		rows for the workbook	BLD-ME-Ducts&Duct Fittings-vs-BLD-ST-Foundation	0	0 in the document
08:54:58.458	233.413	1A04EP		test passed	BLD-ME-Ducts&Duct Fittings-vs-BLD-ST-Foundation	0	ran and found nothing
08:54:58.488	233.444	1A04EP	TESTS CREATE	test created	BLD-ME-Ducts&Duct Fittings-vs-BLD-ST-Columns	0.082	hard_conservative, 25 mm chosen in the tool is 0.082020997375 ft
08:54:58.616	233.571	1A04EP		rows for the workbook	BLD-ME-Ducts&Duct Fittings-vs-BLD-ST-Columns	0	0 in the document
08:54:58.617	233.572	1A04EP		test passed	BLD-ME-Ducts&Duct Fittings-vs-BLD-ST-Columns	0	ran and found nothing
08:54:58.643	233.599	1A04EP	TESTS CREATE	test created	BLD-ME-Ducts&Duct Fittings-vs-BLD-ST-Framing	0.082	hard_conservative, 25 mm chosen in the tool is 0.082020997375 ft
08:54:58.774	233.729	1A04EP		rows for the workbook	BLD-ME-Ducts&Duct Fittings-vs-BLD-ST-Framing	0	0 in the document
08:54:58.774	233.730	1A04EP		test passed	BLD-ME-Ducts&Duct Fittings-vs-BLD-ST-Framing	0	ran and found nothing
08:54:58.815	233.770	1A04EP	TESTS CREATE	test created	BLD-ME-Ducts&Duct Fittings-vs-BLD-ST-Walls	0.082	hard_conservative, 25 mm chosen in the tool is 0.082020997375 ft
08:54:58.954	233.909	1A04EP		rows for the workbook	BLD-ME-Ducts&Duct Fittings-vs-BLD-ST-Walls	0	0 in the document
08:54:58.954	233.910	1A04EP		test passed	BLD-ME-Ducts&Duct Fittings-vs-BLD-ST-Walls	0	ran and found nothing
08:54:58.985	233.941	1A04EP	TESTS CREATE	test created	BLD-ME-Ducts&Duct Fittings-vs-BLD-ST-Floors	0.082	hard_conservative, 25 mm chosen in the tool is 0.082020997375 ft
08:54:59.118	234.074	1A04EP		rows for the workbook	BLD-ME-Ducts&Duct Fittings-vs-BLD-ST-Floors	0	0 in the document
08:54:59.119	234.074	1A04EP		test passed	BLD-ME-Ducts&Duct Fittings-vs-BLD-ST-Floors	0	ran and found nothing
08:54:59.158	234.113	1A04EP	TESTS CREATE	test created	BLD-ME-Ducts&Duct Fittings-vs-BLD-ST-Stair	0.082	hard_conservative, 25 mm chosen in the tool is 0.082020997375 ft
08:54:59.281	234.237	1A04EP		rows for the workbook	BLD-ME-Ducts&Duct Fittings-vs-BLD-ST-Stair	0	0 in the document
08:54:59.283	234.238	1A04EP		test passed	BLD-ME-Ducts&Duct Fittings-vs-BLD-ST-Stair	0	ran and found nothing
08:54:59.313	234.268	1A04EP	TESTS CREATE	test created	BLD-ME-Duct Accessory-vs-BLD-AR-Floors	0.082	hard_conservative, 25 mm chosen in the tool is 0.082020997375 ft
08:54:59.438	234.393	1A04EP		rows for the workbook	BLD-ME-Duct Accessory-vs-BLD-AR-Floors	0	0 in the document
08:54:59.439	234.394	1A04EP		test passed	BLD-ME-Duct Accessory-vs-BLD-AR-Floors	0	ran and found nothing
08:54:59.468	234.424	1A04EP	TESTS CREATE	test created	BLD-ME-Duct Accessory-vs-BLD-AR-Stairs	0.082	hard_conservative, 25 mm chosen in the tool is 0.082020997375 ft
08:54:59.595	234.550	1A04EP		rows for the workbook	BLD-ME-Duct Accessory-vs-BLD-AR-Stairs	0	0 in the document
08:54:59.596	234.552	1A04EP		test passed	BLD-ME-Duct Accessory-vs-BLD-AR-Stairs	0	ran and found nothing
08:54:59.624	234.580	1A04EP	TESTS CREATE	test created	BLD-ME-Duct Accessory-vs-BLD-AR-Ceilings	0.082	hard_conservative, 25 mm chosen in the tool is 0.082020997375 ft
08:54:59.762	234.718	1A04EP		rows for the workbook	BLD-ME-Duct Accessory-vs-BLD-AR-Ceilings	0	0 in the document
08:54:59.763	234.719	1A04EP		test passed	BLD-ME-Duct Accessory-vs-BLD-AR-Ceilings	0	ran and found nothing
08:54:59.795	234.750	1A04EP	TESTS CREATE	test created	BLD-ME-Duct Accessory-vs-BLD-AR-Walls	0.082	hard_conservative, 25 mm chosen in the tool is 0.082020997375 ft
08:54:59.921	234.876	1A04EP		rows for the workbook	BLD-ME-Duct Accessory-vs-BLD-AR-Walls	0	0 in the document
08:54:59.922	234.877	1A04EP		test passed	BLD-ME-Duct Accessory-vs-BLD-AR-Walls	0	ran and found nothing
08:54:59.967	234.923	1A04EP	TESTS CREATE	test created	BLD-ME-Duct Accessory-vs-BLD-AR-Windows	0.082	hard_conservative, 25 mm chosen in the tool is 0.082020997375 ft
08:55:00.113	235.068	1A04EP		rows for the workbook	BLD-ME-Duct Accessory-vs-BLD-AR-Windows	0	0 in the document
08:55:00.114	235.069	1A04EP		test passed	BLD-ME-Duct Accessory-vs-BLD-AR-Windows	0	ran and found nothing
08:55:00.141	235.096	1A04EP	TESTS CREATE	test created	BLD-ME-Duct Accessory-vs-BLD-AR-Curtain Panels	0.082	hard_conservative, 25 mm chosen in the tool is 0.082020997375 ft
08:55:00.271	235.226	1A04EP		rows for the workbook	BLD-ME-Duct Accessory-vs-BLD-AR-Curtain Panels	0	0 in the document
08:55:00.272	235.227	1A04EP		test passed	BLD-ME-Duct Accessory-vs-BLD-AR-Curtain Panels	0	ran and found nothing
08:55:00.312	235.268	1A04EP	TESTS CREATE	test created	BLD-ME-Duct Accessory-vs-BLD-AR-Curtain Mullions	0.082	hard_conservative, 25 mm chosen in the tool is 0.082020997375 ft
08:55:00.447	235.402	1A04EP		rows for the workbook	BLD-ME-Duct Accessory-vs-BLD-AR-Curtain Mullions	0	0 in the document
08:55:00.448	235.403	1A04EP		test passed	BLD-ME-Duct Accessory-vs-BLD-AR-Curtain Mullions	0	ran and found nothing
08:55:00.483	235.439	1A04EP	TESTS CREATE	test created	BLD-ME-Duct Accessory-vs-BLD-AR-Doors	0.082	hard_conservative, 25 mm chosen in the tool is 0.082020997375 ft
08:55:00.625	235.581	1A04EP		rows for the workbook	BLD-ME-Duct Accessory-vs-BLD-AR-Doors	0	0 in the document
08:55:00.626	235.582	1A04EP		test passed	BLD-ME-Duct Accessory-vs-BLD-AR-Doors	0	ran and found nothing
08:55:00.668	235.624	1A04EP	TESTS CREATE	test created	BLD-ME-Duct Accessory-vs-BLD-AR-Furniture	0.082	hard_conservative, 25 mm chosen in the tool is 0.082020997375 ft
08:55:00.809	235.764	1A04EP		rows for the workbook	BLD-ME-Duct Accessory-vs-BLD-AR-Furniture	0	0 in the document
08:55:00.810	235.765	1A04EP		test passed	BLD-ME-Duct Accessory-vs-BLD-AR-Furniture	0	ran and found nothing
08:55:00.839	235.795	1A04EP	TESTS CREATE	test created	BLD-ME-Duct Accessory-vs-BLD-AR-Railings	0.082	hard_conservative, 25 mm chosen in the tool is 0.082020997375 ft
08:55:00.978	235.933	1A04EP		rows for the workbook	BLD-ME-Duct Accessory-vs-BLD-AR-Railings	0	0 in the document
08:55:00.979	235.934	1A04EP		test passed	BLD-ME-Duct Accessory-vs-BLD-AR-Railings	0	ran and found nothing
08:55:01.009	235.964	1A04EP	TESTS CREATE	test created	BLD-ME-Duct Accessory-vs-BLD-ST-Foundation	0.082	hard_conservative, 25 mm chosen in the tool is 0.082020997375 ft
08:55:01.135	236.090	1A04EP		rows for the workbook	BLD-ME-Duct Accessory-vs-BLD-ST-Foundation	0	0 in the document
08:55:01.136	236.091	1A04EP		test passed	BLD-ME-Duct Accessory-vs-BLD-ST-Foundation	0	ran and found nothing
08:55:01.165	236.120	1A04EP	TESTS CREATE	test created	BLD-ME-Duct Accessory-vs-BLD-ST-Columns	0.082	hard_conservative, 25 mm chosen in the tool is 0.082020997375 ft
08:55:01.288	236.244	1A04EP		rows for the workbook	BLD-ME-Duct Accessory-vs-BLD-ST-Columns	0	0 in the document
08:55:01.289	236.245	1A04EP		test passed	BLD-ME-Duct Accessory-vs-BLD-ST-Columns	0	ran and found nothing
08:55:01.322	236.277	1A04EP	TESTS CREATE	test created	BLD-ME-Duct Accessory-vs-BLD-ST-Framing	0.082	hard_conservative, 25 mm chosen in the tool is 0.082020997375 ft
08:55:01.447	236.402	1A04EP		rows for the workbook	BLD-ME-Duct Accessory-vs-BLD-ST-Framing	0	0 in the document
08:55:01.448	236.403	1A04EP		test passed	BLD-ME-Duct Accessory-vs-BLD-ST-Framing	0	ran and found nothing
08:55:01.478	236.433	1A04EP	TESTS CREATE	test created	BLD-ME-Duct Accessory-vs-BLD-ST-Walls	0.082	hard_conservative, 25 mm chosen in the tool is 0.082020997375 ft
08:55:01.610	236.565	1A04EP		rows for the workbook	BLD-ME-Duct Accessory-vs-BLD-ST-Walls	0	0 in the document
08:55:01.610	236.566	1A04EP		test passed	BLD-ME-Duct Accessory-vs-BLD-ST-Walls	0	ran and found nothing
08:55:01.649	236.605	1A04EP	TESTS CREATE	test created	BLD-ME-Duct Accessory-vs-BLD-ST-Floors	0.082	hard_conservative, 25 mm chosen in the tool is 0.082020997375 ft
08:55:01.782	236.737	1A04EP		rows for the workbook	BLD-ME-Duct Accessory-vs-BLD-ST-Floors	0	0 in the document
08:55:01.782	236.737	1A04EP		test passed	BLD-ME-Duct Accessory-vs-BLD-ST-Floors	0	ran and found nothing
08:55:01.820	236.776	1A04EP	TESTS CREATE	test created	BLD-ME-Duct Accessory-vs-BLD-ST-Stair	0.082	hard_conservative, 25 mm chosen in the tool is 0.082020997375 ft
08:55:01.961	236.916	1A04EP		rows for the workbook	BLD-ME-Duct Accessory-vs-BLD-ST-Stair	0	0 in the document
08:55:01.961	236.917	1A04EP		test passed	BLD-ME-Duct Accessory-vs-BLD-ST-Stair	0	ran and found nothing
08:55:01.993	236.949	1A04EP	TESTS CREATE	test created	BLD-ME-Duct Accessory-vs-BLD-ME-Ducts&Duct Fittings	0.082	hard_conservative, 25 mm chosen in the tool is 0.082020997375 ft
08:55:02.147	237.102	1A04EP		rows for the workbook	BLD-ME-Duct Accessory-vs-BLD-ME-Ducts&Duct Fittings	0	0 in the document
08:55:02.148	237.103	1A04EP		test passed	BLD-ME-Duct Accessory-vs-BLD-ME-Ducts&Duct Fittings	0	ran and found nothing
08:55:02.179	237.134	1A04EP	TESTS CREATE	test created	BLD-ME-Mechanical Equipment-vs-BLD-AR-Floors	0.082	hard_conservative, 25 mm chosen in the tool is 0.082020997375 ft
08:55:02.410	237.366	1A04EP		rows for the workbook	BLD-ME-Mechanical Equipment-vs-BLD-AR-Floors	1	1 in the document
08:55:02.411	237.367	1A04EP		test found clashes	BLD-ME-Mechanical Equipment-vs-BLD-AR-Floors	1	ran and found clashes
08:55:02.477	237.433	1A04EP	TESTS CREATE	test created	BLD-ME-Mechanical Equipment-vs-BLD-AR-Stairs	0.082	hard_conservative, 25 mm chosen in the tool is 0.082020997375 ft
08:55:02.704	237.659	1A04EP		rows for the workbook	BLD-ME-Mechanical Equipment-vs-BLD-AR-Stairs	0	0 in the document
08:55:02.705	237.661	1A04EP		test passed	BLD-ME-Mechanical Equipment-vs-BLD-AR-Stairs	0	ran and found nothing
08:55:02.743	237.699	1A04EP	TESTS CREATE	test created	BLD-ME-Mechanical Equipment-vs-BLD-AR-Ceilings	0.082	hard_conservative, 25 mm chosen in the tool is 0.082020997375 ft
08:55:02.899	237.854	1A04EP		rows for the workbook	BLD-ME-Mechanical Equipment-vs-BLD-AR-Ceilings	0	0 in the document
08:55:02.899	237.855	1A04EP		test passed	BLD-ME-Mechanical Equipment-vs-BLD-AR-Ceilings	0	ran and found nothing
08:55:02.932	237.887	1A04EP	TESTS CREATE	test created	BLD-ME-Mechanical Equipment-vs-BLD-AR-Walls	0.082	hard_conservative, 25 mm chosen in the tool is 0.082020997375 ft
08:55:03.225	238.181	1A04EP		rows for the workbook	BLD-ME-Mechanical Equipment-vs-BLD-AR-Walls	2	2 in the document
08:55:03.226	238.182	1A04EP		test found clashes	BLD-ME-Mechanical Equipment-vs-BLD-AR-Walls	2	ran and found clashes
08:55:03.286	238.242	1A04EP	TESTS CREATE	test created	BLD-ME-Mechanical Equipment-vs-BLD-AR-Windows	0.082	hard_conservative, 25 mm chosen in the tool is 0.082020997375 ft
08:55:03.442	238.397	1A04EP		rows for the workbook	BLD-ME-Mechanical Equipment-vs-BLD-AR-Windows	0	0 in the document
08:55:03.442	238.398	1A04EP		test passed	BLD-ME-Mechanical Equipment-vs-BLD-AR-Windows	0	ran and found nothing
08:55:03.474	238.429	1A04EP	TESTS CREATE	test created	BLD-ME-Mechanical Equipment-vs-BLD-AR-Curtain Panels	0.082	hard_conservative, 25 mm chosen in the tool is 0.082020997375 ft
08:55:03.612	238.568	1A04EP		rows for the workbook	BLD-ME-Mechanical Equipment-vs-BLD-AR-Curtain Panels	0	0 in the document
08:55:03.613	238.569	1A04EP		test passed	BLD-ME-Mechanical Equipment-vs-BLD-AR-Curtain Panels	0	ran and found nothing
08:55:03.646	238.601	1A04EP	TESTS CREATE	test created	BLD-ME-Mechanical Equipment-vs-BLD-AR-Curtain Mullions	0.082	hard_conservative, 25 mm chosen in the tool is 0.082020997375 ft
08:55:03.786	238.742	1A04EP		rows for the workbook	BLD-ME-Mechanical Equipment-vs-BLD-AR-Curtain Mullions	0	0 in the document
08:55:03.787	238.743	1A04EP		test passed	BLD-ME-Mechanical Equipment-vs-BLD-AR-Curtain Mullions	0	ran and found nothing
08:55:03.817	238.773	1A04EP	TESTS CREATE	test created	BLD-ME-Mechanical Equipment-vs-BLD-AR-Doors	0.082	hard_conservative, 25 mm chosen in the tool is 0.082020997375 ft
08:55:03.971	238.926	1A04EP		rows for the workbook	BLD-ME-Mechanical Equipment-vs-BLD-AR-Doors	0	0 in the document
08:55:03.972	238.927	1A04EP		test passed	BLD-ME-Mechanical Equipment-vs-BLD-AR-Doors	0	ran and found nothing
08:55:04.004	238.960	1A04EP	TESTS CREATE	test created	BLD-ME-Mechanical Equipment-vs-BLD-AR-Furniture	0.082	hard_conservative, 25 mm chosen in the tool is 0.082020997375 ft
08:55:04.175	239.131	1A04EP		rows for the workbook	BLD-ME-Mechanical Equipment-vs-BLD-AR-Furniture	0	0 in the document
08:55:04.176	239.132	1A04EP		test passed	BLD-ME-Mechanical Equipment-vs-BLD-AR-Furniture	0	ran and found nothing
08:55:04.207	239.163	1A04EP	TESTS CREATE	test created	BLD-ME-Mechanical Equipment-vs-BLD-AR-Railings	0.082	hard_conservative, 25 mm chosen in the tool is 0.082020997375 ft
08:55:04.362	239.318	1A04EP		rows for the workbook	BLD-ME-Mechanical Equipment-vs-BLD-AR-Railings	0	0 in the document
08:55:04.363	239.319	1A04EP		test passed	BLD-ME-Mechanical Equipment-vs-BLD-AR-Railings	0	ran and found nothing
08:55:04.395	239.351	1A04EP	TESTS CREATE	test created	BLD-ME-Mechanical Equipment-vs-BLD-ST-Foundation	0.082	hard_conservative, 25 mm chosen in the tool is 0.082020997375 ft
08:55:04.553	239.508	1A04EP		rows for the workbook	BLD-ME-Mechanical Equipment-vs-BLD-ST-Foundation	0	0 in the document
08:55:04.554	239.509	1A04EP		test passed	BLD-ME-Mechanical Equipment-vs-BLD-ST-Foundation	0	ran and found nothing
08:55:04.581	239.536	1A04EP	TESTS CREATE	test created	BLD-ME-Mechanical Equipment-vs-BLD-ST-Columns	0.082	hard_conservative, 25 mm chosen in the tool is 0.082020997375 ft
08:55:04.741	239.696	1A04EP		rows for the workbook	BLD-ME-Mechanical Equipment-vs-BLD-ST-Columns	0	0 in the document
08:55:04.742	239.697	1A04EP		test passed	BLD-ME-Mechanical Equipment-vs-BLD-ST-Columns	0	ran and found nothing
08:55:04.769	239.725	1A04EP	TESTS CREATE	test created	BLD-ME-Mechanical Equipment-vs-BLD-ST-Framing	0.082	hard_conservative, 25 mm chosen in the tool is 0.082020997375 ft
08:55:04.910	239.866	1A04EP		rows for the workbook	BLD-ME-Mechanical Equipment-vs-BLD-ST-Framing	0	0 in the document
08:55:04.911	239.867	1A04EP		test passed	BLD-ME-Mechanical Equipment-vs-BLD-ST-Framing	0	ran and found nothing
08:55:04.941	239.897	1A04EP	TESTS CREATE	test created	BLD-ME-Mechanical Equipment-vs-BLD-ST-Walls	0.082	hard_conservative, 25 mm chosen in the tool is 0.082020997375 ft
08:55:05.112	240.067	1A04EP		rows for the workbook	BLD-ME-Mechanical Equipment-vs-BLD-ST-Walls	0	0 in the document
08:55:05.113	240.068	1A04EP		test passed	BLD-ME-Mechanical Equipment-vs-BLD-ST-Walls	0	ran and found nothing
08:55:05.143	240.098	1A04EP	TESTS CREATE	test created	BLD-ME-Mechanical Equipment-vs-BLD-ST-Floors	0.082	hard_conservative, 25 mm chosen in the tool is 0.082020997375 ft
08:55:05.302	240.257	1A04EP		rows for the workbook	BLD-ME-Mechanical Equipment-vs-BLD-ST-Floors	0	0 in the document
08:55:05.303	240.258	1A04EP		test passed	BLD-ME-Mechanical Equipment-vs-BLD-ST-Floors	0	ran and found nothing
08:55:05.331	240.286	1A04EP	TESTS CREATE	test created	BLD-ME-Mechanical Equipment-vs-BLD-ST-Stair	0.082	hard_conservative, 25 mm chosen in the tool is 0.082020997375 ft
08:55:05.470	240.426	1A04EP		rows for the workbook	BLD-ME-Mechanical Equipment-vs-BLD-ST-Stair	0	0 in the document
08:55:05.471	240.427	1A04EP		test passed	BLD-ME-Mechanical Equipment-vs-BLD-ST-Stair	0	ran and found nothing
08:55:05.501	240.456	1A04EP	TESTS CREATE	test created	BLD-ME-Mechanical Equipment-vs-BLD-ME-Ducts&Duct Fittings	0.082	hard_conservative, 25 mm chosen in the tool is 0.082020997375 ft
08:55:05.657	240.612	1A04EP		rows for the workbook	BLD-ME-Mechanical Equipment-vs-BLD-ME-Ducts&Duct Fittings	0	0 in the document
08:55:05.658	240.613	1A04EP		test passed	BLD-ME-Mechanical Equipment-vs-BLD-ME-Ducts&Duct Fittings	0	ran and found nothing
08:55:05.689	240.645	1A04EP	TESTS CREATE	test created	BLD-ME-Mechanical Equipment-vs-BLD-ME-Duct Accessory	0.082	hard_conservative, 25 mm chosen in the tool is 0.082020997375 ft
08:55:05.814	240.769	1A04EP		rows for the workbook	BLD-ME-Mechanical Equipment-vs-BLD-ME-Duct Accessory	0	0 in the document
08:55:05.815	240.770	1A04EP		test passed	BLD-ME-Mechanical Equipment-vs-BLD-ME-Duct Accessory	0	ran and found nothing
08:55:05.846	240.802	1A04EP	TESTS CREATE	test created	BLD-ME-Air Terminals-vs-BLD-AR-Floors	0.082	hard_conservative, 25 mm chosen in the tool is 0.082020997375 ft
08:55:06.010	240.965	1A04EP		rows for the workbook	BLD-ME-Air Terminals-vs-BLD-AR-Floors	0	0 in the document
08:55:06.024	240.979	1A04EP		test passed	BLD-ME-Air Terminals-vs-BLD-AR-Floors	0	ran and found nothing
08:55:06.064	241.019	1A04EP	TESTS CREATE	test created	BLD-ME-Air Terminals-vs-BLD-AR-Stairs	0.082	hard_conservative, 25 mm chosen in the tool is 0.082020997375 ft
08:55:06.235	241.190	1A04EP		rows for the workbook	BLD-ME-Air Terminals-vs-BLD-AR-Stairs	0	0 in the document
08:55:06.248	241.204	1A04EP		test passed	BLD-ME-Air Terminals-vs-BLD-AR-Stairs	0	ran and found nothing
08:55:06.296	241.252	1A04EP	TESTS CREATE	test created	BLD-ME-Air Terminals-vs-BLD-AR-Ceilings	0.082	hard_conservative, 25 mm chosen in the tool is 0.082020997375 ft
08:55:07.283	242.238	1A04EP		rows for the workbook	BLD-ME-Air Terminals-vs-BLD-AR-Ceilings	13	13 in the document
08:55:07.296	242.252	1A04EP		test found clashes	BLD-ME-Air Terminals-vs-BLD-AR-Ceilings	13	ran and found clashes
08:55:07.392	242.348	1A04EP	TESTS CREATE	test created	BLD-ME-Air Terminals-vs-BLD-AR-Walls	0.082	hard_conservative, 25 mm chosen in the tool is 0.082020997375 ft
08:55:08.610	243.565	1A04EP		rows for the workbook	BLD-ME-Air Terminals-vs-BLD-AR-Walls	14	14 in the document
08:55:08.618	243.573	1A04EP		test found clashes	BLD-ME-Air Terminals-vs-BLD-AR-Walls	14	ran and found clashes
08:55:08.691	243.647	1A04EP	TESTS CREATE	test created	BLD-ME-Air Terminals-vs-BLD-AR-Windows	0.082	hard_conservative, 25 mm chosen in the tool is 0.082020997375 ft
08:55:08.875	243.830	1A04EP		rows for the workbook	BLD-ME-Air Terminals-vs-BLD-AR-Windows	0	0 in the document
08:55:08.892	243.848	1A04EP		test passed	BLD-ME-Air Terminals-vs-BLD-AR-Windows	0	ran and found nothing
08:55:08.942	243.897	1A04EP	TESTS CREATE	test created	BLD-ME-Air Terminals-vs-BLD-AR-Curtain Panels	0.082	hard_conservative, 25 mm chosen in the tool is 0.082020997375 ft
08:55:09.188	244.144	1A04EP		rows for the workbook	BLD-ME-Air Terminals-vs-BLD-AR-Curtain Panels	1	1 in the document
08:55:09.204	244.160	1A04EP		test found clashes	BLD-ME-Air Terminals-vs-BLD-AR-Curtain Panels	1	ran and found clashes
08:55:09.288	244.243	1A04EP	TESTS CREATE	test created	BLD-ME-Air Terminals-vs-BLD-AR-Curtain Mullions	0.082	hard_conservative, 25 mm chosen in the tool is 0.082020997375 ft
08:55:09.461	244.417	1A04EP		rows for the workbook	BLD-ME-Air Terminals-vs-BLD-AR-Curtain Mullions	0	0 in the document
08:55:09.475	244.430	1A04EP		test passed	BLD-ME-Air Terminals-vs-BLD-AR-Curtain Mullions	0	ran and found nothing
08:55:09.525	244.481	1A04EP	TESTS CREATE	test created	BLD-ME-Air Terminals-vs-BLD-AR-Doors	0.082	hard_conservative, 25 mm chosen in the tool is 0.082020997375 ft
08:55:09.712	244.668	1A04EP		rows for the workbook	BLD-ME-Air Terminals-vs-BLD-AR-Doors	0	0 in the document
08:55:09.721	244.677	1A04EP		test passed	BLD-ME-Air Terminals-vs-BLD-AR-Doors	0	ran and found nothing
08:55:09.775	244.731	1A04EP	TESTS CREATE	test created	BLD-ME-Air Terminals-vs-BLD-AR-Furniture	0.082	hard_conservative, 25 mm chosen in the tool is 0.082020997375 ft
08:55:09.948	244.903	1A04EP		rows for the workbook	BLD-ME-Air Terminals-vs-BLD-AR-Furniture	0	0 in the document
08:55:09.953	244.909	1A04EP		test passed	BLD-ME-Air Terminals-vs-BLD-AR-Furniture	0	ran and found nothing
08:55:09.995	244.951	1A04EP	TESTS CREATE	test created	BLD-ME-Air Terminals-vs-BLD-AR-Railings	0.082	hard_conservative, 25 mm chosen in the tool is 0.082020997375 ft
08:55:10.163	245.118	1A04EP		rows for the workbook	BLD-ME-Air Terminals-vs-BLD-AR-Railings	0	0 in the document
08:55:10.179	245.134	1A04EP		test passed	BLD-ME-Air Terminals-vs-BLD-AR-Railings	0	ran and found nothing
08:55:10.231	245.187	1A04EP	TESTS CREATE	test created	BLD-ME-Air Terminals-vs-BLD-ST-Foundation	0.082	hard_conservative, 25 mm chosen in the tool is 0.082020997375 ft
08:55:10.375	245.330	1A04EP		rows for the workbook	BLD-ME-Air Terminals-vs-BLD-ST-Foundation	0	0 in the document
08:55:10.376	245.331	1A04EP		test passed	BLD-ME-Air Terminals-vs-BLD-ST-Foundation	0	ran and found nothing
08:55:10.437	245.393	1A04EP	TESTS CREATE	test created	BLD-ME-Air Terminals-vs-BLD-ST-Columns	0.082	hard_conservative, 25 mm chosen in the tool is 0.082020997375 ft
08:55:10.587	245.542	1A04EP		rows for the workbook	BLD-ME-Air Terminals-vs-BLD-ST-Columns	0	0 in the document
08:55:10.587	245.543	1A04EP		test passed	BLD-ME-Air Terminals-vs-BLD-ST-Columns	0	ran and found nothing
08:55:10.640	245.595	1A04EP	TESTS CREATE	test created	BLD-ME-Air Terminals-vs-BLD-ST-Framing	0.082	hard_conservative, 25 mm chosen in the tool is 0.082020997375 ft
08:55:10.786	245.741	1A04EP		rows for the workbook	BLD-ME-Air Terminals-vs-BLD-ST-Framing	0	0 in the document
08:55:10.786	245.742	1A04EP		test passed	BLD-ME-Air Terminals-vs-BLD-ST-Framing	0	ran and found nothing
08:55:10.814	245.769	1A04EP	TESTS CREATE	test created	BLD-ME-Air Terminals-vs-BLD-ST-Walls	0.082	hard_conservative, 25 mm chosen in the tool is 0.082020997375 ft
08:55:10.984	245.940	1A04EP		rows for the workbook	BLD-ME-Air Terminals-vs-BLD-ST-Walls	0	0 in the document
08:55:10.986	245.941	1A04EP		test passed	BLD-ME-Air Terminals-vs-BLD-ST-Walls	0	ran and found nothing
08:55:11.016	245.972	1A04EP	TESTS CREATE	test created	BLD-ME-Air Terminals-vs-BLD-ST-Floors	0.082	hard_conservative, 25 mm chosen in the tool is 0.082020997375 ft
08:55:11.143	246.099	1A04EP		rows for the workbook	BLD-ME-Air Terminals-vs-BLD-ST-Floors	0	0 in the document
08:55:11.144	246.099	1A04EP		test passed	BLD-ME-Air Terminals-vs-BLD-ST-Floors	0	ran and found nothing
08:55:11.174	246.130	1A04EP	TESTS CREATE	test created	BLD-ME-Air Terminals-vs-BLD-ST-Stair	0.082	hard_conservative, 25 mm chosen in the tool is 0.082020997375 ft
08:55:11.306	246.261	1A04EP		rows for the workbook	BLD-ME-Air Terminals-vs-BLD-ST-Stair	0	0 in the document
08:55:11.306	246.262	1A04EP		test passed	BLD-ME-Air Terminals-vs-BLD-ST-Stair	0	ran and found nothing
08:55:11.332	246.288	1A04EP	TESTS CREATE	test created	BLD-ME-Air Terminals-vs-BLD-ME-Ducts&Duct Fittings	0.082	hard_conservative, 25 mm chosen in the tool is 0.082020997375 ft
08:55:11.490	246.445	1A04EP		rows for the workbook	BLD-ME-Air Terminals-vs-BLD-ME-Ducts&Duct Fittings	0	0 in the document
08:55:11.490	246.446	1A04EP		test passed	BLD-ME-Air Terminals-vs-BLD-ME-Ducts&Duct Fittings	0	ran and found nothing
08:55:11.520	246.476	1A04EP	TESTS CREATE	test created	BLD-ME-Air Terminals-vs-BLD-ME-Duct Accessory	0.082	hard_conservative, 25 mm chosen in the tool is 0.082020997375 ft
08:55:11.676	246.632	1A04EP		rows for the workbook	BLD-ME-Air Terminals-vs-BLD-ME-Duct Accessory	0	0 in the document
08:55:11.677	246.633	1A04EP		test passed	BLD-ME-Air Terminals-vs-BLD-ME-Duct Accessory	0	ran and found nothing
08:55:11.708	246.663	1A04EP	TESTS CREATE	test created	BLD-ME-Air Terminals-vs-BLD-ME-Mechanical Equipment	0.082	hard_conservative, 25 mm chosen in the tool is 0.082020997375 ft
08:55:11.846	246.801	1A04EP		rows for the workbook	BLD-ME-Air Terminals-vs-BLD-ME-Mechanical Equipment	0	0 in the document
08:55:11.846	246.802	1A04EP		test passed	BLD-ME-Air Terminals-vs-BLD-ME-Mechanical Equipment	0	ran and found nothing
08:55:11.880	246.835	1A04EP	TESTS CREATE	test created	BLD-FF-Pipes & Pipe Fittings-vs-BLD-AR-Floors	0.082	hard_conservative, 25 mm chosen in the tool is 0.082020997375 ft
08:55:12.145	247.101	1A04EP		rows for the workbook	BLD-FF-Pipes & Pipe Fittings-vs-BLD-AR-Floors	3	3 in the document
08:55:12.146	247.102	1A04EP		test found clashes	BLD-FF-Pipes & Pipe Fittings-vs-BLD-AR-Floors	3	ran and found clashes
08:55:12.209	247.164	1A04EP	TESTS CREATE	test created	BLD-FF-Pipes & Pipe Fittings-vs-BLD-AR-Stairs	0.082	hard_conservative, 25 mm chosen in the tool is 0.082020997375 ft
08:55:12.350	247.305	1A04EP		rows for the workbook	BLD-FF-Pipes & Pipe Fittings-vs-BLD-AR-Stairs	0	0 in the document
08:55:12.351	247.306	1A04EP		test passed	BLD-FF-Pipes & Pipe Fittings-vs-BLD-AR-Stairs	0	ran and found nothing
08:55:12.382	247.338	1A04EP	TESTS CREATE	test created	BLD-FF-Pipes & Pipe Fittings-vs-BLD-AR-Ceilings	0.082	hard_conservative, 25 mm chosen in the tool is 0.082020997375 ft
08:55:12.887	247.843	1A04EP		rows for the workbook	BLD-FF-Pipes & Pipe Fittings-vs-BLD-AR-Ceilings	7	7 in the document
08:55:12.888	247.844	1A04EP		test found clashes	BLD-FF-Pipes & Pipe Fittings-vs-BLD-AR-Ceilings	7	ran and found clashes
08:55:12.958	247.914	1A04EP	TESTS CREATE	test created	BLD-FF-Pipes & Pipe Fittings-vs-BLD-AR-Walls	0.082	hard_conservative, 25 mm chosen in the tool is 0.082020997375 ft
08:55:15.963	250.918	1A04EP		rows for the workbook	BLD-FF-Pipes & Pipe Fittings-vs-BLD-AR-Walls	54	54 in the document
08:55:15.964	250.919	1A04EP		test found clashes	BLD-FF-Pipes & Pipe Fittings-vs-BLD-AR-Walls	54	ran and found clashes
08:55:16.018	250.974	1A04EP	TESTS CREATE	test created	BLD-FF-Pipes & Pipe Fittings-vs-BLD-AR-Windows	0.082	hard_conservative, 25 mm chosen in the tool is 0.082020997375 ft
08:55:16.192	251.147	1A04EP		rows for the workbook	BLD-FF-Pipes & Pipe Fittings-vs-BLD-AR-Windows	0	0 in the document
08:55:16.192	251.148	1A04EP		test passed	BLD-FF-Pipes & Pipe Fittings-vs-BLD-AR-Windows	0	ran and found nothing
08:55:16.223	251.179	1A04EP	TESTS CREATE	test created	BLD-FF-Pipes & Pipe Fittings-vs-BLD-AR-Curtain Panels	0.082	hard_conservative, 25 mm chosen in the tool is 0.082020997375 ft
08:55:16.637	251.592	1A04EP		rows for the workbook	BLD-FF-Pipes & Pipe Fittings-vs-BLD-AR-Curtain Panels	7	7 in the document
08:55:16.638	251.593	1A04EP		test found clashes	BLD-FF-Pipes & Pipe Fittings-vs-BLD-AR-Curtain Panels	7	ran and found clashes
08:55:16.721	251.677	1A04EP	TESTS CREATE	test created	BLD-FF-Pipes & Pipe Fittings-vs-BLD-AR-Curtain Mullions	0.082	hard_conservative, 25 mm chosen in the tool is 0.082020997375 ft
08:55:16.928	251.884	1A04EP		rows for the workbook	BLD-FF-Pipes & Pipe Fittings-vs-BLD-AR-Curtain Mullions	1	1 in the document
08:55:16.929	251.885	1A04EP		test found clashes	BLD-FF-Pipes & Pipe Fittings-vs-BLD-AR-Curtain Mullions	1	ran and found clashes
08:55:16.988	251.943	1A04EP	TESTS CREATE	test created	BLD-FF-Pipes & Pipe Fittings-vs-BLD-AR-Doors	0.082	hard_conservative, 25 mm chosen in the tool is 0.082020997375 ft
08:55:17.128	252.083	1A04EP		rows for the workbook	BLD-FF-Pipes & Pipe Fittings-vs-BLD-AR-Doors	0	0 in the document
08:55:17.128	252.084	1A04EP		test passed	BLD-FF-Pipes & Pipe Fittings-vs-BLD-AR-Doors	0	ran and found nothing
08:55:17.159	252.114	1A04EP	TESTS CREATE	test created	BLD-FF-Pipes & Pipe Fittings-vs-BLD-AR-Furniture	0.082	hard_conservative, 25 mm chosen in the tool is 0.082020997375 ft
08:55:17.330	252.285	1A04EP		rows for the workbook	BLD-FF-Pipes & Pipe Fittings-vs-BLD-AR-Furniture	0	0 in the document
08:55:17.331	252.286	1A04EP		test passed	BLD-FF-Pipes & Pipe Fittings-vs-BLD-AR-Furniture	0	ran and found nothing
08:55:17.361	252.317	1A04EP	TESTS CREATE	test created	BLD-FF-Pipes & Pipe Fittings-vs-BLD-AR-Railings	0.082	hard_conservative, 25 mm chosen in the tool is 0.082020997375 ft
08:55:17.507	252.462	1A04EP		rows for the workbook	BLD-FF-Pipes & Pipe Fittings-vs-BLD-AR-Railings	0	0 in the document
08:55:17.508	252.463	1A04EP		test passed	BLD-FF-Pipes & Pipe Fittings-vs-BLD-AR-Railings	0	ran and found nothing
08:55:17.533	252.489	1A04EP	TESTS CREATE	test created	BLD-FF-Pipes & Pipe Fittings-vs-BLD-ST-Foundation	0.082	hard_conservative, 25 mm chosen in the tool is 0.082020997375 ft
08:55:17.680	252.635	1A04EP		rows for the workbook	BLD-FF-Pipes & Pipe Fittings-vs-BLD-ST-Foundation	0	0 in the document
08:55:17.681	252.636	1A04EP		test passed	BLD-FF-Pipes & Pipe Fittings-vs-BLD-ST-Foundation	0	ran and found nothing
08:55:17.721	252.677	1A04EP	TESTS CREATE	test created	BLD-FF-Pipes & Pipe Fittings-vs-BLD-ST-Columns	0.082	hard_conservative, 25 mm chosen in the tool is 0.082020997375 ft
08:55:17.876	252.831	1A04EP		rows for the workbook	BLD-FF-Pipes & Pipe Fittings-vs-BLD-ST-Columns	0	0 in the document
08:55:17.877	252.832	1A04EP		test passed	BLD-FF-Pipes & Pipe Fittings-vs-BLD-ST-Columns	0	ran and found nothing
08:55:17.908	252.863	1A04EP	TESTS CREATE	test created	BLD-FF-Pipes & Pipe Fittings-vs-BLD-ST-Framing	0.082	hard_conservative, 25 mm chosen in the tool is 0.082020997375 ft
08:55:18.055	253.010	1A04EP		rows for the workbook	BLD-FF-Pipes & Pipe Fittings-vs-BLD-ST-Framing	0	0 in the document
08:55:18.057	253.012	1A04EP		test passed	BLD-FF-Pipes & Pipe Fittings-vs-BLD-ST-Framing	0	ran and found nothing
08:55:18.095	253.050	1A04EP	TESTS CREATE	test created	BLD-FF-Pipes & Pipe Fittings-vs-BLD-ST-Walls	0.082	hard_conservative, 25 mm chosen in the tool is 0.082020997375 ft
08:55:18.237	253.193	1A04EP		rows for the workbook	BLD-FF-Pipes & Pipe Fittings-vs-BLD-ST-Walls	0	0 in the document
08:55:18.238	253.193	1A04EP		test passed	BLD-FF-Pipes & Pipe Fittings-vs-BLD-ST-Walls	0	ran and found nothing
08:55:18.267	253.222	1A04EP	TESTS CREATE	test created	BLD-FF-Pipes & Pipe Fittings-vs-BLD-ST-Floors	0.082	hard_conservative, 25 mm chosen in the tool is 0.082020997375 ft
08:55:18.422	253.377	1A04EP		rows for the workbook	BLD-FF-Pipes & Pipe Fittings-vs-BLD-ST-Floors	0	0 in the document
08:55:18.423	253.378	1A04EP		test passed	BLD-FF-Pipes & Pipe Fittings-vs-BLD-ST-Floors	0	ran and found nothing
08:55:18.454	253.409	1A04EP	TESTS CREATE	test created	BLD-FF-Pipes & Pipe Fittings-vs-BLD-ST-Stair	0.082	hard_conservative, 25 mm chosen in the tool is 0.082020997375 ft
08:55:18.610	253.566	1A04EP		rows for the workbook	BLD-FF-Pipes & Pipe Fittings-vs-BLD-ST-Stair	0	0 in the document
08:55:18.611	253.567	1A04EP		test passed	BLD-FF-Pipes & Pipe Fittings-vs-BLD-ST-Stair	0	ran and found nothing
08:55:18.641	253.597	1A04EP	TESTS CREATE	test created	BLD-FF-Pipes & Pipe Fittings-vs-BLD-ME-Ducts&Duct Fittings	0.082	hard_conservative, 25 mm chosen in the tool is 0.082020997375 ft
08:55:18.834	253.789	1A04EP		rows for the workbook	BLD-FF-Pipes & Pipe Fittings-vs-BLD-ME-Ducts&Duct Fittings	1	1 in the document
08:55:18.835	253.790	1A04EP		test found clashes	BLD-FF-Pipes & Pipe Fittings-vs-BLD-ME-Ducts&Duct Fittings	1	ran and found clashes
08:55:18.903	253.858	1A04EP	TESTS CREATE	test created	BLD-FF-Pipes & Pipe Fittings-vs-BLD-ME-Duct Accessory	0.082	hard_conservative, 25 mm chosen in the tool is 0.082020997375 ft
08:55:19.037	253.993	1A04EP		rows for the workbook	BLD-FF-Pipes & Pipe Fittings-vs-BLD-ME-Duct Accessory	0	0 in the document
08:55:19.038	253.994	1A04EP		test passed	BLD-FF-Pipes & Pipe Fittings-vs-BLD-ME-Duct Accessory	0	ran and found nothing
08:55:19.075	254.031	1A04EP	TESTS CREATE	test created	BLD-FF-Pipes & Pipe Fittings-vs-BLD-ME-Mechanical Equipment	0.082	hard_conservative, 25 mm chosen in the tool is 0.082020997375 ft
08:55:19.233	254.189	1A04EP		rows for the workbook	BLD-FF-Pipes & Pipe Fittings-vs-BLD-ME-Mechanical Equipment	0	0 in the document
08:55:19.234	254.189	1A04EP		test passed	BLD-FF-Pipes & Pipe Fittings-vs-BLD-ME-Mechanical Equipment	0	ran and found nothing
08:55:19.280	254.235	1A04EP	TESTS CREATE	test created	BLD-FF-Pipes & Pipe Fittings-vs-BLD-ME-Air Terminals	0.082	hard_conservative, 25 mm chosen in the tool is 0.082020997375 ft
08:55:19.471	254.426	1A04EP		rows for the workbook	BLD-FF-Pipes & Pipe Fittings-vs-BLD-ME-Air Terminals	1	1 in the document
08:55:19.472	254.427	1A04EP		test found clashes	BLD-FF-Pipes & Pipe Fittings-vs-BLD-ME-Air Terminals	1	ran and found clashes
08:55:19.546	254.502	1A04EP	TESTS CREATE	test created	BLD-FF-Pipe Accessories-vs-BLD-AR-Floors	0.082	hard_conservative, 25 mm chosen in the tool is 0.082020997375 ft
08:55:19.696	254.651	1A04EP		rows for the workbook	BLD-FF-Pipe Accessories-vs-BLD-AR-Floors	0	0 in the document
08:55:19.697	254.652	1A04EP		test passed	BLD-FF-Pipe Accessories-vs-BLD-AR-Floors	0	ran and found nothing
08:55:19.731	254.687	1A04EP	TESTS CREATE	test created	BLD-FF-Pipe Accessories-vs-BLD-AR-Stairs	0.082	hard_conservative, 25 mm chosen in the tool is 0.082020997375 ft
08:55:19.865	254.820	1A04EP		rows for the workbook	BLD-FF-Pipe Accessories-vs-BLD-AR-Stairs	0	0 in the document
08:55:19.866	254.821	1A04EP		test passed	BLD-FF-Pipe Accessories-vs-BLD-AR-Stairs	0	ran and found nothing
08:55:19.903	254.859	1A04EP	TESTS CREATE	test created	BLD-FF-Pipe Accessories-vs-BLD-AR-Ceilings	0.082	hard_conservative, 25 mm chosen in the tool is 0.082020997375 ft
08:55:20.098	255.053	1A04EP		rows for the workbook	BLD-FF-Pipe Accessories-vs-BLD-AR-Ceilings	1	1 in the document
08:55:20.098	255.054	1A04EP		test found clashes	BLD-FF-Pipe Accessories-vs-BLD-AR-Ceilings	1	ran and found clashes
08:55:20.157	255.112	1A04EP	TESTS CREATE	test created	BLD-FF-Pipe Accessories-vs-BLD-AR-Walls	0.082	hard_conservative, 25 mm chosen in the tool is 0.082020997375 ft
08:55:20.297	255.253	1A04EP		rows for the workbook	BLD-FF-Pipe Accessories-vs-BLD-AR-Walls	0	0 in the document
08:55:20.298	255.254	1A04EP		test passed	BLD-FF-Pipe Accessories-vs-BLD-AR-Walls	0	ran and found nothing
08:55:20.342	255.298	1A04EP	TESTS CREATE	test created	BLD-FF-Pipe Accessories-vs-BLD-AR-Windows	0.082	hard_conservative, 25 mm chosen in the tool is 0.082020997375 ft
08:55:20.493	255.448	1A04EP		rows for the workbook	BLD-FF-Pipe Accessories-vs-BLD-AR-Windows	0	0 in the document
08:55:20.494	255.449	1A04EP		test passed	BLD-FF-Pipe Accessories-vs-BLD-AR-Windows	0	ran and found nothing
08:55:20.529	255.485	1A04EP	TESTS CREATE	test created	BLD-FF-Pipe Accessories-vs-BLD-AR-Curtain Panels	0.082	hard_conservative, 25 mm chosen in the tool is 0.082020997375 ft
08:55:20.701	255.656	1A04EP		rows for the workbook	BLD-FF-Pipe Accessories-vs-BLD-AR-Curtain Panels	0	0 in the document
08:55:20.701	255.657	1A04EP		test passed	BLD-FF-Pipe Accessories-vs-BLD-AR-Curtain Panels	0	ran and found nothing
08:55:20.731	255.687	1A04EP	TESTS CREATE	test created	BLD-FF-Pipe Accessories-vs-BLD-AR-Curtain Mullions	0.082	hard_conservative, 25 mm chosen in the tool is 0.082020997375 ft
08:55:20.889	255.844	1A04EP		rows for the workbook	BLD-FF-Pipe Accessories-vs-BLD-AR-Curtain Mullions	0	0 in the document
08:55:20.890	255.845	1A04EP		test passed	BLD-FF-Pipe Accessories-vs-BLD-AR-Curtain Mullions	0	ran and found nothing
08:55:20.952	255.908	1A04EP	TESTS CREATE	test created	BLD-FF-Pipe Accessories-vs-BLD-AR-Doors	0.082	hard_conservative, 25 mm chosen in the tool is 0.082020997375 ft
08:55:21.122	256.078	1A04EP		rows for the workbook	BLD-FF-Pipe Accessories-vs-BLD-AR-Doors	0	0 in the document
08:55:21.124	256.079	1A04EP		test passed	BLD-FF-Pipe Accessories-vs-BLD-AR-Doors	0	ran and found nothing
08:55:21.154	256.110	1A04EP	TESTS CREATE	test created	BLD-FF-Pipe Accessories-vs-BLD-AR-Furniture	0.082	hard_conservative, 25 mm chosen in the tool is 0.082020997375 ft
08:55:21.310	256.265	1A04EP		rows for the workbook	BLD-FF-Pipe Accessories-vs-BLD-AR-Furniture	0	0 in the document
08:55:21.311	256.266	1A04EP		test passed	BLD-FF-Pipe Accessories-vs-BLD-AR-Furniture	0	ran and found nothing
08:55:21.341	256.297	1A04EP	TESTS CREATE	test created	BLD-FF-Pipe Accessories-vs-BLD-AR-Railings	0.082	hard_conservative, 25 mm chosen in the tool is 0.082020997375 ft
08:55:21.482	256.438	1A04EP		rows for the workbook	BLD-FF-Pipe Accessories-vs-BLD-AR-Railings	0	0 in the document
08:55:21.483	256.439	1A04EP		test passed	BLD-FF-Pipe Accessories-vs-BLD-AR-Railings	0	ran and found nothing
08:55:21.529	256.485	1A04EP	TESTS CREATE	test created	BLD-FF-Pipe Accessories-vs-BLD-ST-Foundation	0.082	hard_conservative, 25 mm chosen in the tool is 0.082020997375 ft
08:55:21.681	256.636	1A04EP		rows for the workbook	BLD-FF-Pipe Accessories-vs-BLD-ST-Foundation	0	0 in the document
08:55:21.682	256.637	1A04EP		test passed	BLD-FF-Pipe Accessories-vs-BLD-ST-Foundation	0	ran and found nothing
08:55:21.717	256.672	1A04EP	TESTS CREATE	test created	BLD-FF-Pipe Accessories-vs-BLD-ST-Columns	0.082	hard_conservative, 25 mm chosen in the tool is 0.082020997375 ft
08:55:21.853	256.808	1A04EP		rows for the workbook	BLD-FF-Pipe Accessories-vs-BLD-ST-Columns	0	0 in the document
08:55:21.853	256.809	1A04EP		test passed	BLD-FF-Pipe Accessories-vs-BLD-ST-Columns	0	ran and found nothing
08:55:21.890	256.846	1A04EP	TESTS CREATE	test created	BLD-FF-Pipe Accessories-vs-BLD-ST-Framing	0.082	hard_conservative, 25 mm chosen in the tool is 0.082020997375 ft
08:55:22.044	257.000	1A04EP		rows for the workbook	BLD-FF-Pipe Accessories-vs-BLD-ST-Framing	0	0 in the document
08:55:22.045	257.001	1A04EP		test passed	BLD-FF-Pipe Accessories-vs-BLD-ST-Framing	0	ran and found nothing
08:55:22.091	257.047	1A04EP	TESTS CREATE	test created	BLD-FF-Pipe Accessories-vs-BLD-ST-Walls	0.082	hard_conservative, 25 mm chosen in the tool is 0.082020997375 ft
08:55:22.245	257.201	1A04EP		rows for the workbook	BLD-FF-Pipe Accessories-vs-BLD-ST-Walls	0	0 in the document
08:55:22.246	257.201	1A04EP		test passed	BLD-FF-Pipe Accessories-vs-BLD-ST-Walls	0	ran and found nothing
08:55:22.292	257.247	1A04EP	TESTS CREATE	test created	BLD-FF-Pipe Accessories-vs-BLD-ST-Floors	0.082	hard_conservative, 25 mm chosen in the tool is 0.082020997375 ft
08:55:22.427	257.383	1A04EP		rows for the workbook	BLD-FF-Pipe Accessories-vs-BLD-ST-Floors	0	0 in the document
08:55:22.428	257.383	1A04EP		test passed	BLD-FF-Pipe Accessories-vs-BLD-ST-Floors	0	ran and found nothing
08:55:22.464	257.419	1A04EP	TESTS CREATE	test created	BLD-FF-Pipe Accessories-vs-BLD-ST-Stair	0.082	hard_conservative, 25 mm chosen in the tool is 0.082020997375 ft
08:55:22.599	257.555	1A04EP		rows for the workbook	BLD-FF-Pipe Accessories-vs-BLD-ST-Stair	0	0 in the document
08:55:22.600	257.555	1A04EP		test passed	BLD-FF-Pipe Accessories-vs-BLD-ST-Stair	0	ran and found nothing
08:55:22.634	257.589	1A04EP	TESTS CREATE	test created	BLD-FF-Pipe Accessories-vs-BLD-ME-Ducts&Duct Fittings	0.082	hard_conservative, 25 mm chosen in the tool is 0.082020997375 ft
08:55:22.769	257.725	1A04EP		rows for the workbook	BLD-FF-Pipe Accessories-vs-BLD-ME-Ducts&Duct Fittings	0	0 in the document
08:55:22.770	257.726	1A04EP		test passed	BLD-FF-Pipe Accessories-vs-BLD-ME-Ducts&Duct Fittings	0	ran and found nothing
08:55:22.809	257.764	1A04EP	TESTS CREATE	test created	BLD-FF-Pipe Accessories-vs-BLD-ME-Duct Accessory	0.082	hard_conservative, 25 mm chosen in the tool is 0.082020997375 ft
08:55:22.945	257.901	1A04EP		rows for the workbook	BLD-FF-Pipe Accessories-vs-BLD-ME-Duct Accessory	0	0 in the document
08:55:22.947	257.902	1A04EP		test passed	BLD-FF-Pipe Accessories-vs-BLD-ME-Duct Accessory	0	ran and found nothing
08:55:22.980	257.936	1A04EP	TESTS CREATE	test created	BLD-FF-Pipe Accessories-vs-BLD-ME-Mechanical Equipment	0.082	hard_conservative, 25 mm chosen in the tool is 0.082020997375 ft
08:55:23.112	258.068	1A04EP		rows for the workbook	BLD-FF-Pipe Accessories-vs-BLD-ME-Mechanical Equipment	0	0 in the document
08:55:23.113	258.068	1A04EP		test passed	BLD-FF-Pipe Accessories-vs-BLD-ME-Mechanical Equipment	0	ran and found nothing
08:55:23.151	258.106	1A04EP	TESTS CREATE	test created	BLD-FF-Pipe Accessories-vs-BLD-ME-Air Terminals	0.082	hard_conservative, 25 mm chosen in the tool is 0.082020997375 ft
08:55:23.307	258.263	1A04EP		rows for the workbook	BLD-FF-Pipe Accessories-vs-BLD-ME-Air Terminals	0	0 in the document
08:55:23.308	258.264	1A04EP		test passed	BLD-FF-Pipe Accessories-vs-BLD-ME-Air Terminals	0	ran and found nothing
08:55:23.339	258.294	1A04EP	TESTS CREATE	test created	BLD-FF-Pipe Accessories-vs-BLD-FF-Pipes & Pipe Fittings	0.082	hard_conservative, 25 mm chosen in the tool is 0.082020997375 ft
08:55:24.446	259.402	1A04EP		rows for the workbook	BLD-FF-Pipe Accessories-vs-BLD-FF-Pipes & Pipe Fittings	13	13 in the document
08:55:24.447	259.403	1A04EP		test found clashes	BLD-FF-Pipe Accessories-vs-BLD-FF-Pipes & Pipe Fittings	13	ran and found clashes
08:55:24.526	259.481	1A04EP	TESTS CREATE	test created	BLD-FF-Sprinklers-vs-BLD-AR-Floors	0.082	hard_conservative, 25 mm chosen in the tool is 0.082020997375 ft
08:55:24.682	259.637	1A04EP		rows for the workbook	BLD-FF-Sprinklers-vs-BLD-AR-Floors	0	0 in the document
08:55:24.683	259.638	1A04EP		test passed	BLD-FF-Sprinklers-vs-BLD-AR-Floors	0	ran and found nothing
08:55:24.712	259.668	1A04EP	TESTS CREATE	test created	BLD-FF-Sprinklers-vs-BLD-AR-Stairs	0.082	hard_conservative, 25 mm chosen in the tool is 0.082020997375 ft
08:55:24.848	259.803	1A04EP		rows for the workbook	BLD-FF-Sprinklers-vs-BLD-AR-Stairs	0	0 in the document
08:55:24.849	259.804	1A04EP		test passed	BLD-FF-Sprinklers-vs-BLD-AR-Stairs	0	ran and found nothing
08:55:24.884	259.840	1A04EP	TESTS CREATE	test created	BLD-FF-Sprinklers-vs-BLD-AR-Ceilings	0.082	hard_conservative, 25 mm chosen in the tool is 0.082020997375 ft
08:55:25.313	260.269	1A04EP		rows for the workbook	BLD-FF-Sprinklers-vs-BLD-AR-Ceilings	6	6 in the document
08:55:25.314	260.270	1A04EP		test found clashes	BLD-FF-Sprinklers-vs-BLD-AR-Ceilings	6	ran and found clashes
08:55:25.494	260.450	1A04EP	TESTS CREATE	test created	BLD-FF-Sprinklers-vs-BLD-AR-Walls	0.082	hard_conservative, 25 mm chosen in the tool is 0.082020997375 ft
08:55:25.652	260.607	1A04EP		rows for the workbook	BLD-FF-Sprinklers-vs-BLD-AR-Walls	0	0 in the document
08:55:25.653	260.608	1A04EP		test passed	BLD-FF-Sprinklers-vs-BLD-AR-Walls	0	ran and found nothing
08:55:25.681	260.637	1A04EP	TESTS CREATE	test created	BLD-FF-Sprinklers-vs-BLD-AR-Windows	0.082	hard_conservative, 25 mm chosen in the tool is 0.082020997375 ft
08:55:25.817	260.773	1A04EP		rows for the workbook	BLD-FF-Sprinklers-vs-BLD-AR-Windows	0	0 in the document
08:55:25.818	260.774	1A04EP		test passed	BLD-FF-Sprinklers-vs-BLD-AR-Windows	0	ran and found nothing
08:55:25.852	260.808	1A04EP	TESTS CREATE	test created	BLD-FF-Sprinklers-vs-BLD-AR-Curtain Panels	0.082	hard_conservative, 25 mm chosen in the tool is 0.082020997375 ft
08:55:25.990	260.946	1A04EP		rows for the workbook	BLD-FF-Sprinklers-vs-BLD-AR-Curtain Panels	0	0 in the document
08:55:25.991	260.946	1A04EP		test passed	BLD-FF-Sprinklers-vs-BLD-AR-Curtain Panels	0	ran and found nothing
08:55:26.024	260.979	1A04EP	TESTS CREATE	test created	BLD-FF-Sprinklers-vs-BLD-AR-Curtain Mullions	0.082	hard_conservative, 25 mm chosen in the tool is 0.082020997375 ft
08:55:26.158	261.113	1A04EP		rows for the workbook	BLD-FF-Sprinklers-vs-BLD-AR-Curtain Mullions	0	0 in the document
08:55:26.159	261.114	1A04EP		test passed	BLD-FF-Sprinklers-vs-BLD-AR-Curtain Mullions	0	ran and found nothing
08:55:26.191	261.147	1A04EP	TESTS CREATE	test created	BLD-FF-Sprinklers-vs-BLD-AR-Doors	0.082	hard_conservative, 25 mm chosen in the tool is 0.082020997375 ft
08:55:26.348	261.303	1A04EP		rows for the workbook	BLD-FF-Sprinklers-vs-BLD-AR-Doors	0	0 in the document
08:55:26.349	261.304	1A04EP		test passed	BLD-FF-Sprinklers-vs-BLD-AR-Doors	0	ran and found nothing
08:55:26.379	261.334	1A04EP	TESTS CREATE	test created	BLD-FF-Sprinklers-vs-BLD-AR-Furniture	0.082	hard_conservative, 25 mm chosen in the tool is 0.082020997375 ft
08:55:26.518	261.473	1A04EP		rows for the workbook	BLD-FF-Sprinklers-vs-BLD-AR-Furniture	0	0 in the document
08:55:26.519	261.474	1A04EP		test passed	BLD-FF-Sprinklers-vs-BLD-AR-Furniture	0	ran and found nothing
08:55:26.552	261.508	1A04EP	TESTS CREATE	test created	BLD-FF-Sprinklers-vs-BLD-AR-Railings	0.082	hard_conservative, 25 mm chosen in the tool is 0.082020997375 ft
08:55:26.688	261.643	1A04EP		rows for the workbook	BLD-FF-Sprinklers-vs-BLD-AR-Railings	0	0 in the document
08:55:26.688	261.644	1A04EP		test passed	BLD-FF-Sprinklers-vs-BLD-AR-Railings	0	ran and found nothing
08:55:26.724	261.680	1A04EP	TESTS CREATE	test created	BLD-FF-Sprinklers-vs-BLD-ST-Foundation	0.082	hard_conservative, 25 mm chosen in the tool is 0.082020997375 ft
08:55:26.863	261.818	1A04EP		rows for the workbook	BLD-FF-Sprinklers-vs-BLD-ST-Foundation	0	0 in the document
08:55:26.864	261.819	1A04EP		test passed	BLD-FF-Sprinklers-vs-BLD-ST-Foundation	0	ran and found nothing
08:55:26.896	261.852	1A04EP	TESTS CREATE	test created	BLD-FF-Sprinklers-vs-BLD-ST-Columns	0.082	hard_conservative, 25 mm chosen in the tool is 0.082020997375 ft
08:55:27.036	261.992	1A04EP		rows for the workbook	BLD-FF-Sprinklers-vs-BLD-ST-Columns	0	0 in the document
08:55:27.038	261.993	1A04EP		test passed	BLD-FF-Sprinklers-vs-BLD-ST-Columns	0	ran and found nothing
08:55:27.067	262.023	1A04EP	TESTS CREATE	test created	BLD-FF-Sprinklers-vs-BLD-ST-Framing	0.082	hard_conservative, 25 mm chosen in the tool is 0.082020997375 ft
08:55:27.203	262.158	1A04EP		rows for the workbook	BLD-FF-Sprinklers-vs-BLD-ST-Framing	0	0 in the document
08:55:27.203	262.159	1A04EP		test passed	BLD-FF-Sprinklers-vs-BLD-ST-Framing	0	ran and found nothing
08:55:27.238	262.194	1A04EP	TESTS CREATE	test created	BLD-FF-Sprinklers-vs-BLD-ST-Walls	0.082	hard_conservative, 25 mm chosen in the tool is 0.082020997375 ft
08:55:27.394	262.350	1A04EP		rows for the workbook	BLD-FF-Sprinklers-vs-BLD-ST-Walls	0	0 in the document
08:55:27.395	262.351	1A04EP		test passed	BLD-FF-Sprinklers-vs-BLD-ST-Walls	0	ran and found nothing
08:55:27.426	262.382	1A04EP	TESTS CREATE	test created	BLD-FF-Sprinklers-vs-BLD-ST-Floors	0.082	hard_conservative, 25 mm chosen in the tool is 0.082020997375 ft
08:55:27.563	262.518	1A04EP		rows for the workbook	BLD-FF-Sprinklers-vs-BLD-ST-Floors	0	0 in the document
08:55:27.563	262.519	1A04EP		test passed	BLD-FF-Sprinklers-vs-BLD-ST-Floors	0	ran and found nothing
08:55:27.599	262.555	1A04EP	TESTS CREATE	test created	BLD-FF-Sprinklers-vs-BLD-ST-Stair	0.082	hard_conservative, 25 mm chosen in the tool is 0.082020997375 ft
08:55:27.737	262.692	1A04EP		rows for the workbook	BLD-FF-Sprinklers-vs-BLD-ST-Stair	0	0 in the document
08:55:27.738	262.693	1A04EP		test passed	BLD-FF-Sprinklers-vs-BLD-ST-Stair	0	ran and found nothing
08:55:27.769	262.725	1A04EP	TESTS CREATE	test created	BLD-FF-Sprinklers-vs-BLD-ME-Ducts&Duct Fittings	0.082	hard_conservative, 25 mm chosen in the tool is 0.082020997375 ft
08:55:27.906	262.861	1A04EP		rows for the workbook	BLD-FF-Sprinklers-vs-BLD-ME-Ducts&Duct Fittings	0	0 in the document
08:55:27.906	262.862	1A04EP		test passed	BLD-FF-Sprinklers-vs-BLD-ME-Ducts&Duct Fittings	0	ran and found nothing
08:55:27.942	262.897	1A04EP	TESTS CREATE	test created	BLD-FF-Sprinklers-vs-BLD-ME-Duct Accessory	0.082	hard_conservative, 25 mm chosen in the tool is 0.082020997375 ft
08:55:28.078	263.033	1A04EP		rows for the workbook	BLD-FF-Sprinklers-vs-BLD-ME-Duct Accessory	0	0 in the document
08:55:28.079	263.034	1A04EP		test passed	BLD-FF-Sprinklers-vs-BLD-ME-Duct Accessory	0	ran and found nothing
08:55:28.113	263.069	1A04EP	TESTS CREATE	test created	BLD-FF-Sprinklers-vs-BLD-ME-Mechanical Equipment	0.082	hard_conservative, 25 mm chosen in the tool is 0.082020997375 ft
08:55:28.268	263.224	1A04EP		rows for the workbook	BLD-FF-Sprinklers-vs-BLD-ME-Mechanical Equipment	0	0 in the document
08:55:28.269	263.225	1A04EP		test passed	BLD-FF-Sprinklers-vs-BLD-ME-Mechanical Equipment	0	ran and found nothing
08:55:28.300	263.255	1A04EP	TESTS CREATE	test created	BLD-FF-Sprinklers-vs-BLD-ME-Air Terminals	0.082	hard_conservative, 25 mm chosen in the tool is 0.082020997375 ft
08:55:28.454	263.410	1A04EP		rows for the workbook	BLD-FF-Sprinklers-vs-BLD-ME-Air Terminals	0	0 in the document
08:55:28.456	263.411	1A04EP		test passed	BLD-FF-Sprinklers-vs-BLD-ME-Air Terminals	0	ran and found nothing
08:55:28.486	263.442	1A04EP	TESTS CREATE	test created	BLD-FF-Sprinklers-vs-BLD-FF-Pipes & Pipe Fittings	0.082	hard_conservative, 25 mm chosen in the tool is 0.082020997375 ft
08:55:36.027	270.982	1A04EP		rows for the workbook	BLD-FF-Sprinklers-vs-BLD-FF-Pipes & Pipe Fittings	119	119 in the document
08:55:36.028	270.983	1A04EP		test found clashes	BLD-FF-Sprinklers-vs-BLD-FF-Pipes & Pipe Fittings	119	ran and found clashes
08:55:36.087	271.043	1A04EP	TESTS CREATE	test created	BLD-FF-Sprinklers-vs-BLD-FF-Pipe Accessories	0.082	hard_conservative, 25 mm chosen in the tool is 0.082020997375 ft
08:55:36.225	271.180	1A04EP		rows for the workbook	BLD-FF-Sprinklers-vs-BLD-FF-Pipe Accessories	0	0 in the document
08:55:36.226	271.181	1A04EP		test passed	BLD-FF-Sprinklers-vs-BLD-FF-Pipe Accessories	0	ran and found nothing
08:55:36.258	271.214	1A04EP	TESTS CREATE	test created	BLD-DR-Mechanical Equipment-vs-BLD-AR-Floors	0.082	hard_conservative, 25 mm chosen in the tool is 0.082020997375 ft
08:55:36.400	271.355	1A04EP		rows for the workbook	BLD-DR-Mechanical Equipment-vs-BLD-AR-Floors	0	0 in the document
08:55:36.401	271.356	1A04EP		test passed	BLD-DR-Mechanical Equipment-vs-BLD-AR-Floors	0	ran and found nothing
08:55:36.432	271.388	1A04EP	TESTS CREATE	test created	BLD-DR-Mechanical Equipment-vs-BLD-AR-Stairs	0.082	hard_conservative, 25 mm chosen in the tool is 0.082020997375 ft
08:55:36.603	271.559	1A04EP		rows for the workbook	BLD-DR-Mechanical Equipment-vs-BLD-AR-Stairs	0	0 in the document
08:55:36.604	271.560	1A04EP		test passed	BLD-DR-Mechanical Equipment-vs-BLD-AR-Stairs	0	ran and found nothing
08:55:36.636	271.591	1A04EP	TESTS CREATE	test created	BLD-DR-Mechanical Equipment-vs-BLD-AR-Ceilings	0.082	hard_conservative, 25 mm chosen in the tool is 0.082020997375 ft
08:55:36.791	271.747	1A04EP		rows for the workbook	BLD-DR-Mechanical Equipment-vs-BLD-AR-Ceilings	0	0 in the document
08:55:36.792	271.748	1A04EP		test passed	BLD-DR-Mechanical Equipment-vs-BLD-AR-Ceilings	0	ran and found nothing
08:55:36.822	271.778	1A04EP	TESTS CREATE	test created	BLD-DR-Mechanical Equipment-vs-BLD-AR-Walls	0.082	hard_conservative, 25 mm chosen in the tool is 0.082020997375 ft
08:55:36.975	271.930	1A04EP		rows for the workbook	BLD-DR-Mechanical Equipment-vs-BLD-AR-Walls	0	0 in the document
08:55:36.976	271.931	1A04EP		test passed	BLD-DR-Mechanical Equipment-vs-BLD-AR-Walls	0	ran and found nothing
08:55:37.011	271.966	1A04EP	TESTS CREATE	test created	BLD-DR-Mechanical Equipment-vs-BLD-AR-Windows	0.082	hard_conservative, 25 mm chosen in the tool is 0.082020997375 ft
08:55:37.167	272.122	1A04EP		rows for the workbook	BLD-DR-Mechanical Equipment-vs-BLD-AR-Windows	0	0 in the document
08:55:37.168	272.123	1A04EP		test passed	BLD-DR-Mechanical Equipment-vs-BLD-AR-Windows	0	ran and found nothing
08:55:37.199	272.154	1A04EP	TESTS CREATE	test created	BLD-DR-Mechanical Equipment-vs-BLD-AR-Curtain Panels	0.082	hard_conservative, 25 mm chosen in the tool is 0.082020997375 ft
08:55:37.369	272.325	1A04EP		rows for the workbook	BLD-DR-Mechanical Equipment-vs-BLD-AR-Curtain Panels	0	0 in the document
08:55:37.371	272.326	1A04EP		test passed	BLD-DR-Mechanical Equipment-vs-BLD-AR-Curtain Panels	0	ran and found nothing
08:55:37.401	272.357	1A04EP	TESTS CREATE	test created	BLD-DR-Mechanical Equipment-vs-BLD-AR-Curtain Mullions	0.082	hard_conservative, 25 mm chosen in the tool is 0.082020997375 ft
08:55:37.559	272.515	1A04EP		rows for the workbook	BLD-DR-Mechanical Equipment-vs-BLD-AR-Curtain Mullions	0	0 in the document
08:55:37.560	272.516	1A04EP		test passed	BLD-DR-Mechanical Equipment-vs-BLD-AR-Curtain Mullions	0	ran and found nothing
08:55:37.590	272.546	1A04EP	TESTS CREATE	test created	BLD-DR-Mechanical Equipment-vs-BLD-AR-Doors	0.082	hard_conservative, 25 mm chosen in the tool is 0.082020997375 ft
08:55:37.746	272.701	1A04EP		rows for the workbook	BLD-DR-Mechanical Equipment-vs-BLD-AR-Doors	0	0 in the document
08:55:37.747	272.702	1A04EP		test passed	BLD-DR-Mechanical Equipment-vs-BLD-AR-Doors	0	ran and found nothing
08:55:37.776	272.732	1A04EP	TESTS CREATE	test created	BLD-DR-Mechanical Equipment-vs-BLD-AR-Furniture	0.082	hard_conservative, 25 mm chosen in the tool is 0.082020997375 ft
08:55:37.916	272.871	1A04EP		rows for the workbook	BLD-DR-Mechanical Equipment-vs-BLD-AR-Furniture	0	0 in the document
08:55:37.917	272.872	1A04EP		test passed	BLD-DR-Mechanical Equipment-vs-BLD-AR-Furniture	0	ran and found nothing
08:55:37.949	272.904	1A04EP	TESTS CREATE	test created	BLD-DR-Mechanical Equipment-vs-BLD-AR-Railings	0.082	hard_conservative, 25 mm chosen in the tool is 0.082020997375 ft
08:55:38.104	273.059	1A04EP		rows for the workbook	BLD-DR-Mechanical Equipment-vs-BLD-AR-Railings	0	0 in the document
08:55:38.105	273.060	1A04EP		test passed	BLD-DR-Mechanical Equipment-vs-BLD-AR-Railings	0	ran and found nothing
08:55:38.134	273.090	1A04EP	TESTS CREATE	test created	BLD-DR-Mechanical Equipment-vs-BLD-ST-Foundation	0.082	hard_conservative, 25 mm chosen in the tool is 0.082020997375 ft
08:55:38.273	273.229	1A04EP		rows for the workbook	BLD-DR-Mechanical Equipment-vs-BLD-ST-Foundation	0	0 in the document
08:55:38.274	273.229	1A04EP		test passed	BLD-DR-Mechanical Equipment-vs-BLD-ST-Foundation	0	ran and found nothing
08:55:38.305	273.261	1A04EP	TESTS CREATE	test created	BLD-DR-Mechanical Equipment-vs-BLD-ST-Columns	0.082	hard_conservative, 25 mm chosen in the tool is 0.082020997375 ft
08:55:38.444	273.399	1A04EP		rows for the workbook	BLD-DR-Mechanical Equipment-vs-BLD-ST-Columns	0	0 in the document
08:55:38.445	273.400	1A04EP		test passed	BLD-DR-Mechanical Equipment-vs-BLD-ST-Columns	0	ran and found nothing
08:55:38.476	273.432	1A04EP	TESTS CREATE	test created	BLD-DR-Mechanical Equipment-vs-BLD-ST-Framing	0.082	hard_conservative, 25 mm chosen in the tool is 0.082020997375 ft
08:55:38.628	273.583	1A04EP		rows for the workbook	BLD-DR-Mechanical Equipment-vs-BLD-ST-Framing	0	0 in the document
08:55:38.629	273.584	1A04EP		test passed	BLD-DR-Mechanical Equipment-vs-BLD-ST-Framing	0	ran and found nothing
08:55:38.662	273.618	1A04EP	TESTS CREATE	test created	BLD-DR-Mechanical Equipment-vs-BLD-ST-Walls	0.082	hard_conservative, 25 mm chosen in the tool is 0.082020997375 ft
08:55:38.815	273.770	1A04EP		rows for the workbook	BLD-DR-Mechanical Equipment-vs-BLD-ST-Walls	0	0 in the document
08:55:38.816	273.771	1A04EP		test passed	BLD-DR-Mechanical Equipment-vs-BLD-ST-Walls	0	ran and found nothing
08:55:38.851	273.807	1A04EP	TESTS CREATE	test created	BLD-DR-Mechanical Equipment-vs-BLD-ST-Floors	0.082	hard_conservative, 25 mm chosen in the tool is 0.082020997375 ft
08:55:38.999	273.955	1A04EP		rows for the workbook	BLD-DR-Mechanical Equipment-vs-BLD-ST-Floors	0	0 in the document
08:55:39.000	273.955	1A04EP		test passed	BLD-DR-Mechanical Equipment-vs-BLD-ST-Floors	0	ran and found nothing
08:55:39.037	273.992	1A04EP	TESTS CREATE	test created	BLD-DR-Mechanical Equipment-vs-BLD-ST-Stair	0.082	hard_conservative, 25 mm chosen in the tool is 0.082020997375 ft
08:55:39.177	274.132	1A04EP		rows for the workbook	BLD-DR-Mechanical Equipment-vs-BLD-ST-Stair	0	0 in the document
08:55:39.177	274.133	1A04EP		test passed	BLD-DR-Mechanical Equipment-vs-BLD-ST-Stair	0	ran and found nothing
08:55:39.207	274.163	1A04EP	TESTS CREATE	test created	BLD-DR-Mechanical Equipment-vs-BLD-ME-Ducts&Duct Fittings	0.082	hard_conservative, 25 mm chosen in the tool is 0.082020997375 ft
08:55:39.367	274.322	1A04EP		rows for the workbook	BLD-DR-Mechanical Equipment-vs-BLD-ME-Ducts&Duct Fittings	0	0 in the document
08:55:39.367	274.323	1A04EP		test passed	BLD-DR-Mechanical Equipment-vs-BLD-ME-Ducts&Duct Fittings	0	ran and found nothing
08:55:39.394	274.349	1A04EP	TESTS CREATE	test created	BLD-DR-Mechanical Equipment-vs-BLD-ME-Duct Accessory	0.082	hard_conservative, 25 mm chosen in the tool is 0.082020997375 ft
08:55:39.533	274.488	1A04EP		rows for the workbook	BLD-DR-Mechanical Equipment-vs-BLD-ME-Duct Accessory	0	0 in the document
08:55:39.533	274.489	1A04EP		test passed	BLD-DR-Mechanical Equipment-vs-BLD-ME-Duct Accessory	0	ran and found nothing
08:55:39.565	274.521	1A04EP	TESTS CREATE	test created	BLD-DR-Mechanical Equipment-vs-BLD-ME-Mechanical Equipment	0.082	hard_conservative, 25 mm chosen in the tool is 0.082020997375 ft
08:55:39.705	274.660	1A04EP		rows for the workbook	BLD-DR-Mechanical Equipment-vs-BLD-ME-Mechanical Equipment	0	0 in the document
08:55:39.705	274.661	1A04EP		test passed	BLD-DR-Mechanical Equipment-vs-BLD-ME-Mechanical Equipment	0	ran and found nothing
08:55:39.737	274.692	1A04EP	TESTS CREATE	test created	BLD-DR-Mechanical Equipment-vs-BLD-ME-Air Terminals	0.082	hard_conservative, 25 mm chosen in the tool is 0.082020997375 ft
08:55:39.880	274.835	1A04EP		rows for the workbook	BLD-DR-Mechanical Equipment-vs-BLD-ME-Air Terminals	0	0 in the document
08:55:39.880	274.836	1A04EP		test passed	BLD-DR-Mechanical Equipment-vs-BLD-ME-Air Terminals	0	ran and found nothing
08:55:39.908	274.864	1A04EP	TESTS CREATE	test created	BLD-DR-Mechanical Equipment-vs-BLD-FF-Pipes & Pipe Fittings	0.082	hard_conservative, 25 mm chosen in the tool is 0.082020997375 ft
08:55:40.070	275.025	1A04EP		rows for the workbook	BLD-DR-Mechanical Equipment-vs-BLD-FF-Pipes & Pipe Fittings	0	0 in the document
08:55:40.071	275.026	1A04EP		test passed	BLD-DR-Mechanical Equipment-vs-BLD-FF-Pipes & Pipe Fittings	0	ran and found nothing
08:55:40.099	275.055	1A04EP	TESTS CREATE	test created	BLD-DR-Mechanical Equipment-vs-BLD-FF-Pipe Accessories	0.082	hard_conservative, 25 mm chosen in the tool is 0.082020997375 ft
08:55:40.288	275.243	1A04EP		rows for the workbook	BLD-DR-Mechanical Equipment-vs-BLD-FF-Pipe Accessories	0	0 in the document
08:55:40.289	275.244	1A04EP		test passed	BLD-DR-Mechanical Equipment-vs-BLD-FF-Pipe Accessories	0	ran and found nothing
08:55:40.320	275.275	1A04EP	TESTS CREATE	test created	BLD-DR-Mechanical Equipment-vs-BLD-FF-Sprinklers	0.082	hard_conservative, 25 mm chosen in the tool is 0.082020997375 ft
08:55:40.507	275.463	1A04EP		rows for the workbook	BLD-DR-Mechanical Equipment-vs-BLD-FF-Sprinklers	0	0 in the document
08:55:40.508	275.463	1A04EP		test passed	BLD-DR-Mechanical Equipment-vs-BLD-FF-Sprinklers	0	ran and found nothing
08:55:40.539	275.495	1A04EP	TESTS CREATE	test created	BLD-DR-Pipes & Pipe Fittings-vs-BLD-AR-Floors	0.082	hard_conservative, 25 mm chosen in the tool is 0.082020997375 ft
08:55:42.645	277.601	1A04EP		rows for the workbook	BLD-DR-Pipes & Pipe Fittings-vs-BLD-AR-Floors	31	31 in the document
08:55:42.646	277.602	1A04EP		test found clashes	BLD-DR-Pipes & Pipe Fittings-vs-BLD-AR-Floors	31	ran and found clashes
08:55:42.727	277.683	1A04EP	TESTS CREATE	test created	BLD-DR-Pipes & Pipe Fittings-vs-BLD-AR-Stairs	0.082	hard_conservative, 25 mm chosen in the tool is 0.082020997375 ft
08:55:42.884	277.840	1A04EP		rows for the workbook	BLD-DR-Pipes & Pipe Fittings-vs-BLD-AR-Stairs	0	0 in the document
08:55:42.885	277.841	1A04EP		test passed	BLD-DR-Pipes & Pipe Fittings-vs-BLD-AR-Stairs	0	ran and found nothing
08:55:42.915	277.871	1A04EP	TESTS CREATE	test created	BLD-DR-Pipes & Pipe Fittings-vs-BLD-AR-Ceilings	0.082	hard_conservative, 25 mm chosen in the tool is 0.082020997375 ft
08:55:43.071	278.026	1A04EP		rows for the workbook	BLD-DR-Pipes & Pipe Fittings-vs-BLD-AR-Ceilings	0	0 in the document
08:55:43.071	278.027	1A04EP		test passed	BLD-DR-Pipes & Pipe Fittings-vs-BLD-AR-Ceilings	0	ran and found nothing
08:55:43.102	278.057	1A04EP	TESTS CREATE	test created	BLD-DR-Pipes & Pipe Fittings-vs-BLD-AR-Walls	0.082	hard_conservative, 25 mm chosen in the tool is 0.082020997375 ft
08:55:49.353	284.309	1A04EP		rows for the workbook	BLD-DR-Pipes & Pipe Fittings-vs-BLD-AR-Walls	110	110 in the document
08:55:49.354	284.310	1A04EP		test found clashes	BLD-DR-Pipes & Pipe Fittings-vs-BLD-AR-Walls	110	ran and found clashes
08:55:49.410	284.365	1A04EP	TESTS CREATE	test created	BLD-DR-Pipes & Pipe Fittings-vs-BLD-AR-Windows	0.082	hard_conservative, 25 mm chosen in the tool is 0.082020997375 ft
08:55:49.581	284.536	1A04EP		rows for the workbook	BLD-DR-Pipes & Pipe Fittings-vs-BLD-AR-Windows	0	0 in the document
08:55:49.582	284.537	1A04EP		test passed	BLD-DR-Pipes & Pipe Fittings-vs-BLD-AR-Windows	0	ran and found nothing
08:55:49.614	284.569	1A04EP	TESTS CREATE	test created	BLD-DR-Pipes & Pipe Fittings-vs-BLD-AR-Curtain Panels	0.082	hard_conservative, 25 mm chosen in the tool is 0.082020997375 ft
08:55:49.781	284.736	1A04EP		rows for the workbook	BLD-DR-Pipes & Pipe Fittings-vs-BLD-AR-Curtain Panels	0	0 in the document
08:55:49.782	284.737	1A04EP		test passed	BLD-DR-Pipes & Pipe Fittings-vs-BLD-AR-Curtain Panels	0	ran and found nothing
08:55:49.816	284.772	1A04EP	TESTS CREATE	test created	BLD-DR-Pipes & Pipe Fittings-vs-BLD-AR-Curtain Mullions	0.082	hard_conservative, 25 mm chosen in the tool is 0.082020997375 ft
08:55:49.988	284.943	1A04EP		rows for the workbook	BLD-DR-Pipes & Pipe Fittings-vs-BLD-AR-Curtain Mullions	0	0 in the document
08:55:49.989	284.944	1A04EP		test passed	BLD-DR-Pipes & Pipe Fittings-vs-BLD-AR-Curtain Mullions	0	ran and found nothing
08:55:50.018	284.974	1A04EP	TESTS CREATE	test created	BLD-DR-Pipes & Pipe Fittings-vs-BLD-AR-Doors	0.082	hard_conservative, 25 mm chosen in the tool is 0.082020997375 ft
08:55:50.189	285.145	1A04EP		rows for the workbook	BLD-DR-Pipes & Pipe Fittings-vs-BLD-AR-Doors	0	0 in the document
08:55:50.191	285.146	1A04EP		test passed	BLD-DR-Pipes & Pipe Fittings-vs-BLD-AR-Doors	0	ran and found nothing
08:55:50.220	285.176	1A04EP	TESTS CREATE	test created	BLD-DR-Pipes & Pipe Fittings-vs-BLD-AR-Furniture	0.082	hard_conservative, 25 mm chosen in the tool is 0.082020997375 ft
08:55:50.376	285.332	1A04EP		rows for the workbook	BLD-DR-Pipes & Pipe Fittings-vs-BLD-AR-Furniture	0	0 in the document
08:55:50.376	285.332	1A04EP		test passed	BLD-DR-Pipes & Pipe Fittings-vs-BLD-AR-Furniture	0	ran and found nothing
08:55:50.410	285.365	1A04EP	TESTS CREATE	test created	BLD-DR-Pipes & Pipe Fittings-vs-BLD-AR-Railings	0.082	hard_conservative, 25 mm chosen in the tool is 0.082020997375 ft
08:55:50.565	285.521	1A04EP		rows for the workbook	BLD-DR-Pipes & Pipe Fittings-vs-BLD-AR-Railings	0	0 in the document
08:55:50.566	285.522	1A04EP		test passed	BLD-DR-Pipes & Pipe Fittings-vs-BLD-AR-Railings	0	ran and found nothing
08:55:50.597	285.552	1A04EP	TESTS CREATE	test created	BLD-DR-Pipes & Pipe Fittings-vs-BLD-ST-Foundation	0.082	hard_conservative, 25 mm chosen in the tool is 0.082020997375 ft
08:55:50.783	285.738	1A04EP		rows for the workbook	BLD-DR-Pipes & Pipe Fittings-vs-BLD-ST-Foundation	0	0 in the document
08:55:50.784	285.739	1A04EP		test passed	BLD-DR-Pipes & Pipe Fittings-vs-BLD-ST-Foundation	0	ran and found nothing
08:55:50.817	285.772	1A04EP	TESTS CREATE	test created	BLD-DR-Pipes & Pipe Fittings-vs-BLD-ST-Columns	0.082	hard_conservative, 25 mm chosen in the tool is 0.082020997375 ft
08:55:51.006	285.961	1A04EP		rows for the workbook	BLD-DR-Pipes & Pipe Fittings-vs-BLD-ST-Columns	0	0 in the document
08:55:51.007	285.962	1A04EP		test passed	BLD-DR-Pipes & Pipe Fittings-vs-BLD-ST-Columns	0	ran and found nothing
08:55:51.036	285.991	1A04EP	TESTS CREATE	test created	BLD-DR-Pipes & Pipe Fittings-vs-BLD-ST-Framing	0.082	hard_conservative, 25 mm chosen in the tool is 0.082020997375 ft
08:55:51.207	286.163	1A04EP		rows for the workbook	BLD-DR-Pipes & Pipe Fittings-vs-BLD-ST-Framing	0	0 in the document
08:55:51.208	286.164	1A04EP		test passed	BLD-DR-Pipes & Pipe Fittings-vs-BLD-ST-Framing	0	ran and found nothing
08:55:51.238	286.193	1A04EP	TESTS CREATE	test created	BLD-DR-Pipes & Pipe Fittings-vs-BLD-ST-Walls	0.082	hard_conservative, 25 mm chosen in the tool is 0.082020997375 ft
08:55:51.399	286.354	1A04EP		rows for the workbook	BLD-DR-Pipes & Pipe Fittings-vs-BLD-ST-Walls	0	0 in the document
08:55:51.400	286.355	1A04EP		test passed	BLD-DR-Pipes & Pipe Fittings-vs-BLD-ST-Walls	0	ran and found nothing
08:55:51.438	286.394	1A04EP	TESTS CREATE	test created	BLD-DR-Pipes & Pipe Fittings-vs-BLD-ST-Floors	0.082	hard_conservative, 25 mm chosen in the tool is 0.082020997375 ft
08:55:51.612	286.567	1A04EP		rows for the workbook	BLD-DR-Pipes & Pipe Fittings-vs-BLD-ST-Floors	0	0 in the document
08:55:51.612	286.568	1A04EP		test passed	BLD-DR-Pipes & Pipe Fittings-vs-BLD-ST-Floors	0	ran and found nothing
08:55:51.644	286.599	1A04EP	TESTS CREATE	test created	BLD-DR-Pipes & Pipe Fittings-vs-BLD-ST-Stair	0.082	hard_conservative, 25 mm chosen in the tool is 0.082020997375 ft
08:55:51.815	286.771	1A04EP		rows for the workbook	BLD-DR-Pipes & Pipe Fittings-vs-BLD-ST-Stair	0	0 in the document
08:55:51.816	286.771	1A04EP		test passed	BLD-DR-Pipes & Pipe Fittings-vs-BLD-ST-Stair	0	ran and found nothing
08:55:51.846	286.802	1A04EP	TESTS CREATE	test created	BLD-DR-Pipes & Pipe Fittings-vs-BLD-ME-Ducts&Duct Fittings	0.082	hard_conservative, 25 mm chosen in the tool is 0.082020997375 ft
08:55:52.018	286.973	1A04EP		rows for the workbook	BLD-DR-Pipes & Pipe Fittings-vs-BLD-ME-Ducts&Duct Fittings	0	0 in the document
08:55:52.019	286.974	1A04EP		test passed	BLD-DR-Pipes & Pipe Fittings-vs-BLD-ME-Ducts&Duct Fittings	0	ran and found nothing
08:55:52.050	287.005	1A04EP	TESTS CREATE	test created	BLD-DR-Pipes & Pipe Fittings-vs-BLD-ME-Duct Accessory	0.082	hard_conservative, 25 mm chosen in the tool is 0.082020997375 ft
08:55:52.221	287.176	1A04EP		rows for the workbook	BLD-DR-Pipes & Pipe Fittings-vs-BLD-ME-Duct Accessory	0	0 in the document
08:55:52.222	287.177	1A04EP		test passed	BLD-DR-Pipes & Pipe Fittings-vs-BLD-ME-Duct Accessory	0	ran and found nothing
08:55:52.252	287.208	1A04EP	TESTS CREATE	test created	BLD-DR-Pipes & Pipe Fittings-vs-BLD-ME-Mechanical Equipment	0.082	hard_conservative, 25 mm chosen in the tool is 0.082020997375 ft
08:55:52.573	287.528	1A04EP		rows for the workbook	BLD-DR-Pipes & Pipe Fittings-vs-BLD-ME-Mechanical Equipment	4	4 in the document
08:55:52.573	287.529	1A04EP		test found clashes	BLD-DR-Pipes & Pipe Fittings-vs-BLD-ME-Mechanical Equipment	4	ran and found clashes
08:55:52.611	287.566	1A04EP	TESTS CREATE	test created	BLD-DR-Pipes & Pipe Fittings-vs-BLD-ME-Air Terminals	0.082	hard_conservative, 25 mm chosen in the tool is 0.082020997375 ft
08:55:52.781	287.736	1A04EP		rows for the workbook	BLD-DR-Pipes & Pipe Fittings-vs-BLD-ME-Air Terminals	0	0 in the document
08:55:52.781	287.737	1A04EP		test passed	BLD-DR-Pipes & Pipe Fittings-vs-BLD-ME-Air Terminals	0	ran and found nothing
08:55:52.812	287.768	1A04EP	TESTS CREATE	test created	BLD-DR-Pipes & Pipe Fittings-vs-BLD-FF-Pipes & Pipe Fittings	0.082	hard_conservative, 25 mm chosen in the tool is 0.082020997375 ft
08:55:52.984	287.940	1A04EP		rows for the workbook	BLD-DR-Pipes & Pipe Fittings-vs-BLD-FF-Pipes & Pipe Fittings	0	0 in the document
08:55:52.985	287.941	1A04EP		test passed	BLD-DR-Pipes & Pipe Fittings-vs-BLD-FF-Pipes & Pipe Fittings	0	ran and found nothing
08:55:53.031	287.986	1A04EP	TESTS CREATE	test created	BLD-DR-Pipes & Pipe Fittings-vs-BLD-FF-Pipe Accessories	0.082	hard_conservative, 25 mm chosen in the tool is 0.082020997375 ft
08:55:53.194	288.149	1A04EP		rows for the workbook	BLD-DR-Pipes & Pipe Fittings-vs-BLD-FF-Pipe Accessories	0	0 in the document
08:55:53.194	288.150	1A04EP		test passed	BLD-DR-Pipes & Pipe Fittings-vs-BLD-FF-Pipe Accessories	0	ran and found nothing
08:55:53.232	288.188	1A04EP	TESTS CREATE	test created	BLD-DR-Pipes & Pipe Fittings-vs-BLD-FF-Sprinklers	0.082	hard_conservative, 25 mm chosen in the tool is 0.082020997375 ft
08:55:53.396	288.351	1A04EP		rows for the workbook	BLD-DR-Pipes & Pipe Fittings-vs-BLD-FF-Sprinklers	0	0 in the document
08:55:53.397	288.352	1A04EP		test passed	BLD-DR-Pipes & Pipe Fittings-vs-BLD-FF-Sprinklers	0	ran and found nothing
08:55:53.450	288.405	1A04EP	TESTS CREATE	test created	BLD-DR-Pipes & Pipe Fittings-vs-BLD-DR-Mechanical Equipment	0.082	hard_conservative, 25 mm chosen in the tool is 0.082020997375 ft
08:55:53.717	288.673	1A04EP		rows for the workbook	BLD-DR-Pipes & Pipe Fittings-vs-BLD-DR-Mechanical Equipment	2	2 in the document
08:55:53.718	288.674	1A04EP		test found clashes	BLD-DR-Pipes & Pipe Fittings-vs-BLD-DR-Mechanical Equipment	2	ran and found clashes
08:55:53.778	288.734	1A04EP	TESTS CREATE	test created	BLD-DR-Pipe Accessories-vs-BLD-AR-Floors	0.082	hard_conservative, 25 mm chosen in the tool is 0.082020997375 ft
08:55:53.984	288.940	1A04EP		rows for the workbook	BLD-DR-Pipe Accessories-vs-BLD-AR-Floors	1	1 in the document
08:55:53.985	288.941	1A04EP		test found clashes	BLD-DR-Pipe Accessories-vs-BLD-AR-Floors	1	ran and found clashes
08:55:54.042	288.998	1A04EP	TESTS CREATE	test created	BLD-DR-Pipe Accessories-vs-BLD-AR-Stairs	0.082	hard_conservative, 25 mm chosen in the tool is 0.082020997375 ft
08:55:54.191	289.147	1A04EP		rows for the workbook	BLD-DR-Pipe Accessories-vs-BLD-AR-Stairs	0	0 in the document
08:55:54.191	289.148	1A04EP		test passed	BLD-DR-Pipe Accessories-vs-BLD-AR-Stairs	0	ran and found nothing
08:55:54.229	289.185	1A04EP	TESTS CREATE	test created	BLD-DR-Pipe Accessories-vs-BLD-AR-Ceilings	0.082	hard_conservative, 25 mm chosen in the tool is 0.082020997375 ft
08:55:54.375	289.330	1A04EP		rows for the workbook	BLD-DR-Pipe Accessories-vs-BLD-AR-Ceilings	0	0 in the document
08:55:54.376	289.331	1A04EP		test passed	BLD-DR-Pipe Accessories-vs-BLD-AR-Ceilings	0	ran and found nothing
08:55:54.417	289.372	1A04EP	TESTS CREATE	test created	BLD-DR-Pipe Accessories-vs-BLD-AR-Walls	0.082	hard_conservative, 25 mm chosen in the tool is 0.082020997375 ft
08:55:54.569	289.524	1A04EP		rows for the workbook	BLD-DR-Pipe Accessories-vs-BLD-AR-Walls	0	0 in the document
08:55:54.570	289.525	1A04EP		test passed	BLD-DR-Pipe Accessories-vs-BLD-AR-Walls	0	ran and found nothing
08:55:54.604	289.560	1A04EP	TESTS CREATE	test created	BLD-DR-Pipe Accessories-vs-BLD-AR-Windows	0.082	hard_conservative, 25 mm chosen in the tool is 0.082020997375 ft
08:55:54.752	289.708	1A04EP		rows for the workbook	BLD-DR-Pipe Accessories-vs-BLD-AR-Windows	0	0 in the document
08:55:54.753	289.709	1A04EP		test passed	BLD-DR-Pipe Accessories-vs-BLD-AR-Windows	0	ran and found nothing
08:55:54.792	289.747	1A04EP	TESTS CREATE	test created	BLD-DR-Pipe Accessories-vs-BLD-AR-Curtain Panels	0.082	hard_conservative, 25 mm chosen in the tool is 0.082020997375 ft
08:55:54.943	289.898	1A04EP		rows for the workbook	BLD-DR-Pipe Accessories-vs-BLD-AR-Curtain Panels	0	0 in the document
08:55:54.943	289.899	1A04EP		test passed	BLD-DR-Pipe Accessories-vs-BLD-AR-Curtain Panels	0	ran and found nothing
08:55:54.980	289.936	1A04EP	TESTS CREATE	test created	BLD-DR-Pipe Accessories-vs-BLD-AR-Curtain Mullions	0.082	hard_conservative, 25 mm chosen in the tool is 0.082020997375 ft
08:55:55.127	290.083	1A04EP		rows for the workbook	BLD-DR-Pipe Accessories-vs-BLD-AR-Curtain Mullions	0	0 in the document
08:55:55.128	290.083	1A04EP		test passed	BLD-DR-Pipe Accessories-vs-BLD-AR-Curtain Mullions	0	ran and found nothing
08:55:55.167	290.123	1A04EP	TESTS CREATE	test created	BLD-DR-Pipe Accessories-vs-BLD-AR-Doors	0.082	hard_conservative, 25 mm chosen in the tool is 0.082020997375 ft
08:55:55.316	290.271	1A04EP		rows for the workbook	BLD-DR-Pipe Accessories-vs-BLD-AR-Doors	0	0 in the document
08:55:55.316	290.272	1A04EP		test passed	BLD-DR-Pipe Accessories-vs-BLD-AR-Doors	0	ran and found nothing
08:55:55.354	290.310	1A04EP	TESTS CREATE	test created	BLD-DR-Pipe Accessories-vs-BLD-AR-Furniture	0.082	hard_conservative, 25 mm chosen in the tool is 0.082020997375 ft
08:55:55.502	290.457	1A04EP		rows for the workbook	BLD-DR-Pipe Accessories-vs-BLD-AR-Furniture	0	0 in the document
08:55:55.502	290.458	1A04EP		test passed	BLD-DR-Pipe Accessories-vs-BLD-AR-Furniture	0	ran and found nothing
08:55:55.543	290.499	1A04EP	TESTS CREATE	test created	BLD-DR-Pipe Accessories-vs-BLD-AR-Railings	0.082	hard_conservative, 25 mm chosen in the tool is 0.082020997375 ft
08:55:55.695	290.651	1A04EP		rows for the workbook	BLD-DR-Pipe Accessories-vs-BLD-AR-Railings	0	0 in the document
08:55:55.696	290.651	1A04EP		test passed	BLD-DR-Pipe Accessories-vs-BLD-AR-Railings	0	ran and found nothing
08:55:55.750	290.706	1A04EP	TESTS CREATE	test created	BLD-DR-Pipe Accessories-vs-BLD-ST-Foundation	0.082	hard_conservative, 25 mm chosen in the tool is 0.082020997375 ft
08:55:55.922	290.877	1A04EP		rows for the workbook	BLD-DR-Pipe Accessories-vs-BLD-ST-Foundation	0	0 in the document
08:55:55.923	290.878	1A04EP		test passed	BLD-DR-Pipe Accessories-vs-BLD-ST-Foundation	0	ran and found nothing
08:55:55.954	290.909	1A04EP	TESTS CREATE	test created	BLD-DR-Pipe Accessories-vs-BLD-ST-Columns	0.082	hard_conservative, 25 mm chosen in the tool is 0.082020997375 ft
08:55:56.112	291.068	1A04EP		rows for the workbook	BLD-DR-Pipe Accessories-vs-BLD-ST-Columns	0	0 in the document
08:55:56.113	291.069	1A04EP		test passed	BLD-DR-Pipe Accessories-vs-BLD-ST-Columns	0	ran and found nothing
08:55:56.170	291.126	1A04EP	TESTS CREATE	test created	BLD-DR-Pipe Accessories-vs-BLD-ST-Framing	0.082	hard_conservative, 25 mm chosen in the tool is 0.082020997375 ft
08:55:56.338	291.293	1A04EP		rows for the workbook	BLD-DR-Pipe Accessories-vs-BLD-ST-Framing	0	0 in the document
08:55:56.338	291.294	1A04EP		test passed	BLD-DR-Pipe Accessories-vs-BLD-ST-Framing	0	ran and found nothing
08:55:56.390	291.345	1A04EP	TESTS CREATE	test created	BLD-DR-Pipe Accessories-vs-BLD-ST-Walls	0.082	hard_conservative, 25 mm chosen in the tool is 0.082020997375 ft
08:55:56.562	291.517	1A04EP		rows for the workbook	BLD-DR-Pipe Accessories-vs-BLD-ST-Walls	0	0 in the document
08:55:56.563	291.518	1A04EP		test passed	BLD-DR-Pipe Accessories-vs-BLD-ST-Walls	0	ran and found nothing
08:55:56.624	291.580	1A04EP	TESTS CREATE	test created	BLD-DR-Pipe Accessories-vs-BLD-ST-Floors	0.082	hard_conservative, 25 mm chosen in the tool is 0.082020997375 ft
08:55:56.789	291.744	1A04EP		rows for the workbook	BLD-DR-Pipe Accessories-vs-BLD-ST-Floors	0	0 in the document
08:55:56.790	291.745	1A04EP		test passed	BLD-DR-Pipe Accessories-vs-BLD-ST-Floors	0	ran and found nothing
08:55:56.842	291.798	1A04EP	TESTS CREATE	test created	BLD-DR-Pipe Accessories-vs-BLD-ST-Stair	0.082	hard_conservative, 25 mm chosen in the tool is 0.082020997375 ft
08:55:57.008	291.963	1A04EP		rows for the workbook	BLD-DR-Pipe Accessories-vs-BLD-ST-Stair	0	0 in the document
08:55:57.009	291.964	1A04EP		test passed	BLD-DR-Pipe Accessories-vs-BLD-ST-Stair	0	ran and found nothing
08:55:57.044	291.999	1A04EP	TESTS CREATE	test created	BLD-DR-Pipe Accessories-vs-BLD-ME-Ducts&Duct Fittings	0.082	hard_conservative, 25 mm chosen in the tool is 0.082020997375 ft
08:55:57.192	292.147	1A04EP		rows for the workbook	BLD-DR-Pipe Accessories-vs-BLD-ME-Ducts&Duct Fittings	0	0 in the document
08:55:57.192	292.148	1A04EP		test passed	BLD-DR-Pipe Accessories-vs-BLD-ME-Ducts&Duct Fittings	0	ran and found nothing
08:55:57.231	292.187	1A04EP	TESTS CREATE	test created	BLD-DR-Pipe Accessories-vs-BLD-ME-Duct Accessory	0.082	hard_conservative, 25 mm chosen in the tool is 0.082020997375 ft
08:55:57.381	292.337	1A04EP		rows for the workbook	BLD-DR-Pipe Accessories-vs-BLD-ME-Duct Accessory	0	0 in the document
08:55:57.382	292.338	1A04EP		test passed	BLD-DR-Pipe Accessories-vs-BLD-ME-Duct Accessory	0	ran and found nothing
08:55:57.418	292.374	1A04EP	TESTS CREATE	test created	BLD-DR-Pipe Accessories-vs-BLD-ME-Mechanical Equipment	0.082	hard_conservative, 25 mm chosen in the tool is 0.082020997375 ft
08:55:57.569	292.524	1A04EP		rows for the workbook	BLD-DR-Pipe Accessories-vs-BLD-ME-Mechanical Equipment	0	0 in the document
08:55:57.570	292.525	1A04EP		test passed	BLD-DR-Pipe Accessories-vs-BLD-ME-Mechanical Equipment	0	ran and found nothing
08:55:57.607	292.562	1A04EP	TESTS CREATE	test created	BLD-DR-Pipe Accessories-vs-BLD-ME-Air Terminals	0.082	hard_conservative, 25 mm chosen in the tool is 0.082020997375 ft
08:55:57.773	292.728	1A04EP		rows for the workbook	BLD-DR-Pipe Accessories-vs-BLD-ME-Air Terminals	0	0 in the document
08:55:57.773	292.729	1A04EP		test passed	BLD-DR-Pipe Accessories-vs-BLD-ME-Air Terminals	0	ran and found nothing
08:55:57.808	292.764	1A04EP	TESTS CREATE	test created	BLD-DR-Pipe Accessories-vs-BLD-FF-Pipes & Pipe Fittings	0.082	hard_conservative, 25 mm chosen in the tool is 0.082020997375 ft
08:55:57.965	292.920	1A04EP		rows for the workbook	BLD-DR-Pipe Accessories-vs-BLD-FF-Pipes & Pipe Fittings	0	0 in the document
08:55:57.966	292.921	1A04EP		test passed	BLD-DR-Pipe Accessories-vs-BLD-FF-Pipes & Pipe Fittings	0	ran and found nothing
08:55:57.995	292.951	1A04EP	TESTS CREATE	test created	BLD-DR-Pipe Accessories-vs-BLD-FF-Pipe Accessories	0.082	hard_conservative, 25 mm chosen in the tool is 0.082020997375 ft
08:55:58.145	293.100	1A04EP		rows for the workbook	BLD-DR-Pipe Accessories-vs-BLD-FF-Pipe Accessories	0	0 in the document
08:55:58.146	293.101	1A04EP		test passed	BLD-DR-Pipe Accessories-vs-BLD-FF-Pipe Accessories	0	ran and found nothing
08:55:58.183	293.139	1A04EP	TESTS CREATE	test created	BLD-DR-Pipe Accessories-vs-BLD-FF-Sprinklers	0.082	hard_conservative, 25 mm chosen in the tool is 0.082020997375 ft
08:55:58.332	293.287	1A04EP		rows for the workbook	BLD-DR-Pipe Accessories-vs-BLD-FF-Sprinklers	0	0 in the document
08:55:58.333	293.288	1A04EP		test passed	BLD-DR-Pipe Accessories-vs-BLD-FF-Sprinklers	0	ran and found nothing
08:55:58.374	293.329	1A04EP	TESTS CREATE	test created	BLD-DR-Pipe Accessories-vs-BLD-DR-Mechanical Equipment	0.082	hard_conservative, 25 mm chosen in the tool is 0.082020997375 ft
08:55:58.538	293.494	1A04EP		rows for the workbook	BLD-DR-Pipe Accessories-vs-BLD-DR-Mechanical Equipment	0	0 in the document
08:55:58.541	293.496	1A04EP		test passed	BLD-DR-Pipe Accessories-vs-BLD-DR-Mechanical Equipment	0	ran and found nothing
08:55:58.594	293.549	1A04EP	TESTS CREATE	test created	BLD-DR-Pipe Accessories-vs-BLD-DR-Pipes & Pipe Fittings	0.082	hard_conservative, 25 mm chosen in the tool is 0.082020997375 ft
08:55:58.753	293.708	1A04EP		rows for the workbook	BLD-DR-Pipe Accessories-vs-BLD-DR-Pipes & Pipe Fittings	0	0 in the document
08:55:58.754	293.709	1A04EP		test passed	BLD-DR-Pipe Accessories-vs-BLD-DR-Pipes & Pipe Fittings	0	ran and found nothing
08:55:58.781	293.737	1A04EP	TESTS CREATE	test created	BLD-DR-Plumbing Fixtures-vs-BLD-AR-Floors	0.082	hard_conservative, 25 mm chosen in the tool is 0.082020997375 ft
08:55:59.178	294.134	1A04EP		rows for the workbook	BLD-DR-Plumbing Fixtures-vs-BLD-AR-Floors	4	4 in the document
08:55:59.179	294.134	1A04EP		test found clashes	BLD-DR-Plumbing Fixtures-vs-BLD-AR-Floors	4	ran and found clashes
08:55:59.221	294.177	1A04EP	TESTS CREATE	test created	BLD-DR-Plumbing Fixtures-vs-BLD-AR-Stairs	0.082	hard_conservative, 25 mm chosen in the tool is 0.082020997375 ft
08:55:59.391	294.347	1A04EP		rows for the workbook	BLD-DR-Plumbing Fixtures-vs-BLD-AR-Stairs	0	0 in the document
08:55:59.392	294.348	1A04EP		test passed	BLD-DR-Plumbing Fixtures-vs-BLD-AR-Stairs	0	ran and found nothing
08:55:59.423	294.379	1A04EP	TESTS CREATE	test created	BLD-DR-Plumbing Fixtures-vs-BLD-AR-Ceilings	0.082	hard_conservative, 25 mm chosen in the tool is 0.082020997375 ft
08:55:59.595	294.551	1A04EP		rows for the workbook	BLD-DR-Plumbing Fixtures-vs-BLD-AR-Ceilings	0	0 in the document
08:55:59.596	294.552	1A04EP		test passed	BLD-DR-Plumbing Fixtures-vs-BLD-AR-Ceilings	0	ran and found nothing
08:55:59.628	294.583	1A04EP	TESTS CREATE	test created	BLD-DR-Plumbing Fixtures-vs-BLD-AR-Walls	0.082	hard_conservative, 25 mm chosen in the tool is 0.082020997375 ft
08:55:59.784	294.739	1A04EP		rows for the workbook	BLD-DR-Plumbing Fixtures-vs-BLD-AR-Walls	0	0 in the document
08:55:59.785	294.740	1A04EP		test passed	BLD-DR-Plumbing Fixtures-vs-BLD-AR-Walls	0	ran and found nothing
08:55:59.813	294.769	1A04EP	TESTS CREATE	test created	BLD-DR-Plumbing Fixtures-vs-BLD-AR-Windows	0.082	hard_conservative, 25 mm chosen in the tool is 0.082020997375 ft
08:55:59.968	294.924	1A04EP		rows for the workbook	BLD-DR-Plumbing Fixtures-vs-BLD-AR-Windows	0	0 in the document
08:55:59.969	294.925	1A04EP		test passed	BLD-DR-Plumbing Fixtures-vs-BLD-AR-Windows	0	ran and found nothing
08:56:00.031	294.987	1A04EP	TESTS CREATE	test created	BLD-DR-Plumbing Fixtures-vs-BLD-AR-Curtain Panels	0.082	hard_conservative, 25 mm chosen in the tool is 0.082020997375 ft
08:56:00.197	295.153	1A04EP		rows for the workbook	BLD-DR-Plumbing Fixtures-vs-BLD-AR-Curtain Panels	0	0 in the document
08:56:00.198	295.153	1A04EP		test passed	BLD-DR-Plumbing Fixtures-vs-BLD-AR-Curtain Panels	0	ran and found nothing
08:56:00.236	295.191	1A04EP	TESTS CREATE	test created	BLD-DR-Plumbing Fixtures-vs-BLD-AR-Curtain Mullions	0.082	hard_conservative, 25 mm chosen in the tool is 0.082020997375 ft
08:56:00.408	295.364	1A04EP		rows for the workbook	BLD-DR-Plumbing Fixtures-vs-BLD-AR-Curtain Mullions	0	0 in the document
08:56:00.409	295.364	1A04EP		test passed	BLD-DR-Plumbing Fixtures-vs-BLD-AR-Curtain Mullions	0	ran and found nothing
08:56:00.440	295.396	1A04EP	TESTS CREATE	test created	BLD-DR-Plumbing Fixtures-vs-BLD-AR-Doors	0.082	hard_conservative, 25 mm chosen in the tool is 0.082020997375 ft
08:56:00.610	295.565	1A04EP		rows for the workbook	BLD-DR-Plumbing Fixtures-vs-BLD-AR-Doors	0	0 in the document
08:56:00.610	295.566	1A04EP		test passed	BLD-DR-Plumbing Fixtures-vs-BLD-AR-Doors	0	ran and found nothing
08:56:00.641	295.597	1A04EP	TESTS CREATE	test created	BLD-DR-Plumbing Fixtures-vs-BLD-AR-Furniture	0.082	hard_conservative, 25 mm chosen in the tool is 0.082020997375 ft
08:56:00.816	295.771	1A04EP		rows for the workbook	BLD-DR-Plumbing Fixtures-vs-BLD-AR-Furniture	0	0 in the document
08:56:00.816	295.772	1A04EP		test passed	BLD-DR-Plumbing Fixtures-vs-BLD-AR-Furniture	0	ran and found nothing
08:56:00.846	295.802	1A04EP	TESTS CREATE	test created	BLD-DR-Plumbing Fixtures-vs-BLD-AR-Railings	0.082	hard_conservative, 25 mm chosen in the tool is 0.082020997375 ft
08:56:01.020	295.975	1A04EP		rows for the workbook	BLD-DR-Plumbing Fixtures-vs-BLD-AR-Railings	0	0 in the document
08:56:01.021	295.976	1A04EP		test passed	BLD-DR-Plumbing Fixtures-vs-BLD-AR-Railings	0	ran and found nothing
08:56:01.052	296.007	1A04EP	TESTS CREATE	test created	BLD-DR-Plumbing Fixtures-vs-BLD-ST-Foundation	0.082	hard_conservative, 25 mm chosen in the tool is 0.082020997375 ft
08:56:01.223	296.178	1A04EP		rows for the workbook	BLD-DR-Plumbing Fixtures-vs-BLD-ST-Foundation	0	0 in the document
08:56:01.224	296.179	1A04EP		test passed	BLD-DR-Plumbing Fixtures-vs-BLD-ST-Foundation	0	ran and found nothing
08:56:01.255	296.210	1A04EP	TESTS CREATE	test created	BLD-DR-Plumbing Fixtures-vs-BLD-ST-Columns	0.082	hard_conservative, 25 mm chosen in the tool is 0.082020997375 ft
08:56:01.424	296.380	1A04EP		rows for the workbook	BLD-DR-Plumbing Fixtures-vs-BLD-ST-Columns	0	0 in the document
08:56:01.424	296.381	1A04EP		test passed	BLD-DR-Plumbing Fixtures-vs-BLD-ST-Columns	0	ran and found nothing
08:56:01.456	296.412	1A04EP	TESTS CREATE	test created	BLD-DR-Plumbing Fixtures-vs-BLD-ST-Framing	0.082	hard_conservative, 25 mm chosen in the tool is 0.082020997375 ft
08:56:01.628	296.583	1A04EP		rows for the workbook	BLD-DR-Plumbing Fixtures-vs-BLD-ST-Framing	0	0 in the document
08:56:01.629	296.584	1A04EP		test passed	BLD-DR-Plumbing Fixtures-vs-BLD-ST-Framing	0	ran and found nothing
08:56:01.658	296.614	1A04EP	TESTS CREATE	test created	BLD-DR-Plumbing Fixtures-vs-BLD-ST-Walls	0.082	hard_conservative, 25 mm chosen in the tool is 0.082020997375 ft
08:56:01.830	296.785	1A04EP		rows for the workbook	BLD-DR-Plumbing Fixtures-vs-BLD-ST-Walls	0	0 in the document
08:56:01.831	296.786	1A04EP		test passed	BLD-DR-Plumbing Fixtures-vs-BLD-ST-Walls	0	ran and found nothing
08:56:01.861	296.817	1A04EP	TESTS CREATE	test created	BLD-DR-Plumbing Fixtures-vs-BLD-ST-Floors	0.082	hard_conservative, 25 mm chosen in the tool is 0.082020997375 ft
08:56:02.034	296.989	1A04EP		rows for the workbook	BLD-DR-Plumbing Fixtures-vs-BLD-ST-Floors	0	0 in the document
08:56:02.035	296.990	1A04EP		test passed	BLD-DR-Plumbing Fixtures-vs-BLD-ST-Floors	0	ran and found nothing
08:56:02.065	297.021	1A04EP	TESTS CREATE	test created	BLD-DR-Plumbing Fixtures-vs-BLD-ST-Stair	0.082	hard_conservative, 25 mm chosen in the tool is 0.082020997375 ft
08:56:02.236	297.192	1A04EP		rows for the workbook	BLD-DR-Plumbing Fixtures-vs-BLD-ST-Stair	0	0 in the document
08:56:02.237	297.192	1A04EP		test passed	BLD-DR-Plumbing Fixtures-vs-BLD-ST-Stair	0	ran and found nothing
08:56:02.268	297.224	1A04EP	TESTS CREATE	test created	BLD-DR-Plumbing Fixtures-vs-BLD-ME-Ducts&Duct Fittings	0.082	hard_conservative, 25 mm chosen in the tool is 0.082020997375 ft
08:56:02.442	297.397	1A04EP		rows for the workbook	BLD-DR-Plumbing Fixtures-vs-BLD-ME-Ducts&Duct Fittings	0	0 in the document
08:56:02.443	297.398	1A04EP		test passed	BLD-DR-Plumbing Fixtures-vs-BLD-ME-Ducts&Duct Fittings	0	ran and found nothing
08:56:02.474	297.429	1A04EP	TESTS CREATE	test created	BLD-DR-Plumbing Fixtures-vs-BLD-ME-Duct Accessory	0.082	hard_conservative, 25 mm chosen in the tool is 0.082020997375 ft
08:56:02.646	297.602	1A04EP		rows for the workbook	BLD-DR-Plumbing Fixtures-vs-BLD-ME-Duct Accessory	0	0 in the document
08:56:02.647	297.603	1A04EP		test passed	BLD-DR-Plumbing Fixtures-vs-BLD-ME-Duct Accessory	0	ran and found nothing
08:56:02.679	297.634	1A04EP	TESTS CREATE	test created	BLD-DR-Plumbing Fixtures-vs-BLD-ME-Mechanical Equipment	0.082	hard_conservative, 25 mm chosen in the tool is 0.082020997375 ft
08:56:02.883	297.838	1A04EP		rows for the workbook	BLD-DR-Plumbing Fixtures-vs-BLD-ME-Mechanical Equipment	0	0 in the document
08:56:02.884	297.839	1A04EP		test passed	BLD-DR-Plumbing Fixtures-vs-BLD-ME-Mechanical Equipment	0	ran and found nothing
08:56:02.915	297.870	1A04EP	TESTS CREATE	test created	BLD-DR-Plumbing Fixtures-vs-BLD-ME-Air Terminals	0.082	hard_conservative, 25 mm chosen in the tool is 0.082020997375 ft
08:56:03.078	298.033	1A04EP		rows for the workbook	BLD-DR-Plumbing Fixtures-vs-BLD-ME-Air Terminals	0	0 in the document
08:56:03.079	298.034	1A04EP		test passed	BLD-DR-Plumbing Fixtures-vs-BLD-ME-Air Terminals	0	ran and found nothing
08:56:03.120	298.076	1A04EP	TESTS CREATE	test created	BLD-DR-Plumbing Fixtures-vs-BLD-FF-Pipes & Pipe Fittings	0.082	hard_conservative, 25 mm chosen in the tool is 0.082020997375 ft
08:56:03.291	298.246	1A04EP		rows for the workbook	BLD-DR-Plumbing Fixtures-vs-BLD-FF-Pipes & Pipe Fittings	0	0 in the document
08:56:03.292	298.247	1A04EP		test passed	BLD-DR-Plumbing Fixtures-vs-BLD-FF-Pipes & Pipe Fittings	0	ran and found nothing
08:56:03.323	298.278	1A04EP	TESTS CREATE	test created	BLD-DR-Plumbing Fixtures-vs-BLD-FF-Pipe Accessories	0.082	hard_conservative, 25 mm chosen in the tool is 0.082020997375 ft
08:56:03.493	298.449	1A04EP		rows for the workbook	BLD-DR-Plumbing Fixtures-vs-BLD-FF-Pipe Accessories	0	0 in the document
08:56:03.495	298.450	1A04EP		test passed	BLD-DR-Plumbing Fixtures-vs-BLD-FF-Pipe Accessories	0	ran and found nothing
08:56:03.525	298.481	1A04EP	TESTS CREATE	test created	BLD-DR-Plumbing Fixtures-vs-BLD-FF-Sprinklers	0.082	hard_conservative, 25 mm chosen in the tool is 0.082020997375 ft
08:56:03.729	298.684	1A04EP		rows for the workbook	BLD-DR-Plumbing Fixtures-vs-BLD-FF-Sprinklers	0	0 in the document
08:56:03.730	298.685	1A04EP		test passed	BLD-DR-Plumbing Fixtures-vs-BLD-FF-Sprinklers	0	ran and found nothing
08:56:03.760	298.715	1A04EP	TESTS CREATE	test created	BLD-DR-Plumbing Fixtures-vs-BLD-DR-Mechanical Equipment	0.082	hard_conservative, 25 mm chosen in the tool is 0.082020997375 ft
08:56:03.922	298.877	1A04EP		rows for the workbook	BLD-DR-Plumbing Fixtures-vs-BLD-DR-Mechanical Equipment	0	0 in the document
08:56:03.923	298.878	1A04EP		test passed	BLD-DR-Plumbing Fixtures-vs-BLD-DR-Mechanical Equipment	0	ran and found nothing
08:56:03.980	298.935	1A04EP	TESTS CREATE	test created	BLD-DR-Plumbing Fixtures-vs-BLD-DR-Pipes & Pipe Fittings	0.082	hard_conservative, 25 mm chosen in the tool is 0.082020997375 ft
08:56:04.602	299.557	1A04EP		rows for the workbook	BLD-DR-Plumbing Fixtures-vs-BLD-DR-Pipes & Pipe Fittings	8	8 in the document
08:56:04.603	299.559	1A04EP		test found clashes	BLD-DR-Plumbing Fixtures-vs-BLD-DR-Pipes & Pipe Fittings	8	ran and found clashes
08:56:04.657	299.613	1A04EP	TESTS CREATE	test created	BLD-DR-Plumbing Fixtures-vs-BLD-DR-Pipe Accessories	0.082	hard_conservative, 25 mm chosen in the tool is 0.082020997375 ft
08:56:04.844	299.800	1A04EP		rows for the workbook	BLD-DR-Plumbing Fixtures-vs-BLD-DR-Pipe Accessories	0	0 in the document
08:56:04.845	299.801	1A04EP		test passed	BLD-DR-Plumbing Fixtures-vs-BLD-DR-Pipe Accessories	0	ran and found nothing
08:56:04.876	299.832	1A04EP	TESTS CREATE	test created	BLD-EL-Cable Tray&Cable Tray Fittings-vs-BLD-AR-Floors	0.082	hard_conservative, 25 mm chosen in the tool is 0.082020997375 ft
08:56:05.443	300.399	1A04EP		rows for the workbook	BLD-EL-Cable Tray&Cable Tray Fittings-vs-BLD-AR-Floors	9	9 in the document
08:56:05.444	300.400	1A04EP		test found clashes	BLD-EL-Cable Tray&Cable Tray Fittings-vs-BLD-AR-Floors	9	ran and found clashes
08:56:05.509	300.464	1A04EP	TESTS CREATE	test created	BLD-EL-Cable Tray&Cable Tray Fittings-vs-BLD-AR-Stairs	0.082	hard_conservative, 25 mm chosen in the tool is 0.082020997375 ft
08:56:05.679	300.635	1A04EP		rows for the workbook	BLD-EL-Cable Tray&Cable Tray Fittings-vs-BLD-AR-Stairs	0	0 in the document
08:56:05.697	300.653	1A04EP		test passed	BLD-EL-Cable Tray&Cable Tray Fittings-vs-BLD-AR-Stairs	0	ran and found nothing
08:56:05.742	300.697	1A04EP	TESTS CREATE	test created	BLD-EL-Cable Tray&Cable Tray Fittings-vs-BLD-AR-Ceilings	0.082	hard_conservative, 25 mm chosen in the tool is 0.082020997375 ft
08:56:05.941	300.896	1A04EP		rows for the workbook	BLD-EL-Cable Tray&Cable Tray Fittings-vs-BLD-AR-Ceilings	0	0 in the document
08:56:05.950	300.906	1A04EP		test passed	BLD-EL-Cable Tray&Cable Tray Fittings-vs-BLD-AR-Ceilings	0	ran and found nothing
08:56:05.987	300.943	1A04EP	TESTS CREATE	test created	BLD-EL-Cable Tray&Cable Tray Fittings-vs-BLD-AR-Walls	0.082	hard_conservative, 25 mm chosen in the tool is 0.082020997375 ft
08:56:08.039	302.995	1A04EP		rows for the workbook	BLD-EL-Cable Tray&Cable Tray Fittings-vs-BLD-AR-Walls	37	37 in the document
08:56:08.054	303.009	1A04EP		test found clashes	BLD-EL-Cable Tray&Cable Tray Fittings-vs-BLD-AR-Walls	37	ran and found clashes
08:56:08.116	303.072	1A04EP	TESTS CREATE	test created	BLD-EL-Cable Tray&Cable Tray Fittings-vs-BLD-AR-Windows	0.082	hard_conservative, 25 mm chosen in the tool is 0.082020997375 ft
08:56:08.313	303.268	1A04EP		rows for the workbook	BLD-EL-Cable Tray&Cable Tray Fittings-vs-BLD-AR-Windows	0	0 in the document
08:56:08.326	303.281	1A04EP		test passed	BLD-EL-Cable Tray&Cable Tray Fittings-vs-BLD-AR-Windows	0	ran and found nothing
08:56:08.380	303.336	1A04EP	TESTS CREATE	test created	BLD-EL-Cable Tray&Cable Tray Fittings-vs-BLD-AR-Curtain Panels	0.082	hard_conservative, 25 mm chosen in the tool is 0.082020997375 ft
08:56:08.711	303.667	1A04EP		rows for the workbook	BLD-EL-Cable Tray&Cable Tray Fittings-vs-BLD-AR-Curtain Panels	2	2 in the document
08:56:08.726	303.681	1A04EP		test found clashes	BLD-EL-Cable Tray&Cable Tray Fittings-vs-BLD-AR-Curtain Panels	2	ran and found clashes
08:56:08.771	303.727	1A04EP	TESTS CREATE	test created	BLD-EL-Cable Tray&Cable Tray Fittings-vs-BLD-AR-Curtain Mullions	0.082	hard_conservative, 25 mm chosen in the tool is 0.082020997375 ft
08:56:08.974	303.929	1A04EP		rows for the workbook	BLD-EL-Cable Tray&Cable Tray Fittings-vs-BLD-AR-Curtain Mullions	0	0 in the document
08:56:08.979	303.934	1A04EP		test passed	BLD-EL-Cable Tray&Cable Tray Fittings-vs-BLD-AR-Curtain Mullions	0	ran and found nothing
08:56:09.004	303.960	1A04EP	TESTS CREATE	test created	BLD-EL-Cable Tray&Cable Tray Fittings-vs-BLD-AR-Doors	0.082	hard_conservative, 25 mm chosen in the tool is 0.082020997375 ft
08:56:09.228	304.183	1A04EP		rows for the workbook	BLD-EL-Cable Tray&Cable Tray Fittings-vs-BLD-AR-Doors	0	0 in the document
08:56:09.244	304.199	1A04EP		test passed	BLD-EL-Cable Tray&Cable Tray Fittings-vs-BLD-AR-Doors	0	ran and found nothing
08:56:09.301	304.257	1A04EP	TESTS CREATE	test created	BLD-EL-Cable Tray&Cable Tray Fittings-vs-BLD-AR-Furniture	0.082	hard_conservative, 25 mm chosen in the tool is 0.082020997375 ft
08:56:09.517	304.473	1A04EP		rows for the workbook	BLD-EL-Cable Tray&Cable Tray Fittings-vs-BLD-AR-Furniture	0	0 in the document
08:56:09.532	304.487	1A04EP		test passed	BLD-EL-Cable Tray&Cable Tray Fittings-vs-BLD-AR-Furniture	0	ran and found nothing
08:56:09.566	304.522	1A04EP	TESTS CREATE	test created	BLD-EL-Cable Tray&Cable Tray Fittings-vs-BLD-AR-Railings	0.082	hard_conservative, 25 mm chosen in the tool is 0.082020997375 ft
08:56:09.785	304.741	1A04EP		rows for the workbook	BLD-EL-Cable Tray&Cable Tray Fittings-vs-BLD-AR-Railings	0	0 in the document
08:56:09.809	304.764	1A04EP		test passed	BLD-EL-Cable Tray&Cable Tray Fittings-vs-BLD-AR-Railings	0	ran and found nothing
08:56:09.848	304.804	1A04EP	TESTS CREATE	test created	BLD-EL-Cable Tray&Cable Tray Fittings-vs-BLD-ST-Foundation	0.082	hard_conservative, 25 mm chosen in the tool is 0.082020997375 ft
08:56:10.069	305.024	1A04EP		rows for the workbook	BLD-EL-Cable Tray&Cable Tray Fittings-vs-BLD-ST-Foundation	0	0 in the document
08:56:10.081	305.036	1A04EP		test passed	BLD-EL-Cable Tray&Cable Tray Fittings-vs-BLD-ST-Foundation	0	ran and found nothing
08:56:10.116	305.072	1A04EP	TESTS CREATE	test created	BLD-EL-Cable Tray&Cable Tray Fittings-vs-BLD-ST-Columns	0.082	hard_conservative, 25 mm chosen in the tool is 0.082020997375 ft
08:56:10.273	305.229	1A04EP		rows for the workbook	BLD-EL-Cable Tray&Cable Tray Fittings-vs-BLD-ST-Columns	0	0 in the document
08:56:10.273	305.229	1A04EP		test passed	BLD-EL-Cable Tray&Cable Tray Fittings-vs-BLD-ST-Columns	0	ran and found nothing
08:56:10.304	305.260	1A04EP	TESTS CREATE	test created	BLD-EL-Cable Tray&Cable Tray Fittings-vs-BLD-ST-Framing	0.082	hard_conservative, 25 mm chosen in the tool is 0.082020997375 ft
08:56:10.457	305.413	1A04EP		rows for the workbook	BLD-EL-Cable Tray&Cable Tray Fittings-vs-BLD-ST-Framing	0	0 in the document
08:56:10.458	305.414	1A04EP		test passed	BLD-EL-Cable Tray&Cable Tray Fittings-vs-BLD-ST-Framing	0	ran and found nothing
08:56:10.494	305.449	1A04EP	TESTS CREATE	test created	BLD-EL-Cable Tray&Cable Tray Fittings-vs-BLD-ST-Walls	0.082	hard_conservative, 25 mm chosen in the tool is 0.082020997375 ft
08:56:10.947	305.903	1A04EP		rows for the workbook	BLD-EL-Cable Tray&Cable Tray Fittings-vs-BLD-ST-Walls	6	6 in the document
08:56:10.948	305.904	1A04EP		test found clashes	BLD-EL-Cable Tray&Cable Tray Fittings-vs-BLD-ST-Walls	6	ran and found clashes
08:56:10.995	305.950	1A04EP	TESTS CREATE	test created	BLD-EL-Cable Tray&Cable Tray Fittings-vs-BLD-ST-Floors	0.082	hard_conservative, 25 mm chosen in the tool is 0.082020997375 ft
08:56:11.268	306.223	1A04EP		rows for the workbook	BLD-EL-Cable Tray&Cable Tray Fittings-vs-BLD-ST-Floors	2	2 in the document
08:56:11.269	306.224	1A04EP		test found clashes	BLD-EL-Cable Tray&Cable Tray Fittings-vs-BLD-ST-Floors	2	ran and found clashes
08:56:11.318	306.274	1A04EP	TESTS CREATE	test created	BLD-EL-Cable Tray&Cable Tray Fittings-vs-BLD-ST-Stair	0.082	hard_conservative, 25 mm chosen in the tool is 0.082020997375 ft
08:56:11.473	306.428	1A04EP		rows for the workbook	BLD-EL-Cable Tray&Cable Tray Fittings-vs-BLD-ST-Stair	0	0 in the document
08:56:11.474	306.429	1A04EP		test passed	BLD-EL-Cable Tray&Cable Tray Fittings-vs-BLD-ST-Stair	0	ran and found nothing
08:56:11.504	306.460	1A04EP	TESTS CREATE	test created	BLD-EL-Cable Tray&Cable Tray Fittings-vs-BLD-ME-Ducts&Duct Fittings	0.082	hard_conservative, 25 mm chosen in the tool is 0.082020997375 ft
08:56:11.808	306.763	1A04EP		rows for the workbook	BLD-EL-Cable Tray&Cable Tray Fittings-vs-BLD-ME-Ducts&Duct Fittings	3	3 in the document
08:56:11.809	306.764	1A04EP		test found clashes	BLD-EL-Cable Tray&Cable Tray Fittings-vs-BLD-ME-Ducts&Duct Fittings	3	ran and found clashes
08:56:11.861	306.816	1A04EP	TESTS CREATE	test created	BLD-EL-Cable Tray&Cable Tray Fittings-vs-BLD-ME-Duct Accessory	0.082	hard_conservative, 25 mm chosen in the tool is 0.082020997375 ft
08:56:12.064	307.020	1A04EP		rows for the workbook	BLD-EL-Cable Tray&Cable Tray Fittings-vs-BLD-ME-Duct Accessory	0	0 in the document
08:56:12.066	307.022	1A04EP		test passed	BLD-EL-Cable Tray&Cable Tray Fittings-vs-BLD-ME-Duct Accessory	0	ran and found nothing
08:56:12.097	307.052	1A04EP	TESTS CREATE	test created	BLD-EL-Cable Tray&Cable Tray Fittings-vs-BLD-ME-Mechanical Equipment	0.082	hard_conservative, 25 mm chosen in the tool is 0.082020997375 ft
08:56:12.269	307.225	1A04EP		rows for the workbook	BLD-EL-Cable Tray&Cable Tray Fittings-vs-BLD-ME-Mechanical Equipment	0	0 in the document
08:56:12.270	307.226	1A04EP		test passed	BLD-EL-Cable Tray&Cable Tray Fittings-vs-BLD-ME-Mechanical Equipment	0	ran and found nothing
08:56:12.298	307.254	1A04EP	TESTS CREATE	test created	BLD-EL-Cable Tray&Cable Tray Fittings-vs-BLD-ME-Air Terminals	0.082	hard_conservative, 25 mm chosen in the tool is 0.082020997375 ft
08:56:12.453	307.409	1A04EP		rows for the workbook	BLD-EL-Cable Tray&Cable Tray Fittings-vs-BLD-ME-Air Terminals	0	0 in the document
08:56:12.455	307.410	1A04EP		test passed	BLD-EL-Cable Tray&Cable Tray Fittings-vs-BLD-ME-Air Terminals	0	ran and found nothing
08:56:12.486	307.441	1A04EP	TESTS CREATE	test created	BLD-EL-Cable Tray&Cable Tray Fittings-vs-BLD-FF-Pipes & Pipe Fittings	0.082	hard_conservative, 25 mm chosen in the tool is 0.082020997375 ft
08:56:12.895	307.851	1A04EP		rows for the workbook	BLD-EL-Cable Tray&Cable Tray Fittings-vs-BLD-FF-Pipes & Pipe Fittings	5	5 in the document
08:56:12.896	307.852	1A04EP		test found clashes	BLD-EL-Cable Tray&Cable Tray Fittings-vs-BLD-FF-Pipes & Pipe Fittings	5	ran and found clashes
08:56:12.959	307.915	1A04EP	TESTS CREATE	test created	BLD-EL-Cable Tray&Cable Tray Fittings-vs-BLD-FF-Pipe Accessories	0.082	hard_conservative, 25 mm chosen in the tool is 0.082020997375 ft
08:56:13.113	308.069	1A04EP		rows for the workbook	BLD-EL-Cable Tray&Cable Tray Fittings-vs-BLD-FF-Pipe Accessories	0	0 in the document
08:56:13.114	308.070	1A04EP		test passed	BLD-EL-Cable Tray&Cable Tray Fittings-vs-BLD-FF-Pipe Accessories	0	ran and found nothing
08:56:13.147	308.102	1A04EP	TESTS CREATE	test created	BLD-EL-Cable Tray&Cable Tray Fittings-vs-BLD-FF-Sprinklers	0.082	hard_conservative, 25 mm chosen in the tool is 0.082020997375 ft
08:56:13.302	308.258	1A04EP		rows for the workbook	BLD-EL-Cable Tray&Cable Tray Fittings-vs-BLD-FF-Sprinklers	0	0 in the document
08:56:13.304	308.260	1A04EP		test passed	BLD-EL-Cable Tray&Cable Tray Fittings-vs-BLD-FF-Sprinklers	0	ran and found nothing
08:56:13.335	308.290	1A04EP	TESTS CREATE	test created	BLD-EL-Cable Tray&Cable Tray Fittings-vs-BLD-DR-Mechanical Equipment	0.082	hard_conservative, 25 mm chosen in the tool is 0.082020997375 ft
08:56:13.491	308.446	1A04EP		rows for the workbook	BLD-EL-Cable Tray&Cable Tray Fittings-vs-BLD-DR-Mechanical Equipment	0	0 in the document
08:56:13.492	308.447	1A04EP		test passed	BLD-EL-Cable Tray&Cable Tray Fittings-vs-BLD-DR-Mechanical Equipment	0	ran and found nothing
08:56:13.523	308.478	1A04EP	TESTS CREATE	test created	BLD-EL-Cable Tray&Cable Tray Fittings-vs-BLD-DR-Pipes & Pipe Fittings	0.082	hard_conservative, 25 mm chosen in the tool is 0.082020997375 ft
08:56:13.726	308.681	1A04EP		rows for the workbook	BLD-EL-Cable Tray&Cable Tray Fittings-vs-BLD-DR-Pipes & Pipe Fittings	1	1 in the document
08:56:13.727	308.682	1A04EP		test found clashes	BLD-EL-Cable Tray&Cable Tray Fittings-vs-BLD-DR-Pipes & Pipe Fittings	1	ran and found clashes
08:56:13.788	308.744	1A04EP	TESTS CREATE	test created	BLD-EL-Cable Tray&Cable Tray Fittings-vs-BLD-DR-Pipe Accessories	0.082	hard_conservative, 25 mm chosen in the tool is 0.082020997375 ft
08:56:13.960	308.915	1A04EP		rows for the workbook	BLD-EL-Cable Tray&Cable Tray Fittings-vs-BLD-DR-Pipe Accessories	0	0 in the document
08:56:13.961	308.917	1A04EP		test passed	BLD-EL-Cable Tray&Cable Tray Fittings-vs-BLD-DR-Pipe Accessories	0	ran and found nothing
08:56:13.992	308.948	1A04EP	TESTS CREATE	test created	BLD-EL-Cable Tray&Cable Tray Fittings-vs-BLD-DR-Plumbing Fixtures	0.082	hard_conservative, 25 mm chosen in the tool is 0.082020997375 ft
08:56:14.177	309.133	1A04EP		rows for the workbook	BLD-EL-Cable Tray&Cable Tray Fittings-vs-BLD-DR-Plumbing Fixtures	0	0 in the document
08:56:14.178	309.134	1A04EP		test passed	BLD-EL-Cable Tray&Cable Tray Fittings-vs-BLD-DR-Plumbing Fixtures	0	ran and found nothing
08:56:14.209	309.165	1A04EP	TESTS CREATE	test created	BLD-EL-Electrical Equipment-vs-BLD-AR-Floors	0.082	hard_conservative, 25 mm chosen in the tool is 0.082020997375 ft
08:56:14.383	309.339	1A04EP		rows for the workbook	BLD-EL-Electrical Equipment-vs-BLD-AR-Floors	0	0 in the document
08:56:14.383	309.339	1A04EP		test passed	BLD-EL-Electrical Equipment-vs-BLD-AR-Floors	0	ran and found nothing
08:56:14.411	309.367	1A04EP	TESTS CREATE	test created	BLD-EL-Electrical Equipment-vs-BLD-AR-Stairs	0.082	hard_conservative, 25 mm chosen in the tool is 0.082020997375 ft
08:56:14.586	309.541	1A04EP		rows for the workbook	BLD-EL-Electrical Equipment-vs-BLD-AR-Stairs	0	0 in the document
08:56:14.587	309.542	1A04EP		test passed	BLD-EL-Electrical Equipment-vs-BLD-AR-Stairs	0	ran and found nothing
08:56:14.618	309.573	1A04EP	TESTS CREATE	test created	BLD-EL-Electrical Equipment-vs-BLD-AR-Ceilings	0.082	hard_conservative, 25 mm chosen in the tool is 0.082020997375 ft
08:56:14.767	309.723	1A04EP		rows for the workbook	BLD-EL-Electrical Equipment-vs-BLD-AR-Ceilings	0	0 in the document
08:56:14.767	309.723	1A04EP		test passed	BLD-EL-Electrical Equipment-vs-BLD-AR-Ceilings	0	ran and found nothing
08:56:14.806	309.762	1A04EP	TESTS CREATE	test created	BLD-EL-Electrical Equipment-vs-BLD-AR-Walls	0.082	hard_conservative, 25 mm chosen in the tool is 0.082020997375 ft
08:56:15.035	309.990	1A04EP		rows for the workbook	BLD-EL-Electrical Equipment-vs-BLD-AR-Walls	1	1 in the document
08:56:15.035	309.991	1A04EP		test found clashes	BLD-EL-Electrical Equipment-vs-BLD-AR-Walls	1	ran and found clashes
08:56:15.087	310.043	1A04EP	TESTS CREATE	test created	BLD-EL-Electrical Equipment-vs-BLD-AR-Windows	0.082	hard_conservative, 25 mm chosen in the tool is 0.082020997375 ft
08:56:15.235	310.190	1A04EP		rows for the workbook	BLD-EL-Electrical Equipment-vs-BLD-AR-Windows	0	0 in the document
08:56:15.236	310.191	1A04EP		test passed	BLD-EL-Electrical Equipment-vs-BLD-AR-Windows	0	ran and found nothing
08:56:15.275	310.231	1A04EP	TESTS CREATE	test created	BLD-EL-Electrical Equipment-vs-BLD-AR-Curtain Panels	0.082	hard_conservative, 25 mm chosen in the tool is 0.082020997375 ft
08:56:15.427	310.382	1A04EP		rows for the workbook	BLD-EL-Electrical Equipment-vs-BLD-AR-Curtain Panels	0	0 in the document
08:56:15.428	310.383	1A04EP		test passed	BLD-EL-Electrical Equipment-vs-BLD-AR-Curtain Panels	0	ran and found nothing
08:56:15.463	310.419	1A04EP	TESTS CREATE	test created	BLD-EL-Electrical Equipment-vs-BLD-AR-Curtain Mullions	0.082	hard_conservative, 25 mm chosen in the tool is 0.082020997375 ft
08:56:15.614	310.569	1A04EP		rows for the workbook	BLD-EL-Electrical Equipment-vs-BLD-AR-Curtain Mullions	0	0 in the document
08:56:15.615	310.570	1A04EP		test passed	BLD-EL-Electrical Equipment-vs-BLD-AR-Curtain Mullions	0	ran and found nothing
08:56:15.652	310.608	1A04EP	TESTS CREATE	test created	BLD-EL-Electrical Equipment-vs-BLD-AR-Doors	0.082	hard_conservative, 25 mm chosen in the tool is 0.082020997375 ft
08:56:15.804	310.759	1A04EP		rows for the workbook	BLD-EL-Electrical Equipment-vs-BLD-AR-Doors	0	0 in the document
08:56:15.805	310.760	1A04EP		test passed	BLD-EL-Electrical Equipment-vs-BLD-AR-Doors	0	ran and found nothing
08:56:15.841	310.796	1A04EP	TESTS CREATE	test created	BLD-EL-Electrical Equipment-vs-BLD-AR-Furniture	0.082	hard_conservative, 25 mm chosen in the tool is 0.082020997375 ft
08:56:16.000	310.956	1A04EP		rows for the workbook	BLD-EL-Electrical Equipment-vs-BLD-AR-Furniture	0	0 in the document
08:56:16.001	310.957	1A04EP		test passed	BLD-EL-Electrical Equipment-vs-BLD-AR-Furniture	0	ran and found nothing
08:56:16.044	310.999	1A04EP	TESTS CREATE	test created	BLD-EL-Electrical Equipment-vs-BLD-AR-Railings	0.082	hard_conservative, 25 mm chosen in the tool is 0.082020997375 ft
08:56:16.194	311.149	1A04EP		rows for the workbook	BLD-EL-Electrical Equipment-vs-BLD-AR-Railings	0	0 in the document
08:56:16.194	311.150	1A04EP		test passed	BLD-EL-Electrical Equipment-vs-BLD-AR-Railings	0	ran and found nothing
08:56:16.232	311.188	1A04EP	TESTS CREATE	test created	BLD-EL-Electrical Equipment-vs-BLD-ST-Foundation	0.082	hard_conservative, 25 mm chosen in the tool is 0.082020997375 ft
08:56:16.484	311.440	1A04EP		rows for the workbook	BLD-EL-Electrical Equipment-vs-BLD-ST-Foundation	2	2 in the document
08:56:16.485	311.441	1A04EP		test found clashes	BLD-EL-Electrical Equipment-vs-BLD-ST-Foundation	2	ran and found clashes
08:56:16.545	311.501	1A04EP	TESTS CREATE	test created	BLD-EL-Electrical Equipment-vs-BLD-ST-Columns	0.082	hard_conservative, 25 mm chosen in the tool is 0.082020997375 ft
08:56:16.751	311.707	1A04EP		rows for the workbook	BLD-EL-Electrical Equipment-vs-BLD-ST-Columns	0	0 in the document
08:56:16.752	311.707	1A04EP		test passed	BLD-EL-Electrical Equipment-vs-BLD-ST-Columns	0	ran and found nothing
08:56:16.812	311.768	1A04EP	TESTS CREATE	test created	BLD-EL-Electrical Equipment-vs-BLD-ST-Framing	0.082	hard_conservative, 25 mm chosen in the tool is 0.082020997375 ft
08:56:17.001	311.957	1A04EP		rows for the workbook	BLD-EL-Electrical Equipment-vs-BLD-ST-Framing	0	0 in the document
08:56:17.002	311.958	1A04EP		test passed	BLD-EL-Electrical Equipment-vs-BLD-ST-Framing	0	ran and found nothing
08:56:17.033	311.989	1A04EP	TESTS CREATE	test created	BLD-EL-Electrical Equipment-vs-BLD-ST-Walls	0.082	hard_conservative, 25 mm chosen in the tool is 0.082020997375 ft
08:56:17.243	312.200	1A04EP		rows for the workbook	BLD-EL-Electrical Equipment-vs-BLD-ST-Walls	1	1 in the document
08:56:17.245	312.200	1A04EP		test found clashes	BLD-EL-Electrical Equipment-vs-BLD-ST-Walls	1	ran and found clashes
08:56:17.285	312.240	1A04EP	TESTS CREATE	test created	BLD-EL-Electrical Equipment-vs-BLD-ST-Floors	0.082	hard_conservative, 25 mm chosen in the tool is 0.082020997375 ft
08:56:17.594	312.550	1A04EP		rows for the workbook	BLD-EL-Electrical Equipment-vs-BLD-ST-Floors	3	3 in the document
08:56:17.595	312.551	1A04EP		test found clashes	BLD-EL-Electrical Equipment-vs-BLD-ST-Floors	3	ran and found clashes
08:56:17.630	312.585	1A04EP	TESTS CREATE	test created	BLD-EL-Electrical Equipment-vs-BLD-ST-Stair	0.082	hard_conservative, 25 mm chosen in the tool is 0.082020997375 ft
08:56:17.801	312.757	1A04EP		rows for the workbook	BLD-EL-Electrical Equipment-vs-BLD-ST-Stair	0	0 in the document
08:56:17.803	312.758	1A04EP		test passed	BLD-EL-Electrical Equipment-vs-BLD-ST-Stair	0	ran and found nothing
08:56:17.833	312.789	1A04EP	TESTS CREATE	test created	BLD-EL-Electrical Equipment-vs-BLD-ME-Ducts&Duct Fittings	0.082	hard_conservative, 25 mm chosen in the tool is 0.082020997375 ft
08:56:17.992	312.948	1A04EP		rows for the workbook	BLD-EL-Electrical Equipment-vs-BLD-ME-Ducts&Duct Fittings	0	0 in the document
08:56:17.993	312.949	1A04EP		test passed	BLD-EL-Electrical Equipment-vs-BLD-ME-Ducts&Duct Fittings	0	ran and found nothing
08:56:18.020	312.976	1A04EP	TESTS CREATE	test created	BLD-EL-Electrical Equipment-vs-BLD-ME-Duct Accessory	0.082	hard_conservative, 25 mm chosen in the tool is 0.082020997375 ft
08:56:18.175	313.130	1A04EP		rows for the workbook	BLD-EL-Electrical Equipment-vs-BLD-ME-Duct Accessory	0	0 in the document
08:56:18.176	313.131	1A04EP		test passed	BLD-EL-Electrical Equipment-vs-BLD-ME-Duct Accessory	0	ran and found nothing
08:56:18.209	313.164	1A04EP	TESTS CREATE	test created	BLD-EL-Electrical Equipment-vs-BLD-ME-Mechanical Equipment	0.082	hard_conservative, 25 mm chosen in the tool is 0.082020997375 ft
08:56:18.352	313.308	1A04EP		rows for the workbook	BLD-EL-Electrical Equipment-vs-BLD-ME-Mechanical Equipment	0	0 in the document
08:56:18.352	313.308	1A04EP		test passed	BLD-EL-Electrical Equipment-vs-BLD-ME-Mechanical Equipment	0	ran and found nothing
08:56:18.381	313.337	1A04EP	TESTS CREATE	test created	BLD-EL-Electrical Equipment-vs-BLD-ME-Air Terminals	0.082	hard_conservative, 25 mm chosen in the tool is 0.082020997375 ft
08:56:18.537	313.493	1A04EP		rows for the workbook	BLD-EL-Electrical Equipment-vs-BLD-ME-Air Terminals	0	0 in the document
08:56:18.538	313.493	1A04EP		test passed	BLD-EL-Electrical Equipment-vs-BLD-ME-Air Terminals	0	ran and found nothing
08:56:18.569	313.525	1A04EP	TESTS CREATE	test created	BLD-EL-Electrical Equipment-vs-BLD-FF-Pipes & Pipe Fittings	0.082	hard_conservative, 25 mm chosen in the tool is 0.082020997375 ft
08:56:18.891	313.846	1A04EP		rows for the workbook	BLD-EL-Electrical Equipment-vs-BLD-FF-Pipes & Pipe Fittings	3	3 in the document
08:56:18.891	313.847	1A04EP		test found clashes	BLD-EL-Electrical Equipment-vs-BLD-FF-Pipes & Pipe Fittings	3	ran and found clashes
08:56:18.946	313.901	1A04EP	TESTS CREATE	test created	BLD-EL-Electrical Equipment-vs-BLD-FF-Pipe Accessories	0.082	hard_conservative, 25 mm chosen in the tool is 0.082020997375 ft
08:56:19.100	314.056	1A04EP		rows for the workbook	BLD-EL-Electrical Equipment-vs-BLD-FF-Pipe Accessories	0	0 in the document
08:56:19.101	314.056	1A04EP		test passed	BLD-EL-Electrical Equipment-vs-BLD-FF-Pipe Accessories	0	ran and found nothing
08:56:19.131	314.086	1A04EP	TESTS CREATE	test created	BLD-EL-Electrical Equipment-vs-BLD-FF-Sprinklers	0.082	hard_conservative, 25 mm chosen in the tool is 0.082020997375 ft
08:56:19.288	314.243	1A04EP		rows for the workbook	BLD-EL-Electrical Equipment-vs-BLD-FF-Sprinklers	0	0 in the document
08:56:19.289	314.244	1A04EP		test passed	BLD-EL-Electrical Equipment-vs-BLD-FF-Sprinklers	0	ran and found nothing
08:56:19.319	314.275	1A04EP	TESTS CREATE	test created	BLD-EL-Electrical Equipment-vs-BLD-DR-Mechanical Equipment	0.082	hard_conservative, 25 mm chosen in the tool is 0.082020997375 ft
08:56:19.461	314.416	1A04EP		rows for the workbook	BLD-EL-Electrical Equipment-vs-BLD-DR-Mechanical Equipment	0	0 in the document
08:56:19.461	314.417	1A04EP		test passed	BLD-EL-Electrical Equipment-vs-BLD-DR-Mechanical Equipment	0	ran and found nothing
08:56:19.491	314.447	1A04EP	TESTS CREATE	test created	BLD-EL-Electrical Equipment-vs-BLD-DR-Pipes & Pipe Fittings	0.082	hard_conservative, 25 mm chosen in the tool is 0.082020997375 ft
08:56:19.648	314.604	1A04EP		rows for the workbook	BLD-EL-Electrical Equipment-vs-BLD-DR-Pipes & Pipe Fittings	0	0 in the document
08:56:19.649	314.604	1A04EP		test passed	BLD-EL-Electrical Equipment-vs-BLD-DR-Pipes & Pipe Fittings	0	ran and found nothing
08:56:19.681	314.636	1A04EP	TESTS CREATE	test created	BLD-EL-Electrical Equipment-vs-BLD-DR-Pipe Accessories	0.082	hard_conservative, 25 mm chosen in the tool is 0.082020997375 ft
08:56:19.837	314.792	1A04EP		rows for the workbook	BLD-EL-Electrical Equipment-vs-BLD-DR-Pipe Accessories	0	0 in the document
08:56:19.837	314.793	1A04EP		test passed	BLD-EL-Electrical Equipment-vs-BLD-DR-Pipe Accessories	0	ran and found nothing
08:56:19.868	314.824	1A04EP	TESTS CREATE	test created	BLD-EL-Electrical Equipment-vs-BLD-DR-Plumbing Fixtures	0.082	hard_conservative, 25 mm chosen in the tool is 0.082020997375 ft
08:56:20.025	314.980	1A04EP		rows for the workbook	BLD-EL-Electrical Equipment-vs-BLD-DR-Plumbing Fixtures	0	0 in the document
08:56:20.025	314.981	1A04EP		test passed	BLD-EL-Electrical Equipment-vs-BLD-DR-Plumbing Fixtures	0	ran and found nothing
08:56:20.056	315.012	1A04EP	TESTS CREATE	test created	BLD-EL-Electrical Equipment-vs-BLD-EL-Cable Tray&Cable Tray Fittings	0.082	hard_conservative, 25 mm chosen in the tool is 0.082020997375 ft
08:56:20.373	315.328	1A04EP		rows for the workbook	BLD-EL-Electrical Equipment-vs-BLD-EL-Cable Tray&Cable Tray Fittings	3	3 in the document
08:56:20.373	315.329	1A04EP		test found clashes	BLD-EL-Electrical Equipment-vs-BLD-EL-Cable Tray&Cable Tray Fittings	3	ran and found clashes
08:56:20.447	315.403	1A04EP	TESTS CREATE	test created	BLD-EL-Electrical Fixtures-vs-BLD-AR-Floors	0.082	hard_conservative, 25 mm chosen in the tool is 0.082020997375 ft
08:56:20.594	315.549	1A04EP		rows for the workbook	BLD-EL-Electrical Fixtures-vs-BLD-AR-Floors	0	0 in the document
08:56:20.594	315.550	1A04EP		test passed	BLD-EL-Electrical Fixtures-vs-BLD-AR-Floors	0	ran and found nothing
08:56:20.635	315.591	1A04EP	TESTS CREATE	test created	BLD-EL-Electrical Fixtures-vs-BLD-AR-Stairs	0.082	hard_conservative, 25 mm chosen in the tool is 0.082020997375 ft
08:56:20.793	315.749	1A04EP		rows for the workbook	BLD-EL-Electrical Fixtures-vs-BLD-AR-Stairs	0	0 in the document
08:56:20.794	315.750	1A04EP		test passed	BLD-EL-Electrical Fixtures-vs-BLD-AR-Stairs	0	ran and found nothing
08:56:20.825	315.781	1A04EP	TESTS CREATE	test created	BLD-EL-Electrical Fixtures-vs-BLD-AR-Ceilings	0.082	hard_conservative, 25 mm chosen in the tool is 0.082020997375 ft
08:56:20.970	315.926	1A04EP		rows for the workbook	BLD-EL-Electrical Fixtures-vs-BLD-AR-Ceilings	0	0 in the document
08:56:20.970	315.926	1A04EP		test passed	BLD-EL-Electrical Fixtures-vs-BLD-AR-Ceilings	0	ran and found nothing
08:56:21.013	315.969	1A04EP	TESTS CREATE	test created	BLD-EL-Electrical Fixtures-vs-BLD-AR-Walls	0.082	hard_conservative, 25 mm chosen in the tool is 0.082020997375 ft
08:56:24.202	319.157	1A04EP		rows for the workbook	BLD-EL-Electrical Fixtures-vs-BLD-AR-Walls	59	59 in the document
08:56:24.202	319.158	1A04EP		test found clashes	BLD-EL-Electrical Fixtures-vs-BLD-AR-Walls	59	ran and found clashes
08:56:24.254	319.209	1A04EP	TESTS CREATE	test created	BLD-EL-Electrical Fixtures-vs-BLD-AR-Windows	0.082	hard_conservative, 25 mm chosen in the tool is 0.082020997375 ft
08:56:24.426	319.382	1A04EP		rows for the workbook	BLD-EL-Electrical Fixtures-vs-BLD-AR-Windows	0	0 in the document
08:56:24.427	319.383	1A04EP		test passed	BLD-EL-Electrical Fixtures-vs-BLD-AR-Windows	0	ran and found nothing
08:56:24.458	319.413	1A04EP	TESTS CREATE	test created	BLD-EL-Electrical Fixtures-vs-BLD-AR-Curtain Panels	0.082	hard_conservative, 25 mm chosen in the tool is 0.082020997375 ft
08:56:24.630	319.585	1A04EP		rows for the workbook	BLD-EL-Electrical Fixtures-vs-BLD-AR-Curtain Panels	0	0 in the document
08:56:24.631	319.587	1A04EP		test passed	BLD-EL-Electrical Fixtures-vs-BLD-AR-Curtain Panels	0	ran and found nothing
08:56:24.661	319.617	1A04EP	TESTS CREATE	test created	BLD-EL-Electrical Fixtures-vs-BLD-AR-Curtain Mullions	0.082	hard_conservative, 25 mm chosen in the tool is 0.082020997375 ft
08:56:24.831	319.787	1A04EP		rows for the workbook	BLD-EL-Electrical Fixtures-vs-BLD-AR-Curtain Mullions	0	0 in the document
08:56:24.831	319.788	1A04EP		test passed	BLD-EL-Electrical Fixtures-vs-BLD-AR-Curtain Mullions	0	ran and found nothing
08:56:24.862	319.818	1A04EP	TESTS CREATE	test created	BLD-EL-Electrical Fixtures-vs-BLD-AR-Doors	0.082	hard_conservative, 25 mm chosen in the tool is 0.082020997375 ft
08:56:25.058	320.014	1A04EP		rows for the workbook	BLD-EL-Electrical Fixtures-vs-BLD-AR-Doors	1	1 in the document
08:56:25.059	320.015	1A04EP		test found clashes	BLD-EL-Electrical Fixtures-vs-BLD-AR-Doors	1	ran and found clashes
08:56:25.097	320.052	1A04EP	TESTS CREATE	test created	BLD-EL-Electrical Fixtures-vs-BLD-AR-Furniture	0.082	hard_conservative, 25 mm chosen in the tool is 0.082020997375 ft
08:56:25.243	320.198	1A04EP		rows for the workbook	BLD-EL-Electrical Fixtures-vs-BLD-AR-Furniture	0	0 in the document
08:56:25.243	320.199	1A04EP		test passed	BLD-EL-Electrical Fixtures-vs-BLD-AR-Furniture	0	ran and found nothing
08:56:25.285	320.240	1A04EP	TESTS CREATE	test created	BLD-EL-Electrical Fixtures-vs-BLD-AR-Railings	0.082	hard_conservative, 25 mm chosen in the tool is 0.082020997375 ft
08:56:25.429	320.385	1A04EP		rows for the workbook	BLD-EL-Electrical Fixtures-vs-BLD-AR-Railings	0	0 in the document
08:56:25.429	320.386	1A04EP		test passed	BLD-EL-Electrical Fixtures-vs-BLD-AR-Railings	0	ran and found nothing
08:56:25.457	320.412	1A04EP	TESTS CREATE	test created	BLD-EL-Electrical Fixtures-vs-BLD-ST-Foundation	0.082	hard_conservative, 25 mm chosen in the tool is 0.082020997375 ft
08:56:25.602	320.557	1A04EP		rows for the workbook	BLD-EL-Electrical Fixtures-vs-BLD-ST-Foundation	0	0 in the document
08:56:25.603	320.558	1A04EP		test passed	BLD-EL-Electrical Fixtures-vs-BLD-ST-Foundation	0	ran and found nothing
08:56:25.642	320.598	1A04EP	TESTS CREATE	test created	BLD-EL-Electrical Fixtures-vs-BLD-ST-Columns	0.082	hard_conservative, 25 mm chosen in the tool is 0.082020997375 ft
08:56:25.813	320.768	1A04EP		rows for the workbook	BLD-EL-Electrical Fixtures-vs-BLD-ST-Columns	0	0 in the document
08:56:25.814	320.769	1A04EP		test passed	BLD-EL-Electrical Fixtures-vs-BLD-ST-Columns	0	ran and found nothing
08:56:25.845	320.801	1A04EP	TESTS CREATE	test created	BLD-EL-Electrical Fixtures-vs-BLD-ST-Framing	0.082	hard_conservative, 25 mm chosen in the tool is 0.082020997375 ft
08:56:25.989	320.945	1A04EP		rows for the workbook	BLD-EL-Electrical Fixtures-vs-BLD-ST-Framing	0	0 in the document
08:56:25.989	320.945	1A04EP		test passed	BLD-EL-Electrical Fixtures-vs-BLD-ST-Framing	0	ran and found nothing
08:56:26.018	320.974	1A04EP	TESTS CREATE	test created	BLD-EL-Electrical Fixtures-vs-BLD-ST-Walls	0.082	hard_conservative, 25 mm chosen in the tool is 0.082020997375 ft
08:56:26.163	321.118	1A04EP		rows for the workbook	BLD-EL-Electrical Fixtures-vs-BLD-ST-Walls	0	0 in the document
08:56:26.163	321.119	1A04EP		test passed	BLD-EL-Electrical Fixtures-vs-BLD-ST-Walls	0	ran and found nothing
08:56:26.192	321.147	1A04EP	TESTS CREATE	test created	BLD-EL-Electrical Fixtures-vs-BLD-ST-Floors	0.082	hard_conservative, 25 mm chosen in the tool is 0.082020997375 ft
08:56:26.364	321.319	1A04EP		rows for the workbook	BLD-EL-Electrical Fixtures-vs-BLD-ST-Floors	0	0 in the document
08:56:26.365	321.320	1A04EP		test passed	BLD-EL-Electrical Fixtures-vs-BLD-ST-Floors	0	ran and found nothing
08:56:26.396	321.352	1A04EP	TESTS CREATE	test created	BLD-EL-Electrical Fixtures-vs-BLD-ST-Stair	0.082	hard_conservative, 25 mm chosen in the tool is 0.082020997375 ft
08:56:26.541	321.496	1A04EP		rows for the workbook	BLD-EL-Electrical Fixtures-vs-BLD-ST-Stair	0	0 in the document
08:56:26.541	321.497	1A04EP		test passed	BLD-EL-Electrical Fixtures-vs-BLD-ST-Stair	0	ran and found nothing
08:56:26.567	321.522	1A04EP	TESTS CREATE	test created	BLD-EL-Electrical Fixtures-vs-BLD-ME-Ducts&Duct Fittings	0.082	hard_conservative, 25 mm chosen in the tool is 0.082020997375 ft
08:56:26.719	321.674	1A04EP		rows for the workbook	BLD-EL-Electrical Fixtures-vs-BLD-ME-Ducts&Duct Fittings	0	0 in the document
08:56:26.719	321.675	1A04EP		test passed	BLD-EL-Electrical Fixtures-vs-BLD-ME-Ducts&Duct Fittings	0	ran and found nothing
08:56:26.754	321.710	1A04EP	TESTS CREATE	test created	BLD-EL-Electrical Fixtures-vs-BLD-ME-Duct Accessory	0.082	hard_conservative, 25 mm chosen in the tool is 0.082020997375 ft
08:56:26.912	321.867	1A04EP		rows for the workbook	BLD-EL-Electrical Fixtures-vs-BLD-ME-Duct Accessory	0	0 in the document
08:56:26.913	321.868	1A04EP		test passed	BLD-EL-Electrical Fixtures-vs-BLD-ME-Duct Accessory	0	ran and found nothing
08:56:26.943	321.899	1A04EP	TESTS CREATE	test created	BLD-EL-Electrical Fixtures-vs-BLD-ME-Mechanical Equipment	0.082	hard_conservative, 25 mm chosen in the tool is 0.082020997375 ft
08:56:27.101	322.056	1A04EP		rows for the workbook	BLD-EL-Electrical Fixtures-vs-BLD-ME-Mechanical Equipment	0	0 in the document
08:56:27.102	322.057	1A04EP		test passed	BLD-EL-Electrical Fixtures-vs-BLD-ME-Mechanical Equipment	0	ran and found nothing
08:56:27.132	322.088	1A04EP	TESTS CREATE	test created	BLD-EL-Electrical Fixtures-vs-BLD-ME-Air Terminals	0.082	hard_conservative, 25 mm chosen in the tool is 0.082020997375 ft
08:56:27.289	322.244	1A04EP		rows for the workbook	BLD-EL-Electrical Fixtures-vs-BLD-ME-Air Terminals	0	0 in the document
08:56:27.290	322.245	1A04EP		test passed	BLD-EL-Electrical Fixtures-vs-BLD-ME-Air Terminals	0	ran and found nothing
08:56:27.319	322.275	1A04EP	TESTS CREATE	test created	BLD-EL-Electrical Fixtures-vs-BLD-FF-Pipes & Pipe Fittings	0.082	hard_conservative, 25 mm chosen in the tool is 0.082020997375 ft
08:56:27.478	322.433	1A04EP		rows for the workbook	BLD-EL-Electrical Fixtures-vs-BLD-FF-Pipes & Pipe Fittings	0	0 in the document
08:56:27.478	322.434	1A04EP		test passed	BLD-EL-Electrical Fixtures-vs-BLD-FF-Pipes & Pipe Fittings	0	ran and found nothing
08:56:27.509	322.465	1A04EP	TESTS CREATE	test created	BLD-EL-Electrical Fixtures-vs-BLD-FF-Pipe Accessories	0.082	hard_conservative, 25 mm chosen in the tool is 0.082020997375 ft
08:56:27.660	322.615	1A04EP		rows for the workbook	BLD-EL-Electrical Fixtures-vs-BLD-FF-Pipe Accessories	0	0 in the document
08:56:27.660	322.616	1A04EP		test passed	BLD-EL-Electrical Fixtures-vs-BLD-FF-Pipe Accessories	0	ran and found nothing
08:56:27.699	322.654	1A04EP	TESTS CREATE	test created	BLD-EL-Electrical Fixtures-vs-BLD-FF-Sprinklers	0.082	hard_conservative, 25 mm chosen in the tool is 0.082020997375 ft
08:56:27.854	322.809	1A04EP		rows for the workbook	BLD-EL-Electrical Fixtures-vs-BLD-FF-Sprinklers	0	0 in the document
08:56:27.854	322.810	1A04EP		test passed	BLD-EL-Electrical Fixtures-vs-BLD-FF-Sprinklers	0	ran and found nothing
08:56:27.886	322.841	1A04EP	TESTS CREATE	test created	BLD-EL-Electrical Fixtures-vs-BLD-DR-Mechanical Equipment	0.082	hard_conservative, 25 mm chosen in the tool is 0.082020997375 ft
08:56:28.043	322.998	1A04EP		rows for the workbook	BLD-EL-Electrical Fixtures-vs-BLD-DR-Mechanical Equipment	0	0 in the document
08:56:28.044	322.999	1A04EP		test passed	BLD-EL-Electrical Fixtures-vs-BLD-DR-Mechanical Equipment	0	ran and found nothing
08:56:28.074	323.030	1A04EP	TESTS CREATE	test created	BLD-EL-Electrical Fixtures-vs-BLD-DR-Pipes & Pipe Fittings	0.082	hard_conservative, 25 mm chosen in the tool is 0.082020997375 ft
08:56:28.495	323.450	1A04EP		rows for the workbook	BLD-EL-Electrical Fixtures-vs-BLD-DR-Pipes & Pipe Fittings	5	5 in the document
08:56:28.496	323.451	1A04EP		test found clashes	BLD-EL-Electrical Fixtures-vs-BLD-DR-Pipes & Pipe Fittings	5	ran and found clashes
08:56:28.547	323.502	1A04EP	TESTS CREATE	test created	BLD-EL-Electrical Fixtures-vs-BLD-DR-Pipe Accessories	0.082	hard_conservative, 25 mm chosen in the tool is 0.082020997375 ft
08:56:28.709	323.664	1A04EP		rows for the workbook	BLD-EL-Electrical Fixtures-vs-BLD-DR-Pipe Accessories	0	0 in the document
08:56:28.709	323.665	1A04EP		test passed	BLD-EL-Electrical Fixtures-vs-BLD-DR-Pipe Accessories	0	ran and found nothing
08:56:28.750	323.705	1A04EP	TESTS CREATE	test created	BLD-EL-Electrical Fixtures-vs-BLD-DR-Plumbing Fixtures	0.082	hard_conservative, 25 mm chosen in the tool is 0.082020997375 ft
08:56:28.921	323.877	1A04EP		rows for the workbook	BLD-EL-Electrical Fixtures-vs-BLD-DR-Plumbing Fixtures	0	0 in the document
08:56:28.922	323.877	1A04EP		test passed	BLD-EL-Electrical Fixtures-vs-BLD-DR-Plumbing Fixtures	0	ran and found nothing
08:56:28.967	323.923	1A04EP	TESTS CREATE	test created	BLD-EL-Electrical Fixtures-vs-BLD-EL-Cable Tray&Cable Tray Fittings	0.082	hard_conservative, 25 mm chosen in the tool is 0.082020997375 ft
08:56:29.380	324.336	1A04EP		rows for the workbook	BLD-EL-Electrical Fixtures-vs-BLD-EL-Cable Tray&Cable Tray Fittings	5	5 in the document
08:56:29.381	324.337	1A04EP		test found clashes	BLD-EL-Electrical Fixtures-vs-BLD-EL-Cable Tray&Cable Tray Fittings	5	ran and found clashes
08:56:29.453	324.408	1A04EP	TESTS CREATE	test created	BLD-EL-Electrical Fixtures-vs-BLD-EL-Electrical Equipment	0.082	hard_conservative, 25 mm chosen in the tool is 0.082020997375 ft
08:56:29.837	324.792	1A04EP		rows for the workbook	BLD-EL-Electrical Fixtures-vs-BLD-EL-Electrical Equipment	3	3 in the document
08:56:29.838	324.793	1A04EP		test found clashes	BLD-EL-Electrical Fixtures-vs-BLD-EL-Electrical Equipment	3	ran and found clashes
08:56:29.891	324.847	1A04EP	TESTS CREATE	test created	BLD-EL-Conduits & Conduit Fittings-vs-BLD-AR-Floors	0.082	hard_conservative, 25 mm chosen in the tool is 0.082020997375 ft
08:56:30.633	325.588	1A04EP		rows for the workbook	BLD-EL-Conduits & Conduit Fittings-vs-BLD-AR-Floors	11	11 in the document
08:56:30.633	325.589	1A04EP		test found clashes	BLD-EL-Conduits & Conduit Fittings-vs-BLD-AR-Floors	11	ran and found clashes
08:56:30.693	325.648	1A04EP	TESTS CREATE	test created	BLD-EL-Conduits & Conduit Fittings-vs-BLD-AR-Stairs	0.082	hard_conservative, 25 mm chosen in the tool is 0.082020997375 ft
08:56:30.867	325.822	1A04EP		rows for the workbook	BLD-EL-Conduits & Conduit Fittings-vs-BLD-AR-Stairs	0	0 in the document
08:56:30.867	325.823	1A04EP		test passed	BLD-EL-Conduits & Conduit Fittings-vs-BLD-AR-Stairs	0	ran and found nothing
08:56:30.898	325.853	1A04EP	TESTS CREATE	test created	BLD-EL-Conduits & Conduit Fittings-vs-BLD-AR-Ceilings	0.082	hard_conservative, 25 mm chosen in the tool is 0.082020997375 ft
08:56:31.237	326.192	1A04EP		rows for the workbook	BLD-EL-Conduits & Conduit Fittings-vs-BLD-AR-Ceilings	4	4 in the document
08:56:31.238	326.193	1A04EP		test found clashes	BLD-EL-Conduits & Conduit Fittings-vs-BLD-AR-Ceilings	4	ran and found clashes
08:56:31.287	326.243	1A04EP	TESTS CREATE	test created	BLD-EL-Conduits & Conduit Fittings-vs-BLD-AR-Walls	0.082	hard_conservative, 25 mm chosen in the tool is 0.082020997375 ft
08:56:31.616	326.572	1A04EP		rows for the workbook	BLD-EL-Conduits & Conduit Fittings-vs-BLD-AR-Walls	3	3 in the document
08:56:31.618	326.573	1A04EP		test found clashes	BLD-EL-Conduits & Conduit Fittings-vs-BLD-AR-Walls	3	ran and found clashes
08:56:31.665	326.621	1A04EP	TESTS CREATE	test created	BLD-EL-Conduits & Conduit Fittings-vs-BLD-AR-Windows	0.082	hard_conservative, 25 mm chosen in the tool is 0.082020997375 ft
08:56:31.819	326.774	1A04EP		rows for the workbook	BLD-EL-Conduits & Conduit Fittings-vs-BLD-AR-Windows	0	0 in the document
08:56:31.820	326.775	1A04EP		test passed	BLD-EL-Conduits & Conduit Fittings-vs-BLD-AR-Windows	0	ran and found nothing
08:56:31.850	326.806	1A04EP	TESTS CREATE	test created	BLD-EL-Conduits & Conduit Fittings-vs-BLD-AR-Curtain Panels	0.082	hard_conservative, 25 mm chosen in the tool is 0.082020997375 ft
08:56:32.007	326.962	1A04EP		rows for the workbook	BLD-EL-Conduits & Conduit Fittings-vs-BLD-AR-Curtain Panels	0	0 in the document
08:56:32.008	326.963	1A04EP		test passed	BLD-EL-Conduits & Conduit Fittings-vs-BLD-AR-Curtain Panels	0	ran and found nothing
08:56:32.038	326.994	1A04EP	TESTS CREATE	test created	BLD-EL-Conduits & Conduit Fittings-vs-BLD-AR-Curtain Mullions	0.082	hard_conservative, 25 mm chosen in the tool is 0.082020997375 ft
08:56:32.208	327.163	1A04EP		rows for the workbook	BLD-EL-Conduits & Conduit Fittings-vs-BLD-AR-Curtain Mullions	0	0 in the document
08:56:32.209	327.164	1A04EP		test passed	BLD-EL-Conduits & Conduit Fittings-vs-BLD-AR-Curtain Mullions	0	ran and found nothing
08:56:32.238	327.194	1A04EP	TESTS CREATE	test created	BLD-EL-Conduits & Conduit Fittings-vs-BLD-AR-Doors	0.082	hard_conservative, 25 mm chosen in the tool is 0.082020997375 ft
08:56:32.395	327.350	1A04EP		rows for the workbook	BLD-EL-Conduits & Conduit Fittings-vs-BLD-AR-Doors	0	0 in the document
08:56:32.396	327.351	1A04EP		test passed	BLD-EL-Conduits & Conduit Fittings-vs-BLD-AR-Doors	0	ran and found nothing
08:56:32.427	327.382	1A04EP	TESTS CREATE	test created	BLD-EL-Conduits & Conduit Fittings-vs-BLD-AR-Furniture	0.082	hard_conservative, 25 mm chosen in the tool is 0.082020997375 ft
08:56:32.578	327.533	1A04EP		rows for the workbook	BLD-EL-Conduits & Conduit Fittings-vs-BLD-AR-Furniture	0	0 in the document
08:56:32.578	327.534	1A04EP		test passed	BLD-EL-Conduits & Conduit Fittings-vs-BLD-AR-Furniture	0	ran and found nothing
08:56:32.614	327.570	1A04EP	TESTS CREATE	test created	BLD-EL-Conduits & Conduit Fittings-vs-BLD-AR-Railings	0.082	hard_conservative, 25 mm chosen in the tool is 0.082020997375 ft
08:56:32.767	327.722	1A04EP		rows for the workbook	BLD-EL-Conduits & Conduit Fittings-vs-BLD-AR-Railings	0	0 in the document
08:56:32.767	327.723	1A04EP		test passed	BLD-EL-Conduits & Conduit Fittings-vs-BLD-AR-Railings	0	ran and found nothing
08:56:32.802	327.758	1A04EP	TESTS CREATE	test created	BLD-EL-Conduits & Conduit Fittings-vs-BLD-ST-Foundation	0.082	hard_conservative, 25 mm chosen in the tool is 0.082020997375 ft
08:56:32.960	327.915	1A04EP		rows for the workbook	BLD-EL-Conduits & Conduit Fittings-vs-BLD-ST-Foundation	0	0 in the document
08:56:32.961	327.916	1A04EP		test passed	BLD-EL-Conduits & Conduit Fittings-vs-BLD-ST-Foundation	0	ran and found nothing
08:56:32.993	327.948	1A04EP	TESTS CREATE	test created	BLD-EL-Conduits & Conduit Fittings-vs-BLD-ST-Columns	0.082	hard_conservative, 25 mm chosen in the tool is 0.082020997375 ft
08:56:33.203	328.158	1A04EP		rows for the workbook	BLD-EL-Conduits & Conduit Fittings-vs-BLD-ST-Columns	1	1 in the document
08:56:33.204	328.159	1A04EP		test found clashes	BLD-EL-Conduits & Conduit Fittings-vs-BLD-ST-Columns	1	ran and found clashes
08:56:33.260	328.216	1A04EP	TESTS CREATE	test created	BLD-EL-Conduits & Conduit Fittings-vs-BLD-ST-Framing	0.082	hard_conservative, 25 mm chosen in the tool is 0.082020997375 ft
08:56:33.415	328.371	1A04EP		rows for the workbook	BLD-EL-Conduits & Conduit Fittings-vs-BLD-ST-Framing	0	0 in the document
08:56:33.415	328.372	1A04EP		test passed	BLD-EL-Conduits & Conduit Fittings-vs-BLD-ST-Framing	0	ran and found nothing
08:56:33.450	328.406	1A04EP	TESTS CREATE	test created	BLD-EL-Conduits & Conduit Fittings-vs-BLD-ST-Walls	0.082	hard_conservative, 25 mm chosen in the tool is 0.082020997375 ft
08:56:33.799	328.754	1A04EP		rows for the workbook	BLD-EL-Conduits & Conduit Fittings-vs-BLD-ST-Walls	3	3 in the document
08:56:33.800	328.755	1A04EP		test found clashes	BLD-EL-Conduits & Conduit Fittings-vs-BLD-ST-Walls	3	ran and found clashes
08:56:33.860	328.816	1A04EP	TESTS CREATE	test created	BLD-EL-Conduits & Conduit Fittings-vs-BLD-ST-Floors	0.082	hard_conservative, 25 mm chosen in the tool is 0.082020997375 ft
08:56:34.039	328.995	1A04EP		rows for the workbook	BLD-EL-Conduits & Conduit Fittings-vs-BLD-ST-Floors	0	0 in the document
08:56:34.040	328.996	1A04EP		test passed	BLD-EL-Conduits & Conduit Fittings-vs-BLD-ST-Floors	0	ran and found nothing
08:56:34.079	329.034	1A04EP	TESTS CREATE	test created	BLD-EL-Conduits & Conduit Fittings-vs-BLD-ST-Stair	0.082	hard_conservative, 25 mm chosen in the tool is 0.082020997375 ft
08:56:34.280	329.236	1A04EP		rows for the workbook	BLD-EL-Conduits & Conduit Fittings-vs-BLD-ST-Stair	0	0 in the document
08:56:34.281	329.237	1A04EP		test passed	BLD-EL-Conduits & Conduit Fittings-vs-BLD-ST-Stair	0	ran and found nothing
08:56:34.343	329.299	1A04EP	TESTS CREATE	test created	BLD-EL-Conduits & Conduit Fittings-vs-BLD-ME-Ducts&Duct Fittings	0.082	hard_conservative, 25 mm chosen in the tool is 0.082020997375 ft
08:56:34.529	329.484	1A04EP		rows for the workbook	BLD-EL-Conduits & Conduit Fittings-vs-BLD-ME-Ducts&Duct Fittings	0	0 in the document
08:56:34.530	329.485	1A04EP		test passed	BLD-EL-Conduits & Conduit Fittings-vs-BLD-ME-Ducts&Duct Fittings	0	ran and found nothing
08:56:34.576	329.532	1A04EP	TESTS CREATE	test created	BLD-EL-Conduits & Conduit Fittings-vs-BLD-ME-Duct Accessory	0.082	hard_conservative, 25 mm chosen in the tool is 0.082020997375 ft
08:56:34.762	329.718	1A04EP		rows for the workbook	BLD-EL-Conduits & Conduit Fittings-vs-BLD-ME-Duct Accessory	0	0 in the document
08:56:34.763	329.719	1A04EP		test passed	BLD-EL-Conduits & Conduit Fittings-vs-BLD-ME-Duct Accessory	0	ran and found nothing
08:56:34.795	329.750	1A04EP	TESTS CREATE	test created	BLD-EL-Conduits & Conduit Fittings-vs-BLD-ME-Mechanical Equipment	0.082	hard_conservative, 25 mm chosen in the tool is 0.082020997375 ft
08:56:34.964	329.920	1A04EP		rows for the workbook	BLD-EL-Conduits & Conduit Fittings-vs-BLD-ME-Mechanical Equipment	0	0 in the document
08:56:34.965	329.921	1A04EP		test passed	BLD-EL-Conduits & Conduit Fittings-vs-BLD-ME-Mechanical Equipment	0	ran and found nothing
08:56:34.996	329.951	1A04EP	TESTS CREATE	test created	BLD-EL-Conduits & Conduit Fittings-vs-BLD-ME-Air Terminals	0.082	hard_conservative, 25 mm chosen in the tool is 0.082020997375 ft
08:56:35.146	330.101	1A04EP		rows for the workbook	BLD-EL-Conduits & Conduit Fittings-vs-BLD-ME-Air Terminals	0	0 in the document
08:56:35.146	330.102	1A04EP		test passed	BLD-EL-Conduits & Conduit Fittings-vs-BLD-ME-Air Terminals	0	ran and found nothing
08:56:35.184	330.139	1A04EP	TESTS CREATE	test created	BLD-EL-Conduits & Conduit Fittings-vs-BLD-FF-Pipes & Pipe Fittings	0.082	hard_conservative, 25 mm chosen in the tool is 0.082020997375 ft
08:56:35.356	330.311	1A04EP		rows for the workbook	BLD-EL-Conduits & Conduit Fittings-vs-BLD-FF-Pipes & Pipe Fittings	0	0 in the document
08:56:35.357	330.312	1A04EP		test passed	BLD-EL-Conduits & Conduit Fittings-vs-BLD-FF-Pipes & Pipe Fittings	0	ran and found nothing
08:56:35.386	330.342	1A04EP	TESTS CREATE	test created	BLD-EL-Conduits & Conduit Fittings-vs-BLD-FF-Pipe Accessories	0.082	hard_conservative, 25 mm chosen in the tool is 0.082020997375 ft
08:56:35.544	330.500	1A04EP		rows for the workbook	BLD-EL-Conduits & Conduit Fittings-vs-BLD-FF-Pipe Accessories	0	0 in the document
08:56:35.544	330.500	1A04EP		test passed	BLD-EL-Conduits & Conduit Fittings-vs-BLD-FF-Pipe Accessories	0	ran and found nothing
08:56:35.591	330.547	1A04EP	TESTS CREATE	test created	BLD-EL-Conduits & Conduit Fittings-vs-BLD-FF-Sprinklers	0.082	hard_conservative, 25 mm chosen in the tool is 0.082020997375 ft
08:56:35.781	330.736	1A04EP		rows for the workbook	BLD-EL-Conduits & Conduit Fittings-vs-BLD-FF-Sprinklers	0	0 in the document
08:56:35.782	330.737	1A04EP		test passed	BLD-EL-Conduits & Conduit Fittings-vs-BLD-FF-Sprinklers	0	ran and found nothing
08:56:35.828	330.784	1A04EP	TESTS CREATE	test created	BLD-EL-Conduits & Conduit Fittings-vs-BLD-DR-Mechanical Equipment	0.082	hard_conservative, 25 mm chosen in the tool is 0.082020997375 ft
08:56:36.001	330.956	1A04EP		rows for the workbook	BLD-EL-Conduits & Conduit Fittings-vs-BLD-DR-Mechanical Equipment	0	0 in the document
08:56:36.002	330.957	1A04EP		test passed	BLD-EL-Conduits & Conduit Fittings-vs-BLD-DR-Mechanical Equipment	0	ran and found nothing
08:56:36.033	330.988	1A04EP	TESTS CREATE	test created	BLD-EL-Conduits & Conduit Fittings-vs-BLD-DR-Pipes & Pipe Fittings	0.082	hard_conservative, 25 mm chosen in the tool is 0.082020997375 ft
08:56:36.324	331.280	1A04EP		rows for the workbook	BLD-EL-Conduits & Conduit Fittings-vs-BLD-DR-Pipes & Pipe Fittings	3	3 in the document
08:56:36.325	331.281	1A04EP		test found clashes	BLD-EL-Conduits & Conduit Fittings-vs-BLD-DR-Pipes & Pipe Fittings	3	ran and found clashes
08:56:36.377	331.333	1A04EP	TESTS CREATE	test created	BLD-EL-Conduits & Conduit Fittings-vs-BLD-DR-Pipe Accessories	0.082	hard_conservative, 25 mm chosen in the tool is 0.082020997375 ft
08:56:36.533	331.488	1A04EP		rows for the workbook	BLD-EL-Conduits & Conduit Fittings-vs-BLD-DR-Pipe Accessories	0	0 in the document
08:56:36.533	331.489	1A04EP		test passed	BLD-EL-Conduits & Conduit Fittings-vs-BLD-DR-Pipe Accessories	0	ran and found nothing
08:56:36.565	331.521	1A04EP	TESTS CREATE	test created	BLD-EL-Conduits & Conduit Fittings-vs-BLD-DR-Plumbing Fixtures	0.082	hard_conservative, 25 mm chosen in the tool is 0.082020997375 ft
08:56:36.736	331.692	1A04EP		rows for the workbook	BLD-EL-Conduits & Conduit Fittings-vs-BLD-DR-Plumbing Fixtures	0	0 in the document
08:56:36.736	331.692	1A04EP		test passed	BLD-EL-Conduits & Conduit Fittings-vs-BLD-DR-Plumbing Fixtures	0	ran and found nothing
08:56:36.768	331.724	1A04EP	TESTS CREATE	test created	BLD-EL-Conduits & Conduit Fittings-vs-BLD-EL-Cable Tray&Cable Tray Fittings	0.082	hard_conservative, 25 mm chosen in the tool is 0.082020997375 ft
08:56:37.057	332.012	1A04EP		rows for the workbook	BLD-EL-Conduits & Conduit Fittings-vs-BLD-EL-Cable Tray&Cable Tray Fittings	3	3 in the document
08:56:37.058	332.013	1A04EP		test found clashes	BLD-EL-Conduits & Conduit Fittings-vs-BLD-EL-Cable Tray&Cable Tray Fittings	3	ran and found clashes
08:56:37.112	332.068	1A04EP	TESTS CREATE	test created	BLD-EL-Conduits & Conduit Fittings-vs-BLD-EL-Electrical Equipment	0.082	hard_conservative, 25 mm chosen in the tool is 0.082020997375 ft
08:56:38.270	333.225	1A04EP		rows for the workbook	BLD-EL-Conduits & Conduit Fittings-vs-BLD-EL-Electrical Equipment	21	21 in the document
08:56:38.271	333.226	1A04EP		test found clashes	BLD-EL-Conduits & Conduit Fittings-vs-BLD-EL-Electrical Equipment	21	ran and found clashes
08:56:38.342	333.298	1A04EP	TESTS CREATE	test created	BLD-EL-Conduits & Conduit Fittings-vs-BLD-EL-Electrical Fixtures	0.082	hard_conservative, 25 mm chosen in the tool is 0.082020997375 ft
08:56:38.520	333.475	1A04EP		rows for the workbook	BLD-EL-Conduits & Conduit Fittings-vs-BLD-EL-Electrical Fixtures	0	0 in the document
08:56:38.521	333.476	1A04EP		test passed	BLD-EL-Conduits & Conduit Fittings-vs-BLD-EL-Electrical Fixtures	0	ran and found nothing
08:56:38.560	333.516	1A04EP	TESTS CREATE	test created	BLD-EL-Lighting Fixtures-vs-BLD-AR-Floors	0.082	hard_conservative, 25 mm chosen in the tool is 0.082020997375 ft
08:56:38.735	333.690	1A04EP		rows for the workbook	BLD-EL-Lighting Fixtures-vs-BLD-AR-Floors	0	0 in the document
08:56:38.736	333.691	1A04EP		test passed	BLD-EL-Lighting Fixtures-vs-BLD-AR-Floors	0	ran and found nothing
08:56:38.779	333.735	1A04EP	TESTS CREATE	test created	BLD-EL-Lighting Fixtures-vs-BLD-AR-Stairs	0.082	hard_conservative, 25 mm chosen in the tool is 0.082020997375 ft
08:56:39.074	334.030	1A04EP		rows for the workbook	BLD-EL-Lighting Fixtures-vs-BLD-AR-Stairs	2	2 in the document
08:56:39.075	334.031	1A04EP		test found clashes	BLD-EL-Lighting Fixtures-vs-BLD-AR-Stairs	2	ran and found clashes
08:56:39.126	334.082	1A04EP	TESTS CREATE	test created	BLD-EL-Lighting Fixtures-vs-BLD-AR-Ceilings	0.082	hard_conservative, 25 mm chosen in the tool is 0.082020997375 ft
08:56:39.513	334.469	1A04EP		rows for the workbook	BLD-EL-Lighting Fixtures-vs-BLD-AR-Ceilings	4	4 in the document
08:56:39.514	334.470	1A04EP		test found clashes	BLD-EL-Lighting Fixtures-vs-BLD-AR-Ceilings	4	ran and found clashes
08:56:39.560	334.516	1A04EP	TESTS CREATE	test created	BLD-EL-Lighting Fixtures-vs-BLD-AR-Walls	0.082	hard_conservative, 25 mm chosen in the tool is 0.082020997375 ft
08:56:39.718	334.673	1A04EP		rows for the workbook	BLD-EL-Lighting Fixtures-vs-BLD-AR-Walls	0	0 in the document
08:56:39.719	334.674	1A04EP		test passed	BLD-EL-Lighting Fixtures-vs-BLD-AR-Walls	0	ran and found nothing
08:56:39.764	334.720	1A04EP	TESTS CREATE	test created	BLD-EL-Lighting Fixtures-vs-BLD-AR-Windows	0.082	hard_conservative, 25 mm chosen in the tool is 0.082020997375 ft
08:56:39.945	334.900	1A04EP		rows for the workbook	BLD-EL-Lighting Fixtures-vs-BLD-AR-Windows	0	0 in the document
08:56:39.946	334.901	1A04EP		test passed	BLD-EL-Lighting Fixtures-vs-BLD-AR-Windows	0	ran and found nothing
08:56:39.985	334.941	1A04EP	TESTS CREATE	test created	BLD-EL-Lighting Fixtures-vs-BLD-AR-Curtain Panels	0.082	hard_conservative, 25 mm chosen in the tool is 0.082020997375 ft
08:56:40.156	335.111	1A04EP		rows for the workbook	BLD-EL-Lighting Fixtures-vs-BLD-AR-Curtain Panels	0	0 in the document
08:56:40.157	335.112	1A04EP		test passed	BLD-EL-Lighting Fixtures-vs-BLD-AR-Curtain Panels	0	ran and found nothing
08:56:40.188	335.144	1A04EP	TESTS CREATE	test created	BLD-EL-Lighting Fixtures-vs-BLD-AR-Curtain Mullions	0.082	hard_conservative, 25 mm chosen in the tool is 0.082020997375 ft
08:56:40.376	335.332	1A04EP		rows for the workbook	BLD-EL-Lighting Fixtures-vs-BLD-AR-Curtain Mullions	0	0 in the document
08:56:40.377	335.333	1A04EP		test passed	BLD-EL-Lighting Fixtures-vs-BLD-AR-Curtain Mullions	0	ran and found nothing
08:56:40.408	335.363	1A04EP	TESTS CREATE	test created	BLD-EL-Lighting Fixtures-vs-BLD-AR-Doors	0.082	hard_conservative, 25 mm chosen in the tool is 0.082020997375 ft
08:56:40.565	335.520	1A04EP		rows for the workbook	BLD-EL-Lighting Fixtures-vs-BLD-AR-Doors	0	0 in the document
08:56:40.566	335.522	1A04EP		test passed	BLD-EL-Lighting Fixtures-vs-BLD-AR-Doors	0	ran and found nothing
08:56:40.597	335.553	1A04EP	TESTS CREATE	test created	BLD-EL-Lighting Fixtures-vs-BLD-AR-Furniture	0.082	hard_conservative, 25 mm chosen in the tool is 0.082020997375 ft
08:56:40.752	335.707	1A04EP		rows for the workbook	BLD-EL-Lighting Fixtures-vs-BLD-AR-Furniture	0	0 in the document
08:56:40.753	335.708	1A04EP		test passed	BLD-EL-Lighting Fixtures-vs-BLD-AR-Furniture	0	ran and found nothing
08:56:40.784	335.740	1A04EP	TESTS CREATE	test created	BLD-EL-Lighting Fixtures-vs-BLD-AR-Railings	0.082	hard_conservative, 25 mm chosen in the tool is 0.082020997375 ft
08:56:40.944	335.899	1A04EP		rows for the workbook	BLD-EL-Lighting Fixtures-vs-BLD-AR-Railings	0	0 in the document
08:56:40.944	335.900	1A04EP		test passed	BLD-EL-Lighting Fixtures-vs-BLD-AR-Railings	0	ran and found nothing
08:56:40.986	335.941	1A04EP	TESTS CREATE	test created	BLD-EL-Lighting Fixtures-vs-BLD-ST-Foundation	0.082	hard_conservative, 25 mm chosen in the tool is 0.082020997375 ft
08:56:41.142	336.097	1A04EP		rows for the workbook	BLD-EL-Lighting Fixtures-vs-BLD-ST-Foundation	0	0 in the document
08:56:41.143	336.098	1A04EP		test passed	BLD-EL-Lighting Fixtures-vs-BLD-ST-Foundation	0	ran and found nothing
08:56:41.173	336.129	1A04EP	TESTS CREATE	test created	BLD-EL-Lighting Fixtures-vs-BLD-ST-Columns	0.082	hard_conservative, 25 mm chosen in the tool is 0.082020997375 ft
08:56:41.334	336.290	1A04EP		rows for the workbook	BLD-EL-Lighting Fixtures-vs-BLD-ST-Columns	0	0 in the document
08:56:41.335	336.292	1A04EP		test passed	BLD-EL-Lighting Fixtures-vs-BLD-ST-Columns	0	ran and found nothing
08:56:41.375	336.331	1A04EP	TESTS CREATE	test created	BLD-EL-Lighting Fixtures-vs-BLD-ST-Framing	0.082	hard_conservative, 25 mm chosen in the tool is 0.082020997375 ft
08:56:41.531	336.486	1A04EP		rows for the workbook	BLD-EL-Lighting Fixtures-vs-BLD-ST-Framing	0	0 in the document
08:56:41.533	336.488	1A04EP		test passed	BLD-EL-Lighting Fixtures-vs-BLD-ST-Framing	0	ran and found nothing
08:56:41.564	336.520	1A04EP	TESTS CREATE	test created	BLD-EL-Lighting Fixtures-vs-BLD-ST-Walls	0.082	hard_conservative, 25 mm chosen in the tool is 0.082020997375 ft
08:56:41.720	336.675	1A04EP		rows for the workbook	BLD-EL-Lighting Fixtures-vs-BLD-ST-Walls	0	0 in the document
08:56:41.720	336.676	1A04EP		test passed	BLD-EL-Lighting Fixtures-vs-BLD-ST-Walls	0	ran and found nothing
08:56:41.752	336.708	1A04EP	TESTS CREATE	test created	BLD-EL-Lighting Fixtures-vs-BLD-ST-Floors	0.082	hard_conservative, 25 mm chosen in the tool is 0.082020997375 ft
08:56:41.911	336.866	1A04EP		rows for the workbook	BLD-EL-Lighting Fixtures-vs-BLD-ST-Floors	0	0 in the document
08:56:41.912	336.867	1A04EP		test passed	BLD-EL-Lighting Fixtures-vs-BLD-ST-Floors	0	ran and found nothing
08:56:41.940	336.896	1A04EP	TESTS CREATE	test created	BLD-EL-Lighting Fixtures-vs-BLD-ST-Stair	0.082	hard_conservative, 25 mm chosen in the tool is 0.082020997375 ft
08:56:42.097	337.052	1A04EP		rows for the workbook	BLD-EL-Lighting Fixtures-vs-BLD-ST-Stair	0	0 in the document
08:56:42.097	337.053	1A04EP		test passed	BLD-EL-Lighting Fixtures-vs-BLD-ST-Stair	0	ran and found nothing
08:56:42.127	337.083	1A04EP	TESTS CREATE	test created	BLD-EL-Lighting Fixtures-vs-BLD-ME-Ducts&Duct Fittings	0.082	hard_conservative, 25 mm chosen in the tool is 0.082020997375 ft
08:56:42.362	337.317	1A04EP		rows for the workbook	BLD-EL-Lighting Fixtures-vs-BLD-ME-Ducts&Duct Fittings	1	1 in the document
08:56:42.363	337.318	1A04EP		test found clashes	BLD-EL-Lighting Fixtures-vs-BLD-ME-Ducts&Duct Fittings	1	ran and found clashes
08:56:42.409	337.365	1A04EP	TESTS CREATE	test created	BLD-EL-Lighting Fixtures-vs-BLD-ME-Duct Accessory	0.082	hard_conservative, 25 mm chosen in the tool is 0.082020997375 ft
08:56:42.571	337.526	1A04EP		rows for the workbook	BLD-EL-Lighting Fixtures-vs-BLD-ME-Duct Accessory	0	0 in the document
08:56:42.572	337.527	1A04EP		test passed	BLD-EL-Lighting Fixtures-vs-BLD-ME-Duct Accessory	0	ran and found nothing
08:56:42.611	337.566	1A04EP	TESTS CREATE	test created	BLD-EL-Lighting Fixtures-vs-BLD-ME-Mechanical Equipment	0.082	hard_conservative, 25 mm chosen in the tool is 0.082020997375 ft
08:56:42.814	337.769	1A04EP		rows for the workbook	BLD-EL-Lighting Fixtures-vs-BLD-ME-Mechanical Equipment	0	0 in the document
08:56:42.815	337.770	1A04EP		test passed	BLD-EL-Lighting Fixtures-vs-BLD-ME-Mechanical Equipment	0	ran and found nothing
08:56:42.846	337.802	1A04EP	TESTS CREATE	test created	BLD-EL-Lighting Fixtures-vs-BLD-ME-Air Terminals	0.082	hard_conservative, 25 mm chosen in the tool is 0.082020997375 ft
08:56:43.020	337.975	1A04EP		rows for the workbook	BLD-EL-Lighting Fixtures-vs-BLD-ME-Air Terminals	0	0 in the document
08:56:43.021	337.976	1A04EP		test passed	BLD-EL-Lighting Fixtures-vs-BLD-ME-Air Terminals	0	ran and found nothing
08:56:43.049	338.005	1A04EP	TESTS CREATE	test created	BLD-EL-Lighting Fixtures-vs-BLD-FF-Pipes & Pipe Fittings	0.082	hard_conservative, 25 mm chosen in the tool is 0.082020997375 ft
08:56:43.446	338.401	1A04EP		rows for the workbook	BLD-EL-Lighting Fixtures-vs-BLD-FF-Pipes & Pipe Fittings	5	5 in the document
08:56:43.447	338.402	1A04EP		test found clashes	BLD-EL-Lighting Fixtures-vs-BLD-FF-Pipes & Pipe Fittings	5	ran and found clashes
08:56:43.488	338.444	1A04EP	TESTS CREATE	test created	BLD-EL-Lighting Fixtures-vs-BLD-FF-Pipe Accessories	0.082	hard_conservative, 25 mm chosen in the tool is 0.082020997375 ft
08:56:43.647	338.603	1A04EP		rows for the workbook	BLD-EL-Lighting Fixtures-vs-BLD-FF-Pipe Accessories	0	0 in the document
08:56:43.648	338.603	1A04EP		test passed	BLD-EL-Lighting Fixtures-vs-BLD-FF-Pipe Accessories	0	ran and found nothing
08:56:43.678	338.634	1A04EP	TESTS CREATE	test created	BLD-EL-Lighting Fixtures-vs-BLD-FF-Sprinklers	0.082	hard_conservative, 25 mm chosen in the tool is 0.082020997375 ft
08:56:43.850	338.806	1A04EP		rows for the workbook	BLD-EL-Lighting Fixtures-vs-BLD-FF-Sprinklers	0	0 in the document
08:56:43.851	338.807	1A04EP		test passed	BLD-EL-Lighting Fixtures-vs-BLD-FF-Sprinklers	0	ran and found nothing
08:56:43.897	338.852	1A04EP	TESTS CREATE	test created	BLD-EL-Lighting Fixtures-vs-BLD-DR-Mechanical Equipment	0.082	hard_conservative, 25 mm chosen in the tool is 0.082020997375 ft
08:56:44.082	339.038	1A04EP		rows for the workbook	BLD-EL-Lighting Fixtures-vs-BLD-DR-Mechanical Equipment	0	0 in the document
08:56:44.083	339.038	1A04EP		test passed	BLD-EL-Lighting Fixtures-vs-BLD-DR-Mechanical Equipment	0	ran and found nothing
08:56:44.115	339.070	1A04EP	TESTS CREATE	test created	BLD-EL-Lighting Fixtures-vs-BLD-DR-Pipes & Pipe Fittings	0.082	hard_conservative, 25 mm chosen in the tool is 0.082020997375 ft
08:56:44.299	339.254	1A04EP		rows for the workbook	BLD-EL-Lighting Fixtures-vs-BLD-DR-Pipes & Pipe Fittings	0	0 in the document
08:56:44.300	339.255	1A04EP		test passed	BLD-EL-Lighting Fixtures-vs-BLD-DR-Pipes & Pipe Fittings	0	ran and found nothing
08:56:44.333	339.288	1A04EP	TESTS CREATE	test created	BLD-EL-Lighting Fixtures-vs-BLD-DR-Pipe Accessories	0.082	hard_conservative, 25 mm chosen in the tool is 0.082020997375 ft
08:56:44.503	339.458	1A04EP		rows for the workbook	BLD-EL-Lighting Fixtures-vs-BLD-DR-Pipe Accessories	0	0 in the document
08:56:44.503	339.459	1A04EP		test passed	BLD-EL-Lighting Fixtures-vs-BLD-DR-Pipe Accessories	0	ran and found nothing
08:56:44.537	339.492	1A04EP	TESTS CREATE	test created	BLD-EL-Lighting Fixtures-vs-BLD-DR-Plumbing Fixtures	0.082	hard_conservative, 25 mm chosen in the tool is 0.082020997375 ft
08:56:44.740	339.695	1A04EP		rows for the workbook	BLD-EL-Lighting Fixtures-vs-BLD-DR-Plumbing Fixtures	0	0 in the document
08:56:44.741	339.696	1A04EP		test passed	BLD-EL-Lighting Fixtures-vs-BLD-DR-Plumbing Fixtures	0	ran and found nothing
08:56:44.771	339.726	1A04EP	TESTS CREATE	test created	BLD-EL-Lighting Fixtures-vs-BLD-EL-Cable Tray&Cable Tray Fittings	0.082	hard_conservative, 25 mm chosen in the tool is 0.082020997375 ft
08:56:44.973	339.928	1A04EP		rows for the workbook	BLD-EL-Lighting Fixtures-vs-BLD-EL-Cable Tray&Cable Tray Fittings	0	0 in the document
08:56:44.974	339.929	1A04EP		test passed	BLD-EL-Lighting Fixtures-vs-BLD-EL-Cable Tray&Cable Tray Fittings	0	ran and found nothing
08:56:45.005	339.961	1A04EP	TESTS CREATE	test created	BLD-EL-Lighting Fixtures-vs-BLD-EL-Electrical Equipment	0.082	hard_conservative, 25 mm chosen in the tool is 0.082020997375 ft
08:56:45.175	340.130	1A04EP		rows for the workbook	BLD-EL-Lighting Fixtures-vs-BLD-EL-Electrical Equipment	0	0 in the document
08:56:45.176	340.131	1A04EP		test passed	BLD-EL-Lighting Fixtures-vs-BLD-EL-Electrical Equipment	0	ran and found nothing
08:56:45.209	340.165	1A04EP	TESTS CREATE	test created	BLD-EL-Lighting Fixtures-vs-BLD-EL-Electrical Fixtures	0.082	hard_conservative, 25 mm chosen in the tool is 0.082020997375 ft
08:56:45.397	340.352	1A04EP		rows for the workbook	BLD-EL-Lighting Fixtures-vs-BLD-EL-Electrical Fixtures	0	0 in the document
08:56:45.397	340.353	1A04EP		test passed	BLD-EL-Lighting Fixtures-vs-BLD-EL-Electrical Fixtures	0	ran and found nothing
08:56:45.428	340.384	1A04EP	TESTS CREATE	test created	BLD-EL-Lighting Fixtures-vs-BLD-EL-Conduits & Conduit Fittings	0.082	hard_conservative, 25 mm chosen in the tool is 0.082020997375 ft
08:56:45.602	340.558	1A04EP		rows for the workbook	BLD-EL-Lighting Fixtures-vs-BLD-EL-Conduits & Conduit Fittings	0	0 in the document
08:56:45.602	340.558	1A04EP		test passed	BLD-EL-Lighting Fixtures-vs-BLD-EL-Conduits & Conduit Fittings	0	ran and found nothing
08:56:45.633	340.589	1A04EP	TESTS CREATE	test created	BLD-EL-Lighting Devices-vs-BLD-AR-Floors	0.082	hard_conservative, 25 mm chosen in the tool is 0.082020997375 ft
08:56:45.806	340.761	1A04EP		rows for the workbook	BLD-EL-Lighting Devices-vs-BLD-AR-Floors	0	0 in the document
08:56:45.807	340.762	1A04EP		test passed	BLD-EL-Lighting Devices-vs-BLD-AR-Floors	0	ran and found nothing
08:56:45.837	340.793	1A04EP	TESTS CREATE	test created	BLD-EL-Lighting Devices-vs-BLD-AR-Stairs	0.082	hard_conservative, 25 mm chosen in the tool is 0.082020997375 ft
08:56:45.990	340.945	1A04EP		rows for the workbook	BLD-EL-Lighting Devices-vs-BLD-AR-Stairs	0	0 in the document
08:56:45.991	340.946	1A04EP		test passed	BLD-EL-Lighting Devices-vs-BLD-AR-Stairs	0	ran and found nothing
08:56:46.026	340.982	1A04EP	TESTS CREATE	test created	BLD-EL-Lighting Devices-vs-BLD-AR-Ceilings	0.082	hard_conservative, 25 mm chosen in the tool is 0.082020997375 ft
08:56:46.173	341.128	1A04EP		rows for the workbook	BLD-EL-Lighting Devices-vs-BLD-AR-Ceilings	0	0 in the document
08:56:46.173	341.129	1A04EP		test passed	BLD-EL-Lighting Devices-vs-BLD-AR-Ceilings	0	ran and found nothing
08:56:46.229	341.185	1A04EP	TESTS CREATE	test created	BLD-EL-Lighting Devices-vs-BLD-AR-Walls	0.082	hard_conservative, 25 mm chosen in the tool is 0.082020997375 ft
08:56:46.763	341.720	1A04EP		rows for the workbook	BLD-EL-Lighting Devices-vs-BLD-AR-Walls	8	8 in the document
08:56:46.765	341.720	1A04EP		test found clashes	BLD-EL-Lighting Devices-vs-BLD-AR-Walls	8	ran and found clashes
08:56:46.828	341.783	1A04EP	TESTS CREATE	test created	BLD-EL-Lighting Devices-vs-BLD-AR-Windows	0.082	hard_conservative, 25 mm chosen in the tool is 0.082020997375 ft
08:56:47.002	341.958	1A04EP		rows for the workbook	BLD-EL-Lighting Devices-vs-BLD-AR-Windows	0	0 in the document
08:56:47.003	341.959	1A04EP		test passed	BLD-EL-Lighting Devices-vs-BLD-AR-Windows	0	ran and found nothing
08:56:47.034	341.990	1A04EP	TESTS CREATE	test created	BLD-EL-Lighting Devices-vs-BLD-AR-Curtain Panels	0.082	hard_conservative, 25 mm chosen in the tool is 0.082020997375 ft
08:56:47.207	342.162	1A04EP		rows for the workbook	BLD-EL-Lighting Devices-vs-BLD-AR-Curtain Panels	0	0 in the document
08:56:47.207	342.163	1A04EP		test passed	BLD-EL-Lighting Devices-vs-BLD-AR-Curtain Panels	0	ran and found nothing
08:56:47.241	342.196	1A04EP	TESTS CREATE	test created	BLD-EL-Lighting Devices-vs-BLD-AR-Curtain Mullions	0.082	hard_conservative, 25 mm chosen in the tool is 0.082020997375 ft
08:56:47.400	342.355	1A04EP		rows for the workbook	BLD-EL-Lighting Devices-vs-BLD-AR-Curtain Mullions	0	0 in the document
08:56:47.401	342.356	1A04EP		test passed	BLD-EL-Lighting Devices-vs-BLD-AR-Curtain Mullions	0	ran and found nothing
08:56:47.428	342.384	1A04EP	TESTS CREATE	test created	BLD-EL-Lighting Devices-vs-BLD-AR-Doors	0.082	hard_conservative, 25 mm chosen in the tool is 0.082020997375 ft
08:56:47.616	342.571	1A04EP		rows for the workbook	BLD-EL-Lighting Devices-vs-BLD-AR-Doors	0	0 in the document
08:56:47.616	342.572	1A04EP		test passed	BLD-EL-Lighting Devices-vs-BLD-AR-Doors	0	ran and found nothing
08:56:47.647	342.603	1A04EP	TESTS CREATE	test created	BLD-EL-Lighting Devices-vs-BLD-AR-Furniture	0.082	hard_conservative, 25 mm chosen in the tool is 0.082020997375 ft
08:56:47.820	342.775	1A04EP		rows for the workbook	BLD-EL-Lighting Devices-vs-BLD-AR-Furniture	0	0 in the document
08:56:47.821	342.776	1A04EP		test passed	BLD-EL-Lighting Devices-vs-BLD-AR-Furniture	0	ran and found nothing
08:56:47.851	342.806	1A04EP	TESTS CREATE	test created	BLD-EL-Lighting Devices-vs-BLD-AR-Railings	0.082	hard_conservative, 25 mm chosen in the tool is 0.082020997375 ft
08:56:48.002	342.957	1A04EP		rows for the workbook	BLD-EL-Lighting Devices-vs-BLD-AR-Railings	0	0 in the document
08:56:48.003	342.958	1A04EP		test passed	BLD-EL-Lighting Devices-vs-BLD-AR-Railings	0	ran and found nothing
08:56:48.039	342.994	1A04EP	TESTS CREATE	test created	BLD-EL-Lighting Devices-vs-BLD-ST-Foundation	0.082	hard_conservative, 25 mm chosen in the tool is 0.082020997375 ft
08:56:48.191	343.146	1A04EP		rows for the workbook	BLD-EL-Lighting Devices-vs-BLD-ST-Foundation	0	0 in the document
08:56:48.192	343.147	1A04EP		test passed	BLD-EL-Lighting Devices-vs-BLD-ST-Foundation	0	ran and found nothing
08:56:48.227	343.183	1A04EP	TESTS CREATE	test created	BLD-EL-Lighting Devices-vs-BLD-ST-Columns	0.082	hard_conservative, 25 mm chosen in the tool is 0.082020997375 ft
08:56:48.382	343.337	1A04EP		rows for the workbook	BLD-EL-Lighting Devices-vs-BLD-ST-Columns	0	0 in the document
08:56:48.383	343.338	1A04EP		test passed	BLD-EL-Lighting Devices-vs-BLD-ST-Columns	0	ran and found nothing
08:56:48.415	343.370	1A04EP	TESTS CREATE	test created	BLD-EL-Lighting Devices-vs-BLD-ST-Framing	0.082	hard_conservative, 25 mm chosen in the tool is 0.082020997375 ft
08:56:48.581	343.536	1A04EP		rows for the workbook	BLD-EL-Lighting Devices-vs-BLD-ST-Framing	0	0 in the document
08:56:48.582	343.537	1A04EP		test passed	BLD-EL-Lighting Devices-vs-BLD-ST-Framing	0	ran and found nothing
08:56:48.620	343.575	1A04EP	TESTS CREATE	test created	BLD-EL-Lighting Devices-vs-BLD-ST-Walls	0.082	hard_conservative, 25 mm chosen in the tool is 0.082020997375 ft
08:56:48.791	343.747	1A04EP		rows for the workbook	BLD-EL-Lighting Devices-vs-BLD-ST-Walls	0	0 in the document
08:56:48.792	343.748	1A04EP		test passed	BLD-EL-Lighting Devices-vs-BLD-ST-Walls	0	ran and found nothing
08:56:48.823	343.779	1A04EP	TESTS CREATE	test created	BLD-EL-Lighting Devices-vs-BLD-ST-Floors	0.082	hard_conservative, 25 mm chosen in the tool is 0.082020997375 ft
08:56:48.985	343.940	1A04EP		rows for the workbook	BLD-EL-Lighting Devices-vs-BLD-ST-Floors	0	0 in the document
08:56:48.986	343.941	1A04EP		test passed	BLD-EL-Lighting Devices-vs-BLD-ST-Floors	0	ran and found nothing
08:56:49.028	343.984	1A04EP	TESTS CREATE	test created	BLD-EL-Lighting Devices-vs-BLD-ST-Stair	0.082	hard_conservative, 25 mm chosen in the tool is 0.082020997375 ft
08:56:49.177	344.132	1A04EP		rows for the workbook	BLD-EL-Lighting Devices-vs-BLD-ST-Stair	0	0 in the document
08:56:49.178	344.133	1A04EP		test passed	BLD-EL-Lighting Devices-vs-BLD-ST-Stair	0	ran and found nothing
08:56:49.215	344.170	1A04EP	TESTS CREATE	test created	BLD-EL-Lighting Devices-vs-BLD-ME-Ducts&Duct Fittings	0.082	hard_conservative, 25 mm chosen in the tool is 0.082020997375 ft
08:56:49.366	344.322	1A04EP		rows for the workbook	BLD-EL-Lighting Devices-vs-BLD-ME-Ducts&Duct Fittings	0	0 in the document
08:56:49.367	344.323	1A04EP		test passed	BLD-EL-Lighting Devices-vs-BLD-ME-Ducts&Duct Fittings	0	ran and found nothing
08:56:49.402	344.358	1A04EP	TESTS CREATE	test created	BLD-EL-Lighting Devices-vs-BLD-ME-Duct Accessory	0.082	hard_conservative, 25 mm chosen in the tool is 0.082020997375 ft
08:56:49.567	344.522	1A04EP		rows for the workbook	BLD-EL-Lighting Devices-vs-BLD-ME-Duct Accessory	0	0 in the document
08:56:49.568	344.523	1A04EP		test passed	BLD-EL-Lighting Devices-vs-BLD-ME-Duct Accessory	0	ran and found nothing
08:56:49.605	344.561	1A04EP	TESTS CREATE	test created	BLD-EL-Lighting Devices-vs-BLD-ME-Mechanical Equipment	0.082	hard_conservative, 25 mm chosen in the tool is 0.082020997375 ft
08:56:49.766	344.721	1A04EP		rows for the workbook	BLD-EL-Lighting Devices-vs-BLD-ME-Mechanical Equipment	0	0 in the document
08:56:49.767	344.722	1A04EP		test passed	BLD-EL-Lighting Devices-vs-BLD-ME-Mechanical Equipment	0	ran and found nothing
08:56:49.808	344.763	1A04EP	TESTS CREATE	test created	BLD-EL-Lighting Devices-vs-BLD-ME-Air Terminals	0.082	hard_conservative, 25 mm chosen in the tool is 0.082020997375 ft
08:56:49.979	344.934	1A04EP		rows for the workbook	BLD-EL-Lighting Devices-vs-BLD-ME-Air Terminals	0	0 in the document
08:56:49.980	344.935	1A04EP		test passed	BLD-EL-Lighting Devices-vs-BLD-ME-Air Terminals	0	ran and found nothing
08:56:50.010	344.966	1A04EP	TESTS CREATE	test created	BLD-EL-Lighting Devices-vs-BLD-FF-Pipes & Pipe Fittings	0.082	hard_conservative, 25 mm chosen in the tool is 0.082020997375 ft
08:56:50.211	345.166	1A04EP		rows for the workbook	BLD-EL-Lighting Devices-vs-BLD-FF-Pipes & Pipe Fittings	0	0 in the document
08:56:50.212	345.167	1A04EP		test passed	BLD-EL-Lighting Devices-vs-BLD-FF-Pipes & Pipe Fittings	0	ran and found nothing
08:56:50.242	345.198	1A04EP	TESTS CREATE	test created	BLD-EL-Lighting Devices-vs-BLD-FF-Pipe Accessories	0.082	hard_conservative, 25 mm chosen in the tool is 0.082020997375 ft
08:56:50.400	345.355	1A04EP		rows for the workbook	BLD-EL-Lighting Devices-vs-BLD-FF-Pipe Accessories	0	0 in the document
08:56:50.400	345.356	1A04EP		test passed	BLD-EL-Lighting Devices-vs-BLD-FF-Pipe Accessories	0	ran and found nothing
08:56:50.429	345.385	1A04EP	TESTS CREATE	test created	BLD-EL-Lighting Devices-vs-BLD-FF-Sprinklers	0.082	hard_conservative, 25 mm chosen in the tool is 0.082020997375 ft
08:56:50.586	345.541	1A04EP		rows for the workbook	BLD-EL-Lighting Devices-vs-BLD-FF-Sprinklers	0	0 in the document
08:56:50.587	345.542	1A04EP		test passed	BLD-EL-Lighting Devices-vs-BLD-FF-Sprinklers	0	ran and found nothing
08:56:50.617	345.572	1A04EP	TESTS CREATE	test created	BLD-EL-Lighting Devices-vs-BLD-DR-Mechanical Equipment	0.082	hard_conservative, 25 mm chosen in the tool is 0.082020997375 ft
08:56:50.768	345.724	1A04EP		rows for the workbook	BLD-EL-Lighting Devices-vs-BLD-DR-Mechanical Equipment	0	0 in the document
08:56:50.770	345.725	1A04EP		test passed	BLD-EL-Lighting Devices-vs-BLD-DR-Mechanical Equipment	0	ran and found nothing
08:56:50.804	345.760	1A04EP	TESTS CREATE	test created	BLD-EL-Lighting Devices-vs-BLD-DR-Pipes & Pipe Fittings	0.082	hard_conservative, 25 mm chosen in the tool is 0.082020997375 ft
08:56:50.957	345.913	1A04EP		rows for the workbook	BLD-EL-Lighting Devices-vs-BLD-DR-Pipes & Pipe Fittings	0	0 in the document
08:56:50.957	345.913	1A04EP		test passed	BLD-EL-Lighting Devices-vs-BLD-DR-Pipes & Pipe Fittings	0	ran and found nothing
08:56:50.991	345.947	1A04EP	TESTS CREATE	test created	BLD-EL-Lighting Devices-vs-BLD-DR-Pipe Accessories	0.082	hard_conservative, 25 mm chosen in the tool is 0.082020997375 ft
08:56:51.143	346.098	1A04EP		rows for the workbook	BLD-EL-Lighting Devices-vs-BLD-DR-Pipe Accessories	0	0 in the document
08:56:51.144	346.099	1A04EP		test passed	BLD-EL-Lighting Devices-vs-BLD-DR-Pipe Accessories	0	ran and found nothing
08:56:51.178	346.134	1A04EP	TESTS CREATE	test created	BLD-EL-Lighting Devices-vs-BLD-DR-Plumbing Fixtures	0.082	hard_conservative, 25 mm chosen in the tool is 0.082020997375 ft
08:56:51.328	346.283	1A04EP		rows for the workbook	BLD-EL-Lighting Devices-vs-BLD-DR-Plumbing Fixtures	0	0 in the document
08:56:51.329	346.284	1A04EP		test passed	BLD-EL-Lighting Devices-vs-BLD-DR-Plumbing Fixtures	0	ran and found nothing
08:56:51.365	346.321	1A04EP	TESTS CREATE	test created	BLD-EL-Lighting Devices-vs-BLD-EL-Cable Tray&Cable Tray Fittings	0.082	hard_conservative, 25 mm chosen in the tool is 0.082020997375 ft
08:56:51.521	346.477	1A04EP		rows for the workbook	BLD-EL-Lighting Devices-vs-BLD-EL-Cable Tray&Cable Tray Fittings	0	0 in the document
08:56:51.522	346.478	1A04EP		test passed	BLD-EL-Lighting Devices-vs-BLD-EL-Cable Tray&Cable Tray Fittings	0	ran and found nothing
08:56:51.555	346.510	1A04EP	TESTS CREATE	test created	BLD-EL-Lighting Devices-vs-BLD-EL-Electrical Equipment	0.082	hard_conservative, 25 mm chosen in the tool is 0.082020997375 ft
08:56:51.707	346.662	1A04EP		rows for the workbook	BLD-EL-Lighting Devices-vs-BLD-EL-Electrical Equipment	0	0 in the document
08:56:51.708	346.663	1A04EP		test passed	BLD-EL-Lighting Devices-vs-BLD-EL-Electrical Equipment	0	ran and found nothing
08:56:51.741	346.697	1A04EP	TESTS CREATE	test created	BLD-EL-Lighting Devices-vs-BLD-EL-Electrical Fixtures	0.082	hard_conservative, 25 mm chosen in the tool is 0.082020997375 ft
08:56:51.892	346.847	1A04EP		rows for the workbook	BLD-EL-Lighting Devices-vs-BLD-EL-Electrical Fixtures	0	0 in the document
08:56:51.893	346.848	1A04EP		test passed	BLD-EL-Lighting Devices-vs-BLD-EL-Electrical Fixtures	0	ran and found nothing
08:56:51.928	346.884	1A04EP	TESTS CREATE	test created	BLD-EL-Lighting Devices-vs-BLD-EL-Conduits & Conduit Fittings	0.082	hard_conservative, 25 mm chosen in the tool is 0.082020997375 ft
08:56:52.085	347.040	1A04EP		rows for the workbook	BLD-EL-Lighting Devices-vs-BLD-EL-Conduits & Conduit Fittings	0	0 in the document
08:56:52.085	347.041	1A04EP		test passed	BLD-EL-Lighting Devices-vs-BLD-EL-Conduits & Conduit Fittings	0	ran and found nothing
08:56:52.115	347.071	1A04EP	TESTS CREATE	test created	BLD-EL-Lighting Devices-vs-BLD-EL-Lighting Fixtures	0.082	hard_conservative, 25 mm chosen in the tool is 0.082020997375 ft
08:56:52.266	347.222	1A04EP		rows for the workbook	BLD-EL-Lighting Devices-vs-BLD-EL-Lighting Fixtures	0	0 in the document
08:56:52.267	347.222	1A04EP		test passed	BLD-EL-Lighting Devices-vs-BLD-EL-Lighting Fixtures	0	ran and found nothing
08:56:52.302	347.257	1A04EP	TESTS CREATE	test created	BLD-EL-Fire Alarm Devices-vs-BLD-AR-Floors	0.082	hard_conservative, 25 mm chosen in the tool is 0.082020997375 ft
08:56:52.472	347.428	1A04EP		rows for the workbook	BLD-EL-Fire Alarm Devices-vs-BLD-AR-Floors	0	0 in the document
08:56:52.473	347.429	1A04EP		test passed	BLD-EL-Fire Alarm Devices-vs-BLD-AR-Floors	0	ran and found nothing
08:56:52.503	347.459	1A04EP	TESTS CREATE	test created	BLD-EL-Fire Alarm Devices-vs-BLD-AR-Stairs	0.082	hard_conservative, 25 mm chosen in the tool is 0.082020997375 ft
08:56:52.674	347.629	1A04EP		rows for the workbook	BLD-EL-Fire Alarm Devices-vs-BLD-AR-Stairs	0	0 in the document
08:56:52.675	347.630	1A04EP		test passed	BLD-EL-Fire Alarm Devices-vs-BLD-AR-Stairs	0	ran and found nothing
08:56:52.704	347.660	1A04EP	TESTS CREATE	test created	BLD-EL-Fire Alarm Devices-vs-BLD-AR-Ceilings	0.082	hard_conservative, 25 mm chosen in the tool is 0.082020997375 ft
08:56:53.141	348.097	1A04EP		rows for the workbook	BLD-EL-Fire Alarm Devices-vs-BLD-AR-Ceilings	6	6 in the document
08:56:53.142	348.098	1A04EP		test found clashes	BLD-EL-Fire Alarm Devices-vs-BLD-AR-Ceilings	6	ran and found clashes
08:56:53.191	348.146	1A04EP	TESTS CREATE	test created	BLD-EL-Fire Alarm Devices-vs-BLD-AR-Walls	0.082	hard_conservative, 25 mm chosen in the tool is 0.082020997375 ft
08:56:53.647	348.602	1A04EP		rows for the workbook	BLD-EL-Fire Alarm Devices-vs-BLD-AR-Walls	6	6 in the document
08:56:53.648	348.603	1A04EP		test found clashes	BLD-EL-Fire Alarm Devices-vs-BLD-AR-Walls	6	ran and found clashes
08:56:53.720	348.676	1A04EP	TESTS CREATE	test created	BLD-EL-Fire Alarm Devices-vs-BLD-AR-Windows	0.082	hard_conservative, 25 mm chosen in the tool is 0.082020997375 ft
08:56:53.868	348.823	1A04EP		rows for the workbook	BLD-EL-Fire Alarm Devices-vs-BLD-AR-Windows	0	0 in the document
08:56:53.868	348.824	1A04EP		test passed	BLD-EL-Fire Alarm Devices-vs-BLD-AR-Windows	0	ran and found nothing
08:56:53.908	348.863	1A04EP	TESTS CREATE	test created	BLD-EL-Fire Alarm Devices-vs-BLD-AR-Curtain Panels	0.082	hard_conservative, 25 mm chosen in the tool is 0.082020997375 ft
08:56:54.064	349.019	1A04EP		rows for the workbook	BLD-EL-Fire Alarm Devices-vs-BLD-AR-Curtain Panels	0	0 in the document
08:56:54.065	349.020	1A04EP		test passed	BLD-EL-Fire Alarm Devices-vs-BLD-AR-Curtain Panels	0	ran and found nothing
08:56:54.094	349.050	1A04EP	TESTS CREATE	test created	BLD-EL-Fire Alarm Devices-vs-BLD-AR-Curtain Mullions	0.082	hard_conservative, 25 mm chosen in the tool is 0.082020997375 ft
08:56:54.266	349.222	1A04EP		rows for the workbook	BLD-EL-Fire Alarm Devices-vs-BLD-AR-Curtain Mullions	0	0 in the document
08:56:54.267	349.222	1A04EP		test passed	BLD-EL-Fire Alarm Devices-vs-BLD-AR-Curtain Mullions	0	ran and found nothing
08:56:54.298	349.253	1A04EP	TESTS CREATE	test created	BLD-EL-Fire Alarm Devices-vs-BLD-AR-Doors	0.082	hard_conservative, 25 mm chosen in the tool is 0.082020997375 ft
08:56:54.540	349.495	1A04EP		rows for the workbook	BLD-EL-Fire Alarm Devices-vs-BLD-AR-Doors	2	2 in the document
08:56:54.540	349.496	1A04EP		test found clashes	BLD-EL-Fire Alarm Devices-vs-BLD-AR-Doors	2	ran and found clashes
08:56:54.564	349.519	1A04EP	TESTS CREATE	test created	BLD-EL-Fire Alarm Devices-vs-BLD-AR-Furniture	0.082	hard_conservative, 25 mm chosen in the tool is 0.082020997375 ft
08:56:54.735	349.691	1A04EP		rows for the workbook	BLD-EL-Fire Alarm Devices-vs-BLD-AR-Furniture	0	0 in the document
08:56:54.736	349.692	1A04EP		test passed	BLD-EL-Fire Alarm Devices-vs-BLD-AR-Furniture	0	ran and found nothing
08:56:54.766	349.722	1A04EP	TESTS CREATE	test created	BLD-EL-Fire Alarm Devices-vs-BLD-AR-Railings	0.082	hard_conservative, 25 mm chosen in the tool is 0.082020997375 ft
08:56:54.915	349.871	1A04EP		rows for the workbook	BLD-EL-Fire Alarm Devices-vs-BLD-AR-Railings	0	0 in the document
08:56:54.915	349.872	1A04EP		test passed	BLD-EL-Fire Alarm Devices-vs-BLD-AR-Railings	0	ran and found nothing
08:56:54.953	349.909	1A04EP	TESTS CREATE	test created	BLD-EL-Fire Alarm Devices-vs-BLD-ST-Foundation	0.082	hard_conservative, 25 mm chosen in the tool is 0.082020997375 ft
08:56:55.139	350.095	1A04EP		rows for the workbook	BLD-EL-Fire Alarm Devices-vs-BLD-ST-Foundation	0	0 in the document
08:56:55.139	350.096	1A04EP		test passed	BLD-EL-Fire Alarm Devices-vs-BLD-ST-Foundation	0	ran and found nothing
08:56:55.187	350.143	1A04EP	TESTS CREATE	test created	BLD-EL-Fire Alarm Devices-vs-BLD-ST-Columns	0.082	hard_conservative, 25 mm chosen in the tool is 0.082020997375 ft
08:56:55.351	350.307	1A04EP		rows for the workbook	BLD-EL-Fire Alarm Devices-vs-BLD-ST-Columns	0	0 in the document
08:56:55.352	350.308	1A04EP		test passed	BLD-EL-Fire Alarm Devices-vs-BLD-ST-Columns	0	ran and found nothing
08:56:55.389	350.345	1A04EP	TESTS CREATE	test created	BLD-EL-Fire Alarm Devices-vs-BLD-ST-Framing	0.082	hard_conservative, 25 mm chosen in the tool is 0.082020997375 ft
08:56:55.560	350.515	1A04EP		rows for the workbook	BLD-EL-Fire Alarm Devices-vs-BLD-ST-Framing	0	0 in the document
08:56:55.561	350.516	1A04EP		test passed	BLD-EL-Fire Alarm Devices-vs-BLD-ST-Framing	0	ran and found nothing
08:56:55.606	350.562	1A04EP	TESTS CREATE	test created	BLD-EL-Fire Alarm Devices-vs-BLD-ST-Walls	0.082	hard_conservative, 25 mm chosen in the tool is 0.082020997375 ft
08:56:55.779	350.734	1A04EP		rows for the workbook	BLD-EL-Fire Alarm Devices-vs-BLD-ST-Walls	0	0 in the document
08:56:55.780	350.735	1A04EP		test passed	BLD-EL-Fire Alarm Devices-vs-BLD-ST-Walls	0	ran and found nothing
08:56:55.810	350.767	1A04EP	TESTS CREATE	test created	BLD-EL-Fire Alarm Devices-vs-BLD-ST-Floors	0.082	hard_conservative, 25 mm chosen in the tool is 0.082020997375 ft
08:56:55.991	350.947	1A04EP		rows for the workbook	BLD-EL-Fire Alarm Devices-vs-BLD-ST-Floors	0	0 in the document
08:56:55.992	350.947	1A04EP		test passed	BLD-EL-Fire Alarm Devices-vs-BLD-ST-Floors	0	ran and found nothing
08:56:56.046	351.002	1A04EP	TESTS CREATE	test created	BLD-EL-Fire Alarm Devices-vs-BLD-ST-Stair	0.082	hard_conservative, 25 mm chosen in the tool is 0.082020997375 ft
08:56:56.209	351.164	1A04EP		rows for the workbook	BLD-EL-Fire Alarm Devices-vs-BLD-ST-Stair	0	0 in the document
08:56:56.209	351.165	1A04EP		test passed	BLD-EL-Fire Alarm Devices-vs-BLD-ST-Stair	0	ran and found nothing
08:56:56.250	351.205	1A04EP	TESTS CREATE	test created	BLD-EL-Fire Alarm Devices-vs-BLD-ME-Ducts&Duct Fittings	0.082	hard_conservative, 25 mm chosen in the tool is 0.082020997375 ft
08:56:56.472	351.428	1A04EP		rows for the workbook	BLD-EL-Fire Alarm Devices-vs-BLD-ME-Ducts&Duct Fittings	1	1 in the document
08:56:56.473	351.429	1A04EP		test found clashes	BLD-EL-Fire Alarm Devices-vs-BLD-ME-Ducts&Duct Fittings	1	ran and found clashes
08:56:56.546	351.501	1A04EP	TESTS CREATE	test created	BLD-EL-Fire Alarm Devices-vs-BLD-ME-Duct Accessory	0.082	hard_conservative, 25 mm chosen in the tool is 0.082020997375 ft
08:56:56.731	351.687	1A04EP		rows for the workbook	BLD-EL-Fire Alarm Devices-vs-BLD-ME-Duct Accessory	0	0 in the document
08:56:56.733	351.689	1A04EP		test passed	BLD-EL-Fire Alarm Devices-vs-BLD-ME-Duct Accessory	0	ran and found nothing
08:56:56.777	351.733	1A04EP	TESTS CREATE	test created	BLD-EL-Fire Alarm Devices-vs-BLD-ME-Mechanical Equipment	0.082	hard_conservative, 25 mm chosen in the tool is 0.082020997375 ft
08:56:56.929	351.884	1A04EP		rows for the workbook	BLD-EL-Fire Alarm Devices-vs-BLD-ME-Mechanical Equipment	0	0 in the document
08:56:56.929	351.885	1A04EP		test passed	BLD-EL-Fire Alarm Devices-vs-BLD-ME-Mechanical Equipment	0	ran and found nothing
08:56:56.965	351.921	1A04EP	TESTS CREATE	test created	BLD-EL-Fire Alarm Devices-vs-BLD-ME-Air Terminals	0.082	hard_conservative, 25 mm chosen in the tool is 0.082020997375 ft
08:56:57.131	352.087	1A04EP		rows for the workbook	BLD-EL-Fire Alarm Devices-vs-BLD-ME-Air Terminals	0	0 in the document
08:56:57.132	352.088	1A04EP		test passed	BLD-EL-Fire Alarm Devices-vs-BLD-ME-Air Terminals	0	ran and found nothing
08:56:57.167	352.123	1A04EP	TESTS CREATE	test created	BLD-EL-Fire Alarm Devices-vs-BLD-FF-Pipes & Pipe Fittings	0.082	hard_conservative, 25 mm chosen in the tool is 0.082020997375 ft
08:56:57.337	352.292	1A04EP		rows for the workbook	BLD-EL-Fire Alarm Devices-vs-BLD-FF-Pipes & Pipe Fittings	0	0 in the document
08:56:57.338	352.293	1A04EP		test passed	BLD-EL-Fire Alarm Devices-vs-BLD-FF-Pipes & Pipe Fittings	0	ran and found nothing
08:56:57.368	352.324	1A04EP	TESTS CREATE	test created	BLD-EL-Fire Alarm Devices-vs-BLD-FF-Pipe Accessories	0.082	hard_conservative, 25 mm chosen in the tool is 0.082020997375 ft
08:56:57.516	352.472	1A04EP		rows for the workbook	BLD-EL-Fire Alarm Devices-vs-BLD-FF-Pipe Accessories	0	0 in the document
08:56:57.517	352.473	1A04EP		test passed	BLD-EL-Fire Alarm Devices-vs-BLD-FF-Pipe Accessories	0	ran and found nothing
08:56:57.553	352.509	1A04EP	TESTS CREATE	test created	BLD-EL-Fire Alarm Devices-vs-BLD-FF-Sprinklers	0.082	hard_conservative, 25 mm chosen in the tool is 0.082020997375 ft
08:56:57.703	352.658	1A04EP		rows for the workbook	BLD-EL-Fire Alarm Devices-vs-BLD-FF-Sprinklers	0	0 in the document
08:56:57.704	352.659	1A04EP		test passed	BLD-EL-Fire Alarm Devices-vs-BLD-FF-Sprinklers	0	ran and found nothing
08:56:57.740	352.696	1A04EP	TESTS CREATE	test created	BLD-EL-Fire Alarm Devices-vs-BLD-DR-Mechanical Equipment	0.082	hard_conservative, 25 mm chosen in the tool is 0.082020997375 ft
08:56:57.892	352.847	1A04EP		rows for the workbook	BLD-EL-Fire Alarm Devices-vs-BLD-DR-Mechanical Equipment	0	0 in the document
08:56:57.892	352.848	1A04EP		test passed	BLD-EL-Fire Alarm Devices-vs-BLD-DR-Mechanical Equipment	0	ran and found nothing
08:56:57.927	352.883	1A04EP	TESTS CREATE	test created	BLD-EL-Fire Alarm Devices-vs-BLD-DR-Pipes & Pipe Fittings	0.082	hard_conservative, 25 mm chosen in the tool is 0.082020997375 ft
08:56:58.081	353.037	1A04EP		rows for the workbook	BLD-EL-Fire Alarm Devices-vs-BLD-DR-Pipes & Pipe Fittings	0	0 in the document
08:56:58.081	353.037	1A04EP		test passed	BLD-EL-Fire Alarm Devices-vs-BLD-DR-Pipes & Pipe Fittings	0	ran and found nothing
08:56:58.115	353.071	1A04EP	TESTS CREATE	test created	BLD-EL-Fire Alarm Devices-vs-BLD-DR-Pipe Accessories	0.082	hard_conservative, 25 mm chosen in the tool is 0.082020997375 ft
08:56:58.266	353.222	1A04EP		rows for the workbook	BLD-EL-Fire Alarm Devices-vs-BLD-DR-Pipe Accessories	0	0 in the document
08:56:58.266	353.222	1A04EP		test passed	BLD-EL-Fire Alarm Devices-vs-BLD-DR-Pipe Accessories	0	ran and found nothing
08:56:58.304	353.260	1A04EP	TESTS CREATE	test created	BLD-EL-Fire Alarm Devices-vs-BLD-DR-Plumbing Fixtures	0.082	hard_conservative, 25 mm chosen in the tool is 0.082020997375 ft
08:56:58.477	353.433	1A04EP		rows for the workbook	BLD-EL-Fire Alarm Devices-vs-BLD-DR-Plumbing Fixtures	0	0 in the document
08:56:58.478	353.434	1A04EP		test passed	BLD-EL-Fire Alarm Devices-vs-BLD-DR-Plumbing Fixtures	0	ran and found nothing
08:56:58.508	353.463	1A04EP	TESTS CREATE	test created	BLD-EL-Fire Alarm Devices-vs-BLD-EL-Cable Tray&Cable Tray Fittings	0.082	hard_conservative, 25 mm chosen in the tool is 0.082020997375 ft
08:56:58.659	353.615	1A04EP		rows for the workbook	BLD-EL-Fire Alarm Devices-vs-BLD-EL-Cable Tray&Cable Tray Fittings	0	0 in the document
08:56:58.659	353.616	1A04EP		test passed	BLD-EL-Fire Alarm Devices-vs-BLD-EL-Cable Tray&Cable Tray Fittings	0	ran and found nothing
08:56:58.696	353.652	1A04EP	TESTS CREATE	test created	BLD-EL-Fire Alarm Devices-vs-BLD-EL-Electrical Equipment	0.082	hard_conservative, 25 mm chosen in the tool is 0.082020997375 ft
08:56:58.849	353.804	1A04EP		rows for the workbook	BLD-EL-Fire Alarm Devices-vs-BLD-EL-Electrical Equipment	0	0 in the document
08:56:58.850	353.805	1A04EP		test passed	BLD-EL-Fire Alarm Devices-vs-BLD-EL-Electrical Equipment	0	ran and found nothing
08:56:58.885	353.841	1A04EP	TESTS CREATE	test created	BLD-EL-Fire Alarm Devices-vs-BLD-EL-Electrical Fixtures	0.082	hard_conservative, 25 mm chosen in the tool is 0.082020997375 ft
08:56:59.037	353.992	1A04EP		rows for the workbook	BLD-EL-Fire Alarm Devices-vs-BLD-EL-Electrical Fixtures	0	0 in the document
08:56:59.038	353.993	1A04EP		test passed	BLD-EL-Fire Alarm Devices-vs-BLD-EL-Electrical Fixtures	0	ran and found nothing
08:56:59.071	354.027	1A04EP	TESTS CREATE	test created	BLD-EL-Fire Alarm Devices-vs-BLD-EL-Conduits & Conduit Fittings	0.082	hard_conservative, 25 mm chosen in the tool is 0.082020997375 ft
08:56:59.225	354.180	1A04EP		rows for the workbook	BLD-EL-Fire Alarm Devices-vs-BLD-EL-Conduits & Conduit Fittings	0	0 in the document
08:56:59.226	354.181	1A04EP		test passed	BLD-EL-Fire Alarm Devices-vs-BLD-EL-Conduits & Conduit Fittings	0	ran and found nothing
08:56:59.259	354.214	1A04EP	TESTS CREATE	test created	BLD-EL-Fire Alarm Devices-vs-BLD-EL-Lighting Fixtures	0.082	hard_conservative, 25 mm chosen in the tool is 0.082020997375 ft
08:56:59.422	354.377	1A04EP		rows for the workbook	BLD-EL-Fire Alarm Devices-vs-BLD-EL-Lighting Fixtures	0	0 in the document
08:56:59.423	354.378	1A04EP		test passed	BLD-EL-Fire Alarm Devices-vs-BLD-EL-Lighting Fixtures	0	ran and found nothing
08:56:59.459	354.415	1A04EP	TESTS CREATE	test created	BLD-EL-Fire Alarm Devices-vs-BLD-EL-Lighting Devices	0.082	hard_conservative, 25 mm chosen in the tool is 0.082020997375 ft
08:56:59.618	354.573	1A04EP		rows for the workbook	BLD-EL-Fire Alarm Devices-vs-BLD-EL-Lighting Devices	0	0 in the document
08:56:59.618	354.574	1A04EP		test passed	BLD-EL-Fire Alarm Devices-vs-BLD-EL-Lighting Devices	0	ran and found nothing
08:56:59.646	354.603	1A04EP	TESTS CREATE	test created	BLD-Security Devices-vs-BLD-AR-Floors	0.082	hard_conservative, 25 mm chosen in the tool is 0.082020997375 ft
08:56:59.798	354.753	1A04EP		rows for the workbook	BLD-Security Devices-vs-BLD-AR-Floors	0	0 in the document
08:56:59.799	354.754	1A04EP		test passed	BLD-Security Devices-vs-BLD-AR-Floors	0	ran and found nothing
08:56:59.835	354.791	1A04EP	TESTS CREATE	test created	BLD-Security Devices-vs-BLD-AR-Stairs	0.082	hard_conservative, 25 mm chosen in the tool is 0.082020997375 ft
08:56:59.987	354.943	1A04EP		rows for the workbook	BLD-Security Devices-vs-BLD-AR-Stairs	0	0 in the document
08:56:59.988	354.943	1A04EP		test passed	BLD-Security Devices-vs-BLD-AR-Stairs	0	ran and found nothing
08:57:00.023	354.979	1A04EP	TESTS CREATE	test created	BLD-Security Devices-vs-BLD-AR-Ceilings	0.082	hard_conservative, 25 mm chosen in the tool is 0.082020997375 ft
08:57:00.177	355.133	1A04EP		rows for the workbook	BLD-Security Devices-vs-BLD-AR-Ceilings	0	0 in the document
08:57:00.178	355.133	1A04EP		test passed	BLD-Security Devices-vs-BLD-AR-Ceilings	0	ran and found nothing
08:57:00.210	355.166	1A04EP	TESTS CREATE	test created	BLD-Security Devices-vs-BLD-AR-Walls	0.082	hard_conservative, 25 mm chosen in the tool is 0.082020997375 ft
08:57:00.495	355.451	1A04EP		rows for the workbook	BLD-Security Devices-vs-BLD-AR-Walls	3	3 in the document
08:57:00.496	355.452	1A04EP		test found clashes	BLD-Security Devices-vs-BLD-AR-Walls	3	ran and found clashes
08:57:00.538	355.494	1A04EP	TESTS CREATE	test created	BLD-Security Devices-vs-BLD-AR-Windows	0.082	hard_conservative, 25 mm chosen in the tool is 0.082020997375 ft
08:57:00.690	355.645	1A04EP		rows for the workbook	BLD-Security Devices-vs-BLD-AR-Windows	0	0 in the document
08:57:00.691	355.646	1A04EP		test passed	BLD-Security Devices-vs-BLD-AR-Windows	0	ran and found nothing
08:57:00.728	355.684	1A04EP	TESTS CREATE	test created	BLD-Security Devices-vs-BLD-AR-Curtain Panels	0.082	hard_conservative, 25 mm chosen in the tool is 0.082020997375 ft
08:57:01.002	355.958	1A04EP		rows for the workbook	BLD-Security Devices-vs-BLD-AR-Curtain Panels	3	3 in the document
08:57:01.003	355.959	1A04EP		test found clashes	BLD-Security Devices-vs-BLD-AR-Curtain Panels	3	ran and found clashes
08:57:01.058	356.014	1A04EP	TESTS CREATE	test created	BLD-Security Devices-vs-BLD-AR-Curtain Mullions	0.082	hard_conservative, 25 mm chosen in the tool is 0.082020997375 ft
08:57:01.212	356.168	1A04EP		rows for the workbook	BLD-Security Devices-vs-BLD-AR-Curtain Mullions	0	0 in the document
08:57:01.214	356.169	1A04EP		test passed	BLD-Security Devices-vs-BLD-AR-Curtain Mullions	0	ran and found nothing
08:57:01.243	356.199	1A04EP	TESTS CREATE	test created	BLD-Security Devices-vs-BLD-AR-Doors	0.082	hard_conservative, 25 mm chosen in the tool is 0.082020997375 ft
08:57:01.398	356.353	1A04EP		rows for the workbook	BLD-Security Devices-vs-BLD-AR-Doors	0	0 in the document
08:57:01.398	356.354	1A04EP		test passed	BLD-Security Devices-vs-BLD-AR-Doors	0	ran and found nothing
08:57:01.430	356.386	1A04EP	TESTS CREATE	test created	BLD-Security Devices-vs-BLD-AR-Furniture	0.082	hard_conservative, 25 mm chosen in the tool is 0.082020997375 ft
08:57:01.590	356.545	1A04EP		rows for the workbook	BLD-Security Devices-vs-BLD-AR-Furniture	0	0 in the document
08:57:01.591	356.546	1A04EP		test passed	BLD-Security Devices-vs-BLD-AR-Furniture	0	ran and found nothing
08:57:01.620	356.576	1A04EP	TESTS CREATE	test created	BLD-Security Devices-vs-BLD-AR-Railings	0.082	hard_conservative, 25 mm chosen in the tool is 0.082020997375 ft
08:57:01.773	356.728	1A04EP		rows for the workbook	BLD-Security Devices-vs-BLD-AR-Railings	0	0 in the document
08:57:01.774	356.729	1A04EP		test passed	BLD-Security Devices-vs-BLD-AR-Railings	0	ran and found nothing
08:57:01.809	356.764	1A04EP	TESTS CREATE	test created	BLD-Security Devices-vs-BLD-ST-Foundation	0.082	hard_conservative, 25 mm chosen in the tool is 0.082020997375 ft
08:57:01.959	356.915	1A04EP		rows for the workbook	BLD-Security Devices-vs-BLD-ST-Foundation	0	0 in the document
08:57:01.961	356.916	1A04EP		test passed	BLD-Security Devices-vs-BLD-ST-Foundation	0	ran and found nothing
08:57:01.995	356.950	1A04EP	TESTS CREATE	test created	BLD-Security Devices-vs-BLD-ST-Columns	0.082	hard_conservative, 25 mm chosen in the tool is 0.082020997375 ft
08:57:02.145	357.100	1A04EP		rows for the workbook	BLD-Security Devices-vs-BLD-ST-Columns	0	0 in the document
08:57:02.146	357.101	1A04EP		test passed	BLD-Security Devices-vs-BLD-ST-Columns	0	ran and found nothing
08:57:02.183	357.138	1A04EP	TESTS CREATE	test created	BLD-Security Devices-vs-BLD-ST-Framing	0.082	hard_conservative, 25 mm chosen in the tool is 0.082020997375 ft
08:57:02.336	357.291	1A04EP		rows for the workbook	BLD-Security Devices-vs-BLD-ST-Framing	0	0 in the document
08:57:02.337	357.292	1A04EP		test passed	BLD-Security Devices-vs-BLD-ST-Framing	0	ran and found nothing
08:57:02.369	357.324	1A04EP	TESTS CREATE	test created	BLD-Security Devices-vs-BLD-ST-Walls	0.082	hard_conservative, 25 mm chosen in the tool is 0.082020997375 ft
08:57:02.519	357.474	1A04EP		rows for the workbook	BLD-Security Devices-vs-BLD-ST-Walls	0	0 in the document
08:57:02.520	357.475	1A04EP		test passed	BLD-Security Devices-vs-BLD-ST-Walls	0	ran and found nothing
08:57:02.556	357.512	1A04EP	TESTS CREATE	test created	BLD-Security Devices-vs-BLD-ST-Floors	0.082	hard_conservative, 25 mm chosen in the tool is 0.082020997375 ft
08:57:02.801	357.757	1A04EP		rows for the workbook	BLD-Security Devices-vs-BLD-ST-Floors	2	2 in the document
08:57:02.803	357.758	1A04EP		test found clashes	BLD-Security Devices-vs-BLD-ST-Floors	2	ran and found clashes
08:57:02.839	357.795	1A04EP	TESTS CREATE	test created	BLD-Security Devices-vs-BLD-ST-Stair	0.082	hard_conservative, 25 mm chosen in the tool is 0.082020997375 ft
08:57:03.016	357.971	1A04EP		rows for the workbook	BLD-Security Devices-vs-BLD-ST-Stair	0	0 in the document
08:57:03.017	357.972	1A04EP		test passed	BLD-Security Devices-vs-BLD-ST-Stair	0	ran and found nothing
08:57:03.058	358.013	1A04EP	TESTS CREATE	test created	BLD-Security Devices-vs-BLD-ME-Ducts&Duct Fittings	0.082	hard_conservative, 25 mm chosen in the tool is 0.082020997375 ft
08:57:03.244	358.200	1A04EP		rows for the workbook	BLD-Security Devices-vs-BLD-ME-Ducts&Duct Fittings	0	0 in the document
08:57:03.245	358.200	1A04EP		test passed	BLD-Security Devices-vs-BLD-ME-Ducts&Duct Fittings	0	ran and found nothing
08:57:03.276	358.231	1A04EP	TESTS CREATE	test created	BLD-Security Devices-vs-BLD-ME-Duct Accessory	0.082	hard_conservative, 25 mm chosen in the tool is 0.082020997375 ft
08:57:03.463	358.418	1A04EP		rows for the workbook	BLD-Security Devices-vs-BLD-ME-Duct Accessory	0	0 in the document
08:57:03.464	358.419	1A04EP		test passed	BLD-Security Devices-vs-BLD-ME-Duct Accessory	0	ran and found nothing
08:57:03.494	358.450	1A04EP	TESTS CREATE	test created	BLD-Security Devices-vs-BLD-ME-Mechanical Equipment	0.082	hard_conservative, 25 mm chosen in the tool is 0.082020997375 ft
08:57:03.666	358.621	1A04EP		rows for the workbook	BLD-Security Devices-vs-BLD-ME-Mechanical Equipment	0	0 in the document
08:57:03.666	358.622	1A04EP		test passed	BLD-Security Devices-vs-BLD-ME-Mechanical Equipment	0	ran and found nothing
08:57:03.699	358.654	1A04EP	TESTS CREATE	test created	BLD-Security Devices-vs-BLD-ME-Air Terminals	0.082	hard_conservative, 25 mm chosen in the tool is 0.082020997375 ft
08:57:03.865	358.821	1A04EP		rows for the workbook	BLD-Security Devices-vs-BLD-ME-Air Terminals	0	0 in the document
08:57:03.866	358.822	1A04EP		test passed	BLD-Security Devices-vs-BLD-ME-Air Terminals	0	ran and found nothing
08:57:03.902	358.858	1A04EP	TESTS CREATE	test created	BLD-Security Devices-vs-BLD-FF-Pipes & Pipe Fittings	0.082	hard_conservative, 25 mm chosen in the tool is 0.082020997375 ft
08:57:04.083	359.039	1A04EP		rows for the workbook	BLD-Security Devices-vs-BLD-FF-Pipes & Pipe Fittings	0	0 in the document
08:57:04.084	359.040	1A04EP		test passed	BLD-Security Devices-vs-BLD-FF-Pipes & Pipe Fittings	0	ran and found nothing
08:57:04.123	359.079	1A04EP	TESTS CREATE	test created	BLD-Security Devices-vs-BLD-FF-Pipe Accessories	0.082	hard_conservative, 25 mm chosen in the tool is 0.082020997375 ft
08:57:04.320	359.276	1A04EP		rows for the workbook	BLD-Security Devices-vs-BLD-FF-Pipe Accessories	0	0 in the document
08:57:04.320	359.276	1A04EP		test passed	BLD-Security Devices-vs-BLD-FF-Pipe Accessories	0	ran and found nothing
08:57:04.374	359.330	1A04EP	TESTS CREATE	test created	BLD-Security Devices-vs-BLD-FF-Sprinklers	0.082	hard_conservative, 25 mm chosen in the tool is 0.082020997375 ft
08:57:04.576	359.532	1A04EP		rows for the workbook	BLD-Security Devices-vs-BLD-FF-Sprinklers	0	0 in the document
08:57:04.577	359.533	1A04EP		test passed	BLD-Security Devices-vs-BLD-FF-Sprinklers	0	ran and found nothing
08:57:04.624	359.580	1A04EP	TESTS CREATE	test created	BLD-Security Devices-vs-BLD-DR-Mechanical Equipment	0.082	hard_conservative, 25 mm chosen in the tool is 0.082020997375 ft
08:57:04.810	359.766	1A04EP		rows for the workbook	BLD-Security Devices-vs-BLD-DR-Mechanical Equipment	0	0 in the document
08:57:04.811	359.767	1A04EP		test passed	BLD-Security Devices-vs-BLD-DR-Mechanical Equipment	0	ran and found nothing
08:57:04.858	359.813	1A04EP	TESTS CREATE	test created	BLD-Security Devices-vs-BLD-DR-Pipes & Pipe Fittings	0.082	hard_conservative, 25 mm chosen in the tool is 0.082020997375 ft
08:57:05.061	360.017	1A04EP		rows for the workbook	BLD-Security Devices-vs-BLD-DR-Pipes & Pipe Fittings	0	0 in the document
08:57:05.062	360.018	1A04EP		test passed	BLD-Security Devices-vs-BLD-DR-Pipes & Pipe Fittings	0	ran and found nothing
08:57:05.124	360.079	1A04EP	TESTS CREATE	test created	BLD-Security Devices-vs-BLD-DR-Pipe Accessories	0.082	hard_conservative, 25 mm chosen in the tool is 0.082020997375 ft
08:57:05.320	360.275	1A04EP		rows for the workbook	BLD-Security Devices-vs-BLD-DR-Pipe Accessories	0	0 in the document
08:57:05.320	360.276	1A04EP		test passed	BLD-Security Devices-vs-BLD-DR-Pipe Accessories	0	ran and found nothing
08:57:05.355	360.310	1A04EP	TESTS CREATE	test created	BLD-Security Devices-vs-BLD-DR-Plumbing Fixtures	0.082	hard_conservative, 25 mm chosen in the tool is 0.082020997375 ft
08:57:05.510	360.465	1A04EP		rows for the workbook	BLD-Security Devices-vs-BLD-DR-Plumbing Fixtures	0	0 in the document
08:57:05.511	360.466	1A04EP		test passed	BLD-Security Devices-vs-BLD-DR-Plumbing Fixtures	0	ran and found nothing
08:57:05.543	360.499	1A04EP	TESTS CREATE	test created	BLD-Security Devices-vs-BLD-EL-Cable Tray&Cable Tray Fittings	0.082	hard_conservative, 25 mm chosen in the tool is 0.082020997375 ft
08:57:05.710	360.665	1A04EP		rows for the workbook	BLD-Security Devices-vs-BLD-EL-Cable Tray&Cable Tray Fittings	0	0 in the document
08:57:05.710	360.666	1A04EP		test passed	BLD-Security Devices-vs-BLD-EL-Cable Tray&Cable Tray Fittings	0	ran and found nothing
08:57:05.745	360.701	1A04EP	TESTS CREATE	test created	BLD-Security Devices-vs-BLD-EL-Electrical Equipment	0.082	hard_conservative, 25 mm chosen in the tool is 0.082020997375 ft
08:57:05.917	360.873	1A04EP		rows for the workbook	BLD-Security Devices-vs-BLD-EL-Electrical Equipment	0	0 in the document
08:57:05.918	360.874	1A04EP		test passed	BLD-Security Devices-vs-BLD-EL-Electrical Equipment	0	ran and found nothing
08:57:05.950	360.905	1A04EP	TESTS CREATE	test created	BLD-Security Devices-vs-BLD-EL-Electrical Fixtures	0.082	hard_conservative, 25 mm chosen in the tool is 0.082020997375 ft
08:57:06.122	361.077	1A04EP		rows for the workbook	BLD-Security Devices-vs-BLD-EL-Electrical Fixtures	0	0 in the document
08:57:06.122	361.078	1A04EP		test passed	BLD-Security Devices-vs-BLD-EL-Electrical Fixtures	0	ran and found nothing
08:57:06.170	361.125	1A04EP	TESTS CREATE	test created	BLD-Security Devices-vs-BLD-EL-Conduits & Conduit Fittings	0.082	hard_conservative, 25 mm chosen in the tool is 0.082020997375 ft
08:57:06.344	361.299	1A04EP		rows for the workbook	BLD-Security Devices-vs-BLD-EL-Conduits & Conduit Fittings	0	0 in the document
08:57:06.345	361.300	1A04EP		test passed	BLD-Security Devices-vs-BLD-EL-Conduits & Conduit Fittings	0	ran and found nothing
08:57:06.376	361.331	1A04EP	TESTS CREATE	test created	BLD-Security Devices-vs-BLD-EL-Lighting Fixtures	0.082	hard_conservative, 25 mm chosen in the tool is 0.082020997375 ft
08:57:06.548	361.503	1A04EP		rows for the workbook	BLD-Security Devices-vs-BLD-EL-Lighting Fixtures	0	0 in the document
08:57:06.549	361.504	1A04EP		test passed	BLD-Security Devices-vs-BLD-EL-Lighting Fixtures	0	ran and found nothing
08:57:06.579	361.535	1A04EP	TESTS CREATE	test created	BLD-Security Devices-vs-BLD-EL-Lighting Devices	0.082	hard_conservative, 25 mm chosen in the tool is 0.082020997375 ft
08:57:06.752	361.708	1A04EP		rows for the workbook	BLD-Security Devices-vs-BLD-EL-Lighting Devices	0	0 in the document
08:57:06.753	361.709	1A04EP		test passed	BLD-Security Devices-vs-BLD-EL-Lighting Devices	0	ran and found nothing
08:57:06.783	361.739	1A04EP	TESTS CREATE	test created	BLD-Security Devices-vs-BLD-EL-Fire Alarm Devices	0.082	hard_conservative, 25 mm chosen in the tool is 0.082020997375 ft
08:57:06.941	361.896	1A04EP		rows for the workbook	BLD-Security Devices-vs-BLD-EL-Fire Alarm Devices	0	0 in the document
08:57:06.941	361.897	1A04EP		test passed	BLD-Security Devices-vs-BLD-EL-Fire Alarm Devices	0	ran and found nothing
08:57:06.972	361.928	1A04EP	TESTS CREATE	test created	BLD-EL-Communication Devices-vs-BLD-AR-Floors	0.082	hard_conservative, 25 mm chosen in the tool is 0.082020997375 ft
08:57:08.858	363.813	1A04EP		rows for the workbook	BLD-EL-Communication Devices-vs-BLD-AR-Floors	33	33 in the document
08:57:08.859	363.814	1A04EP		test found clashes	BLD-EL-Communication Devices-vs-BLD-AR-Floors	33	ran and found clashes
08:57:08.892	363.847	1A04EP	TESTS CREATE	test created	BLD-EL-Communication Devices-vs-BLD-AR-Stairs	0.082	hard_conservative, 25 mm chosen in the tool is 0.082020997375 ft
08:57:09.050	364.005	1A04EP		rows for the workbook	BLD-EL-Communication Devices-vs-BLD-AR-Stairs	0	0 in the document
08:57:09.050	364.006	1A04EP		test passed	BLD-EL-Communication Devices-vs-BLD-AR-Stairs	0	ran and found nothing
08:57:09.078	364.033	1A04EP	TESTS CREATE	test created	BLD-EL-Communication Devices-vs-BLD-AR-Ceilings	0.082	hard_conservative, 25 mm chosen in the tool is 0.082020997375 ft
08:57:09.234	364.190	1A04EP		rows for the workbook	BLD-EL-Communication Devices-vs-BLD-AR-Ceilings	0	0 in the document
08:57:09.236	364.191	1A04EP		test passed	BLD-EL-Communication Devices-vs-BLD-AR-Ceilings	0	ran and found nothing
08:57:09.296	364.251	1A04EP	TESTS CREATE	test created	BLD-EL-Communication Devices-vs-BLD-AR-Walls	0.082	hard_conservative, 25 mm chosen in the tool is 0.082020997375 ft
08:57:09.482	364.437	1A04EP		rows for the workbook	BLD-EL-Communication Devices-vs-BLD-AR-Walls	0	0 in the document
08:57:09.483	364.438	1A04EP		test passed	BLD-EL-Communication Devices-vs-BLD-AR-Walls	0	ran and found nothing
08:57:09.529	364.485	1A04EP	TESTS CREATE	test created	BLD-EL-Communication Devices-vs-BLD-AR-Windows	0.082	hard_conservative, 25 mm chosen in the tool is 0.082020997375 ft
08:57:09.704	364.660	1A04EP		rows for the workbook	BLD-EL-Communication Devices-vs-BLD-AR-Windows	0	0 in the document
08:57:09.705	364.660	1A04EP		test passed	BLD-EL-Communication Devices-vs-BLD-AR-Windows	0	ran and found nothing
08:57:09.747	364.703	1A04EP	TESTS CREATE	test created	BLD-EL-Communication Devices-vs-BLD-AR-Curtain Panels	0.082	hard_conservative, 25 mm chosen in the tool is 0.082020997375 ft
08:57:10.218	365.173	1A04EP		rows for the workbook	BLD-EL-Communication Devices-vs-BLD-AR-Curtain Panels	7	7 in the document
08:57:10.218	365.174	1A04EP		test found clashes	BLD-EL-Communication Devices-vs-BLD-AR-Curtain Panels	7	ran and found clashes
08:57:10.251	365.207	1A04EP	TESTS CREATE	test created	BLD-EL-Communication Devices-vs-BLD-AR-Curtain Mullions	0.082	hard_conservative, 25 mm chosen in the tool is 0.082020997375 ft
08:57:10.619	365.575	1A04EP		rows for the workbook	BLD-EL-Communication Devices-vs-BLD-AR-Curtain Mullions	4	4 in the document
08:57:10.620	365.576	1A04EP		test found clashes	BLD-EL-Communication Devices-vs-BLD-AR-Curtain Mullions	4	ran and found clashes
08:57:10.661	365.616	1A04EP	TESTS CREATE	test created	BLD-EL-Communication Devices-vs-BLD-AR-Doors	0.082	hard_conservative, 25 mm chosen in the tool is 0.082020997375 ft
08:57:10.816	365.771	1A04EP		rows for the workbook	BLD-EL-Communication Devices-vs-BLD-AR-Doors	0	0 in the document
08:57:10.817	365.772	1A04EP		test passed	BLD-EL-Communication Devices-vs-BLD-AR-Doors	0	ran and found nothing
08:57:10.847	365.803	1A04EP	TESTS CREATE	test created	BLD-EL-Communication Devices-vs-BLD-AR-Furniture	0.082	hard_conservative, 25 mm chosen in the tool is 0.082020997375 ft
08:57:11.019	365.975	1A04EP		rows for the workbook	BLD-EL-Communication Devices-vs-BLD-AR-Furniture	0	0 in the document
08:57:11.020	365.975	1A04EP		test passed	BLD-EL-Communication Devices-vs-BLD-AR-Furniture	0	ran and found nothing
08:57:11.067	366.022	1A04EP	TESTS CREATE	test created	BLD-EL-Communication Devices-vs-BLD-AR-Railings	0.082	hard_conservative, 25 mm chosen in the tool is 0.082020997375 ft
08:57:11.237	366.192	1A04EP		rows for the workbook	BLD-EL-Communication Devices-vs-BLD-AR-Railings	0	0 in the document
08:57:11.238	366.193	1A04EP		test passed	BLD-EL-Communication Devices-vs-BLD-AR-Railings	0	ran and found nothing
08:57:11.271	366.226	1A04EP	TESTS CREATE	test created	BLD-EL-Communication Devices-vs-BLD-ST-Foundation	0.082	hard_conservative, 25 mm chosen in the tool is 0.082020997375 ft
08:57:11.439	366.394	1A04EP		rows for the workbook	BLD-EL-Communication Devices-vs-BLD-ST-Foundation	0	0 in the document
08:57:11.440	366.395	1A04EP		test passed	BLD-EL-Communication Devices-vs-BLD-ST-Foundation	0	ran and found nothing
08:57:11.470	366.426	1A04EP	TESTS CREATE	test created	BLD-EL-Communication Devices-vs-BLD-ST-Columns	0.082	hard_conservative, 25 mm chosen in the tool is 0.082020997375 ft
08:57:11.632	366.587	1A04EP		rows for the workbook	BLD-EL-Communication Devices-vs-BLD-ST-Columns	0	0 in the document
08:57:11.632	366.588	1A04EP		test passed	BLD-EL-Communication Devices-vs-BLD-ST-Columns	0	ran and found nothing
08:57:11.673	366.629	1A04EP	TESTS CREATE	test created	BLD-EL-Communication Devices-vs-BLD-ST-Framing	0.082	hard_conservative, 25 mm chosen in the tool is 0.082020997375 ft
08:57:11.860	366.815	1A04EP		rows for the workbook	BLD-EL-Communication Devices-vs-BLD-ST-Framing	0	0 in the document
08:57:11.860	366.816	1A04EP		test passed	BLD-EL-Communication Devices-vs-BLD-ST-Framing	0	ran and found nothing
08:57:11.891	366.847	1A04EP	TESTS CREATE	test created	BLD-EL-Communication Devices-vs-BLD-ST-Walls	0.082	hard_conservative, 25 mm chosen in the tool is 0.082020997375 ft
08:57:12.061	367.017	1A04EP		rows for the workbook	BLD-EL-Communication Devices-vs-BLD-ST-Walls	0	0 in the document
08:57:12.062	367.017	1A04EP		test passed	BLD-EL-Communication Devices-vs-BLD-ST-Walls	0	ran and found nothing
08:57:12.123	367.079	1A04EP	TESTS CREATE	test created	BLD-EL-Communication Devices-vs-BLD-ST-Floors	0.082	hard_conservative, 25 mm chosen in the tool is 0.082020997375 ft
08:57:12.309	367.265	1A04EP		rows for the workbook	BLD-EL-Communication Devices-vs-BLD-ST-Floors	0	0 in the document
08:57:12.310	367.266	1A04EP		test passed	BLD-EL-Communication Devices-vs-BLD-ST-Floors	0	ran and found nothing
08:57:12.339	367.295	1A04EP	TESTS CREATE	test created	BLD-EL-Communication Devices-vs-BLD-ST-Stair	0.082	hard_conservative, 25 mm chosen in the tool is 0.082020997375 ft
08:57:12.493	367.448	1A04EP		rows for the workbook	BLD-EL-Communication Devices-vs-BLD-ST-Stair	0	0 in the document
08:57:12.494	367.449	1A04EP		test passed	BLD-EL-Communication Devices-vs-BLD-ST-Stair	0	ran and found nothing
08:57:12.526	367.482	1A04EP	TESTS CREATE	test created	BLD-EL-Communication Devices-vs-BLD-ME-Ducts&Duct Fittings	0.082	hard_conservative, 25 mm chosen in the tool is 0.082020997375 ft
08:57:12.697	367.652	1A04EP		rows for the workbook	BLD-EL-Communication Devices-vs-BLD-ME-Ducts&Duct Fittings	0	0 in the document
08:57:12.698	367.653	1A04EP		test passed	BLD-EL-Communication Devices-vs-BLD-ME-Ducts&Duct Fittings	0	ran and found nothing
08:57:12.729	367.685	1A04EP	TESTS CREATE	test created	BLD-EL-Communication Devices-vs-BLD-ME-Duct Accessory	0.082	hard_conservative, 25 mm chosen in the tool is 0.082020997375 ft
08:57:12.880	367.836	1A04EP		rows for the workbook	BLD-EL-Communication Devices-vs-BLD-ME-Duct Accessory	0	0 in the document
08:57:12.881	367.837	1A04EP		test passed	BLD-EL-Communication Devices-vs-BLD-ME-Duct Accessory	0	ran and found nothing
08:57:12.917	367.873	1A04EP	TESTS CREATE	test created	BLD-EL-Communication Devices-vs-BLD-ME-Mechanical Equipment	0.082	hard_conservative, 25 mm chosen in the tool is 0.082020997375 ft
08:57:13.090	368.045	1A04EP		rows for the workbook	BLD-EL-Communication Devices-vs-BLD-ME-Mechanical Equipment	0	0 in the document
08:57:13.091	368.046	1A04EP		test passed	BLD-EL-Communication Devices-vs-BLD-ME-Mechanical Equipment	0	ran and found nothing
08:57:13.122	368.078	1A04EP	TESTS CREATE	test created	BLD-EL-Communication Devices-vs-BLD-ME-Air Terminals	0.082	hard_conservative, 25 mm chosen in the tool is 0.082020997375 ft
08:57:13.292	368.247	1A04EP		rows for the workbook	BLD-EL-Communication Devices-vs-BLD-ME-Air Terminals	0	0 in the document
08:57:13.293	368.248	1A04EP		test passed	BLD-EL-Communication Devices-vs-BLD-ME-Air Terminals	0	ran and found nothing
08:57:13.322	368.278	1A04EP	TESTS CREATE	test created	BLD-EL-Communication Devices-vs-BLD-FF-Pipes & Pipe Fittings	0.082	hard_conservative, 25 mm chosen in the tool is 0.082020997375 ft
08:57:13.475	368.430	1A04EP		rows for the workbook	BLD-EL-Communication Devices-vs-BLD-FF-Pipes & Pipe Fittings	0	0 in the document
08:57:13.476	368.431	1A04EP		test passed	BLD-EL-Communication Devices-vs-BLD-FF-Pipes & Pipe Fittings	0	ran and found nothing
08:57:13.509	368.464	1A04EP	TESTS CREATE	test created	BLD-EL-Communication Devices-vs-BLD-FF-Pipe Accessories	0.082	hard_conservative, 25 mm chosen in the tool is 0.082020997375 ft
08:57:13.661	368.616	1A04EP		rows for the workbook	BLD-EL-Communication Devices-vs-BLD-FF-Pipe Accessories	0	0 in the document
08:57:13.662	368.617	1A04EP		test passed	BLD-EL-Communication Devices-vs-BLD-FF-Pipe Accessories	0	ran and found nothing
08:57:13.696	368.651	1A04EP	TESTS CREATE	test created	BLD-EL-Communication Devices-vs-BLD-FF-Sprinklers	0.082	hard_conservative, 25 mm chosen in the tool is 0.082020997375 ft
08:57:13.847	368.803	1A04EP		rows for the workbook	BLD-EL-Communication Devices-vs-BLD-FF-Sprinklers	0	0 in the document
08:57:13.848	368.804	1A04EP		test passed	BLD-EL-Communication Devices-vs-BLD-FF-Sprinklers	0	ran and found nothing
08:57:13.884	368.840	1A04EP	TESTS CREATE	test created	BLD-EL-Communication Devices-vs-BLD-DR-Mechanical Equipment	0.082	hard_conservative, 25 mm chosen in the tool is 0.082020997375 ft
08:57:14.037	368.992	1A04EP		rows for the workbook	BLD-EL-Communication Devices-vs-BLD-DR-Mechanical Equipment	0	0 in the document
08:57:14.038	368.993	1A04EP		test passed	BLD-EL-Communication Devices-vs-BLD-DR-Mechanical Equipment	0	ran and found nothing
08:57:14.072	369.028	1A04EP	TESTS CREATE	test created	BLD-EL-Communication Devices-vs-BLD-DR-Pipes & Pipe Fittings	0.082	hard_conservative, 25 mm chosen in the tool is 0.082020997375 ft
08:57:14.225	369.180	1A04EP		rows for the workbook	BLD-EL-Communication Devices-vs-BLD-DR-Pipes & Pipe Fittings	0	0 in the document
08:57:14.226	369.181	1A04EP		test passed	BLD-EL-Communication Devices-vs-BLD-DR-Pipes & Pipe Fittings	0	ran and found nothing
08:57:14.261	369.217	1A04EP	TESTS CREATE	test created	BLD-EL-Communication Devices-vs-BLD-DR-Pipe Accessories	0.082	hard_conservative, 25 mm chosen in the tool is 0.082020997375 ft
08:57:14.432	369.388	1A04EP		rows for the workbook	BLD-EL-Communication Devices-vs-BLD-DR-Pipe Accessories	0	0 in the document
08:57:14.434	369.389	1A04EP		test passed	BLD-EL-Communication Devices-vs-BLD-DR-Pipe Accessories	0	ran and found nothing
08:57:14.464	369.420	1A04EP	TESTS CREATE	test created	BLD-EL-Communication Devices-vs-BLD-DR-Plumbing Fixtures	0.082	hard_conservative, 25 mm chosen in the tool is 0.082020997375 ft
08:57:14.621	369.577	1A04EP		rows for the workbook	BLD-EL-Communication Devices-vs-BLD-DR-Plumbing Fixtures	0	0 in the document
08:57:14.622	369.577	1A04EP		test passed	BLD-EL-Communication Devices-vs-BLD-DR-Plumbing Fixtures	0	ran and found nothing
08:57:14.653	369.608	1A04EP	TESTS CREATE	test created	BLD-EL-Communication Devices-vs-BLD-EL-Cable Tray&Cable Tray Fittings	0.082	hard_conservative, 25 mm chosen in the tool is 0.082020997375 ft
08:57:14.802	369.758	1A04EP		rows for the workbook	BLD-EL-Communication Devices-vs-BLD-EL-Cable Tray&Cable Tray Fittings	0	0 in the document
08:57:14.804	369.759	1A04EP		test passed	BLD-EL-Communication Devices-vs-BLD-EL-Cable Tray&Cable Tray Fittings	0	ran and found nothing
08:57:14.840	369.795	1A04EP	TESTS CREATE	test created	BLD-EL-Communication Devices-vs-BLD-EL-Electrical Equipment	0.082	hard_conservative, 25 mm chosen in the tool is 0.082020997375 ft
08:57:14.992	369.947	1A04EP		rows for the workbook	BLD-EL-Communication Devices-vs-BLD-EL-Electrical Equipment	0	0 in the document
08:57:14.992	369.948	1A04EP		test passed	BLD-EL-Communication Devices-vs-BLD-EL-Electrical Equipment	0	ran and found nothing
08:57:15.043	369.998	1A04EP	TESTS CREATE	test created	BLD-EL-Communication Devices-vs-BLD-EL-Electrical Fixtures	0.082	hard_conservative, 25 mm chosen in the tool is 0.082020997375 ft
08:57:15.196	370.151	1A04EP		rows for the workbook	BLD-EL-Communication Devices-vs-BLD-EL-Electrical Fixtures	0	0 in the document
08:57:15.196	370.152	1A04EP		test passed	BLD-EL-Communication Devices-vs-BLD-EL-Electrical Fixtures	0	ran and found nothing
08:57:15.229	370.184	1A04EP	TESTS CREATE	test created	BLD-EL-Communication Devices-vs-BLD-EL-Conduits & Conduit Fittings	0.082	hard_conservative, 25 mm chosen in the tool is 0.082020997375 ft
08:57:15.382	370.337	1A04EP		rows for the workbook	BLD-EL-Communication Devices-vs-BLD-EL-Conduits & Conduit Fittings	0	0 in the document
08:57:15.383	370.338	1A04EP		test passed	BLD-EL-Communication Devices-vs-BLD-EL-Conduits & Conduit Fittings	0	ran and found nothing
08:57:15.416	370.372	1A04EP	TESTS CREATE	test created	BLD-EL-Communication Devices-vs-BLD-EL-Lighting Fixtures	0.082	hard_conservative, 25 mm chosen in the tool is 0.082020997375 ft
08:57:15.614	370.570	1A04EP		rows for the workbook	BLD-EL-Communication Devices-vs-BLD-EL-Lighting Fixtures	1	1 in the document
08:57:15.614	370.571	1A04EP		test found clashes	BLD-EL-Communication Devices-vs-BLD-EL-Lighting Fixtures	1	ran and found clashes
08:57:15.652	370.608	1A04EP	TESTS CREATE	test created	BLD-EL-Communication Devices-vs-BLD-EL-Lighting Devices	0.082	hard_conservative, 25 mm chosen in the tool is 0.082020997375 ft
08:57:15.804	370.759	1A04EP		rows for the workbook	BLD-EL-Communication Devices-vs-BLD-EL-Lighting Devices	0	0 in the document
08:57:15.805	370.760	1A04EP		test passed	BLD-EL-Communication Devices-vs-BLD-EL-Lighting Devices	0	ran and found nothing
08:57:15.841	370.796	1A04EP	TESTS CREATE	test created	BLD-EL-Communication Devices-vs-BLD-EL-Fire Alarm Devices	0.082	hard_conservative, 25 mm chosen in the tool is 0.082020997375 ft
08:57:16.013	370.969	1A04EP		rows for the workbook	BLD-EL-Communication Devices-vs-BLD-EL-Fire Alarm Devices	0	0 in the document
08:57:16.014	370.969	1A04EP		test passed	BLD-EL-Communication Devices-vs-BLD-EL-Fire Alarm Devices	0	ran and found nothing
08:57:16.060	371.016	1A04EP	TESTS CREATE	test created	BLD-EL-Communication Devices-vs-BLD-Security Devices	0.082	hard_conservative, 25 mm chosen in the tool is 0.082020997375 ft
08:57:16.212	371.167	1A04EP		rows for the workbook	BLD-EL-Communication Devices-vs-BLD-Security Devices	0	0 in the document
08:57:16.213	371.168	1A04EP		test passed	BLD-EL-Communication Devices-vs-BLD-Security Devices	0	ran and found nothing
08:57:16.246	371.202	1A04EP	TESTS CREATE	test created	BLD-EL-Data Devices-vs-BLD-AR-Floors	0.082	hard_conservative, 25 mm chosen in the tool is 0.082020997375 ft
08:57:16.398	371.353	1A04EP		rows for the workbook	BLD-EL-Data Devices-vs-BLD-AR-Floors	0	0 in the document
08:57:16.399	371.354	1A04EP		test passed	BLD-EL-Data Devices-vs-BLD-AR-Floors	0	ran and found nothing
08:57:16.432	371.388	1A04EP	TESTS CREATE	test created	BLD-EL-Data Devices-vs-BLD-AR-Stairs	0.082	hard_conservative, 25 mm chosen in the tool is 0.082020997375 ft
08:57:16.586	371.542	1A04EP		rows for the workbook	BLD-EL-Data Devices-vs-BLD-AR-Stairs	0	0 in the document
08:57:16.587	371.542	1A04EP		test passed	BLD-EL-Data Devices-vs-BLD-AR-Stairs	0	ran and found nothing
08:57:16.620	371.576	1A04EP	TESTS CREATE	test created	BLD-EL-Data Devices-vs-BLD-AR-Ceilings	0.082	hard_conservative, 25 mm chosen in the tool is 0.082020997375 ft
08:57:16.827	371.783	1A04EP		rows for the workbook	BLD-EL-Data Devices-vs-BLD-AR-Ceilings	0	0 in the document
08:57:16.828	371.784	1A04EP		test passed	BLD-EL-Data Devices-vs-BLD-AR-Ceilings	0	ran and found nothing
08:57:16.872	371.828	1A04EP	TESTS CREATE	test created	BLD-EL-Data Devices-vs-BLD-AR-Walls	0.082	hard_conservative, 25 mm chosen in the tool is 0.082020997375 ft
08:57:17.915	372.871	1A04EP		rows for the workbook	BLD-EL-Data Devices-vs-BLD-AR-Walls	17	17 in the document
08:57:17.916	372.872	1A04EP		test found clashes	BLD-EL-Data Devices-vs-BLD-AR-Walls	17	ran and found clashes
08:57:17.981	372.937	1A04EP	TESTS CREATE	test created	BLD-EL-Data Devices-vs-BLD-AR-Windows	0.082	hard_conservative, 25 mm chosen in the tool is 0.082020997375 ft
08:57:18.135	373.090	1A04EP		rows for the workbook	BLD-EL-Data Devices-vs-BLD-AR-Windows	0	0 in the document
08:57:18.136	373.091	1A04EP		test passed	BLD-EL-Data Devices-vs-BLD-AR-Windows	0	ran and found nothing
08:57:18.168	373.124	1A04EP	TESTS CREATE	test created	BLD-EL-Data Devices-vs-BLD-AR-Curtain Panels	0.082	hard_conservative, 25 mm chosen in the tool is 0.082020997375 ft
08:57:18.505	373.461	1A04EP		rows for the workbook	BLD-EL-Data Devices-vs-BLD-AR-Curtain Panels	4	4 in the document
08:57:18.506	373.462	1A04EP		test found clashes	BLD-EL-Data Devices-vs-BLD-AR-Curtain Panels	4	ran and found clashes
08:57:18.545	373.501	1A04EP	TESTS CREATE	test created	BLD-EL-Data Devices-vs-BLD-AR-Curtain Mullions	0.082	hard_conservative, 25 mm chosen in the tool is 0.082020997375 ft
08:57:18.721	373.677	1A04EP		rows for the workbook	BLD-EL-Data Devices-vs-BLD-AR-Curtain Mullions	0	0 in the document
08:57:18.722	373.678	1A04EP		test passed	BLD-EL-Data Devices-vs-BLD-AR-Curtain Mullions	0	ran and found nothing
08:57:18.751	373.707	1A04EP	TESTS CREATE	test created	BLD-EL-Data Devices-vs-BLD-AR-Doors	0.082	hard_conservative, 25 mm chosen in the tool is 0.082020997375 ft
08:57:18.936	373.891	1A04EP		rows for the workbook	BLD-EL-Data Devices-vs-BLD-AR-Doors	0	0 in the document
08:57:18.937	373.892	1A04EP		test passed	BLD-EL-Data Devices-vs-BLD-AR-Doors	0	ran and found nothing
08:57:18.982	373.938	1A04EP	TESTS CREATE	test created	BLD-EL-Data Devices-vs-BLD-AR-Furniture	0.082	hard_conservative, 25 mm chosen in the tool is 0.082020997375 ft
08:57:19.153	374.109	1A04EP		rows for the workbook	BLD-EL-Data Devices-vs-BLD-AR-Furniture	0	0 in the document
08:57:19.154	374.110	1A04EP		test passed	BLD-EL-Data Devices-vs-BLD-AR-Furniture	0	ran and found nothing
08:57:19.184	374.140	1A04EP	TESTS CREATE	test created	BLD-EL-Data Devices-vs-BLD-AR-Railings	0.082	hard_conservative, 25 mm chosen in the tool is 0.082020997375 ft
08:57:19.345	374.300	1A04EP		rows for the workbook	BLD-EL-Data Devices-vs-BLD-AR-Railings	0	0 in the document
08:57:19.345	374.301	1A04EP		test passed	BLD-EL-Data Devices-vs-BLD-AR-Railings	0	ran and found nothing
08:57:19.387	374.343	1A04EP	TESTS CREATE	test created	BLD-EL-Data Devices-vs-BLD-ST-Foundation	0.082	hard_conservative, 25 mm chosen in the tool is 0.082020997375 ft
08:57:19.575	374.531	1A04EP		rows for the workbook	BLD-EL-Data Devices-vs-BLD-ST-Foundation	0	0 in the document
08:57:19.576	374.532	1A04EP		test passed	BLD-EL-Data Devices-vs-BLD-ST-Foundation	0	ran and found nothing
08:57:19.621	374.576	1A04EP	TESTS CREATE	test created	BLD-EL-Data Devices-vs-BLD-ST-Columns	0.082	hard_conservative, 25 mm chosen in the tool is 0.082020997375 ft
08:57:19.775	374.730	1A04EP		rows for the workbook	BLD-EL-Data Devices-vs-BLD-ST-Columns	0	0 in the document
08:57:19.776	374.731	1A04EP		test passed	BLD-EL-Data Devices-vs-BLD-ST-Columns	0	ran and found nothing
08:57:19.809	374.765	1A04EP	TESTS CREATE	test created	BLD-EL-Data Devices-vs-BLD-ST-Framing	0.082	hard_conservative, 25 mm chosen in the tool is 0.082020997375 ft
08:57:19.981	374.936	1A04EP		rows for the workbook	BLD-EL-Data Devices-vs-BLD-ST-Framing	0	0 in the document
08:57:19.982	374.937	1A04EP		test passed	BLD-EL-Data Devices-vs-BLD-ST-Framing	0	ran and found nothing
08:57:20.012	374.968	1A04EP	TESTS CREATE	test created	BLD-EL-Data Devices-vs-BLD-ST-Walls	0.082	hard_conservative, 25 mm chosen in the tool is 0.082020997375 ft
08:57:20.182	375.138	1A04EP		rows for the workbook	BLD-EL-Data Devices-vs-BLD-ST-Walls	0	0 in the document
08:57:20.183	375.139	1A04EP		test passed	BLD-EL-Data Devices-vs-BLD-ST-Walls	0	ran and found nothing
08:57:20.213	375.169	1A04EP	TESTS CREATE	test created	BLD-EL-Data Devices-vs-BLD-ST-Floors	0.082	hard_conservative, 25 mm chosen in the tool is 0.082020997375 ft
08:57:20.367	375.323	1A04EP		rows for the workbook	BLD-EL-Data Devices-vs-BLD-ST-Floors	0	0 in the document
08:57:20.368	375.323	1A04EP		test passed	BLD-EL-Data Devices-vs-BLD-ST-Floors	0	ran and found nothing
08:57:20.400	375.356	1A04EP	TESTS CREATE	test created	BLD-EL-Data Devices-vs-BLD-ST-Stair	0.082	hard_conservative, 25 mm chosen in the tool is 0.082020997375 ft
08:57:20.553	375.509	1A04EP		rows for the workbook	BLD-EL-Data Devices-vs-BLD-ST-Stair	0	0 in the document
08:57:20.554	375.510	1A04EP		test passed	BLD-EL-Data Devices-vs-BLD-ST-Stair	0	ran and found nothing
08:57:20.587	375.543	1A04EP	TESTS CREATE	test created	BLD-EL-Data Devices-vs-BLD-ME-Ducts&Duct Fittings	0.082	hard_conservative, 25 mm chosen in the tool is 0.082020997375 ft
08:57:20.777	375.732	1A04EP		rows for the workbook	BLD-EL-Data Devices-vs-BLD-ME-Ducts&Duct Fittings	0	0 in the document
08:57:20.778	375.733	1A04EP		test passed	BLD-EL-Data Devices-vs-BLD-ME-Ducts&Duct Fittings	0	ran and found nothing
08:57:20.808	375.763	1A04EP	TESTS CREATE	test created	BLD-EL-Data Devices-vs-BLD-ME-Duct Accessory	0.082	hard_conservative, 25 mm chosen in the tool is 0.082020997375 ft
08:57:20.993	375.949	1A04EP		rows for the workbook	BLD-EL-Data Devices-vs-BLD-ME-Duct Accessory	0	0 in the document
08:57:20.995	375.950	1A04EP		test passed	BLD-EL-Data Devices-vs-BLD-ME-Duct Accessory	0	ran and found nothing
08:57:21.027	375.982	1A04EP	TESTS CREATE	test created	BLD-EL-Data Devices-vs-BLD-ME-Mechanical Equipment	0.082	hard_conservative, 25 mm chosen in the tool is 0.082020997375 ft
08:57:21.192	376.147	1A04EP		rows for the workbook	BLD-EL-Data Devices-vs-BLD-ME-Mechanical Equipment	0	0 in the document
08:57:21.192	376.148	1A04EP		test passed	BLD-EL-Data Devices-vs-BLD-ME-Mechanical Equipment	0	ran and found nothing
08:57:21.246	376.202	1A04EP	TESTS CREATE	test created	BLD-EL-Data Devices-vs-BLD-ME-Air Terminals	0.082	hard_conservative, 25 mm chosen in the tool is 0.082020997375 ft
08:57:21.399	376.354	1A04EP		rows for the workbook	BLD-EL-Data Devices-vs-BLD-ME-Air Terminals	0	0 in the document
08:57:21.400	376.355	1A04EP		test passed	BLD-EL-Data Devices-vs-BLD-ME-Air Terminals	0	ran and found nothing
08:57:21.432	376.388	1A04EP	TESTS CREATE	test created	BLD-EL-Data Devices-vs-BLD-FF-Pipes & Pipe Fittings	0.082	hard_conservative, 25 mm chosen in the tool is 0.082020997375 ft
08:57:21.586	376.541	1A04EP		rows for the workbook	BLD-EL-Data Devices-vs-BLD-FF-Pipes & Pipe Fittings	0	0 in the document
08:57:21.587	376.542	1A04EP		test passed	BLD-EL-Data Devices-vs-BLD-FF-Pipes & Pipe Fittings	0	ran and found nothing
08:57:21.621	376.577	1A04EP	TESTS CREATE	test created	BLD-EL-Data Devices-vs-BLD-FF-Pipe Accessories	0.082	hard_conservative, 25 mm chosen in the tool is 0.082020997375 ft
08:57:21.792	376.747	1A04EP		rows for the workbook	BLD-EL-Data Devices-vs-BLD-FF-Pipe Accessories	0	0 in the document
08:57:21.792	376.748	1A04EP		test passed	BLD-EL-Data Devices-vs-BLD-FF-Pipe Accessories	0	ran and found nothing
08:57:21.823	376.779	1A04EP	TESTS CREATE	test created	BLD-EL-Data Devices-vs-BLD-FF-Sprinklers	0.082	hard_conservative, 25 mm chosen in the tool is 0.082020997375 ft
08:57:21.978	376.933	1A04EP		rows for the workbook	BLD-EL-Data Devices-vs-BLD-FF-Sprinklers	0	0 in the document
08:57:21.979	376.934	1A04EP		test passed	BLD-EL-Data Devices-vs-BLD-FF-Sprinklers	0	ran and found nothing
08:57:22.010	376.966	1A04EP	TESTS CREATE	test created	BLD-EL-Data Devices-vs-BLD-DR-Mechanical Equipment	0.082	hard_conservative, 25 mm chosen in the tool is 0.082020997375 ft
08:57:22.182	377.138	1A04EP		rows for the workbook	BLD-EL-Data Devices-vs-BLD-DR-Mechanical Equipment	0	0 in the document
08:57:22.183	377.139	1A04EP		test passed	BLD-EL-Data Devices-vs-BLD-DR-Mechanical Equipment	0	ran and found nothing
08:57:22.213	377.168	1A04EP	TESTS CREATE	test created	BLD-EL-Data Devices-vs-BLD-DR-Pipes & Pipe Fittings	0.082	hard_conservative, 25 mm chosen in the tool is 0.082020997375 ft
08:57:22.384	377.340	1A04EP		rows for the workbook	BLD-EL-Data Devices-vs-BLD-DR-Pipes & Pipe Fittings	0	0 in the document
08:57:22.385	377.341	1A04EP		test passed	BLD-EL-Data Devices-vs-BLD-DR-Pipes & Pipe Fittings	0	ran and found nothing
08:57:22.416	377.372	1A04EP	TESTS CREATE	test created	BLD-EL-Data Devices-vs-BLD-DR-Pipe Accessories	0.082	hard_conservative, 25 mm chosen in the tool is 0.082020997375 ft
08:57:22.570	377.525	1A04EP		rows for the workbook	BLD-EL-Data Devices-vs-BLD-DR-Pipe Accessories	0	0 in the document
08:57:22.570	377.526	1A04EP		test passed	BLD-EL-Data Devices-vs-BLD-DR-Pipe Accessories	0	ran and found nothing
08:57:22.602	377.558	1A04EP	TESTS CREATE	test created	BLD-EL-Data Devices-vs-BLD-DR-Plumbing Fixtures	0.082	hard_conservative, 25 mm chosen in the tool is 0.082020997375 ft
08:57:22.756	377.712	1A04EP		rows for the workbook	BLD-EL-Data Devices-vs-BLD-DR-Plumbing Fixtures	0	0 in the document
08:57:22.757	377.712	1A04EP		test passed	BLD-EL-Data Devices-vs-BLD-DR-Plumbing Fixtures	0	ran and found nothing
08:57:22.790	377.746	1A04EP	TESTS CREATE	test created	BLD-EL-Data Devices-vs-BLD-EL-Cable Tray&Cable Tray Fittings	0.082	hard_conservative, 25 mm chosen in the tool is 0.082020997375 ft
08:57:23.064	378.020	1A04EP		rows for the workbook	BLD-EL-Data Devices-vs-BLD-EL-Cable Tray&Cable Tray Fittings	3	3 in the document
08:57:23.065	378.021	1A04EP		test found clashes	BLD-EL-Data Devices-vs-BLD-EL-Cable Tray&Cable Tray Fittings	3	ran and found clashes
08:57:23.104	378.059	1A04EP	TESTS CREATE	test created	BLD-EL-Data Devices-vs-BLD-EL-Electrical Equipment	0.082	hard_conservative, 25 mm chosen in the tool is 0.082020997375 ft
08:57:23.256	378.211	1A04EP		rows for the workbook	BLD-EL-Data Devices-vs-BLD-EL-Electrical Equipment	0	0 in the document
08:57:23.256	378.212	1A04EP		test passed	BLD-EL-Data Devices-vs-BLD-EL-Electrical Equipment	0	ran and found nothing
08:57:23.291	378.247	1A04EP	TESTS CREATE	test created	BLD-EL-Data Devices-vs-BLD-EL-Electrical Fixtures	0.082	hard_conservative, 25 mm chosen in the tool is 0.082020997375 ft
08:57:23.702	378.658	1A04EP		rows for the workbook	BLD-EL-Data Devices-vs-BLD-EL-Electrical Fixtures	5	5 in the document
08:57:23.703	378.659	1A04EP		test found clashes	BLD-EL-Data Devices-vs-BLD-EL-Electrical Fixtures	5	ran and found clashes
08:57:23.749	378.704	1A04EP	TESTS CREATE	test created	BLD-EL-Data Devices-vs-BLD-EL-Conduits & Conduit Fittings	0.082	hard_conservative, 25 mm chosen in the tool is 0.082020997375 ft
08:57:24.079	379.034	1A04EP		rows for the workbook	BLD-EL-Data Devices-vs-BLD-EL-Conduits & Conduit Fittings	4	4 in the document
08:57:24.080	379.035	1A04EP		test found clashes	BLD-EL-Data Devices-vs-BLD-EL-Conduits & Conduit Fittings	4	ran and found clashes
08:57:24.125	379.081	1A04EP	TESTS CREATE	test created	BLD-EL-Data Devices-vs-BLD-EL-Lighting Fixtures	0.082	hard_conservative, 25 mm chosen in the tool is 0.082020997375 ft
08:57:24.281	379.237	1A04EP		rows for the workbook	BLD-EL-Data Devices-vs-BLD-EL-Lighting Fixtures	0	0 in the document
08:57:24.283	379.238	1A04EP		test passed	BLD-EL-Data Devices-vs-BLD-EL-Lighting Fixtures	0	ran and found nothing
08:57:24.314	379.270	1A04EP	TESTS CREATE	test created	BLD-EL-Data Devices-vs-BLD-EL-Lighting Devices	0.082	hard_conservative, 25 mm chosen in the tool is 0.082020997375 ft
08:57:24.470	379.425	1A04EP		rows for the workbook	BLD-EL-Data Devices-vs-BLD-EL-Lighting Devices	0	0 in the document
08:57:24.471	379.426	1A04EP		test passed	BLD-EL-Data Devices-vs-BLD-EL-Lighting Devices	0	ran and found nothing
08:57:24.501	379.456	1A04EP	TESTS CREATE	test created	BLD-EL-Data Devices-vs-BLD-EL-Fire Alarm Devices	0.082	hard_conservative, 25 mm chosen in the tool is 0.082020997375 ft
08:57:24.757	379.712	1A04EP		rows for the workbook	BLD-EL-Data Devices-vs-BLD-EL-Fire Alarm Devices	2	2 in the document
08:57:24.758	379.713	1A04EP		test found clashes	BLD-EL-Data Devices-vs-BLD-EL-Fire Alarm Devices	2	ran and found clashes
08:57:24.801	379.756	1A04EP	TESTS CREATE	test created	BLD-EL-Data Devices-vs-BLD-Security Devices	0.082	hard_conservative, 25 mm chosen in the tool is 0.082020997375 ft
08:57:24.976	379.931	1A04EP		rows for the workbook	BLD-EL-Data Devices-vs-BLD-Security Devices	0	0 in the document
08:57:24.977	379.932	1A04EP		test passed	BLD-EL-Data Devices-vs-BLD-Security Devices	0	ran and found nothing
08:57:25.004	379.960	1A04EP	TESTS CREATE	test created	BLD-EL-Data Devices-vs-BLD-EL-Communication Devices	0.082	hard_conservative, 25 mm chosen in the tool is 0.082020997375 ft
08:57:26.964	381.920	1A04EP		rows for the workbook	BLD-EL-Data Devices-vs-BLD-EL-Communication Devices	33	33 in the document
08:57:26.965	381.921	1A04EP		test found clashes	BLD-EL-Data Devices-vs-BLD-EL-Communication Devices	33	ran and found clashes
08:57:32.210	387.171	1A04EP		service with no readable size	BLD-EL-Cable Tray&Cable Tray Fittings-vs-BLD-AR-Walls  Clash20  [Cable Tray Fittings]		
08:57:32.216	387.172	1A04EP		service with no readable size	BLD-EL-Cable Tray&Cable Tray Fittings-vs-BLD-AR-Walls  Clash22  [Cable Tray Fittings]		
08:57:32.216	387.173	1A04EP		service with no readable size	BLD-EL-Cable Tray&Cable Tray Fittings-vs-BLD-AR-Walls  Clash26  [Cable Tray Fittings]		
08:57:32.216	387.174	1A04EP		service with no readable size	BLD-EL-Cable Tray&Cable Tray Fittings-vs-BLD-AR-Walls  Clash27  [Cable Tray Fittings]		
08:57:32.216	387.175	1A04EP		service with no readable size	BLD-EL-Cable Tray&Cable Tray Fittings-vs-BLD-AR-Walls  Clash30  [Cable Tray Fittings]		
08:57:32.220	387.176	1A04EP		service with no readable size	BLD-EL-Cable Tray&Cable Tray Fittings-vs-BLD-AR-Walls  Clash31  [Cable Tray Fittings]		
08:57:32.220	387.177	1A04EP		service with no readable size	BLD-EL-Cable Tray&Cable Tray Fittings-vs-BLD-AR-Walls  Clash32  [Cable Tray Fittings]		
08:57:32.222	387.178	1A04EP		service with no readable size	BLD-EL-Cable Tray&Cable Tray Fittings-vs-BLD-AR-Walls  Clash35  [Cable Tray Fittings]		
08:57:32.222	387.178	1A04EP		service with no readable size	BLD-EL-Cable Tray&Cable Tray Fittings-vs-BLD-AR-Walls  Clash36  [Cable Tray Fittings]		
08:57:54.708	409.666	1A04EP	VIEWS	step started	VIEWS	0	
08:57:54.729	409.689	1A04EP	VIEWS	census before	models	5	
08:57:54.729	409.690	1A04EP	VIEWS	census before	sets	61	
08:57:54.729	409.690	1A04EP	VIEWS	census before	tests	666	
08:57:54.729	409.691	1A04EP	VIEWS	census before	results	2566	
08:57:54.729	409.692	1A04EP	VIEWS	census before	views	57	
09:34:23.665	2598.621	1A04EP		census after	models	0	
09:34:23.665	2598.622	1A04EP		census after	sets	0	
09:34:23.665	2598.622	1A04EP		census after	tests	0	
09:34:23.665	2598.623	1A04EP		census after	results	0	
09:34:23.665	2598.624	1A04EP		census after	views	1416	
09:34:23.665	2598.631	1A04EP		step finished	VIEWS	2188.961	926 created, 0 already there, 1408 failed.
09:34:24.748	2599.706	1A04EP	NWF SAVE	written	NWF	4197	C:\\00-NM\\Federation Task\\C02 + 04\\C04\\NWF\\1104-PAR-1A04EP-ZZZ-BM-MOD-000001.nwf
09:34:24.748	2599.708	1A04EP	WORKBOOK	step started	WORKBOOK	0	
09:34:24.748	2599.710	1A04EP	WORKBOOK	census before	models	0	
09:34:24.748	2599.711	1A04EP	WORKBOOK	census before	sets	0	
09:34:24.748	2599.711	1A04EP	WORKBOOK	census before	tests	0	
09:34:24.748	2599.712	1A04EP	WORKBOOK	census before	results	0	
09:34:24.748	2599.713	1A04EP	WORKBOOK	census before	views	1416	
09:34:28.732	2603.691	1A04EP	WORKBOOK	written	XLSX	451066	C:\\00-NM\\Federation Task\\C02 + 04\\C04\\Clash Report\\1104-PAR-1A04EP-ZZZ-BM-MOD-000001.xlsx
09:34:29.214	2604.170	1A04EP		census after	models	0	
09:34:29.215	2604.171	1A04EP		census after	sets	0	
09:34:29.215	2604.171	1A04EP		census after	tests	0	
09:34:29.215	2604.172	1A04EP		census after	results	0	
09:34:29.215	2604.173	1A04EP		census after	views	1416	
09:34:29.219	2604.174	1A04EP		step finished	WORKBOOK	4.461	wrote 451066 bytes
09:34:29.220	2604.176	1A04EP	HTML	step started	HTML	0	
09:34:29.220	2604.178	1A04EP	HTML	census before	models	0	
09:34:29.220	2604.178	1A04EP	HTML	census before	sets	0	
09:34:29.220	2604.179	1A04EP	HTML	census before	tests	0	
09:34:29.220	2604.179	1A04EP	HTML	census before	results	0	
09:34:29.220	2604.180	1A04EP	HTML	census before	views	1416	
09:34:29.399	2604.368	1A04EP	HTML	written	HTML	6655825	C:\\00-NM\\Federation Task\\C02 + 04\\C04\\Clash Report\\1104-PAR-1A04EP-ZZZ-BM-MOD-000001.html
09:34:29.799	2604.755	1A04EP		census after	models	0	
09:34:29.800	2604.756	1A04EP		census after	sets	0	
09:34:29.800	2604.757	1A04EP		census after	tests	0	
09:34:29.800	2604.757	1A04EP		census after	results	0	
09:34:29.800	2604.758	1A04EP		census after	views	1416	
09:34:29.800	2604.760	1A04EP		step finished	HTML	0.577	wrote 6655825 bytes
09:34:29.800	2604.763	1A04EP	NWD	step started	NWD	0	
09:34:29.800	2604.765	1A04EP	NWD	census before	models	0	
09:34:29.800	2604.765	1A04EP	NWD	census before	sets	0	
09:34:29.811	2604.766	1A04EP	NWD	census before	tests	0	
09:34:29.811	2604.767	1A04EP	NWD	census before	results	0	
09:34:29.811	2604.768	1A04EP	NWD	census before	views	1416	
09:34:29.822	2604.780	1A04EP		census after	models	0	
09:34:29.822	2604.781	1A04EP		census after	sets	0	
09:34:29.822	2604.782	1A04EP		census after	tests	0	
09:34:29.822	2604.783	1A04EP		census after	results	0	
09:34:29.822	2604.784	1A04EP		census after	views	1416	
09:34:29.822	2604.785	1A04EP		step finished	NWD	0.017	nothing published
09:34:29.831	2604.787	1A04EP	CONFIRM	step started	CONFIRM	0	
09:34:29.831	2604.789	1A04EP	CONFIRM	census before	models	0	
09:34:29.831	2604.790	1A04EP	CONFIRM	census before	sets	0	
09:34:29.831	2604.791	1A04EP	CONFIRM	census before	tests	0	
09:34:29.831	2604.792	1A04EP	CONFIRM	census before	results	0	
09:34:29.831	2604.793	1A04EP	CONFIRM	census before	views	1416	
09:34:29.831	2604.796	1A04EP		census after	models	0	
09:34:29.831	2604.797	1A04EP		census after	sets	0	
09:34:29.831	2604.798	1A04EP		census after	tests	0	
09:34:29.843	2604.798	1A04EP		census after	results	0	
09:34:29.843	2604.799	1A04EP		census after	views	1416	
09:34:29.843	2604.801	1A04EP		step finished	CONFIRM	0.008	the NWF is 4197 bytes
09:34:29.849	2604.812	1A04EP		gap	Family	5132	it would belong in a workbook column of ours, which is Q25
09:34:29.849	2604.813	1A04EP		gap	Type Name	5132	it would belong in a workbook column of ours, which is Q25
09:34:29.849	2604.814	1A04EP		gap	Material	4939	it would belong in a workbook column of ours, which is Q25
09:34:29.849	2604.814	1A04EP		gap	Id From	5132	the ITEM IDS block counts it per property and no output names it per item
09:34:29.865	2604.821	1A04EP		step total	NWF SAVE	0.267	
09:34:29.865	2604.821	1A04EP		step total	TESTS CREATE	12.1	
09:34:29.865	2604.822	1A04EP		step total	TESTS RUN	90.667	
09:34:29.865	2604.823	1A04EP		step total	HARVEST	141.038	
09:34:29.865	2604.824	1A04EP		step total	IMAGES	106.856	
09:34:29.865	2604.826			group finished	1A04EP	2560.547	FAILED First run
09:34:29.881	2604.847			timing	VIEWS	2188.961	1 visits
09:34:29.881	2604.848			timing	HARVEST	141.038	666 visits
09:34:29.894	2604.849			timing	TESTS RUN	90.667	666 visits
09:34:29.894	2604.850			timing	TESTS CREATE	12.1	666 visits
09:34:29.894	2604.851			timing	WORKBOOK	4.461	1 visits
09:34:29.894	2604.852			timing	SETS	1.879	1 visits
09:34:29.897	2604.852			timing	HTML	0.577	1 visits
09:34:29.898	2604.853			timing	APPEND	0.484	1 visits
09:34:29.898	2604.854			timing	UNITS	0.283	1 visits
09:34:29.898	2604.855			timing	NWF SAVE	0.267	2 visits
09:34:29.898	2604.856			timing	DECIDE	0.021	1 visits
09:34:29.898	2604.857			timing	NWD	0.017	1 visits
09:34:29.898	2604.857			timing	CONFIRM	0.008	1 visits
09:34:29.898	2604.858			timing nested	IMAGES	106.856	2566 visits
09:34:29.908	2604.867	1A04KI	DECIDE	step started	DECIDE	0	
09:34:29.908	2604.868	1A04KI	DECIDE	census before	models	0	
09:34:29.914	2604.869	1A04KI	DECIDE	census before	sets	0	
09:34:29.915	2604.870	1A04KI	DECIDE	census before	tests	0	
09:34:29.915	2604.871	1A04KI	DECIDE	census before	results	0	
09:34:29.916	2604.872	1A04KI	DECIDE	census before	views	0	
09:34:29.916	2604.874	1A04KI		census after	models	0	
09:34:29.916	2604.875	1A04KI		census after	sets	0	
09:34:29.916	2604.875	1A04KI		census after	tests	0	
09:34:29.916	2604.876	1A04KI		census after	results	0	
09:34:29.916	2604.877	1A04KI		census after	views	0	
09:34:29.916	2604.879	1A04KI		step finished	DECIDE	0.007	First run
09:34:29.916	2604.882	1A04KI	APPEND	step started	APPEND	0	
09:34:29.928	2604.884	1A04KI	APPEND	census before	models	0	
09:34:29.928	2604.885	1A04KI	APPEND	census before	sets	0	
09:34:29.930	2604.885	1A04KI	APPEND	census before	tests	0	
09:34:29.931	2604.886	1A04KI	APPEND	census before	results	0	
09:34:29.931	2604.887	1A04KI	APPEND	census before	views	0	
