16:20:06.126  +0000.000s  Log opened at C:\Users\bader\AppData\Local\ParsonsNwcFederator\logs\run-20260920-162006.log
16:20:06.131  +0000.005s  ROWS     the machine readable log is C:\Users\bader\AppData\Local\ParsonsNwcFederator\logs\run-20260920-162006.tsv

================================================================
SESSION
================================================================
16:20:06.145  +0000.019s  started        : 2026-09-20 16:20:06
16:20:06.146  +0000.020s  plugin version : 1.0.0.0 2e2bd835 built 2026-09-20 16:18:50
16:20:06.147  +0000.022s  navisworks     : Autodesk Navisworks Manage 2025  runtime 22.5  build 0  api 22.0 (stable)  language en-US  runtime string Navisworks Manage
16:20:06.148  +0000.022s  open document  : none, the document is clear
16:20:06.149  +0000.023s  log file       : C:\Users\bader\AppData\Local\ParsonsNwcFederator\logs\run-20260920-162006.log
16:20:06.220  +0000.095s  LOGO     the report will carry C:\Program Files\Autodesk\Navisworks Manage 2025\Images\logo.jpg

================================================================
FOLDERS REMEMBERED
================================================================
16:20:06.254  +0000.128s  Source    C:\00-NM\Federation Task\C02 + 04\C02\NWC
16:20:06.255  +0000.129s  Nwf       C:\00-NM\Federation Task\C02 + 04\C02\NWF
16:20:06.256  +0000.130s  Nwd       C:\00-NM\Federation Task\C02 + 04\C02\NWD
16:20:06.257  +0000.131s  Excel     C:\00-NM\Federation Task\C02 + 04\C02\Clash Report
16:20:06.257  +0000.131s  ClashXml  C:\Users\bader\Downloads
16:20:43.891  +0037.765s  SCAN     started  C:\00-NM\Federation Task\C02 + 04\C02\NWC  including subfolders
16:20:43.897  +0037.771s  SCAN     finished 40 found, 40 readable, 0 that cannot be read
16:21:05.548  +0059.423s  LOADING  the NWF reported 2 models after 0.618s, steady over 3 reads 0.250s apart, over 3 readings in all
16:21:05.561  +0059.436s  LOADING  the scene loaded event fired 2 times, first at 0.0s and last at 0.0s after the open began, and the open returned at 0.1s
16:21:05.567  +0059.442s  PREVIEW  1000BS  Weekly run plus XML
16:21:06.651  +0060.525s  LOADING  the NWF reported 3 models after 0.867s, steady over 3 reads 0.250s apart, over 3 readings in all
16:21:06.653  +0060.528s  LOADING  the scene loaded event fired 3 times, first at 0.1s and last at 0.1s after the open began, and the open returned at 0.2s
16:21:06.655  +0060.529s  PREVIEW  1A0215  Weekly run plus XML
16:21:07.751  +0061.626s  LOADING  the NWF reported 6 models after 0.671s, steady over 3 reads 0.250s apart, over 3 readings in all
16:21:07.752  +0061.627s  LOADING  the scene loaded event fired 6 times, first at 0.0s and last at 0.1s after the open began, and the open returned at 0.2s
16:21:07.755  +0061.630s  PREVIEW  1A02BS  Weekly run plus XML
16:21:09.675  +0063.550s  LOADING  the NWF reported 4 models after 0.761s, steady over 3 reads 0.250s apart, over 3 readings in all
16:21:09.676  +0063.551s  LOADING  the scene loaded event fired 4 times, first at 0.0s and last at 0.1s after the open began, and the open returned at 1.1s
16:21:09.678  +0063.553s  PREVIEW  1A02MM  Weekly run plus XML
16:21:10.746  +0064.620s  LOADING  the NWF reported 1 model after 0.858s, steady over 3 reads 0.250s apart, over 3 readings in all
16:21:10.747  +0064.622s  LOADING  the scene loaded event fired 1 time, first at 0.2s and last at 0.2s after the open began, and the open returned at 0.2s
16:21:10.749  +0064.624s  PREVIEW  1A02MS  Weekly run plus XML
16:21:11.643  +0065.517s  LOADING  the NWF reported 4 models after 0.611s, steady over 3 reads 0.250s apart, over 3 readings in all
16:21:11.645  +0065.519s  LOADING  the scene loaded event fired 4 times, first at 0.0s and last at 0.0s after the open began, and the open returned at 0.1s
16:21:11.646  +0065.521s  PREVIEW  1A02WE  Weekly run plus XML
16:21:12.645  +0066.519s  LOADING  the NWF reported 8 models after 0.862s, steady over 3 reads 0.250s apart, over 3 readings in all
16:21:12.646  +0066.521s  LOADING  the scene loaded event fired 8 times, first at 0.0s and last at 0.1s after the open began, and the open returned at 0.1s
16:21:12.648  +0066.522s  PREVIEW  1A02WL  Weekly run plus XML
16:21:14.038  +0067.912s  LOADING  the NWF reported 4 models after 0.749s, steady over 3 reads 0.250s apart, over 3 readings in all
16:21:14.052  +0067.926s  LOADING  the scene loaded event fired 4 times, first at 0.0s and last at 0.1s after the open began, and the open returned at 0.5s
16:21:14.066  +0067.941s  PREVIEW  1A02WM  Weekly run plus XML
16:21:14.912  +0068.787s  LOADING  the NWF reported 4 models after 0.648s, steady over 3 reads 0.250s apart, over 3 readings in all
16:21:14.926  +0068.800s  LOADING  the scene loaded event fired 4 times, first at 0.1s and last at 0.1s after the open began, and the open returned at 0.2s
16:21:14.938  +0068.813s  PREVIEW  1A02WN  Weekly run plus XML
16:21:16.070  +0069.944s  LOADING  the NWF reported 4 models after 0.865s, steady over 3 reads 0.250s apart, over 3 readings in all
16:21:16.084  +0069.960s  LOADING  the scene loaded event fired 4 times, first at 0.1s and last at 0.1s after the open began, and the open returned at 0.2s
16:21:16.098  +0069.973s  PREVIEW  1A02WO  Weekly run plus XML
16:21:16.111  +0069.986s  PREVIEW  opened 10 NWFs before the confirm dialog in 11.3s

================================================================
RUN SETTINGS
================================================================
16:21:41.726  +0095.600s  source folder     : C:\00-NM\Federation Task\C02 + 04\C02\NWC
16:21:41.727  +0095.602s  include subfolders: yes
16:21:41.730  +0095.605s  NWF folder        : C:\00-NM\Federation Task\C02 + 04\C02\NWF
16:21:41.732  +0095.606s  NWD folder        : C:\00-NM\Federation Task\C02 + 04\C02\NWD
16:21:41.733  +0095.608s  files found       : 40
16:21:41.736  +0095.610s  files ticked      : 40
16:21:41.737  +0095.612s  groups built      : 10
16:21:41.742  +0095.616s  grouping         : One file per building
16:21:41.744  +0095.618s  apply file to old: no, differences are reported and nothing is changed
16:21:41.745  +0095.620s  compact resolved : no
16:21:41.746  +0095.621s  penetrations     : YES, a small service through a wall, floor or roof becomes Reviewed
16:21:41.748  +0095.623s  clash tolerance  : 25 mm, chosen in the tool, set on every test and beats the XML and the document
16:21:41.750  +0095.624s  priority file    : C:\Users\bader\Downloads\clash-priority-map.csv
16:21:41.751  +0095.626s  by design        : YES, a clash between two sets the pairs file names becomes Reviewed
16:21:41.753  +0095.628s  NWD naming       : overwrites, so only the latest week exists
16:21:41.755  +0095.629s  republish NWD    : yes, fixed
16:21:41.756  +0095.631s  model units      : Meters, which is what the models are set to
16:21:41.758  +0095.632s  report units     : Meters (m), always, converted before anything is written

================================================================
GROUPS
================================================================
16:21:41.764  +0095.640s  run       1000BS      2 files  1104-PAR-1000BS-ZZZ-BM-MOD-000001  [AR]  Weekly run plus XML
16:21:41.781  +0095.656s  run       1A0215      3 files  1104-PAR-1A0215-ZZZ-BM-MOD-000001  [LS, LT, SW]  Weekly run plus XML
16:21:41.783  +0095.658s  run       1A02BS      6 files  1104-PAR-1A02BS-ZZZ-BM-MOD-000001  [AR, EL]  Weekly run plus XML
16:21:41.786  +0095.661s  run       1A02MM      4 files  1104-PAR-1A02MM-ZZZ-BM-MOD-000001  [AR, EL, ME, ST]  Weekly run plus XML
16:21:41.791  +0095.666s  run       1A02MS      1 file   1104-PAR-1A02MS-ZZZ-BM-MOD-000001  [ST]  Weekly run plus XML
16:21:41.793  +0095.668s  run       1A02WE      4 files  1104-PAR-1A02WE-ZZZ-BM-MOD-000001  [AR, EL, ME, ST]  Weekly run plus XML
16:21:41.795  +0095.670s  run       1A02WL      8 files  1104-PAR-1A02WL-ZZZ-BM-MOD-000001  [ME, ST]  Weekly run plus XML
16:21:41.797  +0095.672s  run       1A02WM      4 files  1104-PAR-1A02WM-ZZZ-BM-MOD-000001  [AR, EL, ME, ST]  Weekly run plus XML
16:21:41.798  +0095.673s  run       1A02WN      4 files  1104-PAR-1A02WN-ZZZ-BM-MOD-000001  [AR, EL, ME, ST]  Weekly run plus XML
16:21:41.806  +0095.681s  run       1A02WO      4 files  1104-PAR-1A02WO-ZZZ-BM-MOD-000001  [AR, EL, ME, ST]  Weekly run plus XML
16:21:41.808  +0095.683s  0 groups unticked in the Run column, nothing else drops a group

================================================================
FINDINGS
================================================================
16:21:41.815  +0095.689s  Disciplines in this run: AR, EL, LS, LT, ME, ST, SW
16:21:41.817  +0095.691s  ODD SHAPE         The building code 1000BS is written differently from every other code in this run.
16:21:41.818  +0095.692s                    The other 9 codes look like 1A02BS, and 1000BS does not follow that. That is often a typing error in the file name, and it is sometimes a real building named another way. Nothing is changed and the group still runs.
16:21:41.823  +0095.698s                    file: 1104-PAR-1000BS-ZZZ-AR-MOD-003001
16:21:41.824  +0095.699s                    file: 1104-PAR-1000BS-ZZZ-AR-MOD-003002
16:21:41.826  +0095.700s  ODD SHAPE         The building code 1A0215 is written differently from every other code in this run.
16:21:41.827  +0095.702s                    The other 9 codes look like 1A02BS, and 1A0215 does not follow that. That is often a typing error in the file name, and it is sometimes a real building named another way. Nothing is changed and the group still runs.
16:21:41.828  +0095.703s                    file: 1104-PAR-1A0215-ZZZ-LS-MOD-000001
16:21:41.830  +0095.704s                    file: 1104-PAR-1A0215-ZZZ-LT-MOD-000001
16:21:41.831  +0095.705s                    file: 1104-PAR-1A0215-ZZZ-SW-MOD-000001
16:21:41.832  +0095.707s  SINGLE DISCIPLINE 1000BS holds only AR files, so there is nothing for them to clash against.
16:21:41.833  +0095.708s                    This run also has EL, LS, LT, ME, ST, SW files in other buildings. The federation is still built and every clash test is still created, and none of them is run, because one discipline cannot clash with itself. Either the other disciplines have not been exported yet, or this building really is AR only.
16:21:41.834  +0095.709s                    file: 1104-PAR-1000BS-ZZZ-AR-MOD-003001
16:21:41.837  +0095.711s                    file: 1104-PAR-1000BS-ZZZ-AR-MOD-003002
16:21:41.839  +0095.714s  MISSING           1A0215 has no AR or EL or ME or ST files, which other buildings in this run do have.
16:21:41.841  +0095.715s                    It holds LS, LT, SW, and this run has AR, EL, LS, LT, ME, ST, SW between all its buildings. That may be deliberate, or those models may not have been exported yet. Nothing is blocked either way.
16:21:41.842  +0095.717s  MISSING           1A02BS has no LS or LT or ME or ST or SW files, which other buildings in this run do have.
16:21:41.843  +0095.719s                    It holds AR, EL, and this run has AR, EL, LS, LT, ME, ST, SW between all its buildings. That may be deliberate, or those models may not have been exported yet. Nothing is blocked either way.
16:21:41.845  +0095.720s  MISSING           1A02MM has no LS or LT or SW files, which other buildings in this run do have.
16:21:41.847  +0095.722s                    It holds AR, EL, ME, ST, and this run has AR, EL, LS, LT, ME, ST, SW between all its buildings. That may be deliberate, or those models may not have been exported yet. Nothing is blocked either way.
16:21:41.854  +0095.729s  SINGLE DISCIPLINE 1A02MS holds only ST files, so there is nothing for them to clash against.
16:21:41.859  +0095.733s                    This run also has AR, EL, LS, LT, ME, SW files in other buildings. The federation is still built and every clash test is still created, and none of them is run, because one discipline cannot clash with itself. Either the other disciplines have not been exported yet, or this building really is ST only.
16:21:41.861  +0095.736s                    file: 1104-PAR-1A02MS-ZZZ-ST-MOD-000001
16:21:41.863  +0095.738s  MISSING           1A02WE has no LS or LT or SW files, which other buildings in this run do have.
16:21:41.865  +0095.740s                    It holds AR, EL, ME, ST, and this run has AR, EL, LS, LT, ME, ST, SW between all its buildings. That may be deliberate, or those models may not have been exported yet. Nothing is blocked either way.
16:21:41.867  +0095.741s  MISSING           1A02WL has no AR or EL or LS or LT or SW files, which other buildings in this run do have.
16:21:41.869  +0095.743s                    It holds ME, ST, and this run has AR, EL, LS, LT, ME, ST, SW between all its buildings. That may be deliberate, or those models may not have been exported yet. Nothing is blocked either way.
16:21:41.873  +0095.748s  MISSING           1A02WM has no LS or LT or SW files, which other buildings in this run do have.
16:21:41.875  +0095.750s                    It holds AR, EL, ME, ST, and this run has AR, EL, LS, LT, ME, ST, SW between all its buildings. That may be deliberate, or those models may not have been exported yet. Nothing is blocked either way.
16:21:41.876  +0095.751s  MISSING           1A02WN has no LS or LT or SW files, which other buildings in this run do have.
16:21:41.878  +0095.753s                    It holds AR, EL, ME, ST, and this run has AR, EL, LS, LT, ME, ST, SW between all its buildings. That may be deliberate, or those models may not have been exported yet. Nothing is blocked either way.
16:21:41.879  +0095.754s  MISSING           1A02WO has no LS or LT or SW files, which other buildings in this run do have.
16:21:41.881  +0095.756s                    It holds AR, EL, ME, ST, and this run has AR, EL, LS, LT, ME, ST, SW between all its buildings. That may be deliberate, or those models may not have been exported yet. Nothing is blocked either way.
16:21:41.890  +0095.764s  RUN      started, 10 groups
16:21:41.914  +0095.788s  RUN      the Clash step picked C:\Users\bader\Documents\GitHub\PAR_NWC-Federator-V2\exchange\1104-PAR_CLASH_AllInOne_25mm_FIXED.xml
16:21:41.926  +0095.801s  RUN      it holds 61 sets and 1830 tests
16:21:41.929  +0095.804s  RUN      workbooks go in C:\00-NM\Federation Task\C02 + 04\C02\Clash Report
16:21:41.931  +0095.806s  RUN      the clash XML is off
16:21:41.991  +0095.865s  GROUP    started  1000BS  2 files
                          file     : C:\00-NM\Federation Task\C02 + 04\C02\NWC\1104-PAR-1000BS-ZZZ-AR-MOD-003001.nwc
                          file     : C:\00-NM\Federation Task\C02 + 04\C02\NWC\1104-PAR-1000BS-ZZZ-AR-MOD-003002.nwc
16:21:41.997  +0095.872s  CLEAR    the document, at the top of 1000BS, before Decide
16:21:42.029  +0095.904s  CENSUS CLEAR  the document was emptied and every count read zero
16:21:42.034  +0095.909s  STEP     DECIDE        started
16:21:42.039  +0095.914s  CENSUS   before DECIDE  models 0  sets 0  tests 0  results 0  views 0
16:21:42.082  +0095.956s  OPEN     reading the file list out of C:\00-NM\Federation Task\C02 + 04\C02\NWF\1104-PAR-1000BS-ZZZ-BM-MOD-000001.nwf
16:21:42.693  +0096.567s  LOADING  the NWF reported 2 models after 0.556s, steady over 3 reads 0.250s apart, over 3 readings in all
16:21:42.695  +0096.569s  LOADING  the scene loaded event fired 2 times, first at 0.0s and last at 0.0s after the open began, and the open returned at 0.1s
16:21:42.696  +0096.571s           holds   C:\00-NM\Federation Task\C02 + 04\C02\NWC\1104-PAR-1000BS-ZZZ-AR-MOD-003001.nwc   [source Autodesk Docs://KSA_New Murabba/1104-PAR-100000-ZZZ-AR-MOD-003000.rvt, file C:\00-NM\Federation Task\C02 + 04\C02\NWC\1104-PAR-1000BS-ZZZ-AR-MOD-003001.nwc]
16:21:42.698  +0096.573s           holds   C:\00-NM\Federation Task\C02 + 04\C02\NWC\1104-PAR-1000BS-ZZZ-AR-MOD-003002.nwc   [source Autodesk Docs://KSA_New Murabba/1104-PAR-100000-ZZZ-AR-MOD-003000.rvt, file C:\00-NM\Federation Task\C02 + 04\C02\NWC\1104-PAR-1000BS-ZZZ-AR-MOD-003002.nwc]
16:21:42.706  +0096.581s  CENSUS   after  DECIDE  models 2  sets 61  tests 21  results 0  views 12
16:21:42.717  +0096.592s  STEP     DECIDE        finished 0.667s  Weekly run plus XML
16:21:42.720  +0096.595s  OPENED   C:\00-NM\Federation Task\C02 + 04\C02\NWF\1104-PAR-1000BS-ZZZ-BM-MOD-000001.nwf
16:21:42.721  +0096.596s           the file list matches the scan, 2 files, so it was not cleared and nothing was re-appended
16:21:42.722  +0096.597s  NWF      reused   C:\00-NM\Federation Task\C02 + 04\C02\NWF\1104-PAR-1000BS-ZZZ-BM-MOD-000001.nwf  13,091 bytes
16:21:42.727  +0096.601s  STEP     UNITS         started
16:21:42.735  +0096.609s  CENSUS   before UNITS  models 2  sets 61  tests 21  results 0  views 12
16:21:42.753  +0096.628s  UNITS    the document is in Feet (ft) and the report needs Meters (m). Setting every model.
16:21:42.768  +0096.642s  UNITS    2 models set, 0 that would not, document shows Feet (ft). Every report number is converted to Meters (m) before it is written, so the report is metric whatever this says.
16:21:42.770  +0096.645s  CENSUS   after  UNITS  models 2  sets 61  tests 21  results 0  views 12
16:21:42.775  +0096.650s  STEP     UNITS         finished 0.044s  the document was asked for Meters

================================================================
ALIGNMENT 1000BS
================================================================
16:21:42.796  +0096.671s  AR  1104-PAR-1000BS-ZZZ-AR-MOD-003001.nwc is the reference
16:21:42.797  +0096.672s     AR  1104-PAR-1000BS-ZZZ-AR-MOD-003001.nwc   reference, shared coordinate "Community-2-BS1"
16:21:42.798  +0096.674s     AR  1104-PAR-1000BS-ZZZ-AR-MOD-003002.nwc   DIFFERENT  dx 261355.21 mm  dy -34330.51 mm  dz 3870 mm, shared coordinate "Community-2-BS2"
16:21:42.801  +0096.675s        ask the AR originator to re-export on the project shared coordinates
16:21:42.802  +0096.676s  1 of 2 model(s) sit somewhere the reference does not. Nothing is changed and the run goes on.
16:21:42.803  +0096.677s  this group names 2 different shared coordinates: Community-2-BS1, Community-2-BS2

================================================================
EXPORT CHECK 1000BS
================================================================
16:21:42.842  +0096.717s     AR  1104-PAR-1000BS-ZZZ-AR-MOD-003001.nwc   elements 53   worksets 1   element id 100%
16:21:42.843  +0096.718s     AR  1104-PAR-1000BS-ZZZ-AR-MOD-003002.nwc   elements 53   worksets 1   element id 100%
16:21:42.845  +0096.720s  all 2 model(s) carry a workset on every element and an element id on every element
16:21:42.846  +0096.721s  worksets seen: AR-EXTERIOR
16:21:42.848  +0096.723s     check these against the workset each set in the matrix asks for. The match is CASE SENSITIVE, so ME-Ductwork does not match ME-DUCTWORK and that set finds nothing
16:21:42.849  +0096.724s  no two workset names in this group are close enough to be one word typed twice
16:21:42.853  +0096.728s  CLASH    source   tests from XML, the picked file holds 61 sets and 1830 tests
16:21:42.855  +0096.730s  STEP     SETS          started
16:21:42.858  +0096.733s  CENSUS   before SETS  models 2  sets 61  tests 21  results 0  views 12
16:21:42.880  +0096.754s  SETS     1000BS, 61 to build, 0 skipped
16:21:42.883  +0096.757s  SET      ran against C:\00-NM\Federation Task\C02 + 04\C02\NWF\1104-PAR-1000BS-ZZZ-BM-MOD-000001.nwf  (2 models loaded)
16:21:42.889  +0096.764s  SET      present lcop_selection_set_tree/Architecture/BLD-AR-Floors  2 conditions  0 items  already there, left alone
16:21:42.891  +0096.766s  SET      present lcop_selection_set_tree/Architecture/BLD-AR-Stairs  2 conditions  0 items  already there, left alone
16:21:42.893  +0096.768s  SET      present lcop_selection_set_tree/Architecture/BLD-AR-Ramps  1 condition  0 items  already there, left alone
16:21:42.895  +0096.769s  SET      present lcop_selection_set_tree/Architecture/BLD-AR-Roofs  1 condition  0 items  already there, left alone
16:21:42.897  +0096.771s  SET      present lcop_selection_set_tree/Architecture/BLD-AR-Ceilings  1 condition  2 items  already there, left alone
16:21:42.899  +0096.773s  SET      present lcop_selection_set_tree/Architecture/BLD-AR-Columns  1 condition  0 items  already there, left alone
16:21:42.900  +0096.774s  SET      present lcop_selection_set_tree/Architecture/BLD-AR-Walls  2 conditions  2 items  already there, left alone
16:21:42.902  +0096.776s  SET      present lcop_selection_set_tree/Architecture/BLD-AR-Windows  1 condition  0 items  already there, left alone
16:21:42.903  +0096.778s  SET      present lcop_selection_set_tree/Architecture/BLD-AR-Curtain Panels  1 condition  28 items  already there, left alone
16:21:42.905  +0096.779s  SET      present lcop_selection_set_tree/Architecture/BLD-AR-Curtain Mullions  1 condition  58 items  already there, left alone
16:21:42.920  +0096.795s  SET      present lcop_selection_set_tree/Architecture/BLD-AR-Doors  1 condition  2 items  already there, left alone
16:21:42.921  +0096.796s  SET      present lcop_selection_set_tree/Architecture/BLD-AR-Casework  1 condition  0 items  already there, left alone
16:21:42.923  +0096.798s  SET      present lcop_selection_set_tree/Architecture/BLD-AR-Furniture  1 condition  4 items  already there, left alone
16:21:42.925  +0096.800s  SET      present lcop_selection_set_tree/Architecture/BLD-AR-Parking  1 condition  0 items  already there, left alone
16:21:42.927  +0096.801s  SET      present lcop_selection_set_tree/Architecture/BLD-AR-Railings  1 condition  0 items  already there, left alone
16:21:42.929  +0096.803s  SET      present lcop_selection_set_tree/Architecture/BLD-AR-Site  1 condition  10 items  already there, left alone
16:21:42.930  +0096.805s  SET      present lcop_selection_set_tree/Structure/BLD-ST-Foundation  1 condition  0 items  already there, left alone
16:21:42.932  +0096.806s  SET      present lcop_selection_set_tree/Structure/BLD-ST-Columns  1 condition  0 items  already there, left alone
16:21:42.934  +0096.808s  SET      present lcop_selection_set_tree/Structure/BLD-ST-Framing  1 condition  0 items  already there, left alone
16:21:42.935  +0096.809s  SET      present lcop_selection_set_tree/Structure/BLD-ST-Walls  2 conditions  0 items  already there, left alone
16:21:42.936  +0096.811s  SET      present lcop_selection_set_tree/Structure/BLD-ST-Floors  2 conditions  0 items  already there, left alone
16:21:42.938  +0096.813s  SET      present lcop_selection_set_tree/Structure/BLD-ST-Stair  2 conditions  0 items  already there, left alone
16:21:42.940  +0096.815s  SET      present lcop_selection_set_tree/Mechanical/Mechanical-HVAC/BLD-ME-Ducts&Duct Fittings  4 conditions  0 items  already there, left alone
16:21:42.941  +0096.816s  SET      present lcop_selection_set_tree/Mechanical/Mechanical-HVAC/BLD-ME-Duct Accessory  2 conditions  0 items  already there, left alone
16:21:42.944  +0096.818s  SET      present lcop_selection_set_tree/Mechanical/Mechanical-HVAC/BLD-ME-Mechanical Equipment  2 conditions  0 items  already there, left alone
16:21:42.946  +0096.820s  SET      present lcop_selection_set_tree/Mechanical/Mechanical-HVAC/BLD-ME-Flex Ducts  2 conditions  0 items  already there, left alone
16:21:42.947  +0096.822s  SET      present lcop_selection_set_tree/Mechanical/Mechanical-HVAC/BLD-ME-Air Terminals  2 conditions  0 items  already there, left alone
16:21:42.949  +0096.824s  SET      present lcop_selection_set_tree/Mechanical/Mechanical-HVAC/BLD-ME-Pipes&Pipe Fittings  4 conditions  0 items  already there, left alone
16:21:42.954  +0096.828s  SET      present lcop_selection_set_tree/Mechanical/Mechanical-HVAC/BLD-ME-Pipe Accessories  2 conditions  0 items  already there, left alone
16:21:42.956  +0096.830s  SET      present lcop_selection_set_tree/Mechanical/Mechanical-HVAC/BLD-ME-Plumbing Fixtures  2 conditions  0 items  already there, left alone
16:21:42.958  +0096.832s  SET      present lcop_selection_set_tree/Mechanical/Mechanical-HVAC/BLD-ME-Flex Pipes  2 conditions  0 items  already there, left alone
16:21:42.959  +0096.833s  SET      present lcop_selection_set_tree/Mechanical/Mechanical-Fire Fighting/BLD-FF-Mechanical Equipment  2 conditions  0 items  already there, left alone
16:21:42.961  +0096.835s  SET      present lcop_selection_set_tree/Mechanical/Mechanical-Fire Fighting/BLD-FF-Pipes & Pipe Fittings  4 conditions  0 items  already there, left alone
16:21:42.963  +0096.837s  SET      present lcop_selection_set_tree/Mechanical/Mechanical-Fire Fighting/BLD-FF-Pipe Accessories  2 conditions  0 items  already there, left alone
16:21:42.965  +0096.839s  SET      present lcop_selection_set_tree/Mechanical/Mechanical-Fire Fighting/BLD-FF-Pipe Insulations  2 conditions  0 items  already there, left alone
16:21:42.966  +0096.840s  SET      present lcop_selection_set_tree/Mechanical/Mechanical-Fire Fighting/BLD-FF-Plumbing Fixtures  2 conditions  0 items  already there, left alone
16:21:42.967  +0096.842s  SET      present lcop_selection_set_tree/Mechanical/Mechanical-Fire Fighting/BLD-FF-Sprinklers  2 conditions  0 items  already there, left alone
16:21:42.969  +0096.844s  SET      present lcop_selection_set_tree/Mechanical/Mechanical-Water Supply/BLD-PL-Mechanical Equipment  2 conditions  0 items  already there, left alone
16:21:42.971  +0096.846s  SET      present lcop_selection_set_tree/Mechanical/Mechanical-Water Supply/BLD-PL-Pipes & Pipe Fittings  4 conditions  0 items  already there, left alone
16:21:42.973  +0096.847s  SET      present lcop_selection_set_tree/Mechanical/Mechanical-Water Supply/BLD-PL-Pipe Accessories  2 conditions  0 items  already there, left alone
16:21:42.974  +0096.849s  SET      present lcop_selection_set_tree/Mechanical/Mechanical-Water Supply/BLD-PL-Pipe Insulations  2 conditions  0 items  already there, left alone
16:21:42.976  +0096.851s  SET      present lcop_selection_set_tree/Mechanical/Mechanical-Water Supply/BLD-PL-Plumbing Fixtures  2 conditions  0 items  already there, left alone
16:21:42.977  +0096.852s  SET      present lcop_selection_set_tree/Mechanical/Mechanical-Drainage/BLD-DR-Mechanical Equipment  2 conditions  0 items  already there, left alone
16:21:42.979  +0096.854s  SET      present lcop_selection_set_tree/Mechanical/Mechanical-Drainage/BLD-DR-Pipes & Pipe Fittings  4 conditions  0 items  already there, left alone
16:21:42.982  +0096.857s  SET      present lcop_selection_set_tree/Mechanical/Mechanical-Drainage/BLD-DR-Pipe Accessories  2 conditions  0 items  already there, left alone
16:21:42.984  +0096.859s  SET      present lcop_selection_set_tree/Mechanical/Mechanical-Drainage/BLD-DR-Pipe Insulations  2 conditions  0 items  already there, left alone
16:21:42.986  +0096.861s  SET      present lcop_selection_set_tree/Mechanical/Mechanical-Drainage/BLD-DR-Plumbing Fixtures  2 conditions  0 items  already there, left alone
16:21:42.988  +0096.862s  SET      present lcop_selection_set_tree/Electrical/BLD-EL-Cable Tray&Cable Tray Fittings  1 condition  0 items  already there, left alone
16:21:42.989  +0096.864s  SET      present lcop_selection_set_tree/Electrical/BLD-EL-Electrical Equipment  1 condition  0 items  already there, left alone
16:21:42.992  +0096.866s  SET      present lcop_selection_set_tree/Electrical/BLD-EL-Electrical Fixtures  1 condition  0 items  already there, left alone
16:21:42.994  +0096.868s  SET      present lcop_selection_set_tree/Electrical/BLD-EL-Conduits & Conduit Fittings  1 condition  0 items  already there, left alone
16:21:42.995  +0096.869s  SET      present lcop_selection_set_tree/Electrical/BLD-EL-Devices  7 conditions  0 items  already there, left alone
16:21:42.997  +0096.871s  SET      present lcop_selection_set_tree/Electrical/BLD-EL-Lighting Fixtures  1 condition  0 items  already there, left alone
16:21:42.998  +0096.873s  SET      present lcop_selection_set_tree/Electrical/BLD-EL-Lighting Devices  1 condition  0 items  already there, left alone
16:21:43.000  +0096.875s  SET      present lcop_selection_set_tree/Electrical/BLD-EL-Fire Alarm Devices  1 condition  0 items  already there, left alone
16:21:43.002  +0096.876s  SET      present lcop_selection_set_tree/Electrical/BLD-EL-Telecom Equipment  1 condition  0 items  already there, left alone
16:21:43.003  +0096.878s  SET      present lcop_selection_set_tree/Electrical/BLD-EL-Telecom Fixtures  1 condition  0 items  already there, left alone
16:21:43.005  +0096.880s  SET      present lcop_selection_set_tree/Electrical/BLD-Security Devices  1 condition  0 items  already there, left alone
16:21:43.007  +0096.881s  SET      present lcop_selection_set_tree/Electrical/BLD-EL-Communication Devices  1 condition  0 items  already there, left alone
16:21:43.008  +0096.883s  SET      present lcop_selection_set_tree/Electrical/BLD-EL-Telephone Devices  1 condition  0 items  already there, left alone
16:21:43.011  +0096.886s  SET      present lcop_selection_set_tree/Electrical/BLD-EL-Data Devices  1 condition  0 items  already there, left alone
16:21:43.014  +0096.888s  SETS     1000BS put into the document: 0 created, 61 already there and left alone
16:21:43.016  +0096.891s  CENSUS   after  SETS  models 2  sets 61  tests 21  results 0  views 12
16:21:43.022  +0096.896s  STEP     SETS          finished 0.161s  0 created, 61 already there, 0 finding items, 0 at zero.
16:21:43.035  +0096.910s  CLASH    1000BS, 1830 in the file, 1830 to create, 0 skipped before the model
16:21:43.042  +0096.918s  REVIEWED rule B reads C:\Users\bader\Documents\GitHub\PAR_NWC-Federator-V2\samples\by-design-pairs.csv, 55 pairs
16:21:43.044  +0096.919s  CLASH    1000BS holds one discipline, so no test is run, and only the tests whose sides both find something are created. One discipline cannot clash with itself.
16:21:43.047  +0096.922s  OUTPUTS  workbook on, XML off, HTML on, images on
16:21:43.051  +0096.925s  CLASH    Images on, 1024 by 1024 pixels, New, Active, Reviewed only, no cap per test, linked rather than pasted in.
16:21:43.055  +0096.929s  CLASH    ran against C:\00-NM\Federation Task\C02 + 04\C02\NWF\1104-PAR-1000BS-ZZZ-BM-MOD-000001.nwf  (2 models loaded)
16:21:43.056  +0096.931s  CLASH    the document measures in ft, every tolerance was converted into it
16:21:43.061  +0096.936s  CLASH    the document holds 61 sets and the tests name 61 sets
16:21:43.068  +0096.943s  CLASH    the document already holds 21 clash tests, they keep their results and are not recreated
16:21:43.071  +0096.946s  CLASH    counted the items of 61 sets for the creation plan in 0.0000332s
16:21:43.074  +0096.949s  CLASH 1830 in the file, 0 created, 1809 not created, a side finds nothing
16:21:43.077  +0096.952s  CLASH    SKIPPED  BLD-AR-Stairs-vs-BLD-AR-Floors  both sides find nothing in this model, left "lcop_selection_set_tree/Architecture/BLD-AR-Stairs" and right "lcop_selection_set_tree/Architecture/BLD-AR-Floors"
16:21:43.079  +0096.953s  CLASH    SKIPPED  BLD-AR-Ramps-vs-BLD-AR-Floors  both sides find nothing in this model, left "lcop_selection_set_tree/Architecture/BLD-AR-Ramps" and right "lcop_selection_set_tree/Architecture/BLD-AR-Floors"
16:21:43.080  +0096.955s  CLASH    SKIPPED  BLD-AR-Ramps-vs-BLD-AR-Stairs  both sides find nothing in this model, left "lcop_selection_set_tree/Architecture/BLD-AR-Ramps" and right "lcop_selection_set_tree/Architecture/BLD-AR-Stairs"
16:21:43.082  +0096.956s  CLASH    SKIPPED  BLD-AR-Roofs-vs-BLD-AR-Floors  both sides find nothing in this model, left "lcop_selection_set_tree/Architecture/BLD-AR-Roofs" and right "lcop_selection_set_tree/Architecture/BLD-AR-Floors"
16:21:43.083  +0096.958s  CLASH    SKIPPED  BLD-AR-Roofs-vs-BLD-AR-Stairs  both sides find nothing in this model, left "lcop_selection_set_tree/Architecture/BLD-AR-Roofs" and right "lcop_selection_set_tree/Architecture/BLD-AR-Stairs"
16:21:43.084  +0096.959s  CLASH    further skips for "a side finds nothing in this model" are counted, not listed. The block at the end carries the total.
16:21:43.106  +0096.981s  CLASH    SKIPPED  BLD-AR-Walls-vs-BLD-AR-Ceilings  the group holds one discipline, so there is nothing for this test to clash against
16:21:43.124  +0096.999s  CLASH    SKIPPED  BLD-AR-Curtain Panels-vs-BLD-AR-Ceilings  the group holds one discipline, so there is nothing for this test to clash against
16:21:43.127  +0097.001s  CLASH    SKIPPED  BLD-AR-Curtain Panels-vs-BLD-AR-Walls  the group holds one discipline, so there is nothing for this test to clash against
16:21:43.128  +0097.003s  CLASH    SKIPPED  BLD-AR-Curtain Mullions-vs-BLD-AR-Ceilings  the group holds one discipline, so there is nothing for this test to clash against
16:21:43.130  +0097.004s  CLASH    SKIPPED  BLD-AR-Curtain Mullions-vs-BLD-AR-Walls  the group holds one discipline, so there is nothing for this test to clash against
16:21:43.131  +0097.006s  CLASH    further skips for "the group holds one discipline, so nothing in it can clash" are counted, not listed. The block at the end carries the total.
16:21:43.134  +0097.009s  CLASH    21 of 21 tests, 0 run, 1829 skipped, 0 clashes so far
16:21:43.136  +0097.011s  TOLERANCE 25 mm chosen in the tool, so it beats both the XML and the document. Set on 21 tests, 0 created fresh and 21 already in the document. 25 mm is 0.082021 ft in this document

================================================================
DRIFT C:\00-NM\Federation Task\C02 + 04\C02\NWF\1104-PAR-1000BS-ZZZ-BM-MOD-000001.nwf  (2 models loaded)
================================================================
16:21:43.144  +0097.019s  21 tests were already in the document and were compared against the file.
16:21:43.146  +0097.020s  Nothing has drifted. Every one of them matches the file.
16:21:43.163  +0097.038s  PRIORITY read C:\Users\bader\Downloads\clash-priority-map.csv, 1830 rows
16:21:43.167  +0097.041s  PRIORITY 1830 in the file, 1830 tests in this run, 1830 matched, 0 not named by the file

================================================================
PRIORITY 1000BS
================================================================
16:21:43.175  +0097.050s  PRIORITY clashes by priority, 0 in all
16:21:43.177  +0097.051s           A           : 0
16:21:43.179  +0097.054s           B           : 0
16:21:43.181  +0097.055s           C           : 0
16:21:43.181  +0097.057s           No priority : 0

================================================================
CLASH 1000BS
================================================================
16:21:43.195  +0097.069s  SKIPPED 21 tests, the group holds one discipline, so nothing in it can clash
16:21:43.196  +0097.071s          BLD-AR-Walls-vs-BLD-AR-Ceilings  the group holds one discipline, so there is nothing for this test to clash against
16:21:43.197  +0097.072s          BLD-AR-Curtain Panels-vs-BLD-AR-Ceilings  the group holds one discipline, so there is nothing for this test to clash against
16:21:43.199  +0097.074s          BLD-AR-Curtain Panels-vs-BLD-AR-Walls  the group holds one discipline, so there is nothing for this test to clash against
16:21:43.200  +0097.075s          BLD-AR-Curtain Mullions-vs-BLD-AR-Ceilings  the group holds one discipline, so there is nothing for this test to clash against
16:21:43.202  +0097.077s          BLD-AR-Curtain Mullions-vs-BLD-AR-Walls  the group holds one discipline, so there is nothing for this test to clash against
16:21:43.204  +0097.078s          and 16 more skipped for the same reason, counted and not listed
16:21:43.206  +0097.081s  SKIPPED 1809 tests, a side finds nothing in this model
16:21:43.207  +0097.082s          BLD-AR-Stairs-vs-BLD-AR-Floors  both sides find nothing in this model, left "lcop_selection_set_tree/Architecture/BLD-AR-Stairs" and right "lcop_selection_set_tree/Architecture/BLD-AR-Floors"
16:21:43.209  +0097.083s          BLD-AR-Ramps-vs-BLD-AR-Floors  both sides find nothing in this model, left "lcop_selection_set_tree/Architecture/BLD-AR-Ramps" and right "lcop_selection_set_tree/Architecture/BLD-AR-Floors"
16:21:43.210  +0097.085s          BLD-AR-Ramps-vs-BLD-AR-Stairs  both sides find nothing in this model, left "lcop_selection_set_tree/Architecture/BLD-AR-Ramps" and right "lcop_selection_set_tree/Architecture/BLD-AR-Stairs"
16:21:43.212  +0097.086s          BLD-AR-Roofs-vs-BLD-AR-Floors  both sides find nothing in this model, left "lcop_selection_set_tree/Architecture/BLD-AR-Roofs" and right "lcop_selection_set_tree/Architecture/BLD-AR-Floors"
16:21:43.213  +0097.088s          BLD-AR-Roofs-vs-BLD-AR-Stairs  both sides find nothing in this model, left "lcop_selection_set_tree/Architecture/BLD-AR-Roofs" and right "lcop_selection_set_tree/Architecture/BLD-AR-Stairs"
16:21:43.215  +0097.090s          and 1804 more skipped for the same reason, counted and not listed
16:21:43.216  +0097.091s  
16:21:43.218  +0097.092s  ran against       : C:\00-NM\Federation Task\C02 + 04\C02\NWF\1104-PAR-1000BS-ZZZ-BM-MOD-000001.nwf  (2 models loaded)
16:21:43.219  +0097.094s  tests in the file : 1830
16:21:43.221  +0097.095s  tests created     : 0
16:21:43.222  +0097.097s  already there     : 21, left alone with their results
16:21:43.226  +0097.100s  tests skipped     : 1830, not run and not passed
16:21:43.227  +0097.102s         21  the group holds one discipline, so nothing in it can clash
16:21:43.228  +0097.103s       1809  a side finds nothing in this model
16:21:43.230  +0097.105s  tests run         : 0
16:21:43.231  +0097.106s      passed        : 0, ran and found nothing
16:21:43.233  +0097.107s      with clashes  : 0
16:21:43.235  +0097.109s  clashes found     : 0
16:21:43.236  +0097.110s      New       : 0
16:21:43.236  +0097.112s      Active    : 0
16:21:43.238  +0097.113s      Reviewed  : 0
16:21:43.240  +0097.115s      Approved  : 0
16:21:43.242  +0097.116s      Resolved  : 0
16:21:43.245  +0097.119s  clash step took   : 0.1 seconds

================================================================
PENETRATION 1000BS
================================================================
16:21:43.252  +0097.128s  
16:21:43.255  +0097.129s  clashes looked at : 0
16:21:43.256  +0097.130s  moved to Reviewed : 0
16:21:43.257  +0097.132s          0  the service is over the size, left alone
16:21:43.258  +0097.133s          0  no size could be read off the service, left alone
16:21:43.260  +0097.135s          0  a person had already set it, left alone
16:21:43.261  +0097.136s          0  both sides a service, left alone
16:21:43.263  +0097.138s          0  both sides a solid, left alone
16:21:43.265  +0097.140s          0  not a service against a solid, left alone
16:21:43.266  +0097.141s  the size in use   : 150mm or under is a penetration, over it stays as it was
16:21:43.268  +0097.143s  Nothing moved. Every clash is exactly as it was.

================================================================
BY DESIGN 1000BS
================================================================
16:21:43.275  +0097.151s  
16:21:43.278  +0097.153s  clashes looked at : 0
16:21:43.280  +0097.154s  moved to Reviewed : 0
16:21:43.281  +0097.156s          0  the two sets are not a pair in the file
16:21:43.283  +0097.157s          0  already Reviewed, Approved or Resolved, so somebody decided and it stands
16:21:43.284  +0097.159s          0  the penetration rule already asked for this one, so it moved there
16:21:43.286  +0097.161s          0  a side of the test named no set, so there was no pair to look for
16:21:43.287  +0097.162s  Nothing moved. Every clash is exactly as it was.
16:21:43.300  +0097.174s  IMAGES   numbered in report order: 0 renamed, 0 already right, 0 missing
16:21:43.302  +0097.177s  IMAGES   none written.
16:21:43.304  +0097.179s  CLASH    1000BS finished. 0 created, 21 already there, 0 run, 0 passed, 1830 skipped, 0 clashes in 0.1s.
16:21:43.307  +0097.182s  STEP     VIEWS         started
16:21:43.310  +0097.184s  CENSUS   before VIEWS  models 2  sets 61  tests 21  results 0  views 12
16:21:43.334  +0097.208s  VIEWS    the model each clash item lives in was read for 0 of 0 clash(es) in scope
16:21:43.335  +0097.211s  VIEWS    both clashing items were pointed at for 0 of 0 clash(es) in scope
16:21:43.343  +0097.217s  CENSUS   after  VIEWS  models 2  sets 61  tests 21  results 0  views 12
16:21:43.361  +0097.236s  STEP     VIEWS         finished 0.035s  No viewpoint was planned for this group.

================================================================
VIEWS 1000BS
================================================================
16:21:43.371  +0097.245s  clashes looked at : 0
16:21:43.372  +0097.247s  viewpoints planned: 0
16:21:43.374  +0097.248s          0  Approved or Resolved, so nobody is looking at it
16:21:43.375  +0097.250s          0  a service at or under the threshold, which is a penetration and not a coordination item
16:21:43.377  +0097.251s  size could not be read : 0, every one of them is in its pair folder and none was dropped
16:21:43.378  +0097.253s  a set name with no code this tool knows : 0, every one of them is in a folder saying UNKNOWN and none was guessed at

================================================================
VIEWS BUILT 1000BS
================================================================
16:21:43.388  +0097.262s  
16:21:43.389  +0097.264s  views created     : 0
16:21:43.390  +0097.265s  put into the document: 0 created, 0 already there and left alone
16:21:43.394  +0097.269s  UNITS    every number converted from ft to m, one ft is 0.3048 m, 1830 tests and 0 rows. The report is written in Meters (m)
16:21:43.395  +0097.271s  STEP     WORKBOOK      started
16:21:43.399  +0097.273s  CENSUS   before WORKBOOK  models 2  sets 61  tests 21  results 0  views 12
16:21:43.448  +0097.323s  XLSX     attempt  C:\00-NM\Federation Task\C02 + 04\C02\Clash Report\1104-PAR-1000BS-ZZZ-BM-MOD-000001.xlsx
16:21:43.928  +0097.803s  BUNDLE   System.Numerics.Vectors, Version=4.1.3.0, Culture=neutral, PublicKeyToken=b03f5f7f11d50a3a resolved from C:\Users\bader\AppData\Roaming\Autodesk\ApplicationPlugins\ParsonsNwcFederator.bundle\Contents\v22\System.Numerics.Vectors.dll
16:21:43.937  +0097.812s  BUNDLE   System.Memory was already loaded, that one was used
16:21:43.949  +0097.825s  BUNDLE   System.Runtime.CompilerServices.Unsafe, Version=4.0.4.1, Culture=neutral, PublicKeyToken=b03f5f7f11d50a3a resolved from C:\Users\bader\AppData\Roaming\Autodesk\ApplicationPlugins\ParsonsNwcFederator.bundle\Contents\v22\System.Runtime.CompilerServices.Unsafe.dll
16:21:43.987  +0097.862s  BUNDLE   System.Buffers, Version=4.0.2.0, Culture=neutral, PublicKeyToken=cc7b13ffcd2ddd51 resolved from C:\Users\bader\AppData\Roaming\Autodesk\ApplicationPlugins\ParsonsNwcFederator.bundle\Contents\v22\System.Buffers.dll
16:21:56.599  +0110.484s  XLSX     written  C:\00-NM\Federation Task\C02 + 04\C02\Clash Report\1104-PAR-1000BS-ZZZ-BM-MOD-000001.xlsx  471,819 bytes

================================================================
WORKBOOK CHECK 1000BS
================================================================
16:22:00.407  +0114.281s  CHECK    1 sheet, "1104-PAR-1000BS-ZZZ-BM-MOD-0000", 1830 test blocks, 0 clash rows.
16:22:00.410  +0114.284s           the first blocks hold 0, 0, 0, 0, 0, 0, 0, 0 and so on.
16:22:00.413  +0114.288s           Every column, value shape, fill, border, row height and column width matches the client's report, and the blocks are in their order.
16:22:00.417  +0114.292s           Not compared: the font, the sheet name, freeze panes, print setup, merged ranges, and whether a value is true. See docs\history\scan.md 4q.
16:22:00.419  +0114.295s           The client column set was read from clash_report_html_tabular.xsl in the Navisworks install and from the exports in samples\client-report, never from a list typed into this tool.
16:22:00.423  +0114.298s  BLOCKS   1830 in the workbook, one for every test in the file
16:22:00.511  +0114.386s  CENSUS   after  WORKBOOK  models 2  sets 61  tests 21  results 0  views 12
16:22:00.519  +0114.394s  STEP     WORKBOOK      finished 17.115s  wrote 471819 bytes
16:22:00.524  +0114.399s  STEP     HTML          started
16:22:00.528  +0114.403s  CENSUS   before HTML  models 2  sets 61  tests 21  results 0  views 12
16:22:00.570  +0114.444s  HTML     attempt  C:\00-NM\Federation Task\C02 + 04\C02\Clash Report\1104-PAR-1000BS-ZZZ-BM-MOD-000001.html
16:22:00.575  +0114.449s  LOGO     C:\Program Files\Autodesk\Navisworks Manage 2025\Images\logo.jpg copied into C:\00-NM\Federation Task\C02 + 04\C02\Clash Report\1104-PAR-1000BS-ZZZ-BM-MOD-000001_files
16:22:00.724  +0114.600s  HTML     written  C:\00-NM\Federation Task\C02 + 04\C02\Clash Report\1104-PAR-1000BS-ZZZ-BM-MOD-000001.html  2,683,307 bytes

================================================================
REPORT CHECK 1000BS
================================================================
16:22:00.903  +0114.778s  CHECK    0 clash rows on the page.
16:22:00.905  +0114.780s           Item ID filled on 0 of 0 for item 1 and 0 of 0 for item 2.
16:22:00.907  +0114.782s           no Item ID was found at all.
16:22:00.909  +0114.783s           no column the client's report does not have.
16:22:00.911  +0114.785s           the tolerance cell reads 0.025m
16:22:00.912  +0114.787s           0 picture references, 0 with a backslash, 0 on disk.
16:22:00.914  +0114.788s           the logo is 1104-PAR-1000BS-ZZZ-BM-MOD-000001_files\logo.jpg and it is on disk.
16:22:00.915  +0114.790s           Nothing wrong with it.
16:22:00.917  +0114.791s           The client column set was read from clash_report_html_tabular.xsl in the Navisworks install and from the exports in samples\client-report, never from a list typed into this tool.
16:22:00.952  +0114.826s  CENSUS   after  HTML  models 2  sets 61  tests 21  results 0  views 12
16:22:00.957  +0114.832s  STEP     HTML          finished 0.427s  wrote 2683307 bytes
16:22:00.960  +0114.835s  XML      skipped  not wanted this run
16:22:00.962  +0114.837s  STEP     NWD           started
16:22:00.964  +0114.839s  CENSUS   before NWD  models 2  sets 61  tests 21  results 0  views 12
16:22:01.014  +0114.888s  NWD      attempt  C:\00-NM\Federation Task\C02 + 04\C02\NWD\1104-PAR-1000BS-ZZZ-BM-MOD-000001.nwd
16:22:01.019  +0114.893s  NWD      publish properties set: Title=1104-PAR-1000BS-ZZZ-BM-MOD-000001, Publisher=Parsons NWC Federator, Subject=Federation of building 1000BS, Author=bader, AllowResave=true, EmbedDatabaseProperties=true, PreventObjectPropertyExport=false
16:22:01.089  +0114.964s  NWD      written  C:\00-NM\Federation Task\C02 + 04\C02\NWD\1104-PAR-1000BS-ZZZ-BM-MOD-000001.nwd  249,144 bytes
16:22:01.093  +0114.967s  CENSUS   after  NWD  models 2  sets 61  tests 21  results 0  views 12
16:22:01.099  +0114.973s  STEP     NWD           finished 0.130s  published 249144 bytes
16:22:01.102  +0114.976s  STEP     CONFIRM       started
16:22:01.105  +0114.979s  CENSUS   before CONFIRM  models 2  sets 61  tests 21  results 0  views 12
16:22:01.125  +0114.999s  NWF      checked  C:\00-NM\Federation Task\C02 + 04\C02\NWF\1104-PAR-1000BS-ZZZ-BM-MOD-000001.nwf  13,091 bytes after publishing the NWD
16:22:01.127  +0115.002s  CENSUS   after  CONFIRM  models 2  sets 61  tests 21  results 0  views 12
16:22:01.133  +0115.008s  STEP     CONFIRM       finished 0.025s  the NWF is 13091 bytes

================================================================
GAP 1000BS
================================================================
16:22:01.148  +0115.024s  nothing measured this group reaches no output. The report carries everything the run read
16:22:01.157  +0115.032s  CENSUS   cost 0.007s over 16 counts in this group. That is inside the 1.000s a group is allowed
16:22:01.159  +0115.034s  GROUP    finished 1000BS  DONE  19.161s  Weekly run plus XML

================================================================
TIMING 1000BS
================================================================
16:22:01.174  +0115.048s  WORKBOOK                 17.115s   89.3%
16:22:01.176  +0115.050s  DECIDE                    0.667s    3.5%
16:22:01.178  +0115.052s  HTML                      0.427s    2.2%
16:22:01.179  +0115.054s  SETS                      0.161s    0.8%
16:22:01.181  +0115.055s  NWD                       0.130s    0.7%
16:22:01.183  +0115.057s  UNITS                     0.044s    0.2%
16:22:01.184  +0115.059s  VIEWS                     0.035s    0.2%
16:22:01.187  +0115.061s  CONFIRM                   0.025s    0.1%
16:22:01.188  +0115.063s  outside every step        0.557s    2.9%
16:22:01.190  +0115.065s  
16:22:01.192  +0115.067s  group total              19.161s
16:22:01.194  +0115.069s  outside every step is the work between them and the work nothing times yet
16:22:01.218  +0115.092s  GROUP    started  1A0215  3 files
                          file     : C:\00-NM\Federation Task\C02 + 04\C02\NWC\1104-PAR-1A0215-ZZZ-LS-MOD-000001.nwc
                          file     : C:\00-NM\Federation Task\C02 + 04\C02\NWC\1104-PAR-1A0215-ZZZ-LT-MOD-000001.nwc
                          file     : C:\00-NM\Federation Task\C02 + 04\C02\NWC\1104-PAR-1A0215-ZZZ-SW-MOD-000001.nwc
16:22:01.226  +0115.101s  CLEAR    the document, at the top of 1A0215, before Decide
16:22:01.237  +0115.112s  CENSUS CLEAR  the document was emptied and every count read zero
16:22:01.240  +0115.115s  STEP     DECIDE        started
16:22:01.244  +0115.118s  CENSUS   before DECIDE  models 0  sets 0  tests 0  results 0  views 0
16:22:01.279  +0115.153s  OPEN     reading the file list out of C:\00-NM\Federation Task\C02 + 04\C02\NWF\1104-PAR-1A0215-ZZZ-BM-MOD-000001.nwf
16:22:02.325  +0116.199s  LOADING  the NWF reported 3 models after 0.860s, steady over 3 reads 0.250s apart, over 3 readings in all
16:22:02.327  +0116.202s  LOADING  the scene loaded event fired 3 times, first at 0.1s and last at 0.1s after the open began, and the open returned at 0.2s
16:22:02.330  +0116.205s           holds   C:\00-NM\Federation Task\C02 + 04\C02\NWC\1104-PAR-1A0215-ZZZ-LS-MOD-000001.nwc   [source D:\27-New Murabba\03- Active\4-IFC\COMUNITY 2A\1104-PAR-1A0215-ZZZ-LS-MOD-000001.rvt, file C:\00-NM\Federation Task\C02 + 04\C02\NWC\1104-PAR-1A0215-ZZZ-LS-MOD-000001.nwc]
16:22:02.333  +0116.208s           holds   C:\00-NM\Federation Task\C02 + 04\C02\NWC\1104-PAR-1A0215-ZZZ-LT-MOD-000001.nwc   [source Autodesk Docs://KSA_New Murabba/1104-PAR-1A0215-ZZZ-LT-MOD-000001.rvt, file C:\00-NM\Federation Task\C02 + 04\C02\NWC\1104-PAR-1A0215-ZZZ-LT-MOD-000001.nwc]
16:22:02.337  +0116.211s           holds   C:\00-NM\Federation Task\C02 + 04\C02\NWC\1104-PAR-1A0215-ZZZ-SW-MOD-000001.nwc   [source Autodesk Docs://KSA_New Murabba/1104-PAR-1A0215-ZZZ-SW-MOD-000001.rvt, file C:\00-NM\Federation Task\C02 + 04\C02\NWC\1104-PAR-1A0215-ZZZ-SW-MOD-000001.nwc]
16:22:02.343  +0116.217s  CENSUS   after  DECIDE  models 3  sets 62  tests 1830  results 0  views 20
16:22:02.361  +0116.235s  STEP     DECIDE        finished 1.099s  Weekly run plus XML
16:22:02.364  +0116.239s  OPENED   C:\00-NM\Federation Task\C02 + 04\C02\NWF\1104-PAR-1A0215-ZZZ-BM-MOD-000001.nwf
16:22:02.366  +0116.241s           the file list matches the scan, 3 files, so it was not cleared and nothing was re-appended
16:22:02.369  +0116.243s  NWF      reused   C:\00-NM\Federation Task\C02 + 04\C02\NWF\1104-PAR-1A0215-ZZZ-BM-MOD-000001.nwf  78,366 bytes
16:22:02.371  +0116.245s  STEP     UNITS         started
16:22:02.375  +0116.250s  CENSUS   before UNITS  models 3  sets 62  tests 1830  results 0  views 20
16:22:02.570  +0116.444s  UNITS    the document is in Feet (ft) and the report needs Meters (m). Setting every model.
16:22:02.593  +0116.468s  UNITS    3 models set, 0 that would not, document shows Feet (ft). Every report number is converted to Meters (m) before it is written, so the report is metric whatever this says.
16:22:02.597  +0116.472s  CENSUS   after  UNITS  models 3  sets 62  tests 1830  results 0  views 20
16:22:02.603  +0116.478s  STEP     UNITS         finished 0.225s  the document was asked for Meters

================================================================
ALIGNMENT 1A0215
================================================================
16:22:02.644  +0116.519s  LS  1104-PAR-1A0215-ZZZ-LS-MOD-000001.nwc is the reference, because this group carries no AR model
16:22:02.646  +0116.521s     LS  1104-PAR-1A0215-ZZZ-LS-MOD-000001.nwc   reference, shared coordinate "Mukaab"
16:22:02.647  +0116.522s     LT  1104-PAR-1A0215-ZZZ-LT-MOD-000001.nwc   same placement, shared coordinate "Default Site"
16:22:02.649  +0116.524s     SW  1104-PAR-1A0215-ZZZ-SW-MOD-000001.nwc   same placement, shared coordinate "Default Site"
16:22:02.651  +0116.526s  all 3 model(s) sit within 1 mm of the reference
16:22:02.653  +0116.527s  this group names 2 different shared coordinates: Default Site, Mukaab

================================================================
EXPORT CHECK 1A0215
================================================================
16:22:03.060  +0116.935s     LS  1104-PAR-1A0215-ZZZ-LS-MOD-000001.nwc   elements 8674   worksets 4   element id 100%
16:22:03.062  +0116.936s     LT  1104-PAR-1A0215-ZZZ-LT-MOD-000001.nwc   elements 279   worksets 2   element id 100%
16:22:03.063  +0116.938s     SW  1104-PAR-1A0215-ZZZ-SW-MOD-000001.nwc   elements 229   worksets 1   element id 100%
16:22:03.065  +0116.940s  all 3 model(s) carry a workset on every element and an element id on every element
16:22:03.067  +0116.942s  worksets seen: LA-HARDSCAPE, LA-LEVELS, LA-SOFTSCAPE, LA-TREES, LA-LANDSCAPE LIGHTING, Shared Levels and Grids, LA-LANDSCAPE SIGNAGE
16:22:03.070  +0116.944s     check these against the workset each set in the matrix asks for. The match is CASE SENSITIVE, so ME-Ductwork does not match ME-DUCTWORK and that set finds nothing
16:22:03.072  +0116.946s  no two workset names in this group are close enough to be one word typed twice
16:22:03.075  +0116.950s  CLASH    source   tests from XML, the picked file holds 61 sets and 1830 tests
16:22:03.077  +0116.952s  STEP     SETS          started
16:22:03.083  +0116.957s  CENSUS   before SETS  models 3  sets 62  tests 1830  results 0  views 20
16:22:03.267  +0117.142s  SETS     1A0215, 61 to build, 0 skipped
16:22:03.272  +0117.147s  SET      ran against C:\00-NM\Federation Task\C02 + 04\C02\NWF\1104-PAR-1A0215-ZZZ-BM-MOD-000001.nwf  (3 models loaded)
16:22:03.324  +0117.199s  SET      present lcop_selection_set_tree/Architecture/BLD-AR-Floors  2 conditions  0 items  already there, left alone
16:22:03.375  +0117.250s  SET      present lcop_selection_set_tree/Architecture/BLD-AR-Stairs  2 conditions  0 items  already there, left alone
16:22:03.424  +0117.299s  SET      present lcop_selection_set_tree/Architecture/BLD-AR-Ramps  1 condition  0 items  already there, left alone
16:22:03.473  +0117.347s  SET      present lcop_selection_set_tree/Architecture/BLD-AR-Roofs  1 condition  0 items  already there, left alone
16:22:03.519  +0117.393s  SET      present lcop_selection_set_tree/Architecture/BLD-AR-Ceilings  1 condition  0 items  already there, left alone
16:22:03.562  +0117.437s  SET      present lcop_selection_set_tree/Architecture/BLD-AR-Columns  1 condition  0 items  already there, left alone
16:22:03.607  +0117.481s  SET      present lcop_selection_set_tree/Architecture/BLD-AR-Walls  2 conditions  0 items  already there, left alone
16:22:03.653  +0117.528s  SET      present lcop_selection_set_tree/Architecture/BLD-AR-Windows  1 condition  0 items  already there, left alone
16:22:03.704  +0117.579s  SET      present lcop_selection_set_tree/Architecture/BLD-AR-Curtain Panels  1 condition  0 items  already there, left alone
16:22:03.760  +0117.635s  SET      present lcop_selection_set_tree/Architecture/BLD-AR-Curtain Mullions  1 condition  0 items  already there, left alone
16:22:03.809  +0117.684s  SET      present lcop_selection_set_tree/Architecture/BLD-AR-Doors  1 condition  0 items  already there, left alone
16:22:03.858  +0117.732s  SET      present lcop_selection_set_tree/Architecture/BLD-AR-Casework  1 condition  0 items  already there, left alone
16:22:03.914  +0117.788s  SET      present lcop_selection_set_tree/Architecture/BLD-AR-Furniture  1 condition  16 items  already there, left alone
16:22:03.962  +0117.837s  SET      present lcop_selection_set_tree/Architecture/BLD-AR-Parking  1 condition  0 items  already there, left alone
16:22:04.015  +0117.889s  SET      present lcop_selection_set_tree/Architecture/BLD-AR-Railings  1 condition  0 items  already there, left alone
16:22:04.074  +0117.948s  SET      present lcop_selection_set_tree/Architecture/BLD-AR-Site  1 condition  0 items  already there, left alone
16:22:04.123  +0117.997s  SET      present lcop_selection_set_tree/Structure/BLD-ST-Foundation  1 condition  0 items  already there, left alone
16:22:04.349  +0118.223s  SET      present lcop_selection_set_tree/Structure/BLD-ST-Columns  1 condition  0 items  already there, left alone
16:22:04.368  +0118.243s  SET      present lcop_selection_set_tree/Structure/BLD-ST-Framing  1 condition  0 items  already there, left alone
16:22:04.387  +0118.262s  SET      present lcop_selection_set_tree/Structure/BLD-ST-Walls  2 conditions  0 items  already there, left alone
16:22:04.409  +0118.283s  SET      present lcop_selection_set_tree/Structure/BLD-ST-Floors  2 conditions  0 items  already there, left alone
16:22:04.427  +0118.302s  SET      present lcop_selection_set_tree/Structure/BLD-ST-Stair  2 conditions  0 items  already there, left alone
16:22:04.461  +0118.336s  SET      present lcop_selection_set_tree/Mechanical/Mechanical-HVAC/BLD-ME-Ducts&Duct Fittings  4 conditions  0 items  already there, left alone
16:22:04.481  +0118.355s  SET      present lcop_selection_set_tree/Mechanical/Mechanical-HVAC/BLD-ME-Duct Accessory  2 conditions  0 items  already there, left alone
16:22:04.500  +0118.374s  SET      present lcop_selection_set_tree/Mechanical/Mechanical-HVAC/BLD-ME-Mechanical Equipment  2 conditions  0 items  already there, left alone
16:22:04.520  +0118.394s  SET      present lcop_selection_set_tree/Mechanical/Mechanical-HVAC/BLD-ME-Flex Ducts  2 conditions  0 items  already there, left alone
16:22:04.538  +0118.413s  SET      present lcop_selection_set_tree/Mechanical/Mechanical-HVAC/BLD-ME-Air Terminals  2 conditions  0 items  already there, left alone
16:22:04.573  +0118.448s  SET      present lcop_selection_set_tree/Mechanical/Mechanical-HVAC/BLD-ME-Pipes&Pipe Fittings  4 conditions  0 items  already there, left alone
16:22:04.592  +0118.467s  SET      present lcop_selection_set_tree/Mechanical/Mechanical-HVAC/BLD-ME-Pipe Accessories  2 conditions  0 items  already there, left alone
16:22:04.612  +0118.486s  SET      present lcop_selection_set_tree/Mechanical/Mechanical-HVAC/BLD-ME-Plumbing Fixtures  2 conditions  0 items  already there, left alone
16:22:04.630  +0118.505s  SET      present lcop_selection_set_tree/Mechanical/Mechanical-HVAC/BLD-ME-Flex Pipes  2 conditions  0 items  already there, left alone
16:22:04.672  +0118.547s  SET      present lcop_selection_set_tree/Mechanical/Mechanical-Fire Fighting/BLD-FF-Mechanical Equipment  2 conditions  0 items  already there, left alone
16:22:04.706  +0118.581s  SET      present lcop_selection_set_tree/Mechanical/Mechanical-Fire Fighting/BLD-FF-Pipes & Pipe Fittings  4 conditions  0 items  already there, left alone
16:22:04.726  +0118.600s  SET      present lcop_selection_set_tree/Mechanical/Mechanical-Fire Fighting/BLD-FF-Pipe Accessories  2 conditions  0 items  already there, left alone
16:22:04.745  +0118.620s  SET      present lcop_selection_set_tree/Mechanical/Mechanical-Fire Fighting/BLD-FF-Pipe Insulations  2 conditions  0 items  already there, left alone
16:22:04.765  +0118.640s  SET      present lcop_selection_set_tree/Mechanical/Mechanical-Fire Fighting/BLD-FF-Plumbing Fixtures  2 conditions  0 items  already there, left alone
16:22:04.785  +0118.659s  SET      present lcop_selection_set_tree/Mechanical/Mechanical-Fire Fighting/BLD-FF-Sprinklers  2 conditions  0 items  already there, left alone
16:22:04.804  +0118.679s  SET      present lcop_selection_set_tree/Mechanical/Mechanical-Water Supply/BLD-PL-Mechanical Equipment  2 conditions  0 items  already there, left alone
16:22:04.841  +0118.716s  SET      present lcop_selection_set_tree/Mechanical/Mechanical-Water Supply/BLD-PL-Pipes & Pipe Fittings  4 conditions  0 items  already there, left alone
16:22:04.862  +0118.737s  SET      present lcop_selection_set_tree/Mechanical/Mechanical-Water Supply/BLD-PL-Pipe Accessories  2 conditions  0 items  already there, left alone
16:22:04.882  +0118.757s  SET      present lcop_selection_set_tree/Mechanical/Mechanical-Water Supply/BLD-PL-Pipe Insulations  2 conditions  0 items  already there, left alone
16:22:04.902  +0118.776s  SET      present lcop_selection_set_tree/Mechanical/Mechanical-Water Supply/BLD-PL-Plumbing Fixtures  2 conditions  0 items  already there, left alone
16:22:04.921  +0118.796s  SET      present lcop_selection_set_tree/Mechanical/Mechanical-Drainage/BLD-DR-Mechanical Equipment  2 conditions  0 items  already there, left alone
16:22:04.957  +0118.831s  SET      present lcop_selection_set_tree/Mechanical/Mechanical-Drainage/BLD-DR-Pipes & Pipe Fittings  4 conditions  0 items  already there, left alone
16:22:04.975  +0118.850s  SET      present lcop_selection_set_tree/Mechanical/Mechanical-Drainage/BLD-DR-Pipe Accessories  2 conditions  0 items  already there, left alone
16:22:05.021  +0118.896s  SET      present lcop_selection_set_tree/Mechanical/Mechanical-Drainage/BLD-DR-Pipe Insulations  2 conditions  0 items  already there, left alone
16:22:05.041  +0118.915s  SET      present lcop_selection_set_tree/Mechanical/Mechanical-Drainage/BLD-DR-Plumbing Fixtures  2 conditions  0 items  already there, left alone
16:22:05.059  +0118.934s  SET      present lcop_selection_set_tree/Electrical/BLD-EL-Cable Tray&Cable Tray Fittings  1 condition  0 items  already there, left alone
16:22:05.077  +0118.952s  SET      present lcop_selection_set_tree/Electrical/BLD-EL-Electrical Equipment  1 condition  0 items  already there, left alone
16:22:05.096  +0118.970s  SET      present lcop_selection_set_tree/Electrical/BLD-EL-Electrical Fixtures  1 condition  0 items  already there, left alone
16:22:05.114  +0118.988s  SET      present lcop_selection_set_tree/Electrical/BLD-EL-Conduits & Conduit Fittings  1 condition  0 items  already there, left alone
16:22:05.131  +0119.006s  SET      present lcop_selection_set_tree/Electrical/BLD-EL-Devices  7 conditions  0 items  already there, left alone
16:22:05.335  +0119.210s  SET      present lcop_selection_set_tree/Electrical/BLD-EL-Lighting Fixtures  1 condition  279 items  already there, left alone
16:22:05.357  +0119.231s  SET      present lcop_selection_set_tree/Electrical/BLD-EL-Lighting Devices  1 condition  0 items  already there, left alone
16:22:05.378  +0119.252s  SET      present lcop_selection_set_tree/Electrical/BLD-EL-Fire Alarm Devices  1 condition  0 items  already there, left alone
16:22:05.399  +0119.273s  SET      present lcop_selection_set_tree/Electrical/BLD-EL-Telecom Equipment  1 condition  0 items  already there, left alone
16:22:05.421  +0119.295s  SET      present lcop_selection_set_tree/Electrical/BLD-EL-Telecom Fixtures  1 condition  0 items  already there, left alone
16:22:05.445  +0119.319s  SET      present lcop_selection_set_tree/Electrical/BLD-Security Devices  1 condition  0 items  already there, left alone
16:22:05.469  +0119.344s  SET      present lcop_selection_set_tree/Electrical/BLD-EL-Communication Devices  1 condition  0 items  already there, left alone
16:22:05.493  +0119.368s  SET      present lcop_selection_set_tree/Electrical/BLD-EL-Telephone Devices  1 condition  0 items  already there, left alone
16:22:05.518  +0119.393s  SET      present lcop_selection_set_tree/Electrical/BLD-EL-Data Devices  1 condition  0 items  already there, left alone
16:22:05.522  +0119.396s  SETS     1A0215 put into the document: 0 created, 61 already there and left alone
16:22:05.526  +0119.401s  CENSUS   after  SETS  models 3  sets 62  tests 1830  results 0  views 20
16:22:05.533  +0119.408s  STEP     SETS          finished 2.446s  0 created, 61 already there, 0 finding items, 0 at zero.
16:22:05.538  +0119.413s  CLASH    1A0215, 1830 in the file, 1830 to create, 0 skipped before the model
16:22:05.541  +0119.416s  OUTPUTS  workbook on, XML off, HTML on, images on
16:22:05.544  +0119.419s  CLASH    Images on, 1024 by 1024 pixels, New, Active, Reviewed only, no cap per test, linked rather than pasted in.
16:22:05.546  +0119.421s  CLASH    ran against C:\00-NM\Federation Task\C02 + 04\C02\NWF\1104-PAR-1A0215-ZZZ-BM-MOD-000001.nwf  (3 models loaded)
16:22:05.550  +0119.425s  CLASH    the document measures in ft, every tolerance was converted into it
16:22:05.554  +0119.428s  CLASH    the document holds 62 sets and the tests name 61 sets
16:22:05.562  +0119.436s  CLASH    the document already holds 1830 clash tests, they keep their results and are not recreated
16:22:05.577  +0119.451s  CLASH    counted the items of 61 sets for the creation plan in 0.000046s
16:22:05.580  +0119.455s  CLASH 1830 in the file, 0 created, 60 not created, a side finds nothing
16:22:05.584  +0119.458s  CLASH    SKIPPED  BLD-DR-Pipe Accessories-vs-BLD-AR-Floors  both sides find nothing in this model, left "lcop_selection_set_tree/Mechanical/Mechanical-Drainage/BLD-DR-Pipe Accessories" and right "lcop_selection_set_tree/Architecture/BLD-AR-Floors"
16:22:05.587  +0119.462s  CLASH    SKIPPED  BLD-DR-Pipe Accessories-vs-BLD-AR-Stairs  both sides find nothing in this model, left "lcop_selection_set_tree/Mechanical/Mechanical-Drainage/BLD-DR-Pipe Accessories" and right "lcop_selection_set_tree/Architecture/BLD-AR-Stairs"
16:22:05.591  +0119.466s  CLASH    SKIPPED  BLD-DR-Pipe Accessories-vs-BLD-AR-Ramps  both sides find nothing in this model, left "lcop_selection_set_tree/Mechanical/Mechanical-Drainage/BLD-DR-Pipe Accessories" and right "lcop_selection_set_tree/Architecture/BLD-AR-Ramps"
16:22:05.594  +0119.469s  CLASH    SKIPPED  BLD-DR-Pipe Accessories-vs-BLD-AR-Roofs  both sides find nothing in this model, left "lcop_selection_set_tree/Mechanical/Mechanical-Drainage/BLD-DR-Pipe Accessories" and right "lcop_selection_set_tree/Architecture/BLD-AR-Roofs"
16:22:05.597  +0119.472s  CLASH    SKIPPED  BLD-DR-Pipe Accessories-vs-BLD-AR-Ceilings  both sides find nothing in this model, left "lcop_selection_set_tree/Mechanical/Mechanical-Drainage/BLD-DR-Pipe Accessories" and right "lcop_selection_set_tree/Architecture/BLD-AR-Ceilings"
16:22:05.600  +0119.475s  CLASH    further skips for "a side finds nothing in this model" are counted, not listed. The block at the end carries the total.
16:22:05.782  +0119.656s  CLASH    25 of 1770 tests, 0 run, 84 skipped, 0 clashes so far
16:22:05.788  +0119.662s  CLASH    50 of 1770 tests, 0 run, 109 skipped, 0 clashes so far
16:22:05.792  +0119.667s  CLASH    75 of 1770 tests, 0 run, 134 skipped, 0 clashes so far
16:22:05.797  +0119.671s  CLASH    100 of 1770 tests, 0 run, 159 skipped, 0 clashes so far
16:22:05.801  +0119.676s  CLASH    125 of 1770 tests, 0 run, 184 skipped, 0 clashes so far
16:22:05.807  +0119.681s  CLASH    150 of 1770 tests, 0 run, 209 skipped, 0 clashes so far
16:22:05.812  +0119.686s  CLASH    175 of 1770 tests, 0 run, 234 skipped, 0 clashes so far
16:22:05.816  +0119.690s  CLASH    200 of 1770 tests, 0 run, 259 skipped, 0 clashes so far
16:22:05.820  +0119.695s  CLASH    225 of 1770 tests, 0 run, 284 skipped, 0 clashes so far
16:22:05.824  +0119.699s  CLASH    250 of 1770 tests, 0 run, 309 skipped, 0 clashes so far
16:22:05.830  +0119.704s  CLASH    275 of 1770 tests, 0 run, 334 skipped, 0 clashes so far
16:22:05.836  +0119.710s  CLASH    300 of 1770 tests, 0 run, 359 skipped, 0 clashes so far
16:22:05.839  +0119.714s  CLASH    325 of 1770 tests, 0 run, 384 skipped, 0 clashes so far
16:22:05.843  +0119.718s  CLASH    350 of 1770 tests, 0 run, 409 skipped, 0 clashes so far
16:22:05.846  +0119.721s  CLASH    375 of 1770 tests, 0 run, 434 skipped, 0 clashes so far
16:22:05.850  +0119.725s  CLASH    400 of 1770 tests, 0 run, 459 skipped, 0 clashes so far
16:22:05.854  +0119.728s  CLASH    425 of 1770 tests, 0 run, 484 skipped, 0 clashes so far
16:22:05.857  +0119.732s  CLASH    450 of 1770 tests, 0 run, 509 skipped, 0 clashes so far
16:22:05.861  +0119.736s  CLASH    475 of 1770 tests, 0 run, 534 skipped, 0 clashes so far
16:22:05.865  +0119.740s  CLASH    500 of 1770 tests, 0 run, 559 skipped, 0 clashes so far
16:22:05.869  +0119.743s  CLASH    525 of 1770 tests, 0 run, 584 skipped, 0 clashes so far
16:22:05.881  +0119.755s  CLASH    550 of 1770 tests, 0 run, 609 skipped, 0 clashes so far
16:22:05.891  +0119.766s  CLASH    575 of 1770 tests, 0 run, 634 skipped, 0 clashes so far
16:22:05.896  +0119.770s  CLASH    600 of 1770 tests, 0 run, 659 skipped, 0 clashes so far
16:22:05.899  +0119.775s  CLASH    625 of 1770 tests, 0 run, 684 skipped, 0 clashes so far
16:22:05.905  +0119.779s  CLASH    650 of 1770 tests, 0 run, 709 skipped, 0 clashes so far
16:22:05.942  +0119.817s  CLASH    675 of 1770 tests, 0 run, 734 skipped, 0 clashes so far
16:22:05.946  +0119.821s  CLASH    700 of 1770 tests, 0 run, 759 skipped, 0 clashes so far
16:22:05.950  +0119.825s  CLASH    725 of 1770 tests, 0 run, 784 skipped, 0 clashes so far
16:22:05.954  +0119.828s  CLASH    750 of 1770 tests, 0 run, 809 skipped, 0 clashes so far
16:22:05.958  +0119.832s  CLASH    775 of 1770 tests, 0 run, 834 skipped, 0 clashes so far
16:22:05.961  +0119.836s  CLASH    800 of 1770 tests, 0 run, 859 skipped, 0 clashes so far
16:22:05.965  +0119.839s  CLASH    825 of 1770 tests, 0 run, 884 skipped, 0 clashes so far
16:22:05.968  +0119.843s  CLASH    850 of 1770 tests, 0 run, 909 skipped, 0 clashes so far
16:22:05.972  +0119.847s  CLASH    875 of 1770 tests, 0 run, 934 skipped, 0 clashes so far
16:22:05.976  +0119.851s  CLASH    900 of 1770 tests, 0 run, 959 skipped, 0 clashes so far
16:22:05.979  +0119.854s  CLASH    925 of 1770 tests, 0 run, 984 skipped, 0 clashes so far
16:22:05.982  +0119.857s  CLASH    950 of 1770 tests, 0 run, 1009 skipped, 0 clashes so far
16:22:05.987  +0119.862s  CLASH    975 of 1770 tests, 0 run, 1034 skipped, 0 clashes so far
16:22:05.991  +0119.866s  CLASH    1000 of 1770 tests, 0 run, 1059 skipped, 0 clashes so far
16:22:05.995  +0119.870s  CLASH    1025 of 1770 tests, 0 run, 1084 skipped, 0 clashes so far
16:22:06.000  +0119.875s  CLASH    1050 of 1770 tests, 0 run, 1109 skipped, 0 clashes so far
16:22:06.015  +0119.890s  CLASH    1075 of 1770 tests, 0 run, 1134 skipped, 0 clashes so far
16:22:06.021  +0119.896s  CLASH    1100 of 1770 tests, 0 run, 1159 skipped, 0 clashes so far
16:22:06.026  +0119.901s  CLASH    1125 of 1770 tests, 0 run, 1184 skipped, 0 clashes so far
16:22:06.031  +0119.906s  CLASH    1150 of 1770 tests, 0 run, 1209 skipped, 0 clashes so far
16:22:06.037  +0119.912s  CLASH    1175 of 1770 tests, 0 run, 1234 skipped, 0 clashes so far
16:22:06.041  +0119.916s  CLASH    1200 of 1770 tests, 0 run, 1259 skipped, 0 clashes so far
16:22:06.045  +0119.920s  CLASH    1225 of 1770 tests, 0 run, 1284 skipped, 0 clashes so far
16:22:06.049  +0119.924s  CLASH    1250 of 1770 tests, 0 run, 1309 skipped, 0 clashes so far
16:22:06.053  +0119.928s  CLASH    1275 of 1770 tests, 0 run, 1334 skipped, 0 clashes so far
16:22:06.055  +0119.931s  CLASH    OLD      BLD-EL-Lighting Fixtures-vs-BLD-AR-Furniture  Navisworks has this test marked Old.
16:22:06.058  +0119.933s  STEP     TESTS RUN     started
16:22:06.063  +0119.938s  CENSUS   before TESTS RUN  models 3  sets 62  tests 1830  results 0  views 20
16:22:06.214  +0120.088s  CENSUS   after  TESTS RUN  models 3  sets 62  tests 1830  results 0  views 20
16:22:06.222  +0120.098s  STEP     TESTS RUN     finished 0.153s  BLD-EL-Lighting Fixtures-vs-BLD-AR-Furniture
16:22:06.231  +0120.106s  STEP     HARVEST       started
16:22:06.245  +0120.119s  CENSUS   before HARVEST  models 3  sets 62  tests 1830  results 0  views 20
16:22:06.270  +0120.144s  CENSUS   after  HARVEST  models 3  sets 62  tests 1830  results 0  views 20
16:22:06.277  +0120.151s  STEP     HARVEST       finished 0.033s  BLD-EL-Lighting Fixtures-vs-BLD-AR-Furniture
16:22:06.281  +0120.156s  ROWS     BLD-EL-Lighting Fixtures-vs-BLD-AR-Furniture  0 rows for the workbook, 0 clashes in the document, they agree
16:22:06.286  +0120.161s  CLASH    passed  BLD-EL-Lighting Fixtures-vs-BLD-AR-Furniture  items 279 v 16  none  0.2s
16:22:06.303  +0120.177s  CLASH    1300 of 1770 tests, 1 run, 1358 skipped, 0 clashes so far
16:22:06.308  +0120.182s  CLASH    1325 of 1770 tests, 1 run, 1383 skipped, 0 clashes so far
16:22:06.312  +0120.186s  CLASH    1350 of 1770 tests, 1 run, 1408 skipped, 0 clashes so far
16:22:06.316  +0120.190s  CLASH    1375 of 1770 tests, 1 run, 1433 skipped, 0 clashes so far
16:22:06.319  +0120.194s  CLASH    1400 of 1770 tests, 1 run, 1458 skipped, 0 clashes so far
16:22:06.324  +0120.198s  CLASH    1425 of 1770 tests, 1 run, 1483 skipped, 0 clashes so far
16:22:06.328  +0120.202s  CLASH    1450 of 1770 tests, 1 run, 1508 skipped, 0 clashes so far
16:22:06.332  +0120.206s  CLASH    1475 of 1770 tests, 1 run, 1533 skipped, 0 clashes so far
16:22:06.336  +0120.210s  CLASH    1500 of 1770 tests, 1 run, 1558 skipped, 0 clashes so far
16:22:06.341  +0120.215s  CLASH    1525 of 1770 tests, 1 run, 1583 skipped, 0 clashes so far
16:22:06.351  +0120.225s  CLASH    1550 of 1770 tests, 1 run, 1608 skipped, 0 clashes so far
16:22:06.360  +0120.234s  CLASH    1575 of 1770 tests, 1 run, 1633 skipped, 0 clashes so far
16:22:06.365  +0120.240s  CLASH    1600 of 1770 tests, 1 run, 1658 skipped, 0 clashes so far
16:22:06.370  +0120.245s  CLASH    1625 of 1770 tests, 1 run, 1683 skipped, 0 clashes so far
16:22:06.375  +0120.250s  CLASH    1650 of 1770 tests, 1 run, 1708 skipped, 0 clashes so far
16:22:06.379  +0120.254s  CLASH    1675 of 1770 tests, 1 run, 1733 skipped, 0 clashes so far
16:22:06.384  +0120.259s  CLASH    1700 of 1770 tests, 1 run, 1758 skipped, 0 clashes so far
16:22:06.389  +0120.264s  CLASH    1725 of 1770 tests, 1 run, 1783 skipped, 0 clashes so far
16:22:06.393  +0120.268s  CLASH    1750 of 1770 tests, 1 run, 1808 skipped, 0 clashes so far
16:22:06.397  +0120.272s  CLASH    1770 of 1770 tests, 1 run, 1828 skipped, 0 clashes so far
16:22:06.453  +0120.329s  TOLERANCE 25 mm chosen in the tool, so it beats both the XML and the document. Set on 1770 tests, 0 created fresh and 1770 already in the document. 25 mm is 0.082021 ft in this document

================================================================
DRIFT C:\00-NM\Federation Task\C02 + 04\C02\NWF\1104-PAR-1A0215-ZZZ-BM-MOD-000001.nwf  (3 models loaded)
================================================================
16:22:06.467  +0120.341s  1770 tests were already in the document and were compared against the file.
16:22:06.470  +0120.344s  Nothing has drifted. Every one of them matches the file.
16:22:06.473  +0120.348s  PRIORITY 1830 in the file, 1830 tests in this run, 1830 matched, 0 not named by the file

================================================================
PRIORITY 1A0215
================================================================
16:22:06.486  +0120.360s  PRIORITY clashes by priority, 0 in all
16:22:06.488  +0120.363s           A           : 0
16:22:06.491  +0120.366s           B           : 0
16:22:06.494  +0120.368s           C           : 0
16:22:06.496  +0120.370s           No priority : 0

================================================================
CLASH 1A0215
================================================================
16:22:06.508  +0120.383s  PASSED 1 test, ran and found nothing
16:22:06.511  +0120.385s          passed  BLD-EL-Lighting Fixtures-vs-BLD-AR-Furniture  items 279 v 16  none  0.2s
16:22:06.513  +0120.387s  SKIPPED 1829 tests, a side finds nothing in this model
16:22:06.515  +0120.390s          BLD-DR-Pipe Accessories-vs-BLD-AR-Floors  both sides find nothing in this model, left "lcop_selection_set_tree/Mechanical/Mechanical-Drainage/BLD-DR-Pipe Accessories" and right "lcop_selection_set_tree/Architecture/BLD-AR-Floors"
16:22:06.518  +0120.393s          BLD-DR-Pipe Accessories-vs-BLD-AR-Stairs  both sides find nothing in this model, left "lcop_selection_set_tree/Mechanical/Mechanical-Drainage/BLD-DR-Pipe Accessories" and right "lcop_selection_set_tree/Architecture/BLD-AR-Stairs"
16:22:06.520  +0120.396s          BLD-DR-Pipe Accessories-vs-BLD-AR-Ramps  both sides find nothing in this model, left "lcop_selection_set_tree/Mechanical/Mechanical-Drainage/BLD-DR-Pipe Accessories" and right "lcop_selection_set_tree/Architecture/BLD-AR-Ramps"
16:22:06.523  +0120.398s          BLD-DR-Pipe Accessories-vs-BLD-AR-Roofs  both sides find nothing in this model, left "lcop_selection_set_tree/Mechanical/Mechanical-Drainage/BLD-DR-Pipe Accessories" and right "lcop_selection_set_tree/Architecture/BLD-AR-Roofs"
16:22:06.526  +0120.401s          BLD-DR-Pipe Accessories-vs-BLD-AR-Ceilings  both sides find nothing in this model, left "lcop_selection_set_tree/Mechanical/Mechanical-Drainage/BLD-DR-Pipe Accessories" and right "lcop_selection_set_tree/Architecture/BLD-AR-Ceilings"
16:22:06.528  +0120.403s          and 1824 more skipped for the same reason, counted and not listed
16:22:06.531  +0120.405s  
16:22:06.533  +0120.407s  ran against       : C:\00-NM\Federation Task\C02 + 04\C02\NWF\1104-PAR-1A0215-ZZZ-BM-MOD-000001.nwf  (3 models loaded)
16:22:06.535  +0120.410s  tests in the file : 1830
16:22:06.537  +0120.412s  tests created     : 0
16:22:06.538  +0120.414s  already there     : 1770, left alone with their results
16:22:06.541  +0120.416s  tests skipped     : 1829, not run and not passed
16:22:06.543  +0120.418s       1829  a side finds nothing in this model
16:22:06.545  +0120.419s  tests run         : 1
16:22:06.547  +0120.421s      passed        : 1, ran and found nothing
16:22:06.548  +0120.423s      with clashes  : 0
16:22:06.551  +0120.426s  clashes found     : 0
16:22:06.553  +0120.428s      New       : 0
16:22:06.555  +0120.430s      Active    : 0
16:22:06.564  +0120.439s      Reviewed  : 0
16:22:06.567  +0120.442s      Approved  : 0
16:22:06.571  +0120.446s      Resolved  : 0
16:22:06.574  +0120.448s  clash step took   : 0.9 seconds

================================================================
PENETRATION 1A0215
================================================================
16:22:06.586  +0120.461s  
16:22:06.589  +0120.463s  clashes looked at : 0
16:22:06.629  +0120.504s  moved to Reviewed : 0
16:22:06.633  +0120.508s          0  the service is over the size, left alone
16:22:06.637  +0120.512s          0  no size could be read off the service, left alone
16:22:06.641  +0120.516s          0  a person had already set it, left alone
16:22:06.644  +0120.519s          0  both sides a service, left alone
16:22:06.647  +0120.522s          0  both sides a solid, left alone
16:22:06.650  +0120.525s          0  not a service against a solid, left alone
16:22:06.653  +0120.527s  the size in use   : 150mm or under is a penetration, over it stays as it was
16:22:06.655  +0120.530s  Nothing moved. Every clash is exactly as it was.

================================================================
BY DESIGN 1A0215
================================================================
16:22:06.665  +0120.540s  
16:22:06.667  +0120.541s  clashes looked at : 0
16:22:06.669  +0120.543s  moved to Reviewed : 0
16:22:06.671  +0120.545s          0  the two sets are not a pair in the file
16:22:06.672  +0120.547s          0  already Reviewed, Approved or Resolved, so somebody decided and it stands
16:22:06.675  +0120.550s          0  the penetration rule already asked for this one, so it moved there
16:22:06.678  +0120.552s          0  a side of the test named no set, so there was no pair to look for
16:22:06.680  +0120.555s  Nothing moved. Every clash is exactly as it was.
16:22:06.683  +0120.558s  IMAGES   numbered in report order: 0 renamed, 0 already right, 0 missing
16:22:06.686  +0120.560s  IMAGES   none written.
16:22:06.689  +0120.563s  CLASH    1A0215 finished. 0 created, 1770 already there, 1 run, 1 passed, 1829 skipped, 0 clashes in 0.9s.
16:22:06.691  +0120.566s  STEP     VIEWS         started
16:22:06.700  +0120.575s  CENSUS   before VIEWS  models 3  sets 62  tests 1830  results 0  views 20
16:22:06.719  +0120.593s  VIEWS    the model each clash item lives in was read for 0 of 0 clash(es) in scope
16:22:06.722  +0120.597s  VIEWS    both clashing items were pointed at for 0 of 0 clash(es) in scope
16:22:06.728  +0120.603s  CENSUS   after  VIEWS  models 3  sets 62  tests 1830  results 0  views 20
16:22:06.734  +0120.609s  STEP     VIEWS         finished 0.033s  No viewpoint was planned for this group.

================================================================
VIEWS 1A0215
================================================================
16:22:06.748  +0120.623s  clashes looked at : 0
16:22:06.751  +0120.626s  viewpoints planned: 0
16:22:06.755  +0120.629s          0  Approved or Resolved, so nobody is looking at it
16:22:06.757  +0120.631s          0  a service at or under the threshold, which is a penetration and not a coordination item
16:22:06.759  +0120.634s  size could not be read : 0, every one of them is in its pair folder and none was dropped
16:22:06.762  +0120.636s  a set name with no code this tool knows : 0, every one of them is in a folder saying UNKNOWN and none was guessed at

================================================================
VIEWS BUILT 1A0215
================================================================
16:22:06.774  +0120.648s  
16:22:06.776  +0120.650s  views created     : 0
16:22:06.779  +0120.653s  put into the document: 0 created, 0 already there and left alone
16:22:06.782  +0120.656s  STEP     NWF SAVE      started
16:22:06.790  +0120.665s  CENSUS   before NWF SAVE  models 3  sets 62  tests 1830  results 0  views 20
16:22:06.828  +0120.703s  NWF      attempt  C:\00-NM\Federation Task\C02 + 04\C02\NWF\1104-PAR-1A0215-ZZZ-BM-MOD-000001.nwf
16:22:06.865  +0120.740s  NWF      written  C:\00-NM\Federation Task\C02 + 04\C02\NWF\1104-PAR-1A0215-ZZZ-BM-MOD-000001.nwf  78,366 bytes
16:22:06.876  +0120.750s  CENSUS   after  NWF SAVE  models 3  sets 62  tests 1830  results 0  views 20
16:22:06.881  +0120.756s  STEP     NWF SAVE      finished 0.092s  saved 78366 bytes
16:22:06.885  +0120.760s  UNITS    every number converted from ft to m, one ft is 0.3048 m, 1830 tests and 0 rows. The report is written in Meters (m)
16:22:06.887  +0120.762s  STEP     WORKBOOK      started
16:22:06.891  +0120.766s  CENSUS   before WORKBOOK  models 3  sets 62  tests 1830  results 0  views 20
16:22:06.921  +0120.795s  XLSX     attempt  C:\00-NM\Federation Task\C02 + 04\C02\Clash Report\1104-PAR-1A0215-ZZZ-BM-MOD-000001.xlsx
16:22:14.414  +0128.289s  XLSX     written  C:\00-NM\Federation Task\C02 + 04\C02\Clash Report\1104-PAR-1A0215-ZZZ-BM-MOD-000001.xlsx  471,846 bytes

================================================================
WORKBOOK CHECK 1A0215
================================================================
16:22:15.103  +0128.978s  CHECK    1 sheet, "1104-PAR-1A0215-ZZZ-BM-MOD-0000", 1830 test blocks, 0 clash rows.
16:22:15.106  +0128.980s           the first blocks hold 0, 0, 0, 0, 0, 0, 0, 0 and so on.
16:22:15.108  +0128.982s           Every column, value shape, fill, border, row height and column width matches the client's report, and the blocks are in their order.
16:22:15.111  +0128.985s           Not compared: the font, the sheet name, freeze panes, print setup, merged ranges, and whether a value is true. See docs\history\scan.md 4q.
16:22:15.113  +0128.988s           The client column set was read from clash_report_html_tabular.xsl in the Navisworks install and from the exports in samples\client-report, never from a list typed into this tool.
16:22:15.115  +0128.990s  BLOCKS   1830 in the workbook, one for every test in the file
16:22:15.172  +0129.048s  CENSUS   after  WORKBOOK  models 3  sets 62  tests 1830  results 0  views 20
16:22:15.191  +0129.066s  STEP     WORKBOOK      finished 8.277s  wrote 471846 bytes
16:22:15.196  +0129.070s  STEP     HTML          started
16:22:15.201  +0129.075s  CENSUS   before HTML  models 3  sets 62  tests 1830  results 0  views 20
16:22:15.236  +0129.111s  HTML     attempt  C:\00-NM\Federation Task\C02 + 04\C02\Clash Report\1104-PAR-1A0215-ZZZ-BM-MOD-000001.html
16:22:15.241  +0129.115s  LOGO     C:\Program Files\Autodesk\Navisworks Manage 2025\Images\logo.jpg copied into C:\00-NM\Federation Task\C02 + 04\C02\Clash Report\1104-PAR-1A0215-ZZZ-BM-MOD-000001_files
16:22:15.309  +0129.184s  HTML     written  C:\00-NM\Federation Task\C02 + 04\C02\Clash Report\1104-PAR-1A0215-ZZZ-BM-MOD-000001.html  2,683,307 bytes

================================================================
REPORT CHECK 1A0215
================================================================
16:22:15.445  +0129.320s  CHECK    0 clash rows on the page.
16:22:15.447  +0129.322s           Item ID filled on 0 of 0 for item 1 and 0 of 0 for item 2.
16:22:15.450  +0129.325s           no Item ID was found at all.
16:22:15.452  +0129.327s           no column the client's report does not have.
16:22:15.455  +0129.329s           the tolerance cell reads 0.025m
16:22:15.456  +0129.332s           0 picture references, 0 with a backslash, 0 on disk.
16:22:15.459  +0129.334s           the logo is 1104-PAR-1A0215-ZZZ-BM-MOD-000001_files\logo.jpg and it is on disk.
16:22:15.462  +0129.336s           Nothing wrong with it.
16:22:15.464  +0129.339s           The client column set was read from clash_report_html_tabular.xsl in the Navisworks install and from the exports in samples\client-report, never from a list typed into this tool.
16:22:15.488  +0129.362s  CENSUS   after  HTML  models 3  sets 62  tests 1830  results 0  views 20
16:22:15.494  +0129.368s  STEP     HTML          finished 0.290s  wrote 2683307 bytes
16:22:15.497  +0129.372s  XML      skipped  not wanted this run
16:22:15.499  +0129.374s  STEP     NWD           started
16:22:15.504  +0129.379s  CENSUS   before NWD  models 3  sets 62  tests 1830  results 0  views 20
16:22:15.535  +0129.410s  NWD      attempt  C:\00-NM\Federation Task\C02 + 04\C02\NWD\1104-PAR-1A0215-ZZZ-BM-MOD-000001.nwd
16:22:15.538  +0129.413s  NWD      publish properties set: Title=1104-PAR-1A0215-ZZZ-BM-MOD-000001, Publisher=Parsons NWC Federator, Subject=Federation of building 1A0215, Author=bader, AllowResave=true, EmbedDatabaseProperties=true, PreventObjectPropertyExport=false
16:22:17.984  +0131.860s  NWD      written  C:\00-NM\Federation Task\C02 + 04\C02\NWD\1104-PAR-1A0215-ZZZ-BM-MOD-000001.nwd  14,276,149 bytes
16:22:18.030  +0131.905s  CENSUS   after  NWD  models 3  sets 62  tests 1830  results 0  views 20
16:22:18.038  +0131.912s  STEP     NWD           finished 2.529s  published 14276149 bytes
16:22:18.041  +0131.916s  STEP     CONFIRM       started
16:22:18.046  +0131.920s  CENSUS   before CONFIRM  models 3  sets 62  tests 1830  results 0  views 20
16:22:18.080  +0131.955s  NWF      intact   C:\00-NM\Federation Task\C02 + 04\C02\NWF\1104-PAR-1A0215-ZZZ-BM-MOD-000001.nwf  78,366 bytes, unchanged by publishing the NWD
16:22:18.085  +0131.960s  CENSUS   after  CONFIRM  models 3  sets 62  tests 1830  results 0  views 20
16:22:18.093  +0131.968s  STEP     CONFIRM       finished 0.042s  the NWF is 78366 bytes

================================================================
GAP 1A0215
================================================================
16:22:18.282  +0132.157s  nothing measured this group reaches no output. The report carries everything the run read
16:22:18.288  +0132.163s  CENSUS   cost 0.066s over 22 counts in this group. That is inside the 1.000s a group is allowed
16:22:18.293  +0132.168s  GROUP    finished 1A0215  DONE  17.070s  Weekly run plus XML

================================================================
TIMING 1A0215
================================================================
16:22:18.325  +0132.200s  WORKBOOK                  8.277s   48.5%
16:22:18.331  +0132.206s  NWD                       2.529s   14.8%
16:22:18.337  +0132.212s  SETS                      2.446s   14.3%
16:22:18.343  +0132.218s  DECIDE                    1.099s    6.4%
16:22:18.349  +0132.224s  HTML                      0.290s    1.7%
16:22:18.356  +0132.230s  UNITS                     0.225s    1.3%
16:22:18.360  +0132.235s  TESTS RUN                 0.153s    0.9%
16:22:18.364  +0132.239s  NWF SAVE                  0.092s    0.5%
16:22:18.368  +0132.243s  CONFIRM                   0.042s    0.2%
16:22:18.371  +0132.246s  VIEWS                     0.033s    0.2%
16:22:18.376  +0132.251s  HARVEST                   0.033s    0.2%
16:22:18.379  +0132.254s  outside every step        1.851s   10.8%
16:22:18.382  +0132.257s  
16:22:18.385  +0132.260s  group total              17.070s
16:22:18.388  +0132.263s  outside every step is the work between them and the work nothing times yet
16:22:18.410  +0132.285s  GROUP    started  1A02BS  6 files
                          file     : C:\00-NM\Federation Task\C02 + 04\C02\NWC\1104-PAR-1A02BS-ZZZ-AR-MOD-001000.nwc
                          file     : C:\00-NM\Federation Task\C02 + 04\C02\NWC\1104-PAR-1A02BS-ZZZ-AR-MOD-002000.nwc
                          file     : C:\00-NM\Federation Task\C02 + 04\C02\NWC\1104-PAR-1A02BS-ZZZ-AR-MOD-003000.nwc
                          file     : C:\00-NM\Federation Task\C02 + 04\C02\NWC\1104-PAR-1A02BS-ZZZ-AR-MOD-004000.nwc
                          file     : C:\00-NM\Federation Task\C02 + 04\C02\NWC\1104-PAR-1A02BS-ZZZ-EL-MOD-003000.nwc
                          file     : C:\00-NM\Federation Task\C02 + 04\C02\NWC\1104-PAR-1A02BS-ZZZ-EL-MOD-003001.nwc
16:22:18.430  +0132.304s  CLEAR    the document, at the top of 1A02BS, before Decide
16:22:18.503  +0132.378s  CENSUS CLEAR  the document was emptied and every count read zero
16:22:18.509  +0132.384s  STEP     DECIDE        started
16:22:18.514  +0132.389s  CENSUS   before DECIDE  models 0  sets 0  tests 0  results 0  views 0
16:22:18.577  +0132.452s  OPEN     reading the file list out of C:\00-NM\Federation Task\C02 + 04\C02\NWF\1104-PAR-1A02BS-ZZZ-BM-MOD-000001.nwf
16:22:19.390  +0133.264s  LOADING  the NWF reported 6 models after 0.607s, steady over 3 reads 0.250s apart, over 3 readings in all
16:22:19.392  +0133.267s  LOADING  the scene loaded event fired 6 times, first at 0.0s and last at 0.0s after the open began, and the open returned at 0.2s
16:22:19.394  +0133.269s           holds   C:\00-NM\Federation Task\C02 + 04\C02\NWC\1104-PAR-1A02BS-ZZZ-AR-MOD-001000.nwc   [source Autodesk Docs://KSA_New Murabba/1104-PAR-100000-ZZZ-AR-MOD-001000.rvt, file C:\00-NM\Federation Task\C02 + 04\C02\NWC\1104-PAR-1A02BS-ZZZ-AR-MOD-001000.nwc]
16:22:19.397  +0133.271s           holds   C:\00-NM\Federation Task\C02 + 04\C02\NWC\1104-PAR-1A02BS-ZZZ-AR-MOD-002000.nwc   [source Autodesk Docs://KSA_New Murabba/1104-PAR-100000-ZZZ-AR-MOD-002000.rvt, file C:\00-NM\Federation Task\C02 + 04\C02\NWC\1104-PAR-1A02BS-ZZZ-AR-MOD-002000.nwc]
16:22:19.399  +0133.274s           holds   C:\00-NM\Federation Task\C02 + 04\C02\NWC\1104-PAR-1A02BS-ZZZ-AR-MOD-003000.nwc   [source Autodesk Docs://KSA_New Murabba/1104-PAR-100000-ZZZ-AR-MOD-003000.rvt, file C:\00-NM\Federation Task\C02 + 04\C02\NWC\1104-PAR-1A02BS-ZZZ-AR-MOD-003000.nwc]
16:22:19.401  +0133.276s           holds   C:\00-NM\Federation Task\C02 + 04\C02\NWC\1104-PAR-1A02BS-ZZZ-AR-MOD-004000.nwc   [source Autodesk Docs://KSA_New Murabba/1104-PAR-100000-ZZZ-AR-MOD-004000.rvt, file C:\00-NM\Federation Task\C02 + 04\C02\NWC\1104-PAR-1A02BS-ZZZ-AR-MOD-004000.nwc]
16:22:19.403  +0133.278s           holds   C:\00-NM\Federation Task\C02 + 04\C02\NWC\1104-PAR-1A02BS-ZZZ-EL-MOD-003000.nwc   [source Autodesk Docs://KSA_New Murabba/1104-PAR-1A02BS-ZZZ-EL-MOD-003000.rvt, file C:\00-NM\Federation Task\C02 + 04\C02\NWC\1104-PAR-1A02BS-ZZZ-EL-MOD-003000.nwc]
16:22:19.405  +0133.280s           holds   C:\00-NM\Federation Task\C02 + 04\C02\NWC\1104-PAR-1A02BS-ZZZ-EL-MOD-003001.nwc   [source Autodesk Docs://KSA_New Murabba/1104-PAR-1A02BS-ZZZ-EL-MOD-003000.rvt, file C:\00-NM\Federation Task\C02 + 04\C02\NWC\1104-PAR-1A02BS-ZZZ-EL-MOD-003001.nwc]
16:22:19.408  +0133.283s  CENSUS   after  DECIDE  models 6  sets 61  tests 105  results 109  views 136
16:22:19.414  +0133.289s  STEP     DECIDE        finished 0.899s  Weekly run plus XML
16:22:19.418  +0133.292s  OPENED   C:\00-NM\Federation Task\C02 + 04\C02\NWF\1104-PAR-1A02BS-ZZZ-BM-MOD-000001.nwf
16:22:19.421  +0133.295s           the file list matches the scan, 6 files, so it was not cleared and nothing was re-appended
16:22:19.423  +0133.298s  NWF      reused   C:\00-NM\Federation Task\C02 + 04\C02\NWF\1104-PAR-1A02BS-ZZZ-BM-MOD-000001.nwf  1,296,720 bytes
16:22:19.426  +0133.300s  STEP     UNITS         started
16:22:19.429  +0133.303s  CENSUS   before UNITS  models 6  sets 61  tests 105  results 109  views 136
16:22:19.451  +0133.326s  UNITS    the document is in Feet (ft) and the report needs Meters (m). Setting every model.
16:22:19.484  +0133.360s  UNITS    6 models set, 0 that would not, document shows Feet (ft). Every report number is converted to Meters (m) before it is written, so the report is metric whatever this says.
16:22:19.499  +0133.374s  CENSUS   after  UNITS  models 6  sets 61  tests 105  results 109  views 136
16:22:19.507  +0133.382s  STEP     UNITS         finished 0.074s  the document was asked for Meters

================================================================
ALIGNMENT 1A02BS
================================================================
16:22:19.521  +0133.396s  AR  1104-PAR-1A02BS-ZZZ-AR-MOD-001000.nwc is the reference
16:22:19.524  +0133.398s     AR  1104-PAR-1A02BS-ZZZ-AR-MOD-001000.nwc   reference, shared coordinate "Exhibition Pavilion"
16:22:19.526  +0133.400s     AR  1104-PAR-1A02BS-ZZZ-AR-MOD-002000.nwc   same placement, shared coordinate "Exhibition Pavilion"
16:22:19.528  +0133.402s     AR  1104-PAR-1A02BS-ZZZ-AR-MOD-003000.nwc   DIFFERENT  dx 34011.28 mm  dy -20948.77 mm  dz 0 mm, shared coordinate "Bus-3"
16:22:19.530  +0133.404s        ask the AR originator to re-export on the project shared coordinates
16:22:19.532  +0133.407s     AR  1104-PAR-1A02BS-ZZZ-AR-MOD-004000.nwc   same placement, shared coordinate "Exhibition Pavilion"
16:22:19.534  +0133.409s     EL  1104-PAR-1A02BS-ZZZ-EL-MOD-003000.nwc   DIFFERENT  dx -360296.2 mm  dy -292516.4 mm  dz -501.44 mm, shared coordinate "Community-2-BS1"
16:22:19.537  +0133.411s        ask the EL originator to re-export on the project shared coordinates
16:22:19.539  +0133.413s     EL  1104-PAR-1A02BS-ZZZ-EL-MOD-003001.nwc   DIFFERENT  dx -158846.36 mm  dy -356537.86 mm  dz 3668.56 mm, shared coordinate "Community-2-BS2"
16:22:19.541  +0133.415s        ask the EL originator to re-export on the project shared coordinates
16:22:19.543  +0133.418s  3 of 6 model(s) sit somewhere the reference does not. Nothing is changed and the run goes on.
16:22:19.545  +0133.420s  this group names 4 different shared coordinates: Bus-3, Community-2-BS1, Community-2-BS2, Exhibition Pavilion

================================================================
EXPORT CHECK 1A02BS
================================================================
16:22:19.572  +0133.446s     AR  1104-PAR-1A02BS-ZZZ-AR-MOD-001000.nwc   elements 16   worksets 1   element id 100%
16:22:19.574  +0133.448s     AR  1104-PAR-1A02BS-ZZZ-AR-MOD-002000.nwc   elements 21   worksets 1   element id 100%
16:22:19.576  +0133.450s     AR  1104-PAR-1A02BS-ZZZ-AR-MOD-003000.nwc   elements 41   worksets 1   element id 100%
16:22:19.578  +0133.452s     AR  1104-PAR-1A02BS-ZZZ-AR-MOD-004000.nwc   elements 10   worksets 1   element id 100%
16:22:19.580  +0133.454s     EL  1104-PAR-1A02BS-ZZZ-EL-MOD-003000.nwc   elements 55   worksets 5   element id 100%
16:22:19.582  +0133.457s     EL  1104-PAR-1A02BS-ZZZ-EL-MOD-003001.nwc   elements 55   worksets 5   element id 100%
16:22:19.584  +0133.459s  all 6 model(s) carry a workset on every element and an element id on every element
16:22:19.586  +0133.461s  worksets seen: AR-EXTERIOR, EV-IT, EL-Lightning Protection, EL-Power, EV-Access Control, EL-Lighting
16:22:19.588  +0133.463s     check these against the workset each set in the matrix asks for. The match is CASE SENSITIVE, so ME-Ductwork does not match ME-DUCTWORK and that set finds nothing
16:22:19.590  +0133.465s  no two workset names in this group are close enough to be one word typed twice
16:22:19.598  +0133.472s  CLASH    source   tests from XML, the picked file holds 61 sets and 1830 tests
16:22:19.600  +0133.474s  STEP     SETS          started
16:22:19.603  +0133.477s  CENSUS   before SETS  models 6  sets 61  tests 105  results 109  views 136
16:22:19.639  +0133.513s  SETS     1A02BS, 61 to build, 0 skipped
16:22:19.641  +0133.516s  SET      ran against C:\00-NM\Federation Task\C02 + 04\C02\NWF\1104-PAR-1A02BS-ZZZ-BM-MOD-000001.nwf  (6 models loaded)
16:22:19.644  +0133.519s  SET      present lcop_selection_set_tree/Architecture/BLD-AR-Floors  2 conditions  12 items  already there, left alone
16:22:19.647  +0133.522s  SET      present lcop_selection_set_tree/Architecture/BLD-AR-Stairs  2 conditions  0 items  already there, left alone
16:22:19.650  +0133.525s  SET      present lcop_selection_set_tree/Architecture/BLD-AR-Ramps  1 condition  0 items  already there, left alone
16:22:19.652  +0133.528s  SET      present lcop_selection_set_tree/Architecture/BLD-AR-Roofs  1 condition  0 items  already there, left alone
16:22:19.655  +0133.530s  SET      present lcop_selection_set_tree/Architecture/BLD-AR-Ceilings  1 condition  0 items  already there, left alone
16:22:19.658  +0133.533s  SET      present lcop_selection_set_tree/Architecture/BLD-AR-Columns  1 condition  0 items  already there, left alone
16:22:19.661  +0133.536s  SET      present lcop_selection_set_tree/Architecture/BLD-AR-Walls  2 conditions  26 items  already there, left alone
16:22:19.664  +0133.539s  SET      present lcop_selection_set_tree/Architecture/BLD-AR-Windows  1 condition  0 items  already there, left alone
16:22:19.667  +0133.542s  SET      present lcop_selection_set_tree/Architecture/BLD-AR-Curtain Panels  1 condition  8 items  already there, left alone
16:22:19.670  +0133.545s  SET      present lcop_selection_set_tree/Architecture/BLD-AR-Curtain Mullions  1 condition  23 items  already there, left alone
16:22:19.673  +0133.548s  SET      present lcop_selection_set_tree/Architecture/BLD-AR-Doors  1 condition  2 items  already there, left alone
16:22:19.687  +0133.561s  SET      present lcop_selection_set_tree/Architecture/BLD-AR-Casework  1 condition  0 items  already there, left alone
16:22:19.690  +0133.564s  SET      present lcop_selection_set_tree/Architecture/BLD-AR-Furniture  1 condition  5 items  already there, left alone
16:22:19.693  +0133.567s  SET      present lcop_selection_set_tree/Architecture/BLD-AR-Parking  1 condition  0 items  already there, left alone
16:22:19.695  +0133.570s  SET      present lcop_selection_set_tree/Architecture/BLD-AR-Railings  1 condition  0 items  already there, left alone
16:22:19.698  +0133.572s  SET      present lcop_selection_set_tree/Architecture/BLD-AR-Site  1 condition  6 items  already there, left alone
16:22:19.701  +0133.575s  SET      present lcop_selection_set_tree/Structure/BLD-ST-Foundation  1 condition  0 items  already there, left alone
16:22:19.703  +0133.578s  SET      present lcop_selection_set_tree/Structure/BLD-ST-Columns  1 condition  0 items  already there, left alone
16:22:19.706  +0133.580s  SET      present lcop_selection_set_tree/Structure/BLD-ST-Framing  1 condition  0 items  already there, left alone
16:22:19.709  +0133.583s  SET      present lcop_selection_set_tree/Structure/BLD-ST-Walls  2 conditions  0 items  already there, left alone
16:22:19.712  +0133.586s  SET      present lcop_selection_set_tree/Structure/BLD-ST-Floors  2 conditions  0 items  already there, left alone
16:22:19.714  +0133.589s  SET      present lcop_selection_set_tree/Structure/BLD-ST-Stair  2 conditions  0 items  already there, left alone
16:22:19.717  +0133.592s  SET      present lcop_selection_set_tree/Mechanical/Mechanical-HVAC/BLD-ME-Ducts&Duct Fittings  4 conditions  0 items  already there, left alone
16:22:19.720  +0133.595s  SET      present lcop_selection_set_tree/Mechanical/Mechanical-HVAC/BLD-ME-Duct Accessory  2 conditions  0 items  already there, left alone
16:22:19.723  +0133.598s  SET      present lcop_selection_set_tree/Mechanical/Mechanical-HVAC/BLD-ME-Mechanical Equipment  2 conditions  0 items  already there, left alone
16:22:19.726  +0133.600s  SET      present lcop_selection_set_tree/Mechanical/Mechanical-HVAC/BLD-ME-Flex Ducts  2 conditions  0 items  already there, left alone
16:22:19.728  +0133.603s  SET      present lcop_selection_set_tree/Mechanical/Mechanical-HVAC/BLD-ME-Air Terminals  2 conditions  0 items  already there, left alone
16:22:19.731  +0133.606s  SET      present lcop_selection_set_tree/Mechanical/Mechanical-HVAC/BLD-ME-Pipes&Pipe Fittings  4 conditions  0 items  already there, left alone
16:22:19.735  +0133.609s  SET      present lcop_selection_set_tree/Mechanical/Mechanical-HVAC/BLD-ME-Pipe Accessories  2 conditions  0 items  already there, left alone
16:22:19.737  +0133.611s  SET      present lcop_selection_set_tree/Mechanical/Mechanical-HVAC/BLD-ME-Plumbing Fixtures  2 conditions  0 items  already there, left alone
16:22:19.740  +0133.614s  SET      present lcop_selection_set_tree/Mechanical/Mechanical-HVAC/BLD-ME-Flex Pipes  2 conditions  0 items  already there, left alone
16:22:19.743  +0133.617s  SET      present lcop_selection_set_tree/Mechanical/Mechanical-Fire Fighting/BLD-FF-Mechanical Equipment  2 conditions  0 items  already there, left alone
16:22:19.746  +0133.620s  SET      present lcop_selection_set_tree/Mechanical/Mechanical-Fire Fighting/BLD-FF-Pipes & Pipe Fittings  4 conditions  0 items  already there, left alone
16:22:19.748  +0133.623s  SET      present lcop_selection_set_tree/Mechanical/Mechanical-Fire Fighting/BLD-FF-Pipe Accessories  2 conditions  0 items  already there, left alone
16:22:19.751  +0133.625s  SET      present lcop_selection_set_tree/Mechanical/Mechanical-Fire Fighting/BLD-FF-Pipe Insulations  2 conditions  0 items  already there, left alone
16:22:19.754  +0133.628s  SET      present lcop_selection_set_tree/Mechanical/Mechanical-Fire Fighting/BLD-FF-Plumbing Fixtures  2 conditions  0 items  already there, left alone
16:22:19.756  +0133.631s  SET      present lcop_selection_set_tree/Mechanical/Mechanical-Fire Fighting/BLD-FF-Sprinklers  2 conditions  0 items  already there, left alone
16:22:19.759  +0133.634s  SET      present lcop_selection_set_tree/Mechanical/Mechanical-Water Supply/BLD-PL-Mechanical Equipment  2 conditions  0 items  already there, left alone
16:22:19.761  +0133.637s  SET      present lcop_selection_set_tree/Mechanical/Mechanical-Water Supply/BLD-PL-Pipes & Pipe Fittings  4 conditions  0 items  already there, left alone
16:22:19.765  +0133.640s  SET      present lcop_selection_set_tree/Mechanical/Mechanical-Water Supply/BLD-PL-Pipe Accessories  2 conditions  0 items  already there, left alone
16:22:19.768  +0133.643s  SET      present lcop_selection_set_tree/Mechanical/Mechanical-Water Supply/BLD-PL-Pipe Insulations  2 conditions  0 items  already there, left alone
16:22:19.770  +0133.645s  SET      present lcop_selection_set_tree/Mechanical/Mechanical-Water Supply/BLD-PL-Plumbing Fixtures  2 conditions  0 items  already there, left alone
16:22:19.774  +0133.648s  SET      present lcop_selection_set_tree/Mechanical/Mechanical-Drainage/BLD-DR-Mechanical Equipment  2 conditions  0 items  already there, left alone
16:22:19.777  +0133.651s  SET      present lcop_selection_set_tree/Mechanical/Mechanical-Drainage/BLD-DR-Pipes & Pipe Fittings  4 conditions  0 items  already there, left alone
16:22:19.779  +0133.654s  SET      present lcop_selection_set_tree/Mechanical/Mechanical-Drainage/BLD-DR-Pipe Accessories  2 conditions  0 items  already there, left alone
16:22:19.782  +0133.657s  SET      present lcop_selection_set_tree/Mechanical/Mechanical-Drainage/BLD-DR-Pipe Insulations  2 conditions  0 items  already there, left alone
16:22:19.785  +0133.660s  SET      present lcop_selection_set_tree/Mechanical/Mechanical-Drainage/BLD-DR-Plumbing Fixtures  2 conditions  0 items  already there, left alone
16:22:19.787  +0133.662s  SET      present lcop_selection_set_tree/Electrical/BLD-EL-Cable Tray&Cable Tray Fittings  1 condition  0 items  already there, left alone
16:22:19.793  +0133.668s  SET      present lcop_selection_set_tree/Electrical/BLD-EL-Electrical Equipment  1 condition  16 items  already there, left alone
16:22:19.796  +0133.671s  SET      present lcop_selection_set_tree/Electrical/BLD-EL-Electrical Fixtures  1 condition  8 items  already there, left alone
16:22:19.799  +0133.673s  SET      present lcop_selection_set_tree/Electrical/BLD-EL-Conduits & Conduit Fittings  1 condition  62 items  already there, left alone
16:22:19.802  +0133.676s  SET      present lcop_selection_set_tree/Electrical/BLD-EL-Devices  7 conditions  0 items  already there, left alone
16:22:19.805  +0133.679s  SET      present lcop_selection_set_tree/Electrical/BLD-EL-Lighting Fixtures  1 condition  6 items  already there, left alone
16:22:19.808  +0133.682s  SET      present lcop_selection_set_tree/Electrical/BLD-EL-Lighting Devices  1 condition  2 items  already there, left alone
16:22:19.811  +0133.685s  SET      present lcop_selection_set_tree/Electrical/BLD-EL-Fire Alarm Devices  1 condition  0 items  already there, left alone
16:22:19.816  +0133.690s  SET      present lcop_selection_set_tree/Electrical/BLD-EL-Telecom Equipment  1 condition  0 items  already there, left alone
16:22:19.820  +0133.695s  SET      present lcop_selection_set_tree/Electrical/BLD-EL-Telecom Fixtures  1 condition  0 items  already there, left alone
16:22:19.827  +0133.701s  SET      present lcop_selection_set_tree/Electrical/BLD-Security Devices  1 condition  6 items  already there, left alone
16:22:19.831  +0133.706s  SET      present lcop_selection_set_tree/Electrical/BLD-EL-Communication Devices  1 condition  2 items  already there, left alone
16:22:19.837  +0133.712s  SET      present lcop_selection_set_tree/Electrical/BLD-EL-Telephone Devices  1 condition  0 items  already there, left alone
16:22:19.840  +0133.715s  SET      present lcop_selection_set_tree/Electrical/BLD-EL-Data Devices  1 condition  8 items  already there, left alone
16:22:19.843  +0133.717s  SETS     1A02BS put into the document: 0 created, 61 already there and left alone
16:22:19.845  +0133.720s  CENSUS   after  SETS  models 6  sets 61  tests 105  results 109  views 136
16:22:19.851  +0133.726s  STEP     SETS          finished 0.245s  0 created, 61 already there, 0 finding items, 0 at zero.
16:22:19.855  +0133.729s  CLASH    1A02BS, 1830 in the file, 1830 to create, 0 skipped before the model
16:22:19.856  +0133.731s  OUTPUTS  workbook on, XML off, HTML on, images on
16:22:19.859  +0133.734s  CLASH    Images on, 1024 by 1024 pixels, New, Active, Reviewed only, no cap per test, linked rather than pasted in.
16:22:19.862  +0133.736s  CLASH    ran against C:\00-NM\Federation Task\C02 + 04\C02\NWF\1104-PAR-1A02BS-ZZZ-BM-MOD-000001.nwf  (6 models loaded)
16:22:19.863  +0133.738s  CLASH    the document measures in ft, every tolerance was converted into it
16:22:19.866  +0133.741s  CLASH    the document holds 61 sets and the tests name 61 sets
16:22:19.869  +0133.743s  CLASH    the document already holds 105 clash tests, they keep their results and are not recreated
16:22:19.871  +0133.746s  CLASH    counted the items of 61 sets for the creation plan in 0.0000239s
16:22:19.874  +0133.749s  CLASH 1830 in the file, 0 created, 1725 not created, a side finds nothing
16:22:19.876  +0133.751s  CLASH    SKIPPED  BLD-AR-Stairs-vs-BLD-AR-Floors  the left side "lcop_selection_set_tree/Architecture/BLD-AR-Stairs" finds nothing in this model, the right finds 12
16:22:19.878  +0133.753s  CLASH    SKIPPED  BLD-AR-Ramps-vs-BLD-AR-Floors  the left side "lcop_selection_set_tree/Architecture/BLD-AR-Ramps" finds nothing in this model, the right finds 12
16:22:19.880  +0133.755s  CLASH    SKIPPED  BLD-AR-Ramps-vs-BLD-AR-Stairs  both sides find nothing in this model, left "lcop_selection_set_tree/Architecture/BLD-AR-Ramps" and right "lcop_selection_set_tree/Architecture/BLD-AR-Stairs"
16:22:19.883  +0133.757s  CLASH    SKIPPED  BLD-AR-Roofs-vs-BLD-AR-Floors  the left side "lcop_selection_set_tree/Architecture/BLD-AR-Roofs" finds nothing in this model, the right finds 12
16:22:19.885  +0133.760s  CLASH    SKIPPED  BLD-AR-Roofs-vs-BLD-AR-Stairs  both sides find nothing in this model, left "lcop_selection_set_tree/Architecture/BLD-AR-Roofs" and right "lcop_selection_set_tree/Architecture/BLD-AR-Stairs"
16:22:19.887  +0133.762s  CLASH    further skips for "a side finds nothing in this model" are counted, not listed. The block at the end carries the total.
16:22:19.920  +0133.794s  CLASH    OLD      BLD-AR-Walls-vs-BLD-AR-Floors  Navisworks has this test marked Old.
16:22:19.922  +0133.797s  STEP     TESTS RUN     started
16:22:19.925  +0133.800s  CENSUS   before TESTS RUN  models 6  sets 61  tests 105  results 109  views 136
16:22:20.144  +0134.019s  CENSUS   after  TESTS RUN  models 6  sets 61  tests 105  results 109  views 136
16:22:20.151  +0134.026s  STEP     TESTS RUN     finished 0.222s  BLD-AR-Walls-vs-BLD-AR-Floors
16:22:21.448  +0135.323s  STEP     HARVEST       started
16:22:21.469  +0135.343s  CENSUS   before HARVEST  models 6  sets 61  tests 105  results 109  views 136
16:22:21.512  +0135.386s  STEP       IMAGES        started
16:22:21.531  +0135.405s  CENSUS   before IMAGES  models 6  sets 61  tests 105  results 109  views 136
16:22:21.579  +0135.453s  CENSUS   after  IMAGES  models 6  sets 61  tests 105  results 109  views 136
16:22:21.585  +0135.460s  STEP       IMAGES        finished 0.067s  BLD-AR-Walls-vs-BLD-AR-Floors
16:22:21.596  +0135.471s  STEP     IMAGES        entered again. Every further visit in this group is counted, not written out
16:22:24.569  +0138.444s  CENSUS   after  HARVEST  models 6  sets 61  tests 105  results 109  views 136
16:22:24.578  +0138.453s  STEP     HARVEST       finished 3.121s  BLD-AR-Walls-vs-BLD-AR-Floors
16:22:24.584  +0138.459s  ROWS     BLD-AR-Walls-vs-BLD-AR-Floors  78 rows for the workbook, 78 clashes in the document, they agree
16:22:24.590  +0138.464s  CLASH    clashes BLD-AR-Walls-vs-BLD-AR-Floors  items 26 v 12  Reviewed 78  0.2s
16:22:24.613  +0138.487s  CLASH    OLD      BLD-AR-Curtain Panels-vs-BLD-AR-Floors  Navisworks has this test marked Old.
16:22:24.617  +0138.491s  STEP     TESTS RUN     entered again. Every further visit in this group is counted, not written out
16:22:24.868  +0138.743s  STEP     HARVEST       entered again. Every further visit in this group is counted, not written out
16:22:24.899  +0138.773s  ROWS     BLD-AR-Curtain Panels-vs-BLD-AR-Floors  0 rows for the workbook, 0 clashes in the document, they agree
16:22:24.904  +0138.779s  CLASH    passed  BLD-AR-Curtain Panels-vs-BLD-AR-Floors  items 8 v 12  none  0.3s
16:22:24.929  +0138.803s  CLASH    OLD      BLD-AR-Curtain Panels-vs-BLD-AR-Walls  Navisworks has this test marked Old.
16:22:25.175  +0139.050s  ROWS     BLD-AR-Curtain Panels-vs-BLD-AR-Walls  0 rows for the workbook, 0 clashes in the document, they agree
16:22:25.181  +0139.055s  CLASH    passed  BLD-AR-Curtain Panels-vs-BLD-AR-Walls  items 8 v 26  none  0.2s
16:22:25.210  +0139.084s  CLASH    OLD      BLD-AR-Curtain Mullions-vs-BLD-AR-Floors  Navisworks has this test marked Old.
16:22:25.520  +0139.395s  ROWS     BLD-AR-Curtain Mullions-vs-BLD-AR-Floors  0 rows for the workbook, 0 clashes in the document, they agree
16:22:25.526  +0139.401s  CLASH    passed  BLD-AR-Curtain Mullions-vs-BLD-AR-Floors  items 23 v 12  none  0.3s
16:22:25.553  +0139.427s  CLASH    OLD      BLD-AR-Curtain Mullions-vs-BLD-AR-Walls  Navisworks has this test marked Old.
16:22:25.789  +0139.665s           every further line of this kind is counted and not written out. The machine readable log carries every one of them
16:22:25.794  +0139.669s  CLASH    passed  BLD-AR-Curtain Mullions-vs-BLD-AR-Walls  items 23 v 26  none  0.2s
16:22:25.818  +0139.692s  CLASH    OLD      BLD-AR-Curtain Mullions-vs-BLD-AR-Curtain Panels  Navisworks has this test marked Old.
16:22:26.256  +0140.130s  CLASH    clashes BLD-AR-Curtain Mullions-vs-BLD-AR-Curtain Panels  items 23 v 8  Reviewed 4  0.2s
16:22:26.284  +0140.158s  CLASH    OLD      BLD-AR-Doors-vs-BLD-AR-Floors  Navisworks has this test marked Old.
16:22:26.520  +0140.395s           every further line of this kind is counted and not written out. The machine readable log carries every one of them
16:22:26.535  +0140.410s  CLASH    OLD      BLD-AR-Doors-vs-BLD-AR-Walls  Navisworks has this test marked Old.
16:22:26.811  +0140.686s  CLASH    clashes BLD-AR-Doors-vs-BLD-AR-Walls  items 2 v 26  Reviewed 1  0.2s
16:22:26.828  +0140.703s  CLASH    OLD      BLD-AR-Doors-vs-BLD-AR-Curtain Panels  Navisworks has this test marked Old.
16:22:27.139  +0141.014s  CLASH    clashes BLD-AR-Doors-vs-BLD-AR-Curtain Panels  items 2 v 8  Active 2  0.2s
16:22:27.171  +0141.046s  CLASH    OLD      BLD-AR-Doors-vs-BLD-AR-Curtain Mullions  Navisworks has this test marked Old.
16:22:27.505  +0141.380s  CLASH    clashes BLD-AR-Doors-vs-BLD-AR-Curtain Mullions  items 2 v 23  Active 2  0.2s
16:22:27.521  +0141.396s  CLASH    OLD      BLD-AR-Furniture-vs-BLD-AR-Floors  Navisworks has this test marked Old.
16:22:27.810  +0141.685s  CLASH    OLD      BLD-AR-Furniture-vs-BLD-AR-Walls  Navisworks has this test marked Old.
16:22:28.141  +0142.016s           every further line of this kind is counted and not written out. The machine readable log carries every one of them
16:22:28.170  +0142.045s  CLASH    OLD      BLD-AR-Furniture-vs-BLD-AR-Curtain Panels  Navisworks has this test marked Old.
16:22:28.405  +0142.280s  CLASH    OLD      BLD-AR-Furniture-vs-BLD-AR-Curtain Mullions  Navisworks has this test marked Old.
16:22:28.652  +0142.527s  CLASH    OLD      BLD-AR-Furniture-vs-BLD-AR-Doors  Navisworks has this test marked Old.
16:22:28.934  +0142.808s  CLASH    OLD      BLD-AR-Site-vs-BLD-AR-Floors  Navisworks has this test marked Old.
16:22:29.199  +0143.073s  CLASH    OLD      BLD-AR-Site-vs-BLD-AR-Walls  Navisworks has this test marked Old.
16:22:29.510  +0143.385s  CLASH    OLD      BLD-AR-Site-vs-BLD-AR-Curtain Panels  Navisworks has this test marked Old.
16:22:29.789  +0143.664s  CLASH    OLD      BLD-AR-Site-vs-BLD-AR-Curtain Mullions  Navisworks has this test marked Old.
16:22:30.172  +0144.047s  CLASH    OLD      BLD-AR-Site-vs-BLD-AR-Doors  Navisworks has this test marked Old.
16:22:30.427  +0144.302s  CLASH    OLD      BLD-AR-Site-vs-BLD-AR-Furniture  Navisworks has this test marked Old.
16:22:30.817  +0144.691s  CLASH    OLD      BLD-EL-Electrical Equipment-vs-BLD-AR-Floors  Navisworks has this test marked Old.
16:22:31.096  +0144.971s  CLASH    OLD      BLD-EL-Electrical Equipment-vs-BLD-AR-Walls  Navisworks has this test marked Old.
16:22:31.347  +0145.222s  CLASH    OLD      BLD-EL-Electrical Equipment-vs-BLD-AR-Curtain Panels  Navisworks has this test marked Old.
16:22:31.596  +0145.471s  CLASH    25 of 105 tests, 24 run, 1725 skipped, 93 clashes so far
16:22:31.600  +0145.474s  CLASH    OLD      BLD-EL-Electrical Equipment-vs-BLD-AR-Curtain Mullions  Navisworks has this test marked Old.
16:22:31.845  +0145.721s  CLASH    OLD      BLD-EL-Electrical Equipment-vs-BLD-AR-Doors  Navisworks has this test marked Old.
16:22:32.111  +0145.985s  CLASH    OLD      BLD-EL-Electrical Equipment-vs-BLD-AR-Furniture  Navisworks has this test marked Old.
16:22:32.391  +0146.266s  CLASH    OLD      BLD-EL-Electrical Equipment-vs-BLD-AR-Site  Navisworks has this test marked Old.
16:22:32.672  +0146.547s  CLASH    OLD      BLD-EL-Electrical Fixtures-vs-BLD-AR-Floors  Navisworks has this test marked Old.
16:22:33.012  +0146.887s  CLASH    OLD      BLD-EL-Electrical Fixtures-vs-BLD-AR-Walls  Navisworks has this test marked Old.
16:22:33.291  +0147.166s  CLASH    OLD      BLD-EL-Electrical Fixtures-vs-BLD-AR-Curtain Panels  Navisworks has this test marked Old.
16:22:33.557  +0147.431s  CLASH    OLD      BLD-EL-Electrical Fixtures-vs-BLD-AR-Curtain Mullions  Navisworks has this test marked Old.
16:22:33.820  +0147.695s  CLASH    OLD      BLD-EL-Electrical Fixtures-vs-BLD-AR-Doors  Navisworks has this test marked Old.
16:22:34.085  +0147.960s  CLASH    OLD      BLD-EL-Electrical Fixtures-vs-BLD-AR-Furniture  Navisworks has this test marked Old.
16:22:34.350  +0148.225s  CLASH    OLD      BLD-EL-Electrical Fixtures-vs-BLD-AR-Site  Navisworks has this test marked Old.
16:22:34.598  +0148.473s  CLASH    OLD      BLD-EL-Electrical Fixtures-vs-BLD-EL-Electrical Equipment  Navisworks has this test marked Old.
16:22:34.851  +0148.725s  CLASH    OLD      BLD-EL-Conduits & Conduit Fittings-vs-BLD-AR-Floors  Navisworks has this test marked Old.
16:22:35.129  +0149.004s  CLASH    OLD      BLD-EL-Conduits & Conduit Fittings-vs-BLD-AR-Walls  Navisworks has this test marked Old.
16:22:35.442  +0149.317s  CLASH    OLD      BLD-EL-Conduits & Conduit Fittings-vs-BLD-AR-Curtain Panels  Navisworks has this test marked Old.
16:22:35.752  +0149.627s  CLASH    OLD      BLD-EL-Conduits & Conduit Fittings-vs-BLD-AR-Curtain Mullions  Navisworks has this test marked Old.
16:22:36.046  +0149.921s  CLASH    OLD      BLD-EL-Conduits & Conduit Fittings-vs-BLD-AR-Doors  Navisworks has this test marked Old.
16:22:36.343  +0150.217s  CLASH    OLD      BLD-EL-Conduits & Conduit Fittings-vs-BLD-AR-Furniture  Navisworks has this test marked Old.
16:22:36.639  +0150.514s  CLASH    OLD      BLD-EL-Conduits & Conduit Fittings-vs-BLD-AR-Site  Navisworks has this test marked Old.
16:22:36.952  +0150.827s  CLASH    OLD      BLD-EL-Conduits & Conduit Fittings-vs-BLD-EL-Electrical Equipment  Navisworks has this test marked Old.
16:22:37.767  +0151.641s  CLASH    OLD      BLD-EL-Conduits & Conduit Fittings-vs-BLD-EL-Electrical Fixtures  Navisworks has this test marked Old.
16:22:38.000  +0151.875s  CLASH    OLD      BLD-EL-Lighting Fixtures-vs-BLD-AR-Floors  Navisworks has this test marked Old.
16:22:38.252  +0152.127s  CLASH    OLD      BLD-EL-Lighting Fixtures-vs-BLD-AR-Walls  Navisworks has this test marked Old.
16:22:38.501  +0152.376s  CLASH    OLD      BLD-EL-Lighting Fixtures-vs-BLD-AR-Curtain Panels  Navisworks has this test marked Old.
16:22:38.786  +0152.660s  CLASH    OLD      BLD-EL-Lighting Fixtures-vs-BLD-AR-Curtain Mullions  Navisworks has this test marked Old.
16:22:39.084  +0152.958s  CLASH    50 of 105 tests, 49 run, 1725 skipped, 105 clashes so far
16:22:39.089  +0152.964s  CLASH    OLD      BLD-EL-Lighting Fixtures-vs-BLD-AR-Doors  Navisworks has this test marked Old.
16:22:39.381  +0153.256s  CLASH    OLD      BLD-EL-Lighting Fixtures-vs-BLD-AR-Furniture  Navisworks has this test marked Old.
16:22:39.679  +0153.553s  CLASH    OLD      BLD-EL-Lighting Fixtures-vs-BLD-AR-Site  Navisworks has this test marked Old.
16:22:39.960  +0153.835s  CLASH    OLD      BLD-EL-Lighting Fixtures-vs-BLD-EL-Electrical Equipment  Navisworks has this test marked Old.
16:22:40.241  +0154.116s  CLASH    OLD      BLD-EL-Lighting Fixtures-vs-BLD-EL-Electrical Fixtures  Navisworks has this test marked Old.
16:22:40.553  +0154.428s  CLASH    OLD      BLD-EL-Lighting Fixtures-vs-BLD-EL-Conduits & Conduit Fittings  Navisworks has this test marked Old.
16:22:40.819  +0154.694s  CLASH    OLD      BLD-EL-Lighting Devices-vs-BLD-AR-Floors  Navisworks has this test marked Old.
16:22:41.099  +0154.974s  CLASH    OLD      BLD-EL-Lighting Devices-vs-BLD-AR-Walls  Navisworks has this test marked Old.
16:22:41.378  +0155.253s  CLASH    OLD      BLD-EL-Lighting Devices-vs-BLD-AR-Curtain Panels  Navisworks has this test marked Old.
16:22:41.648  +0155.522s  CLASH    OLD      BLD-EL-Lighting Devices-vs-BLD-AR-Curtain Mullions  Navisworks has this test marked Old.
16:22:41.914  +0155.789s  CLASH    OLD      BLD-EL-Lighting Devices-vs-BLD-AR-Doors  Navisworks has this test marked Old.
16:22:42.210  +0156.085s  CLASH    OLD      BLD-EL-Lighting Devices-vs-BLD-AR-Furniture  Navisworks has this test marked Old.
16:22:42.474  +0156.348s  CLASH    OLD      BLD-EL-Lighting Devices-vs-BLD-AR-Site  Navisworks has this test marked Old.
16:22:42.739  +0156.614s  CLASH    OLD      BLD-EL-Lighting Devices-vs-BLD-EL-Electrical Equipment  Navisworks has this test marked Old.
16:22:43.022  +0156.897s  CLASH    OLD      BLD-EL-Lighting Devices-vs-BLD-EL-Electrical Fixtures  Navisworks has this test marked Old.
16:22:43.316  +0157.192s  CLASH    OLD      BLD-EL-Lighting Devices-vs-BLD-EL-Conduits & Conduit Fittings  Navisworks has this test marked Old.
16:22:43.598  +0157.473s  CLASH    OLD      BLD-EL-Lighting Devices-vs-BLD-EL-Lighting Fixtures  Navisworks has this test marked Old.
16:22:44.004  +0157.879s  CLASH    OLD      BLD-Security Devices-vs-BLD-AR-Floors  Navisworks has this test marked Old.
16:22:44.302  +0158.176s  CLASH    OLD      BLD-Security Devices-vs-BLD-AR-Walls  Navisworks has this test marked Old.
16:22:44.611  +0158.485s  CLASH    OLD      BLD-Security Devices-vs-BLD-AR-Curtain Panels  Navisworks has this test marked Old.
16:22:44.861  +0158.736s  CLASH    OLD      BLD-Security Devices-vs-BLD-AR-Curtain Mullions  Navisworks has this test marked Old.
16:22:45.128  +0159.003s  CLASH    OLD      BLD-Security Devices-vs-BLD-AR-Doors  Navisworks has this test marked Old.
16:22:45.393  +0159.268s  CLASH    OLD      BLD-Security Devices-vs-BLD-AR-Furniture  Navisworks has this test marked Old.
16:22:45.690  +0159.565s  CLASH    OLD      BLD-Security Devices-vs-BLD-AR-Site  Navisworks has this test marked Old.
16:22:45.989  +0159.863s  CLASH    OLD      BLD-Security Devices-vs-BLD-EL-Electrical Equipment  Navisworks has this test marked Old.
16:22:46.316  +0160.190s  CLASH    75 of 105 tests, 74 run, 1725 skipped, 105 clashes so far
16:22:46.322  +0160.196s  CLASH    OLD      BLD-Security Devices-vs-BLD-EL-Electrical Fixtures  Navisworks has this test marked Old.
16:22:46.640  +0160.515s  CLASH    OLD      BLD-Security Devices-vs-BLD-EL-Conduits & Conduit Fittings  Navisworks has this test marked Old.
16:22:46.940  +0160.814s  CLASH    OLD      BLD-Security Devices-vs-BLD-EL-Lighting Fixtures  Navisworks has this test marked Old.
16:22:47.237  +0161.112s  CLASH    OLD      BLD-Security Devices-vs-BLD-EL-Lighting Devices  Navisworks has this test marked Old.
16:22:47.533  +0161.408s  CLASH    OLD      BLD-EL-Communication Devices-vs-BLD-AR-Floors  Navisworks has this test marked Old.
16:22:47.849  +0161.723s  CLASH    OLD      BLD-EL-Communication Devices-vs-BLD-AR-Walls  Navisworks has this test marked Old.
16:22:48.115  +0161.990s  CLASH    OLD      BLD-EL-Communication Devices-vs-BLD-AR-Curtain Panels  Navisworks has this test marked Old.
16:22:48.393  +0162.268s  CLASH    OLD      BLD-EL-Communication Devices-vs-BLD-AR-Curtain Mullions  Navisworks has this test marked Old.
16:22:48.738  +0162.613s  CLASH    OLD      BLD-EL-Communication Devices-vs-BLD-AR-Doors  Navisworks has this test marked Old.
16:22:49.051  +0162.926s  CLASH    OLD      BLD-EL-Communication Devices-vs-BLD-AR-Furniture  Navisworks has this test marked Old.
16:22:49.395  +0163.270s  CLASH    OLD      BLD-EL-Communication Devices-vs-BLD-AR-Site  Navisworks has this test marked Old.
16:22:49.675  +0163.550s  CLASH    OLD      BLD-EL-Communication Devices-vs-BLD-EL-Electrical Equipment  Navisworks has this test marked Old.
16:22:50.085  +0163.960s  CLASH    OLD      BLD-EL-Communication Devices-vs-BLD-EL-Electrical Fixtures  Navisworks has this test marked Old.
16:22:50.398  +0164.272s  CLASH    OLD      BLD-EL-Communication Devices-vs-BLD-EL-Conduits & Conduit Fittings  Navisworks has this test marked Old.
16:22:50.788  +0164.663s  CLASH    OLD      BLD-EL-Communication Devices-vs-BLD-EL-Lighting Fixtures  Navisworks has this test marked Old.
16:22:51.099  +0164.974s  CLASH    OLD      BLD-EL-Communication Devices-vs-BLD-EL-Lighting Devices  Navisworks has this test marked Old.
16:22:51.474  +0165.348s  CLASH    OLD      BLD-EL-Communication Devices-vs-BLD-Security Devices  Navisworks has this test marked Old.
16:22:51.865  +0165.740s  CLASH    OLD      BLD-EL-Data Devices-vs-BLD-AR-Floors  Navisworks has this test marked Old.
16:22:52.250  +0166.125s  CLASH    OLD      BLD-EL-Data Devices-vs-BLD-AR-Walls  Navisworks has this test marked Old.
16:22:52.602  +0166.477s  CLASH    OLD      BLD-EL-Data Devices-vs-BLD-AR-Curtain Panels  Navisworks has this test marked Old.
16:22:52.957  +0166.832s  CLASH    OLD      BLD-EL-Data Devices-vs-BLD-AR-Curtain Mullions  Navisworks has this test marked Old.
16:22:53.316  +0167.190s  CLASH    OLD      BLD-EL-Data Devices-vs-BLD-AR-Doors  Navisworks has this test marked Old.
16:22:53.628  +0167.503s  CLASH    OLD      BLD-EL-Data Devices-vs-BLD-AR-Furniture  Navisworks has this test marked Old.
16:22:53.947  +0167.822s  CLASH    OLD      BLD-EL-Data Devices-vs-BLD-AR-Site  Navisworks has this test marked Old.
16:22:54.304  +0168.179s  CLASH    OLD      BLD-EL-Data Devices-vs-BLD-EL-Electrical Equipment  Navisworks has this test marked Old.
16:22:54.727  +0168.602s  CLASH    100 of 105 tests, 99 run, 1725 skipped, 109 clashes so far
16:22:54.741  +0168.616s  CLASH    OLD      BLD-EL-Data Devices-vs-BLD-EL-Electrical Fixtures  Navisworks has this test marked Old.
16:22:55.250  +0169.124s  CLASH    OLD      BLD-EL-Data Devices-vs-BLD-EL-Conduits & Conduit Fittings  Navisworks has this test marked Old.
16:22:55.614  +0169.489s  CLASH    OLD      BLD-EL-Data Devices-vs-BLD-EL-Lighting Fixtures  Navisworks has this test marked Old.
16:22:55.920  +0169.794s  CLASH    OLD      BLD-EL-Data Devices-vs-BLD-EL-Lighting Devices  Navisworks has this test marked Old.
16:22:56.246  +0170.121s  CLASH    OLD      BLD-EL-Data Devices-vs-BLD-Security Devices  Navisworks has this test marked Old.
16:22:56.575  +0170.450s  CLASH    105 of 105 tests, 104 run, 1725 skipped, 109 clashes so far
16:22:56.582  +0170.456s  CLASH    OLD      BLD-EL-Data Devices-vs-BLD-EL-Communication Devices  Navisworks has this test marked Old.
16:22:56.859  +0170.734s  TOLERANCE 25 mm chosen in the tool, so it beats both the XML and the document. Set on 105 tests, 0 created fresh and 105 already in the document. 25 mm is 0.082021 ft in this document

================================================================
DRIFT C:\00-NM\Federation Task\C02 + 04\C02\NWF\1104-PAR-1A02BS-ZZZ-BM-MOD-000001.nwf  (6 models loaded)
================================================================
16:22:56.882  +0170.757s  105 tests were already in the document and were compared against the file.
16:22:56.887  +0170.762s  Nothing has drifted. Every one of them matches the file.
16:22:56.893  +0170.768s  PRIORITY 1830 in the file, 1830 tests in this run, 1830 matched, 0 not named by the file

================================================================
PRIORITY 1A02BS
================================================================
16:22:56.917  +0170.791s  PRIORITY clashes by priority, 109 in all
16:22:56.921  +0170.796s           A           : 78
16:22:56.925  +0170.800s           B           : 9
16:22:56.929  +0170.804s           C           : 22
16:22:56.933  +0170.808s           No priority : 0

================================================================
CLASH 1A02BS
================================================================
16:22:56.952  +0170.827s  clashes BLD-AR-Walls-vs-BLD-AR-Floors  items 26 v 12  Reviewed 78  0.2s
16:22:56.956  +0170.831s  clashes BLD-AR-Curtain Mullions-vs-BLD-AR-Curtain Panels  items 23 v 8  Reviewed 4  0.2s
16:22:56.960  +0170.835s  clashes BLD-AR-Doors-vs-BLD-AR-Walls  items 2 v 26  Reviewed 1  0.2s
16:22:56.964  +0170.838s  clashes BLD-AR-Doors-vs-BLD-AR-Curtain Panels  items 2 v 8  Active 2  0.2s
16:22:56.968  +0170.843s  clashes BLD-AR-Doors-vs-BLD-AR-Curtain Mullions  items 2 v 23  Active 2  0.2s
16:22:56.973  +0170.847s  clashes BLD-AR-Furniture-vs-BLD-AR-Walls  items 5 v 26  Active 2  0.2s
16:22:56.977  +0170.851s  clashes BLD-AR-Site-vs-BLD-AR-Curtain Mullions  items 6 v 23  Active 1  0.2s
16:22:56.980  +0170.854s  clashes BLD-AR-Site-vs-BLD-AR-Furniture  items 6 v 5  Active 3  0.2s
16:22:57.052  +0170.927s  clashes BLD-EL-Conduits & Conduit Fittings-vs-BLD-EL-Electrical Equipment  items 62 v 16  Reviewed 12  0.2s
16:22:57.057  +0170.931s  clashes BLD-EL-Communication Devices-vs-BLD-EL-Electrical Equipment  items 2 v 16  Active 2  0.3s
16:22:57.060  +0170.935s  clashes BLD-EL-Communication Devices-vs-BLD-EL-Conduits & Conduit Fittings  items 2 v 62  Active 2  0.2s
16:22:57.064  +0170.938s  PASSED 94 tests, ran and found nothing
16:22:57.067  +0170.942s          passed  BLD-AR-Curtain Panels-vs-BLD-AR-Floors  items 8 v 12  none  0.3s
16:22:57.070  +0170.945s          passed  BLD-AR-Curtain Panels-vs-BLD-AR-Walls  items 8 v 26  none  0.2s
16:22:57.074  +0170.948s          passed  BLD-AR-Curtain Mullions-vs-BLD-AR-Floors  items 23 v 12  none  0.3s
16:22:57.077  +0170.951s          passed  BLD-AR-Curtain Mullions-vs-BLD-AR-Walls  items 23 v 26  none  0.2s
16:22:57.079  +0170.954s          passed  BLD-AR-Doors-vs-BLD-AR-Floors  items 2 v 12  none  0.2s
16:22:57.081  +0170.956s          and 89 more that ran and found nothing, counted and not listed
16:22:57.084  +0170.959s  SKIPPED 1725 tests, a side finds nothing in this model
16:22:57.088  +0170.963s          BLD-AR-Stairs-vs-BLD-AR-Floors  the left side "lcop_selection_set_tree/Architecture/BLD-AR-Stairs" finds nothing in this model, the right finds 12
16:22:57.091  +0170.966s          BLD-AR-Ramps-vs-BLD-AR-Floors  the left side "lcop_selection_set_tree/Architecture/BLD-AR-Ramps" finds nothing in this model, the right finds 12
16:22:57.094  +0170.969s          BLD-AR-Ramps-vs-BLD-AR-Stairs  both sides find nothing in this model, left "lcop_selection_set_tree/Architecture/BLD-AR-Ramps" and right "lcop_selection_set_tree/Architecture/BLD-AR-Stairs"
16:22:57.096  +0170.971s          BLD-AR-Roofs-vs-BLD-AR-Floors  the left side "lcop_selection_set_tree/Architecture/BLD-AR-Roofs" finds nothing in this model, the right finds 12
16:22:57.099  +0170.974s          BLD-AR-Roofs-vs-BLD-AR-Stairs  both sides find nothing in this model, left "lcop_selection_set_tree/Architecture/BLD-AR-Roofs" and right "lcop_selection_set_tree/Architecture/BLD-AR-Stairs"
16:22:57.102  +0170.977s          and 1720 more skipped for the same reason, counted and not listed
16:22:57.105  +0170.980s  
16:22:57.108  +0170.983s  ran against       : C:\00-NM\Federation Task\C02 + 04\C02\NWF\1104-PAR-1A02BS-ZZZ-BM-MOD-000001.nwf  (6 models loaded)
16:22:57.111  +0170.986s  tests in the file : 1830
16:22:57.114  +0170.989s  tests created     : 0
16:22:57.118  +0170.993s  already there     : 105, left alone with their results
16:22:57.121  +0170.996s  tests skipped     : 1725, not run and not passed
16:22:57.125  +0171.000s       1725  a side finds nothing in this model
16:22:57.128  +0171.003s  tests run         : 105
16:22:57.132  +0171.007s      passed        : 94, ran and found nothing
16:22:57.136  +0171.011s      with clashes  : 11
16:22:57.140  +0171.015s  clashes found     : 109
16:22:57.144  +0171.019s      New       : 0
16:22:57.148  +0171.023s      Active    : 14
16:22:57.154  +0171.028s      Reviewed  : 95
16:22:57.159  +0171.034s      Approved  : 0
16:22:57.166  +0171.041s      Resolved  : 0
16:22:57.229  +0171.103s  clash step took   : 37.0 seconds

================================================================
PENETRATION 1A02BS
================================================================
16:22:57.248  +0171.122s  
16:22:57.251  +0171.126s  clashes looked at : 109
16:22:57.255  +0171.129s  moved to Reviewed : 0
16:22:57.258  +0171.133s          0  the service is over the size, left alone
16:22:57.262  +0171.136s          0  no size could be read off the service, left alone
16:22:57.265  +0171.140s          0  a person had already set it, left alone
16:22:57.269  +0171.144s          0  both sides a service, left alone
16:22:57.273  +0171.147s         78  both sides a solid, left alone
16:22:57.276  +0171.151s         31  not a service against a solid, left alone
16:22:57.280  +0171.155s  the size in use   : 150mm or under is a penetration, over it stays as it was
16:22:57.284  +0171.158s  Nothing moved. Every clash is exactly as it was.

================================================================
BY DESIGN 1A02BS
================================================================
16:22:57.300  +0171.175s  
16:22:57.304  +0171.178s  clashes looked at : 109
16:22:57.307  +0171.182s  moved to Reviewed : 0
16:22:57.311  +0171.185s         14  the two sets are not a pair in the file
16:22:57.315  +0171.190s         95  already Reviewed, Approved or Resolved, so somebody decided and it stands
16:22:57.319  +0171.194s          0  the penetration rule already asked for this one, so it moved there
16:22:57.325  +0171.199s          0  a side of the test named no set, so there was no pair to look for
16:22:57.330  +0171.204s  Nothing moved. Every clash is exactly as it was.

================================================================
ITEM IDS 1A02BS
================================================================
16:22:57.415  +0171.289s  Id supplied 218 item ids of 218, written as "Element ID"
16:22:57.441  +0171.315s  IMAGES   numbered in report order: 17 renamed, 92 already right, 0 missing
16:22:57.447  +0171.322s  IMAGES   109 written, 7.15 MB, 3.3 seconds in total.
16:22:57.453  +0171.327s           0.030 seconds each on average, quickest 0.022, slowest 0.081.
16:22:57.458  +0171.332s           67 KB each on average.
16:22:57.462  +0171.337s  CLASH    1A02BS finished. 0 created, 105 already there, 105 run, 94 passed, 1725 skipped, 109 clashes in 37.0s.
16:22:57.467  +0171.341s  STEP     VIEWS         started
16:22:57.473  +0171.347s  CENSUS   before VIEWS  models 6  sets 61  tests 105  results 109  views 136
16:22:59.482  +0173.357s  VIEWS    the model each clash item lives in was read for 109 of 109 clash(es) in scope
16:22:59.498  +0173.374s  VIEWS    both clashing items were pointed at for 109 of 109 clash(es) in scope
16:22:59.570  +0173.445s  CENSUS   after  VIEWS  models 6  sets 61  tests 105  results 109  views 136
16:22:59.580  +0173.455s  STEP     VIEWS         finished 2.103s  0 created, 101 already there.

================================================================
VIEWS 1A02BS
================================================================
16:22:59.614  +0173.488s  clashes looked at : 109
16:22:59.618  +0173.493s  viewpoints planned: 101
16:22:59.625  +0173.499s          0  Approved or Resolved, so nobody is looking at it
16:22:59.630  +0173.505s          8  a service at or under the threshold, which is a penetration and not a coordination item
16:22:59.636  +0173.510s  size could not be read : 0, every one of them is in its pair folder and none was dropped
16:22:59.641  +0173.515s  a set name with no code this tool knows : 0, every one of them is in a folder saying UNKNOWN and none was guessed at

================================================================
VIEWS BUILT 1A02BS
================================================================
16:22:59.669  +0173.543s  VIEW     A/AR vs AR/BLD-AR-Walls-vs-BLD-AR-Floors  Clash1  already there, left alone, not made again
16:22:59.674  +0173.548s  VIEW     A/AR vs AR/BLD-AR-Walls-vs-BLD-AR-Floors  Clash2  already there, left alone, not made again
16:22:59.678  +0173.553s  VIEW     A/AR vs AR/BLD-AR-Walls-vs-BLD-AR-Floors  Clash3  already there, left alone, not made again
16:22:59.684  +0173.559s  VIEW     A/AR vs AR/BLD-AR-Walls-vs-BLD-AR-Floors  Clash4  already there, left alone, not made again
16:22:59.690  +0173.564s  VIEW     A/AR vs AR/BLD-AR-Walls-vs-BLD-AR-Floors  Clash5  already there, left alone, not made again
16:22:59.695  +0173.570s  VIEW     and 96 more created or already there, counted and not listed
16:22:59.701  +0173.575s  
16:22:59.706  +0173.580s  views created     : 0
16:22:59.712  +0173.586s  already there     : 101, left alone, not made again
16:22:59.717  +0173.592s  put into the document: 0 created, 101 already there and left alone
16:22:59.724  +0173.598s  STEP     NWF SAVE      started
16:22:59.731  +0173.605s  CENSUS   before NWF SAVE  models 6  sets 61  tests 105  results 109  views 136
16:22:59.767  +0173.642s  NWF      attempt  C:\00-NM\Federation Task\C02 + 04\C02\NWF\1104-PAR-1A02BS-ZZZ-BM-MOD-000001.nwf
16:22:59.995  +0173.870s  NWF      written  C:\00-NM\Federation Task\C02 + 04\C02\NWF\1104-PAR-1A02BS-ZZZ-BM-MOD-000001.nwf  1,296,725 bytes
16:23:00.002  +0173.877s  CENSUS   after  NWF SAVE  models 6  sets 61  tests 105  results 109  views 136
16:23:00.112  +0173.987s  STEP     NWF SAVE      finished 0.278s  saved 1296725 bytes
16:23:00.117  +0173.991s  UNITS    every number converted from ft to m, one ft is 0.3048 m, 1830 tests and 109 rows. The report is written in Meters (m)
16:23:00.121  +0173.995s  STEP     WORKBOOK      started
16:23:00.126  +0174.000s  CENSUS   before WORKBOOK  models 6  sets 61  tests 105  results 109  views 136
16:23:00.160  +0174.035s  XLSX     attempt  C:\00-NM\Federation Task\C02 + 04\C02\Clash Report\1104-PAR-1A02BS-ZZZ-BM-MOD-000001.xlsx
16:23:14.049  +0187.924s  XLSX     written  C:\00-NM\Federation Task\C02 + 04\C02\Clash Report\1104-PAR-1A02BS-ZZZ-BM-MOD-000001.xlsx  487,767 bytes

================================================================
WORKBOOK CHECK 1A02BS
================================================================
16:23:15.093  +0188.968s  CHECK    1 sheet, "1104-PAR-1A02BS-ZZZ-BM-MOD-0000", 1830 test blocks, 109 clash rows.
16:23:15.097  +0188.972s           the first blocks hold 0, 0, 0, 0, 0, 0, 0, 0 and so on.
16:23:15.102  +0188.976s           Every column, value shape, fill, border, row height and column width matches the client's report, and the blocks are in their order.
16:23:15.107  +0188.981s           Not compared: the font, the sheet name, freeze panes, print setup, merged ranges, and whether a value is true. See docs\history\scan.md 4q.
16:23:15.111  +0188.985s           The client column set was read from clash_report_html_tabular.xsl in the Navisworks install and from the exports in samples\client-report, never from a list typed into this tool.
16:23:15.115  +0188.990s  BLOCKS   1830 in the workbook, one for every test in the file
16:23:15.221  +0189.096s  CENSUS   after  WORKBOOK  models 6  sets 61  tests 105  results 109  views 136
16:23:15.232  +0189.107s  STEP     WORKBOOK      finished 15.100s  wrote 487767 bytes
16:23:15.240  +0189.114s  STEP     HTML          started
16:23:15.247  +0189.121s  CENSUS   before HTML  models 6  sets 61  tests 105  results 109  views 136
16:23:15.284  +0189.158s  HTML     attempt  C:\00-NM\Federation Task\C02 + 04\C02\Clash Report\1104-PAR-1A02BS-ZZZ-BM-MOD-000001.html
16:23:15.291  +0189.166s  LOGO     C:\Program Files\Autodesk\Navisworks Manage 2025\Images\logo.jpg copied into C:\00-NM\Federation Task\C02 + 04\C02\Clash Report\1104-PAR-1A02BS-ZZZ-BM-MOD-000001_files
16:23:15.449  +0189.323s  HTML     written  C:\00-NM\Federation Task\C02 + 04\C02\Clash Report\1104-PAR-1A02BS-ZZZ-BM-MOD-000001.html  3,972,854 bytes

================================================================
REPORT CHECK 1A02BS
================================================================
16:23:15.676  +0189.550s  CHECK    109 clash rows on the page.
16:23:15.680  +0189.554s           Item ID filled on 109 of 109 for item 1 and 109 of 109 for item 2.
16:23:15.684  +0189.558s           the first one reads Element ID: 1598737
16:23:15.686  +0189.561s           no column the client's report does not have.
16:23:15.691  +0189.565s           the tolerance cell reads 0.025m
16:23:15.694  +0189.569s           109 picture references, 109 with a backslash, 109 on disk.
16:23:15.698  +0189.572s           the logo is 1104-PAR-1A02BS-ZZZ-BM-MOD-000001_files\logo.jpg and it is on disk.
16:23:15.701  +0189.575s           The tests are in the wrong order. Block 15 holds 0 clashes and block 16 holds 78. The client's report puts the most clashes first, so a reader is not scrolling past empty tests.
16:23:15.704  +0189.579s           The client column set was read from clash_report_html_tabular.xsl in the Navisworks install and from the exports in samples\client-report, never from a list typed into this tool.
16:23:15.721  +0189.596s  CENSUS   after  HTML  models 6  sets 61  tests 105  results 109  views 136
16:23:15.731  +0189.605s  STEP     HTML          finished 0.481s  wrote 3972854 bytes
16:23:15.736  +0189.610s  XML      skipped  not wanted this run
16:23:15.741  +0189.616s  STEP     NWD           started
16:23:15.748  +0189.622s  CENSUS   before NWD  models 6  sets 61  tests 105  results 109  views 136
16:23:15.784  +0189.659s  NWD      attempt  C:\00-NM\Federation Task\C02 + 04\C02\NWD\1104-PAR-1A02BS-ZZZ-BM-MOD-000001.nwd
16:23:15.790  +0189.665s  NWD      publish properties set: Title=1104-PAR-1A02BS-ZZZ-BM-MOD-000001, Publisher=Parsons NWC Federator, Subject=Federation of building 1A02BS, Author=bader, AllowResave=true, EmbedDatabaseProperties=true, PreventObjectPropertyExport=false
16:23:16.186  +0190.060s  NWD      written  C:\00-NM\Federation Task\C02 + 04\C02\NWD\1104-PAR-1A02BS-ZZZ-BM-MOD-000001.nwd  2,781,933 bytes
16:23:16.194  +0190.068s  CENSUS   after  NWD  models 6  sets 61  tests 105  results 109  views 136
16:23:16.203  +0190.078s  STEP     NWD           finished 0.452s  published 2781933 bytes
16:23:16.211  +0190.086s  STEP     CONFIRM       started
16:23:16.219  +0190.093s  CENSUS   before CONFIRM  models 6  sets 61  tests 105  results 109  views 136
16:23:16.249  +0190.124s  NWF      intact   C:\00-NM\Federation Task\C02 + 04\C02\NWF\1104-PAR-1A02BS-ZZZ-BM-MOD-000001.nwf  1,296,725 bytes, unchanged by publishing the NWD
16:23:16.260  +0190.134s  CENSUS   after  CONFIRM  models 6  sets 61  tests 105  results 109  views 136
16:23:16.278  +0190.152s  STEP     CONFIRM       finished 0.047s  the NWF is 1296725 bytes

================================================================
GAP 1A02BS
================================================================
16:23:16.326  +0190.200s  4 numbers are measured off every item and reach no output. Nothing here is a fault and nothing acts on it
16:23:16.333  +0190.207s  Family              218 of 218 item cells carry it  it would belong in a workbook column of ours, which is Q25
16:23:16.340  +0190.214s  Type Name           218 of 218 item cells carry it  it would belong in a workbook column of ours, which is Q25
16:23:16.348  +0190.222s  Material            192 of 218 item cells carry it  it would belong in a workbook column of ours, which is Q25
16:23:16.356  +0190.230s  Id From             218 of 218 item cells carry it  the ITEM IDS block counts it per property and no output names it per item
16:23:16.524  +0190.398s  STEP     TESTS RUN     105 visits, 25.851s in total
16:23:16.530  +0190.404s  STEP     HARVEST       105 visits, 6.308s in total
16:23:16.536  +0190.411s  STEP     IMAGES        109 visits, 3.301s in total
16:23:16.545  +0190.420s  CENSUS   cost 0.012s over 24 counts in this group. That is inside the 1.000s a group is allowed
16:23:16.551  +0190.425s  GROUP    finished 1A02BS  DONE  58.112s  Weekly run plus XML

================================================================
TIMING 1A02BS
================================================================
16:23:16.576  +0190.451s  TESTS RUN                25.851s   44.5%  105 visits
16:23:16.581  +0190.455s  WORKBOOK                 15.100s   26.0%
16:23:16.586  +0190.460s  HARVEST                   6.308s   10.9%  105 visits
16:23:16.591  +0190.465s  VIEWS                     2.103s    3.6%
16:23:16.595  +0190.470s  DECIDE                    0.899s    1.5%
16:23:16.601  +0190.475s  HTML                      0.481s    0.8%
16:23:16.606  +0190.481s  NWD                       0.452s    0.8%
16:23:16.612  +0190.487s  NWF SAVE                  0.278s    0.5%
16:23:16.617  +0190.492s  SETS                      0.245s    0.4%
16:23:16.622  +0190.497s  UNITS                     0.074s    0.1%
16:23:16.627  +0190.501s  CONFIRM                   0.047s    0.1%
16:23:16.631  +0190.506s  outside every step        6.275s   10.8%
16:23:16.636  +0190.511s  
16:23:16.641  +0190.516s  group total              58.112s
16:23:16.646  +0190.520s  outside every step is the work between them and the work nothing times yet
16:23:16.650  +0190.525s  
16:23:16.655  +0190.530s  inside another step, so these seconds are already counted above
16:23:16.660  +0190.535s  IMAGES                    3.301s    5.7%  109 visits
16:23:16.691  +0190.566s  GROUP    started  1A02MM  4 files
                          file     : C:\00-NM\Federation Task\C02 + 04\C02\NWC\1104-PAR-1A02MM-ZZZ-AR-MOD-000001.nwc
                          file     : C:\00-NM\Federation Task\C02 + 04\C02\NWC\1104-PAR-1A02MM-ZZZ-EL-MOD-000001.nwc
                          file     : C:\00-NM\Federation Task\C02 + 04\C02\NWC\1104-PAR-1A02MM-ZZZ-ME-MOD-000001.nwc
                          file     : C:\00-NM\Federation Task\C02 + 04\C02\NWC\1104-PAR-1A02MM-ZZZ-ST-MOD-000001.nwc
16:23:16.808  +0190.682s  CLEAR    the document, at the top of 1A02MM, before Decide
16:23:16.856  +0190.730s  CENSUS CLEAR  the document was emptied and every count read zero
16:23:16.862  +0190.737s  STEP     DECIDE        started
16:23:16.869  +0190.743s  CENSUS   before DECIDE  models 0  sets 0  tests 0  results 0  views 0
16:23:16.925  +0190.800s  OPEN     reading the file list out of C:\00-NM\Federation Task\C02 + 04\C02\NWF\1104-PAR-1A02MM-ZZZ-BM-MOD-000001.nwf
16:23:19.474  +0193.348s  LOADING  the NWF reported 4 models after 0.890s, steady over 3 reads 0.250s apart, over 3 readings in all
16:23:19.478  +0193.353s  LOADING  the scene loaded event fired 4 times, first at 0.0s and last at 0.1s after the open began, and the open returned at 1.7s
16:23:19.483  +0193.358s           holds   C:\00-NM\Federation Task\C02 + 04\C02\NWC\1104-PAR-1A02MM-ZZZ-AR-MOD-000001.nwc   [source Autodesk Docs://KSA_New Murabba/1104-PAR-1A02MM-ZZZ-AR-MOD-000001.rvt, file C:\00-NM\Federation Task\C02 + 04\C02\NWC\1104-PAR-1A02MM-ZZZ-AR-MOD-000001.nwc]
16:23:19.489  +0193.364s           holds   C:\00-NM\Federation Task\C02 + 04\C02\NWC\1104-PAR-1A02MM-ZZZ-EL-MOD-000001.nwc   [source Autodesk Docs://KSA_New Murabba/1104-PAR-1A02MM-ZZZ-EL-MOD-000001.rvt, file C:\00-NM\Federation Task\C02 + 04\C02\NWC\1104-PAR-1A02MM-ZZZ-EL-MOD-000001.nwc]
16:23:19.495  +0193.369s           holds   C:\00-NM\Federation Task\C02 + 04\C02\NWC\1104-PAR-1A02MM-ZZZ-ME-MOD-000001.nwc   [source Autodesk Docs://KSA_New Murabba/1104-PAR-1A02MM-ZZZ-ME-MOD-000001.rvt, file C:\00-NM\Federation Task\C02 + 04\C02\NWC\1104-PAR-1A02MM-ZZZ-ME-MOD-000001.nwc]
16:23:19.499  +0193.374s           holds   C:\00-NM\Federation Task\C02 + 04\C02\NWC\1104-PAR-1A02MM-ZZZ-ST-MOD-000001.nwc   [source Autodesk Docs://KSA_New Murabba/1104-PAR-1A02MM-ZZZ-ST-MOD-000001.rvt, file C:\00-NM\Federation Task\C02 + 04\C02\NWC\1104-PAR-1A02MM-ZZZ-ST-MOD-000001.nwc]
16:23:19.509  +0193.384s  CENSUS   after  DECIDE  models 4  sets 62  tests 1830  results 526  views 500
16:23:19.518  +0193.393s  STEP     DECIDE        finished 2.642s  Weekly run plus XML
16:23:19.525  +0193.400s  OPENED   C:\00-NM\Federation Task\C02 + 04\C02\NWF\1104-PAR-1A02MM-ZZZ-BM-MOD-000001.nwf
16:23:19.529  +0193.404s           the file list matches the scan, 4 files, so it was not cleared and nothing was re-appended
16:23:19.534  +0193.409s  NWF      reused   C:\00-NM\Federation Task\C02 + 04\C02\NWF\1104-PAR-1A02MM-ZZZ-BM-MOD-000001.nwf  24,642,386 bytes
16:23:19.538  +0193.412s  STEP     UNITS         started
16:23:19.548  +0193.422s  CENSUS   before UNITS  models 4  sets 62  tests 1830  results 526  views 500
16:23:19.568  +0193.443s  UNITS    the document is in Feet (ft) and the report needs Meters (m). Setting every model.
16:23:19.580  +0193.454s  UNITS    4 models set, 0 that would not, document shows Feet (ft). Every report number is converted to Meters (m) before it is written, so the report is metric whatever this says.
16:23:19.597  +0193.472s  CENSUS   after  UNITS  models 4  sets 62  tests 1830  results 526  views 500
16:23:19.612  +0193.487s  STEP     UNITS         finished 0.047s  the document was asked for Meters

================================================================
ALIGNMENT 1A02MM
================================================================
16:23:19.689  +0193.563s  AR  1104-PAR-1A02MM-ZZZ-AR-MOD-000001.nwc is the reference
16:23:19.693  +0193.568s     AR  1104-PAR-1A02MM-ZZZ-AR-MOD-000001.nwc   reference, shared coordinate "SWLS-02-SharedCoordinate"
16:23:19.697  +0193.572s     EL  1104-PAR-1A02MM-ZZZ-EL-MOD-000001.nwc   DIFFERENT  dx 0 mm  dy 0 mm  dz 95 mm, shared coordinate "LTB2"
16:23:19.701  +0193.576s        ask the EL originator to re-export on the project shared coordinates
16:23:19.705  +0193.579s     ME  1104-PAR-1A02MM-ZZZ-ME-MOD-000001.nwc   DIFFERENT  dx 0 mm  dy 0 mm  dz 5 mm, shared coordinate "PW3_Shared_Location"
16:23:19.708  +0193.583s        ask the ME originator to re-export on the project shared coordinates
16:23:19.712  +0193.587s     ST  1104-PAR-1A02MM-ZZZ-ST-MOD-000001.nwc   DIFFERENT  dx 0 mm  dy 0 mm  dz 77.5 mm, shared coordinate "Internal"
16:23:19.715  +0193.590s        ask the ST originator to re-export on the project shared coordinates
16:23:19.719  +0193.594s  3 of 4 model(s) sit somewhere the reference does not. Nothing is changed and the run goes on.
16:23:19.723  +0193.598s  this group names 4 different shared coordinates: Internal, LTB2, PW3_Shared_Location, SWLS-02-SharedCoordinate
16:23:19.726  +0193.601s  1 model(s) name their site "Internal", which is what Revit calls a model that was not exported on a shared site at all
16:23:19.729  +0193.605s  THIS GROUP IS FAILED. 1 model(s) were exported on Revit's internal origin and not on a shared site, which puts them in a different coordinate system from the rest of the group: ST  1104-PAR-1A02MM-ZZZ-ST-MOD-000001.nwc. Every output of this group was still written, so the evidence is there to send.

================================================================
EXPORT CHECK 1A02MM
================================================================
16:23:19.792  +0193.667s     AR  1104-PAR-1A02MM-ZZZ-AR-MOD-000001.nwc   elements 86   worksets 2   element id 100%
16:23:19.797  +0193.671s     EL  1104-PAR-1A02MM-ZZZ-EL-MOD-000001.nwc   elements 308   worksets 9   element id 100%
16:23:19.802  +0193.676s     ME  1104-PAR-1A02MM-ZZZ-ME-MOD-000001.nwc   elements 236   worksets 6   element id 100%
16:23:19.806  +0193.680s     ST  1104-PAR-1A02MM-ZZZ-ST-MOD-000001.nwc   elements 53   worksets 2   element id 100%
16:23:19.810  +0193.685s  all 4 model(s) carry a workset on every element and an element id on every element
16:23:19.815  +0193.690s  worksets seen: AR-EXTERIOR, AR-INTERIOR, EL-Lightning Protection, EL-Fire Alarm, EL-Power, EL-Lighting, EV-Cctv System, EV-Access Control, EL-Containment, EV-IT, and 9 more, counted and not listed
16:23:19.821  +0193.696s     check these against the workset each set in the matrix asks for. The match is CASE SENSITIVE, so ME-Ductwork does not match ME-DUCTWORK and that set finds nothing
16:23:19.827  +0193.701s  3 pair(s) of workset names are close enough to be one word typed twice. NOTHING IS MERGED: a person reads these and fixes the models, because two of them in this project are real worksets one letter apart and no rule can tell which is which
16:23:19.831  +0193.706s     "AR-EXTERIOR" in 1104-PAR-1A02MM-ZZZ-AR-MOD-000001.nwc   against   "AR-INTERIOR" in 1104-PAR-1A02MM-ZZZ-AR-MOD-000001.nwc   ONE OR TWO LETTERS APART, so this may be a typo
16:23:19.835  +0193.710s     "EL-Lightining Protection" in 1104-PAR-1A02MM-ZZZ-EL-MOD-000001.nwc   against   "EL-Lightning Protection" in 1104-PAR-1A02MM-ZZZ-EL-MOD-000001.nwc   ONE OR TWO LETTERS APART, so this may be a typo
16:23:19.839  +0193.714s     "ST-SUB" in 1104-PAR-1A02MM-ZZZ-ST-MOD-000001.nwc   against   "ST-SUP" in 1104-PAR-1A02MM-ZZZ-ST-MOD-000001.nwc   ONE OR TWO LETTERS APART, so this may be a typo
16:23:19.849  +0193.723s  CLASH    source   tests from XML, the picked file holds 61 sets and 1830 tests
16:23:19.910  +0193.785s  STEP     SETS          started
16:23:19.920  +0193.795s  CENSUS   before SETS  models 4  sets 62  tests 1830  results 526  views 500
16:23:19.966  +0193.841s  SETS     1A02MM, 61 to build, 0 skipped
16:23:19.972  +0193.847s  SET      ran against C:\00-NM\Federation Task\C02 + 04\C02\NWF\1104-PAR-1A02MM-ZZZ-BM-MOD-000001.nwf  (4 models loaded)
16:23:19.978  +0193.853s  SET      present lcop_selection_set_tree/Architecture/BLD-AR-Floors  2 conditions  4 items  already there, left alone
16:23:19.985  +0193.859s  SET      present lcop_selection_set_tree/Architecture/BLD-AR-Stairs  2 conditions  0 items  already there, left alone
16:23:19.990  +0193.865s  SET      present lcop_selection_set_tree/Architecture/BLD-AR-Ramps  1 condition  0 items  already there, left alone
16:23:20.001  +0193.875s  SET      present lcop_selection_set_tree/Architecture/BLD-AR-Roofs  1 condition  0 items  already there, left alone
16:23:20.010  +0193.884s  SET      present lcop_selection_set_tree/Architecture/BLD-AR-Ceilings  1 condition  0 items  already there, left alone
16:23:20.019  +0193.893s  SET      present lcop_selection_set_tree/Architecture/BLD-AR-Columns  1 condition  0 items  already there, left alone
16:23:20.027  +0193.902s  SET      present lcop_selection_set_tree/Architecture/BLD-AR-Walls  2 conditions  75 items  already there, left alone
16:23:20.036  +0193.910s  SET      present lcop_selection_set_tree/Architecture/BLD-AR-Windows  1 condition  0 items  already there, left alone
16:23:20.043  +0193.918s  SET      present lcop_selection_set_tree/Architecture/BLD-AR-Curtain Panels  1 condition  0 items  already there, left alone
16:23:20.050  +0193.925s  SET      present lcop_selection_set_tree/Architecture/BLD-AR-Curtain Mullions  1 condition  0 items  already there, left alone
16:23:20.056  +0193.931s  SET      present lcop_selection_set_tree/Architecture/BLD-AR-Doors  1 condition  6 items  already there, left alone
16:23:20.062  +0193.937s  SET      present lcop_selection_set_tree/Architecture/BLD-AR-Casework  1 condition  0 items  already there, left alone
16:23:20.069  +0193.943s  SET      present lcop_selection_set_tree/Architecture/BLD-AR-Furniture  1 condition  0 items  already there, left alone
16:23:20.077  +0193.952s  SET      present lcop_selection_set_tree/Architecture/BLD-AR-Parking  1 condition  0 items  already there, left alone
16:23:20.086  +0193.960s  SET      present lcop_selection_set_tree/Architecture/BLD-AR-Railings  1 condition  0 items  already there, left alone
16:23:20.093  +0193.968s  SET      present lcop_selection_set_tree/Architecture/BLD-AR-Site  1 condition  0 items  already there, left alone
16:23:20.101  +0193.977s  SET      present lcop_selection_set_tree/Structure/BLD-ST-Foundation  1 condition  11 items  already there, left alone
16:23:20.112  +0193.987s  SET      present lcop_selection_set_tree/Structure/BLD-ST-Columns  1 condition  9 items  already there, left alone
16:23:20.123  +0193.997s  SET      present lcop_selection_set_tree/Structure/BLD-ST-Framing  1 condition  26 items  already there, left alone
16:23:20.133  +0194.008s  SET      present lcop_selection_set_tree/Structure/BLD-ST-Walls  2 conditions  4 items  already there, left alone
16:23:20.143  +0194.018s  SET      present lcop_selection_set_tree/Structure/BLD-ST-Floors  2 conditions  2 items  already there, left alone
16:23:20.154  +0194.029s  SET      present lcop_selection_set_tree/Structure/BLD-ST-Stair  2 conditions  0 items  already there, left alone
16:23:20.165  +0194.040s  SET      present lcop_selection_set_tree/Mechanical/Mechanical-HVAC/BLD-ME-Ducts&Duct Fittings  4 conditions  0 items  already there, left alone
16:23:20.176  +0194.051s  SET      present lcop_selection_set_tree/Mechanical/Mechanical-HVAC/BLD-ME-Duct Accessory  2 conditions  0 items  already there, left alone
16:23:20.269  +0194.143s  SET      present lcop_selection_set_tree/Mechanical/Mechanical-HVAC/BLD-ME-Mechanical Equipment  2 conditions  0 items  already there, left alone
16:23:20.279  +0194.153s  SET      present lcop_selection_set_tree/Mechanical/Mechanical-HVAC/BLD-ME-Flex Ducts  2 conditions  0 items  already there, left alone
16:23:20.290  +0194.164s  SET      present lcop_selection_set_tree/Mechanical/Mechanical-HVAC/BLD-ME-Air Terminals  2 conditions  0 items  already there, left alone
16:23:20.303  +0194.177s  SET      present lcop_selection_set_tree/Mechanical/Mechanical-HVAC/BLD-ME-Pipes&Pipe Fittings  4 conditions  0 items  already there, left alone
16:23:20.313  +0194.187s  SET      present lcop_selection_set_tree/Mechanical/Mechanical-HVAC/BLD-ME-Pipe Accessories  2 conditions  0 items  already there, left alone
16:23:20.322  +0194.196s  SET      present lcop_selection_set_tree/Mechanical/Mechanical-HVAC/BLD-ME-Plumbing Fixtures  2 conditions  0 items  already there, left alone
16:23:20.331  +0194.205s  SET      present lcop_selection_set_tree/Mechanical/Mechanical-HVAC/BLD-ME-Flex Pipes  2 conditions  0 items  already there, left alone
16:23:20.339  +0194.213s  SET      present lcop_selection_set_tree/Mechanical/Mechanical-Fire Fighting/BLD-FF-Mechanical Equipment  2 conditions  0 items  already there, left alone
16:23:20.348  +0194.223s  SET      present lcop_selection_set_tree/Mechanical/Mechanical-Fire Fighting/BLD-FF-Pipes & Pipe Fittings  4 conditions  0 items  already there, left alone
16:23:20.357  +0194.232s  SET      present lcop_selection_set_tree/Mechanical/Mechanical-Fire Fighting/BLD-FF-Pipe Accessories  2 conditions  0 items  already there, left alone
16:23:20.365  +0194.240s  SET      present lcop_selection_set_tree/Mechanical/Mechanical-Fire Fighting/BLD-FF-Pipe Insulations  2 conditions  0 items  already there, left alone
16:23:20.374  +0194.249s  SET      present lcop_selection_set_tree/Mechanical/Mechanical-Fire Fighting/BLD-FF-Plumbing Fixtures  2 conditions  0 items  already there, left alone
16:23:20.382  +0194.257s  SET      present lcop_selection_set_tree/Mechanical/Mechanical-Fire Fighting/BLD-FF-Sprinklers  2 conditions  0 items  already there, left alone
16:23:20.389  +0194.264s  SET      present lcop_selection_set_tree/Mechanical/Mechanical-Water Supply/BLD-PL-Mechanical Equipment  2 conditions  0 items  already there, left alone
16:23:20.398  +0194.273s  SET      present lcop_selection_set_tree/Mechanical/Mechanical-Water Supply/BLD-PL-Pipes & Pipe Fittings  4 conditions  0 items  already there, left alone
16:23:20.407  +0194.282s  SET      present lcop_selection_set_tree/Mechanical/Mechanical-Water Supply/BLD-PL-Pipe Accessories  2 conditions  0 items  already there, left alone
16:23:20.416  +0194.291s  SET      present lcop_selection_set_tree/Mechanical/Mechanical-Water Supply/BLD-PL-Pipe Insulations  2 conditions  0 items  already there, left alone
16:23:20.427  +0194.302s  SET      present lcop_selection_set_tree/Mechanical/Mechanical-Water Supply/BLD-PL-Plumbing Fixtures  2 conditions  0 items  already there, left alone
16:23:20.438  +0194.312s  SET      present lcop_selection_set_tree/Mechanical/Mechanical-Drainage/BLD-DR-Mechanical Equipment  2 conditions  0 items  already there, left alone
16:23:20.455  +0194.330s  SET      present lcop_selection_set_tree/Mechanical/Mechanical-Drainage/BLD-DR-Pipes & Pipe Fittings  4 conditions  33 items  already there, left alone
16:23:20.464  +0194.339s  SET      present lcop_selection_set_tree/Mechanical/Mechanical-Drainage/BLD-DR-Pipe Accessories  2 conditions  0 items  already there, left alone
16:23:20.472  +0194.347s  SET      present lcop_selection_set_tree/Mechanical/Mechanical-Drainage/BLD-DR-Pipe Insulations  2 conditions  0 items  already there, left alone
16:23:20.479  +0194.354s  SET      present lcop_selection_set_tree/Mechanical/Mechanical-Drainage/BLD-DR-Plumbing Fixtures  2 conditions  3 items  already there, left alone
16:23:20.487  +0194.362s  SET      present lcop_selection_set_tree/Electrical/BLD-EL-Cable Tray&Cable Tray Fittings  1 condition  39 items  already there, left alone
16:23:20.494  +0194.369s  SET      present lcop_selection_set_tree/Electrical/BLD-EL-Electrical Equipment  1 condition  36 items  already there, left alone
16:23:20.502  +0194.376s  SET      present lcop_selection_set_tree/Electrical/BLD-EL-Electrical Fixtures  1 condition  31 items  already there, left alone
16:23:20.565  +0194.440s  SET      present lcop_selection_set_tree/Electrical/BLD-EL-Conduits & Conduit Fittings  1 condition  86 items  already there, left alone
16:23:20.573  +0194.447s  SET      present lcop_selection_set_tree/Electrical/BLD-EL-Devices  7 conditions  31 items  already there, left alone
16:23:20.579  +0194.454s  SET      present lcop_selection_set_tree/Electrical/BLD-EL-Lighting Fixtures  1 condition  49 items  already there, left alone
16:23:20.586  +0194.460s  SET      present lcop_selection_set_tree/Electrical/BLD-EL-Lighting Devices  1 condition  8 items  already there, left alone
16:23:20.591  +0194.466s  SET      present lcop_selection_set_tree/Electrical/BLD-EL-Fire Alarm Devices  1 condition  15 items  already there, left alone
16:23:20.597  +0194.472s  SET      present lcop_selection_set_tree/Electrical/BLD-EL-Telecom Equipment  1 condition  0 items  already there, left alone
16:23:20.602  +0194.478s  SET      present lcop_selection_set_tree/Electrical/BLD-EL-Telecom Fixtures  1 condition  0 items  already there, left alone
16:23:20.609  +0194.484s  SET      present lcop_selection_set_tree/Electrical/BLD-Security Devices  1 condition  38 items  already there, left alone
16:23:20.614  +0194.489s  SET      present lcop_selection_set_tree/Electrical/BLD-EL-Communication Devices  1 condition  2 items  already there, left alone
16:23:20.620  +0194.495s  SET      present lcop_selection_set_tree/Electrical/BLD-EL-Telephone Devices  1 condition  0 items  already there, left alone
16:23:20.627  +0194.502s  SET      present lcop_selection_set_tree/Electrical/BLD-EL-Data Devices  1 condition  4 items  already there, left alone
16:23:20.632  +0194.506s  SETS     1A02MM put into the document: 0 created, 61 already there and left alone
16:23:20.642  +0194.516s  CENSUS   after  SETS  models 4  sets 62  tests 1830  results 526  views 500
16:23:20.651  +0194.526s  STEP     SETS          finished 0.727s  0 created, 61 already there, 0 finding items, 0 at zero.
16:23:20.658  +0194.532s  CLASH    1A02MM, 1830 in the file, 1830 to create, 0 skipped before the model
16:23:20.663  +0194.537s  OUTPUTS  workbook on, XML off, HTML on, images on
16:23:20.667  +0194.542s  CLASH    Images on, 1024 by 1024 pixels, New, Active, Reviewed only, no cap per test, linked rather than pasted in.
16:23:20.672  +0194.546s  CLASH    ran against C:\00-NM\Federation Task\C02 + 04\C02\NWF\1104-PAR-1A02MM-ZZZ-BM-MOD-000001.nwf  (4 models loaded)
16:23:20.675  +0194.550s  CLASH    the document measures in ft, every tolerance was converted into it
16:23:20.680  +0194.554s  CLASH    the document holds 62 sets and the tests name 61 sets
16:23:20.685  +0194.560s  CLASH    the document already holds 1830 clash tests, they keep their results and are not recreated
16:23:20.691  +0194.565s  CLASH    counted the items of 61 sets for the creation plan in 0.0001179s
16:23:20.695  +0194.569s  CLASH 1830 in the file, 0 created, 60 not created, a side finds nothing
16:23:20.698  +0194.573s  CLASH    SKIPPED  BLD-DR-Pipe Accessories-vs-BLD-AR-Floors  the left side "lcop_selection_set_tree/Mechanical/Mechanical-Drainage/BLD-DR-Pipe Accessories" finds nothing in this model, the right finds 4
16:23:20.702  +0194.577s  CLASH    SKIPPED  BLD-DR-Pipe Accessories-vs-BLD-AR-Stairs  both sides find nothing in this model, left "lcop_selection_set_tree/Mechanical/Mechanical-Drainage/BLD-DR-Pipe Accessories" and right "lcop_selection_set_tree/Architecture/BLD-AR-Stairs"
16:23:20.707  +0194.581s  CLASH    SKIPPED  BLD-DR-Pipe Accessories-vs-BLD-AR-Ramps  both sides find nothing in this model, left "lcop_selection_set_tree/Mechanical/Mechanical-Drainage/BLD-DR-Pipe Accessories" and right "lcop_selection_set_tree/Architecture/BLD-AR-Ramps"
16:23:20.753  +0194.628s  CLASH    SKIPPED  BLD-DR-Pipe Accessories-vs-BLD-AR-Roofs  both sides find nothing in this model, left "lcop_selection_set_tree/Mechanical/Mechanical-Drainage/BLD-DR-Pipe Accessories" and right "lcop_selection_set_tree/Architecture/BLD-AR-Roofs"
16:23:20.757  +0194.632s  CLASH    SKIPPED  BLD-DR-Pipe Accessories-vs-BLD-AR-Ceilings  both sides find nothing in this model, left "lcop_selection_set_tree/Mechanical/Mechanical-Drainage/BLD-DR-Pipe Accessories" and right "lcop_selection_set_tree/Architecture/BLD-AR-Ceilings"
16:23:20.760  +0194.635s  CLASH    further skips for "a side finds nothing in this model" are counted, not listed. The block at the end carries the total.
16:23:20.796  +0194.670s  CLASH    OLD      BLD-AR-Stairs-vs-BLD-AR-Floors  Navisworks has this test marked Old.
16:23:20.800  +0194.675s  CLASH    OLD      BLD-AR-Ramps-vs-BLD-AR-Floors  Navisworks has this test marked Old.
16:23:20.804  +0194.680s  CLASH    OLD      BLD-AR-Ramps-vs-BLD-AR-Stairs  Navisworks has this test marked Old.
16:23:20.809  +0194.684s  CLASH    OLD      BLD-AR-Roofs-vs-BLD-AR-Floors  Navisworks has this test marked Old.
16:23:20.813  +0194.687s  CLASH    OLD      BLD-AR-Roofs-vs-BLD-AR-Stairs  Navisworks has this test marked Old.
16:23:20.816  +0194.691s  CLASH    OLD      BLD-AR-Roofs-vs-BLD-AR-Ramps  Navisworks has this test marked Old.
16:23:20.820  +0194.695s  CLASH    OLD      BLD-AR-Ceilings-vs-BLD-AR-Floors  Navisworks has this test marked Old.
16:23:20.824  +0194.698s  CLASH    OLD      BLD-AR-Ceilings-vs-BLD-AR-Stairs  Navisworks has this test marked Old.
16:23:20.827  +0194.701s  CLASH    OLD      BLD-AR-Ceilings-vs-BLD-AR-Ramps  Navisworks has this test marked Old.
16:23:20.831  +0194.705s  CLASH    OLD      BLD-AR-Ceilings-vs-BLD-AR-Roofs  Navisworks has this test marked Old.
16:23:20.834  +0194.709s  CLASH    OLD      BLD-AR-Columns-vs-BLD-AR-Floors  Navisworks has this test marked Old.
16:23:20.838  +0194.713s  CLASH    OLD      BLD-AR-Columns-vs-BLD-AR-Stairs  Navisworks has this test marked Old.
16:23:20.842  +0194.717s  CLASH    OLD      BLD-AR-Columns-vs-BLD-AR-Ramps  Navisworks has this test marked Old.
16:23:20.845  +0194.720s  CLASH    OLD      BLD-AR-Columns-vs-BLD-AR-Roofs  Navisworks has this test marked Old.
16:23:20.849  +0194.724s  CLASH    OLD      BLD-AR-Columns-vs-BLD-AR-Ceilings  Navisworks has this test marked Old.
16:23:20.853  +0194.727s  CLASH    OLD      BLD-AR-Walls-vs-BLD-AR-Floors  Navisworks has this test marked Old.
16:23:20.856  +0194.731s  STEP     TESTS RUN     started
16:23:20.866  +0194.741s  CENSUS   before TESTS RUN  models 4  sets 62  tests 1830  results 526  views 500
16:23:23.024  +0196.899s  CENSUS   after  TESTS RUN  models 4  sets 62  tests 1830  results 526  views 500
16:23:23.052  +0196.926s  STEP     TESTS RUN     finished 2.160s  BLD-AR-Walls-vs-BLD-AR-Floors
16:23:23.061  +0196.936s  STEP     HARVEST       started
16:23:23.077  +0196.951s  CENSUS   before HARVEST  models 4  sets 62  tests 1830  results 526  views 500
16:23:23.130  +0197.004s  CENSUS   after  HARVEST  models 4  sets 62  tests 1830  results 526  views 500
16:23:23.222  +0197.097s  STEP     HARVEST       finished 0.062s  BLD-AR-Walls-vs-BLD-AR-Floors
16:23:23.262  +0197.137s  CLASH    OLD      BLD-AR-Walls-vs-BLD-AR-Stairs  Navisworks has this test marked Old.
16:23:23.270  +0197.145s  CLASH    OLD      BLD-AR-Walls-vs-BLD-AR-Ramps  Navisworks has this test marked Old.
16:23:23.277  +0197.152s  CLASH    OLD      BLD-AR-Walls-vs-BLD-AR-Roofs  Navisworks has this test marked Old.
16:23:23.286  +0197.160s  CLASH    OLD      BLD-AR-Walls-vs-BLD-AR-Ceilings  Navisworks has this test marked Old.
16:23:23.293  +0197.167s  CLASH    OLD      BLD-AR-Walls-vs-BLD-AR-Columns  Navisworks has this test marked Old.
16:23:23.300  +0197.174s  CLASH    OLD      BLD-AR-Windows-vs-BLD-AR-Floors  Navisworks has this test marked Old.
16:23:23.307  +0197.181s  CLASH    OLD      BLD-AR-Windows-vs-BLD-AR-Stairs  Navisworks has this test marked Old.
16:23:23.313  +0197.188s  CLASH    OLD      BLD-AR-Windows-vs-BLD-AR-Ramps  Navisworks has this test marked Old.
16:23:23.320  +0197.195s  CLASH    25 of 1770 tests, 1 run, 83 skipped, 0 clashes so far
16:23:23.327  +0197.202s  CLASH    OLD      BLD-AR-Windows-vs-BLD-AR-Roofs  Navisworks has this test marked Old.
16:23:23.334  +0197.208s  CLASH    OLD      BLD-AR-Windows-vs-BLD-AR-Ceilings  Navisworks has this test marked Old.
16:23:23.340  +0197.215s  CLASH    OLD      BLD-AR-Windows-vs-BLD-AR-Columns  Navisworks has this test marked Old.
16:23:23.347  +0197.221s  CLASH    OLD      BLD-AR-Windows-vs-BLD-AR-Walls  Navisworks has this test marked Old.
16:23:23.353  +0197.228s  CLASH    OLD      BLD-AR-Curtain Panels-vs-BLD-AR-Floors  Navisworks has this test marked Old.
16:23:23.360  +0197.235s  CLASH    OLD      BLD-AR-Curtain Panels-vs-BLD-AR-Stairs  Navisworks has this test marked Old.
16:23:23.366  +0197.241s  CLASH    OLD      BLD-AR-Curtain Panels-vs-BLD-AR-Ramps  Navisworks has this test marked Old.
16:23:23.374  +0197.249s  CLASH    OLD      BLD-AR-Curtain Panels-vs-BLD-AR-Roofs  Navisworks has this test marked Old.
16:23:23.383  +0197.257s  CLASH    OLD      BLD-AR-Curtain Panels-vs-BLD-AR-Ceilings  Navisworks has this test marked Old.
16:23:23.390  +0197.265s  CLASH    OLD      BLD-AR-Curtain Panels-vs-BLD-AR-Columns  Navisworks has this test marked Old.
16:23:23.397  +0197.272s  CLASH    OLD      BLD-AR-Curtain Panels-vs-BLD-AR-Walls  Navisworks has this test marked Old.
16:23:23.403  +0197.277s  CLASH    OLD      BLD-AR-Curtain Panels-vs-BLD-AR-Windows  Navisworks has this test marked Old.
16:23:23.409  +0197.284s  CLASH    OLD      BLD-AR-Curtain Mullions-vs-BLD-AR-Floors  Navisworks has this test marked Old.
16:23:23.416  +0197.291s  CLASH    OLD      BLD-AR-Curtain Mullions-vs-BLD-AR-Stairs  Navisworks has this test marked Old.
16:23:23.423  +0197.297s  CLASH    OLD      BLD-AR-Curtain Mullions-vs-BLD-AR-Ramps  Navisworks has this test marked Old.
16:23:23.483  +0197.358s  CLASH    OLD      BLD-AR-Curtain Mullions-vs-BLD-AR-Roofs  Navisworks has this test marked Old.
16:23:23.489  +0197.363s  CLASH    OLD      BLD-AR-Curtain Mullions-vs-BLD-AR-Ceilings  Navisworks has this test marked Old.
16:23:23.493  +0197.367s  CLASH    OLD      BLD-AR-Curtain Mullions-vs-BLD-AR-Columns  Navisworks has this test marked Old.
16:23:23.497  +0197.372s  CLASH    OLD      BLD-AR-Curtain Mullions-vs-BLD-AR-Walls  Navisworks has this test marked Old.
16:23:23.503  +0197.378s  CLASH    OLD      BLD-AR-Curtain Mullions-vs-BLD-AR-Windows  Navisworks has this test marked Old.
16:23:23.508  +0197.382s  CLASH    OLD      BLD-AR-Curtain Mullions-vs-BLD-AR-Curtain Panels  Navisworks has this test marked Old.
16:23:23.512  +0197.387s  CLASH    OLD      BLD-AR-Doors-vs-BLD-AR-Floors  Navisworks has this test marked Old.
16:23:23.517  +0197.391s  STEP     TESTS RUN     entered again. Every further visit in this group is counted, not written out
16:23:25.598  +0199.472s  STEP     HARVEST       entered again. Every further visit in this group is counted, not written out
16:23:25.645  +0199.520s  CLASH    OLD      BLD-AR-Doors-vs-BLD-AR-Stairs  Navisworks has this test marked Old.
16:23:25.650  +0199.525s  CLASH    OLD      BLD-AR-Doors-vs-BLD-AR-Ramps  Navisworks has this test marked Old.
16:23:25.656  +0199.531s  CLASH    OLD      BLD-AR-Doors-vs-BLD-AR-Roofs  Navisworks has this test marked Old.
16:23:25.660  +0199.534s  CLASH    50 of 1770 tests, 2 run, 107 skipped, 0 clashes so far
16:23:25.663  +0199.538s  CLASH    OLD      BLD-AR-Doors-vs-BLD-AR-Ceilings  Navisworks has this test marked Old.
16:23:25.666  +0199.541s  CLASH    OLD      BLD-AR-Doors-vs-BLD-AR-Columns  Navisworks has this test marked Old.
16:23:25.671  +0199.545s  CLASH    OLD      BLD-AR-Doors-vs-BLD-AR-Walls  Navisworks has this test marked Old.
16:23:27.917  +0201.791s  STEP       IMAGES        started
16:23:27.935  +0201.810s  CENSUS   before IMAGES  models 4  sets 62  tests 1830  results 526  views 500
16:23:28.023  +0201.898s  CENSUS   after  IMAGES  models 4  sets 62  tests 1830  results 526  views 500
16:23:28.033  +0201.908s  STEP       IMAGES        finished 0.100s  BLD-AR-Doors-vs-BLD-AR-Walls
16:23:28.045  +0201.920s  STEP     IMAGES        entered again. Every further visit in this group is counted, not written out
16:23:28.443  +0202.318s  CLASH    OLD      BLD-AR-Doors-vs-BLD-AR-Windows  Navisworks has this test marked Old.
16:23:28.453  +0202.327s  CLASH    OLD      BLD-AR-Doors-vs-BLD-AR-Curtain Panels  Navisworks has this test marked Old.
16:23:28.463  +0202.337s  CLASH    OLD      BLD-AR-Doors-vs-BLD-AR-Curtain Mullions  Navisworks has this test marked Old.
16:23:28.473  +0202.348s  CLASH    OLD      BLD-AR-Casework-vs-BLD-AR-Floors  Navisworks has this test marked Old.
16:23:28.562  +0202.437s  CLASH    OLD      BLD-AR-Casework-vs-BLD-AR-Stairs  Navisworks has this test marked Old.
16:23:28.568  +0202.443s  CLASH    OLD      BLD-AR-Casework-vs-BLD-AR-Ramps  Navisworks has this test marked Old.
16:23:28.573  +0202.447s  CLASH    OLD      BLD-AR-Casework-vs-BLD-AR-Roofs  Navisworks has this test marked Old.
16:23:28.578  +0202.452s  CLASH    OLD      BLD-AR-Casework-vs-BLD-AR-Ceilings  Navisworks has this test marked Old.
16:23:28.583  +0202.458s  CLASH    OLD      BLD-AR-Casework-vs-BLD-AR-Columns  Navisworks has this test marked Old.
16:23:28.590  +0202.465s  CLASH    OLD      BLD-AR-Casework-vs-BLD-AR-Walls  Navisworks has this test marked Old.
16:23:28.598  +0202.472s  CLASH    OLD      BLD-AR-Casework-vs-BLD-AR-Windows  Navisworks has this test marked Old.
16:23:28.605  +0202.479s  CLASH    OLD      BLD-AR-Casework-vs-BLD-AR-Curtain Panels  Navisworks has this test marked Old.
16:23:28.610  +0202.484s  CLASH    OLD      BLD-AR-Casework-vs-BLD-AR-Curtain Mullions  Navisworks has this test marked Old.
16:23:28.614  +0202.489s  CLASH    OLD      BLD-AR-Casework-vs-BLD-AR-Doors  Navisworks has this test marked Old.
16:23:28.619  +0202.493s  CLASH    OLD      BLD-AR-Furniture-vs-BLD-AR-Floors  Navisworks has this test marked Old.
16:23:28.623  +0202.497s  CLASH    OLD      BLD-AR-Furniture-vs-BLD-AR-Stairs  Navisworks has this test marked Old.
16:23:28.628  +0202.502s  CLASH    OLD      BLD-AR-Furniture-vs-BLD-AR-Ramps  Navisworks has this test marked Old.
16:23:28.633  +0202.507s  CLASH    OLD      BLD-AR-Furniture-vs-BLD-AR-Roofs  Navisworks has this test marked Old.
16:23:28.638  +0202.512s  CLASH    OLD      BLD-AR-Furniture-vs-BLD-AR-Ceilings  Navisworks has this test marked Old.
16:23:28.643  +0202.517s  CLASH    OLD      BLD-AR-Furniture-vs-BLD-AR-Columns  Navisworks has this test marked Old.
16:23:28.649  +0202.523s  CLASH    OLD      BLD-AR-Furniture-vs-BLD-AR-Walls  Navisworks has this test marked Old.
16:23:28.656  +0202.530s  CLASH    OLD      BLD-AR-Furniture-vs-BLD-AR-Windows  Navisworks has this test marked Old.
16:23:28.662  +0202.536s  CLASH    75 of 1770 tests, 3 run, 131 skipped, 13 clashes so far
16:23:28.669  +0202.543s  CLASH    OLD      BLD-AR-Furniture-vs-BLD-AR-Curtain Panels  Navisworks has this test marked Old.
16:23:28.675  +0202.549s  CLASH    OLD      BLD-AR-Furniture-vs-BLD-AR-Curtain Mullions  Navisworks has this test marked Old.
16:23:28.680  +0202.554s  CLASH    OLD      BLD-AR-Furniture-vs-BLD-AR-Doors  Navisworks has this test marked Old.
16:23:28.684  +0202.559s  CLASH    OLD      BLD-AR-Furniture-vs-BLD-AR-Casework  Navisworks has this test marked Old.
16:23:28.691  +0202.565s  CLASH    OLD      BLD-AR-Parking-vs-BLD-AR-Floors  Navisworks has this test marked Old.
16:23:28.696  +0202.570s  CLASH    OLD      BLD-AR-Parking-vs-BLD-AR-Stairs  Navisworks has this test marked Old.
16:23:28.770  +0202.645s  CLASH    OLD      BLD-AR-Parking-vs-BLD-AR-Ramps  Navisworks has this test marked Old.
16:23:28.776  +0202.651s  CLASH    OLD      BLD-AR-Parking-vs-BLD-AR-Roofs  Navisworks has this test marked Old.
16:23:28.783  +0202.657s  CLASH    OLD      BLD-AR-Parking-vs-BLD-AR-Ceilings  Navisworks has this test marked Old.
16:23:28.792  +0202.666s  CLASH    OLD      BLD-AR-Parking-vs-BLD-AR-Columns  Navisworks has this test marked Old.
16:23:28.798  +0202.672s  CLASH    OLD      BLD-AR-Parking-vs-BLD-AR-Walls  Navisworks has this test marked Old.
16:23:28.804  +0202.678s  CLASH    OLD      BLD-AR-Parking-vs-BLD-AR-Windows  Navisworks has this test marked Old.
16:23:28.808  +0202.683s  CLASH    OLD      BLD-AR-Parking-vs-BLD-AR-Curtain Panels  Navisworks has this test marked Old.
16:23:28.814  +0202.689s  CLASH    OLD      BLD-AR-Parking-vs-BLD-AR-Curtain Mullions  Navisworks has this test marked Old.
16:23:28.820  +0202.695s  CLASH    OLD      BLD-AR-Parking-vs-BLD-AR-Doors  Navisworks has this test marked Old.
16:23:28.826  +0202.701s  CLASH    OLD      BLD-AR-Parking-vs-BLD-AR-Casework  Navisworks has this test marked Old.
16:23:28.833  +0202.708s  CLASH    OLD      BLD-AR-Parking-vs-BLD-AR-Furniture  Navisworks has this test marked Old.
16:23:28.839  +0202.714s  CLASH    OLD      BLD-AR-Railings-vs-BLD-AR-Floors  Navisworks has this test marked Old.
16:23:28.846  +0202.720s  CLASH    OLD      BLD-AR-Railings-vs-BLD-AR-Stairs  Navisworks has this test marked Old.
16:23:28.852  +0202.727s  CLASH    OLD      BLD-AR-Railings-vs-BLD-AR-Ramps  Navisworks has this test marked Old.
16:23:28.860  +0202.734s  CLASH    OLD      BLD-AR-Railings-vs-BLD-AR-Roofs  Navisworks has this test marked Old.
16:23:28.867  +0202.742s  CLASH    OLD      BLD-AR-Railings-vs-BLD-AR-Ceilings  Navisworks has this test marked Old.
16:23:28.875  +0202.750s  CLASH    OLD      BLD-AR-Railings-vs-BLD-AR-Columns  Navisworks has this test marked Old.
16:23:28.884  +0202.759s  CLASH    OLD      BLD-AR-Railings-vs-BLD-AR-Walls  Navisworks has this test marked Old.
16:23:28.891  +0202.766s  CLASH    OLD      BLD-AR-Railings-vs-BLD-AR-Windows  Navisworks has this test marked Old.
16:23:28.899  +0202.774s  CLASH    100 of 1770 tests, 3 run, 156 skipped, 13 clashes so far
16:23:28.906  +0202.781s  CLASH    OLD      BLD-AR-Railings-vs-BLD-AR-Curtain Panels  Navisworks has this test marked Old.
16:23:28.915  +0202.789s  CLASH    OLD      BLD-AR-Railings-vs-BLD-AR-Curtain Mullions  Navisworks has this test marked Old.
16:23:28.923  +0202.797s  CLASH    OLD      BLD-AR-Railings-vs-BLD-AR-Doors  Navisworks has this test marked Old.
16:23:28.929  +0202.804s  CLASH    OLD      BLD-AR-Railings-vs-BLD-AR-Casework  Navisworks has this test marked Old.
16:23:29.020  +0202.894s  CLASH    OLD      BLD-AR-Railings-vs-BLD-AR-Furniture  Navisworks has this test marked Old.
16:23:29.028  +0202.902s  CLASH    OLD      BLD-AR-Railings-vs-BLD-AR-Parking  Navisworks has this test marked Old.
16:23:29.036  +0202.910s  CLASH    OLD      BLD-AR-Site-vs-BLD-AR-Floors  Navisworks has this test marked Old.
16:23:29.044  +0202.919s  CLASH    OLD      BLD-AR-Site-vs-BLD-AR-Stairs  Navisworks has this test marked Old.
16:23:29.052  +0202.927s  CLASH    OLD      BLD-AR-Site-vs-BLD-AR-Ramps  Navisworks has this test marked Old.
16:23:29.060  +0202.935s  CLASH    OLD      BLD-AR-Site-vs-BLD-AR-Roofs  Navisworks has this test marked Old.
16:23:29.068  +0202.942s  CLASH    OLD      BLD-AR-Site-vs-BLD-AR-Ceilings  Navisworks has this test marked Old.
16:23:29.075  +0202.949s  CLASH    OLD      BLD-AR-Site-vs-BLD-AR-Columns  Navisworks has this test marked Old.
16:23:29.081  +0202.956s  CLASH    OLD      BLD-AR-Site-vs-BLD-AR-Walls  Navisworks has this test marked Old.
16:23:29.087  +0202.962s  CLASH    OLD      BLD-AR-Site-vs-BLD-AR-Windows  Navisworks has this test marked Old.
16:23:29.093  +0202.967s  CLASH    OLD      BLD-AR-Site-vs-BLD-AR-Curtain Panels  Navisworks has this test marked Old.
16:23:29.098  +0202.973s  CLASH    OLD      BLD-AR-Site-vs-BLD-AR-Curtain Mullions  Navisworks has this test marked Old.
16:23:29.105  +0202.980s  CLASH    OLD      BLD-AR-Site-vs-BLD-AR-Doors  Navisworks has this test marked Old.
16:23:29.111  +0202.986s  CLASH    OLD      BLD-AR-Site-vs-BLD-AR-Casework  Navisworks has this test marked Old.
16:23:29.118  +0202.993s  CLASH    OLD      BLD-AR-Site-vs-BLD-AR-Furniture  Navisworks has this test marked Old.
16:23:29.124  +0202.999s  CLASH    OLD      BLD-AR-Site-vs-BLD-AR-Parking  Navisworks has this test marked Old.
16:23:29.131  +0203.006s  CLASH    OLD      BLD-AR-Site-vs-BLD-AR-Railings  Navisworks has this test marked Old.
16:23:29.148  +0203.023s  CLASH    OLD      BLD-ST-Foundation-vs-BLD-AR-Floors  Navisworks has this test marked Old.
16:23:31.284  +0205.158s  CLASH    OLD      BLD-ST-Foundation-vs-BLD-AR-Stairs  Navisworks has this test marked Old.
16:23:31.294  +0205.168s  CLASH    OLD      BLD-ST-Foundation-vs-BLD-AR-Ramps  Navisworks has this test marked Old.
16:23:31.300  +0205.174s  CLASH    OLD      BLD-ST-Foundation-vs-BLD-AR-Roofs  Navisworks has this test marked Old.
16:23:31.305  +0205.179s  CLASH    125 of 1770 tests, 4 run, 180 skipped, 13 clashes so far
16:23:31.311  +0205.186s  CLASH    OLD      BLD-ST-Foundation-vs-BLD-AR-Ceilings  Navisworks has this test marked Old.
16:23:31.315  +0205.190s  CLASH    OLD      BLD-ST-Foundation-vs-BLD-AR-Columns  Navisworks has this test marked Old.
16:23:31.396  +0205.271s  CLASH    OLD      BLD-ST-Foundation-vs-BLD-AR-Walls  Navisworks has this test marked Old.
16:23:33.440  +0207.315s  CLASH    OLD      BLD-ST-Foundation-vs-BLD-AR-Windows  Navisworks has this test marked Old.
16:23:33.449  +0207.323s  CLASH    OLD      BLD-ST-Foundation-vs-BLD-AR-Curtain Panels  Navisworks has this test marked Old.
16:23:33.457  +0207.332s  CLASH    OLD      BLD-ST-Foundation-vs-BLD-AR-Curtain Mullions  Navisworks has this test marked Old.
16:23:33.466  +0207.340s  CLASH    OLD      BLD-ST-Foundation-vs-BLD-AR-Doors  Navisworks has this test marked Old.
16:23:35.776  +0209.650s  CLASH    OLD      BLD-ST-Foundation-vs-BLD-AR-Casework  Navisworks has this test marked Old.
16:23:35.784  +0209.658s  CLASH    OLD      BLD-ST-Foundation-vs-BLD-AR-Furniture  Navisworks has this test marked Old.
16:23:35.795  +0209.670s  CLASH    OLD      BLD-ST-Foundation-vs-BLD-AR-Parking  Navisworks has this test marked Old.
16:23:35.805  +0209.679s  CLASH    OLD      BLD-ST-Foundation-vs-BLD-AR-Railings  Navisworks has this test marked Old.
16:23:35.814  +0209.688s  CLASH    OLD      BLD-ST-Foundation-vs-BLD-AR-Site  Navisworks has this test marked Old.
16:23:35.820  +0209.695s  CLASH    OLD      BLD-ST-Columns-vs-BLD-AR-Floors  Navisworks has this test marked Old.
16:23:38.594  +0212.468s  CLASH    OLD      BLD-ST-Columns-vs-BLD-AR-Stairs  Navisworks has this test marked Old.
16:23:38.600  +0212.474s  CLASH    OLD      BLD-ST-Columns-vs-BLD-AR-Ramps  Navisworks has this test marked Old.
16:23:38.604  +0212.479s  CLASH    OLD      BLD-ST-Columns-vs-BLD-AR-Roofs  Navisworks has this test marked Old.
16:23:38.607  +0212.482s  CLASH    OLD      BLD-ST-Columns-vs-BLD-AR-Ceilings  Navisworks has this test marked Old.
16:23:38.611  +0212.486s  CLASH    OLD      BLD-ST-Columns-vs-BLD-AR-Columns  Navisworks has this test marked Old.
16:23:38.614  +0212.489s  CLASH    OLD      BLD-ST-Columns-vs-BLD-AR-Walls  Navisworks has this test marked Old.
16:23:40.833  +0214.707s  CLASH    OLD      BLD-ST-Columns-vs-BLD-AR-Windows  Navisworks has this test marked Old.
16:23:40.844  +0214.719s  CLASH    OLD      BLD-ST-Columns-vs-BLD-AR-Curtain Panels  Navisworks has this test marked Old.
16:23:40.851  +0214.727s  CLASH    OLD      BLD-ST-Columns-vs-BLD-AR-Curtain Mullions  Navisworks has this test marked Old.
16:23:40.861  +0214.736s  CLASH    OLD      BLD-ST-Columns-vs-BLD-AR-Doors  Navisworks has this test marked Old.
16:23:43.591  +0217.465s  CLASH    OLD      BLD-ST-Columns-vs-BLD-AR-Casework  Navisworks has this test marked Old.
16:23:43.686  +0217.560s  CLASH    OLD      BLD-ST-Columns-vs-BLD-AR-Furniture  Navisworks has this test marked Old.
16:23:43.772  +0217.647s  CLASH    150 of 1770 tests, 9 run, 200 skipped, 25 clashes so far
16:23:43.871  +0217.746s  CLASH    OLD      BLD-ST-Columns-vs-BLD-AR-Parking  Navisworks has this test marked Old.
16:23:43.968  +0217.843s  CLASH    OLD      BLD-ST-Columns-vs-BLD-AR-Railings  Navisworks has this test marked Old.
16:23:44.034  +0217.909s  CLASH    OLD      BLD-ST-Columns-vs-BLD-AR-Site  Navisworks has this test marked Old.
16:23:44.105  +0217.980s  CLASH    OLD      BLD-ST-Columns-vs-BLD-ST-Foundation  Navisworks has this test marked Old.
16:23:47.495  +0221.370s  CLASH    OLD      BLD-ST-Framing-vs-BLD-AR-Floors  Navisworks has this test marked Old.
16:23:49.752  +0223.626s  CLASH    OLD      BLD-ST-Framing-vs-BLD-AR-Stairs  Navisworks has this test marked Old.
16:23:49.775  +0223.650s  CLASH    OLD      BLD-ST-Framing-vs-BLD-AR-Ramps  Navisworks has this test marked Old.
16:23:49.838  +0223.712s  CLASH    OLD      BLD-ST-Framing-vs-BLD-AR-Roofs  Navisworks has this test marked Old.
16:23:49.853  +0223.727s  CLASH    OLD      BLD-ST-Framing-vs-BLD-AR-Ceilings  Navisworks has this test marked Old.
16:23:49.891  +0223.766s  CLASH    OLD      BLD-ST-Framing-vs-BLD-AR-Columns  Navisworks has this test marked Old.
16:23:49.910  +0223.785s  CLASH    OLD      BLD-ST-Framing-vs-BLD-AR-Walls  Navisworks has this test marked Old.
16:23:56.190  +0230.064s  CLASH    OLD      BLD-ST-Framing-vs-BLD-AR-Windows  Navisworks has this test marked Old.
16:23:56.208  +0230.082s  CLASH    OLD      BLD-ST-Framing-vs-BLD-AR-Curtain Panels  Navisworks has this test marked Old.
16:23:56.227  +0230.102s  CLASH    OLD      BLD-ST-Framing-vs-BLD-AR-Curtain Mullions  Navisworks has this test marked Old.
16:23:56.245  +0230.120s  CLASH    OLD      BLD-ST-Framing-vs-BLD-AR-Doors  Navisworks has this test marked Old.
16:23:58.186  +0232.061s  CLASH    OLD      BLD-ST-Framing-vs-BLD-AR-Casework  Navisworks has this test marked Old.
16:23:58.194  +0232.069s  CLASH    OLD      BLD-ST-Framing-vs-BLD-AR-Furniture  Navisworks has this test marked Old.
16:23:58.200  +0232.075s  CLASH    OLD      BLD-ST-Framing-vs-BLD-AR-Parking  Navisworks has this test marked Old.
16:23:58.209  +0232.084s  CLASH    OLD      BLD-ST-Framing-vs-BLD-AR-Railings  Navisworks has this test marked Old.
16:23:58.217  +0232.091s  CLASH    OLD      BLD-ST-Framing-vs-BLD-AR-Site  Navisworks has this test marked Old.
16:23:58.229  +0232.104s  CLASH    OLD      BLD-ST-Framing-vs-BLD-ST-Foundation  Navisworks has this test marked Old.
16:24:00.435  +0234.310s  CLASH    OLD      BLD-ST-Framing-vs-BLD-ST-Columns  Navisworks has this test marked Old.
16:24:02.884  +0236.760s  CLASH    OLD      BLD-ST-Walls-vs-BLD-AR-Floors  Navisworks has this test marked Old.
16:24:05.143  +0239.018s  CLASH    OLD      BLD-ST-Walls-vs-BLD-AR-Stairs  Navisworks has this test marked Old.
16:24:05.152  +0239.027s  CLASH    OLD      BLD-ST-Walls-vs-BLD-AR-Ramps  Navisworks has this test marked Old.
16:24:05.163  +0239.038s  CLASH    175 of 1770 tests, 16 run, 218 skipped, 100 clashes so far
16:24:05.171  +0239.046s  CLASH    OLD      BLD-ST-Walls-vs-BLD-AR-Roofs  Navisworks has this test marked Old.
16:24:05.181  +0239.056s  CLASH    OLD      BLD-ST-Walls-vs-BLD-AR-Ceilings  Navisworks has this test marked Old.
16:24:05.190  +0239.065s  CLASH    OLD      BLD-ST-Walls-vs-BLD-AR-Columns  Navisworks has this test marked Old.
16:24:05.199  +0239.074s  CLASH    OLD      BLD-ST-Walls-vs-BLD-AR-Walls  Navisworks has this test marked Old.
16:24:08.261  +0242.136s  CLASH    OLD      BLD-ST-Walls-vs-BLD-AR-Windows  Navisworks has this test marked Old.
16:24:08.268  +0242.142s  CLASH    OLD      BLD-ST-Walls-vs-BLD-AR-Curtain Panels  Navisworks has this test marked Old.
16:24:08.275  +0242.150s  CLASH    OLD      BLD-ST-Walls-vs-BLD-AR-Curtain Mullions  Navisworks has this test marked Old.
16:24:08.281  +0242.156s  CLASH    OLD      BLD-ST-Walls-vs-BLD-AR-Doors  Navisworks has this test marked Old.
16:24:10.500  +0244.374s  CLASH    OLD      BLD-ST-Walls-vs-BLD-AR-Casework  Navisworks has this test marked Old.
16:24:10.508  +0244.382s  CLASH    OLD      BLD-ST-Walls-vs-BLD-AR-Furniture  Navisworks has this test marked Old.
16:24:10.513  +0244.388s  CLASH    OLD      BLD-ST-Walls-vs-BLD-AR-Parking  Navisworks has this test marked Old.
16:24:10.518  +0244.393s  CLASH    OLD      BLD-ST-Walls-vs-BLD-AR-Railings  Navisworks has this test marked Old.
16:24:10.525  +0244.400s  CLASH    OLD      BLD-ST-Walls-vs-BLD-AR-Site  Navisworks has this test marked Old.
16:24:10.529  +0244.404s  CLASH    OLD      BLD-ST-Walls-vs-BLD-ST-Foundation  Navisworks has this test marked Old.
16:24:12.888  +0246.762s  CLASH    OLD      BLD-ST-Walls-vs-BLD-ST-Columns  Navisworks has this test marked Old.
16:24:15.179  +0249.054s  CLASH    OLD      BLD-ST-Walls-vs-BLD-ST-Framing  Navisworks has this test marked Old.
16:24:17.406  +0251.281s  CLASH    OLD      BLD-ST-Floors-vs-BLD-AR-Floors  Navisworks has this test marked Old.
16:24:19.549  +0253.424s  CLASH    OLD      BLD-ST-Floors-vs-BLD-AR-Stairs  Navisworks has this test marked Old.
16:24:19.558  +0253.433s  CLASH    OLD      BLD-ST-Floors-vs-BLD-AR-Ramps  Navisworks has this test marked Old.
16:24:19.564  +0253.438s  CLASH    OLD      BLD-ST-Floors-vs-BLD-AR-Roofs  Navisworks has this test marked Old.
16:24:19.634  +0253.508s  CLASH    OLD      BLD-ST-Floors-vs-BLD-AR-Ceilings  Navisworks has this test marked Old.
16:24:19.640  +0253.515s  CLASH    OLD      BLD-ST-Floors-vs-BLD-AR-Columns  Navisworks has this test marked Old.
16:24:19.644  +0253.520s  CLASH    OLD      BLD-ST-Floors-vs-BLD-AR-Walls  Navisworks has this test marked Old.
16:24:23.740  +0257.614s  CLASH    OLD      BLD-ST-Floors-vs-BLD-AR-Windows  Navisworks has this test marked Old.
16:24:23.746  +0257.620s  CLASH    OLD      BLD-ST-Floors-vs-BLD-AR-Curtain Panels  Navisworks has this test marked Old.
16:24:23.750  +0257.624s  CLASH    200 of 1770 tests, 23 run, 236 skipped, 146 clashes so far
16:24:23.754  +0257.628s  CLASH    OLD      BLD-ST-Floors-vs-BLD-AR-Curtain Mullions  Navisworks has this test marked Old.
16:24:23.758  +0257.633s  CLASH    OLD      BLD-ST-Floors-vs-BLD-AR-Doors  Navisworks has this test marked Old.
16:24:25.888  +0259.762s  CLASH    OLD      BLD-ST-Floors-vs-BLD-AR-Casework  Navisworks has this test marked Old.
16:24:25.895  +0259.770s  CLASH    OLD      BLD-ST-Floors-vs-BLD-AR-Furniture  Navisworks has this test marked Old.
16:24:25.901  +0259.775s  CLASH    OLD      BLD-ST-Floors-vs-BLD-AR-Parking  Navisworks has this test marked Old.
16:24:25.907  +0259.782s  CLASH    OLD      BLD-ST-Floors-vs-BLD-AR-Railings  Navisworks has this test marked Old.
16:24:25.913  +0259.788s  CLASH    OLD      BLD-ST-Floors-vs-BLD-AR-Site  Navisworks has this test marked Old.
16:24:25.917  +0259.792s  CLASH    OLD      BLD-ST-Floors-vs-BLD-ST-Foundation  Navisworks has this test marked Old.
16:24:28.084  +0261.959s  CLASH    OLD      BLD-ST-Floors-vs-BLD-ST-Columns  Navisworks has this test marked Old.
16:24:30.362  +0264.236s  CLASH    OLD      BLD-ST-Floors-vs-BLD-ST-Framing  Navisworks has this test marked Old.
16:24:32.860  +0266.734s  CLASH    OLD      BLD-ST-Floors-vs-BLD-ST-Walls  Navisworks has this test marked Old.
16:24:35.320  +0269.194s  CLASH    OLD      BLD-ST-Stair-vs-BLD-AR-Floors  Navisworks has this test marked Old.
16:24:35.331  +0269.206s  CLASH    OLD      BLD-ST-Stair-vs-BLD-AR-Stairs  Navisworks has this test marked Old.
16:24:35.340  +0269.215s  CLASH    OLD      BLD-ST-Stair-vs-BLD-AR-Ramps  Navisworks has this test marked Old.
16:24:35.347  +0269.222s  CLASH    OLD      BLD-ST-Stair-vs-BLD-AR-Roofs  Navisworks has this test marked Old.
16:24:35.354  +0269.228s  CLASH    OLD      BLD-ST-Stair-vs-BLD-AR-Ceilings  Navisworks has this test marked Old.
16:24:35.363  +0269.238s  CLASH    OLD      BLD-ST-Stair-vs-BLD-AR-Columns  Navisworks has this test marked Old.
16:24:35.371  +0269.245s  CLASH    OLD      BLD-ST-Stair-vs-BLD-AR-Walls  Navisworks has this test marked Old.
16:24:35.383  +0269.257s  CLASH    OLD      BLD-ST-Stair-vs-BLD-AR-Windows  Navisworks has this test marked Old.
16:24:35.391  +0269.266s  CLASH    OLD      BLD-ST-Stair-vs-BLD-AR-Curtain Panels  Navisworks has this test marked Old.
16:24:35.399  +0269.273s  CLASH    OLD      BLD-ST-Stair-vs-BLD-AR-Curtain Mullions  Navisworks has this test marked Old.
16:24:35.405  +0269.280s  CLASH    OLD      BLD-ST-Stair-vs-BLD-AR-Doors  Navisworks has this test marked Old.
16:24:35.414  +0269.289s  CLASH    OLD      BLD-ST-Stair-vs-BLD-AR-Casework  Navisworks has this test marked Old.
16:24:35.422  +0269.297s  CLASH    OLD      BLD-ST-Stair-vs-BLD-AR-Furniture  Navisworks has this test marked Old.
16:24:35.432  +0269.307s  CLASH    OLD      BLD-ST-Stair-vs-BLD-AR-Parking  Navisworks has this test marked Old.
16:24:35.443  +0269.317s  CLASH    225 of 1770 tests, 28 run, 256 skipped, 155 clashes so far
16:24:35.452  +0269.326s  CLASH    OLD      BLD-ST-Stair-vs-BLD-AR-Railings  Navisworks has this test marked Old.
16:24:35.463  +0269.337s  CLASH    OLD      BLD-ST-Stair-vs-BLD-AR-Site  Navisworks has this test marked Old.
16:24:35.476  +0269.351s  CLASH    OLD      BLD-ST-Stair-vs-BLD-ST-Foundation  Navisworks has this test marked Old.
16:24:35.489  +0269.364s  CLASH    OLD      BLD-ST-Stair-vs-BLD-ST-Columns  Navisworks has this test marked Old.
16:24:35.500  +0269.374s  CLASH    OLD      BLD-ST-Stair-vs-BLD-ST-Framing  Navisworks has this test marked Old.
16:24:35.512  +0269.387s  CLASH    OLD      BLD-ST-Stair-vs-BLD-ST-Walls  Navisworks has this test marked Old.
16:24:35.524  +0269.398s  CLASH    OLD      BLD-ST-Stair-vs-BLD-ST-Floors  Navisworks has this test marked Old.
16:24:35.651  +0269.525s  CLASH    OLD      BLD-ME-Ducts&Duct Fittings-vs-BLD-AR-Floors  Navisworks has this test marked Old.
16:24:35.660  +0269.534s  CLASH    OLD      BLD-ME-Ducts&Duct Fittings-vs-BLD-AR-Stairs  Navisworks has this test marked Old.
16:24:35.669  +0269.544s  CLASH    OLD      BLD-ME-Ducts&Duct Fittings-vs-BLD-AR-Ramps  Navisworks has this test marked Old.
16:24:35.681  +0269.556s  CLASH    OLD      BLD-ME-Ducts&Duct Fittings-vs-BLD-AR-Roofs  Navisworks has this test marked Old.
16:24:35.690  +0269.565s  CLASH    OLD      BLD-ME-Ducts&Duct Fittings-vs-BLD-AR-Ceilings  Navisworks has this test marked Old.
16:24:35.698  +0269.573s  CLASH    OLD      BLD-ME-Ducts&Duct Fittings-vs-BLD-AR-Columns  Navisworks has this test marked Old.
16:24:35.708  +0269.582s  CLASH    OLD      BLD-ME-Ducts&Duct Fittings-vs-BLD-AR-Walls  Navisworks has this test marked Old.
16:24:35.716  +0269.591s  CLASH    OLD      BLD-ME-Ducts&Duct Fittings-vs-BLD-AR-Windows  Navisworks has this test marked Old.
16:24:35.727  +0269.602s  CLASH    OLD      BLD-ME-Ducts&Duct Fittings-vs-BLD-AR-Curtain Panels  Navisworks has this test marked Old.
16:24:35.736  +0269.610s  CLASH    OLD      BLD-ME-Ducts&Duct Fittings-vs-BLD-AR-Curtain Mullions  Navisworks has this test marked Old.
16:24:35.744  +0269.618s  CLASH    OLD      BLD-ME-Ducts&Duct Fittings-vs-BLD-AR-Doors  Navisworks has this test marked Old.
16:24:35.750  +0269.625s  CLASH    OLD      BLD-ME-Ducts&Duct Fittings-vs-BLD-AR-Casework  Navisworks has this test marked Old.
16:24:35.756  +0269.631s  CLASH    OLD      BLD-ME-Ducts&Duct Fittings-vs-BLD-AR-Furniture  Navisworks has this test marked Old.
16:24:35.763  +0269.637s  CLASH    OLD      BLD-ME-Ducts&Duct Fittings-vs-BLD-AR-Parking  Navisworks has this test marked Old.
16:24:35.768  +0269.643s  CLASH    OLD      BLD-ME-Ducts&Duct Fittings-vs-BLD-AR-Railings  Navisworks has this test marked Old.
16:24:35.776  +0269.651s  CLASH    OLD      BLD-ME-Ducts&Duct Fittings-vs-BLD-AR-Site  Navisworks has this test marked Old.
16:24:35.782  +0269.657s  CLASH    OLD      BLD-ME-Ducts&Duct Fittings-vs-BLD-ST-Foundation  Navisworks has this test marked Old.
16:24:35.789  +0269.663s  CLASH    OLD      BLD-ME-Ducts&Duct Fittings-vs-BLD-ST-Columns  Navisworks has this test marked Old.
16:24:35.794  +0269.669s  CLASH    250 of 1770 tests, 28 run, 281 skipped, 155 clashes so far
16:24:35.799  +0269.674s  CLASH    OLD      BLD-ME-Ducts&Duct Fittings-vs-BLD-ST-Framing  Navisworks has this test marked Old.
16:24:35.806  +0269.680s  CLASH    OLD      BLD-ME-Ducts&Duct Fittings-vs-BLD-ST-Walls  Navisworks has this test marked Old.
16:24:35.811  +0269.686s  CLASH    OLD      BLD-ME-Ducts&Duct Fittings-vs-BLD-ST-Floors  Navisworks has this test marked Old.
16:24:35.818  +0269.692s  CLASH    OLD      BLD-ME-Ducts&Duct Fittings-vs-BLD-ST-Stair  Navisworks has this test marked Old.
16:24:35.826  +0269.700s  CLASH    OLD      BLD-ME-Duct Accessory-vs-BLD-AR-Floors  Navisworks has this test marked Old.
16:24:35.917  +0269.791s  CLASH    OLD      BLD-ME-Duct Accessory-vs-BLD-AR-Stairs  Navisworks has this test marked Old.
16:24:35.925  +0269.799s  CLASH    OLD      BLD-ME-Duct Accessory-vs-BLD-AR-Ramps  Navisworks has this test marked Old.
16:24:35.931  +0269.806s  CLASH    OLD      BLD-ME-Duct Accessory-vs-BLD-AR-Roofs  Navisworks has this test marked Old.
16:24:35.938  +0269.812s  CLASH    OLD      BLD-ME-Duct Accessory-vs-BLD-AR-Ceilings  Navisworks has this test marked Old.
16:24:35.945  +0269.820s  CLASH    OLD      BLD-ME-Duct Accessory-vs-BLD-AR-Columns  Navisworks has this test marked Old.
16:24:35.953  +0269.828s  CLASH    OLD      BLD-ME-Duct Accessory-vs-BLD-AR-Walls  Navisworks has this test marked Old.
16:24:35.959  +0269.834s  CLASH    OLD      BLD-ME-Duct Accessory-vs-BLD-AR-Windows  Navisworks has this test marked Old.
16:24:35.966  +0269.841s  CLASH    OLD      BLD-ME-Duct Accessory-vs-BLD-AR-Curtain Panels  Navisworks has this test marked Old.
16:24:35.973  +0269.848s  CLASH    OLD      BLD-ME-Duct Accessory-vs-BLD-AR-Curtain Mullions  Navisworks has this test marked Old.
16:24:35.982  +0269.857s  CLASH    OLD      BLD-ME-Duct Accessory-vs-BLD-AR-Doors  Navisworks has this test marked Old.
16:24:35.990  +0269.864s  CLASH    OLD      BLD-ME-Duct Accessory-vs-BLD-AR-Casework  Navisworks has this test marked Old.
16:24:36.001  +0269.876s  CLASH    OLD      BLD-ME-Duct Accessory-vs-BLD-AR-Furniture  Navisworks has this test marked Old.
16:24:36.009  +0269.884s  CLASH    OLD      BLD-ME-Duct Accessory-vs-BLD-AR-Parking  Navisworks has this test marked Old.
16:24:36.018  +0269.892s  CLASH    OLD      BLD-ME-Duct Accessory-vs-BLD-AR-Railings  Navisworks has this test marked Old.
16:24:36.029  +0269.903s  CLASH    OLD      BLD-ME-Duct Accessory-vs-BLD-AR-Site  Navisworks has this test marked Old.
16:24:36.056  +0269.931s  CLASH    OLD      BLD-ME-Duct Accessory-vs-BLD-ST-Foundation  Navisworks has this test marked Old.
16:24:36.064  +0269.939s  CLASH    OLD      BLD-ME-Duct Accessory-vs-BLD-ST-Columns  Navisworks has this test marked Old.
16:24:36.072  +0269.946s  CLASH    OLD      BLD-ME-Duct Accessory-vs-BLD-ST-Framing  Navisworks has this test marked Old.
16:24:36.080  +0269.955s  CLASH    OLD      BLD-ME-Duct Accessory-vs-BLD-ST-Walls  Navisworks has this test marked Old.
16:24:36.087  +0269.962s  CLASH    OLD      BLD-ME-Duct Accessory-vs-BLD-ST-Floors  Navisworks has this test marked Old.
16:24:36.095  +0269.970s  CLASH    275 of 1770 tests, 28 run, 306 skipped, 155 clashes so far
16:24:36.103  +0269.978s  CLASH    OLD      BLD-ME-Duct Accessory-vs-BLD-ST-Stair  Navisworks has this test marked Old.
16:24:36.111  +0269.985s  CLASH    OLD      BLD-ME-Duct Accessory-vs-BLD-ME-Ducts&Duct Fittings  Navisworks has this test marked Old.
16:24:36.216  +0270.090s  CLASH    OLD      BLD-ME-Mechanical Equipment-vs-BLD-AR-Floors  Navisworks has this test marked Old.
16:24:36.223  +0270.097s  CLASH    OLD      BLD-ME-Mechanical Equipment-vs-BLD-AR-Stairs  Navisworks has this test marked Old.
16:24:36.229  +0270.104s  CLASH    OLD      BLD-ME-Mechanical Equipment-vs-BLD-AR-Ramps  Navisworks has this test marked Old.
16:24:36.236  +0270.111s  CLASH    OLD      BLD-ME-Mechanical Equipment-vs-BLD-AR-Roofs  Navisworks has this test marked Old.
16:24:36.245  +0270.119s  CLASH    OLD      BLD-ME-Mechanical Equipment-vs-BLD-AR-Ceilings  Navisworks has this test marked Old.
16:24:36.253  +0270.128s  CLASH    OLD      BLD-ME-Mechanical Equipment-vs-BLD-AR-Columns  Navisworks has this test marked Old.
16:24:36.261  +0270.135s  CLASH    OLD      BLD-ME-Mechanical Equipment-vs-BLD-AR-Walls  Navisworks has this test marked Old.
16:24:36.268  +0270.142s  CLASH    OLD      BLD-ME-Mechanical Equipment-vs-BLD-AR-Windows  Navisworks has this test marked Old.
16:24:36.276  +0270.150s  CLASH    OLD      BLD-ME-Mechanical Equipment-vs-BLD-AR-Curtain Panels  Navisworks has this test marked Old.
16:24:36.283  +0270.158s  CLASH    OLD      BLD-ME-Mechanical Equipment-vs-BLD-AR-Curtain Mullions  Navisworks has this test marked Old.
16:24:36.292  +0270.166s  CLASH    OLD      BLD-ME-Mechanical Equipment-vs-BLD-AR-Doors  Navisworks has this test marked Old.
16:24:36.302  +0270.176s  CLASH    OLD      BLD-ME-Mechanical Equipment-vs-BLD-AR-Casework  Navisworks has this test marked Old.
16:24:36.336  +0270.211s  CLASH    OLD      BLD-ME-Mechanical Equipment-vs-BLD-AR-Furniture  Navisworks has this test marked Old.
16:24:36.344  +0270.219s  CLASH    OLD      BLD-ME-Mechanical Equipment-vs-BLD-AR-Parking  Navisworks has this test marked Old.
16:24:36.353  +0270.227s  CLASH    OLD      BLD-ME-Mechanical Equipment-vs-BLD-AR-Railings  Navisworks has this test marked Old.
16:24:36.361  +0270.235s  CLASH    OLD      BLD-ME-Mechanical Equipment-vs-BLD-AR-Site  Navisworks has this test marked Old.
16:24:36.368  +0270.243s  CLASH    OLD      BLD-ME-Mechanical Equipment-vs-BLD-ST-Foundation  Navisworks has this test marked Old.
16:24:36.378  +0270.252s  CLASH    OLD      BLD-ME-Mechanical Equipment-vs-BLD-ST-Columns  Navisworks has this test marked Old.
16:24:36.384  +0270.259s  CLASH    OLD      BLD-ME-Mechanical Equipment-vs-BLD-ST-Framing  Navisworks has this test marked Old.
16:24:36.391  +0270.266s  CLASH    OLD      BLD-ME-Mechanical Equipment-vs-BLD-ST-Walls  Navisworks has this test marked Old.
16:24:36.398  +0270.273s  CLASH    OLD      BLD-ME-Mechanical Equipment-vs-BLD-ST-Floors  Navisworks has this test marked Old.
16:24:36.406  +0270.281s  CLASH    OLD      BLD-ME-Mechanical Equipment-vs-BLD-ST-Stair  Navisworks has this test marked Old.
16:24:36.578  +0270.452s  CLASH    OLD      BLD-ME-Mechanical Equipment-vs-BLD-ME-Ducts&Duct Fittings  Navisworks has this test marked Old.
16:24:36.585  +0270.459s  CLASH    300 of 1770 tests, 28 run, 331 skipped, 155 clashes so far
16:24:36.590  +0270.465s  CLASH    OLD      BLD-ME-Mechanical Equipment-vs-BLD-ME-Duct Accessory  Navisworks has this test marked Old.
16:24:36.600  +0270.474s  CLASH    OLD      BLD-ME-Flex Ducts-vs-BLD-AR-Floors  Navisworks has this test marked Old.
16:24:36.606  +0270.481s  CLASH    OLD      BLD-ME-Flex Ducts-vs-BLD-AR-Stairs  Navisworks has this test marked Old.
16:24:36.613  +0270.487s  CLASH    OLD      BLD-ME-Flex Ducts-vs-BLD-AR-Ramps  Navisworks has this test marked Old.
16:24:36.619  +0270.494s  CLASH    OLD      BLD-ME-Flex Ducts-vs-BLD-AR-Roofs  Navisworks has this test marked Old.
16:24:36.629  +0270.504s  CLASH    OLD      BLD-ME-Flex Ducts-vs-BLD-AR-Ceilings  Navisworks has this test marked Old.
16:24:36.635  +0270.510s  CLASH    OLD      BLD-ME-Flex Ducts-vs-BLD-AR-Columns  Navisworks has this test marked Old.
16:24:36.643  +0270.518s  CLASH    OLD      BLD-ME-Flex Ducts-vs-BLD-AR-Walls  Navisworks has this test marked Old.
16:24:36.649  +0270.524s  CLASH    OLD      BLD-ME-Flex Ducts-vs-BLD-AR-Windows  Navisworks has this test marked Old.
16:24:36.656  +0270.531s  CLASH    OLD      BLD-ME-Flex Ducts-vs-BLD-AR-Curtain Panels  Navisworks has this test marked Old.
16:24:36.662  +0270.537s  CLASH    OLD      BLD-ME-Flex Ducts-vs-BLD-AR-Curtain Mullions  Navisworks has this test marked Old.
16:24:36.669  +0270.544s  CLASH    OLD      BLD-ME-Flex Ducts-vs-BLD-AR-Doors  Navisworks has this test marked Old.
16:24:36.679  +0270.553s  CLASH    OLD      BLD-ME-Flex Ducts-vs-BLD-AR-Casework  Navisworks has this test marked Old.
16:24:36.686  +0270.560s  CLASH    OLD      BLD-ME-Flex Ducts-vs-BLD-AR-Furniture  Navisworks has this test marked Old.
16:24:36.693  +0270.567s  CLASH    OLD      BLD-ME-Flex Ducts-vs-BLD-AR-Parking  Navisworks has this test marked Old.
16:24:36.698  +0270.572s  CLASH    OLD      BLD-ME-Flex Ducts-vs-BLD-AR-Railings  Navisworks has this test marked Old.
16:24:36.704  +0270.579s  CLASH    OLD      BLD-ME-Flex Ducts-vs-BLD-AR-Site  Navisworks has this test marked Old.
16:24:36.710  +0270.585s  CLASH    OLD      BLD-ME-Flex Ducts-vs-BLD-ST-Foundation  Navisworks has this test marked Old.
16:24:36.717  +0270.592s  CLASH    OLD      BLD-ME-Flex Ducts-vs-BLD-ST-Columns  Navisworks has this test marked Old.
16:24:36.726  +0270.600s  CLASH    OLD      BLD-ME-Flex Ducts-vs-BLD-ST-Framing  Navisworks has this test marked Old.
16:24:36.733  +0270.608s  CLASH    OLD      BLD-ME-Flex Ducts-vs-BLD-ST-Walls  Navisworks has this test marked Old.
16:24:36.838  +0270.712s  CLASH    OLD      BLD-ME-Flex Ducts-vs-BLD-ST-Floors  Navisworks has this test marked Old.
16:24:36.844  +0270.718s  CLASH    OLD      BLD-ME-Flex Ducts-vs-BLD-ST-Stair  Navisworks has this test marked Old.
16:24:36.849  +0270.723s  CLASH    OLD      BLD-ME-Flex Ducts-vs-BLD-ME-Ducts&Duct Fittings  Navisworks has this test marked Old.
16:24:36.855  +0270.729s  CLASH    OLD      BLD-ME-Flex Ducts-vs-BLD-ME-Duct Accessory  Navisworks has this test marked Old.
16:24:36.861  +0270.735s  CLASH    325 of 1770 tests, 28 run, 356 skipped, 155 clashes so far
16:24:36.867  +0270.741s  CLASH    OLD      BLD-ME-Flex Ducts-vs-BLD-ME-Mechanical Equipment  Navisworks has this test marked Old.
16:24:36.873  +0270.747s  CLASH    OLD      BLD-ME-Air Terminals-vs-BLD-AR-Floors  Navisworks has this test marked Old.
16:24:36.879  +0270.754s  CLASH    OLD      BLD-ME-Air Terminals-vs-BLD-AR-Stairs  Navisworks has this test marked Old.
16:24:36.886  +0270.760s  CLASH    OLD      BLD-ME-Air Terminals-vs-BLD-AR-Ramps  Navisworks has this test marked Old.
16:24:36.894  +0270.768s  CLASH    OLD      BLD-ME-Air Terminals-vs-BLD-AR-Roofs  Navisworks has this test marked Old.
16:24:36.900  +0270.775s  CLASH    OLD      BLD-ME-Air Terminals-vs-BLD-AR-Ceilings  Navisworks has this test marked Old.
16:24:36.908  +0270.782s  CLASH    OLD      BLD-ME-Air Terminals-vs-BLD-AR-Columns  Navisworks has this test marked Old.
16:24:36.915  +0270.789s  CLASH    OLD      BLD-ME-Air Terminals-vs-BLD-AR-Walls  Navisworks has this test marked Old.
16:24:36.921  +0270.796s  CLASH    OLD      BLD-ME-Air Terminals-vs-BLD-AR-Windows  Navisworks has this test marked Old.
16:24:36.930  +0270.805s  CLASH    OLD      BLD-ME-Air Terminals-vs-BLD-AR-Curtain Panels  Navisworks has this test marked Old.
16:24:36.938  +0270.812s  CLASH    OLD      BLD-ME-Air Terminals-vs-BLD-AR-Curtain Mullions  Navisworks has this test marked Old.
16:24:36.946  +0270.820s  CLASH    OLD      BLD-ME-Air Terminals-vs-BLD-AR-Doors  Navisworks has this test marked Old.
16:24:36.954  +0270.828s  CLASH    OLD      BLD-ME-Air Terminals-vs-BLD-AR-Casework  Navisworks has this test marked Old.
16:24:36.961  +0270.836s  CLASH    OLD      BLD-ME-Air Terminals-vs-BLD-AR-Furniture  Navisworks has this test marked Old.
16:24:36.968  +0270.843s  CLASH    OLD      BLD-ME-Air Terminals-vs-BLD-AR-Parking  Navisworks has this test marked Old.
16:24:36.979  +0270.854s  CLASH    OLD      BLD-ME-Air Terminals-vs-BLD-AR-Railings  Navisworks has this test marked Old.
16:24:37.072  +0270.946s  CLASH    OLD      BLD-ME-Air Terminals-vs-BLD-AR-Site  Navisworks has this test marked Old.
16:24:37.080  +0270.954s  CLASH    OLD      BLD-ME-Air Terminals-vs-BLD-ST-Foundation  Navisworks has this test marked Old.
16:24:37.087  +0270.961s  CLASH    OLD      BLD-ME-Air Terminals-vs-BLD-ST-Columns  Navisworks has this test marked Old.
16:24:37.093  +0270.968s  CLASH    OLD      BLD-ME-Air Terminals-vs-BLD-ST-Framing  Navisworks has this test marked Old.
16:24:37.101  +0270.975s  CLASH    OLD      BLD-ME-Air Terminals-vs-BLD-ST-Walls  Navisworks has this test marked Old.
16:24:37.109  +0270.983s  CLASH    OLD      BLD-ME-Air Terminals-vs-BLD-ST-Floors  Navisworks has this test marked Old.
16:24:37.116  +0270.991s  CLASH    OLD      BLD-ME-Air Terminals-vs-BLD-ST-Stair  Navisworks has this test marked Old.
16:24:37.127  +0271.001s  CLASH    OLD      BLD-ME-Air Terminals-vs-BLD-ME-Ducts&Duct Fittings  Navisworks has this test marked Old.
16:24:37.133  +0271.008s  CLASH    OLD      BLD-ME-Air Terminals-vs-BLD-ME-Duct Accessory  Navisworks has this test marked Old.
16:24:37.142  +0271.016s  CLASH    350 of 1770 tests, 28 run, 381 skipped, 155 clashes so far
16:24:37.150  +0271.024s  CLASH    OLD      BLD-ME-Air Terminals-vs-BLD-ME-Mechanical Equipment  Navisworks has this test marked Old.
16:24:37.157  +0271.031s  CLASH    OLD      BLD-ME-Air Terminals-vs-BLD-ME-Flex Ducts  Navisworks has this test marked Old.
16:24:37.163  +0271.037s  CLASH    OLD      BLD-ME-Pipes&Pipe Fittings-vs-BLD-AR-Floors  Navisworks has this test marked Old.
16:24:37.170  +0271.044s  CLASH    OLD      BLD-ME-Pipes&Pipe Fittings-vs-BLD-AR-Stairs  Navisworks has this test marked Old.
16:24:37.178  +0271.053s  CLASH    OLD      BLD-ME-Pipes&Pipe Fittings-vs-BLD-AR-Ramps  Navisworks has this test marked Old.
16:24:37.185  +0271.060s  CLASH    OLD      BLD-ME-Pipes&Pipe Fittings-vs-BLD-AR-Roofs  Navisworks has this test marked Old.
16:24:37.192  +0271.066s  CLASH    OLD      BLD-ME-Pipes&Pipe Fittings-vs-BLD-AR-Ceilings  Navisworks has this test marked Old.
16:24:37.199  +0271.073s  CLASH    OLD      BLD-ME-Pipes&Pipe Fittings-vs-BLD-AR-Columns  Navisworks has this test marked Old.
16:24:37.205  +0271.080s  CLASH    OLD      BLD-ME-Pipes&Pipe Fittings-vs-BLD-AR-Walls  Navisworks has this test marked Old.
16:24:37.212  +0271.087s  CLASH    OLD      BLD-ME-Pipes&Pipe Fittings-vs-BLD-AR-Windows  Navisworks has this test marked Old.
16:24:37.219  +0271.094s  CLASH    OLD      BLD-ME-Pipes&Pipe Fittings-vs-BLD-AR-Curtain Panels  Navisworks has this test marked Old.
16:24:37.299  +0271.173s  CLASH    OLD      BLD-ME-Pipes&Pipe Fittings-vs-BLD-AR-Curtain Mullions  Navisworks has this test marked Old.
16:24:37.307  +0271.181s  CLASH    OLD      BLD-ME-Pipes&Pipe Fittings-vs-BLD-AR-Doors  Navisworks has this test marked Old.
16:24:37.338  +0271.213s  CLASH    OLD      BLD-ME-Pipes&Pipe Fittings-vs-BLD-AR-Casework  Navisworks has this test marked Old.
16:24:37.346  +0271.220s  CLASH    OLD      BLD-ME-Pipes&Pipe Fittings-vs-BLD-AR-Furniture  Navisworks has this test marked Old.
16:24:37.352  +0271.227s  CLASH    OLD      BLD-ME-Pipes&Pipe Fittings-vs-BLD-AR-Parking  Navisworks has this test marked Old.
16:24:37.360  +0271.234s  CLASH    OLD      BLD-ME-Pipes&Pipe Fittings-vs-BLD-AR-Railings  Navisworks has this test marked Old.
16:24:37.367  +0271.241s  CLASH    OLD      BLD-ME-Pipes&Pipe Fittings-vs-BLD-AR-Site  Navisworks has this test marked Old.
16:24:37.376  +0271.250s  CLASH    OLD      BLD-ME-Pipes&Pipe Fittings-vs-BLD-ST-Foundation  Navisworks has this test marked Old.
16:24:37.382  +0271.256s  CLASH    OLD      BLD-ME-Pipes&Pipe Fittings-vs-BLD-ST-Columns  Navisworks has this test marked Old.
16:24:37.389  +0271.264s  CLASH    OLD      BLD-ME-Pipes&Pipe Fittings-vs-BLD-ST-Framing  Navisworks has this test marked Old.
16:24:37.397  +0271.271s  CLASH    OLD      BLD-ME-Pipes&Pipe Fittings-vs-BLD-ST-Walls  Navisworks has this test marked Old.
16:24:37.406  +0271.281s  CLASH    OLD      BLD-ME-Pipes&Pipe Fittings-vs-BLD-ST-Floors  Navisworks has this test marked Old.
16:24:37.413  +0271.288s  CLASH    OLD      BLD-ME-Pipes&Pipe Fittings-vs-BLD-ST-Stair  Navisworks has this test marked Old.
16:24:37.420  +0271.294s  CLASH    OLD      BLD-ME-Pipes&Pipe Fittings-vs-BLD-ME-Ducts&Duct Fittings  Navisworks has this test marked Old.
16:24:37.429  +0271.303s  CLASH    375 of 1770 tests, 28 run, 406 skipped, 155 clashes so far
16:24:37.436  +0271.310s  CLASH    OLD      BLD-ME-Pipes&Pipe Fittings-vs-BLD-ME-Duct Accessory  Navisworks has this test marked Old.
16:24:37.443  +0271.317s  CLASH    OLD      BLD-ME-Pipes&Pipe Fittings-vs-BLD-ME-Mechanical Equipment  Navisworks has this test marked Old.
16:24:37.450  +0271.325s  CLASH    OLD      BLD-ME-Pipes&Pipe Fittings-vs-BLD-ME-Flex Ducts  Navisworks has this test marked Old.
16:24:37.458  +0271.332s  CLASH    OLD      BLD-ME-Pipes&Pipe Fittings-vs-BLD-ME-Air Terminals  Navisworks has this test marked Old.
16:24:37.465  +0271.340s  CLASH    OLD      BLD-ME-Pipe Accessories-vs-BLD-AR-Floors  Navisworks has this test marked Old.
16:24:37.562  +0271.436s  CLASH    OLD      BLD-ME-Pipe Accessories-vs-BLD-AR-Stairs  Navisworks has this test marked Old.
16:24:37.569  +0271.444s  CLASH    OLD      BLD-ME-Pipe Accessories-vs-BLD-AR-Ramps  Navisworks has this test marked Old.
16:24:37.577  +0271.452s  CLASH    OLD      BLD-ME-Pipe Accessories-vs-BLD-AR-Roofs  Navisworks has this test marked Old.
16:24:37.585  +0271.459s  CLASH    OLD      BLD-ME-Pipe Accessories-vs-BLD-AR-Ceilings  Navisworks has this test marked Old.
16:24:37.592  +0271.466s  CLASH    OLD      BLD-ME-Pipe Accessories-vs-BLD-AR-Columns  Navisworks has this test marked Old.
16:24:37.598  +0271.473s  CLASH    OLD      BLD-ME-Pipe Accessories-vs-BLD-AR-Walls  Navisworks has this test marked Old.
16:24:37.606  +0271.481s  CLASH    OLD      BLD-ME-Pipe Accessories-vs-BLD-AR-Windows  Navisworks has this test marked Old.
16:24:37.614  +0271.488s  CLASH    OLD      BLD-ME-Pipe Accessories-vs-BLD-AR-Curtain Panels  Navisworks has this test marked Old.
16:24:37.621  +0271.495s  CLASH    OLD      BLD-ME-Pipe Accessories-vs-BLD-AR-Curtain Mullions  Navisworks has this test marked Old.
16:24:37.629  +0271.503s  CLASH    OLD      BLD-ME-Pipe Accessories-vs-BLD-AR-Doors  Navisworks has this test marked Old.
16:24:37.636  +0271.511s  CLASH    OLD      BLD-ME-Pipe Accessories-vs-BLD-AR-Casework  Navisworks has this test marked Old.
16:24:37.642  +0271.517s  CLASH    OLD      BLD-ME-Pipe Accessories-vs-BLD-AR-Furniture  Navisworks has this test marked Old.
16:24:37.649  +0271.524s  CLASH    OLD      BLD-ME-Pipe Accessories-vs-BLD-AR-Parking  Navisworks has this test marked Old.
16:24:37.657  +0271.531s  CLASH    OLD      BLD-ME-Pipe Accessories-vs-BLD-AR-Railings  Navisworks has this test marked Old.
16:24:37.665  +0271.539s  CLASH    OLD      BLD-ME-Pipe Accessories-vs-BLD-AR-Site  Navisworks has this test marked Old.
16:24:37.675  +0271.549s  CLASH    OLD      BLD-ME-Pipe Accessories-vs-BLD-ST-Foundation  Navisworks has this test marked Old.
16:24:37.684  +0271.559s  CLASH    OLD      BLD-ME-Pipe Accessories-vs-BLD-ST-Columns  Navisworks has this test marked Old.
16:24:37.694  +0271.568s  CLASH    OLD      BLD-ME-Pipe Accessories-vs-BLD-ST-Framing  Navisworks has this test marked Old.
16:24:37.705  +0271.579s  CLASH    OLD      BLD-ME-Pipe Accessories-vs-BLD-ST-Walls  Navisworks has this test marked Old.
16:24:37.714  +0271.589s  CLASH    OLD      BLD-ME-Pipe Accessories-vs-BLD-ST-Floors  Navisworks has this test marked Old.
16:24:37.728  +0271.603s  CLASH    400 of 1770 tests, 28 run, 431 skipped, 155 clashes so far
16:24:37.834  +0271.709s  CLASH    OLD      BLD-ME-Pipe Accessories-vs-BLD-ST-Stair  Navisworks has this test marked Old.
16:24:37.843  +0271.717s  CLASH    OLD      BLD-ME-Pipe Accessories-vs-BLD-ME-Ducts&Duct Fittings  Navisworks has this test marked Old.
16:24:37.851  +0271.726s  CLASH    OLD      BLD-ME-Pipe Accessories-vs-BLD-ME-Duct Accessory  Navisworks has this test marked Old.
16:24:37.861  +0271.736s  CLASH    OLD      BLD-ME-Pipe Accessories-vs-BLD-ME-Mechanical Equipment  Navisworks has this test marked Old.
16:24:37.871  +0271.745s  CLASH    OLD      BLD-ME-Pipe Accessories-vs-BLD-ME-Flex Ducts  Navisworks has this test marked Old.
16:24:37.882  +0271.756s  CLASH    OLD      BLD-ME-Pipe Accessories-vs-BLD-ME-Air Terminals  Navisworks has this test marked Old.
16:24:37.889  +0271.763s  CLASH    OLD      BLD-ME-Pipe Accessories-vs-BLD-ME-Pipes&Pipe Fittings  Navisworks has this test marked Old.
16:24:37.896  +0271.770s  CLASH    OLD      BLD-ME-Plumbing Fixtures-vs-BLD-AR-Floors  Navisworks has this test marked Old.
16:24:37.903  +0271.777s  CLASH    OLD      BLD-ME-Plumbing Fixtures-vs-BLD-AR-Stairs  Navisworks has this test marked Old.
16:24:37.910  +0271.785s  CLASH    OLD      BLD-ME-Plumbing Fixtures-vs-BLD-AR-Ramps  Navisworks has this test marked Old.
16:24:37.918  +0271.793s  CLASH    OLD      BLD-ME-Plumbing Fixtures-vs-BLD-AR-Roofs  Navisworks has this test marked Old.
16:24:37.929  +0271.803s  CLASH    OLD      BLD-ME-Plumbing Fixtures-vs-BLD-AR-Ceilings  Navisworks has this test marked Old.
16:24:37.937  +0271.811s  CLASH    OLD      BLD-ME-Plumbing Fixtures-vs-BLD-AR-Columns  Navisworks has this test marked Old.
16:24:37.944  +0271.819s  CLASH    OLD      BLD-ME-Plumbing Fixtures-vs-BLD-AR-Walls  Navisworks has this test marked Old.
16:24:37.953  +0271.828s  CLASH    OLD      BLD-ME-Plumbing Fixtures-vs-BLD-AR-Windows  Navisworks has this test marked Old.
16:24:37.962  +0271.837s  CLASH    OLD      BLD-ME-Plumbing Fixtures-vs-BLD-AR-Curtain Panels  Navisworks has this test marked Old.
16:24:37.971  +0271.845s  CLASH    OLD      BLD-ME-Plumbing Fixtures-vs-BLD-AR-Curtain Mullions  Navisworks has this test marked Old.
16:24:37.979  +0271.853s  CLASH    OLD      BLD-ME-Plumbing Fixtures-vs-BLD-AR-Doors  Navisworks has this test marked Old.
16:24:37.987  +0271.862s  CLASH    OLD      BLD-ME-Plumbing Fixtures-vs-BLD-AR-Casework  Navisworks has this test marked Old.
16:24:37.996  +0271.871s  CLASH    OLD      BLD-ME-Plumbing Fixtures-vs-BLD-AR-Furniture  Navisworks has this test marked Old.
16:24:38.106  +0271.981s  CLASH    OLD      BLD-ME-Plumbing Fixtures-vs-BLD-AR-Parking  Navisworks has this test marked Old.
16:24:38.117  +0271.991s  CLASH    OLD      BLD-ME-Plumbing Fixtures-vs-BLD-AR-Railings  Navisworks has this test marked Old.
16:24:38.131  +0272.005s  CLASH    OLD      BLD-ME-Plumbing Fixtures-vs-BLD-AR-Site  Navisworks has this test marked Old.
16:24:38.143  +0272.017s  CLASH    OLD      BLD-ME-Plumbing Fixtures-vs-BLD-ST-Foundation  Navisworks has this test marked Old.
16:24:38.155  +0272.030s  CLASH    OLD      BLD-ME-Plumbing Fixtures-vs-BLD-ST-Columns  Navisworks has this test marked Old.
16:24:38.166  +0272.041s  CLASH    425 of 1770 tests, 28 run, 456 skipped, 155 clashes so far
16:24:38.178  +0272.053s  CLASH    OLD      BLD-ME-Plumbing Fixtures-vs-BLD-ST-Framing  Navisworks has this test marked Old.
16:24:38.188  +0272.063s  CLASH    OLD      BLD-ME-Plumbing Fixtures-vs-BLD-ST-Walls  Navisworks has this test marked Old.
16:24:38.201  +0272.075s  CLASH    OLD      BLD-ME-Plumbing Fixtures-vs-BLD-ST-Floors  Navisworks has this test marked Old.
16:24:38.213  +0272.088s  CLASH    OLD      BLD-ME-Plumbing Fixtures-vs-BLD-ST-Stair  Navisworks has this test marked Old.
16:24:38.227  +0272.102s  CLASH    OLD      BLD-ME-Plumbing Fixtures-vs-BLD-ME-Ducts&Duct Fittings  Navisworks has this test marked Old.
16:24:38.240  +0272.114s  CLASH    OLD      BLD-ME-Plumbing Fixtures-vs-BLD-ME-Duct Accessory  Navisworks has this test marked Old.
16:24:38.254  +0272.129s  CLASH    OLD      BLD-ME-Plumbing Fixtures-vs-BLD-ME-Mechanical Equipment  Navisworks has this test marked Old.
16:24:38.269  +0272.143s  CLASH    OLD      BLD-ME-Plumbing Fixtures-vs-BLD-ME-Flex Ducts  Navisworks has this test marked Old.
16:24:38.286  +0272.160s  CLASH    OLD      BLD-ME-Plumbing Fixtures-vs-BLD-ME-Air Terminals  Navisworks has this test marked Old.
16:24:38.299  +0272.173s  CLASH    OLD      BLD-ME-Plumbing Fixtures-vs-BLD-ME-Pipes&Pipe Fittings  Navisworks has this test marked Old.
16:24:38.313  +0272.188s  CLASH    OLD      BLD-ME-Plumbing Fixtures-vs-BLD-ME-Pipe Accessories  Navisworks has this test marked Old.
16:24:38.348  +0272.222s  CLASH    OLD      BLD-ME-Flex Pipes-vs-BLD-AR-Floors  Navisworks has this test marked Old.
16:24:38.360  +0272.235s  CLASH    OLD      BLD-ME-Flex Pipes-vs-BLD-AR-Stairs  Navisworks has this test marked Old.
16:24:38.371  +0272.246s  CLASH    OLD      BLD-ME-Flex Pipes-vs-BLD-AR-Ramps  Navisworks has this test marked Old.
16:24:38.485  +0272.359s  CLASH    OLD      BLD-ME-Flex Pipes-vs-BLD-AR-Roofs  Navisworks has this test marked Old.
16:24:38.492  +0272.368s  CLASH    OLD      BLD-ME-Flex Pipes-vs-BLD-AR-Ceilings  Navisworks has this test marked Old.
16:24:38.499  +0272.374s  CLASH    OLD      BLD-ME-Flex Pipes-vs-BLD-AR-Columns  Navisworks has this test marked Old.
16:24:38.507  +0272.382s  CLASH    OLD      BLD-ME-Flex Pipes-vs-BLD-AR-Walls  Navisworks has this test marked Old.
16:24:38.514  +0272.389s  CLASH    OLD      BLD-ME-Flex Pipes-vs-BLD-AR-Windows  Navisworks has this test marked Old.
16:24:38.523  +0272.398s  CLASH    OLD      BLD-ME-Flex Pipes-vs-BLD-AR-Curtain Panels  Navisworks has this test marked Old.
16:24:38.531  +0272.405s  CLASH    OLD      BLD-ME-Flex Pipes-vs-BLD-AR-Curtain Mullions  Navisworks has this test marked Old.
16:24:38.538  +0272.412s  CLASH    OLD      BLD-ME-Flex Pipes-vs-BLD-AR-Doors  Navisworks has this test marked Old.
16:24:38.545  +0272.420s  CLASH    OLD      BLD-ME-Flex Pipes-vs-BLD-AR-Casework  Navisworks has this test marked Old.
16:24:38.552  +0272.427s  CLASH    OLD      BLD-ME-Flex Pipes-vs-BLD-AR-Furniture  Navisworks has this test marked Old.
16:24:38.560  +0272.435s  CLASH    OLD      BLD-ME-Flex Pipes-vs-BLD-AR-Parking  Navisworks has this test marked Old.
16:24:38.569  +0272.443s  CLASH    450 of 1770 tests, 28 run, 481 skipped, 155 clashes so far
16:24:38.577  +0272.452s  CLASH    OLD      BLD-ME-Flex Pipes-vs-BLD-AR-Railings  Navisworks has this test marked Old.
16:24:38.584  +0272.459s  CLASH    OLD      BLD-ME-Flex Pipes-vs-BLD-AR-Site  Navisworks has this test marked Old.
16:24:38.591  +0272.465s  CLASH    OLD      BLD-ME-Flex Pipes-vs-BLD-ST-Foundation  Navisworks has this test marked Old.
16:24:38.598  +0272.472s  CLASH    OLD      BLD-ME-Flex Pipes-vs-BLD-ST-Columns  Navisworks has this test marked Old.
16:24:38.604  +0272.479s  CLASH    OLD      BLD-ME-Flex Pipes-vs-BLD-ST-Framing  Navisworks has this test marked Old.
16:24:38.612  +0272.487s  CLASH    OLD      BLD-ME-Flex Pipes-vs-BLD-ST-Walls  Navisworks has this test marked Old.
16:24:38.620  +0272.495s  CLASH    OLD      BLD-ME-Flex Pipes-vs-BLD-ST-Floors  Navisworks has this test marked Old.
16:24:38.629  +0272.504s  CLASH    OLD      BLD-ME-Flex Pipes-vs-BLD-ST-Stair  Navisworks has this test marked Old.
16:24:38.701  +0272.575s  CLASH    OLD      BLD-ME-Flex Pipes-vs-BLD-ME-Ducts&Duct Fittings  Navisworks has this test marked Old.
16:24:38.708  +0272.582s  CLASH    OLD      BLD-ME-Flex Pipes-vs-BLD-ME-Duct Accessory  Navisworks has this test marked Old.
16:24:38.714  +0272.589s  CLASH    OLD      BLD-ME-Flex Pipes-vs-BLD-ME-Mechanical Equipment  Navisworks has this test marked Old.
16:24:38.725  +0272.600s  CLASH    OLD      BLD-ME-Flex Pipes-vs-BLD-ME-Flex Ducts  Navisworks has this test marked Old.
16:24:38.733  +0272.607s  CLASH    OLD      BLD-ME-Flex Pipes-vs-BLD-ME-Air Terminals  Navisworks has this test marked Old.
16:24:38.740  +0272.614s  CLASH    OLD      BLD-ME-Flex Pipes-vs-BLD-ME-Pipes&Pipe Fittings  Navisworks has this test marked Old.
16:24:38.745  +0272.620s  CLASH    OLD      BLD-ME-Flex Pipes-vs-BLD-ME-Pipe Accessories  Navisworks has this test marked Old.
16:24:38.752  +0272.627s  CLASH    OLD      BLD-ME-Flex Pipes-vs-BLD-ME-Plumbing Fixtures  Navisworks has this test marked Old.
16:24:38.759  +0272.634s  CLASH    OLD      BLD-FF-Mechanical Equipment-vs-BLD-AR-Floors  Navisworks has this test marked Old.
16:24:38.766  +0272.641s  CLASH    OLD      BLD-FF-Mechanical Equipment-vs-BLD-AR-Stairs  Navisworks has this test marked Old.
16:24:38.775  +0272.649s  CLASH    OLD      BLD-FF-Mechanical Equipment-vs-BLD-AR-Ramps  Navisworks has this test marked Old.
16:24:38.781  +0272.656s  CLASH    OLD      BLD-FF-Mechanical Equipment-vs-BLD-AR-Roofs  Navisworks has this test marked Old.
16:24:38.789  +0272.663s  CLASH    OLD      BLD-FF-Mechanical Equipment-vs-BLD-AR-Ceilings  Navisworks has this test marked Old.
16:24:38.795  +0272.669s  CLASH    OLD      BLD-FF-Mechanical Equipment-vs-BLD-AR-Columns  Navisworks has this test marked Old.
16:24:38.802  +0272.676s  CLASH    OLD      BLD-FF-Mechanical Equipment-vs-BLD-AR-Walls  Navisworks has this test marked Old.
16:24:38.809  +0272.684s  CLASH    OLD      BLD-FF-Mechanical Equipment-vs-BLD-AR-Windows  Navisworks has this test marked Old.
16:24:38.815  +0272.690s  CLASH    OLD      BLD-FF-Mechanical Equipment-vs-BLD-AR-Curtain Panels  Navisworks has this test marked Old.
16:24:38.823  +0272.699s  CLASH    475 of 1770 tests, 28 run, 506 skipped, 155 clashes so far
16:24:38.830  +0272.705s  CLASH    OLD      BLD-FF-Mechanical Equipment-vs-BLD-AR-Curtain Mullions  Navisworks has this test marked Old.
16:24:38.840  +0272.714s  CLASH    OLD      BLD-FF-Mechanical Equipment-vs-BLD-AR-Doors  Navisworks has this test marked Old.
16:24:38.914  +0272.789s  CLASH    OLD      BLD-FF-Mechanical Equipment-vs-BLD-AR-Casework  Navisworks has this test marked Old.
16:24:38.923  +0272.797s  CLASH    OLD      BLD-FF-Mechanical Equipment-vs-BLD-AR-Furniture  Navisworks has this test marked Old.
16:24:38.931  +0272.806s  CLASH    OLD      BLD-FF-Mechanical Equipment-vs-BLD-AR-Parking  Navisworks has this test marked Old.
16:24:38.939  +0272.813s  CLASH    OLD      BLD-FF-Mechanical Equipment-vs-BLD-AR-Railings  Navisworks has this test marked Old.
16:24:38.945  +0272.820s  CLASH    OLD      BLD-FF-Mechanical Equipment-vs-BLD-AR-Site  Navisworks has this test marked Old.
16:24:38.953  +0272.827s  CLASH    OLD      BLD-FF-Mechanical Equipment-vs-BLD-ST-Foundation  Navisworks has this test marked Old.
16:24:38.959  +0272.833s  CLASH    OLD      BLD-FF-Mechanical Equipment-vs-BLD-ST-Columns  Navisworks has this test marked Old.
16:24:38.966  +0272.840s  CLASH    OLD      BLD-FF-Mechanical Equipment-vs-BLD-ST-Framing  Navisworks has this test marked Old.
16:24:38.974  +0272.849s  CLASH    OLD      BLD-FF-Mechanical Equipment-vs-BLD-ST-Walls  Navisworks has this test marked Old.
16:24:38.981  +0272.855s  CLASH    OLD      BLD-FF-Mechanical Equipment-vs-BLD-ST-Floors  Navisworks has this test marked Old.
16:24:38.988  +0272.863s  CLASH    OLD      BLD-FF-Mechanical Equipment-vs-BLD-ST-Stair  Navisworks has this test marked Old.
16:24:38.995  +0272.870s  CLASH    OLD      BLD-FF-Mechanical Equipment-vs-BLD-ME-Ducts&Duct Fittings  Navisworks has this test marked Old.
16:24:39.003  +0272.877s  CLASH    OLD      BLD-FF-Mechanical Equipment-vs-BLD-ME-Duct Accessory  Navisworks has this test marked Old.
16:24:39.010  +0272.884s  CLASH    OLD      BLD-FF-Mechanical Equipment-vs-BLD-ME-Mechanical Equipment  Navisworks has this test marked Old.
16:24:39.016  +0272.891s  CLASH    OLD      BLD-FF-Mechanical Equipment-vs-BLD-ME-Flex Ducts  Navisworks has this test marked Old.
16:24:39.023  +0272.897s  CLASH    OLD      BLD-FF-Mechanical Equipment-vs-BLD-ME-Air Terminals  Navisworks has this test marked Old.
16:24:39.030  +0272.904s  CLASH    OLD      BLD-FF-Mechanical Equipment-vs-BLD-ME-Pipes&Pipe Fittings  Navisworks has this test marked Old.
16:24:39.037  +0272.911s  CLASH    OLD      BLD-FF-Mechanical Equipment-vs-BLD-ME-Pipe Accessories  Navisworks has this test marked Old.
16:24:39.046  +0272.921s  CLASH    OLD      BLD-FF-Mechanical Equipment-vs-BLD-ME-Plumbing Fixtures  Navisworks has this test marked Old.
16:24:39.126  +0273.001s  CLASH    OLD      BLD-FF-Mechanical Equipment-vs-BLD-ME-Flex Pipes  Navisworks has this test marked Old.
16:24:39.133  +0273.008s  CLASH    OLD      BLD-FF-Pipes & Pipe Fittings-vs-BLD-AR-Floors  Navisworks has this test marked Old.
16:24:39.143  +0273.017s  CLASH    OLD      BLD-FF-Pipes & Pipe Fittings-vs-BLD-AR-Stairs  Navisworks has this test marked Old.
16:24:39.151  +0273.026s  CLASH    OLD      BLD-FF-Pipes & Pipe Fittings-vs-BLD-AR-Ramps  Navisworks has this test marked Old.
16:24:39.160  +0273.034s  CLASH    500 of 1770 tests, 28 run, 531 skipped, 155 clashes so far
16:24:39.167  +0273.042s  CLASH    OLD      BLD-FF-Pipes & Pipe Fittings-vs-BLD-AR-Roofs  Navisworks has this test marked Old.
16:24:39.177  +0273.052s  CLASH    OLD      BLD-FF-Pipes & Pipe Fittings-vs-BLD-AR-Ceilings  Navisworks has this test marked Old.
16:24:39.185  +0273.059s  CLASH    OLD      BLD-FF-Pipes & Pipe Fittings-vs-BLD-AR-Columns  Navisworks has this test marked Old.
16:24:39.192  +0273.067s  CLASH    OLD      BLD-FF-Pipes & Pipe Fittings-vs-BLD-AR-Walls  Navisworks has this test marked Old.
16:24:39.199  +0273.074s  CLASH    OLD      BLD-FF-Pipes & Pipe Fittings-vs-BLD-AR-Windows  Navisworks has this test marked Old.
16:24:39.207  +0273.081s  CLASH    OLD      BLD-FF-Pipes & Pipe Fittings-vs-BLD-AR-Curtain Panels  Navisworks has this test marked Old.
16:24:39.214  +0273.089s  CLASH    OLD      BLD-FF-Pipes & Pipe Fittings-vs-BLD-AR-Curtain Mullions  Navisworks has this test marked Old.
16:24:39.222  +0273.098s  CLASH    OLD      BLD-FF-Pipes & Pipe Fittings-vs-BLD-AR-Doors  Navisworks has this test marked Old.
16:24:39.232  +0273.107s  CLASH    OLD      BLD-FF-Pipes & Pipe Fittings-vs-BLD-AR-Casework  Navisworks has this test marked Old.
16:24:39.241  +0273.115s  CLASH    OLD      BLD-FF-Pipes & Pipe Fittings-vs-BLD-AR-Furniture  Navisworks has this test marked Old.
16:24:39.248  +0273.123s  CLASH    OLD      BLD-FF-Pipes & Pipe Fittings-vs-BLD-AR-Parking  Navisworks has this test marked Old.
16:24:39.256  +0273.130s  CLASH    OLD      BLD-FF-Pipes & Pipe Fittings-vs-BLD-AR-Railings  Navisworks has this test marked Old.
16:24:39.262  +0273.137s  CLASH    OLD      BLD-FF-Pipes & Pipe Fittings-vs-BLD-AR-Site  Navisworks has this test marked Old.
16:24:39.269  +0273.144s  CLASH    OLD      BLD-FF-Pipes & Pipe Fittings-vs-BLD-ST-Foundation  Navisworks has this test marked Old.
16:24:39.369  +0273.243s  CLASH    OLD      BLD-FF-Pipes & Pipe Fittings-vs-BLD-ST-Columns  Navisworks has this test marked Old.
16:24:39.377  +0273.252s  CLASH    OLD      BLD-FF-Pipes & Pipe Fittings-vs-BLD-ST-Framing  Navisworks has this test marked Old.
16:24:39.387  +0273.261s  CLASH    OLD      BLD-FF-Pipes & Pipe Fittings-vs-BLD-ST-Walls  Navisworks has this test marked Old.
16:24:39.397  +0273.271s  CLASH    OLD      BLD-FF-Pipes & Pipe Fittings-vs-BLD-ST-Floors  Navisworks has this test marked Old.
16:24:39.404  +0273.278s  CLASH    OLD      BLD-FF-Pipes & Pipe Fittings-vs-BLD-ST-Stair  Navisworks has this test marked Old.
16:24:39.410  +0273.285s  CLASH    OLD      BLD-FF-Pipes & Pipe Fittings-vs-BLD-ME-Ducts&Duct Fittings  Navisworks has this test marked Old.
16:24:39.417  +0273.291s  CLASH    OLD      BLD-FF-Pipes & Pipe Fittings-vs-BLD-ME-Duct Accessory  Navisworks has this test marked Old.
16:24:39.426  +0273.300s  CLASH    OLD      BLD-FF-Pipes & Pipe Fittings-vs-BLD-ME-Mechanical Equipment  Navisworks has this test marked Old.
16:24:39.433  +0273.308s  CLASH    OLD      BLD-FF-Pipes & Pipe Fittings-vs-BLD-ME-Flex Ducts  Navisworks has this test marked Old.
16:24:39.441  +0273.316s  CLASH    OLD      BLD-FF-Pipes & Pipe Fittings-vs-BLD-ME-Air Terminals  Navisworks has this test marked Old.
16:24:39.449  +0273.324s  CLASH    OLD      BLD-FF-Pipes & Pipe Fittings-vs-BLD-ME-Pipes&Pipe Fittings  Navisworks has this test marked Old.
16:24:39.457  +0273.332s  CLASH    525 of 1770 tests, 28 run, 556 skipped, 155 clashes so far
16:24:39.464  +0273.339s  CLASH    OLD      BLD-FF-Pipes & Pipe Fittings-vs-BLD-ME-Pipe Accessories  Navisworks has this test marked Old.
16:24:39.474  +0273.349s  CLASH    OLD      BLD-FF-Pipes & Pipe Fittings-vs-BLD-ME-Plumbing Fixtures  Navisworks has this test marked Old.
16:24:39.485  +0273.359s  CLASH    OLD      BLD-FF-Pipes & Pipe Fittings-vs-BLD-ME-Flex Pipes  Navisworks has this test marked Old.
16:24:39.493  +0273.368s  CLASH    OLD      BLD-FF-Pipes & Pipe Fittings-vs-BLD-FF-Mechanical Equipment  Navisworks has this test marked Old.
16:24:39.503  +0273.378s  CLASH    OLD      BLD-FF-Pipe Accessories-vs-BLD-AR-Floors  Navisworks has this test marked Old.
16:24:39.511  +0273.386s  CLASH    OLD      BLD-FF-Pipe Accessories-vs-BLD-AR-Stairs  Navisworks has this test marked Old.
16:24:39.522  +0273.397s  CLASH    OLD      BLD-FF-Pipe Accessories-vs-BLD-AR-Ramps  Navisworks has this test marked Old.
16:24:39.640  +0273.515s  CLASH    OLD      BLD-FF-Pipe Accessories-vs-BLD-AR-Roofs  Navisworks has this test marked Old.
16:24:39.650  +0273.524s  CLASH    OLD      BLD-FF-Pipe Accessories-vs-BLD-AR-Ceilings  Navisworks has this test marked Old.
16:24:39.658  +0273.533s  CLASH    OLD      BLD-FF-Pipe Accessories-vs-BLD-AR-Columns  Navisworks has this test marked Old.
16:24:39.668  +0273.542s  CLASH    OLD      BLD-FF-Pipe Accessories-vs-BLD-AR-Walls  Navisworks has this test marked Old.
16:24:39.679  +0273.554s  CLASH    OLD      BLD-FF-Pipe Accessories-vs-BLD-AR-Windows  Navisworks has this test marked Old.
16:24:39.688  +0273.562s  CLASH    OLD      BLD-FF-Pipe Accessories-vs-BLD-AR-Curtain Panels  Navisworks has this test marked Old.
16:24:39.697  +0273.571s  CLASH    OLD      BLD-FF-Pipe Accessories-vs-BLD-AR-Curtain Mullions  Navisworks has this test marked Old.
16:24:39.705  +0273.580s  CLASH    OLD      BLD-FF-Pipe Accessories-vs-BLD-AR-Doors  Navisworks has this test marked Old.
16:24:39.717  +0273.592s  CLASH    OLD      BLD-FF-Pipe Accessories-vs-BLD-AR-Casework  Navisworks has this test marked Old.
16:24:39.726  +0273.601s  CLASH    OLD      BLD-FF-Pipe Accessories-vs-BLD-AR-Furniture  Navisworks has this test marked Old.
16:24:39.734  +0273.609s  CLASH    OLD      BLD-FF-Pipe Accessories-vs-BLD-AR-Parking  Navisworks has this test marked Old.
16:24:39.743  +0273.617s  CLASH    OLD      BLD-FF-Pipe Accessories-vs-BLD-AR-Railings  Navisworks has this test marked Old.
16:24:39.751  +0273.626s  CLASH    OLD      BLD-FF-Pipe Accessories-vs-BLD-AR-Site  Navisworks has this test marked Old.
16:24:39.761  +0273.635s  CLASH    OLD      BLD-FF-Pipe Accessories-vs-BLD-ST-Foundation  Navisworks has this test marked Old.
16:24:39.770  +0273.645s  CLASH    OLD      BLD-FF-Pipe Accessories-vs-BLD-ST-Columns  Navisworks has this test marked Old.
16:24:39.781  +0273.655s  CLASH    OLD      BLD-FF-Pipe Accessories-vs-BLD-ST-Framing  Navisworks has this test marked Old.
16:24:39.789  +0273.663s  CLASH    OLD      BLD-FF-Pipe Accessories-vs-BLD-ST-Walls  Navisworks has this test marked Old.
16:24:39.797  +0273.671s  CLASH    OLD      BLD-FF-Pipe Accessories-vs-BLD-ST-Floors  Navisworks has this test marked Old.
16:24:39.806  +0273.681s  CLASH    550 of 1770 tests, 28 run, 581 skipped, 155 clashes so far
16:24:39.916  +0273.791s  CLASH    OLD      BLD-FF-Pipe Accessories-vs-BLD-ST-Stair  Navisworks has this test marked Old.
16:24:39.929  +0273.804s  CLASH    OLD      BLD-FF-Pipe Accessories-vs-BLD-ME-Ducts&Duct Fittings  Navisworks has this test marked Old.
16:24:39.938  +0273.813s  CLASH    OLD      BLD-FF-Pipe Accessories-vs-BLD-ME-Duct Accessory  Navisworks has this test marked Old.
16:24:39.947  +0273.822s  CLASH    OLD      BLD-FF-Pipe Accessories-vs-BLD-ME-Mechanical Equipment  Navisworks has this test marked Old.
16:24:39.956  +0273.831s  CLASH    OLD      BLD-FF-Pipe Accessories-vs-BLD-ME-Flex Ducts  Navisworks has this test marked Old.
16:24:39.964  +0273.838s  CLASH    OLD      BLD-FF-Pipe Accessories-vs-BLD-ME-Air Terminals  Navisworks has this test marked Old.
16:24:39.972  +0273.846s  CLASH    OLD      BLD-FF-Pipe Accessories-vs-BLD-ME-Pipes&Pipe Fittings  Navisworks has this test marked Old.
16:24:39.982  +0273.856s  CLASH    OLD      BLD-FF-Pipe Accessories-vs-BLD-ME-Pipe Accessories  Navisworks has this test marked Old.
16:24:39.990  +0273.865s  CLASH    OLD      BLD-FF-Pipe Accessories-vs-BLD-ME-Plumbing Fixtures  Navisworks has this test marked Old.
16:24:39.998  +0273.873s  CLASH    OLD      BLD-FF-Pipe Accessories-vs-BLD-ME-Flex Pipes  Navisworks has this test marked Old.
16:24:40.006  +0273.881s  CLASH    OLD      BLD-FF-Pipe Accessories-vs-BLD-FF-Mechanical Equipment  Navisworks has this test marked Old.
16:24:40.013  +0273.888s  CLASH    OLD      BLD-FF-Pipe Accessories-vs-BLD-FF-Pipes & Pipe Fittings  Navisworks has this test marked Old.
16:24:40.021  +0273.895s  CLASH    OLD      BLD-FF-Pipe Insulations-vs-BLD-AR-Floors  Navisworks has this test marked Old.
16:24:40.030  +0273.905s  CLASH    OLD      BLD-FF-Pipe Insulations-vs-BLD-AR-Stairs  Navisworks has this test marked Old.
16:24:40.037  +0273.911s  CLASH    OLD      BLD-FF-Pipe Insulations-vs-BLD-AR-Ramps  Navisworks has this test marked Old.
16:24:40.045  +0273.919s  CLASH    OLD      BLD-FF-Pipe Insulations-vs-BLD-AR-Roofs  Navisworks has this test marked Old.
16:24:40.053  +0273.927s  CLASH    OLD      BLD-FF-Pipe Insulations-vs-BLD-AR-Ceilings  Navisworks has this test marked Old.
16:24:40.061  +0273.935s  CLASH    OLD      BLD-FF-Pipe Insulations-vs-BLD-AR-Columns  Navisworks has this test marked Old.
16:24:40.154  +0274.029s  CLASH    OLD      BLD-FF-Pipe Insulations-vs-BLD-AR-Walls  Navisworks has this test marked Old.
16:24:40.163  +0274.038s  CLASH    OLD      BLD-FF-Pipe Insulations-vs-BLD-AR-Windows  Navisworks has this test marked Old.
16:24:40.174  +0274.048s  CLASH    OLD      BLD-FF-Pipe Insulations-vs-BLD-AR-Curtain Panels  Navisworks has this test marked Old.
16:24:40.183  +0274.058s  CLASH    OLD      BLD-FF-Pipe Insulations-vs-BLD-AR-Curtain Mullions  Navisworks has this test marked Old.
16:24:40.194  +0274.068s  CLASH    OLD      BLD-FF-Pipe Insulations-vs-BLD-AR-Doors  Navisworks has this test marked Old.
16:24:40.201  +0274.076s  CLASH    OLD      BLD-FF-Pipe Insulations-vs-BLD-AR-Casework  Navisworks has this test marked Old.
16:24:40.210  +0274.084s  CLASH    OLD      BLD-FF-Pipe Insulations-vs-BLD-AR-Furniture  Navisworks has this test marked Old.
16:24:40.216  +0274.091s  CLASH    575 of 1770 tests, 28 run, 606 skipped, 155 clashes so far
16:24:40.226  +0274.100s  CLASH    OLD      BLD-FF-Pipe Insulations-vs-BLD-AR-Parking  Navisworks has this test marked Old.
16:24:40.236  +0274.111s  CLASH    OLD      BLD-FF-Pipe Insulations-vs-BLD-AR-Railings  Navisworks has this test marked Old.
16:24:40.245  +0274.120s  CLASH    OLD      BLD-FF-Pipe Insulations-vs-BLD-AR-Site  Navisworks has this test marked Old.
16:24:40.254  +0274.129s  CLASH    OLD      BLD-FF-Pipe Insulations-vs-BLD-ST-Foundation  Navisworks has this test marked Old.
16:24:40.262  +0274.137s  CLASH    OLD      BLD-FF-Pipe Insulations-vs-BLD-ST-Columns  Navisworks has this test marked Old.
16:24:40.275  +0274.150s  CLASH    OLD      BLD-FF-Pipe Insulations-vs-BLD-ST-Framing  Navisworks has this test marked Old.
16:24:40.284  +0274.159s  CLASH    OLD      BLD-FF-Pipe Insulations-vs-BLD-ST-Walls  Navisworks has this test marked Old.
16:24:40.293  +0274.169s  CLASH    OLD      BLD-FF-Pipe Insulations-vs-BLD-ST-Floors  Navisworks has this test marked Old.
16:24:40.303  +0274.178s  CLASH    OLD      BLD-FF-Pipe Insulations-vs-BLD-ST-Stair  Navisworks has this test marked Old.
16:24:40.312  +0274.187s  CLASH    OLD      BLD-FF-Pipe Insulations-vs-BLD-ME-Ducts&Duct Fittings  Navisworks has this test marked Old.
16:24:40.324  +0274.198s  CLASH    OLD      BLD-FF-Pipe Insulations-vs-BLD-ME-Duct Accessory  Navisworks has this test marked Old.
16:24:40.424  +0274.299s  CLASH    OLD      BLD-FF-Pipe Insulations-vs-BLD-ME-Mechanical Equipment  Navisworks has this test marked Old.
16:24:40.431  +0274.306s  CLASH    OLD      BLD-FF-Pipe Insulations-vs-BLD-ME-Flex Ducts  Navisworks has this test marked Old.
16:24:40.439  +0274.314s  CLASH    OLD      BLD-FF-Pipe Insulations-vs-BLD-ME-Air Terminals  Navisworks has this test marked Old.
16:24:40.446  +0274.320s  CLASH    OLD      BLD-FF-Pipe Insulations-vs-BLD-ME-Pipes&Pipe Fittings  Navisworks has this test marked Old.
16:24:40.454  +0274.328s  CLASH    OLD      BLD-FF-Pipe Insulations-vs-BLD-ME-Pipe Accessories  Navisworks has this test marked Old.
16:24:40.459  +0274.334s  CLASH    OLD      BLD-FF-Pipe Insulations-vs-BLD-ME-Plumbing Fixtures  Navisworks has this test marked Old.
16:24:40.466  +0274.341s  CLASH    OLD      BLD-FF-Pipe Insulations-vs-BLD-ME-Flex Pipes  Navisworks has this test marked Old.
16:24:40.473  +0274.348s  CLASH    OLD      BLD-FF-Pipe Insulations-vs-BLD-FF-Mechanical Equipment  Navisworks has this test marked Old.
16:24:40.480  +0274.354s  CLASH    OLD      BLD-FF-Pipe Insulations-vs-BLD-FF-Pipes & Pipe Fittings  Navisworks has this test marked Old.
16:24:40.486  +0274.361s  CLASH    OLD      BLD-FF-Pipe Insulations-vs-BLD-FF-Pipe Accessories  Navisworks has this test marked Old.
16:24:40.495  +0274.369s  CLASH    OLD      BLD-FF-Plumbing Fixtures-vs-BLD-AR-Floors  Navisworks has this test marked Old.
16:24:40.501  +0274.375s  CLASH    OLD      BLD-FF-Plumbing Fixtures-vs-BLD-AR-Stairs  Navisworks has this test marked Old.
16:24:40.507  +0274.382s  CLASH    OLD      BLD-FF-Plumbing Fixtures-vs-BLD-AR-Ramps  Navisworks has this test marked Old.
16:24:40.514  +0274.389s  CLASH    OLD      BLD-FF-Plumbing Fixtures-vs-BLD-AR-Roofs  Navisworks has this test marked Old.
16:24:40.521  +0274.395s  CLASH    600 of 1770 tests, 28 run, 631 skipped, 155 clashes so far
16:24:40.528  +0274.403s  CLASH    OLD      BLD-FF-Plumbing Fixtures-vs-BLD-AR-Ceilings  Navisworks has this test marked Old.
16:24:40.536  +0274.410s  CLASH    OLD      BLD-FF-Plumbing Fixtures-vs-BLD-AR-Columns  Navisworks has this test marked Old.
16:24:40.542  +0274.417s  CLASH    OLD      BLD-FF-Plumbing Fixtures-vs-BLD-AR-Walls  Navisworks has this test marked Old.
16:24:40.625  +0274.500s  CLASH    OLD      BLD-FF-Plumbing Fixtures-vs-BLD-AR-Windows  Navisworks has this test marked Old.
16:24:40.632  +0274.507s  CLASH    OLD      BLD-FF-Plumbing Fixtures-vs-BLD-AR-Curtain Panels  Navisworks has this test marked Old.
16:24:40.640  +0274.515s  CLASH    OLD      BLD-FF-Plumbing Fixtures-vs-BLD-AR-Curtain Mullions  Navisworks has this test marked Old.
16:24:40.647  +0274.522s  CLASH    OLD      BLD-FF-Plumbing Fixtures-vs-BLD-AR-Doors  Navisworks has this test marked Old.
16:24:40.653  +0274.527s  CLASH    OLD      BLD-FF-Plumbing Fixtures-vs-BLD-AR-Casework  Navisworks has this test marked Old.
16:24:40.659  +0274.533s  CLASH    OLD      BLD-FF-Plumbing Fixtures-vs-BLD-AR-Furniture  Navisworks has this test marked Old.
16:24:40.666  +0274.540s  CLASH    OLD      BLD-FF-Plumbing Fixtures-vs-BLD-AR-Parking  Navisworks has this test marked Old.
16:24:40.673  +0274.547s  CLASH    OLD      BLD-FF-Plumbing Fixtures-vs-BLD-AR-Railings  Navisworks has this test marked Old.
16:24:40.681  +0274.555s  CLASH    OLD      BLD-FF-Plumbing Fixtures-vs-BLD-AR-Site  Navisworks has this test marked Old.
16:24:40.688  +0274.563s  CLASH    OLD      BLD-FF-Plumbing Fixtures-vs-BLD-ST-Foundation  Navisworks has this test marked Old.
16:24:40.696  +0274.571s  CLASH    OLD      BLD-FF-Plumbing Fixtures-vs-BLD-ST-Columns  Navisworks has this test marked Old.
16:24:40.704  +0274.578s  CLASH    OLD      BLD-FF-Plumbing Fixtures-vs-BLD-ST-Framing  Navisworks has this test marked Old.
16:24:40.714  +0274.589s  CLASH    OLD      BLD-FF-Plumbing Fixtures-vs-BLD-ST-Walls  Navisworks has this test marked Old.
16:24:40.722  +0274.596s  CLASH    OLD      BLD-FF-Plumbing Fixtures-vs-BLD-ST-Floors  Navisworks has this test marked Old.
16:24:40.730  +0274.605s  CLASH    OLD      BLD-FF-Plumbing Fixtures-vs-BLD-ST-Stair  Navisworks has this test marked Old.
16:24:40.741  +0274.616s  CLASH    OLD      BLD-FF-Plumbing Fixtures-vs-BLD-ME-Ducts&Duct Fittings  Navisworks has this test marked Old.
16:24:40.755  +0274.629s  CLASH    OLD      BLD-FF-Plumbing Fixtures-vs-BLD-ME-Duct Accessory  Navisworks has this test marked Old.
16:24:40.764  +0274.639s  CLASH    OLD      BLD-FF-Plumbing Fixtures-vs-BLD-ME-Mechanical Equipment  Navisworks has this test marked Old.
16:24:40.862  +0274.737s  CLASH    OLD      BLD-FF-Plumbing Fixtures-vs-BLD-ME-Flex Ducts  Navisworks has this test marked Old.
16:24:40.872  +0274.746s  CLASH    OLD      BLD-FF-Plumbing Fixtures-vs-BLD-ME-Air Terminals  Navisworks has this test marked Old.
16:24:40.881  +0274.755s  CLASH    OLD      BLD-FF-Plumbing Fixtures-vs-BLD-ME-Pipes&Pipe Fittings  Navisworks has this test marked Old.
16:24:40.889  +0274.764s  CLASH    OLD      BLD-FF-Plumbing Fixtures-vs-BLD-ME-Pipe Accessories  Navisworks has this test marked Old.
16:24:40.900  +0274.774s  CLASH    625 of 1770 tests, 28 run, 656 skipped, 155 clashes so far
16:24:40.907  +0274.782s  CLASH    OLD      BLD-FF-Plumbing Fixtures-vs-BLD-ME-Plumbing Fixtures  Navisworks has this test marked Old.
16:24:40.913  +0274.789s  CLASH    OLD      BLD-FF-Plumbing Fixtures-vs-BLD-ME-Flex Pipes  Navisworks has this test marked Old.
16:24:40.922  +0274.796s  CLASH    OLD      BLD-FF-Plumbing Fixtures-vs-BLD-FF-Mechanical Equipment  Navisworks has this test marked Old.
16:24:40.928  +0274.803s  CLASH    OLD      BLD-FF-Plumbing Fixtures-vs-BLD-FF-Pipes & Pipe Fittings  Navisworks has this test marked Old.
16:24:40.936  +0274.811s  CLASH    OLD      BLD-FF-Plumbing Fixtures-vs-BLD-FF-Pipe Accessories  Navisworks has this test marked Old.
16:24:40.945  +0274.820s  CLASH    OLD      BLD-FF-Plumbing Fixtures-vs-BLD-FF-Pipe Insulations  Navisworks has this test marked Old.
16:24:40.952  +0274.827s  CLASH    OLD      BLD-FF-Sprinklers-vs-BLD-AR-Floors  Navisworks has this test marked Old.
16:24:40.959  +0274.835s  CLASH    OLD      BLD-FF-Sprinklers-vs-BLD-AR-Stairs  Navisworks has this test marked Old.
16:24:40.967  +0274.842s  CLASH    OLD      BLD-FF-Sprinklers-vs-BLD-AR-Ramps  Navisworks has this test marked Old.
16:24:40.975  +0274.850s  CLASH    OLD      BLD-FF-Sprinklers-vs-BLD-AR-Roofs  Navisworks has this test marked Old.
16:24:40.982  +0274.857s  CLASH    OLD      BLD-FF-Sprinklers-vs-BLD-AR-Ceilings  Navisworks has this test marked Old.
16:24:40.990  +0274.864s  CLASH    OLD      BLD-FF-Sprinklers-vs-BLD-AR-Columns  Navisworks has this test marked Old.
16:24:40.997  +0274.871s  CLASH    OLD      BLD-FF-Sprinklers-vs-BLD-AR-Walls  Navisworks has this test marked Old.
16:24:41.079  +0274.954s  CLASH    OLD      BLD-FF-Sprinklers-vs-BLD-AR-Windows  Navisworks has this test marked Old.
16:24:41.088  +0274.963s  CLASH    OLD      BLD-FF-Sprinklers-vs-BLD-AR-Curtain Panels  Navisworks has this test marked Old.
16:24:41.098  +0274.973s  CLASH    OLD      BLD-FF-Sprinklers-vs-BLD-AR-Curtain Mullions  Navisworks has this test marked Old.
16:24:41.107  +0274.982s  CLASH    OLD      BLD-FF-Sprinklers-vs-BLD-AR-Doors  Navisworks has this test marked Old.
16:24:41.116  +0274.990s  CLASH    OLD      BLD-FF-Sprinklers-vs-BLD-AR-Casework  Navisworks has this test marked Old.
16:24:41.126  +0275.001s  CLASH    OLD      BLD-FF-Sprinklers-vs-BLD-AR-Furniture  Navisworks has this test marked Old.
16:24:41.136  +0275.010s  CLASH    OLD      BLD-FF-Sprinklers-vs-BLD-AR-Parking  Navisworks has this test marked Old.
16:24:41.145  +0275.019s  CLASH    OLD      BLD-FF-Sprinklers-vs-BLD-AR-Railings  Navisworks has this test marked Old.
16:24:41.154  +0275.028s  CLASH    OLD      BLD-FF-Sprinklers-vs-BLD-AR-Site  Navisworks has this test marked Old.
16:24:41.162  +0275.037s  CLASH    OLD      BLD-FF-Sprinklers-vs-BLD-ST-Foundation  Navisworks has this test marked Old.
16:24:41.171  +0275.046s  CLASH    OLD      BLD-FF-Sprinklers-vs-BLD-ST-Columns  Navisworks has this test marked Old.
16:24:41.180  +0275.055s  CLASH    OLD      BLD-FF-Sprinklers-vs-BLD-ST-Framing  Navisworks has this test marked Old.
16:24:41.189  +0275.064s  CLASH    650 of 1770 tests, 28 run, 681 skipped, 155 clashes so far
16:24:41.202  +0275.077s  CLASH    OLD      BLD-FF-Sprinklers-vs-BLD-ST-Walls  Navisworks has this test marked Old.
16:24:41.210  +0275.085s  CLASH    OLD      BLD-FF-Sprinklers-vs-BLD-ST-Floors  Navisworks has this test marked Old.
16:24:41.220  +0275.094s  CLASH    OLD      BLD-FF-Sprinklers-vs-BLD-ST-Stair  Navisworks has this test marked Old.
16:24:41.230  +0275.105s  CLASH    OLD      BLD-FF-Sprinklers-vs-BLD-ME-Ducts&Duct Fittings  Navisworks has this test marked Old.
16:24:41.239  +0275.114s  CLASH    OLD      BLD-FF-Sprinklers-vs-BLD-ME-Duct Accessory  Navisworks has this test marked Old.
16:24:41.311  +0275.185s  CLASH    OLD      BLD-FF-Sprinklers-vs-BLD-ME-Mechanical Equipment  Navisworks has this test marked Old.
16:24:41.317  +0275.192s  CLASH    OLD      BLD-FF-Sprinklers-vs-BLD-ME-Flex Ducts  Navisworks has this test marked Old.
16:24:41.325  +0275.200s  CLASH    OLD      BLD-FF-Sprinklers-vs-BLD-ME-Air Terminals  Navisworks has this test marked Old.
16:24:41.332  +0275.207s  CLASH    OLD      BLD-FF-Sprinklers-vs-BLD-ME-Pipes&Pipe Fittings  Navisworks has this test marked Old.
16:24:41.340  +0275.214s  CLASH    OLD      BLD-FF-Sprinklers-vs-BLD-ME-Pipe Accessories  Navisworks has this test marked Old.
16:24:41.347  +0275.222s  CLASH    OLD      BLD-FF-Sprinklers-vs-BLD-ME-Plumbing Fixtures  Navisworks has this test marked Old.
16:24:41.354  +0275.229s  CLASH    OLD      BLD-FF-Sprinklers-vs-BLD-ME-Flex Pipes  Navisworks has this test marked Old.
16:24:41.362  +0275.237s  CLASH    OLD      BLD-FF-Sprinklers-vs-BLD-FF-Mechanical Equipment  Navisworks has this test marked Old.
16:24:41.370  +0275.244s  CLASH    OLD      BLD-FF-Sprinklers-vs-BLD-FF-Pipes & Pipe Fittings  Navisworks has this test marked Old.
16:24:41.380  +0275.254s  CLASH    OLD      BLD-FF-Sprinklers-vs-BLD-FF-Pipe Accessories  Navisworks has this test marked Old.
16:24:41.387  +0275.262s  CLASH    OLD      BLD-FF-Sprinklers-vs-BLD-FF-Pipe Insulations  Navisworks has this test marked Old.
16:24:41.395  +0275.269s  CLASH    OLD      BLD-FF-Sprinklers-vs-BLD-FF-Plumbing Fixtures  Navisworks has this test marked Old.
16:24:41.402  +0275.276s  CLASH    OLD      BLD-PL-Mechanical Equipment-vs-BLD-AR-Floors  Navisworks has this test marked Old.
16:24:41.408  +0275.283s  CLASH    OLD      BLD-PL-Mechanical Equipment-vs-BLD-AR-Stairs  Navisworks has this test marked Old.
16:24:41.430  +0275.304s  CLASH    OLD      BLD-PL-Mechanical Equipment-vs-BLD-AR-Ramps  Navisworks has this test marked Old.
16:24:41.440  +0275.315s  CLASH    OLD      BLD-PL-Mechanical Equipment-vs-BLD-AR-Roofs  Navisworks has this test marked Old.
16:24:41.450  +0275.324s  CLASH    OLD      BLD-PL-Mechanical Equipment-vs-BLD-AR-Ceilings  Navisworks has this test marked Old.
16:24:41.457  +0275.332s  CLASH    OLD      BLD-PL-Mechanical Equipment-vs-BLD-AR-Columns  Navisworks has this test marked Old.
16:24:41.546  +0275.421s  CLASH    OLD      BLD-PL-Mechanical Equipment-vs-BLD-AR-Walls  Navisworks has this test marked Old.
16:24:41.554  +0275.428s  CLASH    OLD      BLD-PL-Mechanical Equipment-vs-BLD-AR-Windows  Navisworks has this test marked Old.
16:24:41.560  +0275.435s  CLASH    675 of 1770 tests, 28 run, 706 skipped, 155 clashes so far
16:24:41.567  +0275.442s  CLASH    OLD      BLD-PL-Mechanical Equipment-vs-BLD-AR-Curtain Panels  Navisworks has this test marked Old.
16:24:41.573  +0275.448s  CLASH    OLD      BLD-PL-Mechanical Equipment-vs-BLD-AR-Curtain Mullions  Navisworks has this test marked Old.
16:24:41.579  +0275.454s  CLASH    OLD      BLD-PL-Mechanical Equipment-vs-BLD-AR-Doors  Navisworks has this test marked Old.
16:24:41.586  +0275.461s  CLASH    OLD      BLD-PL-Mechanical Equipment-vs-BLD-AR-Casework  Navisworks has this test marked Old.
16:24:41.597  +0275.471s  CLASH    OLD      BLD-PL-Mechanical Equipment-vs-BLD-AR-Furniture  Navisworks has this test marked Old.
16:24:41.603  +0275.478s  CLASH    OLD      BLD-PL-Mechanical Equipment-vs-BLD-AR-Parking  Navisworks has this test marked Old.
16:24:41.611  +0275.485s  CLASH    OLD      BLD-PL-Mechanical Equipment-vs-BLD-AR-Railings  Navisworks has this test marked Old.
16:24:41.621  +0275.496s  CLASH    OLD      BLD-PL-Mechanical Equipment-vs-BLD-AR-Site  Navisworks has this test marked Old.
16:24:41.631  +0275.505s  CLASH    OLD      BLD-PL-Mechanical Equipment-vs-BLD-ST-Foundation  Navisworks has this test marked Old.
16:24:41.646  +0275.520s  CLASH    OLD      BLD-PL-Mechanical Equipment-vs-BLD-ST-Columns  Navisworks has this test marked Old.
16:24:41.654  +0275.529s  CLASH    OLD      BLD-PL-Mechanical Equipment-vs-BLD-ST-Framing  Navisworks has this test marked Old.
16:24:41.661  +0275.536s  CLASH    OLD      BLD-PL-Mechanical Equipment-vs-BLD-ST-Walls  Navisworks has this test marked Old.
16:24:41.668  +0275.543s  CLASH    OLD      BLD-PL-Mechanical Equipment-vs-BLD-ST-Floors  Navisworks has this test marked Old.
16:24:41.677  +0275.552s  CLASH    OLD      BLD-PL-Mechanical Equipment-vs-BLD-ST-Stair  Navisworks has this test marked Old.
16:24:41.754  +0275.630s  CLASH    OLD      BLD-PL-Mechanical Equipment-vs-BLD-ME-Ducts&Duct Fittings  Navisworks has this test marked Old.
16:24:41.763  +0275.637s  CLASH    OLD      BLD-PL-Mechanical Equipment-vs-BLD-ME-Duct Accessory  Navisworks has this test marked Old.
16:24:41.771  +0275.645s  CLASH    OLD      BLD-PL-Mechanical Equipment-vs-BLD-ME-Mechanical Equipment  Navisworks has this test marked Old.
16:24:41.779  +0275.653s  CLASH    OLD      BLD-PL-Mechanical Equipment-vs-BLD-ME-Flex Ducts  Navisworks has this test marked Old.
16:24:41.790  +0275.664s  CLASH    OLD      BLD-PL-Mechanical Equipment-vs-BLD-ME-Air Terminals  Navisworks has this test marked Old.
16:24:41.799  +0275.673s  CLASH    OLD      BLD-PL-Mechanical Equipment-vs-BLD-ME-Pipes&Pipe Fittings  Navisworks has this test marked Old.
16:24:41.807  +0275.682s  CLASH    OLD      BLD-PL-Mechanical Equipment-vs-BLD-ME-Pipe Accessories  Navisworks has this test marked Old.
16:24:41.818  +0275.692s  CLASH    OLD      BLD-PL-Mechanical Equipment-vs-BLD-ME-Plumbing Fixtures  Navisworks has this test marked Old.
16:24:41.827  +0275.702s  CLASH    OLD      BLD-PL-Mechanical Equipment-vs-BLD-ME-Flex Pipes  Navisworks has this test marked Old.
16:24:41.841  +0275.715s  CLASH    OLD      BLD-PL-Mechanical Equipment-vs-BLD-FF-Mechanical Equipment  Navisworks has this test marked Old.
16:24:41.851  +0275.725s  CLASH    OLD      BLD-PL-Mechanical Equipment-vs-BLD-FF-Pipes & Pipe Fittings  Navisworks has this test marked Old.
16:24:41.860  +0275.734s  CLASH    700 of 1770 tests, 28 run, 731 skipped, 155 clashes so far
16:24:41.869  +0275.743s  CLASH    OLD      BLD-PL-Mechanical Equipment-vs-BLD-FF-Pipe Accessories  Navisworks has this test marked Old.
16:24:41.878  +0275.753s  CLASH    OLD      BLD-PL-Mechanical Equipment-vs-BLD-FF-Pipe Insulations  Navisworks has this test marked Old.
16:24:41.887  +0275.762s  CLASH    OLD      BLD-PL-Mechanical Equipment-vs-BLD-FF-Plumbing Fixtures  Navisworks has this test marked Old.
16:24:41.896  +0275.771s  CLASH    OLD      BLD-PL-Mechanical Equipment-vs-BLD-FF-Sprinklers  Navisworks has this test marked Old.
16:24:41.905  +0275.779s  CLASH    OLD      BLD-PL-Pipes & Pipe Fittings-vs-BLD-AR-Floors  Navisworks has this test marked Old.
16:24:41.915  +0275.789s  CLASH    OLD      BLD-PL-Pipes & Pipe Fittings-vs-BLD-AR-Stairs  Navisworks has this test marked Old.
16:24:41.989  +0275.864s  CLASH    OLD      BLD-PL-Pipes & Pipe Fittings-vs-BLD-AR-Ramps  Navisworks has this test marked Old.
16:24:41.997  +0275.871s  CLASH    OLD      BLD-PL-Pipes & Pipe Fittings-vs-BLD-AR-Roofs  Navisworks has this test marked Old.
16:24:42.002  +0275.877s  CLASH    OLD      BLD-PL-Pipes & Pipe Fittings-vs-BLD-AR-Ceilings  Navisworks has this test marked Old.
16:24:42.010  +0275.884s  CLASH    OLD      BLD-PL-Pipes & Pipe Fittings-vs-BLD-AR-Columns  Navisworks has this test marked Old.
16:24:42.016  +0275.890s  CLASH    OLD      BLD-PL-Pipes & Pipe Fittings-vs-BLD-AR-Walls  Navisworks has this test marked Old.
16:24:42.022  +0275.897s  CLASH    OLD      BLD-PL-Pipes & Pipe Fittings-vs-BLD-AR-Windows  Navisworks has this test marked Old.
16:24:42.029  +0275.904s  CLASH    OLD      BLD-PL-Pipes & Pipe Fittings-vs-BLD-AR-Curtain Panels  Navisworks has this test marked Old.
16:24:42.037  +0275.911s  CLASH    OLD      BLD-PL-Pipes & Pipe Fittings-vs-BLD-AR-Curtain Mullions  Navisworks has this test marked Old.
16:24:42.045  +0275.919s  CLASH    OLD      BLD-PL-Pipes & Pipe Fittings-vs-BLD-AR-Doors  Navisworks has this test marked Old.
16:24:42.051  +0275.925s  CLASH    OLD      BLD-PL-Pipes & Pipe Fittings-vs-BLD-AR-Casework  Navisworks has this test marked Old.
16:24:42.057  +0275.932s  CLASH    OLD      BLD-PL-Pipes & Pipe Fittings-vs-BLD-AR-Furniture  Navisworks has this test marked Old.
16:24:42.064  +0275.939s  CLASH    OLD      BLD-PL-Pipes & Pipe Fittings-vs-BLD-AR-Parking  Navisworks has this test marked Old.
16:24:42.072  +0275.947s  CLASH    OLD      BLD-PL-Pipes & Pipe Fittings-vs-BLD-AR-Railings  Navisworks has this test marked Old.
16:24:42.081  +0275.955s  CLASH    OLD      BLD-PL-Pipes & Pipe Fittings-vs-BLD-AR-Site  Navisworks has this test marked Old.
16:24:42.088  +0275.963s  CLASH    OLD      BLD-PL-Pipes & Pipe Fittings-vs-BLD-ST-Foundation  Navisworks has this test marked Old.
16:24:42.095  +0275.970s  CLASH    OLD      BLD-PL-Pipes & Pipe Fittings-vs-BLD-ST-Columns  Navisworks has this test marked Old.
16:24:42.103  +0275.978s  CLASH    OLD      BLD-PL-Pipes & Pipe Fittings-vs-BLD-ST-Framing  Navisworks has this test marked Old.
16:24:42.168  +0276.043s  CLASH    OLD      BLD-PL-Pipes & Pipe Fittings-vs-BLD-ST-Walls  Navisworks has this test marked Old.
16:24:42.175  +0276.050s  CLASH    OLD      BLD-PL-Pipes & Pipe Fittings-vs-BLD-ST-Floors  Navisworks has this test marked Old.
16:24:42.184  +0276.058s  CLASH    725 of 1770 tests, 28 run, 756 skipped, 155 clashes so far
16:24:42.192  +0276.067s  CLASH    OLD      BLD-PL-Pipes & Pipe Fittings-vs-BLD-ST-Stair  Navisworks has this test marked Old.
16:24:42.200  +0276.075s  CLASH    OLD      BLD-PL-Pipes & Pipe Fittings-vs-BLD-ME-Ducts&Duct Fittings  Navisworks has this test marked Old.
16:24:42.209  +0276.084s  CLASH    OLD      BLD-PL-Pipes & Pipe Fittings-vs-BLD-ME-Duct Accessory  Navisworks has this test marked Old.
16:24:42.216  +0276.091s  CLASH    OLD      BLD-PL-Pipes & Pipe Fittings-vs-BLD-ME-Mechanical Equipment  Navisworks has this test marked Old.
16:24:42.223  +0276.098s  CLASH    OLD      BLD-PL-Pipes & Pipe Fittings-vs-BLD-ME-Flex Ducts  Navisworks has this test marked Old.
16:24:42.230  +0276.105s  CLASH    OLD      BLD-PL-Pipes & Pipe Fittings-vs-BLD-ME-Air Terminals  Navisworks has this test marked Old.
16:24:42.238  +0276.113s  CLASH    OLD      BLD-PL-Pipes & Pipe Fittings-vs-BLD-ME-Pipes&Pipe Fittings  Navisworks has this test marked Old.
16:24:42.246  +0276.120s  CLASH    OLD      BLD-PL-Pipes & Pipe Fittings-vs-BLD-ME-Pipe Accessories  Navisworks has this test marked Old.
16:24:42.252  +0276.127s  CLASH    OLD      BLD-PL-Pipes & Pipe Fittings-vs-BLD-ME-Plumbing Fixtures  Navisworks has this test marked Old.
16:24:42.259  +0276.133s  CLASH    OLD      BLD-PL-Pipes & Pipe Fittings-vs-BLD-ME-Flex Pipes  Navisworks has this test marked Old.
16:24:42.265  +0276.139s  CLASH    OLD      BLD-PL-Pipes & Pipe Fittings-vs-BLD-FF-Mechanical Equipment  Navisworks has this test marked Old.
16:24:42.272  +0276.146s  CLASH    OLD      BLD-PL-Pipes & Pipe Fittings-vs-BLD-FF-Pipes & Pipe Fittings  Navisworks has this test marked Old.
16:24:42.280  +0276.154s  CLASH    OLD      BLD-PL-Pipes & Pipe Fittings-vs-BLD-FF-Pipe Accessories  Navisworks has this test marked Old.
16:24:42.287  +0276.162s  CLASH    OLD      BLD-PL-Pipes & Pipe Fittings-vs-BLD-FF-Pipe Insulations  Navisworks has this test marked Old.
16:24:42.354  +0276.229s  CLASH    OLD      BLD-PL-Pipes & Pipe Fittings-vs-BLD-FF-Plumbing Fixtures  Navisworks has this test marked Old.
16:24:42.361  +0276.235s  CLASH    OLD      BLD-PL-Pipes & Pipe Fittings-vs-BLD-FF-Sprinklers  Navisworks has this test marked Old.
16:24:42.368  +0276.243s  CLASH    OLD      BLD-PL-Pipes & Pipe Fittings-vs-BLD-PL-Mechanical Equipment  Navisworks has this test marked Old.
16:24:42.375  +0276.250s  CLASH    OLD      BLD-PL-Pipe Accessories-vs-BLD-AR-Floors  Navisworks has this test marked Old.
16:24:42.382  +0276.256s  CLASH    OLD      BLD-PL-Pipe Accessories-vs-BLD-AR-Stairs  Navisworks has this test marked Old.
16:24:42.390  +0276.264s  CLASH    OLD      BLD-PL-Pipe Accessories-vs-BLD-AR-Ramps  Navisworks has this test marked Old.
16:24:42.398  +0276.273s  CLASH    OLD      BLD-PL-Pipe Accessories-vs-BLD-AR-Roofs  Navisworks has this test marked Old.
16:24:42.405  +0276.280s  CLASH    OLD      BLD-PL-Pipe Accessories-vs-BLD-AR-Ceilings  Navisworks has this test marked Old.
16:24:42.413  +0276.287s  CLASH    OLD      BLD-PL-Pipe Accessories-vs-BLD-AR-Columns  Navisworks has this test marked Old.
16:24:42.448  +0276.322s  CLASH    OLD      BLD-PL-Pipe Accessories-vs-BLD-AR-Walls  Navisworks has this test marked Old.
16:24:42.457  +0276.331s  CLASH    OLD      BLD-PL-Pipe Accessories-vs-BLD-AR-Windows  Navisworks has this test marked Old.
16:24:42.464  +0276.338s  CLASH    750 of 1770 tests, 28 run, 781 skipped, 155 clashes so far
16:24:42.470  +0276.345s  CLASH    OLD      BLD-PL-Pipe Accessories-vs-BLD-AR-Curtain Panels  Navisworks has this test marked Old.
16:24:42.478  +0276.353s  CLASH    OLD      BLD-PL-Pipe Accessories-vs-BLD-AR-Curtain Mullions  Navisworks has this test marked Old.
16:24:42.486  +0276.361s  CLASH    OLD      BLD-PL-Pipe Accessories-vs-BLD-AR-Doors  Navisworks has this test marked Old.
16:24:42.494  +0276.369s  CLASH    OLD      BLD-PL-Pipe Accessories-vs-BLD-AR-Casework  Navisworks has this test marked Old.
16:24:42.504  +0276.379s  CLASH    OLD      BLD-PL-Pipe Accessories-vs-BLD-AR-Furniture  Navisworks has this test marked Old.
16:24:42.577  +0276.452s  CLASH    OLD      BLD-PL-Pipe Accessories-vs-BLD-AR-Parking  Navisworks has this test marked Old.
16:24:42.584  +0276.459s  CLASH    OLD      BLD-PL-Pipe Accessories-vs-BLD-AR-Railings  Navisworks has this test marked Old.
16:24:42.591  +0276.465s  CLASH    OLD      BLD-PL-Pipe Accessories-vs-BLD-AR-Site  Navisworks has this test marked Old.
16:24:42.597  +0276.471s  CLASH    OLD      BLD-PL-Pipe Accessories-vs-BLD-ST-Foundation  Navisworks has this test marked Old.
16:24:42.603  +0276.478s  CLASH    OLD      BLD-PL-Pipe Accessories-vs-BLD-ST-Columns  Navisworks has this test marked Old.
16:24:42.610  +0276.485s  CLASH    OLD      BLD-PL-Pipe Accessories-vs-BLD-ST-Framing  Navisworks has this test marked Old.
16:24:42.617  +0276.491s  CLASH    OLD      BLD-PL-Pipe Accessories-vs-BLD-ST-Walls  Navisworks has this test marked Old.
16:24:42.624  +0276.499s  CLASH    OLD      BLD-PL-Pipe Accessories-vs-BLD-ST-Floors  Navisworks has this test marked Old.
16:24:42.631  +0276.505s  CLASH    OLD      BLD-PL-Pipe Accessories-vs-BLD-ST-Stair  Navisworks has this test marked Old.
16:24:42.637  +0276.512s  CLASH    OLD      BLD-PL-Pipe Accessories-vs-BLD-ME-Ducts&Duct Fittings  Navisworks has this test marked Old.
16:24:42.644  +0276.519s  CLASH    OLD      BLD-PL-Pipe Accessories-vs-BLD-ME-Duct Accessory  Navisworks has this test marked Old.
16:24:42.650  +0276.525s  CLASH    OLD      BLD-PL-Pipe Accessories-vs-BLD-ME-Mechanical Equipment  Navisworks has this test marked Old.
16:24:42.658  +0276.532s  CLASH    OLD      BLD-PL-Pipe Accessories-vs-BLD-ME-Flex Ducts  Navisworks has this test marked Old.
16:24:42.670  +0276.545s  CLASH    OLD      BLD-PL-Pipe Accessories-vs-BLD-ME-Air Terminals  Navisworks has this test marked Old.
16:24:42.677  +0276.552s  CLASH    OLD      BLD-PL-Pipe Accessories-vs-BLD-ME-Pipes&Pipe Fittings  Navisworks has this test marked Old.
16:24:42.683  +0276.558s  CLASH    OLD      BLD-PL-Pipe Accessories-vs-BLD-ME-Pipe Accessories  Navisworks has this test marked Old.
16:24:42.749  +0276.624s  CLASH    OLD      BLD-PL-Pipe Accessories-vs-BLD-ME-Plumbing Fixtures  Navisworks has this test marked Old.
16:24:42.757  +0276.632s  CLASH    OLD      BLD-PL-Pipe Accessories-vs-BLD-ME-Flex Pipes  Navisworks has this test marked Old.
16:24:42.765  +0276.639s  CLASH    OLD      BLD-PL-Pipe Accessories-vs-BLD-FF-Mechanical Equipment  Navisworks has this test marked Old.
16:24:42.773  +0276.647s  CLASH    OLD      BLD-PL-Pipe Accessories-vs-BLD-FF-Pipes & Pipe Fittings  Navisworks has this test marked Old.
16:24:42.785  +0276.659s  CLASH    775 of 1770 tests, 28 run, 806 skipped, 155 clashes so far
16:24:42.792  +0276.667s  CLASH    OLD      BLD-PL-Pipe Accessories-vs-BLD-FF-Pipe Accessories  Navisworks has this test marked Old.
16:24:42.799  +0276.674s  CLASH    OLD      BLD-PL-Pipe Accessories-vs-BLD-FF-Pipe Insulations  Navisworks has this test marked Old.
16:24:42.808  +0276.682s  CLASH    OLD      BLD-PL-Pipe Accessories-vs-BLD-FF-Plumbing Fixtures  Navisworks has this test marked Old.
16:24:42.815  +0276.690s  CLASH    OLD      BLD-PL-Pipe Accessories-vs-BLD-FF-Sprinklers  Navisworks has this test marked Old.
16:24:42.823  +0276.698s  CLASH    OLD      BLD-PL-Pipe Accessories-vs-BLD-PL-Mechanical Equipment  Navisworks has this test marked Old.
16:24:42.833  +0276.707s  CLASH    OLD      BLD-PL-Pipe Accessories-vs-BLD-PL-Pipes & Pipe Fittings  Navisworks has this test marked Old.
16:24:42.842  +0276.716s  CLASH    OLD      BLD-PL-Pipe Insulations-vs-BLD-AR-Floors  Navisworks has this test marked Old.
16:24:42.850  +0276.725s  CLASH    OLD      BLD-PL-Pipe Insulations-vs-BLD-AR-Stairs  Navisworks has this test marked Old.
16:24:42.859  +0276.734s  CLASH    OLD      BLD-PL-Pipe Insulations-vs-BLD-AR-Ramps  Navisworks has this test marked Old.
16:24:42.867  +0276.742s  CLASH    OLD      BLD-PL-Pipe Insulations-vs-BLD-AR-Roofs  Navisworks has this test marked Old.
16:24:42.875  +0276.750s  CLASH    OLD      BLD-PL-Pipe Insulations-vs-BLD-AR-Ceilings  Navisworks has this test marked Old.
16:24:42.885  +0276.759s  CLASH    OLD      BLD-PL-Pipe Insulations-vs-BLD-AR-Columns  Navisworks has this test marked Old.
16:24:42.964  +0276.840s  CLASH    OLD      BLD-PL-Pipe Insulations-vs-BLD-AR-Walls  Navisworks has this test marked Old.
16:24:42.972  +0276.847s  CLASH    OLD      BLD-PL-Pipe Insulations-vs-BLD-AR-Windows  Navisworks has this test marked Old.
16:24:42.979  +0276.853s  CLASH    OLD      BLD-PL-Pipe Insulations-vs-BLD-AR-Curtain Panels  Navisworks has this test marked Old.
16:24:42.986  +0276.861s  CLASH    OLD      BLD-PL-Pipe Insulations-vs-BLD-AR-Curtain Mullions  Navisworks has this test marked Old.
16:24:42.994  +0276.868s  CLASH    OLD      BLD-PL-Pipe Insulations-vs-BLD-AR-Doors  Navisworks has this test marked Old.
16:24:43.001  +0276.876s  CLASH    OLD      BLD-PL-Pipe Insulations-vs-BLD-AR-Casework  Navisworks has this test marked Old.
16:24:43.008  +0276.883s  CLASH    OLD      BLD-PL-Pipe Insulations-vs-BLD-AR-Furniture  Navisworks has this test marked Old.
16:24:43.015  +0276.889s  CLASH    OLD      BLD-PL-Pipe Insulations-vs-BLD-AR-Parking  Navisworks has this test marked Old.
16:24:43.022  +0276.896s  CLASH    OLD      BLD-PL-Pipe Insulations-vs-BLD-AR-Railings  Navisworks has this test marked Old.
16:24:43.029  +0276.904s  CLASH    OLD      BLD-PL-Pipe Insulations-vs-BLD-AR-Site  Navisworks has this test marked Old.
16:24:43.037  +0276.912s  CLASH    OLD      BLD-PL-Pipe Insulations-vs-BLD-ST-Foundation  Navisworks has this test marked Old.
16:24:43.044  +0276.919s  CLASH    OLD      BLD-PL-Pipe Insulations-vs-BLD-ST-Columns  Navisworks has this test marked Old.
16:24:43.052  +0276.926s  CLASH    OLD      BLD-PL-Pipe Insulations-vs-BLD-ST-Framing  Navisworks has this test marked Old.
16:24:43.059  +0276.934s  CLASH    800 of 1770 tests, 28 run, 831 skipped, 155 clashes so far
16:24:43.066  +0276.941s  CLASH    OLD      BLD-PL-Pipe Insulations-vs-BLD-ST-Walls  Navisworks has this test marked Old.
16:24:43.073  +0276.948s  CLASH    OLD      BLD-PL-Pipe Insulations-vs-BLD-ST-Floors  Navisworks has this test marked Old.
16:24:43.083  +0276.957s  CLASH    OLD      BLD-PL-Pipe Insulations-vs-BLD-ST-Stair  Navisworks has this test marked Old.
16:24:43.150  +0277.024s  CLASH    OLD      BLD-PL-Pipe Insulations-vs-BLD-ME-Ducts&Duct Fittings  Navisworks has this test marked Old.
16:24:43.157  +0277.032s  CLASH    OLD      BLD-PL-Pipe Insulations-vs-BLD-ME-Duct Accessory  Navisworks has this test marked Old.
16:24:43.165  +0277.039s  CLASH    OLD      BLD-PL-Pipe Insulations-vs-BLD-ME-Mechanical Equipment  Navisworks has this test marked Old.
16:24:43.172  +0277.047s  CLASH    OLD      BLD-PL-Pipe Insulations-vs-BLD-ME-Flex Ducts  Navisworks has this test marked Old.
16:24:43.179  +0277.054s  CLASH    OLD      BLD-PL-Pipe Insulations-vs-BLD-ME-Air Terminals  Navisworks has this test marked Old.
16:24:43.185  +0277.060s  CLASH    OLD      BLD-PL-Pipe Insulations-vs-BLD-ME-Pipes&Pipe Fittings  Navisworks has this test marked Old.
16:24:43.191  +0277.066s  CLASH    OLD      BLD-PL-Pipe Insulations-vs-BLD-ME-Pipe Accessories  Navisworks has this test marked Old.
16:24:43.198  +0277.073s  CLASH    OLD      BLD-PL-Pipe Insulations-vs-BLD-ME-Plumbing Fixtures  Navisworks has this test marked Old.
16:24:43.208  +0277.082s  CLASH    OLD      BLD-PL-Pipe Insulations-vs-BLD-ME-Flex Pipes  Navisworks has this test marked Old.
16:24:43.217  +0277.092s  CLASH    OLD      BLD-PL-Pipe Insulations-vs-BLD-FF-Mechanical Equipment  Navisworks has this test marked Old.
16:24:43.225  +0277.100s  CLASH    OLD      BLD-PL-Pipe Insulations-vs-BLD-FF-Pipes & Pipe Fittings  Navisworks has this test marked Old.
16:24:43.235  +0277.110s  CLASH    OLD      BLD-PL-Pipe Insulations-vs-BLD-FF-Pipe Accessories  Navisworks has this test marked Old.
16:24:43.244  +0277.119s  CLASH    OLD      BLD-PL-Pipe Insulations-vs-BLD-FF-Pipe Insulations  Navisworks has this test marked Old.
16:24:43.253  +0277.128s  CLASH    OLD      BLD-PL-Pipe Insulations-vs-BLD-FF-Plumbing Fixtures  Navisworks has this test marked Old.
16:24:43.261  +0277.136s  CLASH    OLD      BLD-PL-Pipe Insulations-vs-BLD-FF-Sprinklers  Navisworks has this test marked Old.
16:24:43.271  +0277.145s  CLASH    OLD      BLD-PL-Pipe Insulations-vs-BLD-PL-Mechanical Equipment  Navisworks has this test marked Old.
16:24:43.362  +0277.237s  CLASH    OLD      BLD-PL-Pipe Insulations-vs-BLD-PL-Pipes & Pipe Fittings  Navisworks has this test marked Old.
16:24:43.373  +0277.248s  CLASH    OLD      BLD-PL-Pipe Insulations-vs-BLD-PL-Pipe Accessories  Navisworks has this test marked Old.
16:24:43.384  +0277.259s  CLASH    OLD      BLD-PL-Plumbing Fixtures-vs-BLD-AR-Floors  Navisworks has this test marked Old.
16:24:43.394  +0277.269s  CLASH    OLD      BLD-PL-Plumbing Fixtures-vs-BLD-AR-Stairs  Navisworks has this test marked Old.
16:24:43.403  +0277.277s  CLASH    OLD      BLD-PL-Plumbing Fixtures-vs-BLD-AR-Ramps  Navisworks has this test marked Old.
16:24:43.410  +0277.285s  CLASH    OLD      BLD-PL-Plumbing Fixtures-vs-BLD-AR-Roofs  Navisworks has this test marked Old.
16:24:43.454  +0277.329s  CLASH    825 of 1770 tests, 28 run, 856 skipped, 155 clashes so far
16:24:43.462  +0277.337s  CLASH    OLD      BLD-PL-Plumbing Fixtures-vs-BLD-AR-Ceilings  Navisworks has this test marked Old.
16:24:43.470  +0277.345s  CLASH    OLD      BLD-PL-Plumbing Fixtures-vs-BLD-AR-Columns  Navisworks has this test marked Old.
16:24:43.478  +0277.352s  CLASH    OLD      BLD-PL-Plumbing Fixtures-vs-BLD-AR-Walls  Navisworks has this test marked Old.
16:24:43.485  +0277.360s  CLASH    OLD      BLD-PL-Plumbing Fixtures-vs-BLD-AR-Windows  Navisworks has this test marked Old.
16:24:43.493  +0277.367s  CLASH    OLD      BLD-PL-Plumbing Fixtures-vs-BLD-AR-Curtain Panels  Navisworks has this test marked Old.
16:24:43.499  +0277.374s  CLASH    OLD      BLD-PL-Plumbing Fixtures-vs-BLD-AR-Curtain Mullions  Navisworks has this test marked Old.
16:24:43.507  +0277.381s  CLASH    OLD      BLD-PL-Plumbing Fixtures-vs-BLD-AR-Doors  Navisworks has this test marked Old.
16:24:43.513  +0277.388s  CLASH    OLD      BLD-PL-Plumbing Fixtures-vs-BLD-AR-Casework  Navisworks has this test marked Old.
16:24:43.520  +0277.395s  CLASH    OLD      BLD-PL-Plumbing Fixtures-vs-BLD-AR-Furniture  Navisworks has this test marked Old.
16:24:43.593  +0277.467s  CLASH    OLD      BLD-PL-Plumbing Fixtures-vs-BLD-AR-Parking  Navisworks has this test marked Old.
16:24:43.600  +0277.475s  CLASH    OLD      BLD-PL-Plumbing Fixtures-vs-BLD-AR-Railings  Navisworks has this test marked Old.
16:24:43.606  +0277.481s  CLASH    OLD      BLD-PL-Plumbing Fixtures-vs-BLD-AR-Site  Navisworks has this test marked Old.
16:24:43.613  +0277.488s  CLASH    OLD      BLD-PL-Plumbing Fixtures-vs-BLD-ST-Foundation  Navisworks has this test marked Old.
16:24:43.619  +0277.494s  CLASH    OLD      BLD-PL-Plumbing Fixtures-vs-BLD-ST-Columns  Navisworks has this test marked Old.
16:24:43.624  +0277.499s  CLASH    OLD      BLD-PL-Plumbing Fixtures-vs-BLD-ST-Framing  Navisworks has this test marked Old.
16:24:43.630  +0277.505s  CLASH    OLD      BLD-PL-Plumbing Fixtures-vs-BLD-ST-Walls  Navisworks has this test marked Old.
16:24:43.636  +0277.511s  CLASH    OLD      BLD-PL-Plumbing Fixtures-vs-BLD-ST-Floors  Navisworks has this test marked Old.
16:24:43.643  +0277.518s  CLASH    OLD      BLD-PL-Plumbing Fixtures-vs-BLD-ST-Stair  Navisworks has this test marked Old.
16:24:43.650  +0277.525s  CLASH    OLD      BLD-PL-Plumbing Fixtures-vs-BLD-ME-Ducts&Duct Fittings  Navisworks has this test marked Old.
16:24:43.658  +0277.532s  CLASH    OLD      BLD-PL-Plumbing Fixtures-vs-BLD-ME-Duct Accessory  Navisworks has this test marked Old.
16:24:43.665  +0277.540s  CLASH    OLD      BLD-PL-Plumbing Fixtures-vs-BLD-ME-Mechanical Equipment  Navisworks has this test marked Old.
16:24:43.673  +0277.548s  CLASH    OLD      BLD-PL-Plumbing Fixtures-vs-BLD-ME-Flex Ducts  Navisworks has this test marked Old.
16:24:43.681  +0277.556s  CLASH    OLD      BLD-PL-Plumbing Fixtures-vs-BLD-ME-Air Terminals  Navisworks has this test marked Old.
16:24:43.691  +0277.565s  CLASH    OLD      BLD-PL-Plumbing Fixtures-vs-BLD-ME-Pipes&Pipe Fittings  Navisworks has this test marked Old.
16:24:43.698  +0277.574s  CLASH    OLD      BLD-PL-Plumbing Fixtures-vs-BLD-ME-Pipe Accessories  Navisworks has this test marked Old.
16:24:43.783  +0277.658s  CLASH    850 of 1770 tests, 28 run, 881 skipped, 155 clashes so far
16:24:43.792  +0277.666s  CLASH    OLD      BLD-PL-Plumbing Fixtures-vs-BLD-ME-Plumbing Fixtures  Navisworks has this test marked Old.
16:24:43.804  +0277.678s  CLASH    OLD      BLD-PL-Plumbing Fixtures-vs-BLD-ME-Flex Pipes  Navisworks has this test marked Old.
16:24:43.812  +0277.687s  CLASH    OLD      BLD-PL-Plumbing Fixtures-vs-BLD-FF-Mechanical Equipment  Navisworks has this test marked Old.
16:24:43.822  +0277.696s  CLASH    OLD      BLD-PL-Plumbing Fixtures-vs-BLD-FF-Pipes & Pipe Fittings  Navisworks has this test marked Old.
16:24:43.830  +0277.704s  CLASH    OLD      BLD-PL-Plumbing Fixtures-vs-BLD-FF-Pipe Accessories  Navisworks has this test marked Old.
16:24:43.839  +0277.713s  CLASH    OLD      BLD-PL-Plumbing Fixtures-vs-BLD-FF-Pipe Insulations  Navisworks has this test marked Old.
16:24:43.847  +0277.721s  CLASH    OLD      BLD-PL-Plumbing Fixtures-vs-BLD-FF-Plumbing Fixtures  Navisworks has this test marked Old.
16:24:43.856  +0277.730s  CLASH    OLD      BLD-PL-Plumbing Fixtures-vs-BLD-FF-Sprinklers  Navisworks has this test marked Old.
16:24:43.864  +0277.739s  CLASH    OLD      BLD-PL-Plumbing Fixtures-vs-BLD-PL-Mechanical Equipment  Navisworks has this test marked Old.
16:24:43.872  +0277.747s  CLASH    OLD      BLD-PL-Plumbing Fixtures-vs-BLD-PL-Pipes & Pipe Fittings  Navisworks has this test marked Old.
16:24:43.881  +0277.756s  CLASH    OLD      BLD-PL-Plumbing Fixtures-vs-BLD-PL-Pipe Accessories  Navisworks has this test marked Old.
16:24:43.889  +0277.763s  CLASH    OLD      BLD-PL-Plumbing Fixtures-vs-BLD-PL-Pipe Insulations  Navisworks has this test marked Old.
16:24:43.898  +0277.772s  CLASH    OLD      BLD-DR-Mechanical Equipment-vs-BLD-AR-Floors  Navisworks has this test marked Old.
16:24:43.905  +0277.780s  CLASH    OLD      BLD-DR-Mechanical Equipment-vs-BLD-AR-Stairs  Navisworks has this test marked Old.
16:24:43.913  +0277.788s  CLASH    OLD      BLD-DR-Mechanical Equipment-vs-BLD-AR-Ramps  Navisworks has this test marked Old.
16:24:43.987  +0277.861s  CLASH    OLD      BLD-DR-Mechanical Equipment-vs-BLD-AR-Roofs  Navisworks has this test marked Old.
16:24:43.994  +0277.868s  CLASH    OLD      BLD-DR-Mechanical Equipment-vs-BLD-AR-Ceilings  Navisworks has this test marked Old.
16:24:44.000  +0277.875s  CLASH    OLD      BLD-DR-Mechanical Equipment-vs-BLD-AR-Columns  Navisworks has this test marked Old.
16:24:44.008  +0277.883s  CLASH    OLD      BLD-DR-Mechanical Equipment-vs-BLD-AR-Walls  Navisworks has this test marked Old.
16:24:44.016  +0277.890s  CLASH    OLD      BLD-DR-Mechanical Equipment-vs-BLD-AR-Windows  Navisworks has this test marked Old.
16:24:44.023  +0277.898s  CLASH    OLD      BLD-DR-Mechanical Equipment-vs-BLD-AR-Curtain Panels  Navisworks has this test marked Old.
16:24:44.031  +0277.907s  CLASH    OLD      BLD-DR-Mechanical Equipment-vs-BLD-AR-Curtain Mullions  Navisworks has this test marked Old.
16:24:44.040  +0277.914s  CLASH    OLD      BLD-DR-Mechanical Equipment-vs-BLD-AR-Doors  Navisworks has this test marked Old.
16:24:44.047  +0277.921s  CLASH    OLD      BLD-DR-Mechanical Equipment-vs-BLD-AR-Casework  Navisworks has this test marked Old.
16:24:44.055  +0277.930s  CLASH    OLD      BLD-DR-Mechanical Equipment-vs-BLD-AR-Furniture  Navisworks has this test marked Old.
16:24:44.064  +0277.939s  CLASH    875 of 1770 tests, 28 run, 906 skipped, 155 clashes so far
16:24:44.073  +0277.947s  CLASH    OLD      BLD-DR-Mechanical Equipment-vs-BLD-AR-Parking  Navisworks has this test marked Old.
16:24:44.083  +0277.957s  CLASH    OLD      BLD-DR-Mechanical Equipment-vs-BLD-AR-Railings  Navisworks has this test marked Old.
16:24:44.092  +0277.967s  CLASH    OLD      BLD-DR-Mechanical Equipment-vs-BLD-AR-Site  Navisworks has this test marked Old.
16:24:44.101  +0277.975s  CLASH    OLD      BLD-DR-Mechanical Equipment-vs-BLD-ST-Foundation  Navisworks has this test marked Old.
16:24:44.108  +0277.983s  CLASH    OLD      BLD-DR-Mechanical Equipment-vs-BLD-ST-Columns  Navisworks has this test marked Old.
16:24:44.185  +0278.059s  CLASH    OLD      BLD-DR-Mechanical Equipment-vs-BLD-ST-Framing  Navisworks has this test marked Old.
16:24:44.192  +0278.067s  CLASH    OLD      BLD-DR-Mechanical Equipment-vs-BLD-ST-Walls  Navisworks has this test marked Old.
16:24:44.200  +0278.075s  CLASH    OLD      BLD-DR-Mechanical Equipment-vs-BLD-ST-Floors  Navisworks has this test marked Old.
16:24:44.207  +0278.082s  CLASH    OLD      BLD-DR-Mechanical Equipment-vs-BLD-ST-Stair  Navisworks has this test marked Old.
16:24:44.214  +0278.088s  CLASH    OLD      BLD-DR-Mechanical Equipment-vs-BLD-ME-Ducts&Duct Fittings  Navisworks has this test marked Old.
16:24:44.222  +0278.097s  CLASH    OLD      BLD-DR-Mechanical Equipment-vs-BLD-ME-Duct Accessory  Navisworks has this test marked Old.
16:24:44.229  +0278.104s  CLASH    OLD      BLD-DR-Mechanical Equipment-vs-BLD-ME-Mechanical Equipment  Navisworks has this test marked Old.
16:24:44.236  +0278.110s  CLASH    OLD      BLD-DR-Mechanical Equipment-vs-BLD-ME-Flex Ducts  Navisworks has this test marked Old.
16:24:44.243  +0278.118s  CLASH    OLD      BLD-DR-Mechanical Equipment-vs-BLD-ME-Air Terminals  Navisworks has this test marked Old.
16:24:44.250  +0278.125s  CLASH    OLD      BLD-DR-Mechanical Equipment-vs-BLD-ME-Pipes&Pipe Fittings  Navisworks has this test marked Old.
16:24:44.259  +0278.133s  CLASH    OLD      BLD-DR-Mechanical Equipment-vs-BLD-ME-Pipe Accessories  Navisworks has this test marked Old.
16:24:44.267  +0278.141s  CLASH    OLD      BLD-DR-Mechanical Equipment-vs-BLD-ME-Plumbing Fixtures  Navisworks has this test marked Old.
16:24:44.275  +0278.150s  CLASH    OLD      BLD-DR-Mechanical Equipment-vs-BLD-ME-Flex Pipes  Navisworks has this test marked Old.
16:24:44.283  +0278.157s  CLASH    OLD      BLD-DR-Mechanical Equipment-vs-BLD-FF-Mechanical Equipment  Navisworks has this test marked Old.
16:24:44.290  +0278.165s  CLASH    OLD      BLD-DR-Mechanical Equipment-vs-BLD-FF-Pipes & Pipe Fittings  Navisworks has this test marked Old.
16:24:44.299  +0278.173s  CLASH    OLD      BLD-DR-Mechanical Equipment-vs-BLD-FF-Pipe Accessories  Navisworks has this test marked Old.
16:24:44.375  +0278.250s  CLASH    OLD      BLD-DR-Mechanical Equipment-vs-BLD-FF-Pipe Insulations  Navisworks has this test marked Old.
16:24:44.383  +0278.258s  CLASH    OLD      BLD-DR-Mechanical Equipment-vs-BLD-FF-Plumbing Fixtures  Navisworks has this test marked Old.
16:24:44.392  +0278.266s  CLASH    OLD      BLD-DR-Mechanical Equipment-vs-BLD-FF-Sprinklers  Navisworks has this test marked Old.
16:24:44.399  +0278.274s  CLASH    OLD      BLD-DR-Mechanical Equipment-vs-BLD-PL-Mechanical Equipment  Navisworks has this test marked Old.
16:24:44.407  +0278.282s  CLASH    900 of 1770 tests, 28 run, 931 skipped, 155 clashes so far
16:24:44.414  +0278.289s  CLASH    OLD      BLD-DR-Mechanical Equipment-vs-BLD-PL-Pipes & Pipe Fittings  Navisworks has this test marked Old.
16:24:44.452  +0278.327s  CLASH    OLD      BLD-DR-Mechanical Equipment-vs-BLD-PL-Pipe Accessories  Navisworks has this test marked Old.
16:24:44.462  +0278.336s  CLASH    OLD      BLD-DR-Mechanical Equipment-vs-BLD-PL-Pipe Insulations  Navisworks has this test marked Old.
16:24:44.470  +0278.345s  CLASH    OLD      BLD-DR-Mechanical Equipment-vs-BLD-PL-Plumbing Fixtures  Navisworks has this test marked Old.
16:24:44.478  +0278.353s  CLASH    OLD      BLD-DR-Pipes & Pipe Fittings-vs-BLD-AR-Floors  Navisworks has this test marked Old.
16:24:46.637  +0280.511s  STATUS   a clash carries one of five: New, Active, Reviewed, Approved, Resolved
16:24:46.658  +0280.533s  STATUS   a TEST carries one of four: New, Old, Partial, Complete
16:24:46.667  +0280.541s  STATUS   the two sets are different things and share only the word New
16:24:46.677  +0280.551s  STATUS   Old is a test word and never a clash word, so no clash is ever at Old and nothing here ever moves one from it
16:24:46.685  +0280.560s  STATUS   this tool sets Reviewed and nothing else. Approved and Resolved are a person's decision about work that was actually done
16:24:46.719  +0280.593s  STATUS   Clash4  Active to Reviewed
16:24:47.089  +0280.964s  CLASH    OLD      BLD-DR-Pipes & Pipe Fittings-vs-BLD-AR-Stairs  Navisworks has this test marked Old.
16:24:47.098  +0280.972s  CLASH    OLD      BLD-DR-Pipes & Pipe Fittings-vs-BLD-AR-Ramps  Navisworks has this test marked Old.
16:24:47.105  +0280.980s  CLASH    OLD      BLD-DR-Pipes & Pipe Fittings-vs-BLD-AR-Roofs  Navisworks has this test marked Old.
16:24:47.111  +0280.986s  CLASH    OLD      BLD-DR-Pipes & Pipe Fittings-vs-BLD-AR-Ceilings  Navisworks has this test marked Old.
16:24:47.117  +0280.991s  CLASH    OLD      BLD-DR-Pipes & Pipe Fittings-vs-BLD-AR-Columns  Navisworks has this test marked Old.
16:24:47.124  +0280.998s  CLASH    OLD      BLD-DR-Pipes & Pipe Fittings-vs-BLD-AR-Walls  Navisworks has this test marked Old.
16:24:49.531  +0283.407s  CLASH    OLD      BLD-DR-Pipes & Pipe Fittings-vs-BLD-AR-Windows  Navisworks has this test marked Old.
16:24:49.539  +0283.414s  CLASH    OLD      BLD-DR-Pipes & Pipe Fittings-vs-BLD-AR-Curtain Panels  Navisworks has this test marked Old.
16:24:49.545  +0283.420s  CLASH    OLD      BLD-DR-Pipes & Pipe Fittings-vs-BLD-AR-Curtain Mullions  Navisworks has this test marked Old.
16:24:49.551  +0283.426s  CLASH    OLD      BLD-DR-Pipes & Pipe Fittings-vs-BLD-AR-Doors  Navisworks has this test marked Old.
16:24:51.811  +0285.685s  CLASH    OLD      BLD-DR-Pipes & Pipe Fittings-vs-BLD-AR-Casework  Navisworks has this test marked Old.
16:24:51.836  +0285.711s  CLASH    OLD      BLD-DR-Pipes & Pipe Fittings-vs-BLD-AR-Furniture  Navisworks has this test marked Old.
16:24:51.864  +0285.739s  CLASH    OLD      BLD-DR-Pipes & Pipe Fittings-vs-BLD-AR-Parking  Navisworks has this test marked Old.
16:24:51.881  +0285.755s  CLASH    OLD      BLD-DR-Pipes & Pipe Fittings-vs-BLD-AR-Railings  Navisworks has this test marked Old.
16:24:51.938  +0285.813s  CLASH    OLD      BLD-DR-Pipes & Pipe Fittings-vs-BLD-AR-Site  Navisworks has this test marked Old.
16:24:51.963  +0285.838s  CLASH    OLD      BLD-DR-Pipes & Pipe Fittings-vs-BLD-ST-Foundation  Navisworks has this test marked Old.
16:24:54.308  +0288.183s  CLASH    OLD      BLD-DR-Pipes & Pipe Fittings-vs-BLD-ST-Columns  Navisworks has this test marked Old.
16:24:56.171  +0290.046s  CLASH    OLD      BLD-DR-Pipes & Pipe Fittings-vs-BLD-ST-Framing  Navisworks has this test marked Old.
16:24:58.376  +0292.251s  CLASH    OLD      BLD-DR-Pipes & Pipe Fittings-vs-BLD-ST-Walls  Navisworks has this test marked Old.
16:25:00.126  +0294.001s  CLASH    OLD      BLD-DR-Pipes & Pipe Fittings-vs-BLD-ST-Floors  Navisworks has this test marked Old.
16:25:02.105  +0295.980s  CLASH    925 of 1770 tests, 36 run, 948 skipped, 175 clashes so far
16:25:02.110  +0295.985s  CLASH    OLD      BLD-DR-Pipes & Pipe Fittings-vs-BLD-ST-Stair  Navisworks has this test marked Old.
16:25:02.115  +0295.989s  CLASH    OLD      BLD-DR-Pipes & Pipe Fittings-vs-BLD-ME-Ducts&Duct Fittings  Navisworks has this test marked Old.
16:25:02.119  +0295.993s  CLASH    OLD      BLD-DR-Pipes & Pipe Fittings-vs-BLD-ME-Duct Accessory  Navisworks has this test marked Old.
16:25:02.125  +0296.000s  CLASH    OLD      BLD-DR-Pipes & Pipe Fittings-vs-BLD-ME-Mechanical Equipment  Navisworks has this test marked Old.
16:25:02.129  +0296.004s  CLASH    OLD      BLD-DR-Pipes & Pipe Fittings-vs-BLD-ME-Flex Ducts  Navisworks has this test marked Old.
16:25:02.133  +0296.008s  CLASH    OLD      BLD-DR-Pipes & Pipe Fittings-vs-BLD-ME-Air Terminals  Navisworks has this test marked Old.
16:25:02.140  +0296.014s  CLASH    OLD      BLD-DR-Pipes & Pipe Fittings-vs-BLD-ME-Pipes&Pipe Fittings  Navisworks has this test marked Old.
16:25:02.145  +0296.019s  CLASH    OLD      BLD-DR-Pipes & Pipe Fittings-vs-BLD-ME-Pipe Accessories  Navisworks has this test marked Old.
16:25:02.148  +0296.023s  CLASH    OLD      BLD-DR-Pipes & Pipe Fittings-vs-BLD-ME-Plumbing Fixtures  Navisworks has this test marked Old.
16:25:02.153  +0296.029s  CLASH    OLD      BLD-DR-Pipes & Pipe Fittings-vs-BLD-ME-Flex Pipes  Navisworks has this test marked Old.
16:25:02.159  +0296.034s  CLASH    OLD      BLD-DR-Pipes & Pipe Fittings-vs-BLD-FF-Mechanical Equipment  Navisworks has this test marked Old.
16:25:02.199  +0296.074s  CLASH    OLD      BLD-DR-Pipes & Pipe Fittings-vs-BLD-FF-Pipes & Pipe Fittings  Navisworks has this test marked Old.
16:25:02.206  +0296.081s  CLASH    OLD      BLD-DR-Pipes & Pipe Fittings-vs-BLD-FF-Pipe Accessories  Navisworks has this test marked Old.
16:25:02.211  +0296.085s  CLASH    OLD      BLD-DR-Pipes & Pipe Fittings-vs-BLD-FF-Pipe Insulations  Navisworks has this test marked Old.
16:25:02.215  +0296.090s  CLASH    OLD      BLD-DR-Pipes & Pipe Fittings-vs-BLD-FF-Plumbing Fixtures  Navisworks has this test marked Old.
16:25:02.222  +0296.096s  CLASH    OLD      BLD-DR-Pipes & Pipe Fittings-vs-BLD-FF-Sprinklers  Navisworks has this test marked Old.
16:25:02.226  +0296.101s  CLASH    OLD      BLD-DR-Pipes & Pipe Fittings-vs-BLD-PL-Mechanical Equipment  Navisworks has this test marked Old.
16:25:02.231  +0296.105s  CLASH    OLD      BLD-DR-Pipes & Pipe Fittings-vs-BLD-PL-Pipes & Pipe Fittings  Navisworks has this test marked Old.
16:25:02.236  +0296.110s  CLASH    OLD      BLD-DR-Pipes & Pipe Fittings-vs-BLD-PL-Pipe Accessories  Navisworks has this test marked Old.
16:25:02.241  +0296.115s  CLASH    OLD      BLD-DR-Pipes & Pipe Fittings-vs-BLD-PL-Pipe Insulations  Navisworks has this test marked Old.
16:25:02.246  +0296.120s  CLASH    OLD      BLD-DR-Pipes & Pipe Fittings-vs-BLD-PL-Plumbing Fixtures  Navisworks has this test marked Old.
16:25:02.252  +0296.127s  CLASH    OLD      BLD-DR-Pipes & Pipe Fittings-vs-BLD-DR-Mechanical Equipment  Navisworks has this test marked Old.
16:25:02.258  +0296.133s  CLASH    OLD      BLD-DR-Pipe Insulations-vs-BLD-AR-Floors  Navisworks has this test marked Old.
16:25:02.265  +0296.140s  CLASH    OLD      BLD-DR-Pipe Insulations-vs-BLD-AR-Stairs  Navisworks has this test marked Old.
16:25:02.271  +0296.145s  CLASH    OLD      BLD-DR-Pipe Insulations-vs-BLD-AR-Ramps  Navisworks has this test marked Old.
16:25:02.275  +0296.150s  CLASH    950 of 1770 tests, 36 run, 973 skipped, 175 clashes so far
16:25:02.311  +0296.185s  CLASH    OLD      BLD-DR-Pipe Insulations-vs-BLD-AR-Roofs  Navisworks has this test marked Old.
16:25:02.316  +0296.190s  CLASH    OLD      BLD-DR-Pipe Insulations-vs-BLD-AR-Ceilings  Navisworks has this test marked Old.
16:25:02.321  +0296.195s  CLASH    OLD      BLD-DR-Pipe Insulations-vs-BLD-AR-Columns  Navisworks has this test marked Old.
16:25:02.325  +0296.200s  CLASH    OLD      BLD-DR-Pipe Insulations-vs-BLD-AR-Walls  Navisworks has this test marked Old.
16:25:02.330  +0296.204s  CLASH    OLD      BLD-DR-Pipe Insulations-vs-BLD-AR-Windows  Navisworks has this test marked Old.
16:25:02.333  +0296.208s  CLASH    OLD      BLD-DR-Pipe Insulations-vs-BLD-AR-Curtain Panels  Navisworks has this test marked Old.
16:25:02.338  +0296.212s  CLASH    OLD      BLD-DR-Pipe Insulations-vs-BLD-AR-Curtain Mullions  Navisworks has this test marked Old.
16:25:02.342  +0296.217s  CLASH    OLD      BLD-DR-Pipe Insulations-vs-BLD-AR-Doors  Navisworks has this test marked Old.
16:25:02.346  +0296.221s  CLASH    OLD      BLD-DR-Pipe Insulations-vs-BLD-AR-Casework  Navisworks has this test marked Old.
16:25:02.350  +0296.225s  CLASH    OLD      BLD-DR-Pipe Insulations-vs-BLD-AR-Furniture  Navisworks has this test marked Old.
16:25:02.355  +0296.229s  CLASH    OLD      BLD-DR-Pipe Insulations-vs-BLD-AR-Parking  Navisworks has this test marked Old.
16:25:02.359  +0296.233s  CLASH    OLD      BLD-DR-Pipe Insulations-vs-BLD-AR-Railings  Navisworks has this test marked Old.
16:25:02.363  +0296.237s  CLASH    OLD      BLD-DR-Pipe Insulations-vs-BLD-AR-Site  Navisworks has this test marked Old.
16:25:02.367  +0296.242s  CLASH    OLD      BLD-DR-Pipe Insulations-vs-BLD-ST-Foundation  Navisworks has this test marked Old.
16:25:02.373  +0296.247s  CLASH    OLD      BLD-DR-Pipe Insulations-vs-BLD-ST-Columns  Navisworks has this test marked Old.
16:25:02.411  +0296.285s  CLASH    OLD      BLD-DR-Pipe Insulations-vs-BLD-ST-Framing  Navisworks has this test marked Old.
16:25:02.418  +0296.293s  CLASH    OLD      BLD-DR-Pipe Insulations-vs-BLD-ST-Walls  Navisworks has this test marked Old.
16:25:02.427  +0296.301s  CLASH    OLD      BLD-DR-Pipe Insulations-vs-BLD-ST-Floors  Navisworks has this test marked Old.
16:25:02.433  +0296.308s  CLASH    OLD      BLD-DR-Pipe Insulations-vs-BLD-ST-Stair  Navisworks has this test marked Old.
16:25:02.440  +0296.315s  CLASH    OLD      BLD-DR-Pipe Insulations-vs-BLD-ME-Ducts&Duct Fittings  Navisworks has this test marked Old.
16:25:02.447  +0296.322s  CLASH    OLD      BLD-DR-Pipe Insulations-vs-BLD-ME-Duct Accessory  Navisworks has this test marked Old.
16:25:02.456  +0296.330s  CLASH    OLD      BLD-DR-Pipe Insulations-vs-BLD-ME-Mechanical Equipment  Navisworks has this test marked Old.
16:25:02.463  +0296.338s  CLASH    OLD      BLD-DR-Pipe Insulations-vs-BLD-ME-Flex Ducts  Navisworks has this test marked Old.
16:25:02.468  +0296.343s  CLASH    OLD      BLD-DR-Pipe Insulations-vs-BLD-ME-Air Terminals  Navisworks has this test marked Old.
16:25:02.474  +0296.349s  CLASH    OLD      BLD-DR-Pipe Insulations-vs-BLD-ME-Pipes&Pipe Fittings  Navisworks has this test marked Old.
16:25:02.479  +0296.354s  CLASH    975 of 1770 tests, 36 run, 998 skipped, 175 clashes so far
16:25:02.484  +0296.359s  CLASH    OLD      BLD-DR-Pipe Insulations-vs-BLD-ME-Pipe Accessories  Navisworks has this test marked Old.
16:25:02.488  +0296.363s  CLASH    OLD      BLD-DR-Pipe Insulations-vs-BLD-ME-Plumbing Fixtures  Navisworks has this test marked Old.
16:25:02.493  +0296.368s  CLASH    OLD      BLD-DR-Pipe Insulations-vs-BLD-ME-Flex Pipes  Navisworks has this test marked Old.
16:25:02.497  +0296.372s  CLASH    OLD      BLD-DR-Pipe Insulations-vs-BLD-FF-Mechanical Equipment  Navisworks has this test marked Old.
16:25:02.502  +0296.377s  CLASH    OLD      BLD-DR-Pipe Insulations-vs-BLD-FF-Pipes & Pipe Fittings  Navisworks has this test marked Old.
16:25:02.533  +0296.408s  CLASH    OLD      BLD-DR-Pipe Insulations-vs-BLD-FF-Pipe Accessories  Navisworks has this test marked Old.
16:25:02.538  +0296.413s  CLASH    OLD      BLD-DR-Pipe Insulations-vs-BLD-FF-Pipe Insulations  Navisworks has this test marked Old.
16:25:02.545  +0296.419s  CLASH    OLD      BLD-DR-Pipe Insulations-vs-BLD-FF-Plumbing Fixtures  Navisworks has this test marked Old.
16:25:02.551  +0296.425s  CLASH    OLD      BLD-DR-Pipe Insulations-vs-BLD-FF-Sprinklers  Navisworks has this test marked Old.
16:25:02.556  +0296.431s  CLASH    OLD      BLD-DR-Pipe Insulations-vs-BLD-PL-Mechanical Equipment  Navisworks has this test marked Old.
16:25:02.561  +0296.436s  CLASH    OLD      BLD-DR-Pipe Insulations-vs-BLD-PL-Pipes & Pipe Fittings  Navisworks has this test marked Old.
16:25:02.566  +0296.440s  CLASH    OLD      BLD-DR-Pipe Insulations-vs-BLD-PL-Pipe Accessories  Navisworks has this test marked Old.
16:25:02.570  +0296.444s  CLASH    OLD      BLD-DR-Pipe Insulations-vs-BLD-PL-Pipe Insulations  Navisworks has this test marked Old.
16:25:02.575  +0296.449s  CLASH    OLD      BLD-DR-Pipe Insulations-vs-BLD-PL-Plumbing Fixtures  Navisworks has this test marked Old.
16:25:02.580  +0296.454s  CLASH    OLD      BLD-DR-Pipe Insulations-vs-BLD-DR-Mechanical Equipment  Navisworks has this test marked Old.
16:25:02.585  +0296.459s  CLASH    OLD      BLD-DR-Pipe Insulations-vs-BLD-DR-Pipes & Pipe Fittings  Navisworks has this test marked Old.
16:25:02.589  +0296.463s  CLASH    OLD      BLD-DR-Plumbing Fixtures-vs-BLD-AR-Floors  Navisworks has this test marked Old.
16:25:04.439  +0298.314s  CLASH    OLD      BLD-DR-Plumbing Fixtures-vs-BLD-AR-Stairs  Navisworks has this test marked Old.
16:25:04.445  +0298.320s  CLASH    OLD      BLD-DR-Plumbing Fixtures-vs-BLD-AR-Ramps  Navisworks has this test marked Old.
16:25:04.450  +0298.325s  CLASH    OLD      BLD-DR-Plumbing Fixtures-vs-BLD-AR-Roofs  Navisworks has this test marked Old.
16:25:04.486  +0298.361s  CLASH    OLD      BLD-DR-Plumbing Fixtures-vs-BLD-AR-Ceilings  Navisworks has this test marked Old.
16:25:04.493  +0298.367s  CLASH    OLD      BLD-DR-Plumbing Fixtures-vs-BLD-AR-Columns  Navisworks has this test marked Old.
16:25:04.497  +0298.372s  CLASH    OLD      BLD-DR-Plumbing Fixtures-vs-BLD-AR-Walls  Navisworks has this test marked Old.
16:25:06.299  +0300.173s  CLASH    OLD      BLD-DR-Plumbing Fixtures-vs-BLD-AR-Windows  Navisworks has this test marked Old.
16:25:06.307  +0300.182s  CLASH    OLD      BLD-DR-Plumbing Fixtures-vs-BLD-AR-Curtain Panels  Navisworks has this test marked Old.
16:25:06.313  +0300.187s  CLASH    1000 of 1770 tests, 38 run, 1021 skipped, 177 clashes so far
16:25:06.317  +0300.192s  CLASH    OLD      BLD-DR-Plumbing Fixtures-vs-BLD-AR-Curtain Mullions  Navisworks has this test marked Old.
16:25:06.323  +0300.197s  CLASH    OLD      BLD-DR-Plumbing Fixtures-vs-BLD-AR-Doors  Navisworks has this test marked Old.
16:25:08.097  +0301.971s  CLASH    OLD      BLD-DR-Plumbing Fixtures-vs-BLD-AR-Casework  Navisworks has this test marked Old.
16:25:08.102  +0301.977s  CLASH    OLD      BLD-DR-Plumbing Fixtures-vs-BLD-AR-Furniture  Navisworks has this test marked Old.
16:25:08.108  +0301.982s  CLASH    OLD      BLD-DR-Plumbing Fixtures-vs-BLD-AR-Parking  Navisworks has this test marked Old.
16:25:08.113  +0301.987s  CLASH    OLD      BLD-DR-Plumbing Fixtures-vs-BLD-AR-Railings  Navisworks has this test marked Old.
16:25:08.116  +0301.991s  CLASH    OLD      BLD-DR-Plumbing Fixtures-vs-BLD-AR-Site  Navisworks has this test marked Old.
16:25:08.122  +0301.997s  CLASH    OLD      BLD-DR-Plumbing Fixtures-vs-BLD-ST-Foundation  Navisworks has this test marked Old.
16:25:09.908  +0303.782s  CLASH    OLD      BLD-DR-Plumbing Fixtures-vs-BLD-ST-Columns  Navisworks has this test marked Old.
16:25:11.738  +0305.613s  CLASH    OLD      BLD-DR-Plumbing Fixtures-vs-BLD-ST-Framing  Navisworks has this test marked Old.
16:25:13.656  +0307.531s  CLASH    OLD      BLD-DR-Plumbing Fixtures-vs-BLD-ST-Walls  Navisworks has this test marked Old.
16:25:15.573  +0309.448s  CLASH    OLD      BLD-DR-Plumbing Fixtures-vs-BLD-ST-Floors  Navisworks has this test marked Old.
16:25:17.438  +0311.312s  CLASH    OLD      BLD-DR-Plumbing Fixtures-vs-BLD-ST-Stair  Navisworks has this test marked Old.
16:25:17.455  +0311.330s  CLASH    OLD      BLD-DR-Plumbing Fixtures-vs-BLD-ME-Ducts&Duct Fittings  Navisworks has this test marked Old.
16:25:17.476  +0311.351s  CLASH    OLD      BLD-DR-Plumbing Fixtures-vs-BLD-ME-Duct Accessory  Navisworks has this test marked Old.
16:25:17.508  +0311.383s  CLASH    OLD      BLD-DR-Plumbing Fixtures-vs-BLD-ME-Mechanical Equipment  Navisworks has this test marked Old.
16:25:17.532  +0311.406s  CLASH    OLD      BLD-DR-Plumbing Fixtures-vs-BLD-ME-Flex Ducts  Navisworks has this test marked Old.
16:25:17.556  +0311.430s  CLASH    OLD      BLD-DR-Plumbing Fixtures-vs-BLD-ME-Air Terminals  Navisworks has this test marked Old.
16:25:17.571  +0311.446s  CLASH    OLD      BLD-DR-Plumbing Fixtures-vs-BLD-ME-Pipes&Pipe Fittings  Navisworks has this test marked Old.
16:25:17.590  +0311.465s  CLASH    OLD      BLD-DR-Plumbing Fixtures-vs-BLD-ME-Pipe Accessories  Navisworks has this test marked Old.
16:25:17.609  +0311.483s  CLASH    OLD      BLD-DR-Plumbing Fixtures-vs-BLD-ME-Plumbing Fixtures  Navisworks has this test marked Old.
16:25:17.629  +0311.503s  CLASH    OLD      BLD-DR-Plumbing Fixtures-vs-BLD-ME-Flex Pipes  Navisworks has this test marked Old.
16:25:17.646  +0311.520s  CLASH    OLD      BLD-DR-Plumbing Fixtures-vs-BLD-FF-Mechanical Equipment  Navisworks has this test marked Old.
16:25:17.657  +0311.532s  CLASH    OLD      BLD-DR-Plumbing Fixtures-vs-BLD-FF-Pipes & Pipe Fittings  Navisworks has this test marked Old.
16:25:17.717  +0311.592s  CLASH    OLD      BLD-DR-Plumbing Fixtures-vs-BLD-FF-Pipe Accessories  Navisworks has this test marked Old.
16:25:17.733  +0311.608s  CLASH    1025 of 1770 tests, 44 run, 1040 skipped, 177 clashes so far
16:25:17.749  +0311.624s  CLASH    OLD      BLD-DR-Plumbing Fixtures-vs-BLD-FF-Pipe Insulations  Navisworks has this test marked Old.
16:25:17.767  +0311.641s  CLASH    OLD      BLD-DR-Plumbing Fixtures-vs-BLD-FF-Plumbing Fixtures  Navisworks has this test marked Old.
16:25:17.784  +0311.660s  CLASH    OLD      BLD-DR-Plumbing Fixtures-vs-BLD-FF-Sprinklers  Navisworks has this test marked Old.
16:25:17.801  +0311.676s  CLASH    OLD      BLD-DR-Plumbing Fixtures-vs-BLD-PL-Mechanical Equipment  Navisworks has this test marked Old.
16:25:17.822  +0311.697s  CLASH    OLD      BLD-DR-Plumbing Fixtures-vs-BLD-PL-Pipes & Pipe Fittings  Navisworks has this test marked Old.
16:25:17.840  +0311.714s  CLASH    OLD      BLD-DR-Plumbing Fixtures-vs-BLD-PL-Pipe Accessories  Navisworks has this test marked Old.
16:25:17.851  +0311.726s  CLASH    OLD      BLD-DR-Plumbing Fixtures-vs-BLD-PL-Pipe Insulations  Navisworks has this test marked Old.
16:25:17.868  +0311.744s  CLASH    OLD      BLD-DR-Plumbing Fixtures-vs-BLD-PL-Plumbing Fixtures  Navisworks has this test marked Old.
16:25:17.889  +0311.764s  CLASH    OLD      BLD-DR-Plumbing Fixtures-vs-BLD-DR-Mechanical Equipment  Navisworks has this test marked Old.
16:25:17.907  +0311.782s  CLASH    OLD      BLD-DR-Plumbing Fixtures-vs-BLD-DR-Pipes & Pipe Fittings  Navisworks has this test marked Old.
16:25:20.166  +0314.041s  CLASH    OLD      BLD-DR-Plumbing Fixtures-vs-BLD-DR-Pipe Insulations  Navisworks has this test marked Old.
16:25:20.183  +0314.057s  CLASH    OLD      BLD-EL-Cable Tray&Cable Tray Fittings-vs-BLD-AR-Floors  Navisworks has this test marked Old.
16:25:22.114  +0315.989s  STATUS   Clash4  Active to Reviewed
16:25:22.418  +0316.292s  CLASH    OLD      BLD-EL-Cable Tray&Cable Tray Fittings-vs-BLD-AR-Stairs  Navisworks has this test marked Old.
16:25:22.449  +0316.324s  CLASH    OLD      BLD-EL-Cable Tray&Cable Tray Fittings-vs-BLD-AR-Ramps  Navisworks has this test marked Old.
16:25:22.470  +0316.345s  CLASH    OLD      BLD-EL-Cable Tray&Cable Tray Fittings-vs-BLD-AR-Roofs  Navisworks has this test marked Old.
16:25:22.497  +0316.372s  CLASH    OLD      BLD-EL-Cable Tray&Cable Tray Fittings-vs-BLD-AR-Ceilings  Navisworks has this test marked Old.
16:25:22.522  +0316.397s  CLASH    OLD      BLD-EL-Cable Tray&Cable Tray Fittings-vs-BLD-AR-Columns  Navisworks has this test marked Old.
16:25:22.543  +0316.418s  CLASH    OLD      BLD-EL-Cable Tray&Cable Tray Fittings-vs-BLD-AR-Walls  Navisworks has this test marked Old.
16:25:24.916  +0318.791s  CLASH    OLD      BLD-EL-Cable Tray&Cable Tray Fittings-vs-BLD-AR-Windows  Navisworks has this test marked Old.
16:25:24.922  +0318.797s  CLASH    OLD      BLD-EL-Cable Tray&Cable Tray Fittings-vs-BLD-AR-Curtain Panels  Navisworks has this test marked Old.
16:25:24.927  +0318.802s  CLASH    OLD      BLD-EL-Cable Tray&Cable Tray Fittings-vs-BLD-AR-Curtain Mullions  Navisworks has this test marked Old.
16:25:24.932  +0318.807s  CLASH    OLD      BLD-EL-Cable Tray&Cable Tray Fittings-vs-BLD-AR-Doors  Navisworks has this test marked Old.
16:25:26.753  +0320.628s  CLASH    OLD      BLD-EL-Cable Tray&Cable Tray Fittings-vs-BLD-AR-Casework  Navisworks has this test marked Old.
16:25:26.759  +0320.633s  CLASH    OLD      BLD-EL-Cable Tray&Cable Tray Fittings-vs-BLD-AR-Furniture  Navisworks has this test marked Old.
16:25:26.763  +0320.638s  CLASH    OLD      BLD-EL-Cable Tray&Cable Tray Fittings-vs-BLD-AR-Parking  Navisworks has this test marked Old.
16:25:26.768  +0320.643s  CLASH    1050 of 1770 tests, 48 run, 1061 skipped, 209 clashes so far
16:25:26.808  +0320.682s  CLASH    OLD      BLD-EL-Cable Tray&Cable Tray Fittings-vs-BLD-AR-Railings  Navisworks has this test marked Old.
16:25:26.813  +0320.687s  CLASH    OLD      BLD-EL-Cable Tray&Cable Tray Fittings-vs-BLD-AR-Site  Navisworks has this test marked Old.
16:25:26.817  +0320.691s  CLASH    OLD      BLD-EL-Cable Tray&Cable Tray Fittings-vs-BLD-ST-Foundation  Navisworks has this test marked Old.
16:25:28.616  +0322.491s  CLASH    OLD      BLD-EL-Cable Tray&Cable Tray Fittings-vs-BLD-ST-Columns  Navisworks has this test marked Old.
16:25:30.455  +0324.330s  CLASH    OLD      BLD-EL-Cable Tray&Cable Tray Fittings-vs-BLD-ST-Framing  Navisworks has this test marked Old.
16:25:32.424  +0326.299s  CLASH    OLD      BLD-EL-Cable Tray&Cable Tray Fittings-vs-BLD-ST-Walls  Navisworks has this test marked Old.
16:25:34.248  +0328.123s  CLASH    OLD      BLD-EL-Cable Tray&Cable Tray Fittings-vs-BLD-ST-Floors  Navisworks has this test marked Old.
16:25:36.024  +0329.898s  CLASH    OLD      BLD-EL-Cable Tray&Cable Tray Fittings-vs-BLD-ST-Stair  Navisworks has this test marked Old.
16:25:36.031  +0329.906s  CLASH    OLD      BLD-EL-Cable Tray&Cable Tray Fittings-vs-BLD-ME-Ducts&Duct Fittings  Navisworks has this test marked Old.
16:25:36.039  +0329.914s  CLASH    OLD      BLD-EL-Cable Tray&Cable Tray Fittings-vs-BLD-ME-Duct Accessory  Navisworks has this test marked Old.
16:25:36.046  +0329.920s  CLASH    OLD      BLD-EL-Cable Tray&Cable Tray Fittings-vs-BLD-ME-Mechanical Equipment  Navisworks has this test marked Old.
16:25:36.051  +0329.926s  CLASH    OLD      BLD-EL-Cable Tray&Cable Tray Fittings-vs-BLD-ME-Flex Ducts  Navisworks has this test marked Old.
16:25:36.061  +0329.936s  CLASH    OLD      BLD-EL-Cable Tray&Cable Tray Fittings-vs-BLD-ME-Air Terminals  Navisworks has this test marked Old.
16:25:36.068  +0329.942s  CLASH    OLD      BLD-EL-Cable Tray&Cable Tray Fittings-vs-BLD-ME-Pipes&Pipe Fittings  Navisworks has this test marked Old.
16:25:36.075  +0329.950s  CLASH    OLD      BLD-EL-Cable Tray&Cable Tray Fittings-vs-BLD-ME-Pipe Accessories  Navisworks has this test marked Old.
16:25:36.083  +0329.957s  CLASH    OLD      BLD-EL-Cable Tray&Cable Tray Fittings-vs-BLD-ME-Plumbing Fixtures  Navisworks has this test marked Old.
16:25:36.092  +0329.967s  CLASH    OLD      BLD-EL-Cable Tray&Cable Tray Fittings-vs-BLD-ME-Flex Pipes  Navisworks has this test marked Old.
16:25:36.100  +0329.975s  CLASH    OLD      BLD-EL-Cable Tray&Cable Tray Fittings-vs-BLD-FF-Mechanical Equipment  Navisworks has this test marked Old.
16:25:36.112  +0329.987s  CLASH    OLD      BLD-EL-Cable Tray&Cable Tray Fittings-vs-BLD-FF-Pipes & Pipe Fittings  Navisworks has this test marked Old.
16:25:36.143  +0330.017s  CLASH    OLD      BLD-EL-Cable Tray&Cable Tray Fittings-vs-BLD-FF-Pipe Accessories  Navisworks has this test marked Old.
16:25:36.150  +0330.025s  CLASH    OLD      BLD-EL-Cable Tray&Cable Tray Fittings-vs-BLD-FF-Pipe Insulations  Navisworks has this test marked Old.
16:25:36.159  +0330.034s  CLASH    OLD      BLD-EL-Cable Tray&Cable Tray Fittings-vs-BLD-FF-Plumbing Fixtures  Navisworks has this test marked Old.
16:25:36.165  +0330.039s  CLASH    OLD      BLD-EL-Cable Tray&Cable Tray Fittings-vs-BLD-FF-Sprinklers  Navisworks has this test marked Old.
16:25:36.172  +0330.047s  CLASH    OLD      BLD-EL-Cable Tray&Cable Tray Fittings-vs-BLD-PL-Mechanical Equipment  Navisworks has this test marked Old.
16:25:36.179  +0330.053s  CLASH    OLD      BLD-EL-Cable Tray&Cable Tray Fittings-vs-BLD-PL-Pipes & Pipe Fittings  Navisworks has this test marked Old.
16:25:36.185  +0330.060s  CLASH    1075 of 1770 tests, 53 run, 1081 skipped, 214 clashes so far
16:25:36.193  +0330.067s  CLASH    OLD      BLD-EL-Cable Tray&Cable Tray Fittings-vs-BLD-PL-Pipe Accessories  Navisworks has this test marked Old.
16:25:36.199  +0330.073s  CLASH    OLD      BLD-EL-Cable Tray&Cable Tray Fittings-vs-BLD-PL-Pipe Insulations  Navisworks has this test marked Old.
16:25:36.207  +0330.082s  CLASH    OLD      BLD-EL-Cable Tray&Cable Tray Fittings-vs-BLD-PL-Plumbing Fixtures  Navisworks has this test marked Old.
16:25:36.214  +0330.089s  CLASH    OLD      BLD-EL-Cable Tray&Cable Tray Fittings-vs-BLD-DR-Mechanical Equipment  Navisworks has this test marked Old.
16:25:36.220  +0330.095s  CLASH    OLD      BLD-EL-Cable Tray&Cable Tray Fittings-vs-BLD-DR-Pipes & Pipe Fittings  Navisworks has this test marked Old.
16:25:38.031  +0331.906s  CLASH    OLD      BLD-EL-Cable Tray&Cable Tray Fittings-vs-BLD-DR-Pipe Insulations  Navisworks has this test marked Old.
16:25:38.044  +0331.919s  CLASH    OLD      BLD-EL-Cable Tray&Cable Tray Fittings-vs-BLD-DR-Plumbing Fixtures  Navisworks has this test marked Old.
16:25:39.961  +0333.835s  CLASH    OLD      BLD-EL-Electrical Equipment-vs-BLD-AR-Floors  Navisworks has this test marked Old.
16:25:43.034  +0336.908s  CLASH    OLD      BLD-EL-Electrical Equipment-vs-BLD-AR-Stairs  Navisworks has this test marked Old.
16:25:43.040  +0336.915s  CLASH    OLD      BLD-EL-Electrical Equipment-vs-BLD-AR-Ramps  Navisworks has this test marked Old.
16:25:43.044  +0336.919s  CLASH    OLD      BLD-EL-Electrical Equipment-vs-BLD-AR-Roofs  Navisworks has this test marked Old.
16:25:43.049  +0336.924s  CLASH    OLD      BLD-EL-Electrical Equipment-vs-BLD-AR-Ceilings  Navisworks has this test marked Old.
16:25:43.054  +0336.929s  CLASH    OLD      BLD-EL-Electrical Equipment-vs-BLD-AR-Columns  Navisworks has this test marked Old.
16:25:43.058  +0336.933s  CLASH    OLD      BLD-EL-Electrical Equipment-vs-BLD-AR-Walls  Navisworks has this test marked Old.
16:25:45.149  +0339.024s  CLASH    OLD      BLD-EL-Electrical Equipment-vs-BLD-AR-Windows  Navisworks has this test marked Old.
16:25:45.156  +0339.030s  CLASH    OLD      BLD-EL-Electrical Equipment-vs-BLD-AR-Curtain Panels  Navisworks has this test marked Old.
16:25:45.162  +0339.036s  CLASH    OLD      BLD-EL-Electrical Equipment-vs-BLD-AR-Curtain Mullions  Navisworks has this test marked Old.
16:25:45.168  +0339.042s  CLASH    OLD      BLD-EL-Electrical Equipment-vs-BLD-AR-Doors  Navisworks has this test marked Old.
16:25:47.047  +0340.922s  CLASH    OLD      BLD-EL-Electrical Equipment-vs-BLD-AR-Casework  Navisworks has this test marked Old.
16:25:47.055  +0340.930s  CLASH    OLD      BLD-EL-Electrical Equipment-vs-BLD-AR-Furniture  Navisworks has this test marked Old.
16:25:47.061  +0340.936s  CLASH    OLD      BLD-EL-Electrical Equipment-vs-BLD-AR-Parking  Navisworks has this test marked Old.
16:25:47.068  +0340.942s  CLASH    OLD      BLD-EL-Electrical Equipment-vs-BLD-AR-Railings  Navisworks has this test marked Old.
16:25:47.075  +0340.950s  CLASH    OLD      BLD-EL-Electrical Equipment-vs-BLD-AR-Site  Navisworks has this test marked Old.
16:25:47.140  +0341.015s  CLASH    OLD      BLD-EL-Electrical Equipment-vs-BLD-ST-Foundation  Navisworks has this test marked Old.
16:25:48.987  +0342.861s  CLASH    OLD      BLD-EL-Electrical Equipment-vs-BLD-ST-Columns  Navisworks has this test marked Old.
16:25:50.719  +0344.594s  CLASH    1100 of 1770 tests, 60 run, 1099 skipped, 249 clashes so far
16:25:50.726  +0344.601s  CLASH    OLD      BLD-EL-Electrical Equipment-vs-BLD-ST-Framing  Navisworks has this test marked Old.
16:25:52.681  +0346.555s  CLASH    OLD      BLD-EL-Electrical Equipment-vs-BLD-ST-Walls  Navisworks has this test marked Old.
16:25:54.561  +0348.436s  CLASH    OLD      BLD-EL-Electrical Equipment-vs-BLD-ST-Floors  Navisworks has this test marked Old.
16:25:57.354  +0351.228s  CLASH    OLD      BLD-EL-Electrical Equipment-vs-BLD-ST-Stair  Navisworks has this test marked Old.
16:25:57.374  +0351.249s  CLASH    OLD      BLD-EL-Electrical Equipment-vs-BLD-ME-Ducts&Duct Fittings  Navisworks has this test marked Old.
16:25:57.396  +0351.270s  CLASH    OLD      BLD-EL-Electrical Equipment-vs-BLD-ME-Duct Accessory  Navisworks has this test marked Old.
16:25:57.413  +0351.287s  CLASH    OLD      BLD-EL-Electrical Equipment-vs-BLD-ME-Mechanical Equipment  Navisworks has this test marked Old.
16:25:57.433  +0351.308s  CLASH    OLD      BLD-EL-Electrical Equipment-vs-BLD-ME-Flex Ducts  Navisworks has this test marked Old.
16:25:57.454  +0351.328s  CLASH    OLD      BLD-EL-Electrical Equipment-vs-BLD-ME-Air Terminals  Navisworks has this test marked Old.
16:25:57.469  +0351.344s  CLASH    OLD      BLD-EL-Electrical Equipment-vs-BLD-ME-Pipes&Pipe Fittings  Navisworks has this test marked Old.
16:25:57.489  +0351.364s  CLASH    OLD      BLD-EL-Electrical Equipment-vs-BLD-ME-Pipe Accessories  Navisworks has this test marked Old.
16:25:57.577  +0351.452s  CLASH    OLD      BLD-EL-Electrical Equipment-vs-BLD-ME-Plumbing Fixtures  Navisworks has this test marked Old.
16:25:57.602  +0351.477s  CLASH    OLD      BLD-EL-Electrical Equipment-vs-BLD-ME-Flex Pipes  Navisworks has this test marked Old.
16:25:57.624  +0351.498s  CLASH    OLD      BLD-EL-Electrical Equipment-vs-BLD-FF-Mechanical Equipment  Navisworks has this test marked Old.
16:25:57.639  +0351.513s  CLASH    OLD      BLD-EL-Electrical Equipment-vs-BLD-FF-Pipes & Pipe Fittings  Navisworks has this test marked Old.
16:25:57.656  +0351.530s  CLASH    OLD      BLD-EL-Electrical Equipment-vs-BLD-FF-Pipe Accessories  Navisworks has this test marked Old.
16:25:57.674  +0351.549s  CLASH    OLD      BLD-EL-Electrical Equipment-vs-BLD-FF-Pipe Insulations  Navisworks has this test marked Old.
16:25:57.691  +0351.566s  CLASH    OLD      BLD-EL-Electrical Equipment-vs-BLD-FF-Plumbing Fixtures  Navisworks has this test marked Old.
16:25:57.713  +0351.588s  CLASH    OLD      BLD-EL-Electrical Equipment-vs-BLD-FF-Sprinklers  Navisworks has this test marked Old.
16:25:57.725  +0351.599s  CLASH    OLD      BLD-EL-Electrical Equipment-vs-BLD-PL-Mechanical Equipment  Navisworks has this test marked Old.
16:25:57.745  +0351.619s  CLASH    OLD      BLD-EL-Electrical Equipment-vs-BLD-PL-Pipes & Pipe Fittings  Navisworks has this test marked Old.
16:25:57.775  +0351.650s  CLASH    OLD      BLD-EL-Electrical Equipment-vs-BLD-PL-Pipe Accessories  Navisworks has this test marked Old.
16:25:57.809  +0351.684s  CLASH    OLD      BLD-EL-Electrical Equipment-vs-BLD-PL-Pipe Insulations  Navisworks has this test marked Old.
16:25:57.827  +0351.702s  CLASH    OLD      BLD-EL-Electrical Equipment-vs-BLD-PL-Plumbing Fixtures  Navisworks has this test marked Old.
16:25:57.846  +0351.720s  CLASH    OLD      BLD-EL-Electrical Equipment-vs-BLD-DR-Mechanical Equipment  Navisworks has this test marked Old.
16:25:57.904  +0351.779s  CLASH    1125 of 1770 tests, 63 run, 1121 skipped, 265 clashes so far
16:25:57.924  +0351.799s  CLASH    OLD      BLD-EL-Electrical Equipment-vs-BLD-DR-Pipes & Pipe Fittings  Navisworks has this test marked Old.
16:26:00.029  +0353.904s  CLASH    OLD      BLD-EL-Electrical Equipment-vs-BLD-DR-Pipe Insulations  Navisworks has this test marked Old.
16:26:00.053  +0353.928s  CLASH    OLD      BLD-EL-Electrical Equipment-vs-BLD-DR-Plumbing Fixtures  Navisworks has this test marked Old.
16:26:01.838  +0355.713s  CLASH    OLD      BLD-EL-Electrical Equipment-vs-BLD-EL-Cable Tray&Cable Tray Fittings  Navisworks has this test marked Old.
16:26:03.618  +0357.493s  CLASH    OLD      BLD-EL-Electrical Fixtures-vs-BLD-AR-Floors  Navisworks has this test marked Old.
16:26:05.557  +0359.431s  CLASH    OLD      BLD-EL-Electrical Fixtures-vs-BLD-AR-Stairs  Navisworks has this test marked Old.
16:26:05.563  +0359.437s  CLASH    OLD      BLD-EL-Electrical Fixtures-vs-BLD-AR-Ramps  Navisworks has this test marked Old.
16:26:05.567  +0359.442s  CLASH    OLD      BLD-EL-Electrical Fixtures-vs-BLD-AR-Roofs  Navisworks has this test marked Old.
16:26:05.574  +0359.448s  CLASH    OLD      BLD-EL-Electrical Fixtures-vs-BLD-AR-Ceilings  Navisworks has this test marked Old.
16:26:05.578  +0359.453s  CLASH    OLD      BLD-EL-Electrical Fixtures-vs-BLD-AR-Columns  Navisworks has this test marked Old.
16:26:05.583  +0359.457s  CLASH    OLD      BLD-EL-Electrical Fixtures-vs-BLD-AR-Walls  Navisworks has this test marked Old.
16:26:08.176  +0362.051s  CLASH    OLD      BLD-EL-Electrical Fixtures-vs-BLD-AR-Windows  Navisworks has this test marked Old.
16:26:08.183  +0362.057s  CLASH    OLD      BLD-EL-Electrical Fixtures-vs-BLD-AR-Curtain Panels  Navisworks has this test marked Old.
16:26:08.188  +0362.064s  CLASH    OLD      BLD-EL-Electrical Fixtures-vs-BLD-AR-Curtain Mullions  Navisworks has this test marked Old.
16:26:08.230  +0362.105s  CLASH    OLD      BLD-EL-Electrical Fixtures-vs-BLD-AR-Doors  Navisworks has this test marked Old.
16:26:09.988  +0363.862s  CLASH    OLD      BLD-EL-Electrical Fixtures-vs-BLD-AR-Casework  Navisworks has this test marked Old.
16:26:09.994  +0363.869s  CLASH    OLD      BLD-EL-Electrical Fixtures-vs-BLD-AR-Furniture  Navisworks has this test marked Old.
16:26:10.001  +0363.875s  CLASH    OLD      BLD-EL-Electrical Fixtures-vs-BLD-AR-Parking  Navisworks has this test marked Old.
16:26:10.008  +0363.883s  CLASH    OLD      BLD-EL-Electrical Fixtures-vs-BLD-AR-Railings  Navisworks has this test marked Old.
16:26:10.013  +0363.888s  CLASH    OLD      BLD-EL-Electrical Fixtures-vs-BLD-AR-Site  Navisworks has this test marked Old.
16:26:10.019  +0363.895s  CLASH    OLD      BLD-EL-Electrical Fixtures-vs-BLD-ST-Foundation  Navisworks has this test marked Old.
16:26:12.066  +0365.941s  CLASH    OLD      BLD-EL-Electrical Fixtures-vs-BLD-ST-Columns  Navisworks has this test marked Old.
16:26:14.116  +0367.991s  CLASH    OLD      BLD-EL-Electrical Fixtures-vs-BLD-ST-Framing  Navisworks has this test marked Old.
16:26:15.968  +0369.842s  CLASH    OLD      BLD-EL-Electrical Fixtures-vs-BLD-ST-Walls  Navisworks has this test marked Old.
16:26:17.702  +0371.577s  CLASH    OLD      BLD-EL-Electrical Fixtures-vs-BLD-ST-Floors  Navisworks has this test marked Old.
16:26:19.534  +0373.409s  CLASH    1150 of 1770 tests, 74 run, 1135 skipped, 289 clashes so far
16:26:19.542  +0373.416s  CLASH    OLD      BLD-EL-Electrical Fixtures-vs-BLD-ST-Stair  Navisworks has this test marked Old.
16:26:19.547  +0373.421s  CLASH    OLD      BLD-EL-Electrical Fixtures-vs-BLD-ME-Ducts&Duct Fittings  Navisworks has this test marked Old.
16:26:19.554  +0373.429s  CLASH    OLD      BLD-EL-Electrical Fixtures-vs-BLD-ME-Duct Accessory  Navisworks has this test marked Old.
16:26:19.562  +0373.436s  CLASH    OLD      BLD-EL-Electrical Fixtures-vs-BLD-ME-Mechanical Equipment  Navisworks has this test marked Old.
16:26:19.569  +0373.444s  CLASH    OLD      BLD-EL-Electrical Fixtures-vs-BLD-ME-Flex Ducts  Navisworks has this test marked Old.
16:26:19.593  +0373.468s  CLASH    OLD      BLD-EL-Electrical Fixtures-vs-BLD-ME-Air Terminals  Navisworks has this test marked Old.
16:26:19.600  +0373.475s  CLASH    OLD      BLD-EL-Electrical Fixtures-vs-BLD-ME-Pipes&Pipe Fittings  Navisworks has this test marked Old.
16:26:19.609  +0373.484s  CLASH    OLD      BLD-EL-Electrical Fixtures-vs-BLD-ME-Pipe Accessories  Navisworks has this test marked Old.
16:26:19.616  +0373.491s  CLASH    OLD      BLD-EL-Electrical Fixtures-vs-BLD-ME-Plumbing Fixtures  Navisworks has this test marked Old.
16:26:19.627  +0373.501s  CLASH    OLD      BLD-EL-Electrical Fixtures-vs-BLD-ME-Flex Pipes  Navisworks has this test marked Old.
16:26:19.634  +0373.508s  CLASH    OLD      BLD-EL-Electrical Fixtures-vs-BLD-FF-Mechanical Equipment  Navisworks has this test marked Old.
16:26:19.643  +0373.518s  CLASH    OLD      BLD-EL-Electrical Fixtures-vs-BLD-FF-Pipes & Pipe Fittings  Navisworks has this test marked Old.
16:26:19.650  +0373.525s  CLASH    OLD      BLD-EL-Electrical Fixtures-vs-BLD-FF-Pipe Accessories  Navisworks has this test marked Old.
16:26:19.659  +0373.534s  CLASH    OLD      BLD-EL-Electrical Fixtures-vs-BLD-FF-Pipe Insulations  Navisworks has this test marked Old.
16:26:19.668  +0373.542s  CLASH    OLD      BLD-EL-Electrical Fixtures-vs-BLD-FF-Plumbing Fixtures  Navisworks has this test marked Old.
16:26:19.679  +0373.553s  CLASH    OLD      BLD-EL-Electrical Fixtures-vs-BLD-FF-Sprinklers  Navisworks has this test marked Old.
16:26:19.686  +0373.561s  CLASH    OLD      BLD-EL-Electrical Fixtures-vs-BLD-PL-Mechanical Equipment  Navisworks has this test marked Old.
16:26:19.697  +0373.572s  CLASH    OLD      BLD-EL-Electrical Fixtures-vs-BLD-PL-Pipes & Pipe Fittings  Navisworks has this test marked Old.
16:26:19.707  +0373.582s  CLASH    OLD      BLD-EL-Electrical Fixtures-vs-BLD-PL-Pipe Accessories  Navisworks has this test marked Old.
16:26:19.717  +0373.592s  CLASH    OLD      BLD-EL-Electrical Fixtures-vs-BLD-PL-Pipe Insulations  Navisworks has this test marked Old.
16:26:19.728  +0373.602s  CLASH    OLD      BLD-EL-Electrical Fixtures-vs-BLD-PL-Plumbing Fixtures  Navisworks has this test marked Old.
16:26:19.744  +0373.619s  CLASH    OLD      BLD-EL-Electrical Fixtures-vs-BLD-DR-Mechanical Equipment  Navisworks has this test marked Old.
16:26:19.757  +0373.632s  CLASH    OLD      BLD-EL-Electrical Fixtures-vs-BLD-DR-Pipes & Pipe Fittings  Navisworks has this test marked Old.
16:26:21.783  +0375.657s  CLASH    OLD      BLD-EL-Electrical Fixtures-vs-BLD-DR-Pipe Insulations  Navisworks has this test marked Old.
16:26:21.793  +0375.668s  CLASH    OLD      BLD-EL-Electrical Fixtures-vs-BLD-DR-Plumbing Fixtures  Navisworks has this test marked Old.
16:26:23.655  +0377.529s  CLASH    1175 of 1770 tests, 76 run, 1158 skipped, 289 clashes so far
16:26:23.661  +0377.536s  CLASH    OLD      BLD-EL-Electrical Fixtures-vs-BLD-EL-Cable Tray&Cable Tray Fittings  Navisworks has this test marked Old.
16:26:25.419  +0379.294s  CLASH    OLD      BLD-EL-Electrical Fixtures-vs-BLD-EL-Electrical Equipment  Navisworks has this test marked Old.
16:26:27.158  +0381.033s  CLASH    OLD      BLD-EL-Conduits & Conduit Fittings-vs-BLD-AR-Floors  Navisworks has this test marked Old.
16:26:28.915  +0382.790s  STATUS   Clash3  Active to Reviewed
16:26:28.926  +0382.801s  STATUS   Clash4  Active to Reviewed
16:26:29.250  +0383.125s  CLASH    OLD      BLD-EL-Conduits & Conduit Fittings-vs-BLD-AR-Stairs  Navisworks has this test marked Old.
16:26:29.264  +0383.139s  CLASH    OLD      BLD-EL-Conduits & Conduit Fittings-vs-BLD-AR-Ramps  Navisworks has this test marked Old.
16:26:29.278  +0383.152s  CLASH    OLD      BLD-EL-Conduits & Conduit Fittings-vs-BLD-AR-Roofs  Navisworks has this test marked Old.
16:26:29.305  +0383.180s  CLASH    OLD      BLD-EL-Conduits & Conduit Fittings-vs-BLD-AR-Ceilings  Navisworks has this test marked Old.
16:26:29.313  +0383.187s  CLASH    OLD      BLD-EL-Conduits & Conduit Fittings-vs-BLD-AR-Columns  Navisworks has this test marked Old.
16:26:29.321  +0383.196s  CLASH    OLD      BLD-EL-Conduits & Conduit Fittings-vs-BLD-AR-Walls  Navisworks has this test marked Old.
16:26:31.326  +0385.201s  STATUS   Clash17  Active to Reviewed
16:26:31.333  +0385.207s  STATUS   Clash18  Active to Reviewed
16:26:31.341  +0385.216s  STATUS   Clash21  Active to Reviewed
16:26:31.347  +0385.221s  STATUS   Clash30  Active to Reviewed
16:26:31.352  +0385.227s  STATUS   Clash31  Active to Reviewed
16:26:31.360  +0385.234s  STATUS   Clash32  Active to Reviewed
16:26:31.365  +0385.240s  STATUS   Clash33  Active to Reviewed
16:26:31.372  +0385.247s  STATUS   Clash34  Active to Reviewed
16:26:31.377  +0385.252s  STATUS   Clash35  Active to Reviewed
16:26:31.382  +0385.257s  STATUS   Clash36  Active to Reviewed
16:26:31.388  +0385.262s  STATUS   Clash37  Active to Reviewed
16:26:31.393  +0385.268s  STATUS   Clash38  Active to Reviewed
16:26:32.313  +0386.187s  CLASH    OLD      BLD-EL-Conduits & Conduit Fittings-vs-BLD-AR-Windows  Navisworks has this test marked Old.
16:26:32.319  +0386.194s  CLASH    OLD      BLD-EL-Conduits & Conduit Fittings-vs-BLD-AR-Curtain Panels  Navisworks has this test marked Old.
16:26:32.326  +0386.200s  CLASH    OLD      BLD-EL-Conduits & Conduit Fittings-vs-BLD-AR-Curtain Mullions  Navisworks has this test marked Old.
16:26:32.332  +0386.207s  CLASH    OLD      BLD-EL-Conduits & Conduit Fittings-vs-BLD-AR-Doors  Navisworks has this test marked Old.
16:26:34.272  +0388.146s  CLASH    OLD      BLD-EL-Conduits & Conduit Fittings-vs-BLD-AR-Casework  Navisworks has this test marked Old.
16:26:34.280  +0388.154s  CLASH    OLD      BLD-EL-Conduits & Conduit Fittings-vs-BLD-AR-Furniture  Navisworks has this test marked Old.
16:26:34.287  +0388.162s  CLASH    OLD      BLD-EL-Conduits & Conduit Fittings-vs-BLD-AR-Parking  Navisworks has this test marked Old.
16:26:34.297  +0388.171s  CLASH    OLD      BLD-EL-Conduits & Conduit Fittings-vs-BLD-AR-Railings  Navisworks has this test marked Old.
16:26:34.306  +0388.181s  CLASH    OLD      BLD-EL-Conduits & Conduit Fittings-vs-BLD-AR-Site  Navisworks has this test marked Old.
16:26:34.312  +0388.187s  CLASH    OLD      BLD-EL-Conduits & Conduit Fittings-vs-BLD-ST-Foundation  Navisworks has this test marked Old.
16:26:36.445  +0390.320s  CLASH    OLD      BLD-EL-Conduits & Conduit Fittings-vs-BLD-ST-Columns  Navisworks has this test marked Old.
16:26:38.869  +0392.744s  CLASH    OLD      BLD-EL-Conduits & Conduit Fittings-vs-BLD-ST-Framing  Navisworks has this test marked Old.
16:26:41.816  +0395.691s  CLASH    OLD      BLD-EL-Conduits & Conduit Fittings-vs-BLD-ST-Walls  Navisworks has this test marked Old.
16:26:43.613  +0397.487s  STATUS   Clash1  Active to Reviewed
16:26:43.627  +0397.502s  STATUS   Clash2  Active to Reviewed
16:26:43.756  +0397.631s  CLASH    OLD      BLD-EL-Conduits & Conduit Fittings-vs-BLD-ST-Floors  Navisworks has this test marked Old.
16:26:45.653  +0399.527s  STATUS   Clash11  Active to Reviewed
16:26:45.673  +0399.548s  STATUS   Clash12  Active to Reviewed
16:26:45.817  +0399.692s  CLASH    OLD      BLD-EL-Conduits & Conduit Fittings-vs-BLD-ST-Stair  Navisworks has this test marked Old.
16:26:45.825  +0399.700s  CLASH    OLD      BLD-EL-Conduits & Conduit Fittings-vs-BLD-ME-Ducts&Duct Fittings  Navisworks has this test marked Old.
16:26:45.831  +0399.705s  CLASH    1200 of 1770 tests, 86 run, 1173 skipped, 394 clashes so far
16:26:45.838  +0399.712s  CLASH    OLD      BLD-EL-Conduits & Conduit Fittings-vs-BLD-ME-Duct Accessory  Navisworks has this test marked Old.
16:26:45.843  +0399.717s  CLASH    OLD      BLD-EL-Conduits & Conduit Fittings-vs-BLD-ME-Mechanical Equipment  Navisworks has this test marked Old.
16:26:45.848  +0399.722s  CLASH    OLD      BLD-EL-Conduits & Conduit Fittings-vs-BLD-ME-Flex Ducts  Navisworks has this test marked Old.
16:26:45.857  +0399.731s  CLASH    OLD      BLD-EL-Conduits & Conduit Fittings-vs-BLD-ME-Air Terminals  Navisworks has this test marked Old.
16:26:45.862  +0399.737s  CLASH    OLD      BLD-EL-Conduits & Conduit Fittings-vs-BLD-ME-Pipes&Pipe Fittings  Navisworks has this test marked Old.
16:26:45.868  +0399.742s  CLASH    OLD      BLD-EL-Conduits & Conduit Fittings-vs-BLD-ME-Pipe Accessories  Navisworks has this test marked Old.
16:26:45.874  +0399.748s  CLASH    OLD      BLD-EL-Conduits & Conduit Fittings-vs-BLD-ME-Plumbing Fixtures  Navisworks has this test marked Old.
16:26:45.879  +0399.753s  CLASH    OLD      BLD-EL-Conduits & Conduit Fittings-vs-BLD-ME-Flex Pipes  Navisworks has this test marked Old.
16:26:45.884  +0399.759s  CLASH    OLD      BLD-EL-Conduits & Conduit Fittings-vs-BLD-FF-Mechanical Equipment  Navisworks has this test marked Old.
16:26:45.890  +0399.764s  CLASH    OLD      BLD-EL-Conduits & Conduit Fittings-vs-BLD-FF-Pipes & Pipe Fittings  Navisworks has this test marked Old.
16:26:45.895  +0399.769s  CLASH    OLD      BLD-EL-Conduits & Conduit Fittings-vs-BLD-FF-Pipe Accessories  Navisworks has this test marked Old.
16:26:45.902  +0399.777s  CLASH    OLD      BLD-EL-Conduits & Conduit Fittings-vs-BLD-FF-Pipe Insulations  Navisworks has this test marked Old.
16:26:45.910  +0399.785s  CLASH    OLD      BLD-EL-Conduits & Conduit Fittings-vs-BLD-FF-Plumbing Fixtures  Navisworks has this test marked Old.
16:26:45.918  +0399.792s  CLASH    OLD      BLD-EL-Conduits & Conduit Fittings-vs-BLD-FF-Sprinklers  Navisworks has this test marked Old.
16:26:45.928  +0399.803s  CLASH    OLD      BLD-EL-Conduits & Conduit Fittings-vs-BLD-PL-Mechanical Equipment  Navisworks has this test marked Old.
16:26:45.937  +0399.811s  CLASH    OLD      BLD-EL-Conduits & Conduit Fittings-vs-BLD-PL-Pipes & Pipe Fittings  Navisworks has this test marked Old.
16:26:45.942  +0399.816s  CLASH    OLD      BLD-EL-Conduits & Conduit Fittings-vs-BLD-PL-Pipe Accessories  Navisworks has this test marked Old.
16:26:45.947  +0399.822s  CLASH    OLD      BLD-EL-Conduits & Conduit Fittings-vs-BLD-PL-Pipe Insulations  Navisworks has this test marked Old.
16:26:45.951  +0399.827s  CLASH    OLD      BLD-EL-Conduits & Conduit Fittings-vs-BLD-PL-Plumbing Fixtures  Navisworks has this test marked Old.
16:26:45.957  +0399.832s  CLASH    OLD      BLD-EL-Conduits & Conduit Fittings-vs-BLD-DR-Mechanical Equipment  Navisworks has this test marked Old.
16:26:45.963  +0399.837s  CLASH    OLD      BLD-EL-Conduits & Conduit Fittings-vs-BLD-DR-Pipes & Pipe Fittings  Navisworks has this test marked Old.
16:26:47.812  +0401.687s  CLASH    OLD      BLD-EL-Conduits & Conduit Fittings-vs-BLD-DR-Pipe Insulations  Navisworks has this test marked Old.
16:26:47.823  +0401.697s  CLASH    OLD      BLD-EL-Conduits & Conduit Fittings-vs-BLD-DR-Plumbing Fixtures  Navisworks has this test marked Old.
16:26:49.672  +0403.546s  CLASH    OLD      BLD-EL-Conduits & Conduit Fittings-vs-BLD-EL-Cable Tray&Cable Tray Fittings  Navisworks has this test marked Old.
16:26:51.529  +0405.404s  CLASH    OLD      BLD-EL-Conduits & Conduit Fittings-vs-BLD-EL-Electrical Equipment  Navisworks has this test marked Old.
16:26:53.715  +0407.589s  CLASH    1225 of 1770 tests, 90 run, 1194 skipped, 402 clashes so far
16:26:53.722  +0407.596s  CLASH    OLD      BLD-EL-Conduits & Conduit Fittings-vs-BLD-EL-Electrical Fixtures  Navisworks has this test marked Old.
16:26:55.649  +0409.524s  CLASH    OLD      BLD-EL-Devices-vs-BLD-AR-Floors  Navisworks has this test marked Old.
16:26:57.607  +0411.482s  CLASH    OLD      BLD-EL-Devices-vs-BLD-AR-Stairs  Navisworks has this test marked Old.
16:26:57.665  +0411.539s  CLASH    OLD      BLD-EL-Devices-vs-BLD-AR-Ramps  Navisworks has this test marked Old.
16:26:57.675  +0411.549s  CLASH    OLD      BLD-EL-Devices-vs-BLD-AR-Roofs  Navisworks has this test marked Old.
16:26:57.681  +0411.555s  CLASH    OLD      BLD-EL-Devices-vs-BLD-AR-Ceilings  Navisworks has this test marked Old.
16:26:57.690  +0411.565s  CLASH    OLD      BLD-EL-Devices-vs-BLD-AR-Columns  Navisworks has this test marked Old.
16:26:57.697  +0411.572s  CLASH    OLD      BLD-EL-Devices-vs-BLD-AR-Walls  Navisworks has this test marked Old.
16:27:00.729  +0414.604s  CLASH    OLD      BLD-EL-Devices-vs-BLD-AR-Windows  Navisworks has this test marked Old.
16:27:00.738  +0414.613s  CLASH    OLD      BLD-EL-Devices-vs-BLD-AR-Curtain Panels  Navisworks has this test marked Old.
16:27:00.744  +0414.619s  CLASH    OLD      BLD-EL-Devices-vs-BLD-AR-Curtain Mullions  Navisworks has this test marked Old.
16:27:00.752  +0414.626s  CLASH    OLD      BLD-EL-Devices-vs-BLD-AR-Doors  Navisworks has this test marked Old.
16:27:02.760  +0416.635s  CLASH    OLD      BLD-EL-Devices-vs-BLD-AR-Casework  Navisworks has this test marked Old.
16:27:02.768  +0416.643s  CLASH    OLD      BLD-EL-Devices-vs-BLD-AR-Furniture  Navisworks has this test marked Old.
16:27:02.780  +0416.654s  CLASH    OLD      BLD-EL-Devices-vs-BLD-AR-Parking  Navisworks has this test marked Old.
16:27:02.790  +0416.665s  CLASH    OLD      BLD-EL-Devices-vs-BLD-AR-Railings  Navisworks has this test marked Old.
16:27:02.799  +0416.674s  CLASH    OLD      BLD-EL-Devices-vs-BLD-AR-Site  Navisworks has this test marked Old.
16:27:02.893  +0416.767s  CLASH    OLD      BLD-EL-Devices-vs-BLD-ST-Foundation  Navisworks has this test marked Old.
16:27:04.689  +0418.563s  CLASH    OLD      BLD-EL-Devices-vs-BLD-ST-Columns  Navisworks has this test marked Old.
16:27:06.560  +0420.434s  CLASH    OLD      BLD-EL-Devices-vs-BLD-ST-Framing  Navisworks has this test marked Old.
16:27:08.462  +0422.336s  CLASH    OLD      BLD-EL-Devices-vs-BLD-ST-Walls  Navisworks has this test marked Old.
16:27:10.391  +0424.265s  CLASH    OLD      BLD-EL-Devices-vs-BLD-ST-Floors  Navisworks has this test marked Old.
16:27:12.194  +0426.069s  CLASH    OLD      BLD-EL-Devices-vs-BLD-ST-Stair  Navisworks has this test marked Old.
16:27:12.203  +0426.077s  CLASH    OLD      BLD-EL-Devices-vs-BLD-ME-Ducts&Duct Fittings  Navisworks has this test marked Old.
16:27:12.211  +0426.086s  CLASH    OLD      BLD-EL-Devices-vs-BLD-ME-Duct Accessory  Navisworks has this test marked Old.
16:27:12.217  +0426.091s  CLASH    1250 of 1770 tests, 99 run, 1210 skipped, 426 clashes so far
16:27:12.224  +0426.099s  CLASH    OLD      BLD-EL-Devices-vs-BLD-ME-Mechanical Equipment  Navisworks has this test marked Old.
16:27:12.230  +0426.104s  CLASH    OLD      BLD-EL-Devices-vs-BLD-ME-Flex Ducts  Navisworks has this test marked Old.
16:27:12.234  +0426.108s  CLASH    OLD      BLD-EL-Devices-vs-BLD-ME-Air Terminals  Navisworks has this test marked Old.
16:27:12.241  +0426.115s  CLASH    OLD      BLD-EL-Devices-vs-BLD-ME-Pipes&Pipe Fittings  Navisworks has this test marked Old.
16:27:12.245  +0426.120s  CLASH    OLD      BLD-EL-Devices-vs-BLD-ME-Pipe Accessories  Navisworks has this test marked Old.
16:27:12.312  +0426.186s  CLASH    OLD      BLD-EL-Devices-vs-BLD-ME-Plumbing Fixtures  Navisworks has this test marked Old.
16:27:12.321  +0426.195s  CLASH    OLD      BLD-EL-Devices-vs-BLD-ME-Flex Pipes  Navisworks has this test marked Old.
16:27:12.329  +0426.205s  CLASH    OLD      BLD-EL-Devices-vs-BLD-FF-Mechanical Equipment  Navisworks has this test marked Old.
16:27:12.338  +0426.212s  CLASH    OLD      BLD-EL-Devices-vs-BLD-FF-Pipes & Pipe Fittings  Navisworks has this test marked Old.
16:27:12.348  +0426.223s  CLASH    OLD      BLD-EL-Devices-vs-BLD-FF-Pipe Accessories  Navisworks has this test marked Old.
16:27:12.358  +0426.232s  CLASH    OLD      BLD-EL-Devices-vs-BLD-FF-Pipe Insulations  Navisworks has this test marked Old.
16:27:12.366  +0426.241s  CLASH    OLD      BLD-EL-Devices-vs-BLD-FF-Plumbing Fixtures  Navisworks has this test marked Old.
16:27:12.378  +0426.252s  CLASH    OLD      BLD-EL-Devices-vs-BLD-FF-Sprinklers  Navisworks has this test marked Old.
16:27:12.387  +0426.261s  CLASH    OLD      BLD-EL-Devices-vs-BLD-PL-Mechanical Equipment  Navisworks has this test marked Old.
16:27:12.395  +0426.270s  CLASH    OLD      BLD-EL-Devices-vs-BLD-PL-Pipes & Pipe Fittings  Navisworks has this test marked Old.
16:27:12.404  +0426.279s  CLASH    OLD      BLD-EL-Devices-vs-BLD-PL-Pipe Accessories  Navisworks has this test marked Old.
16:27:12.411  +0426.286s  CLASH    OLD      BLD-EL-Devices-vs-BLD-PL-Pipe Insulations  Navisworks has this test marked Old.
16:27:12.417  +0426.292s  CLASH    OLD      BLD-EL-Devices-vs-BLD-PL-Plumbing Fixtures  Navisworks has this test marked Old.
16:27:12.456  +0426.331s  CLASH    OLD      BLD-EL-Devices-vs-BLD-DR-Mechanical Equipment  Navisworks has this test marked Old.
16:27:12.463  +0426.338s  CLASH    OLD      BLD-EL-Devices-vs-BLD-DR-Pipes & Pipe Fittings  Navisworks has this test marked Old.
16:27:14.266  +0428.141s  CLASH    OLD      BLD-EL-Devices-vs-BLD-DR-Pipe Insulations  Navisworks has this test marked Old.
16:27:14.275  +0428.150s  CLASH    OLD      BLD-EL-Devices-vs-BLD-DR-Plumbing Fixtures  Navisworks has this test marked Old.
16:27:16.193  +0430.067s  CLASH    OLD      BLD-EL-Devices-vs-BLD-EL-Cable Tray&Cable Tray Fittings  Navisworks has this test marked Old.
16:27:18.034  +0431.908s  CLASH    OLD      BLD-EL-Devices-vs-BLD-EL-Electrical Equipment  Navisworks has this test marked Old.
16:27:20.040  +0433.915s  CLASH    OLD      BLD-EL-Devices-vs-BLD-EL-Electrical Fixtures  Navisworks has this test marked Old.
16:27:22.240  +0436.114s  CLASH    1275 of 1770 tests, 104 run, 1230 skipped, 428 clashes so far
16:27:22.246  +0436.121s  CLASH    OLD      BLD-EL-Devices-vs-BLD-EL-Conduits & Conduit Fittings  Navisworks has this test marked Old.
16:27:24.613  +0438.488s  CLASH    OLD      BLD-EL-Lighting Fixtures-vs-BLD-AR-Floors  Navisworks has this test marked Old.
16:27:28.576  +0442.451s  CLASH    OLD      BLD-EL-Lighting Fixtures-vs-BLD-AR-Stairs  Navisworks has this test marked Old.
16:27:28.599  +0442.474s  CLASH    OLD      BLD-EL-Lighting Fixtures-vs-BLD-AR-Ramps  Navisworks has this test marked Old.
16:27:28.621  +0442.496s  CLASH    OLD      BLD-EL-Lighting Fixtures-vs-BLD-AR-Roofs  Navisworks has this test marked Old.
16:27:28.644  +0442.518s  CLASH    OLD      BLD-EL-Lighting Fixtures-vs-BLD-AR-Ceilings  Navisworks has this test marked Old.
16:27:28.702  +0442.577s  CLASH    OLD      BLD-EL-Lighting Fixtures-vs-BLD-AR-Columns  Navisworks has this test marked Old.
16:27:28.811  +0442.686s  CLASH    OLD      BLD-EL-Lighting Fixtures-vs-BLD-AR-Walls  Navisworks has this test marked Old.
16:27:31.923  +0445.798s  CLASH    OLD      BLD-EL-Lighting Fixtures-vs-BLD-AR-Windows  Navisworks has this test marked Old.
16:27:31.931  +0445.806s  CLASH    OLD      BLD-EL-Lighting Fixtures-vs-BLD-AR-Curtain Panels  Navisworks has this test marked Old.
16:27:31.942  +0445.817s  CLASH    OLD      BLD-EL-Lighting Fixtures-vs-BLD-AR-Curtain Mullions  Navisworks has this test marked Old.
16:27:31.950  +0445.825s  CLASH    OLD      BLD-EL-Lighting Fixtures-vs-BLD-AR-Doors  Navisworks has this test marked Old.
16:27:34.198  +0448.073s  CLASH    OLD      BLD-EL-Lighting Fixtures-vs-BLD-AR-Casework  Navisworks has this test marked Old.
16:27:34.210  +0448.084s  CLASH    OLD      BLD-EL-Lighting Fixtures-vs-BLD-AR-Furniture  Navisworks has this test marked Old.
16:27:34.218  +0448.092s  CLASH    OLD      BLD-EL-Lighting Fixtures-vs-BLD-AR-Parking  Navisworks has this test marked Old.
16:27:34.228  +0448.102s  CLASH    OLD      BLD-EL-Lighting Fixtures-vs-BLD-AR-Railings  Navisworks has this test marked Old.
16:27:34.235  +0448.110s  CLASH    OLD      BLD-EL-Lighting Fixtures-vs-BLD-AR-Site  Navisworks has this test marked Old.
16:27:34.247  +0448.121s  CLASH    OLD      BLD-EL-Lighting Fixtures-vs-BLD-ST-Foundation  Navisworks has this test marked Old.
16:27:36.325  +0450.200s  CLASH    OLD      BLD-EL-Lighting Fixtures-vs-BLD-ST-Columns  Navisworks has this test marked Old.
16:27:38.753  +0452.628s  CLASH    OLD      BLD-EL-Lighting Fixtures-vs-BLD-ST-Framing  Navisworks has this test marked Old.
16:27:42.319  +0456.194s  CLASH    OLD      BLD-EL-Lighting Fixtures-vs-BLD-ST-Walls  Navisworks has this test marked Old.
16:27:45.413  +0459.288s  CLASH    OLD      BLD-EL-Lighting Fixtures-vs-BLD-ST-Floors  Navisworks has this test marked Old.
16:27:51.793  +0465.668s  CLASH    OLD      BLD-EL-Lighting Fixtures-vs-BLD-ST-Stair  Navisworks has this test marked Old.
16:27:51.817  +0465.692s  CLASH    OLD      BLD-EL-Lighting Fixtures-vs-BLD-ME-Ducts&Duct Fittings  Navisworks has this test marked Old.
16:27:51.832  +0465.706s  CLASH    OLD      BLD-EL-Lighting Fixtures-vs-BLD-ME-Duct Accessory  Navisworks has this test marked Old.
16:27:51.843  +0465.718s  CLASH    1300 of 1770 tests, 113 run, 1246 skipped, 472 clashes so far
16:27:51.854  +0465.729s  CLASH    OLD      BLD-EL-Lighting Fixtures-vs-BLD-ME-Mechanical Equipment  Navisworks has this test marked Old.
16:27:51.867  +0465.741s  CLASH    OLD      BLD-EL-Lighting Fixtures-vs-BLD-ME-Flex Ducts  Navisworks has this test marked Old.
16:27:51.886  +0465.760s  CLASH    OLD      BLD-EL-Lighting Fixtures-vs-BLD-ME-Air Terminals  Navisworks has this test marked Old.
16:27:51.901  +0465.776s  CLASH    OLD      BLD-EL-Lighting Fixtures-vs-BLD-ME-Pipes&Pipe Fittings  Navisworks has this test marked Old.
16:27:51.927  +0465.801s  CLASH    OLD      BLD-EL-Lighting Fixtures-vs-BLD-ME-Pipe Accessories  Navisworks has this test marked Old.
16:27:51.944  +0465.819s  CLASH    OLD      BLD-EL-Lighting Fixtures-vs-BLD-ME-Plumbing Fixtures  Navisworks has this test marked Old.
16:27:51.961  +0465.836s  CLASH    OLD      BLD-EL-Lighting Fixtures-vs-BLD-ME-Flex Pipes  Navisworks has this test marked Old.
16:27:51.982  +0465.856s  CLASH    OLD      BLD-EL-Lighting Fixtures-vs-BLD-FF-Mechanical Equipment  Navisworks has this test marked Old.
16:27:52.059  +0465.934s  CLASH    OLD      BLD-EL-Lighting Fixtures-vs-BLD-FF-Pipes & Pipe Fittings  Navisworks has this test marked Old.
16:27:52.077  +0465.952s  CLASH    OLD      BLD-EL-Lighting Fixtures-vs-BLD-FF-Pipe Accessories  Navisworks has this test marked Old.
16:27:52.093  +0465.968s  CLASH    OLD      BLD-EL-Lighting Fixtures-vs-BLD-FF-Pipe Insulations  Navisworks has this test marked Old.
16:27:52.113  +0465.987s  CLASH    OLD      BLD-EL-Lighting Fixtures-vs-BLD-FF-Plumbing Fixtures  Navisworks has this test marked Old.
16:27:52.138  +0466.013s  CLASH    OLD      BLD-EL-Lighting Fixtures-vs-BLD-FF-Sprinklers  Navisworks has this test marked Old.
16:27:52.174  +0466.048s  CLASH    OLD      BLD-EL-Lighting Fixtures-vs-BLD-PL-Mechanical Equipment  Navisworks has this test marked Old.
16:27:52.200  +0466.075s  CLASH    OLD      BLD-EL-Lighting Fixtures-vs-BLD-PL-Pipes & Pipe Fittings  Navisworks has this test marked Old.
16:27:52.221  +0466.096s  CLASH    OLD      BLD-EL-Lighting Fixtures-vs-BLD-PL-Pipe Accessories  Navisworks has this test marked Old.
16:27:52.249  +0466.123s  CLASH    OLD      BLD-EL-Lighting Fixtures-vs-BLD-PL-Pipe Insulations  Navisworks has this test marked Old.
16:27:52.295  +0466.169s  CLASH    OLD      BLD-EL-Lighting Fixtures-vs-BLD-PL-Plumbing Fixtures  Navisworks has this test marked Old.
16:27:52.337  +0466.212s  CLASH    OLD      BLD-EL-Lighting Fixtures-vs-BLD-DR-Mechanical Equipment  Navisworks has this test marked Old.
16:27:52.353  +0466.228s  CLASH    OLD      BLD-EL-Lighting Fixtures-vs-BLD-DR-Pipes & Pipe Fittings  Navisworks has this test marked Old.
16:27:55.344  +0469.219s  CLASH    OLD      BLD-EL-Lighting Fixtures-vs-BLD-DR-Pipe Insulations  Navisworks has this test marked Old.
16:27:55.358  +0469.233s  CLASH    OLD      BLD-EL-Lighting Fixtures-vs-BLD-DR-Plumbing Fixtures  Navisworks has this test marked Old.
16:27:58.394  +0472.269s  CLASH    OLD      BLD-EL-Lighting Fixtures-vs-BLD-EL-Cable Tray&Cable Tray Fittings  Navisworks has this test marked Old.
16:28:01.196  +0475.071s  CLASH    OLD      BLD-EL-Lighting Fixtures-vs-BLD-EL-Electrical Equipment  Navisworks has this test marked Old.
16:28:04.456  +0478.331s  CLASH    OLD      BLD-EL-Lighting Fixtures-vs-BLD-EL-Electrical Fixtures  Navisworks has this test marked Old.
16:28:07.373  +0481.247s  CLASH    1325 of 1770 tests, 118 run, 1266 skipped, 472 clashes so far
16:28:07.380  +0481.254s  CLASH    OLD      BLD-EL-Lighting Fixtures-vs-BLD-EL-Conduits & Conduit Fittings  Navisworks has this test marked Old.
16:28:10.175  +0484.050s  CLASH    OLD      BLD-EL-Lighting Fixtures-vs-BLD-EL-Devices  Navisworks has this test marked Old.
16:28:13.042  +0486.916s  CLASH    OLD      BLD-EL-Lighting Devices-vs-BLD-AR-Floors  Navisworks has this test marked Old.
16:28:15.582  +0489.457s  CLASH    OLD      BLD-EL-Lighting Devices-vs-BLD-AR-Stairs  Navisworks has this test marked Old.
16:28:15.592  +0489.466s  CLASH    OLD      BLD-EL-Lighting Devices-vs-BLD-AR-Ramps  Navisworks has this test marked Old.
16:28:15.601  +0489.476s  CLASH    OLD      BLD-EL-Lighting Devices-vs-BLD-AR-Roofs  Navisworks has this test marked Old.
16:28:15.614  +0489.489s  CLASH    OLD      BLD-EL-Lighting Devices-vs-BLD-AR-Ceilings  Navisworks has this test marked Old.
16:28:15.631  +0489.506s  CLASH    OLD      BLD-EL-Lighting Devices-vs-BLD-AR-Columns  Navisworks has this test marked Old.
16:28:15.645  +0489.520s  CLASH    OLD      BLD-EL-Lighting Devices-vs-BLD-AR-Walls  Navisworks has this test marked Old.
16:28:20.186  +0494.061s  CLASH    OLD      BLD-EL-Lighting Devices-vs-BLD-AR-Windows  Navisworks has this test marked Old.
16:28:20.195  +0494.070s  CLASH    OLD      BLD-EL-Lighting Devices-vs-BLD-AR-Curtain Panels  Navisworks has this test marked Old.
16:28:20.263  +0494.139s  CLASH    OLD      BLD-EL-Lighting Devices-vs-BLD-AR-Curtain Mullions  Navisworks has this test marked Old.
16:28:20.273  +0494.148s  CLASH    OLD      BLD-EL-Lighting Devices-vs-BLD-AR-Doors  Navisworks has this test marked Old.
16:28:22.600  +0496.474s  CLASH    OLD      BLD-EL-Lighting Devices-vs-BLD-AR-Casework  Navisworks has this test marked Old.
16:28:22.609  +0496.483s  CLASH    OLD      BLD-EL-Lighting Devices-vs-BLD-AR-Furniture  Navisworks has this test marked Old.
16:28:22.614  +0496.488s  CLASH    OLD      BLD-EL-Lighting Devices-vs-BLD-AR-Parking  Navisworks has this test marked Old.
16:28:22.619  +0496.494s  CLASH    OLD      BLD-EL-Lighting Devices-vs-BLD-AR-Railings  Navisworks has this test marked Old.
16:28:22.625  +0496.500s  CLASH    OLD      BLD-EL-Lighting Devices-vs-BLD-AR-Site  Navisworks has this test marked Old.
16:28:22.630  +0496.504s  CLASH    OLD      BLD-EL-Lighting Devices-vs-BLD-ST-Foundation  Navisworks has this test marked Old.
16:28:25.132  +0499.006s  CLASH    OLD      BLD-EL-Lighting Devices-vs-BLD-ST-Columns  Navisworks has this test marked Old.
16:28:28.256  +0502.131s  CLASH    OLD      BLD-EL-Lighting Devices-vs-BLD-ST-Framing  Navisworks has this test marked Old.
16:28:31.259  +0505.134s  CLASH    OLD      BLD-EL-Lighting Devices-vs-BLD-ST-Walls  Navisworks has this test marked Old.
16:28:33.908  +0507.782s  CLASH    OLD      BLD-EL-Lighting Devices-vs-BLD-ST-Floors  Navisworks has this test marked Old.
16:28:36.723  +0510.597s  CLASH    OLD      BLD-EL-Lighting Devices-vs-BLD-ST-Stair  Navisworks has this test marked Old.
16:28:36.952  +0510.827s  CLASH    OLD      BLD-EL-Lighting Devices-vs-BLD-ME-Ducts&Duct Fittings  Navisworks has this test marked Old.
16:28:36.965  +0510.839s  CLASH    1350 of 1770 tests, 128 run, 1281 skipped, 488 clashes so far
16:28:37.006  +0510.880s  CLASH    OLD      BLD-EL-Lighting Devices-vs-BLD-ME-Duct Accessory  Navisworks has this test marked Old.
16:28:37.035  +0510.910s  CLASH    OLD      BLD-EL-Lighting Devices-vs-BLD-ME-Mechanical Equipment  Navisworks has this test marked Old.
16:28:37.113  +0510.987s  CLASH    OLD      BLD-EL-Lighting Devices-vs-BLD-ME-Flex Ducts  Navisworks has this test marked Old.
16:28:37.177  +0511.052s  CLASH    OLD      BLD-EL-Lighting Devices-vs-BLD-ME-Air Terminals  Navisworks has this test marked Old.
16:28:37.216  +0511.090s  CLASH    OLD      BLD-EL-Lighting Devices-vs-BLD-ME-Pipes&Pipe Fittings  Navisworks has this test marked Old.
16:28:37.272  +0511.147s  CLASH    OLD      BLD-EL-Lighting Devices-vs-BLD-ME-Pipe Accessories  Navisworks has this test marked Old.
16:28:37.312  +0511.187s  CLASH    OLD      BLD-EL-Lighting Devices-vs-BLD-ME-Plumbing Fixtures  Navisworks has this test marked Old.
16:28:37.345  +0511.220s  CLASH    OLD      BLD-EL-Lighting Devices-vs-BLD-ME-Flex Pipes  Navisworks has this test marked Old.
16:28:37.382  +0511.256s  CLASH    OLD      BLD-EL-Lighting Devices-vs-BLD-FF-Mechanical Equipment  Navisworks has this test marked Old.
16:28:37.414  +0511.288s  CLASH    OLD      BLD-EL-Lighting Devices-vs-BLD-FF-Pipes & Pipe Fittings  Navisworks has this test marked Old.
16:28:37.473  +0511.348s  CLASH    OLD      BLD-EL-Lighting Devices-vs-BLD-FF-Pipe Accessories  Navisworks has this test marked Old.
16:28:37.745  +0511.620s  CLASH    OLD      BLD-EL-Lighting Devices-vs-BLD-FF-Pipe Insulations  Navisworks has this test marked Old.
16:28:37.783  +0511.657s  CLASH    OLD      BLD-EL-Lighting Devices-vs-BLD-FF-Plumbing Fixtures  Navisworks has this test marked Old.
16:28:37.806  +0511.681s  CLASH    OLD      BLD-EL-Lighting Devices-vs-BLD-FF-Sprinklers  Navisworks has this test marked Old.
16:28:37.842  +0511.716s  CLASH    OLD      BLD-EL-Lighting Devices-vs-BLD-PL-Mechanical Equipment  Navisworks has this test marked Old.
16:28:37.878  +0511.752s  CLASH    OLD      BLD-EL-Lighting Devices-vs-BLD-PL-Pipes & Pipe Fittings  Navisworks has this test marked Old.
16:28:37.903  +0511.778s  CLASH    OLD      BLD-EL-Lighting Devices-vs-BLD-PL-Pipe Accessories  Navisworks has this test marked Old.
16:28:37.926  +0511.800s  CLASH    OLD      BLD-EL-Lighting Devices-vs-BLD-PL-Pipe Insulations  Navisworks has this test marked Old.
16:28:37.962  +0511.836s  CLASH    OLD      BLD-EL-Lighting Devices-vs-BLD-PL-Plumbing Fixtures  Navisworks has this test marked Old.
16:28:37.981  +0511.856s  CLASH    OLD      BLD-EL-Lighting Devices-vs-BLD-DR-Mechanical Equipment  Navisworks has this test marked Old.
16:28:38.004  +0511.878s  CLASH    OLD      BLD-EL-Lighting Devices-vs-BLD-DR-Pipes & Pipe Fittings  Navisworks has this test marked Old.
16:28:40.885  +0514.760s  CLASH    OLD      BLD-EL-Lighting Devices-vs-BLD-DR-Pipe Insulations  Navisworks has this test marked Old.
16:28:40.897  +0514.772s  CLASH    OLD      BLD-EL-Lighting Devices-vs-BLD-DR-Plumbing Fixtures  Navisworks has this test marked Old.
16:28:43.688  +0517.562s  CLASH    OLD      BLD-EL-Lighting Devices-vs-BLD-EL-Cable Tray&Cable Tray Fittings  Navisworks has this test marked Old.
16:28:46.489  +0520.364s  CLASH    OLD      BLD-EL-Lighting Devices-vs-BLD-EL-Electrical Equipment  Navisworks has this test marked Old.
16:28:49.421  +0523.296s  CLASH    1375 of 1770 tests, 132 run, 1302 skipped, 488 clashes so far
16:28:49.441  +0523.316s  CLASH    OLD      BLD-EL-Lighting Devices-vs-BLD-EL-Electrical Fixtures  Navisworks has this test marked Old.
16:28:52.394  +0526.268s  CLASH    OLD      BLD-EL-Lighting Devices-vs-BLD-EL-Conduits & Conduit Fittings  Navisworks has this test marked Old.
16:28:55.159  +0529.034s  CLASH    OLD      BLD-EL-Lighting Devices-vs-BLD-EL-Devices  Navisworks has this test marked Old.
16:28:57.759  +0531.634s  CLASH    OLD      BLD-EL-Lighting Devices-vs-BLD-EL-Lighting Fixtures  Navisworks has this test marked Old.
16:29:00.451  +0534.326s  CLASH    OLD      BLD-EL-Fire Alarm Devices-vs-BLD-AR-Floors  Navisworks has this test marked Old.
16:29:02.934  +0536.809s  CLASH    OLD      BLD-EL-Fire Alarm Devices-vs-BLD-AR-Stairs  Navisworks has this test marked Old.
16:29:02.946  +0536.820s  CLASH    OLD      BLD-EL-Fire Alarm Devices-vs-BLD-AR-Ramps  Navisworks has this test marked Old.
16:29:02.957  +0536.831s  CLASH    OLD      BLD-EL-Fire Alarm Devices-vs-BLD-AR-Roofs  Navisworks has this test marked Old.
16:29:02.966  +0536.840s  CLASH    OLD      BLD-EL-Fire Alarm Devices-vs-BLD-AR-Ceilings  Navisworks has this test marked Old.
16:29:02.977  +0536.851s  CLASH    OLD      BLD-EL-Fire Alarm Devices-vs-BLD-AR-Columns  Navisworks has this test marked Old.
16:29:02.990  +0536.865s  CLASH    OLD      BLD-EL-Fire Alarm Devices-vs-BLD-AR-Walls  Navisworks has this test marked Old.
16:29:05.824  +0539.699s  CLASH    OLD      BLD-EL-Fire Alarm Devices-vs-BLD-AR-Windows  Navisworks has this test marked Old.
16:29:05.832  +0539.707s  CLASH    OLD      BLD-EL-Fire Alarm Devices-vs-BLD-AR-Curtain Panels  Navisworks has this test marked Old.
16:29:05.843  +0539.717s  CLASH    OLD      BLD-EL-Fire Alarm Devices-vs-BLD-AR-Curtain Mullions  Navisworks has this test marked Old.
16:29:05.850  +0539.725s  CLASH    OLD      BLD-EL-Fire Alarm Devices-vs-BLD-AR-Doors  Navisworks has this test marked Old.
16:29:08.217  +0542.092s  CLASH    OLD      BLD-EL-Fire Alarm Devices-vs-BLD-AR-Casework  Navisworks has this test marked Old.
16:29:08.228  +0542.102s  CLASH    OLD      BLD-EL-Fire Alarm Devices-vs-BLD-AR-Furniture  Navisworks has this test marked Old.
16:29:08.234  +0542.108s  CLASH    OLD      BLD-EL-Fire Alarm Devices-vs-BLD-AR-Parking  Navisworks has this test marked Old.
16:29:08.241  +0542.115s  CLASH    OLD      BLD-EL-Fire Alarm Devices-vs-BLD-AR-Railings  Navisworks has this test marked Old.
16:29:08.246  +0542.121s  CLASH    OLD      BLD-EL-Fire Alarm Devices-vs-BLD-AR-Site  Navisworks has this test marked Old.
16:29:08.252  +0542.127s  CLASH    OLD      BLD-EL-Fire Alarm Devices-vs-BLD-ST-Foundation  Navisworks has this test marked Old.
16:29:10.435  +0544.310s  CLASH    OLD      BLD-EL-Fire Alarm Devices-vs-BLD-ST-Columns  Navisworks has this test marked Old.
16:29:12.852  +0546.726s  CLASH    OLD      BLD-EL-Fire Alarm Devices-vs-BLD-ST-Framing  Navisworks has this test marked Old.
16:29:15.414  +0549.289s  CLASH    OLD      BLD-EL-Fire Alarm Devices-vs-BLD-ST-Walls  Navisworks has this test marked Old.
16:29:18.055  +0551.930s  CLASH    OLD      BLD-EL-Fire Alarm Devices-vs-BLD-ST-Floors  Navisworks has this test marked Old.
16:29:20.913  +0554.788s  CLASH    1400 of 1770 tests, 144 run, 1315 skipped, 503 clashes so far
16:29:20.923  +0554.798s  CLASH    OLD      BLD-EL-Fire Alarm Devices-vs-BLD-ST-Stair  Navisworks has this test marked Old.
16:29:20.933  +0554.807s  CLASH    OLD      BLD-EL-Fire Alarm Devices-vs-BLD-ME-Ducts&Duct Fittings  Navisworks has this test marked Old.
16:29:20.937  +0554.812s  CLASH    OLD      BLD-EL-Fire Alarm Devices-vs-BLD-ME-Duct Accessory  Navisworks has this test marked Old.
16:29:20.945  +0554.819s  CLASH    OLD      BLD-EL-Fire Alarm Devices-vs-BLD-ME-Mechanical Equipment  Navisworks has this test marked Old.
16:29:20.951  +0554.825s  CLASH    OLD      BLD-EL-Fire Alarm Devices-vs-BLD-ME-Flex Ducts  Navisworks has this test marked Old.
16:29:20.956  +0554.831s  CLASH    OLD      BLD-EL-Fire Alarm Devices-vs-BLD-ME-Air Terminals  Navisworks has this test marked Old.
16:29:20.966  +0554.840s  CLASH    OLD      BLD-EL-Fire Alarm Devices-vs-BLD-ME-Pipes&Pipe Fittings  Navisworks has this test marked Old.
16:29:20.972  +0554.846s  CLASH    OLD      BLD-EL-Fire Alarm Devices-vs-BLD-ME-Pipe Accessories  Navisworks has this test marked Old.
16:29:20.981  +0554.855s  CLASH    OLD      BLD-EL-Fire Alarm Devices-vs-BLD-ME-Plumbing Fixtures  Navisworks has this test marked Old.
16:29:20.986  +0554.861s  CLASH    OLD      BLD-EL-Fire Alarm Devices-vs-BLD-ME-Flex Pipes  Navisworks has this test marked Old.
16:29:20.991  +0554.867s  CLASH    OLD      BLD-EL-Fire Alarm Devices-vs-BLD-FF-Mechanical Equipment  Navisworks has this test marked Old.
16:29:20.997  +0554.872s  CLASH    OLD      BLD-EL-Fire Alarm Devices-vs-BLD-FF-Pipes & Pipe Fittings  Navisworks has this test marked Old.
16:29:21.003  +0554.878s  CLASH    OLD      BLD-EL-Fire Alarm Devices-vs-BLD-FF-Pipe Accessories  Navisworks has this test marked Old.
16:29:21.010  +0554.885s  CLASH    OLD      BLD-EL-Fire Alarm Devices-vs-BLD-FF-Pipe Insulations  Navisworks has this test marked Old.
16:29:21.034  +0554.908s  CLASH    OLD      BLD-EL-Fire Alarm Devices-vs-BLD-FF-Plumbing Fixtures  Navisworks has this test marked Old.
16:29:21.045  +0554.919s  CLASH    OLD      BLD-EL-Fire Alarm Devices-vs-BLD-FF-Sprinklers  Navisworks has this test marked Old.
16:29:21.056  +0554.931s  CLASH    OLD      BLD-EL-Fire Alarm Devices-vs-BLD-PL-Mechanical Equipment  Navisworks has this test marked Old.
16:29:21.067  +0554.942s  CLASH    OLD      BLD-EL-Fire Alarm Devices-vs-BLD-PL-Pipes & Pipe Fittings  Navisworks has this test marked Old.
16:29:21.082  +0554.957s  CLASH    OLD      BLD-EL-Fire Alarm Devices-vs-BLD-PL-Pipe Accessories  Navisworks has this test marked Old.
16:29:21.094  +0554.969s  CLASH    OLD      BLD-EL-Fire Alarm Devices-vs-BLD-PL-Pipe Insulations  Navisworks has this test marked Old.
16:29:21.106  +0554.981s  CLASH    OLD      BLD-EL-Fire Alarm Devices-vs-BLD-PL-Plumbing Fixtures  Navisworks has this test marked Old.
16:29:21.114  +0554.988s  CLASH    OLD      BLD-EL-Fire Alarm Devices-vs-BLD-DR-Mechanical Equipment  Navisworks has this test marked Old.
16:29:21.124  +0554.999s  CLASH    OLD      BLD-EL-Fire Alarm Devices-vs-BLD-DR-Pipes & Pipe Fittings  Navisworks has this test marked Old.
16:29:23.531  +0557.405s  CLASH    OLD      BLD-EL-Fire Alarm Devices-vs-BLD-DR-Pipe Insulations  Navisworks has this test marked Old.
16:29:23.544  +0557.418s  CLASH    OLD      BLD-EL-Fire Alarm Devices-vs-BLD-DR-Plumbing Fixtures  Navisworks has this test marked Old.
16:29:25.862  +0559.737s  CLASH    1425 of 1770 tests, 146 run, 1338 skipped, 503 clashes so far
16:29:25.882  +0559.757s  CLASH    OLD      BLD-EL-Fire Alarm Devices-vs-BLD-EL-Cable Tray&Cable Tray Fittings  Navisworks has this test marked Old.
16:29:28.789  +0562.664s  CLASH    OLD      BLD-EL-Fire Alarm Devices-vs-BLD-EL-Electrical Equipment  Navisworks has this test marked Old.
16:29:31.394  +0565.268s  CLASH    OLD      BLD-EL-Fire Alarm Devices-vs-BLD-EL-Electrical Fixtures  Navisworks has this test marked Old.
16:29:34.173  +0568.048s  CLASH    OLD      BLD-EL-Fire Alarm Devices-vs-BLD-EL-Conduits & Conduit Fittings  Navisworks has this test marked Old.
16:29:36.688  +0570.563s  CLASH    OLD      BLD-EL-Fire Alarm Devices-vs-BLD-EL-Devices  Navisworks has this test marked Old.
16:29:39.256  +0573.131s  CLASH    OLD      BLD-EL-Fire Alarm Devices-vs-BLD-EL-Lighting Fixtures  Navisworks has this test marked Old.
16:29:41.659  +0575.533s  CLASH    OLD      BLD-EL-Fire Alarm Devices-vs-BLD-EL-Lighting Devices  Navisworks has this test marked Old.
16:29:44.152  +0578.026s  CLASH    OLD      BLD-EL-Telecom Equipment-vs-BLD-AR-Floors  Navisworks has this test marked Old.
16:29:44.168  +0578.043s  CLASH    OLD      BLD-EL-Telecom Equipment-vs-BLD-AR-Stairs  Navisworks has this test marked Old.
16:29:44.181  +0578.055s  CLASH    OLD      BLD-EL-Telecom Equipment-vs-BLD-AR-Ramps  Navisworks has this test marked Old.
16:29:44.209  +0578.084s  CLASH    OLD      BLD-EL-Telecom Equipment-vs-BLD-AR-Roofs  Navisworks has this test marked Old.
16:29:44.235  +0578.109s  CLASH    OLD      BLD-EL-Telecom Equipment-vs-BLD-AR-Ceilings  Navisworks has this test marked Old.
16:29:44.328  +0578.202s  CLASH    OLD      BLD-EL-Telecom Equipment-vs-BLD-AR-Columns  Navisworks has this test marked Old.
16:29:44.407  +0578.282s  CLASH    OLD      BLD-EL-Telecom Equipment-vs-BLD-AR-Walls  Navisworks has this test marked Old.
16:29:44.455  +0578.330s  CLASH    OLD      BLD-EL-Telecom Equipment-vs-BLD-AR-Windows  Navisworks has this test marked Old.
16:29:44.516  +0578.391s  CLASH    OLD      BLD-EL-Telecom Equipment-vs-BLD-AR-Curtain Panels  Navisworks has this test marked Old.
16:29:44.570  +0578.445s  CLASH    OLD      BLD-EL-Telecom Equipment-vs-BLD-AR-Curtain Mullions  Navisworks has this test marked Old.
16:29:44.603  +0578.478s  CLASH    OLD      BLD-EL-Telecom Equipment-vs-BLD-AR-Doors  Navisworks has this test marked Old.
16:29:44.635  +0578.509s  CLASH    OLD      BLD-EL-Telecom Equipment-vs-BLD-AR-Casework  Navisworks has this test marked Old.
16:29:44.656  +0578.530s  CLASH    OLD      BLD-EL-Telecom Equipment-vs-BLD-AR-Furniture  Navisworks has this test marked Old.
16:29:44.678  +0578.552s  CLASH    OLD      BLD-EL-Telecom Equipment-vs-BLD-AR-Parking  Navisworks has this test marked Old.
16:29:44.693  +0578.568s  CLASH    OLD      BLD-EL-Telecom Equipment-vs-BLD-AR-Railings  Navisworks has this test marked Old.
16:29:44.706  +0578.580s  CLASH    OLD      BLD-EL-Telecom Equipment-vs-BLD-AR-Site  Navisworks has this test marked Old.
16:29:44.723  +0578.598s  CLASH    OLD      BLD-EL-Telecom Equipment-vs-BLD-ST-Foundation  Navisworks has this test marked Old.
16:29:44.736  +0578.611s  CLASH    OLD      BLD-EL-Telecom Equipment-vs-BLD-ST-Columns  Navisworks has this test marked Old.
16:29:44.746  +0578.621s  CLASH    1450 of 1770 tests, 153 run, 1356 skipped, 503 clashes so far
16:29:44.761  +0578.635s  CLASH    OLD      BLD-EL-Telecom Equipment-vs-BLD-ST-Framing  Navisworks has this test marked Old.
16:29:44.774  +0578.649s  CLASH    OLD      BLD-EL-Telecom Equipment-vs-BLD-ST-Walls  Navisworks has this test marked Old.
16:29:44.791  +0578.666s  CLASH    OLD      BLD-EL-Telecom Equipment-vs-BLD-ST-Floors  Navisworks has this test marked Old.
16:29:44.805  +0578.679s  CLASH    OLD      BLD-EL-Telecom Equipment-vs-BLD-ST-Stair  Navisworks has this test marked Old.
16:29:44.819  +0578.693s  CLASH    OLD      BLD-EL-Telecom Equipment-vs-BLD-ME-Ducts&Duct Fittings  Navisworks has this test marked Old.
16:29:44.834  +0578.708s  CLASH    OLD      BLD-EL-Telecom Equipment-vs-BLD-ME-Duct Accessory  Navisworks has this test marked Old.
16:29:44.852  +0578.726s  CLASH    OLD      BLD-EL-Telecom Equipment-vs-BLD-ME-Mechanical Equipment  Navisworks has this test marked Old.
16:29:44.866  +0578.741s  CLASH    OLD      BLD-EL-Telecom Equipment-vs-BLD-ME-Flex Ducts  Navisworks has this test marked Old.
16:29:44.880  +0578.755s  CLASH    OLD      BLD-EL-Telecom Equipment-vs-BLD-ME-Air Terminals  Navisworks has this test marked Old.
16:29:44.890  +0578.765s  CLASH    OLD      BLD-EL-Telecom Equipment-vs-BLD-ME-Pipes&Pipe Fittings  Navisworks has this test marked Old.
16:29:44.900  +0578.775s  CLASH    OLD      BLD-EL-Telecom Equipment-vs-BLD-ME-Pipe Accessories  Navisworks has this test marked Old.
16:29:44.916  +0578.790s  CLASH    OLD      BLD-EL-Telecom Equipment-vs-BLD-ME-Plumbing Fixtures  Navisworks has this test marked Old.
16:29:44.938  +0578.812s  CLASH    OLD      BLD-EL-Telecom Equipment-vs-BLD-ME-Flex Pipes  Navisworks has this test marked Old.
16:29:44.962  +0578.836s  CLASH    OLD      BLD-EL-Telecom Equipment-vs-BLD-FF-Mechanical Equipment  Navisworks has this test marked Old.
16:29:44.978  +0578.852s  CLASH    OLD      BLD-EL-Telecom Equipment-vs-BLD-FF-Pipes & Pipe Fittings  Navisworks has this test marked Old.
16:29:44.995  +0578.869s  CLASH    OLD      BLD-EL-Telecom Equipment-vs-BLD-FF-Pipe Accessories  Navisworks has this test marked Old.
16:29:45.008  +0578.882s  CLASH    OLD      BLD-EL-Telecom Equipment-vs-BLD-FF-Pipe Insulations  Navisworks has this test marked Old.
16:29:45.033  +0578.909s  CLASH    OLD      BLD-EL-Telecom Equipment-vs-BLD-FF-Plumbing Fixtures  Navisworks has this test marked Old.
16:29:45.054  +0578.929s  CLASH    OLD      BLD-EL-Telecom Equipment-vs-BLD-FF-Sprinklers  Navisworks has this test marked Old.
16:29:45.065  +0578.940s  CLASH    OLD      BLD-EL-Telecom Equipment-vs-BLD-PL-Mechanical Equipment  Navisworks has this test marked Old.
16:29:45.158  +0579.032s  CLASH    OLD      BLD-EL-Telecom Equipment-vs-BLD-PL-Pipes & Pipe Fittings  Navisworks has this test marked Old.
16:29:45.188  +0579.063s  CLASH    OLD      BLD-EL-Telecom Equipment-vs-BLD-PL-Pipe Accessories  Navisworks has this test marked Old.
16:29:45.215  +0579.090s  CLASH    OLD      BLD-EL-Telecom Equipment-vs-BLD-PL-Pipe Insulations  Navisworks has this test marked Old.
16:29:45.230  +0579.105s  CLASH    OLD      BLD-EL-Telecom Equipment-vs-BLD-PL-Plumbing Fixtures  Navisworks has this test marked Old.
16:29:45.249  +0579.123s  CLASH    OLD      BLD-EL-Telecom Equipment-vs-BLD-DR-Mechanical Equipment  Navisworks has this test marked Old.
16:29:45.267  +0579.142s  CLASH    1475 of 1770 tests, 153 run, 1381 skipped, 503 clashes so far
16:29:45.278  +0579.153s  CLASH    OLD      BLD-EL-Telecom Equipment-vs-BLD-DR-Pipes & Pipe Fittings  Navisworks has this test marked Old.
16:29:45.294  +0579.169s  CLASH    OLD      BLD-EL-Telecom Equipment-vs-BLD-DR-Pipe Insulations  Navisworks has this test marked Old.
16:29:45.307  +0579.182s  CLASH    OLD      BLD-EL-Telecom Equipment-vs-BLD-DR-Plumbing Fixtures  Navisworks has this test marked Old.
16:29:45.322  +0579.197s  CLASH    OLD      BLD-EL-Telecom Equipment-vs-BLD-EL-Cable Tray&Cable Tray Fittings  Navisworks has this test marked Old.
16:29:45.343  +0579.217s  CLASH    OLD      BLD-EL-Telecom Equipment-vs-BLD-EL-Electrical Equipment  Navisworks has this test marked Old.
16:29:45.360  +0579.235s  CLASH    OLD      BLD-EL-Telecom Equipment-vs-BLD-EL-Electrical Fixtures  Navisworks has this test marked Old.
16:29:45.381  +0579.255s  CLASH    OLD      BLD-EL-Telecom Equipment-vs-BLD-EL-Conduits & Conduit Fittings  Navisworks has this test marked Old.
16:29:45.421  +0579.295s  CLASH    OLD      BLD-EL-Telecom Equipment-vs-BLD-EL-Devices  Navisworks has this test marked Old.
16:29:45.496  +0579.370s  CLASH    OLD      BLD-EL-Telecom Equipment-vs-BLD-EL-Lighting Fixtures  Navisworks has this test marked Old.
16:29:45.534  +0579.409s  CLASH    OLD      BLD-EL-Telecom Equipment-vs-BLD-EL-Lighting Devices  Navisworks has this test marked Old.
16:29:45.583  +0579.457s  CLASH    OLD      BLD-EL-Telecom Equipment-vs-BLD-EL-Fire Alarm Devices  Navisworks has this test marked Old.
16:29:45.611  +0579.486s  CLASH    OLD      BLD-EL-Telecom Fixtures-vs-BLD-AR-Floors  Navisworks has this test marked Old.
16:29:45.648  +0579.523s  CLASH    OLD      BLD-EL-Telecom Fixtures-vs-BLD-AR-Stairs  Navisworks has this test marked Old.
16:29:45.668  +0579.543s  CLASH    OLD      BLD-EL-Telecom Fixtures-vs-BLD-AR-Ramps  Navisworks has this test marked Old.
16:29:45.705  +0579.580s  CLASH    OLD      BLD-EL-Telecom Fixtures-vs-BLD-AR-Roofs  Navisworks has this test marked Old.
16:29:45.716  +0579.590s  CLASH    OLD      BLD-EL-Telecom Fixtures-vs-BLD-AR-Ceilings  Navisworks has this test marked Old.
16:29:45.731  +0579.605s  CLASH    OLD      BLD-EL-Telecom Fixtures-vs-BLD-AR-Columns  Navisworks has this test marked Old.
16:29:45.753  +0579.628s  CLASH    OLD      BLD-EL-Telecom Fixtures-vs-BLD-AR-Walls  Navisworks has this test marked Old.
16:29:45.770  +0579.644s  CLASH    OLD      BLD-EL-Telecom Fixtures-vs-BLD-AR-Windows  Navisworks has this test marked Old.
16:29:45.783  +0579.658s  CLASH    OLD      BLD-EL-Telecom Fixtures-vs-BLD-AR-Curtain Panels  Navisworks has this test marked Old.
16:29:45.814  +0579.689s  CLASH    OLD      BLD-EL-Telecom Fixtures-vs-BLD-AR-Curtain Mullions  Navisworks has this test marked Old.
16:29:45.838  +0579.713s  CLASH    OLD      BLD-EL-Telecom Fixtures-vs-BLD-AR-Doors  Navisworks has this test marked Old.
16:29:45.849  +0579.724s  CLASH    OLD      BLD-EL-Telecom Fixtures-vs-BLD-AR-Casework  Navisworks has this test marked Old.
16:29:45.880  +0579.755s  CLASH    OLD      BLD-EL-Telecom Fixtures-vs-BLD-AR-Furniture  Navisworks has this test marked Old.
16:29:45.910  +0579.785s  CLASH    OLD      BLD-EL-Telecom Fixtures-vs-BLD-AR-Parking  Navisworks has this test marked Old.
16:29:45.945  +0579.820s  CLASH    1500 of 1770 tests, 153 run, 1406 skipped, 503 clashes so far
16:29:45.969  +0579.844s  CLASH    OLD      BLD-EL-Telecom Fixtures-vs-BLD-AR-Railings  Navisworks has this test marked Old.
16:29:46.033  +0579.908s  CLASH    OLD      BLD-EL-Telecom Fixtures-vs-BLD-AR-Site  Navisworks has this test marked Old.
16:29:46.172  +0580.047s  CLASH    OLD      BLD-EL-Telecom Fixtures-vs-BLD-ST-Foundation  Navisworks has this test marked Old.
16:29:46.285  +0580.159s  CLASH    OLD      BLD-EL-Telecom Fixtures-vs-BLD-ST-Columns  Navisworks has this test marked Old.
16:29:46.324  +0580.199s  CLASH    OLD      BLD-EL-Telecom Fixtures-vs-BLD-ST-Framing  Navisworks has this test marked Old.
16:29:46.343  +0580.218s  CLASH    OLD      BLD-EL-Telecom Fixtures-vs-BLD-ST-Walls  Navisworks has this test marked Old.
16:29:46.388  +0580.263s  CLASH    OLD      BLD-EL-Telecom Fixtures-vs-BLD-ST-Floors  Navisworks has this test marked Old.
16:29:46.412  +0580.287s  CLASH    OLD      BLD-EL-Telecom Fixtures-vs-BLD-ST-Stair  Navisworks has this test marked Old.
16:29:46.437  +0580.312s  CLASH    OLD      BLD-EL-Telecom Fixtures-vs-BLD-ME-Ducts&Duct Fittings  Navisworks has this test marked Old.
16:29:46.464  +0580.338s  CLASH    OLD      BLD-EL-Telecom Fixtures-vs-BLD-ME-Duct Accessory  Navisworks has this test marked Old.
16:29:46.478  +0580.353s  CLASH    OLD      BLD-EL-Telecom Fixtures-vs-BLD-ME-Mechanical Equipment  Navisworks has this test marked Old.
16:29:46.490  +0580.364s  CLASH    OLD      BLD-EL-Telecom Fixtures-vs-BLD-ME-Flex Ducts  Navisworks has this test marked Old.
16:29:46.501  +0580.375s  CLASH    OLD      BLD-EL-Telecom Fixtures-vs-BLD-ME-Air Terminals  Navisworks has this test marked Old.
16:29:46.515  +0580.389s  CLASH    OLD      BLD-EL-Telecom Fixtures-vs-BLD-ME-Pipes&Pipe Fittings  Navisworks has this test marked Old.
16:29:46.520  +0580.395s  CLASH    OLD      BLD-EL-Telecom Fixtures-vs-BLD-ME-Pipe Accessories  Navisworks has this test marked Old.
16:29:46.526  +0580.400s  CLASH    OLD      BLD-EL-Telecom Fixtures-vs-BLD-ME-Plumbing Fixtures  Navisworks has this test marked Old.
16:29:46.534  +0580.408s  CLASH    OLD      BLD-EL-Telecom Fixtures-vs-BLD-ME-Flex Pipes  Navisworks has this test marked Old.
16:29:46.546  +0580.420s  CLASH    OLD      BLD-EL-Telecom Fixtures-vs-BLD-FF-Mechanical Equipment  Navisworks has this test marked Old.
16:29:46.558  +0580.432s  CLASH    OLD      BLD-EL-Telecom Fixtures-vs-BLD-FF-Pipes & Pipe Fittings  Navisworks has this test marked Old.
16:29:46.567  +0580.442s  CLASH    OLD      BLD-EL-Telecom Fixtures-vs-BLD-FF-Pipe Accessories  Navisworks has this test marked Old.
16:29:46.573  +0580.447s  CLASH    OLD      BLD-EL-Telecom Fixtures-vs-BLD-FF-Pipe Insulations  Navisworks has this test marked Old.
16:29:46.580  +0580.455s  CLASH    OLD      BLD-EL-Telecom Fixtures-vs-BLD-FF-Plumbing Fixtures  Navisworks has this test marked Old.
16:29:46.593  +0580.468s  CLASH    OLD      BLD-EL-Telecom Fixtures-vs-BLD-FF-Sprinklers  Navisworks has this test marked Old.
16:29:46.598  +0580.473s  CLASH    OLD      BLD-EL-Telecom Fixtures-vs-BLD-PL-Mechanical Equipment  Navisworks has this test marked Old.
16:29:46.603  +0580.478s  CLASH    OLD      BLD-EL-Telecom Fixtures-vs-BLD-PL-Pipes & Pipe Fittings  Navisworks has this test marked Old.
16:29:46.609  +0580.484s  CLASH    1525 of 1770 tests, 153 run, 1431 skipped, 503 clashes so far
16:29:46.614  +0580.489s  CLASH    OLD      BLD-EL-Telecom Fixtures-vs-BLD-PL-Pipe Accessories  Navisworks has this test marked Old.
16:29:46.620  +0580.495s  CLASH    OLD      BLD-EL-Telecom Fixtures-vs-BLD-PL-Pipe Insulations  Navisworks has this test marked Old.
16:29:46.626  +0580.500s  CLASH    OLD      BLD-EL-Telecom Fixtures-vs-BLD-PL-Plumbing Fixtures  Navisworks has this test marked Old.
16:29:46.643  +0580.517s  CLASH    OLD      BLD-EL-Telecom Fixtures-vs-BLD-DR-Mechanical Equipment  Navisworks has this test marked Old.
16:29:46.648  +0580.523s  CLASH    OLD      BLD-EL-Telecom Fixtures-vs-BLD-DR-Pipes & Pipe Fittings  Navisworks has this test marked Old.
16:29:46.653  +0580.528s  CLASH    OLD      BLD-EL-Telecom Fixtures-vs-BLD-DR-Pipe Insulations  Navisworks has this test marked Old.
16:29:46.664  +0580.538s  CLASH    OLD      BLD-EL-Telecom Fixtures-vs-BLD-DR-Plumbing Fixtures  Navisworks has this test marked Old.
16:29:46.675  +0580.550s  CLASH    OLD      BLD-EL-Telecom Fixtures-vs-BLD-EL-Cable Tray&Cable Tray Fittings  Navisworks has this test marked Old.
16:29:46.699  +0580.574s  CLASH    OLD      BLD-EL-Telecom Fixtures-vs-BLD-EL-Electrical Equipment  Navisworks has this test marked Old.
16:29:46.716  +0580.591s  CLASH    OLD      BLD-EL-Telecom Fixtures-vs-BLD-EL-Electrical Fixtures  Navisworks has this test marked Old.
16:29:46.766  +0580.640s  CLASH    OLD      BLD-EL-Telecom Fixtures-vs-BLD-EL-Conduits & Conduit Fittings  Navisworks has this test marked Old.
16:29:46.818  +0580.693s  CLASH    OLD      BLD-EL-Telecom Fixtures-vs-BLD-EL-Devices  Navisworks has this test marked Old.
16:29:46.862  +0580.737s  CLASH    OLD      BLD-EL-Telecom Fixtures-vs-BLD-EL-Lighting Fixtures  Navisworks has this test marked Old.
16:29:46.888  +0580.762s  CLASH    OLD      BLD-EL-Telecom Fixtures-vs-BLD-EL-Lighting Devices  Navisworks has this test marked Old.
16:29:46.922  +0580.797s  CLASH    OLD      BLD-EL-Telecom Fixtures-vs-BLD-EL-Fire Alarm Devices  Navisworks has this test marked Old.
16:29:46.945  +0580.820s  CLASH    OLD      BLD-EL-Telecom Fixtures-vs-BLD-EL-Telecom Equipment  Navisworks has this test marked Old.
16:29:46.961  +0580.835s  CLASH    OLD      BLD-Security Devices-vs-BLD-AR-Floors  Navisworks has this test marked Old.
16:29:49.521  +0583.396s  CLASH    OLD      BLD-Security Devices-vs-BLD-AR-Stairs  Navisworks has this test marked Old.
16:29:49.531  +0583.405s  CLASH    OLD      BLD-Security Devices-vs-BLD-AR-Ramps  Navisworks has this test marked Old.
16:29:49.543  +0583.418s  CLASH    OLD      BLD-Security Devices-vs-BLD-AR-Roofs  Navisworks has this test marked Old.
16:29:49.558  +0583.432s  CLASH    OLD      BLD-Security Devices-vs-BLD-AR-Ceilings  Navisworks has this test marked Old.
16:29:49.579  +0583.453s  CLASH    OLD      BLD-Security Devices-vs-BLD-AR-Columns  Navisworks has this test marked Old.
16:29:49.601  +0583.475s  CLASH    OLD      BLD-Security Devices-vs-BLD-AR-Walls  Navisworks has this test marked Old.
16:29:53.350  +0587.224s  CLASH    OLD      BLD-Security Devices-vs-BLD-AR-Windows  Navisworks has this test marked Old.
16:29:53.361  +0587.236s  CLASH    OLD      BLD-Security Devices-vs-BLD-AR-Curtain Panels  Navisworks has this test marked Old.
16:29:53.372  +0587.246s  CLASH    1550 of 1770 tests, 155 run, 1454 skipped, 514 clashes so far
16:29:53.379  +0587.253s  CLASH    OLD      BLD-Security Devices-vs-BLD-AR-Curtain Mullions  Navisworks has this test marked Old.
16:29:53.387  +0587.261s  CLASH    OLD      BLD-Security Devices-vs-BLD-AR-Doors  Navisworks has this test marked Old.
16:29:55.851  +0589.726s  CLASH    OLD      BLD-Security Devices-vs-BLD-AR-Casework  Navisworks has this test marked Old.
16:29:55.863  +0589.737s  CLASH    OLD      BLD-Security Devices-vs-BLD-AR-Furniture  Navisworks has this test marked Old.
16:29:55.876  +0589.750s  CLASH    OLD      BLD-Security Devices-vs-BLD-AR-Parking  Navisworks has this test marked Old.
16:29:55.886  +0589.761s  CLASH    OLD      BLD-Security Devices-vs-BLD-AR-Railings  Navisworks has this test marked Old.
16:29:55.896  +0589.770s  CLASH    OLD      BLD-Security Devices-vs-BLD-AR-Site  Navisworks has this test marked Old.
16:29:55.909  +0589.785s  CLASH    OLD      BLD-Security Devices-vs-BLD-ST-Foundation  Navisworks has this test marked Old.
16:29:58.505  +0592.379s  CLASH    OLD      BLD-Security Devices-vs-BLD-ST-Columns  Navisworks has this test marked Old.
16:30:01.229  +0595.104s  CLASH    OLD      BLD-Security Devices-vs-BLD-ST-Framing  Navisworks has this test marked Old.
16:30:04.167  +0598.042s  CLASH    OLD      BLD-Security Devices-vs-BLD-ST-Walls  Navisworks has this test marked Old.
16:30:06.507  +0600.382s  CLASH    OLD      BLD-Security Devices-vs-BLD-ST-Floors  Navisworks has this test marked Old.
16:30:08.827  +0602.701s  CLASH    OLD      BLD-Security Devices-vs-BLD-ST-Stair  Navisworks has this test marked Old.
16:30:08.836  +0602.710s  CLASH    OLD      BLD-Security Devices-vs-BLD-ME-Ducts&Duct Fittings  Navisworks has this test marked Old.
16:30:08.845  +0602.720s  CLASH    OLD      BLD-Security Devices-vs-BLD-ME-Duct Accessory  Navisworks has this test marked Old.
16:30:08.855  +0602.730s  CLASH    OLD      BLD-Security Devices-vs-BLD-ME-Mechanical Equipment  Navisworks has this test marked Old.
16:30:08.864  +0602.739s  CLASH    OLD      BLD-Security Devices-vs-BLD-ME-Flex Ducts  Navisworks has this test marked Old.
16:30:08.874  +0602.749s  CLASH    OLD      BLD-Security Devices-vs-BLD-ME-Air Terminals  Navisworks has this test marked Old.
16:30:08.883  +0602.757s  CLASH    OLD      BLD-Security Devices-vs-BLD-ME-Pipes&Pipe Fittings  Navisworks has this test marked Old.
16:30:08.893  +0602.768s  CLASH    OLD      BLD-Security Devices-vs-BLD-ME-Pipe Accessories  Navisworks has this test marked Old.
16:30:08.902  +0602.776s  CLASH    OLD      BLD-Security Devices-vs-BLD-ME-Plumbing Fixtures  Navisworks has this test marked Old.
16:30:08.913  +0602.788s  CLASH    OLD      BLD-Security Devices-vs-BLD-ME-Flex Pipes  Navisworks has this test marked Old.
16:30:08.926  +0602.801s  CLASH    OLD      BLD-Security Devices-vs-BLD-FF-Mechanical Equipment  Navisworks has this test marked Old.
16:30:08.941  +0602.815s  CLASH    OLD      BLD-Security Devices-vs-BLD-FF-Pipes & Pipe Fittings  Navisworks has this test marked Old.
16:30:08.952  +0602.826s  CLASH    OLD      BLD-Security Devices-vs-BLD-FF-Pipe Accessories  Navisworks has this test marked Old.
16:30:08.984  +0602.858s  CLASH    1575 of 1770 tests, 161 run, 1473 skipped, 519 clashes so far
16:30:08.994  +0602.869s  CLASH    OLD      BLD-Security Devices-vs-BLD-FF-Pipe Insulations  Navisworks has this test marked Old.
16:30:09.005  +0602.879s  CLASH    OLD      BLD-Security Devices-vs-BLD-FF-Plumbing Fixtures  Navisworks has this test marked Old.
16:30:09.013  +0602.887s  CLASH    OLD      BLD-Security Devices-vs-BLD-FF-Sprinklers  Navisworks has this test marked Old.
16:30:09.026  +0602.900s  CLASH    OLD      BLD-Security Devices-vs-BLD-PL-Mechanical Equipment  Navisworks has this test marked Old.
16:30:09.034  +0602.908s  CLASH    OLD      BLD-Security Devices-vs-BLD-PL-Pipes & Pipe Fittings  Navisworks has this test marked Old.
16:30:09.042  +0602.917s  CLASH    OLD      BLD-Security Devices-vs-BLD-PL-Pipe Accessories  Navisworks has this test marked Old.
16:30:09.050  +0602.925s  CLASH    OLD      BLD-Security Devices-vs-BLD-PL-Pipe Insulations  Navisworks has this test marked Old.
16:30:09.058  +0602.933s  CLASH    OLD      BLD-Security Devices-vs-BLD-PL-Plumbing Fixtures  Navisworks has this test marked Old.
16:30:09.067  +0602.942s  CLASH    OLD      BLD-Security Devices-vs-BLD-DR-Mechanical Equipment  Navisworks has this test marked Old.
16:30:09.078  +0602.953s  CLASH    OLD      BLD-Security Devices-vs-BLD-DR-Pipes & Pipe Fittings  Navisworks has this test marked Old.
16:30:11.405  +0605.280s  CLASH    OLD      BLD-Security Devices-vs-BLD-DR-Pipe Insulations  Navisworks has this test marked Old.
16:30:11.417  +0605.292s  CLASH    OLD      BLD-Security Devices-vs-BLD-DR-Plumbing Fixtures  Navisworks has this test marked Old.
16:30:13.935  +0607.809s  CLASH    OLD      BLD-Security Devices-vs-BLD-EL-Cable Tray&Cable Tray Fittings  Navisworks has this test marked Old.
16:30:16.399  +0610.273s  CLASH    OLD      BLD-Security Devices-vs-BLD-EL-Electrical Equipment  Navisworks has this test marked Old.
16:30:19.128  +0613.003s  CLASH    OLD      BLD-Security Devices-vs-BLD-EL-Electrical Fixtures  Navisworks has this test marked Old.
16:30:21.156  +0615.031s  CLASH    OLD      BLD-Security Devices-vs-BLD-EL-Conduits & Conduit Fittings  Navisworks has this test marked Old.
16:30:23.115  +0616.990s  CLASH    OLD      BLD-Security Devices-vs-BLD-EL-Devices  Navisworks has this test marked Old.
16:30:25.110  +0618.984s  CLASH    OLD      BLD-Security Devices-vs-BLD-EL-Lighting Fixtures  Navisworks has this test marked Old.
16:30:26.999  +0620.874s  CLASH    OLD      BLD-Security Devices-vs-BLD-EL-Lighting Devices  Navisworks has this test marked Old.
16:30:28.996  +0622.871s  CLASH    OLD      BLD-Security Devices-vs-BLD-EL-Fire Alarm Devices  Navisworks has this test marked Old.
16:30:31.074  +0624.948s  CLASH    OLD      BLD-Security Devices-vs-BLD-EL-Telecom Equipment  Navisworks has this test marked Old.
16:30:31.081  +0624.956s  CLASH    OLD      BLD-Security Devices-vs-BLD-EL-Telecom Fixtures  Navisworks has this test marked Old.
16:30:31.091  +0624.966s  CLASH    OLD      BLD-EL-Communication Devices-vs-BLD-AR-Floors  Navisworks has this test marked Old.
16:30:33.004  +0626.879s  CLASH    OLD      BLD-EL-Communication Devices-vs-BLD-AR-Stairs  Navisworks has this test marked Old.
16:30:33.012  +0626.887s  CLASH    OLD      BLD-EL-Communication Devices-vs-BLD-AR-Ramps  Navisworks has this test marked Old.
16:30:33.022  +0626.897s  CLASH    1600 of 1770 tests, 172 run, 1487 skipped, 522 clashes so far
16:30:33.031  +0626.906s  CLASH    OLD      BLD-EL-Communication Devices-vs-BLD-AR-Roofs  Navisworks has this test marked Old.
16:30:33.042  +0626.917s  CLASH    OLD      BLD-EL-Communication Devices-vs-BLD-AR-Ceilings  Navisworks has this test marked Old.
16:30:33.055  +0626.929s  CLASH    OLD      BLD-EL-Communication Devices-vs-BLD-AR-Columns  Navisworks has this test marked Old.
16:30:33.064  +0626.938s  CLASH    OLD      BLD-EL-Communication Devices-vs-BLD-AR-Walls  Navisworks has this test marked Old.
16:30:35.021  +0628.896s  CLASH    OLD      BLD-EL-Communication Devices-vs-BLD-AR-Windows  Navisworks has this test marked Old.
16:30:35.031  +0628.905s  CLASH    OLD      BLD-EL-Communication Devices-vs-BLD-AR-Curtain Panels  Navisworks has this test marked Old.
16:30:35.041  +0628.916s  CLASH    OLD      BLD-EL-Communication Devices-vs-BLD-AR-Curtain Mullions  Navisworks has this test marked Old.
16:30:35.049  +0628.923s  CLASH    OLD      BLD-EL-Communication Devices-vs-BLD-AR-Doors  Navisworks has this test marked Old.
16:30:37.024  +0630.898s  CLASH    OLD      BLD-EL-Communication Devices-vs-BLD-AR-Casework  Navisworks has this test marked Old.
16:30:37.034  +0630.908s  CLASH    OLD      BLD-EL-Communication Devices-vs-BLD-AR-Furniture  Navisworks has this test marked Old.
16:30:37.046  +0630.921s  CLASH    OLD      BLD-EL-Communication Devices-vs-BLD-AR-Parking  Navisworks has this test marked Old.
16:30:37.058  +0630.933s  CLASH    OLD      BLD-EL-Communication Devices-vs-BLD-AR-Railings  Navisworks has this test marked Old.
16:30:37.066  +0630.941s  CLASH    OLD      BLD-EL-Communication Devices-vs-BLD-AR-Site  Navisworks has this test marked Old.
16:30:37.077  +0630.952s  CLASH    OLD      BLD-EL-Communication Devices-vs-BLD-ST-Foundation  Navisworks has this test marked Old.
16:30:38.932  +0632.807s  CLASH    OLD      BLD-EL-Communication Devices-vs-BLD-ST-Columns  Navisworks has this test marked Old.
16:30:40.816  +0634.691s  CLASH    OLD      BLD-EL-Communication Devices-vs-BLD-ST-Framing  Navisworks has this test marked Old.
16:30:42.794  +0636.668s  CLASH    OLD      BLD-EL-Communication Devices-vs-BLD-ST-Walls  Navisworks has this test marked Old.
16:30:44.697  +0638.571s  CLASH    OLD      BLD-EL-Communication Devices-vs-BLD-ST-Floors  Navisworks has this test marked Old.
16:30:46.617  +0640.492s  CLASH    OLD      BLD-EL-Communication Devices-vs-BLD-ST-Stair  Navisworks has this test marked Old.
16:30:46.628  +0640.502s  CLASH    OLD      BLD-EL-Communication Devices-vs-BLD-ME-Ducts&Duct Fittings  Navisworks has this test marked Old.
16:30:46.637  +0640.511s  CLASH    OLD      BLD-EL-Communication Devices-vs-BLD-ME-Duct Accessory  Navisworks has this test marked Old.
16:30:46.647  +0640.521s  CLASH    OLD      BLD-EL-Communication Devices-vs-BLD-ME-Mechanical Equipment  Navisworks has this test marked Old.
16:30:46.658  +0640.533s  CLASH    OLD      BLD-EL-Communication Devices-vs-BLD-ME-Flex Ducts  Navisworks has this test marked Old.
16:30:46.668  +0640.542s  CLASH    OLD      BLD-EL-Communication Devices-vs-BLD-ME-Air Terminals  Navisworks has this test marked Old.
16:30:46.679  +0640.553s  CLASH    OLD      BLD-EL-Communication Devices-vs-BLD-ME-Pipes&Pipe Fittings  Navisworks has this test marked Old.
16:30:46.687  +0640.562s  CLASH    1625 of 1770 tests, 179 run, 1505 skipped, 522 clashes so far
16:30:46.697  +0640.571s  CLASH    OLD      BLD-EL-Communication Devices-vs-BLD-ME-Pipe Accessories  Navisworks has this test marked Old.
16:30:46.708  +0640.583s  CLASH    OLD      BLD-EL-Communication Devices-vs-BLD-ME-Plumbing Fixtures  Navisworks has this test marked Old.
16:30:46.718  +0640.593s  CLASH    OLD      BLD-EL-Communication Devices-vs-BLD-ME-Flex Pipes  Navisworks has this test marked Old.
16:30:46.731  +0640.606s  CLASH    OLD      BLD-EL-Communication Devices-vs-BLD-FF-Mechanical Equipment  Navisworks has this test marked Old.
16:30:46.744  +0640.619s  CLASH    OLD      BLD-EL-Communication Devices-vs-BLD-FF-Pipes & Pipe Fittings  Navisworks has this test marked Old.
16:30:46.766  +0640.640s  CLASH    OLD      BLD-EL-Communication Devices-vs-BLD-FF-Pipe Accessories  Navisworks has this test marked Old.
16:30:46.778  +0640.652s  CLASH    OLD      BLD-EL-Communication Devices-vs-BLD-FF-Pipe Insulations  Navisworks has this test marked Old.
16:30:46.784  +0640.658s  CLASH    OLD      BLD-EL-Communication Devices-vs-BLD-FF-Plumbing Fixtures  Navisworks has this test marked Old.
16:30:46.790  +0640.665s  CLASH    OLD      BLD-EL-Communication Devices-vs-BLD-FF-Sprinklers  Navisworks has this test marked Old.
16:30:46.796  +0640.671s  CLASH    OLD      BLD-EL-Communication Devices-vs-BLD-PL-Mechanical Equipment  Navisworks has this test marked Old.
16:30:46.802  +0640.677s  CLASH    OLD      BLD-EL-Communication Devices-vs-BLD-PL-Pipes & Pipe Fittings  Navisworks has this test marked Old.
16:30:46.808  +0640.682s  CLASH    OLD      BLD-EL-Communication Devices-vs-BLD-PL-Pipe Accessories  Navisworks has this test marked Old.
16:30:46.813  +0640.687s  CLASH    OLD      BLD-EL-Communication Devices-vs-BLD-PL-Pipe Insulations  Navisworks has this test marked Old.
16:30:46.818  +0640.693s  CLASH    OLD      BLD-EL-Communication Devices-vs-BLD-PL-Plumbing Fixtures  Navisworks has this test marked Old.
16:30:46.825  +0640.700s  CLASH    OLD      BLD-EL-Communication Devices-vs-BLD-DR-Mechanical Equipment  Navisworks has this test marked Old.
16:30:46.831  +0640.705s  CLASH    OLD      BLD-EL-Communication Devices-vs-BLD-DR-Pipes & Pipe Fittings  Navisworks has this test marked Old.
16:30:48.645  +0642.520s  CLASH    OLD      BLD-EL-Communication Devices-vs-BLD-DR-Pipe Insulations  Navisworks has this test marked Old.
16:30:48.657  +0642.532s  CLASH    OLD      BLD-EL-Communication Devices-vs-BLD-DR-Plumbing Fixtures  Navisworks has this test marked Old.
16:30:50.685  +0644.560s  CLASH    OLD      BLD-EL-Communication Devices-vs-BLD-EL-Cable Tray&Cable Tray Fittings  Navisworks has this test marked Old.
16:30:52.709  +0646.584s  CLASH    OLD      BLD-EL-Communication Devices-vs-BLD-EL-Electrical Equipment  Navisworks has this test marked Old.
16:30:54.576  +0648.451s  CLASH    OLD      BLD-EL-Communication Devices-vs-BLD-EL-Electrical Fixtures  Navisworks has this test marked Old.
16:30:56.302  +0650.177s  CLASH    OLD      BLD-EL-Communication Devices-vs-BLD-EL-Conduits & Conduit Fittings  Navisworks has this test marked Old.
16:30:58.079  +0651.954s  CLASH    OLD      BLD-EL-Communication Devices-vs-BLD-EL-Devices  Navisworks has this test marked Old.
16:30:59.909  +0653.784s  CLASH    OLD      BLD-EL-Communication Devices-vs-BLD-EL-Lighting Fixtures  Navisworks has this test marked Old.
16:31:01.811  +0655.686s  CLASH    OLD      BLD-EL-Communication Devices-vs-BLD-EL-Lighting Devices  Navisworks has this test marked Old.
16:31:03.837  +0657.711s  CLASH    1650 of 1770 tests, 188 run, 1521 skipped, 522 clashes so far
16:31:03.844  +0657.719s  CLASH    OLD      BLD-EL-Communication Devices-vs-BLD-EL-Fire Alarm Devices  Navisworks has this test marked Old.
16:31:05.828  +0659.704s  CLASH    OLD      BLD-EL-Communication Devices-vs-BLD-EL-Telecom Equipment  Navisworks has this test marked Old.
16:31:05.843  +0659.718s  CLASH    OLD      BLD-EL-Communication Devices-vs-BLD-EL-Telecom Fixtures  Navisworks has this test marked Old.
16:31:05.855  +0659.730s  CLASH    OLD      BLD-EL-Communication Devices-vs-BLD-Security Devices  Navisworks has this test marked Old.
16:31:07.878  +0661.753s  CLASH    OLD      BLD-EL-Telephone Devices-vs-BLD-AR-Floors  Navisworks has this test marked Old.
16:31:07.886  +0661.761s  CLASH    OLD      BLD-EL-Telephone Devices-vs-BLD-AR-Stairs  Navisworks has this test marked Old.
16:31:07.896  +0661.771s  CLASH    OLD      BLD-EL-Telephone Devices-vs-BLD-AR-Ramps  Navisworks has this test marked Old.
16:31:07.904  +0661.778s  CLASH    OLD      BLD-EL-Telephone Devices-vs-BLD-AR-Roofs  Navisworks has this test marked Old.
16:31:07.913  +0661.787s  CLASH    OLD      BLD-EL-Telephone Devices-vs-BLD-AR-Ceilings  Navisworks has this test marked Old.
16:31:07.922  +0661.796s  CLASH    OLD      BLD-EL-Telephone Devices-vs-BLD-AR-Columns  Navisworks has this test marked Old.
16:31:07.932  +0661.806s  CLASH    OLD      BLD-EL-Telephone Devices-vs-BLD-AR-Walls  Navisworks has this test marked Old.
16:31:07.942  +0661.817s  CLASH    OLD      BLD-EL-Telephone Devices-vs-BLD-AR-Windows  Navisworks has this test marked Old.
16:31:07.948  +0661.823s  CLASH    OLD      BLD-EL-Telephone Devices-vs-BLD-AR-Curtain Panels  Navisworks has this test marked Old.
16:31:07.958  +0661.833s  CLASH    OLD      BLD-EL-Telephone Devices-vs-BLD-AR-Curtain Mullions  Navisworks has this test marked Old.
16:31:07.966  +0661.841s  CLASH    OLD      BLD-EL-Telephone Devices-vs-BLD-AR-Doors  Navisworks has this test marked Old.
16:31:07.977  +0661.852s  CLASH    OLD      BLD-EL-Telephone Devices-vs-BLD-AR-Casework  Navisworks has this test marked Old.
16:31:07.988  +0661.863s  CLASH    OLD      BLD-EL-Telephone Devices-vs-BLD-AR-Furniture  Navisworks has this test marked Old.
16:31:08.010  +0661.884s  CLASH    OLD      BLD-EL-Telephone Devices-vs-BLD-AR-Parking  Navisworks has this test marked Old.
16:31:08.031  +0661.906s  CLASH    OLD      BLD-EL-Telephone Devices-vs-BLD-AR-Railings  Navisworks has this test marked Old.
16:31:08.059  +0661.933s  CLASH    OLD      BLD-EL-Telephone Devices-vs-BLD-AR-Site  Navisworks has this test marked Old.
16:31:08.079  +0661.954s  CLASH    OLD      BLD-EL-Telephone Devices-vs-BLD-ST-Foundation  Navisworks has this test marked Old.
16:31:08.093  +0661.968s  CLASH    OLD      BLD-EL-Telephone Devices-vs-BLD-ST-Columns  Navisworks has this test marked Old.
16:31:08.105  +0661.980s  CLASH    OLD      BLD-EL-Telephone Devices-vs-BLD-ST-Framing  Navisworks has this test marked Old.
16:31:08.117  +0661.991s  CLASH    OLD      BLD-EL-Telephone Devices-vs-BLD-ST-Walls  Navisworks has this test marked Old.
16:31:08.133  +0662.008s  CLASH    OLD      BLD-EL-Telephone Devices-vs-BLD-ST-Floors  Navisworks has this test marked Old.
16:31:08.149  +0662.024s  CLASH    1675 of 1770 tests, 190 run, 1544 skipped, 522 clashes so far
16:31:08.164  +0662.039s  CLASH    OLD      BLD-EL-Telephone Devices-vs-BLD-ST-Stair  Navisworks has this test marked Old.
16:31:08.178  +0662.053s  CLASH    OLD      BLD-EL-Telephone Devices-vs-BLD-ME-Ducts&Duct Fittings  Navisworks has this test marked Old.
16:31:08.198  +0662.072s  CLASH    OLD      BLD-EL-Telephone Devices-vs-BLD-ME-Duct Accessory  Navisworks has this test marked Old.
16:31:08.214  +0662.089s  CLASH    OLD      BLD-EL-Telephone Devices-vs-BLD-ME-Mechanical Equipment  Navisworks has this test marked Old.
16:31:08.228  +0662.103s  CLASH    OLD      BLD-EL-Telephone Devices-vs-BLD-ME-Flex Ducts  Navisworks has this test marked Old.
16:31:08.245  +0662.119s  CLASH    OLD      BLD-EL-Telephone Devices-vs-BLD-ME-Air Terminals  Navisworks has this test marked Old.
16:31:08.262  +0662.138s  CLASH    OLD      BLD-EL-Telephone Devices-vs-BLD-ME-Pipes&Pipe Fittings  Navisworks has this test marked Old.
16:31:08.277  +0662.152s  CLASH    OLD      BLD-EL-Telephone Devices-vs-BLD-ME-Pipe Accessories  Navisworks has this test marked Old.
16:31:08.292  +0662.167s  CLASH    OLD      BLD-EL-Telephone Devices-vs-BLD-ME-Plumbing Fixtures  Navisworks has this test marked Old.
16:31:08.310  +0662.185s  CLASH    OLD      BLD-EL-Telephone Devices-vs-BLD-ME-Flex Pipes  Navisworks has this test marked Old.
16:31:08.333  +0662.208s  CLASH    OLD      BLD-EL-Telephone Devices-vs-BLD-FF-Mechanical Equipment  Navisworks has this test marked Old.
16:31:08.352  +0662.226s  CLASH    OLD      BLD-EL-Telephone Devices-vs-BLD-FF-Pipes & Pipe Fittings  Navisworks has this test marked Old.
16:31:08.367  +0662.242s  CLASH    OLD      BLD-EL-Telephone Devices-vs-BLD-FF-Pipe Accessories  Navisworks has this test marked Old.
16:31:08.380  +0662.255s  CLASH    OLD      BLD-EL-Telephone Devices-vs-BLD-FF-Pipe Insulations  Navisworks has this test marked Old.
16:31:08.394  +0662.269s  CLASH    OLD      BLD-EL-Telephone Devices-vs-BLD-FF-Plumbing Fixtures  Navisworks has this test marked Old.
16:31:08.410  +0662.284s  CLASH    OLD      BLD-EL-Telephone Devices-vs-BLD-FF-Sprinklers  Navisworks has this test marked Old.
16:31:08.430  +0662.305s  CLASH    OLD      BLD-EL-Telephone Devices-vs-BLD-PL-Mechanical Equipment  Navisworks has this test marked Old.
16:31:08.463  +0662.338s  CLASH    OLD      BLD-EL-Telephone Devices-vs-BLD-PL-Pipes & Pipe Fittings  Navisworks has this test marked Old.
16:31:08.580  +0662.454s  CLASH    OLD      BLD-EL-Telephone Devices-vs-BLD-PL-Pipe Accessories  Navisworks has this test marked Old.
16:31:08.632  +0662.506s  CLASH    OLD      BLD-EL-Telephone Devices-vs-BLD-PL-Pipe Insulations  Navisworks has this test marked Old.
16:31:08.695  +0662.570s  CLASH    OLD      BLD-EL-Telephone Devices-vs-BLD-PL-Plumbing Fixtures  Navisworks has this test marked Old.
16:31:08.725  +0662.600s  CLASH    OLD      BLD-EL-Telephone Devices-vs-BLD-DR-Mechanical Equipment  Navisworks has this test marked Old.
16:31:08.756  +0662.631s  CLASH    OLD      BLD-EL-Telephone Devices-vs-BLD-DR-Pipes & Pipe Fittings  Navisworks has this test marked Old.
16:31:08.790  +0662.665s  CLASH    OLD      BLD-EL-Telephone Devices-vs-BLD-DR-Pipe Insulations  Navisworks has this test marked Old.
16:31:08.842  +0662.722s  CLASH    OLD      BLD-EL-Telephone Devices-vs-BLD-DR-Plumbing Fixtures  Navisworks has this test marked Old.
16:31:09.002  +0662.876s  CLASH    1700 of 1770 tests, 190 run, 1569 skipped, 522 clashes so far
16:31:09.060  +0662.935s  CLASH    OLD      BLD-EL-Telephone Devices-vs-BLD-EL-Cable Tray&Cable Tray Fittings  Navisworks has this test marked Old.
16:31:09.111  +0662.986s  CLASH    OLD      BLD-EL-Telephone Devices-vs-BLD-EL-Electrical Equipment  Navisworks has this test marked Old.
16:31:09.149  +0663.024s  CLASH    OLD      BLD-EL-Telephone Devices-vs-BLD-EL-Electrical Fixtures  Navisworks has this test marked Old.
16:31:09.176  +0663.051s  CLASH    OLD      BLD-EL-Telephone Devices-vs-BLD-EL-Conduits & Conduit Fittings  Navisworks has this test marked Old.
16:31:09.208  +0663.083s  CLASH    OLD      BLD-EL-Telephone Devices-vs-BLD-EL-Devices  Navisworks has this test marked Old.
16:31:09.258  +0663.133s  CLASH    OLD      BLD-EL-Telephone Devices-vs-BLD-EL-Lighting Fixtures  Navisworks has this test marked Old.
16:31:09.279  +0663.154s  CLASH    OLD      BLD-EL-Telephone Devices-vs-BLD-EL-Lighting Devices  Navisworks has this test marked Old.
16:31:09.307  +0663.181s  CLASH    OLD      BLD-EL-Telephone Devices-vs-BLD-EL-Fire Alarm Devices  Navisworks has this test marked Old.
16:31:09.370  +0663.245s  CLASH    OLD      BLD-EL-Telephone Devices-vs-BLD-EL-Telecom Equipment  Navisworks has this test marked Old.
16:31:09.414  +0663.289s  CLASH    OLD      BLD-EL-Telephone Devices-vs-BLD-EL-Telecom Fixtures  Navisworks has this test marked Old.
16:31:09.426  +0663.301s  CLASH    OLD      BLD-EL-Telephone Devices-vs-BLD-Security Devices  Navisworks has this test marked Old.
16:31:09.439  +0663.314s  CLASH    OLD      BLD-EL-Telephone Devices-vs-BLD-EL-Communication Devices  Navisworks has this test marked Old.
16:31:09.454  +0663.329s  CLASH    OLD      BLD-EL-Data Devices-vs-BLD-AR-Floors  Navisworks has this test marked Old.
16:31:12.040  +0665.915s  CLASH    OLD      BLD-EL-Data Devices-vs-BLD-AR-Stairs  Navisworks has this test marked Old.
16:31:12.063  +0665.938s  CLASH    OLD      BLD-EL-Data Devices-vs-BLD-AR-Ramps  Navisworks has this test marked Old.
16:31:12.107  +0665.982s  CLASH    OLD      BLD-EL-Data Devices-vs-BLD-AR-Roofs  Navisworks has this test marked Old.
16:31:12.136  +0666.010s  CLASH    OLD      BLD-EL-Data Devices-vs-BLD-AR-Ceilings  Navisworks has this test marked Old.
16:31:12.161  +0666.035s  CLASH    OLD      BLD-EL-Data Devices-vs-BLD-AR-Columns  Navisworks has this test marked Old.
16:31:12.183  +0666.058s  CLASH    OLD      BLD-EL-Data Devices-vs-BLD-AR-Walls  Navisworks has this test marked Old.
16:31:15.334  +0669.209s  CLASH    OLD      BLD-EL-Data Devices-vs-BLD-AR-Windows  Navisworks has this test marked Old.
16:31:15.345  +0669.219s  CLASH    OLD      BLD-EL-Data Devices-vs-BLD-AR-Curtain Panels  Navisworks has this test marked Old.
16:31:15.356  +0669.231s  CLASH    OLD      BLD-EL-Data Devices-vs-BLD-AR-Curtain Mullions  Navisworks has this test marked Old.
16:31:15.365  +0669.240s  CLASH    OLD      BLD-EL-Data Devices-vs-BLD-AR-Doors  Navisworks has this test marked Old.
16:31:17.914  +0671.789s  CLASH    OLD      BLD-EL-Data Devices-vs-BLD-AR-Casework  Navisworks has this test marked Old.
16:31:17.977  +0671.852s  CLASH    OLD      BLD-EL-Data Devices-vs-BLD-AR-Furniture  Navisworks has this test marked Old.
16:31:18.099  +0671.974s  CLASH    1725 of 1770 tests, 193 run, 1591 skipped, 526 clashes so far
16:31:18.144  +0672.019s  CLASH    OLD      BLD-EL-Data Devices-vs-BLD-AR-Parking  Navisworks has this test marked Old.
16:31:18.196  +0672.071s  CLASH    OLD      BLD-EL-Data Devices-vs-BLD-AR-Railings  Navisworks has this test marked Old.
16:31:18.238  +0672.113s  CLASH    OLD      BLD-EL-Data Devices-vs-BLD-AR-Site  Navisworks has this test marked Old.
16:31:18.261  +0672.136s  CLASH    OLD      BLD-EL-Data Devices-vs-BLD-ST-Foundation  Navisworks has this test marked Old.
16:31:21.343  +0675.218s  CLASH    OLD      BLD-EL-Data Devices-vs-BLD-ST-Columns  Navisworks has this test marked Old.
16:31:24.080  +0677.955s  CLASH    OLD      BLD-EL-Data Devices-vs-BLD-ST-Framing  Navisworks has this test marked Old.
16:31:26.882  +0680.756s  CLASH    OLD      BLD-EL-Data Devices-vs-BLD-ST-Walls  Navisworks has this test marked Old.
16:31:29.523  +0683.398s  CLASH    OLD      BLD-EL-Data Devices-vs-BLD-ST-Floors  Navisworks has this test marked Old.
16:31:32.440  +0686.314s  CLASH    OLD      BLD-EL-Data Devices-vs-BLD-ST-Stair  Navisworks has this test marked Old.
16:31:32.477  +0686.352s  CLASH    OLD      BLD-EL-Data Devices-vs-BLD-ME-Ducts&Duct Fittings  Navisworks has this test marked Old.
16:31:32.505  +0686.380s  CLASH    OLD      BLD-EL-Data Devices-vs-BLD-ME-Duct Accessory  Navisworks has this test marked Old.
16:31:32.527  +0686.403s  CLASH    OLD      BLD-EL-Data Devices-vs-BLD-ME-Mechanical Equipment  Navisworks has this test marked Old.
16:31:32.547  +0686.421s  CLASH    OLD      BLD-EL-Data Devices-vs-BLD-ME-Flex Ducts  Navisworks has this test marked Old.
16:31:32.598  +0686.473s  CLASH    OLD      BLD-EL-Data Devices-vs-BLD-ME-Air Terminals  Navisworks has this test marked Old.
16:31:32.645  +0686.520s  CLASH    OLD      BLD-EL-Data Devices-vs-BLD-ME-Pipes&Pipe Fittings  Navisworks has this test marked Old.
16:31:32.784  +0686.658s  CLASH    OLD      BLD-EL-Data Devices-vs-BLD-ME-Pipe Accessories  Navisworks has this test marked Old.
16:31:32.900  +0686.774s  CLASH    OLD      BLD-EL-Data Devices-vs-BLD-ME-Plumbing Fixtures  Navisworks has this test marked Old.
16:31:32.944  +0686.819s  CLASH    OLD      BLD-EL-Data Devices-vs-BLD-ME-Flex Pipes  Navisworks has this test marked Old.
16:31:32.977  +0686.852s  CLASH    OLD      BLD-EL-Data Devices-vs-BLD-FF-Mechanical Equipment  Navisworks has this test marked Old.
16:31:33.022  +0686.896s  CLASH    OLD      BLD-EL-Data Devices-vs-BLD-FF-Pipes & Pipe Fittings  Navisworks has this test marked Old.
16:31:33.038  +0686.912s  CLASH    OLD      BLD-EL-Data Devices-vs-BLD-FF-Pipe Accessories  Navisworks has this test marked Old.
16:31:33.075  +0686.950s  CLASH    OLD      BLD-EL-Data Devices-vs-BLD-FF-Pipe Insulations  Navisworks has this test marked Old.
16:31:33.166  +0687.041s  CLASH    OLD      BLD-EL-Data Devices-vs-BLD-FF-Plumbing Fixtures  Navisworks has this test marked Old.
16:31:33.214  +0687.089s  CLASH    OLD      BLD-EL-Data Devices-vs-BLD-FF-Sprinklers  Navisworks has this test marked Old.
16:31:33.226  +0687.101s  CLASH    OLD      BLD-EL-Data Devices-vs-BLD-PL-Mechanical Equipment  Navisworks has this test marked Old.
16:31:33.258  +0687.132s  CLASH    1750 of 1770 tests, 198 run, 1611 skipped, 526 clashes so far
16:31:33.287  +0687.162s  CLASH    OLD      BLD-EL-Data Devices-vs-BLD-PL-Pipes & Pipe Fittings  Navisworks has this test marked Old.
16:31:33.310  +0687.184s  CLASH    OLD      BLD-EL-Data Devices-vs-BLD-PL-Pipe Accessories  Navisworks has this test marked Old.
16:31:33.346  +0687.220s  CLASH    OLD      BLD-EL-Data Devices-vs-BLD-PL-Pipe Insulations  Navisworks has this test marked Old.
16:31:33.388  +0687.263s  CLASH    OLD      BLD-EL-Data Devices-vs-BLD-PL-Plumbing Fixtures  Navisworks has this test marked Old.
16:31:33.402  +0687.276s  CLASH    OLD      BLD-EL-Data Devices-vs-BLD-DR-Mechanical Equipment  Navisworks has this test marked Old.
16:31:33.417  +0687.291s  CLASH    OLD      BLD-EL-Data Devices-vs-BLD-DR-Pipes & Pipe Fittings  Navisworks has this test marked Old.
16:31:36.227  +0690.102s  CLASH    OLD      BLD-EL-Data Devices-vs-BLD-DR-Pipe Insulations  Navisworks has this test marked Old.
16:31:36.268  +0690.143s  CLASH    OLD      BLD-EL-Data Devices-vs-BLD-DR-Plumbing Fixtures  Navisworks has this test marked Old.
16:31:39.214  +0693.088s  CLASH    OLD      BLD-EL-Data Devices-vs-BLD-EL-Cable Tray&Cable Tray Fittings  Navisworks has this test marked Old.
16:31:42.337  +0696.212s  CLASH    OLD      BLD-EL-Data Devices-vs-BLD-EL-Electrical Equipment  Navisworks has this test marked Old.
16:31:45.348  +0699.223s  CLASH    OLD      BLD-EL-Data Devices-vs-BLD-EL-Electrical Fixtures  Navisworks has this test marked Old.
16:31:48.324  +0702.198s  CLASH    OLD      BLD-EL-Data Devices-vs-BLD-EL-Conduits & Conduit Fittings  Navisworks has this test marked Old.
16:31:51.259  +0705.134s  CLASH    OLD      BLD-EL-Data Devices-vs-BLD-EL-Devices  Navisworks has this test marked Old.
16:31:54.358  +0708.233s  CLASH    OLD      BLD-EL-Data Devices-vs-BLD-EL-Lighting Fixtures  Navisworks has this test marked Old.
16:31:57.454  +0711.329s  CLASH    OLD      BLD-EL-Data Devices-vs-BLD-EL-Lighting Devices  Navisworks has this test marked Old.
16:32:00.835  +0714.709s  CLASH    OLD      BLD-EL-Data Devices-vs-BLD-EL-Fire Alarm Devices  Navisworks has this test marked Old.
16:32:04.443  +0718.317s  CLASH    OLD      BLD-EL-Data Devices-vs-BLD-EL-Telecom Equipment  Navisworks has this test marked Old.
16:32:04.515  +0718.390s  CLASH    OLD      BLD-EL-Data Devices-vs-BLD-EL-Telecom Fixtures  Navisworks has this test marked Old.
16:32:04.569  +0718.444s  CLASH    OLD      BLD-EL-Data Devices-vs-BLD-Security Devices  Navisworks has this test marked Old.
16:32:07.659  +0721.534s  CLASH    OLD      BLD-EL-Data Devices-vs-BLD-EL-Communication Devices  Navisworks has this test marked Old.
16:32:10.697  +0724.571s  CLASH    1770 of 1770 tests, 210 run, 1619 skipped, 526 clashes so far
16:32:10.742  +0724.617s  CLASH    OLD      BLD-EL-Data Devices-vs-BLD-EL-Telephone Devices  Navisworks has this test marked Old.
16:32:10.801  +0724.676s  TOLERANCE 25 mm chosen in the tool, so it beats both the XML and the document. Set on 1770 tests, 0 created fresh and 1770 already in the document. 25 mm is 0.082021 ft in this document

================================================================
DRIFT C:\00-NM\Federation Task\C02 + 04\C02\NWF\1104-PAR-1A02MM-ZZZ-BM-MOD-000001.nwf  (4 models loaded)
================================================================
16:32:11.124  +0724.998s  1770 tests were already in the document and were compared against the file.
16:32:11.172  +0725.046s  Nothing has drifted. Every one of them matches the file.
16:32:11.215  +0725.090s  CLASH    96 clashes are Resolved and stay in the file, counting, until they are compacted. Compacting is off, so nothing was removed.
16:32:11.250  +0725.125s  PRIORITY 1830 in the file, 1830 tests in this run, 1830 matched, 0 not named by the file

================================================================
PRIORITY 1A02MM
================================================================
16:32:11.456  +0725.330s  PRIORITY clashes by priority, 526 in all
16:32:11.496  +0725.371s           A           : 379
16:32:11.553  +0725.427s           B           : 51
16:32:11.606  +0725.480s           C           : 96
16:32:11.640  +0725.515s           No priority : 0

================================================================
CLASH 1A02MM
================================================================
16:32:12.005  +0725.880s  clashes BLD-AR-Doors-vs-BLD-AR-Walls  items 6 v 75  Reviewed 9, Resolved 4  2.1s
16:32:12.031  +0725.906s  clashes BLD-ST-Columns-vs-BLD-AR-Floors  items 9 v 4  Reviewed 9, Resolved 3  2.2s
16:32:12.081  +0725.955s  clashes BLD-ST-Columns-vs-BLD-ST-Foundation  items 9 v 11  Reviewed 9  2.2s
16:32:12.183  +0726.058s  clashes BLD-ST-Framing-vs-BLD-AR-Walls  items 26 v 75  Reviewed 65  2.1s
16:32:12.263  +0726.137s  clashes BLD-ST-Framing-vs-BLD-ST-Columns  items 26 v 9  Reviewed 1  2.3s
16:32:12.309  +0726.183s  clashes BLD-ST-Walls-vs-BLD-AR-Walls  items 4 v 75  Reviewed 8  2.4s
16:32:12.345  +0726.219s  clashes BLD-ST-Floors-vs-BLD-AR-Walls  items 2 v 75  Reviewed 38  2.0s
16:32:12.423  +0726.298s  clashes BLD-ST-Floors-vs-BLD-ST-Columns  items 2 v 9  Resolved 9  2.2s
16:32:12.485  +0726.359s  clashes BLD-DR-Pipes & Pipe Fittings-vs-BLD-AR-Floors  items 33 v 4  Active 5, Reviewed 1  2.1s
16:32:12.514  +0726.388s  clashes BLD-DR-Pipes & Pipe Fittings-vs-BLD-AR-Walls  items 33 v 75  Active 7  1.9s
16:32:12.564  +0726.438s  clashes BLD-DR-Pipes & Pipe Fittings-vs-BLD-ST-Framing  items 33 v 26  Active 6  1.8s
16:32:12.643  +0726.518s  clashes BLD-DR-Pipes & Pipe Fittings-vs-BLD-ST-Floors  items 33 v 2  Active 1  1.9s
16:32:12.710  +0726.585s  clashes BLD-DR-Plumbing Fixtures-vs-BLD-AR-Floors  items 3 v 4  Active 2  1.7s
16:32:12.871  +0726.745s  clashes BLD-DR-Plumbing Fixtures-vs-BLD-DR-Pipes & Pipe Fittings  items 3 v 33  Reviewed 2  1.9s
16:32:12.925  +0726.800s  clashes BLD-EL-Cable Tray&Cable Tray Fittings-vs-BLD-AR-Floors  items 39 v 4  Active 3, Reviewed 1, Resolved 3  1.9s
16:32:12.971  +0726.845s  clashes BLD-EL-Cable Tray&Cable Tray Fittings-vs-BLD-AR-Walls  items 39 v 75  Active 15, Resolved 8  1.7s
16:32:13.042  +0726.917s  clashes BLD-EL-Cable Tray&Cable Tray Fittings-vs-BLD-ST-Framing  items 39 v 26  Active 2  1.9s
16:32:13.158  +0727.034s  clashes BLD-EL-Cable Tray&Cable Tray Fittings-vs-BLD-ST-Floors  items 39 v 2  Active 1, Resolved 2  1.7s
16:32:13.245  +0727.119s  clashes BLD-EL-Electrical Equipment-vs-BLD-AR-Floors  items 36 v 4  Active 27  1.8s
16:32:13.298  +0727.173s  clashes BLD-EL-Electrical Equipment-vs-BLD-AR-Walls  items 36 v 75  Active 8  1.7s
16:32:13.354  +0727.229s  clashes BLD-EL-Electrical Equipment-vs-BLD-ST-Framing  items 36 v 26  Active 1  1.8s
16:32:13.386  +0727.261s  clashes BLD-EL-Electrical Equipment-vs-BLD-ST-Floors  items 36 v 2  Active 15  2.0s
16:32:13.418  +0727.293s  clashes BLD-EL-Electrical Equipment-vs-BLD-EL-Cable Tray&Cable Tray Fittings  items 36 v 39  Resolved 1  1.7s
16:32:13.447  +0727.322s  clashes BLD-EL-Electrical Fixtures-vs-BLD-AR-Floors  items 31 v 4  Resolved 2  1.9s
16:32:13.492  +0727.367s  clashes BLD-EL-Electrical Fixtures-vs-BLD-AR-Walls  items 31 v 75  Active 19  1.7s
16:32:13.535  +0727.410s  clashes BLD-EL-Electrical Fixtures-vs-BLD-ST-Floors  items 31 v 2  Resolved 2  1.8s
16:32:13.601  +0727.476s  clashes BLD-EL-Electrical Fixtures-vs-BLD-EL-Cable Tray&Cable Tray Fittings  items 31 v 39  Resolved 2  1.7s
16:32:13.670  +0727.544s  clashes BLD-EL-Conduits & Conduit Fittings-vs-BLD-AR-Floors  items 86 v 4  Active 2, Reviewed 2  1.7s
16:32:13.704  +0727.579s  clashes BLD-EL-Conduits & Conduit Fittings-vs-BLD-AR-Walls  items 86 v 75  Active 18, Reviewed 12, Resolved 8  1.8s
16:32:13.741  +0727.615s  clashes BLD-EL-Conduits & Conduit Fittings-vs-BLD-ST-Foundation  items 86 v 11  Active 2  1.9s
16:32:13.791  +0727.665s  clashes BLD-EL-Conduits & Conduit Fittings-vs-BLD-ST-Columns  items 86 v 9  Active 8, Resolved 12  2.0s
16:32:13.837  +0727.711s  clashes BLD-EL-Conduits & Conduit Fittings-vs-BLD-ST-Framing  items 86 v 26  Active 24, Resolved 1  1.9s
16:32:13.891  +0727.766s  clashes BLD-EL-Conduits & Conduit Fittings-vs-BLD-ST-Walls  items 86 v 4  Reviewed 2  1.8s
16:32:13.928  +0727.802s  clashes BLD-EL-Conduits & Conduit Fittings-vs-BLD-ST-Floors  items 86 v 2  Reviewed 2, Resolved 10  1.9s
16:32:13.965  +0727.840s  clashes BLD-EL-Conduits & Conduit Fittings-vs-BLD-EL-Electrical Equipment  items 86 v 36  Reviewed 7, Resolved 1  1.8s
16:32:13.994  +0727.868s  clashes BLD-EL-Conduits & Conduit Fittings-vs-BLD-EL-Electrical Fixtures  items 86 v 31  Reviewed 1  1.8s
16:32:14.026  +0727.900s  clashes BLD-EL-Devices-vs-BLD-AR-Floors  items 31 v 4  Resolved 2  1.9s
16:32:14.058  +0727.932s  clashes BLD-EL-Devices-vs-BLD-AR-Walls  items 31 v 75  Active 19  1.8s
16:32:14.092  +0727.967s  clashes BLD-EL-Devices-vs-BLD-ST-Floors  items 31 v 2  Resolved 2  1.8s
16:32:14.180  +0728.055s  clashes BLD-EL-Devices-vs-BLD-EL-Cable Tray&Cable Tray Fittings  items 31 v 39  Resolved 2  1.8s
16:32:14.312  +0728.186s  clashes BLD-EL-Devices-vs-BLD-EL-Conduits & Conduit Fittings  items 31 v 86  Active 1  2.2s
16:32:14.393  +0728.268s  clashes BLD-EL-Lighting Fixtures-vs-BLD-AR-Walls  items 49 v 75  Active 5  2.7s
16:32:14.475  +0728.350s  clashes BLD-EL-Lighting Fixtures-vs-BLD-ST-Framing  items 49 v 26  Active 2  3.3s
16:32:14.602  +0728.477s  clashes BLD-EL-Lighting Fixtures-vs-BLD-ST-Floors  items 49 v 2  Active 18, Resolved 18  4.3s
16:32:14.677  +0728.552s  clashes BLD-EL-Lighting Devices-vs-BLD-AR-Walls  items 8 v 75  Active 16  2.5s
16:32:14.710  +0728.585s  clashes BLD-EL-Fire Alarm Devices-vs-BLD-AR-Walls  items 15 v 75  Active 6  2.3s
16:32:14.772  +0728.647s  clashes BLD-EL-Fire Alarm Devices-vs-BLD-AR-Doors  items 15 v 6  Active 1, Resolved 1  2.3s
16:32:14.854  +0728.728s  clashes BLD-EL-Fire Alarm Devices-vs-BLD-ST-Framing  items 15 v 26  Active 2  2.3s
16:32:15.021  +0728.895s  clashes BLD-EL-Fire Alarm Devices-vs-BLD-ST-Floors  items 15 v 2  Active 5  2.3s
16:32:15.073  +0728.949s  clashes BLD-Security Devices-vs-BLD-AR-Walls  items 38 v 75  Active 11  2.5s
16:32:15.110  +0728.985s  clashes BLD-Security Devices-vs-BLD-AR-Doors  items 38 v 6  Active 1  2.3s
16:32:15.144  +0729.019s  clashes BLD-Security Devices-vs-BLD-ST-Framing  items 38 v 26  Active 1  2.7s
16:32:15.177  +0729.052s  clashes BLD-Security Devices-vs-BLD-ST-Floors  items 38 v 2  Resolved 3  2.3s
16:32:15.235  +0729.109s  clashes BLD-Security Devices-vs-BLD-EL-Lighting Devices  items 38 v 8  Active 1  1.9s
16:32:15.325  +0729.199s  clashes BLD-Security Devices-vs-BLD-EL-Fire Alarm Devices  items 38 v 15  Active 2  1.9s
16:32:15.368  +0729.243s  clashes BLD-EL-Data Devices-vs-BLD-AR-Walls  items 4 v 75  Active 4  2.7s
16:32:15.405  +0729.279s  PASSED 154 tests, ran and found nothing
16:32:15.465  +0729.339s          passed  BLD-AR-Walls-vs-BLD-AR-Floors  items 75 v 4  none  2.2s
16:32:15.503  +0729.378s          passed  BLD-AR-Doors-vs-BLD-AR-Floors  items 6 v 4  none  2.1s
16:32:15.546  +0729.421s          passed  BLD-ST-Foundation-vs-BLD-AR-Floors  items 11 v 4  none  2.1s
16:32:15.596  +0729.471s          passed  BLD-ST-Foundation-vs-BLD-AR-Walls  items 11 v 75  none  2.0s
16:32:15.653  +0729.528s          passed  BLD-ST-Foundation-vs-BLD-AR-Doors  items 11 v 6  none  2.2s
16:32:15.721  +0729.596s          and 149 more that ran and found nothing, counted and not listed
16:32:15.765  +0729.640s  SKIPPED 1620 tests, a side finds nothing in this model
16:32:15.795  +0729.670s          BLD-DR-Pipe Accessories-vs-BLD-AR-Floors  the left side "lcop_selection_set_tree/Mechanical/Mechanical-Drainage/BLD-DR-Pipe Accessories" finds nothing in this model, the right finds 4
16:32:15.851  +0729.726s          BLD-DR-Pipe Accessories-vs-BLD-AR-Stairs  both sides find nothing in this model, left "lcop_selection_set_tree/Mechanical/Mechanical-Drainage/BLD-DR-Pipe Accessories" and right "lcop_selection_set_tree/Architecture/BLD-AR-Stairs"
16:32:15.923  +0729.798s          BLD-DR-Pipe Accessories-vs-BLD-AR-Ramps  both sides find nothing in this model, left "lcop_selection_set_tree/Mechanical/Mechanical-Drainage/BLD-DR-Pipe Accessories" and right "lcop_selection_set_tree/Architecture/BLD-AR-Ramps"
16:32:16.030  +0729.905s          BLD-DR-Pipe Accessories-vs-BLD-AR-Roofs  both sides find nothing in this model, left "lcop_selection_set_tree/Mechanical/Mechanical-Drainage/BLD-DR-Pipe Accessories" and right "lcop_selection_set_tree/Architecture/BLD-AR-Roofs"
16:32:16.098  +0729.973s          BLD-DR-Pipe Accessories-vs-BLD-AR-Ceilings  both sides find nothing in this model, left "lcop_selection_set_tree/Mechanical/Mechanical-Drainage/BLD-DR-Pipe Accessories" and right "lcop_selection_set_tree/Architecture/BLD-AR-Ceilings"
16:32:16.179  +0730.053s          and 1615 more skipped for the same reason, counted and not listed
16:32:16.219  +0730.094s  
16:32:16.265  +0730.140s  ran against       : C:\00-NM\Federation Task\C02 + 04\C02\NWF\1104-PAR-1A02MM-ZZZ-BM-MOD-000001.nwf  (4 models loaded)
16:32:16.294  +0730.169s  tests in the file : 1830
16:32:16.334  +0730.210s  tests created     : 0
16:32:16.379  +0730.254s  already there     : 1770, left alone with their results
16:32:16.412  +0730.287s  tests skipped     : 1620, not run and not passed
16:32:16.440  +0730.315s       1620  a side finds nothing in this model
16:32:16.486  +0730.361s  tests run         : 210
16:32:16.532  +0730.406s      passed        : 154, ran and found nothing
16:32:16.555  +0730.429s      with clashes  : 56
16:32:16.598  +0730.473s  clashes found     : 526
16:32:16.640  +0730.514s      New       : 0
16:32:16.724  +0730.598s      Active    : 261
16:32:16.763  +0730.638s      Reviewed  : 169
16:32:16.796  +0730.671s      Approved  : 0
16:32:16.829  +0730.704s      Resolved  : 96
16:32:16.861  +0730.735s  clash step took   : 530.6 seconds

================================================================
PENETRATION 1A02MM
================================================================
16:32:17.016  +0730.891s  REVIEWED Clash4  in BLD-DR-Pipes & Pipe Fittings-vs-BLD-AR-Floors  Pipe Fittings 32mm through Floors
16:32:17.065  +0730.939s  REVIEWED Clash4  in BLD-EL-Cable Tray&Cable Tray Fittings-vs-BLD-AR-Floors  Cable Tray Fittings 150mm through Floors
16:32:17.113  +0730.988s  REVIEWED Clash3  in BLD-EL-Conduits & Conduit Fittings-vs-BLD-AR-Floors  Conduits 53mm through Floors
16:32:17.175  +0731.050s  REVIEWED Clash4  in BLD-EL-Conduits & Conduit Fittings-vs-BLD-AR-Floors  Conduits 53mm through Floors
16:32:17.242  +0731.116s  REVIEWED Clash17  in BLD-EL-Conduits & Conduit Fittings-vs-BLD-AR-Walls  Conduits 53mm through Walls
16:32:17.342  +0731.216s  REVIEWED Clash18  in BLD-EL-Conduits & Conduit Fittings-vs-BLD-AR-Walls  Conduits 53mm through Walls
16:32:17.411  +0731.285s  REVIEWED Clash21  in BLD-EL-Conduits & Conduit Fittings-vs-BLD-AR-Walls  Conduits 53mm through Walls
16:32:17.483  +0731.357s  REVIEWED Clash30  in BLD-EL-Conduits & Conduit Fittings-vs-BLD-AR-Walls  Conduits 53mm through Walls
16:32:17.539  +0731.413s  REVIEWED Clash31  in BLD-EL-Conduits & Conduit Fittings-vs-BLD-AR-Walls  Conduits 53mm through Walls
16:32:17.574  +0731.448s  REVIEWED Clash32  in BLD-EL-Conduits & Conduit Fittings-vs-BLD-AR-Walls  Conduits 53mm through Walls
16:32:17.603  +0731.478s  REVIEWED Clash33  in BLD-EL-Conduits & Conduit Fittings-vs-BLD-AR-Walls  Conduits 53mm through Walls
16:32:17.644  +0731.518s  REVIEWED Clash34  in BLD-EL-Conduits & Conduit Fittings-vs-BLD-AR-Walls  Conduits 53mm through Walls
16:32:17.677  +0731.552s  REVIEWED Clash35  in BLD-EL-Conduits & Conduit Fittings-vs-BLD-AR-Walls  Conduits 53mm through Walls
16:32:17.721  +0731.596s  REVIEWED Clash36  in BLD-EL-Conduits & Conduit Fittings-vs-BLD-AR-Walls  Conduits 53mm through Walls
16:32:17.760  +0731.634s  REVIEWED Clash37  in BLD-EL-Conduits & Conduit Fittings-vs-BLD-AR-Walls  Conduits 53mm through Walls
16:32:17.821  +0731.696s  REVIEWED Clash38  in BLD-EL-Conduits & Conduit Fittings-vs-BLD-AR-Walls  Conduits 53mm through Walls
16:32:17.931  +0731.806s  REVIEWED Clash1  in BLD-EL-Conduits & Conduit Fittings-vs-BLD-ST-Walls  Conduits 53mm through Walls
16:32:18.038  +0731.912s  REVIEWED Clash2  in BLD-EL-Conduits & Conduit Fittings-vs-BLD-ST-Walls  Conduits 53mm through Walls
16:32:18.118  +0731.992s  REVIEWED Clash11  in BLD-EL-Conduits & Conduit Fittings-vs-BLD-ST-Floors  Conduits 53mm through Floors
16:32:18.200  +0732.075s  REVIEWED Clash12  in BLD-EL-Conduits & Conduit Fittings-vs-BLD-ST-Floors  Conduits 53mm through Floors
16:32:18.311  +0732.185s  
16:32:18.384  +0732.259s  clashes looked at : 526
16:32:18.418  +0732.293s  moved to Reviewed : 20
16:32:18.468  +0732.342s         54  the service is over the size, left alone
16:32:18.536  +0732.411s          0  no size could be read off the service, left alone
16:32:18.599  +0732.473s          0  a person had already set it, left alone
16:32:18.664  +0732.538s          0  both sides a service, left alone
16:32:18.744  +0732.618s         46  both sides a solid, left alone
16:32:18.814  +0732.689s        406  not a service against a solid, left alone
16:32:18.853  +0732.728s  the size in use   : 150mm or under is a penetration, over it stays as it was

================================================================
BY DESIGN 1A02MM
================================================================
16:32:19.192  +0733.068s  
16:32:19.225  +0733.099s  clashes looked at : 526
16:32:19.264  +0733.139s  moved to Reviewed : 0
16:32:19.295  +0733.170s        359  the two sets are not a pair in the file
16:32:19.331  +0733.205s        167  already Reviewed, Approved or Resolved, so somebody decided and it stands
16:32:19.379  +0733.254s          0  the penetration rule already asked for this one, so it moved there
16:32:19.408  +0733.283s          0  a side of the test named no set, so there was no pair to look for
16:32:19.474  +0733.349s  Nothing moved. Every clash is exactly as it was.

================================================================
ITEM IDS 1A02MM
================================================================
16:32:19.827  +0733.702s  Id supplied 860 item ids of 1052, written as "Element ID"
16:32:19.853  +0733.728s  no id property supplied 192 item ids of 1052, written as "Element ID"
16:32:19.894  +0733.769s  192 item ids are missing, counted on the rows this report holds: 0 on results this run found, 192 on results carried over from an earlier run, 0 on rows carrying no date at all, which is UNKNOWN and not carried over
16:32:24.203  +0738.077s  IMAGES   numbered in report order: 428 renamed, 2 already right, 0 missing
16:32:24.231  +0738.106s  IMAGES   430 written, 15.92 MB, 15.1 seconds in total.
16:32:24.265  +0738.140s           0.035 seconds each on average, quickest 0.021, slowest 0.122.
16:32:24.302  +0738.177s           38 KB each on average.
16:32:24.323  +0738.198s           96 passed over on status, 0 on the cap.
16:32:24.354  +0738.229s  CLASH    1A02MM finished. 0 created, 1770 already there, 210 run, 154 passed, 1620 skipped, 526 clashes in 530.6s.
16:32:24.376  +0738.252s  STEP     VIEWS         started
16:32:24.481  +0738.356s  CENSUS   before VIEWS  models 4  sets 62  tests 1830  results 526  views 500
16:32:48.983  +0762.859s  VIEWS    the model each clash item lives in was read for 430 of 430 clash(es) in scope
16:32:49.002  +0762.877s  VIEWS    both clashing items were pointed at for 430 of 430 clash(es) in scope
16:33:40.227  +0814.101s  VIEWS    read back on 9 created viewpoint(s): each sits within 0.001 units of its clash camera, and the items each one hides and dims were counted off it and not trusted
16:33:40.259  +0814.134s  VIEWS    the step's seconds went: 0.156s looking whether each was already there, 0.051s dimming, 49.823s recording, 0.382s reading back
16:33:40.275  +0814.150s  VIEWS    dimmed to 0.85 with the two clashing items left solid: 9 viewpoint(s)
16:33:40.287  +0814.162s  VIEWS    the two clashing items painted (1, 0, 0) and (0, 1, 0), read back on what each viewpoint will show: 9 viewpoint(s)
16:33:40.306  +0814.181s  VIEWS    the dimming was taken off the models this tool dimmed, so the document is back to its own appearance
16:33:40.325  +0814.199s  VIEWS    hidden state put back: nothing was hidden before the viewpoints and nothing is hidden now
16:33:40.351  +0814.225s  CENSUS   after  VIEWS  models 4  sets 62  tests 1830  results 526  views 509
16:33:40.366  +0814.241s  STEP     VIEWS         finished 75.963s  9 created, 371 already there.

================================================================
VIEWS 1A02MM
================================================================
16:33:40.425  +0814.299s  clashes looked at : 526
16:33:40.431  +0814.305s  viewpoints planned: 380
16:33:40.437  +0814.312s         96  Approved or Resolved, so nobody is looking at it
16:33:40.443  +0814.318s         50  a service at or under the threshold, which is a penetration and not a coordination item
16:33:40.450  +0814.325s  size could not be read : 0, every one of them is in its pair folder and none was dropped
16:33:40.461  +0814.335s  a set name with no code this tool knows : 16, every one of them is in a folder saying UNKNOWN and none was guessed at

================================================================
VIEWS BUILT 1A02MM
================================================================
16:33:40.657  +0814.532s  VIEW     B/AR vs AR/BLD-AR-Doors-vs-BLD-AR-Walls  Clash5  already there, left alone, not made again
16:33:41.085  +0814.960s  VIEW     B/AR vs AR/BLD-AR-Doors-vs-BLD-AR-Walls  Clash6  already there, left alone, not made again
16:33:41.100  +0814.975s  VIEW     B/AR vs AR/BLD-AR-Doors-vs-BLD-AR-Walls  Clash7  already there, left alone, not made again
16:33:41.119  +0814.993s  VIEW     B/AR vs AR/BLD-AR-Doors-vs-BLD-AR-Walls  Clash8  already there, left alone, not made again
16:33:41.145  +0815.020s  VIEW     B/AR vs AR/BLD-AR-Doors-vs-BLD-AR-Walls  Clash9  already there, left alone, not made again
16:33:41.161  +0815.036s  VIEW     and 375 more created or already there, counted and not listed
16:33:41.173  +0815.048s  
16:33:41.188  +0815.063s  views created     : 9
16:33:41.206  +0815.081s  already there     : 371, left alone, not made again
16:33:41.223  +0815.098s  put into the document: 9 created, 371 already there and left alone
16:33:41.229  +0815.104s  STEP     NWF SAVE      started
16:33:41.241  +0815.115s  CENSUS   before NWF SAVE  models 4  sets 62  tests 1830  results 526  views 509
16:33:41.329  +0815.203s  NWF      attempt  C:\00-NM\Federation Task\C02 + 04\C02\NWF\1104-PAR-1A02MM-ZZZ-BM-MOD-000001.nwf
16:33:43.791  +0817.666s  NWF      written  C:\00-NM\Federation Task\C02 + 04\C02\NWF\1104-PAR-1A02MM-ZZZ-BM-MOD-000001.nwf  24,835,774 bytes
16:33:43.817  +0817.691s  CENSUS   after  NWF SAVE  models 4  sets 62  tests 1830  results 526  views 509
16:33:43.834  +0817.709s  STEP     NWF SAVE      finished 2.578s  saved 24835774 bytes
16:33:43.845  +0817.720s  UNITS    every number converted from ft to m, one ft is 0.3048 m, 1830 tests and 526 rows. The report is written in Meters (m)
16:33:43.857  +0817.732s  STEP     WORKBOOK      started
16:33:43.880  +0817.755s  CENSUS   before WORKBOOK  models 4  sets 62  tests 1830  results 526  views 509
16:33:43.940  +0817.814s  XLSX     attempt  C:\00-NM\Federation Task\C02 + 04\C02\Clash Report\1104-PAR-1A02MM-ZZZ-BM-MOD-000001.xlsx
16:34:05.193  +0839.067s  XLSX     written  C:\00-NM\Federation Task\C02 + 04\C02\Clash Report\1104-PAR-1A02MM-ZZZ-BM-MOD-000001.xlsx  546,304 bytes

================================================================
WORKBOOK CHECK 1A02MM
================================================================
16:34:07.480  +0841.355s  CHECK    1 sheet, "1104-PAR-1A02MM-ZZZ-BM-MOD-0000", 1830 test blocks, 526 clash rows.
16:34:07.491  +0841.367s           the first blocks hold 0, 0, 0, 0, 0, 0, 0, 0 and so on.
16:34:07.504  +0841.379s           Every column, value shape, fill, border, row height and column width matches the client's report, and the blocks are in their order.
16:34:07.515  +0841.390s           Not compared: the font, the sheet name, freeze panes, print setup, merged ranges, and whether a value is true. See docs\history\scan.md 4q.
16:34:07.529  +0841.403s           The client column set was read from clash_report_html_tabular.xsl in the Navisworks install and from the exports in samples\client-report, never from a list typed into this tool.
16:34:07.540  +0841.415s  BLOCKS   1830 in the workbook, one for every test in the file
16:34:07.582  +0841.456s  CENSUS   after  WORKBOOK  models 4  sets 62  tests 1830  results 526  views 509
16:34:07.620  +0841.495s  STEP     WORKBOOK      finished 23.709s  wrote 546304 bytes
16:34:07.632  +0841.507s  STEP     HTML          started
16:34:07.680  +0841.554s  CENSUS   before HTML  models 4  sets 62  tests 1830  results 526  views 509
16:34:07.738  +0841.613s  HTML     attempt  C:\00-NM\Federation Task\C02 + 04\C02\Clash Report\1104-PAR-1A02MM-ZZZ-BM-MOD-000001.html
16:34:07.754  +0841.629s  LOGO     C:\Program Files\Autodesk\Navisworks Manage 2025\Images\logo.jpg copied into C:\00-NM\Federation Task\C02 + 04\C02\Clash Report\1104-PAR-1A02MM-ZZZ-BM-MOD-000001_files
16:34:08.351  +0842.226s  HTML     written  C:\00-NM\Federation Task\C02 + 04\C02\Clash Report\1104-PAR-1A02MM-ZZZ-BM-MOD-000001.html  4,418,646 bytes

================================================================
REPORT CHECK 1A02MM
================================================================
16:34:09.022  +0842.897s  CHECK    526 clash rows on the page.
16:34:09.031  +0842.905s           Item ID filled on 430 of 526 for item 1 and 430 of 526 for item 2.
16:34:09.040  +0842.915s           the first one reads Element ID: 2356392
16:34:09.050  +0842.924s           no column the client's report does not have.
16:34:09.065  +0842.939s           the tolerance cell reads 0.025m
16:34:09.086  +0842.960s           430 picture references, 430 with a backslash, 430 on disk.
16:34:09.097  +0842.971s           the logo is 1104-PAR-1A02MM-ZZZ-BM-MOD-000001_files\logo.jpg and it is on disk.
16:34:09.107  +0842.981s           The tests are in the wrong order. Block 69 holds 0 clashes and block 70 holds 6. The client's report puts the most clashes first, so a reader is not scrolling past empty tests.
16:34:09.117  +0842.992s           The Item ID column is empty on some rows. Item 1 has one on 430 of 526 and item 2 on 430 of 526. The client's report has one on every row.
16:34:09.126  +0843.001s           The client column set was read from clash_report_html_tabular.xsl in the Navisworks install and from the exports in samples\client-report, never from a list typed into this tool.
16:34:09.175  +0843.050s  CENSUS   after  HTML  models 4  sets 62  tests 1830  results 526  views 509
16:34:09.188  +0843.063s  STEP     HTML          finished 1.534s  wrote 4418646 bytes
16:34:09.203  +0843.077s  XML      skipped  not wanted this run
16:34:09.222  +0843.097s  STEP     NWD           started
16:34:09.242  +0843.116s  CENSUS   before NWD  models 4  sets 62  tests 1830  results 526  views 509
16:34:09.292  +0843.166s  NWD      attempt  C:\00-NM\Federation Task\C02 + 04\C02\NWD\1104-PAR-1A02MM-ZZZ-BM-MOD-000001.nwd
16:34:09.301  +0843.176s  NWD      publish properties set: Title=1104-PAR-1A02MM-ZZZ-BM-MOD-000001, Publisher=Parsons NWC Federator, Subject=Federation of building 1A02MM, Author=bader, AllowResave=true, EmbedDatabaseProperties=true, PreventObjectPropertyExport=false
16:34:11.836  +0845.711s  NWD      written  C:\00-NM\Federation Task\C02 + 04\C02\NWD\1104-PAR-1A02MM-ZZZ-BM-MOD-000001.nwd  26,749,786 bytes
16:34:11.875  +0845.750s  CENSUS   after  NWD  models 4  sets 62  tests 1830  results 526  views 509
16:34:11.894  +0845.769s  STEP     NWD           finished 2.642s  published 26749786 bytes
16:34:11.909  +0845.783s  STEP     CONFIRM       started
16:34:11.947  +0845.821s  CENSUS   before CONFIRM  models 4  sets 62  tests 1830  results 526  views 509
16:34:11.992  +0845.866s  NWF      intact   C:\00-NM\Federation Task\C02 + 04\C02\NWF\1104-PAR-1A02MM-ZZZ-BM-MOD-000001.nwf  24,835,774 bytes, unchanged by publishing the NWD
16:34:12.013  +0845.888s  CENSUS   after  CONFIRM  models 4  sets 62  tests 1830  results 526  views 509
16:34:12.036  +0845.912s  STEP     CONFIRM       finished 0.094s  the NWF is 24835774 bytes

================================================================
GAP 1A02MM
================================================================
16:34:12.121  +0845.996s  4 numbers are measured off every item and reach no output. Nothing here is a fault and nothing acts on it
16:34:12.135  +0846.011s  Family              860 of 1,052 item cells carry it  it would belong in a workbook column of ours, which is Q25
16:34:12.147  +0846.022s  Type Name           860 of 1,052 item cells carry it  it would belong in a workbook column of ours, which is Q25
16:34:12.162  +0846.036s  Material            723 of 1,052 item cells carry it  it would belong in a workbook column of ours, which is Q25
16:34:12.186  +0846.061s  Id From             860 of 1,052 item cells carry it  the ITEM IDS block counts it per property and no output names it per item
16:34:12.284  +0846.158s  STEP     TESTS RUN     210 visits, 463.588s in total
16:34:12.299  +0846.173s  STEP     HARVEST       210 visits, 25.323s in total
16:34:12.317  +0846.192s  STEP     IMAGES        526 visits, 15.238s in total
16:34:12.361  +0846.235s  CENSUS   cost 0.272s over 24 counts in this group. That is inside the 1.000s a group is allowed
16:34:12.396  +0846.270s  GROUP    finished 1A02MM  FAILED  655.590s  Weekly run plus XML  1 model(s) were exported on Revit's internal origin and not on a shared site, which puts them in a different coordinate system from the rest of the group: ST  1104-PAR-1A02MM-ZZZ-ST-MOD-000001.nwc. Every output of this group was still written, so the evidence is there to send.

================================================================
TIMING 1A02MM
================================================================
16:34:12.621  +0846.495s  TESTS RUN               463.588s   70.7%  210 visits
16:34:12.643  +0846.518s  VIEWS                    75.963s   11.6%
16:34:12.659  +0846.534s  HARVEST                  25.323s    3.9%  210 visits
16:34:12.674  +0846.548s  WORKBOOK                 23.709s    3.6%
16:34:12.689  +0846.563s  NWD                       2.642s    0.4%
16:34:12.725  +0846.600s  DECIDE                    2.642s    0.4%
16:34:12.739  +0846.614s  NWF SAVE                  2.578s    0.4%
16:34:12.754  +0846.628s  HTML                      1.534s    0.2%
16:34:12.766  +0846.641s  SETS                      0.727s    0.1%
16:34:12.782  +0846.656s  CONFIRM                   0.094s    0.0%
16:34:12.793  +0846.668s  UNITS                     0.047s    0.0%
16:34:12.808  +0846.683s  outside every step       56.744s    8.7%
16:34:12.822  +0846.697s  
16:34:12.833  +0846.708s  group total             655.590s
16:34:12.847  +0846.722s  outside every step is the work between them and the work nothing times yet
16:34:12.859  +0846.734s  
16:34:12.880  +0846.755s  inside another step, so these seconds are already counted above
16:34:12.921  +0846.796s  IMAGES                   15.238s    2.3%  526 visits
16:34:12.984  +0846.859s  GROUP    started  1A02MS  1 files
                          file     : C:\00-NM\Federation Task\C02 + 04\C02\NWC\1104-PAR-1A02MS-ZZZ-ST-MOD-000001.nwc
16:34:13.008  +0846.883s  CLEAR    the document, at the top of 1A02MS, before Decide
16:34:13.626  +0847.501s  CENSUS CLEAR  the document was emptied and every count read zero
16:34:13.638  +0847.513s  STEP     DECIDE        started
16:34:13.650  +0847.525s  CENSUS   before DECIDE  models 0  sets 0  tests 0  results 0  views 0
16:34:13.729  +0847.603s  OPEN     reading the file list out of C:\00-NM\Federation Task\C02 + 04\C02\NWF\1104-PAR-1A02MS-ZZZ-BM-MOD-000001.nwf
16:34:14.910  +0848.785s  LOADING  the NWF reported 1 model after 0.932s, steady over 3 reads 0.250s apart, over 3 readings in all
16:34:14.927  +0848.802s  LOADING  the scene loaded event fired 1 time, first at 0.1s and last at 0.1s after the open began, and the open returned at 0.2s
16:34:14.950  +0848.824s           holds   C:\00-NM\Federation Task\C02 + 04\C02\NWC\1104-PAR-1A02MS-ZZZ-ST-MOD-000001.nwc   [source Autodesk Docs://KSA_New Murabba/1104-PAR-1A02MS-ZZZ-ST-MOD-000001.rvt, file C:\00-NM\Federation Task\C02 + 04\C02\NWC\1104-PAR-1A02MS-ZZZ-ST-MOD-000001.nwc]
16:34:14.978  +0848.853s  CENSUS   after  DECIDE  models 1  sets 61  tests 15  results 0  views 6
16:34:15.073  +0848.948s  STEP     DECIDE        finished 1.339s  Weekly run plus XML
16:34:15.095  +0848.970s  OPENED   C:\00-NM\Federation Task\C02 + 04\C02\NWF\1104-PAR-1A02MS-ZZZ-BM-MOD-000001.nwf
16:34:15.129  +0849.003s           the file list matches the scan, 1 file, so it was not cleared and nothing was re-appended
16:34:15.140  +0849.015s  NWF      reused   C:\00-NM\Federation Task\C02 + 04\C02\NWF\1104-PAR-1A02MS-ZZZ-BM-MOD-000001.nwf  81,957 bytes
16:34:15.158  +0849.032s  STEP     UNITS         started
16:34:15.170  +0849.045s  CENSUS   before UNITS  models 1  sets 61  tests 15  results 0  views 6
16:34:15.377  +0849.251s  UNITS    the document is already in Meters (m), so nothing was changed.
16:34:15.387  +0849.262s  CENSUS   after  UNITS  models 1  sets 61  tests 15  results 0  views 6
16:34:15.402  +0849.276s  STEP     UNITS         finished 0.230s  the document was asked for Meters

================================================================
ALIGNMENT 1A02MS
================================================================
16:34:15.451  +0849.326s  ST  1104-PAR-1A02MS-ZZZ-ST-MOD-000001.nwc is the reference, because this group carries no AR model
16:34:15.463  +0849.337s     ST  1104-PAR-1A02MS-ZZZ-ST-MOD-000001.nwc   reference, shared coordinate "Default Site"
16:34:15.486  +0849.361s  all 1 model(s) sit within 1 mm of the reference

================================================================
EXPORT CHECK 1A02MS
================================================================
16:34:15.833  +0849.707s     ST  1104-PAR-1A02MS-ZZZ-ST-MOD-000001.nwc   elements 2139   worksets 1   element id 100%
16:34:15.843  +0849.718s  all 1 model(s) carry a workset on every element and an element id on every element
16:34:15.855  +0849.730s  worksets seen: ST-SUB
16:34:15.865  +0849.740s     check these against the workset each set in the matrix asks for. The match is CASE SENSITIVE, so ME-Ductwork does not match ME-DUCTWORK and that set finds nothing
16:34:15.877  +0849.752s  no two workset names in this group are close enough to be one word typed twice
16:34:15.890  +0849.764s  CLASH    source   tests from XML, the picked file holds 61 sets and 1830 tests
16:34:15.901  +0849.776s  STEP     SETS          started
16:34:15.915  +0849.790s  CENSUS   before SETS  models 1  sets 61  tests 15  results 0  views 6
16:34:16.139  +0850.014s  SETS     1A02MS, 61 to build, 0 skipped
16:34:16.159  +0850.034s  SET      ran against C:\00-NM\Federation Task\C02 + 04\C02\NWF\1104-PAR-1A02MS-ZZZ-BM-MOD-000001.nwf  (1 model loaded)
16:34:16.180  +0850.055s  SET      present lcop_selection_set_tree/Architecture/BLD-AR-Floors  2 conditions  0 items  already there, left alone
16:34:16.201  +0850.076s  SET      present lcop_selection_set_tree/Architecture/BLD-AR-Stairs  2 conditions  0 items  already there, left alone
16:34:16.221  +0850.096s  SET      present lcop_selection_set_tree/Architecture/BLD-AR-Ramps  1 condition  0 items  already there, left alone
16:34:16.237  +0850.111s  SET      present lcop_selection_set_tree/Architecture/BLD-AR-Roofs  1 condition  0 items  already there, left alone
16:34:16.251  +0850.126s  SET      present lcop_selection_set_tree/Architecture/BLD-AR-Ceilings  1 condition  0 items  already there, left alone
16:34:16.265  +0850.140s  SET      present lcop_selection_set_tree/Architecture/BLD-AR-Columns  1 condition  0 items  already there, left alone
16:34:16.282  +0850.157s  SET      present lcop_selection_set_tree/Architecture/BLD-AR-Walls  2 conditions  0 items  already there, left alone
16:34:16.299  +0850.173s  SET      present lcop_selection_set_tree/Architecture/BLD-AR-Windows  1 condition  0 items  already there, left alone
16:34:16.317  +0850.192s  SET      present lcop_selection_set_tree/Architecture/BLD-AR-Curtain Panels  1 condition  0 items  already there, left alone
16:34:16.336  +0850.211s  SET      present lcop_selection_set_tree/Architecture/BLD-AR-Curtain Mullions  1 condition  0 items  already there, left alone
16:34:16.365  +0850.239s  SET      present lcop_selection_set_tree/Architecture/BLD-AR-Doors  1 condition  0 items  already there, left alone
16:34:16.397  +0850.271s  SET      present lcop_selection_set_tree/Architecture/BLD-AR-Casework  1 condition  0 items  already there, left alone
16:34:16.411  +0850.286s  SET      present lcop_selection_set_tree/Architecture/BLD-AR-Furniture  1 condition  0 items  already there, left alone
16:34:16.424  +0850.299s  SET      present lcop_selection_set_tree/Architecture/BLD-AR-Parking  1 condition  0 items  already there, left alone
16:34:16.440  +0850.315s  SET      present lcop_selection_set_tree/Architecture/BLD-AR-Railings  1 condition  0 items  already there, left alone
16:34:16.459  +0850.333s  SET      present lcop_selection_set_tree/Architecture/BLD-AR-Site  1 condition  0 items  already there, left alone
16:34:16.482  +0850.356s  SET      present lcop_selection_set_tree/Structure/BLD-ST-Foundation  1 condition  3 items  already there, left alone
16:34:16.506  +0850.381s  SET      present lcop_selection_set_tree/Structure/BLD-ST-Columns  1 condition  360 items  already there, left alone
16:34:16.525  +0850.399s  SET      present lcop_selection_set_tree/Structure/BLD-ST-Framing  1 condition  1645 items  already there, left alone
16:34:16.558  +0850.432s  SET      present lcop_selection_set_tree/Structure/BLD-ST-Walls  2 conditions  84 items  already there, left alone
16:34:16.618  +0850.492s  SET      present lcop_selection_set_tree/Structure/BLD-ST-Floors  2 conditions  15 items  already there, left alone
16:34:16.652  +0850.527s  SET      present lcop_selection_set_tree/Structure/BLD-ST-Stair  2 conditions  4 items  already there, left alone
16:34:16.684  +0850.560s  SET      present lcop_selection_set_tree/Mechanical/Mechanical-HVAC/BLD-ME-Ducts&Duct Fittings  4 conditions  0 items  already there, left alone
16:34:16.729  +0850.604s  SET      present lcop_selection_set_tree/Mechanical/Mechanical-HVAC/BLD-ME-Duct Accessory  2 conditions  0 items  already there, left alone
16:34:16.800  +0850.674s  SET      present lcop_selection_set_tree/Mechanical/Mechanical-HVAC/BLD-ME-Mechanical Equipment  2 conditions  0 items  already there, left alone
16:34:16.859  +0850.733s  SET      present lcop_selection_set_tree/Mechanical/Mechanical-HVAC/BLD-ME-Flex Ducts  2 conditions  0 items  already there, left alone
16:34:16.898  +0850.773s  SET      present lcop_selection_set_tree/Mechanical/Mechanical-HVAC/BLD-ME-Air Terminals  2 conditions  0 items  already there, left alone
16:34:16.954  +0850.829s  SET      present lcop_selection_set_tree/Mechanical/Mechanical-HVAC/BLD-ME-Pipes&Pipe Fittings  4 conditions  0 items  already there, left alone
16:34:17.231  +0851.106s  SET      present lcop_selection_set_tree/Mechanical/Mechanical-HVAC/BLD-ME-Pipe Accessories  2 conditions  0 items  already there, left alone
16:34:17.246  +0851.120s  SET      present lcop_selection_set_tree/Mechanical/Mechanical-HVAC/BLD-ME-Plumbing Fixtures  2 conditions  0 items  already there, left alone
16:34:17.280  +0851.154s  SET      present lcop_selection_set_tree/Mechanical/Mechanical-HVAC/BLD-ME-Flex Pipes  2 conditions  0 items  already there, left alone
16:34:17.302  +0851.177s  SET      present lcop_selection_set_tree/Mechanical/Mechanical-Fire Fighting/BLD-FF-Mechanical Equipment  2 conditions  0 items  already there, left alone
16:34:17.327  +0851.201s  SET      present lcop_selection_set_tree/Mechanical/Mechanical-Fire Fighting/BLD-FF-Pipes & Pipe Fittings  4 conditions  0 items  already there, left alone
16:34:17.344  +0851.218s  SET      present lcop_selection_set_tree/Mechanical/Mechanical-Fire Fighting/BLD-FF-Pipe Accessories  2 conditions  0 items  already there, left alone
16:34:17.365  +0851.239s  SET      present lcop_selection_set_tree/Mechanical/Mechanical-Fire Fighting/BLD-FF-Pipe Insulations  2 conditions  0 items  already there, left alone
16:34:17.389  +0851.263s  SET      present lcop_selection_set_tree/Mechanical/Mechanical-Fire Fighting/BLD-FF-Plumbing Fixtures  2 conditions  0 items  already there, left alone
16:34:17.409  +0851.284s  SET      present lcop_selection_set_tree/Mechanical/Mechanical-Fire Fighting/BLD-FF-Sprinklers  2 conditions  0 items  already there, left alone
16:34:17.451  +0851.326s  SET      present lcop_selection_set_tree/Mechanical/Mechanical-Water Supply/BLD-PL-Mechanical Equipment  2 conditions  0 items  already there, left alone
16:34:17.466  +0851.341s  SET      present lcop_selection_set_tree/Mechanical/Mechanical-Water Supply/BLD-PL-Pipes & Pipe Fittings  4 conditions  0 items  already there, left alone
16:34:17.482  +0851.357s  SET      present lcop_selection_set_tree/Mechanical/Mechanical-Water Supply/BLD-PL-Pipe Accessories  2 conditions  0 items  already there, left alone
16:34:17.498  +0851.372s  SET      present lcop_selection_set_tree/Mechanical/Mechanical-Water Supply/BLD-PL-Pipe Insulations  2 conditions  0 items  already there, left alone
16:34:17.513  +0851.387s  SET      present lcop_selection_set_tree/Mechanical/Mechanical-Water Supply/BLD-PL-Plumbing Fixtures  2 conditions  0 items  already there, left alone
16:34:17.527  +0851.402s  SET      present lcop_selection_set_tree/Mechanical/Mechanical-Drainage/BLD-DR-Mechanical Equipment  2 conditions  0 items  already there, left alone
16:34:17.547  +0851.422s  SET      present lcop_selection_set_tree/Mechanical/Mechanical-Drainage/BLD-DR-Pipes & Pipe Fittings  4 conditions  0 items  already there, left alone
16:34:17.565  +0851.440s  SET      present lcop_selection_set_tree/Mechanical/Mechanical-Drainage/BLD-DR-Pipe Accessories  2 conditions  0 items  already there, left alone
16:34:17.579  +0851.454s  SET      present lcop_selection_set_tree/Mechanical/Mechanical-Drainage/BLD-DR-Pipe Insulations  2 conditions  0 items  already there, left alone
16:34:17.592  +0851.467s  SET      present lcop_selection_set_tree/Mechanical/Mechanical-Drainage/BLD-DR-Plumbing Fixtures  2 conditions  0 items  already there, left alone
16:34:17.613  +0851.487s  SET      present lcop_selection_set_tree/Electrical/BLD-EL-Cable Tray&Cable Tray Fittings  1 condition  0 items  already there, left alone
16:34:17.680  +0851.554s  SET      present lcop_selection_set_tree/Electrical/BLD-EL-Electrical Equipment  1 condition  0 items  already there, left alone
16:34:17.734  +0851.609s  SET      present lcop_selection_set_tree/Electrical/BLD-EL-Electrical Fixtures  1 condition  0 items  already there, left alone
16:34:17.878  +0851.753s  SET      present lcop_selection_set_tree/Electrical/BLD-EL-Conduits & Conduit Fittings  1 condition  0 items  already there, left alone
16:34:17.966  +0851.842s  SET      present lcop_selection_set_tree/Electrical/BLD-EL-Devices  7 conditions  0 items  already there, left alone
16:34:18.231  +0852.106s  SET      present lcop_selection_set_tree/Electrical/BLD-EL-Lighting Fixtures  1 condition  0 items  already there, left alone
16:34:18.248  +0852.122s  SET      present lcop_selection_set_tree/Electrical/BLD-EL-Lighting Devices  1 condition  0 items  already there, left alone
16:34:18.266  +0852.140s  SET      present lcop_selection_set_tree/Electrical/BLD-EL-Fire Alarm Devices  1 condition  0 items  already there, left alone
16:34:18.283  +0852.158s  SET      present lcop_selection_set_tree/Electrical/BLD-EL-Telecom Equipment  1 condition  0 items  already there, left alone
16:34:18.301  +0852.175s  SET      present lcop_selection_set_tree/Electrical/BLD-EL-Telecom Fixtures  1 condition  0 items  already there, left alone
16:34:18.319  +0852.193s  SET      present lcop_selection_set_tree/Electrical/BLD-Security Devices  1 condition  0 items  already there, left alone
16:34:18.335  +0852.210s  SET      present lcop_selection_set_tree/Electrical/BLD-EL-Communication Devices  1 condition  0 items  already there, left alone
16:34:18.349  +0852.223s  SET      present lcop_selection_set_tree/Electrical/BLD-EL-Telephone Devices  1 condition  0 items  already there, left alone
16:34:18.370  +0852.245s  SET      present lcop_selection_set_tree/Electrical/BLD-EL-Data Devices  1 condition  0 items  already there, left alone
16:34:18.384  +0852.259s  SETS     1A02MS put into the document: 0 created, 61 already there and left alone
16:34:18.417  +0852.291s  CENSUS   after  SETS  models 1  sets 61  tests 15  results 0  views 6
16:34:18.437  +0852.312s  STEP     SETS          finished 2.515s  0 created, 61 already there, 0 finding items, 0 at zero.
16:34:18.451  +0852.326s  CLASH    1A02MS, 1830 in the file, 1830 to create, 0 skipped before the model
16:34:18.464  +0852.339s  CLASH    1A02MS holds one discipline, so no test is run, and only the tests whose sides both find something are created. One discipline cannot clash with itself.
16:34:18.478  +0852.352s  OUTPUTS  workbook on, XML off, HTML on, images on
16:34:18.489  +0852.363s  CLASH    Images on, 1024 by 1024 pixels, New, Active, Reviewed only, no cap per test, linked rather than pasted in.
16:34:18.507  +0852.381s  CLASH    ran against C:\00-NM\Federation Task\C02 + 04\C02\NWF\1104-PAR-1A02MS-ZZZ-BM-MOD-000001.nwf  (1 model loaded)
16:34:18.519  +0852.393s  CLASH    the document measures in m, every tolerance was converted into it
16:34:18.529  +0852.404s  CLASH    the document holds 61 sets and the tests name 61 sets
16:34:18.545  +0852.419s  CLASH    the document already holds 15 clash tests, they keep their results and are not recreated
16:34:18.558  +0852.433s  CLASH    counted the items of 61 sets for the creation plan in 0.0001481s
16:34:18.572  +0852.447s  CLASH 1830 in the file, 0 created, 1815 not created, a side finds nothing
16:34:18.584  +0852.458s  CLASH    SKIPPED  BLD-AR-Stairs-vs-BLD-AR-Floors  both sides find nothing in this model, left "lcop_selection_set_tree/Architecture/BLD-AR-Stairs" and right "lcop_selection_set_tree/Architecture/BLD-AR-Floors"
16:34:18.603  +0852.478s  CLASH    SKIPPED  BLD-AR-Ramps-vs-BLD-AR-Floors  both sides find nothing in this model, left "lcop_selection_set_tree/Architecture/BLD-AR-Ramps" and right "lcop_selection_set_tree/Architecture/BLD-AR-Floors"
16:34:18.616  +0852.490s  CLASH    SKIPPED  BLD-AR-Ramps-vs-BLD-AR-Stairs  both sides find nothing in this model, left "lcop_selection_set_tree/Architecture/BLD-AR-Ramps" and right "lcop_selection_set_tree/Architecture/BLD-AR-Stairs"
16:34:18.629  +0852.503s  CLASH    SKIPPED  BLD-AR-Roofs-vs-BLD-AR-Floors  both sides find nothing in this model, left "lcop_selection_set_tree/Architecture/BLD-AR-Roofs" and right "lcop_selection_set_tree/Architecture/BLD-AR-Floors"
16:34:18.642  +0852.516s  CLASH    SKIPPED  BLD-AR-Roofs-vs-BLD-AR-Stairs  both sides find nothing in this model, left "lcop_selection_set_tree/Architecture/BLD-AR-Roofs" and right "lcop_selection_set_tree/Architecture/BLD-AR-Stairs"
16:34:18.653  +0852.527s  CLASH    further skips for "a side finds nothing in this model" are counted, not listed. The block at the end carries the total.
16:34:18.850  +0852.725s  CLASH    SKIPPED  BLD-ST-Columns-vs-BLD-ST-Foundation  the group holds one discipline, so there is nothing for this test to clash against
16:34:18.865  +0852.739s  CLASH    SKIPPED  BLD-ST-Framing-vs-BLD-ST-Foundation  the group holds one discipline, so there is nothing for this test to clash against
16:34:18.876  +0852.751s  CLASH    SKIPPED  BLD-ST-Framing-vs-BLD-ST-Columns  the group holds one discipline, so there is nothing for this test to clash against
16:34:18.891  +0852.766s  CLASH    SKIPPED  BLD-ST-Walls-vs-BLD-ST-Foundation  the group holds one discipline, so there is nothing for this test to clash against
16:34:18.930  +0852.805s  CLASH    SKIPPED  BLD-ST-Walls-vs-BLD-ST-Columns  the group holds one discipline, so there is nothing for this test to clash against
16:34:18.941  +0852.816s  CLASH    further skips for "the group holds one discipline, so nothing in it can clash" are counted, not listed. The block at the end carries the total.
16:34:18.955  +0852.829s  CLASH    15 of 15 tests, 0 run, 1829 skipped, 0 clashes so far
16:34:18.966  +0852.840s  TOLERANCE 25 mm chosen in the tool, so it beats both the XML and the document. Set on 15 tests, 0 created fresh and 15 already in the document. 25 mm is 0.025 m in this document

================================================================
DRIFT C:\00-NM\Federation Task\C02 + 04\C02\NWF\1104-PAR-1A02MS-ZZZ-BM-MOD-000001.nwf  (1 model loaded)
================================================================
16:34:19.021  +0852.895s  15 tests were already in the document and were compared against the file.
16:34:19.031  +0852.905s  Nothing has drifted. Every one of them matches the file.
16:34:19.041  +0852.916s  PRIORITY 1830 in the file, 1830 tests in this run, 1830 matched, 0 not named by the file

================================================================
PRIORITY 1A02MS
================================================================
16:34:19.088  +0852.963s  PRIORITY clashes by priority, 0 in all
16:34:19.106  +0852.980s           A           : 0
16:34:19.120  +0852.994s           B           : 0
16:34:19.146  +0853.020s           C           : 0
16:34:19.164  +0853.038s           No priority : 0

================================================================
CLASH 1A02MS
================================================================
16:34:19.297  +0853.172s  SKIPPED 15 tests, the group holds one discipline, so nothing in it can clash
16:34:19.322  +0853.197s          BLD-ST-Columns-vs-BLD-ST-Foundation  the group holds one discipline, so there is nothing for this test to clash against
16:34:19.333  +0853.208s          BLD-ST-Framing-vs-BLD-ST-Foundation  the group holds one discipline, so there is nothing for this test to clash against
16:34:19.348  +0853.223s          BLD-ST-Framing-vs-BLD-ST-Columns  the group holds one discipline, so there is nothing for this test to clash against
16:34:19.359  +0853.234s          BLD-ST-Walls-vs-BLD-ST-Foundation  the group holds one discipline, so there is nothing for this test to clash against
16:34:19.373  +0853.247s          BLD-ST-Walls-vs-BLD-ST-Columns  the group holds one discipline, so there is nothing for this test to clash against
16:34:19.391  +0853.266s          and 10 more skipped for the same reason, counted and not listed
16:34:19.414  +0853.289s  SKIPPED 1815 tests, a side finds nothing in this model
16:34:19.431  +0853.305s          BLD-AR-Stairs-vs-BLD-AR-Floors  both sides find nothing in this model, left "lcop_selection_set_tree/Architecture/BLD-AR-Stairs" and right "lcop_selection_set_tree/Architecture/BLD-AR-Floors"
16:34:19.459  +0853.335s          BLD-AR-Ramps-vs-BLD-AR-Floors  both sides find nothing in this model, left "lcop_selection_set_tree/Architecture/BLD-AR-Ramps" and right "lcop_selection_set_tree/Architecture/BLD-AR-Floors"
16:34:19.475  +0853.349s          BLD-AR-Ramps-vs-BLD-AR-Stairs  both sides find nothing in this model, left "lcop_selection_set_tree/Architecture/BLD-AR-Ramps" and right "lcop_selection_set_tree/Architecture/BLD-AR-Stairs"
16:34:19.504  +0853.379s          BLD-AR-Roofs-vs-BLD-AR-Floors  both sides find nothing in this model, left "lcop_selection_set_tree/Architecture/BLD-AR-Roofs" and right "lcop_selection_set_tree/Architecture/BLD-AR-Floors"
16:34:19.522  +0853.397s          BLD-AR-Roofs-vs-BLD-AR-Stairs  both sides find nothing in this model, left "lcop_selection_set_tree/Architecture/BLD-AR-Roofs" and right "lcop_selection_set_tree/Architecture/BLD-AR-Stairs"
16:34:19.550  +0853.425s          and 1810 more skipped for the same reason, counted and not listed
16:34:19.590  +0853.464s  
16:34:19.630  +0853.505s  ran against       : C:\00-NM\Federation Task\C02 + 04\C02\NWF\1104-PAR-1A02MS-ZZZ-BM-MOD-000001.nwf  (1 model loaded)
16:34:19.696  +0853.571s  tests in the file : 1830
16:34:19.724  +0853.599s  tests created     : 0
16:34:19.752  +0853.626s  already there     : 15, left alone with their results
16:34:19.766  +0853.641s  tests skipped     : 1830, not run and not passed
16:34:19.781  +0853.656s         15  the group holds one discipline, so nothing in it can clash
16:34:19.799  +0853.673s       1815  a side finds nothing in this model
16:34:19.812  +0853.686s  tests run         : 0
16:34:19.822  +0853.696s      passed        : 0, ran and found nothing
16:34:19.832  +0853.707s      with clashes  : 0
16:34:19.843  +0853.718s  clashes found     : 0
16:34:19.855  +0853.730s      New       : 0
16:34:19.865  +0853.740s      Active    : 0
16:34:19.875  +0853.750s      Reviewed  : 0
16:34:19.887  +0853.761s      Approved  : 0
16:34:19.901  +0853.776s      Resolved  : 0
16:34:19.913  +0853.788s  clash step took   : 0.5 seconds

================================================================
PENETRATION 1A02MS
================================================================
16:34:19.992  +0853.867s  
16:34:20.005  +0853.880s  clashes looked at : 0
16:34:20.016  +0853.891s  moved to Reviewed : 0
16:34:20.027  +0853.901s          0  the service is over the size, left alone
16:34:20.037  +0853.912s          0  no size could be read off the service, left alone
16:34:20.046  +0853.921s          0  a person had already set it, left alone
16:34:20.058  +0853.933s          0  both sides a service, left alone
16:34:20.068  +0853.943s          0  both sides a solid, left alone
16:34:20.077  +0853.952s          0  not a service against a solid, left alone
16:34:20.087  +0853.962s  the size in use   : 150mm or under is a penetration, over it stays as it was
16:34:20.101  +0853.975s  Nothing moved. Every clash is exactly as it was.

================================================================
BY DESIGN 1A02MS
================================================================
16:34:20.158  +0854.032s  
16:34:20.166  +0854.041s  clashes looked at : 0
16:34:20.178  +0854.052s  moved to Reviewed : 0
16:34:20.189  +0854.064s          0  the two sets are not a pair in the file
16:34:20.201  +0854.075s          0  already Reviewed, Approved or Resolved, so somebody decided and it stands
16:34:20.210  +0854.085s          0  the penetration rule already asked for this one, so it moved there
16:34:20.219  +0854.094s          0  a side of the test named no set, so there was no pair to look for
16:34:20.229  +0854.105s  Nothing moved. Every clash is exactly as it was.
16:34:20.255  +0854.130s  IMAGES   numbered in report order: 0 renamed, 0 already right, 0 missing
16:34:20.268  +0854.143s  IMAGES   none written.
16:34:20.280  +0854.155s  CLASH    1A02MS finished. 0 created, 15 already there, 0 run, 0 passed, 1830 skipped, 0 clashes in 0.5s.
16:34:20.291  +0854.165s  STEP     VIEWS         started
16:34:20.302  +0854.176s  CENSUS   before VIEWS  models 1  sets 61  tests 15  results 0  views 6
16:34:20.535  +0854.410s  VIEWS    the model each clash item lives in was read for 0 of 0 clash(es) in scope
16:34:20.551  +0854.426s  VIEWS    both clashing items were pointed at for 0 of 0 clash(es) in scope
16:34:20.568  +0854.442s  CENSUS   after  VIEWS  models 1  sets 61  tests 15  results 0  views 6
16:34:20.594  +0854.469s  STEP     VIEWS         finished 0.277s  No viewpoint was planned for this group.

================================================================
VIEWS 1A02MS
================================================================
16:34:20.658  +0854.533s  clashes looked at : 0
16:34:20.671  +0854.546s  viewpoints planned: 0
16:34:20.688  +0854.563s          0  Approved or Resolved, so nobody is looking at it
16:34:20.707  +0854.582s          0  a service at or under the threshold, which is a penetration and not a coordination item
16:34:20.724  +0854.599s  size could not be read : 0, every one of them is in its pair folder and none was dropped
16:34:20.757  +0854.631s  a set name with no code this tool knows : 0, every one of them is in a folder saying UNKNOWN and none was guessed at

================================================================
VIEWS BUILT 1A02MS
================================================================
16:34:20.919  +0854.794s  
16:34:20.932  +0854.806s  views created     : 0
16:34:20.944  +0854.819s  put into the document: 0 created, 0 already there and left alone
16:34:20.964  +0854.838s  UNITS    the document measures in m already, so the report is in Meters (m) with nothing converted
16:34:20.978  +0854.853s  STEP     WORKBOOK      started
16:34:21.003  +0854.878s  CENSUS   before WORKBOOK  models 1  sets 61  tests 15  results 0  views 6
16:34:21.434  +0855.309s  XLSX     attempt  C:\00-NM\Federation Task\C02 + 04\C02\Clash Report\1104-PAR-1A02MS-ZZZ-BM-MOD-000001.xlsx
16:34:42.516  +0876.391s  XLSX     written  C:\00-NM\Federation Task\C02 + 04\C02\Clash Report\1104-PAR-1A02MS-ZZZ-BM-MOD-000001.xlsx  471,822 bytes

================================================================
WORKBOOK CHECK 1A02MS
================================================================
16:34:44.986  +0878.860s  CHECK    1 sheet, "1104-PAR-1A02MS-ZZZ-BM-MOD-0000", 1830 test blocks, 0 clash rows.
16:34:45.037  +0878.912s           the first blocks hold 0, 0, 0, 0, 0, 0, 0, 0 and so on.
16:34:45.064  +0878.939s           Every column, value shape, fill, border, row height and column width matches the client's report, and the blocks are in their order.
16:34:45.250  +0879.124s           Not compared: the font, the sheet name, freeze panes, print setup, merged ranges, and whether a value is true. See docs\history\scan.md 4q.
16:34:45.289  +0879.163s           The client column set was read from clash_report_html_tabular.xsl in the Navisworks install and from the exports in samples\client-report, never from a list typed into this tool.
16:34:45.338  +0879.213s  BLOCKS   1830 in the workbook, one for every test in the file
16:34:45.877  +0879.752s  CENSUS   after  WORKBOOK  models 1  sets 61  tests 15  results 0  views 6
16:34:46.019  +0879.894s  STEP     WORKBOOK      finished 24.898s  wrote 471822 bytes
16:34:46.184  +0880.059s  STEP     HTML          started
16:34:46.230  +0880.105s  CENSUS   before HTML  models 1  sets 61  tests 15  results 0  views 6
16:34:46.424  +0880.299s  HTML     attempt  C:\00-NM\Federation Task\C02 + 04\C02\Clash Report\1104-PAR-1A02MS-ZZZ-BM-MOD-000001.html
16:34:46.513  +0880.388s  LOGO     C:\Program Files\Autodesk\Navisworks Manage 2025\Images\logo.jpg copied into C:\00-NM\Federation Task\C02 + 04\C02\Clash Report\1104-PAR-1A02MS-ZZZ-BM-MOD-000001_files
16:34:47.026  +0880.901s  HTML     written  C:\00-NM\Federation Task\C02 + 04\C02\Clash Report\1104-PAR-1A02MS-ZZZ-BM-MOD-000001.html  2,683,307 bytes

================================================================
REPORT CHECK 1A02MS
================================================================
16:34:47.440  +0881.315s  CHECK    0 clash rows on the page.
16:34:47.460  +0881.335s           Item ID filled on 0 of 0 for item 1 and 0 of 0 for item 2.
16:34:47.491  +0881.365s           no Item ID was found at all.
16:34:47.518  +0881.395s           no column the client's report does not have.
16:34:47.563  +0881.438s           the tolerance cell reads 0.025m
16:34:47.627  +0881.502s           0 picture references, 0 with a backslash, 0 on disk.
16:34:47.803  +0881.678s           the logo is 1104-PAR-1A02MS-ZZZ-BM-MOD-000001_files\logo.jpg and it is on disk.
16:34:47.838  +0881.713s           Nothing wrong with it.
16:34:47.867  +0881.751s           The client column set was read from clash_report_html_tabular.xsl in the Navisworks install and from the exports in samples\client-report, never from a list typed into this tool.
16:34:47.919  +0881.794s  CENSUS   after  HTML  models 1  sets 61  tests 15  results 0  views 6
16:34:48.000  +0881.876s  STEP     HTML          finished 1.735s  wrote 2683307 bytes
16:34:48.046  +0881.921s  XML      skipped  not wanted this run
16:34:48.074  +0881.949s  STEP     NWD           started
16:34:48.115  +0881.999s  CENSUS   before NWD  models 1  sets 61  tests 15  results 0  views 6
16:34:48.219  +0882.097s  NWD      attempt  C:\00-NM\Federation Task\C02 + 04\C02\NWD\1104-PAR-1A02MS-ZZZ-BM-MOD-000001.nwd
16:34:48.257  +0882.132s  NWD      publish properties set: Title=1104-PAR-1A02MS-ZZZ-BM-MOD-000001, Publisher=Parsons NWC Federator, Subject=Federation of building 1A02MS, Author=bader, AllowResave=true, EmbedDatabaseProperties=true, PreventObjectPropertyExport=false
16:34:51.326  +0885.201s  NWD      written  C:\00-NM\Federation Task\C02 + 04\C02\NWD\1104-PAR-1A02MS-ZZZ-BM-MOD-000001.nwd  12,752,989 bytes
16:34:51.832  +0885.706s  CENSUS   after  NWD  models 1  sets 61  tests 15  results 0  views 6
16:34:51.877  +0885.752s  STEP     NWD           finished 3.757s  published 12752989 bytes
16:34:51.901  +0885.775s  STEP     CONFIRM       started
16:34:51.964  +0885.839s  CENSUS   before CONFIRM  models 1  sets 61  tests 15  results 0  views 6
16:34:52.224  +0886.099s  NWF      checked  C:\00-NM\Federation Task\C02 + 04\C02\NWF\1104-PAR-1A02MS-ZZZ-BM-MOD-000001.nwf  81,957 bytes after publishing the NWD
16:34:52.244  +0886.119s  CENSUS   after  CONFIRM  models 1  sets 61  tests 15  results 0  views 6
16:34:52.264  +0886.138s  STEP     CONFIRM       finished 0.344s  the NWF is 81957 bytes

================================================================
GAP 1A02MS
================================================================
16:34:52.413  +0886.288s  nothing measured this group reaches no output. The report carries everything the run read
16:34:52.458  +0886.333s  CENSUS   cost 0.005s over 16 counts in this group. That is inside the 1.000s a group is allowed
16:34:52.474  +0886.349s  GROUP    finished 1A02MS  DONE  39.473s  Weekly run plus XML

================================================================
TIMING 1A02MS
================================================================
16:34:52.616  +0886.492s  WORKBOOK                 24.898s   63.1%
16:34:52.629  +0886.504s  NWD                       3.757s    9.5%
16:34:52.644  +0886.519s  SETS                      2.515s    6.4%
16:34:52.703  +0886.577s  HTML                      1.735s    4.4%
16:34:52.741  +0886.616s  DECIDE                    1.339s    3.4%
16:34:52.796  +0886.671s  CONFIRM                   0.344s    0.9%
16:34:52.832  +0886.707s  VIEWS                     0.277s    0.7%
16:34:52.849  +0886.723s  UNITS                     0.230s    0.6%
16:34:52.862  +0886.737s  outside every step        4.379s   11.1%
16:34:52.876  +0886.751s  
16:34:52.889  +0886.763s  group total              39.473s
16:34:52.907  +0886.782s  outside every step is the work between them and the work nothing times yet
16:34:53.160  +0887.034s  GROUP    started  1A02WE  4 files
                          file     : C:\00-NM\Federation Task\C02 + 04\C02\NWC\1104-PAR-1A02WE-ZZZ-AR-MOD-000001.nwc
                          file     : C:\00-NM\Federation Task\C02 + 04\C02\NWC\1104-PAR-1A02WE-ZZZ-EL-MOD-000001.nwc
                          file     : C:\00-NM\Federation Task\C02 + 04\C02\NWC\1104-PAR-1A02WE-ZZZ-ME-MOD-000001.nwc
                          file     : C:\00-NM\Federation Task\C02 + 04\C02\NWC\1104-PAR-1A02WE-ZZZ-ST-MOD-000001.nwc
16:34:53.222  +0887.097s  CLEAR    the document, at the top of 1A02WE, before Decide
16:34:53.296  +0887.171s  CENSUS CLEAR  the document was emptied and every count read zero
16:34:53.336  +0887.210s  STEP     DECIDE        started
16:34:53.356  +0887.231s  CENSUS   before DECIDE  models 0  sets 0  tests 0  results 0  views 0
16:34:53.503  +0887.378s  OPEN     reading the file list out of C:\00-NM\Federation Task\C02 + 04\C02\NWF\1104-PAR-1A02WE-ZZZ-BM-MOD-000001.nwf
16:34:54.577  +0888.452s  LOADING  the NWF reported 4 models after 0.749s, steady over 3 reads 0.250s apart, over 3 readings in all
16:34:54.589  +0888.463s  LOADING  the scene loaded event fired 4 times, first at 0.0s and last at 0.1s after the open began, and the open returned at 0.3s
16:34:54.601  +0888.476s           holds   C:\00-NM\Federation Task\C02 + 04\C02\NWC\1104-PAR-1A02WE-ZZZ-AR-MOD-000001.nwc   [source Autodesk Docs://KSA_New Murabba/1104-PAR-1A02WE-ZZZ-AR-MOD-000001.rvt, file C:\00-NM\Federation Task\C02 + 04\C02\NWC\1104-PAR-1A02WE-ZZZ-AR-MOD-000001.nwc]
16:34:54.616  +0888.491s           holds   C:\00-NM\Federation Task\C02 + 04\C02\NWC\1104-PAR-1A02WE-ZZZ-EL-MOD-000001.nwc   [source Autodesk Docs://KSA_New Murabba/1104-PAR-1A02WE-ZZZ-EL-MOD-000001.rvt, file C:\00-NM\Federation Task\C02 + 04\C02\NWC\1104-PAR-1A02WE-ZZZ-EL-MOD-000001.nwc]
16:34:54.647  +0888.522s           holds   C:\00-NM\Federation Task\C02 + 04\C02\NWC\1104-PAR-1A02WE-ZZZ-ME-MOD-000001.nwc   [source Autodesk Docs://KSA_New Murabba/1104-PAR-1A02WE-ZZZ-ME-MOD-000001.rvt, file C:\00-NM\Federation Task\C02 + 04\C02\NWC\1104-PAR-1A02WE-ZZZ-ME-MOD-000001.nwc]
16:34:54.690  +0888.564s           holds   C:\00-NM\Federation Task\C02 + 04\C02\NWC\1104-PAR-1A02WE-ZZZ-ST-MOD-000001.nwc   [source Autodesk Docs://KSA_New Murabba/1104-PAR-1A02WE-ZZZ-ST-MOD-000001.rvt, file C:\00-NM\Federation Task\C02 + 04\C02\NWC\1104-PAR-1A02WE-ZZZ-ST-MOD-000001.nwc]
16:34:54.728  +0888.603s  CENSUS   after  DECIDE  models 4  sets 62  tests 1830  results 29  views 52
16:34:54.784  +0888.659s  STEP     DECIDE        finished 1.377s  Weekly run plus XML
16:34:54.797  +0888.671s  OPENED   C:\00-NM\Federation Task\C02 + 04\C02\NWF\1104-PAR-1A02WE-ZZZ-BM-MOD-000001.nwf
16:34:54.808  +0888.682s           the file list matches the scan, 4 files, so it was not cleared and nothing was re-appended
16:34:54.819  +0888.694s  NWF      reused   C:\00-NM\Federation Task\C02 + 04\C02\NWF\1104-PAR-1A02WE-ZZZ-BM-MOD-000001.nwf  481,534 bytes
16:34:54.830  +0888.705s  STEP     UNITS         started
16:34:54.852  +0888.727s  CENSUS   before UNITS  models 4  sets 62  tests 1830  results 29  views 52
16:34:54.890  +0888.764s  UNITS    the document is in Feet (ft) and the report needs Meters (m). Setting every model.
16:34:54.904  +0888.779s  UNITS    4 models set, 0 that would not, document shows Feet (ft). Every report number is converted to Meters (m) before it is written, so the report is metric whatever this says.
16:34:54.925  +0888.799s  CENSUS   after  UNITS  models 4  sets 62  tests 1830  results 29  views 52
16:34:54.943  +0888.817s  STEP     UNITS         finished 0.084s  the document was asked for Meters

================================================================
ALIGNMENT 1A02WE
================================================================
16:34:55.027  +0888.902s  AR  1104-PAR-1A02WE-ZZZ-AR-MOD-000001.nwc is the reference
16:34:55.040  +0888.914s     AR  1104-PAR-1A02WE-ZZZ-AR-MOD-000001.nwc   reference, shared coordinate "IRPS-SharedCoordinate"
16:34:55.052  +0888.926s     EL  1104-PAR-1A02WE-ZZZ-EL-MOD-000001.nwc   DIFFERENT  dx -23366.55 mm  dy 9107.17 mm  dz 151 mm, shared coordinate "BUL_0105_SharedCoordinate"
16:34:55.064  +0888.938s        ask the EL originator to re-export on the project shared coordinates
16:34:55.076  +0888.951s     ME  1104-PAR-1A02WE-ZZZ-ME-MOD-000001.nwc   DIFFERENT  dx -6472.97 mm  dy -3001.01 mm  dz 633.3 mm, shared coordinate "PW5_Shared_Location"
16:34:55.086  +0888.961s        ask the ME originator to re-export on the project shared coordinates
16:34:55.098  +0888.973s     ST  1104-PAR-1A02WE-ZZZ-ST-MOD-000001.nwc   DIFFERENT  dx -6915 mm  dy 125 mm  dz 0 mm, shared coordinate "BUL_0105_SharedCoordinate"
16:34:55.110  +0888.984s        ask the ST originator to re-export on the project shared coordinates
16:34:55.121  +0888.996s  3 of 4 model(s) sit somewhere the reference does not. Nothing is changed and the run goes on.
16:34:55.132  +0889.007s  this group names 3 different shared coordinates: BUL_0105_SharedCoordinate, IRPS-SharedCoordinate, PW5_Shared_Location

================================================================
EXPORT CHECK 1A02WE
================================================================
16:34:55.249  +0889.124s     AR  1104-PAR-1A02WE-ZZZ-AR-MOD-000001.nwc   elements 26   worksets 2   element id 100%
16:34:55.262  +0889.136s     EL  1104-PAR-1A02WE-ZZZ-EL-MOD-000001.nwc   elements 77   worksets 5   element id 100%
16:34:55.274  +0889.149s     ME  1104-PAR-1A02WE-ZZZ-ME-MOD-000001.nwc   elements 14   worksets 4   element id 100%
16:34:55.288  +0889.163s     ST  1104-PAR-1A02WE-ZZZ-ST-MOD-000001.nwc   elements 36   worksets 2   element id 100%
16:34:55.298  +0889.173s  all 4 model(s) carry a workset on every element and an element id on every element
16:34:55.309  +0889.184s  worksets seen: AR-EXTERIOR, AR-INTERIOR, EL_Grounding System, EL-Panels, EL-Lighting, EL-Fire alarm, EL-Power, ME-Air Terminal, PL-Drainage, ME-Equipment, and 3 more, counted and not listed
16:34:55.322  +0889.197s     check these against the workset each set in the matrix asks for. The match is CASE SENSITIVE, so ME-Ductwork does not match ME-DUCTWORK and that set finds nothing
16:34:55.335  +0889.210s  2 pair(s) of workset names are close enough to be one word typed twice. NOTHING IS MERGED: a person reads these and fixes the models, because two of them in this project are real worksets one letter apart and no rule can tell which is which
16:34:55.351  +0889.225s     "AR-EXTERIOR" in 1104-PAR-1A02WE-ZZZ-AR-MOD-000001.nwc   against   "AR-INTERIOR" in 1104-PAR-1A02WE-ZZZ-AR-MOD-000001.nwc   ONE OR TWO LETTERS APART, so this may be a typo
16:34:55.369  +0889.243s     "ST-SUB" in 1104-PAR-1A02WE-ZZZ-ST-MOD-000001.nwc   against   "ST-SUP" in 1104-PAR-1A02WE-ZZZ-ST-MOD-000001.nwc   ONE OR TWO LETTERS APART, so this may be a typo
16:34:55.386  +0889.260s  CLASH    source   tests from XML, the picked file holds 61 sets and 1830 tests
16:34:55.397  +0889.272s  STEP     SETS          started
16:34:55.424  +0889.298s  CENSUS   before SETS  models 4  sets 62  tests 1830  results 29  views 52
16:34:55.532  +0889.407s  SETS     1A02WE, 61 to build, 0 skipped
16:34:55.546  +0889.421s  SET      ran against C:\00-NM\Federation Task\C02 + 04\C02\NWF\1104-PAR-1A02WE-ZZZ-BM-MOD-000001.nwf  (4 models loaded)
16:34:55.563  +0889.438s  SET      present lcop_selection_set_tree/Architecture/BLD-AR-Floors  2 conditions  4 items  already there, left alone
16:34:55.581  +0889.456s  SET      present lcop_selection_set_tree/Architecture/BLD-AR-Stairs  2 conditions  0 items  already there, left alone
16:34:55.599  +0889.474s  SET      present lcop_selection_set_tree/Architecture/BLD-AR-Ramps  1 condition  0 items  already there, left alone
16:34:55.615  +0889.489s  SET      present lcop_selection_set_tree/Architecture/BLD-AR-Roofs  1 condition  0 items  already there, left alone
16:34:55.631  +0889.505s  SET      present lcop_selection_set_tree/Architecture/BLD-AR-Ceilings  1 condition  0 items  already there, left alone
16:34:55.699  +0889.574s  SET      present lcop_selection_set_tree/Architecture/BLD-AR-Columns  1 condition  0 items  already there, left alone
16:34:55.789  +0889.663s  SET      present lcop_selection_set_tree/Architecture/BLD-AR-Walls  2 conditions  20 items  already there, left alone
16:34:55.848  +0889.723s  SET      present lcop_selection_set_tree/Architecture/BLD-AR-Windows  1 condition  1 item  already there, left alone
16:34:55.931  +0889.805s  SET      present lcop_selection_set_tree/Architecture/BLD-AR-Curtain Panels  1 condition  0 items  already there, left alone
16:34:56.000  +0889.875s  SET      present lcop_selection_set_tree/Architecture/BLD-AR-Curtain Mullions  1 condition  0 items  already there, left alone
16:34:56.056  +0889.930s  SET      present lcop_selection_set_tree/Architecture/BLD-AR-Doors  1 condition  1 item  already there, left alone
16:34:56.122  +0889.997s  SET      present lcop_selection_set_tree/Architecture/BLD-AR-Casework  1 condition  0 items  already there, left alone
16:34:56.161  +0890.035s  SET      present lcop_selection_set_tree/Architecture/BLD-AR-Furniture  1 condition  0 items  already there, left alone
16:34:56.212  +0890.087s  SET      present lcop_selection_set_tree/Architecture/BLD-AR-Parking  1 condition  0 items  already there, left alone
16:34:56.241  +0890.116s  SET      present lcop_selection_set_tree/Architecture/BLD-AR-Railings  1 condition  0 items  already there, left alone
16:34:56.263  +0890.138s  SET      present lcop_selection_set_tree/Architecture/BLD-AR-Site  1 condition  0 items  already there, left alone
16:34:56.308  +0890.183s  SET      present lcop_selection_set_tree/Structure/BLD-ST-Foundation  1 condition  6 items  already there, left alone
16:34:56.347  +0890.222s  SET      present lcop_selection_set_tree/Structure/BLD-ST-Columns  1 condition  4 items  already there, left alone
16:34:56.382  +0890.257s  SET      present lcop_selection_set_tree/Structure/BLD-ST-Framing  1 condition  8 items  already there, left alone
16:34:56.410  +0890.285s  SET      present lcop_selection_set_tree/Structure/BLD-ST-Walls  2 conditions  15 items  already there, left alone
16:34:56.469  +0890.343s  SET      present lcop_selection_set_tree/Structure/BLD-ST-Floors  2 conditions  3 items  already there, left alone
16:34:56.493  +0890.367s  SET      present lcop_selection_set_tree/Structure/BLD-ST-Stair  2 conditions  0 items  already there, left alone
16:34:56.553  +0890.428s  SET      present lcop_selection_set_tree/Mechanical/Mechanical-HVAC/BLD-ME-Ducts&Duct Fittings  4 conditions  0 items  already there, left alone
16:34:56.604  +0890.478s  SET      present lcop_selection_set_tree/Mechanical/Mechanical-HVAC/BLD-ME-Duct Accessory  2 conditions  0 items  already there, left alone
16:34:56.674  +0890.549s  SET      present lcop_selection_set_tree/Mechanical/Mechanical-HVAC/BLD-ME-Mechanical Equipment  2 conditions  0 items  already there, left alone
16:34:56.737  +0890.611s  SET      present lcop_selection_set_tree/Mechanical/Mechanical-HVAC/BLD-ME-Flex Ducts  2 conditions  0 items  already there, left alone
16:34:56.770  +0890.651s  SET      present lcop_selection_set_tree/Mechanical/Mechanical-HVAC/BLD-ME-Air Terminals  2 conditions  0 items  already there, left alone
16:34:56.827  +0890.702s  SET      present lcop_selection_set_tree/Mechanical/Mechanical-HVAC/BLD-ME-Pipes&Pipe Fittings  4 conditions  0 items  already there, left alone
16:34:56.882  +0890.759s  SET      present lcop_selection_set_tree/Mechanical/Mechanical-HVAC/BLD-ME-Pipe Accessories  2 conditions  0 items  already there, left alone
16:34:56.918  +0890.793s  SET      present lcop_selection_set_tree/Mechanical/Mechanical-HVAC/BLD-ME-Plumbing Fixtures  2 conditions  0 items  already there, left alone
16:34:56.951  +0890.839s  SET      present lcop_selection_set_tree/Mechanical/Mechanical-HVAC/BLD-ME-Flex Pipes  2 conditions  0 items  already there, left alone
16:34:57.023  +0890.897s  SET      present lcop_selection_set_tree/Mechanical/Mechanical-Fire Fighting/BLD-FF-Mechanical Equipment  2 conditions  0 items  already there, left alone
16:34:57.087  +0890.962s  SET      present lcop_selection_set_tree/Mechanical/Mechanical-Fire Fighting/BLD-FF-Pipes & Pipe Fittings  4 conditions  0 items  already there, left alone
16:34:57.157  +0891.031s  SET      present lcop_selection_set_tree/Mechanical/Mechanical-Fire Fighting/BLD-FF-Pipe Accessories  2 conditions  0 items  already there, left alone
16:34:57.191  +0891.066s  SET      present lcop_selection_set_tree/Mechanical/Mechanical-Fire Fighting/BLD-FF-Pipe Insulations  2 conditions  0 items  already there, left alone
16:34:57.241  +0891.115s  SET      present lcop_selection_set_tree/Mechanical/Mechanical-Fire Fighting/BLD-FF-Plumbing Fixtures  2 conditions  0 items  already there, left alone
16:34:57.272  +0891.154s  SET      present lcop_selection_set_tree/Mechanical/Mechanical-Fire Fighting/BLD-FF-Sprinklers  2 conditions  0 items  already there, left alone
16:34:57.367  +0891.241s  SET      present lcop_selection_set_tree/Mechanical/Mechanical-Water Supply/BLD-PL-Mechanical Equipment  2 conditions  0 items  already there, left alone
16:34:57.439  +0891.313s  SET      present lcop_selection_set_tree/Mechanical/Mechanical-Water Supply/BLD-PL-Pipes & Pipe Fittings  4 conditions  0 items  already there, left alone
16:34:57.503  +0891.378s  SET      present lcop_selection_set_tree/Mechanical/Mechanical-Water Supply/BLD-PL-Pipe Accessories  2 conditions  0 items  already there, left alone
16:34:57.538  +0891.413s  SET      present lcop_selection_set_tree/Mechanical/Mechanical-Water Supply/BLD-PL-Pipe Insulations  2 conditions  0 items  already there, left alone
16:34:57.593  +0891.468s  SET      present lcop_selection_set_tree/Mechanical/Mechanical-Water Supply/BLD-PL-Plumbing Fixtures  2 conditions  0 items  already there, left alone
16:34:57.660  +0891.535s  SET      present lcop_selection_set_tree/Mechanical/Mechanical-Drainage/BLD-DR-Mechanical Equipment  2 conditions  0 items  already there, left alone
16:34:57.705  +0891.579s  SET      present lcop_selection_set_tree/Mechanical/Mechanical-Drainage/BLD-DR-Pipes & Pipe Fittings  4 conditions  4 items  already there, left alone
16:34:57.737  +0891.611s  SET      present lcop_selection_set_tree/Mechanical/Mechanical-Drainage/BLD-DR-Pipe Accessories  2 conditions  0 items  already there, left alone
16:34:57.758  +0891.633s  SET      present lcop_selection_set_tree/Mechanical/Mechanical-Drainage/BLD-DR-Pipe Insulations  2 conditions  0 items  already there, left alone
16:34:57.777  +0891.657s  SET      present lcop_selection_set_tree/Mechanical/Mechanical-Drainage/BLD-DR-Plumbing Fixtures  2 conditions  1 item  already there, left alone
16:34:57.808  +0891.683s  SET      present lcop_selection_set_tree/Electrical/BLD-EL-Cable Tray&Cable Tray Fittings  1 condition  0 items  already there, left alone
16:34:57.829  +0891.703s  SET      present lcop_selection_set_tree/Electrical/BLD-EL-Electrical Equipment  1 condition  8 items  already there, left alone
16:34:57.845  +0891.719s  SET      present lcop_selection_set_tree/Electrical/BLD-EL-Electrical Fixtures  1 condition  5 items  already there, left alone
16:34:57.855  +0891.734s  SET      present lcop_selection_set_tree/Electrical/BLD-EL-Conduits & Conduit Fittings  1 condition  26 items  already there, left alone
16:34:57.870  +0891.748s  SET      present lcop_selection_set_tree/Electrical/BLD-EL-Devices  7 conditions  5 items  already there, left alone
16:34:57.885  +0891.762s  SET      present lcop_selection_set_tree/Electrical/BLD-EL-Lighting Fixtures  1 condition  6 items  already there, left alone
16:34:57.898  +0891.774s  SET      present lcop_selection_set_tree/Electrical/BLD-EL-Lighting Devices  1 condition  3 items  already there, left alone
16:34:57.908  +0891.787s  SET      present lcop_selection_set_tree/Electrical/BLD-EL-Fire Alarm Devices  1 condition  4 items  already there, left alone
16:34:57.913  +0891.803s  SET      present lcop_selection_set_tree/Electrical/BLD-EL-Telecom Equipment  1 condition  0 items  already there, left alone
16:34:57.940  +0891.818s  SET      present lcop_selection_set_tree/Electrical/BLD-EL-Telecom Fixtures  1 condition  0 items  already there, left alone
16:34:57.956  +0891.831s  SET      present lcop_selection_set_tree/Electrical/BLD-Security Devices  1 condition  0 items  already there, left alone
16:34:57.977  +0891.852s  SET      present lcop_selection_set_tree/Electrical/BLD-EL-Communication Devices  1 condition  0 items  already there, left alone
16:34:58.028  +0891.903s  SET      present lcop_selection_set_tree/Electrical/BLD-EL-Telephone Devices  1 condition  0 items  already there, left alone
16:34:58.114  +0891.990s  SET      present lcop_selection_set_tree/Electrical/BLD-EL-Data Devices  1 condition  0 items  already there, left alone
16:34:58.168  +0892.045s  SETS     1A02WE put into the document: 0 created, 61 already there and left alone
16:34:58.214  +0892.092s  CENSUS   after  SETS  models 4  sets 62  tests 1830  results 29  views 52
16:34:58.302  +0892.180s  STEP     SETS          finished 2.811s  0 created, 61 already there, 0 finding items, 0 at zero.
16:34:58.341  +0892.221s  CLASH    1A02WE, 1830 in the file, 1830 to create, 0 skipped before the model
16:34:58.368  +0892.244s  OUTPUTS  workbook on, XML off, HTML on, images on
16:34:58.400  +0892.281s  CLASH    Images on, 1024 by 1024 pixels, New, Active, Reviewed only, no cap per test, linked rather than pasted in.
16:34:58.432  +0892.307s  CLASH    ran against C:\00-NM\Federation Task\C02 + 04\C02\NWF\1104-PAR-1A02WE-ZZZ-BM-MOD-000001.nwf  (4 models loaded)
16:34:58.458  +0892.334s  CLASH    the document measures in ft, every tolerance was converted into it
16:34:58.487  +0892.362s  CLASH    the document holds 62 sets and the tests name 61 sets
16:34:58.511  +0892.386s  CLASH    the document already holds 1830 clash tests, they keep their results and are not recreated
16:34:58.535  +0892.413s  CLASH    counted the items of 61 sets for the creation plan in 0.0001434s
16:34:58.564  +0892.442s  CLASH 1830 in the file, 0 created, 60 not created, a side finds nothing
16:34:58.599  +0892.474s  CLASH    SKIPPED  BLD-DR-Pipe Accessories-vs-BLD-AR-Floors  the left side "lcop_selection_set_tree/Mechanical/Mechanical-Drainage/BLD-DR-Pipe Accessories" finds nothing in this model, the right finds 4
16:34:58.612  +0892.497s  CLASH    SKIPPED  BLD-DR-Pipe Accessories-vs-BLD-AR-Stairs  both sides find nothing in this model, left "lcop_selection_set_tree/Mechanical/Mechanical-Drainage/BLD-DR-Pipe Accessories" and right "lcop_selection_set_tree/Architecture/BLD-AR-Stairs"
16:34:58.643  +0892.519s  CLASH    SKIPPED  BLD-DR-Pipe Accessories-vs-BLD-AR-Ramps  both sides find nothing in this model, left "lcop_selection_set_tree/Mechanical/Mechanical-Drainage/BLD-DR-Pipe Accessories" and right "lcop_selection_set_tree/Architecture/BLD-AR-Ramps"
16:34:58.661  +0892.544s  CLASH    SKIPPED  BLD-DR-Pipe Accessories-vs-BLD-AR-Roofs  both sides find nothing in this model, left "lcop_selection_set_tree/Mechanical/Mechanical-Drainage/BLD-DR-Pipe Accessories" and right "lcop_selection_set_tree/Architecture/BLD-AR-Roofs"
16:34:58.719  +0892.595s  CLASH    SKIPPED  BLD-DR-Pipe Accessories-vs-BLD-AR-Ceilings  both sides find nothing in this model, left "lcop_selection_set_tree/Mechanical/Mechanical-Drainage/BLD-DR-Pipe Accessories" and right "lcop_selection_set_tree/Architecture/BLD-AR-Ceilings"
16:34:58.752  +0892.630s  CLASH    further skips for "a side finds nothing in this model" are counted, not listed. The block at the end carries the total.
16:34:58.814  +0892.690s  CLASH    OLD      BLD-AR-Walls-vs-BLD-AR-Floors  Navisworks has this test marked Old.
16:34:58.885  +0892.761s  STEP     TESTS RUN     started
16:34:58.927  +0892.804s  CENSUS   before TESTS RUN  models 4  sets 62  tests 1830  results 29  views 52
16:34:59.440  +0893.314s  CENSUS   after  TESTS RUN  models 4  sets 62  tests 1830  results 29  views 52
16:34:59.681  +0893.555s  STEP     TESTS RUN     finished 0.540s  BLD-AR-Walls-vs-BLD-AR-Floors
16:34:59.736  +0893.614s  STEP     HARVEST       started
16:34:59.817  +0893.692s  CENSUS   before HARVEST  models 4  sets 62  tests 1830  results 29  views 52
16:34:59.954  +0893.833s  CENSUS   after  HARVEST  models 4  sets 62  tests 1830  results 29  views 52
16:35:00.156  +0894.030s  STEP     HARVEST       finished 0.212s  BLD-AR-Walls-vs-BLD-AR-Floors
16:35:00.217  +0894.092s  CLASH    OLD      BLD-AR-Windows-vs-BLD-AR-Floors  Navisworks has this test marked Old.
16:35:00.221  +0894.107s  STEP     TESTS RUN     entered again. Every further visit in this group is counted, not written out
16:35:00.443  +0894.322s  STEP     HARVEST       entered again. Every further visit in this group is counted, not written out
16:35:00.513  +0894.388s  CLASH    25 of 1770 tests, 2 run, 82 skipped, 0 clashes so far
16:35:00.532  +0894.406s  CLASH    OLD      BLD-AR-Windows-vs-BLD-AR-Walls  Navisworks has this test marked Old.
16:35:01.086  +0894.962s  STEP       IMAGES        started
16:35:01.156  +0895.033s  CENSUS   before IMAGES  models 4  sets 62  tests 1830  results 29  views 52
16:35:01.533  +0895.410s  CENSUS   after  IMAGES  models 4  sets 62  tests 1830  results 29  views 52
16:35:01.618  +0895.494s  STEP       IMAGES        finished 0.330s  BLD-AR-Windows-vs-BLD-AR-Walls
16:35:01.823  +0895.704s  STEP     IMAGES        entered again. Every further visit in this group is counted, not written out
16:35:02.618  +0896.492s  CLASH    OLD      BLD-AR-Doors-vs-BLD-AR-Floors  Navisworks has this test marked Old.
16:35:03.417  +0897.292s  CLASH    50 of 1770 tests, 4 run, 105 skipped, 3 clashes so far
16:35:03.430  +0897.305s  CLASH    OLD      BLD-AR-Doors-vs-BLD-AR-Walls  Navisworks has this test marked Old.
16:35:04.719  +0898.593s  CLASH    OLD      BLD-AR-Doors-vs-BLD-AR-Windows  Navisworks has this test marked Old.
16:35:05.002  +0898.881s  CLASH    75 of 1770 tests, 6 run, 128 skipped, 5 clashes so far
16:35:05.105  +0898.980s  CLASH    100 of 1770 tests, 6 run, 153 skipped, 5 clashes so far
16:35:05.139  +0899.016s  CLASH    OLD      BLD-ST-Foundation-vs-BLD-AR-Floors  Navisworks has this test marked Old.
16:35:05.416  +0899.291s  CLASH    125 of 1770 tests, 7 run, 177 skipped, 5 clashes so far
16:35:05.416  +0899.304s  CLASH    OLD      BLD-ST-Foundation-vs-BLD-AR-Walls  Navisworks has this test marked Old.
16:35:05.680  +0899.555s  CLASH    OLD      BLD-ST-Foundation-vs-BLD-AR-Windows  Navisworks has this test marked Old.
16:35:06.326  +0900.200s  CLASH    OLD      BLD-ST-Foundation-vs-BLD-AR-Doors  Navisworks has this test marked Old.
16:35:07.241  +0901.115s  CLASH    OLD      BLD-ST-Columns-vs-BLD-AR-Floors  Navisworks has this test marked Old.
16:35:07.598  +0901.473s  CLASH    OLD      BLD-ST-Columns-vs-BLD-AR-Walls  Navisworks has this test marked Old.
16:35:07.878  +0901.753s  CLASH    OLD      BLD-ST-Columns-vs-BLD-AR-Windows  Navisworks has this test marked Old.
16:35:08.577  +0902.452s  CLASH    OLD      BLD-ST-Columns-vs-BLD-AR-Doors  Navisworks has this test marked Old.
16:35:08.893  +0902.768s  CLASH    150 of 1770 tests, 14 run, 195 skipped, 5 clashes so far
16:35:08.910  +0902.784s  CLASH    OLD      BLD-ST-Columns-vs-BLD-ST-Foundation  Navisworks has this test marked Old.
16:35:09.156  +0903.031s  CLASH    OLD      BLD-ST-Framing-vs-BLD-AR-Floors  Navisworks has this test marked Old.
16:35:09.531  +0903.406s  CLASH    OLD      BLD-ST-Framing-vs-BLD-AR-Walls  Navisworks has this test marked Old.
16:35:09.778  +0903.652s  CLASH    OLD      BLD-ST-Framing-vs-BLD-AR-Windows  Navisworks has this test marked Old.
16:35:10.045  +0903.919s  CLASH    OLD      BLD-ST-Framing-vs-BLD-AR-Doors  Navisworks has this test marked Old.
16:35:10.359  +0904.234s  CLASH    OLD      BLD-ST-Framing-vs-BLD-ST-Foundation  Navisworks has this test marked Old.
16:35:10.641  +0904.515s  CLASH    OLD      BLD-ST-Framing-vs-BLD-ST-Columns  Navisworks has this test marked Old.
16:35:10.908  +0904.783s  CLASH    OLD      BLD-ST-Walls-vs-BLD-AR-Floors  Navisworks has this test marked Old.
16:35:11.159  +0905.034s  CLASH    175 of 1770 tests, 22 run, 212 skipped, 5 clashes so far
16:35:11.265  +0905.140s  CLASH    OLD      BLD-ST-Walls-vs-BLD-AR-Walls  Navisworks has this test marked Old.
16:35:11.983  +0905.859s  CLASH    OLD      BLD-ST-Walls-vs-BLD-AR-Windows  Navisworks has this test marked Old.
16:35:12.949  +0906.823s  CLASH    OLD      BLD-ST-Walls-vs-BLD-AR-Doors  Navisworks has this test marked Old.
16:35:13.457  +0907.331s  CLASH    OLD      BLD-ST-Walls-vs-BLD-ST-Foundation  Navisworks has this test marked Old.
16:35:15.358  +0909.232s  CLASH    OLD      BLD-ST-Walls-vs-BLD-ST-Columns  Navisworks has this test marked Old.
16:35:15.833  +0909.708s  CLASH    OLD      BLD-ST-Walls-vs-BLD-ST-Framing  Navisworks has this test marked Old.
16:35:16.288  +0910.163s  CLASH    OLD      BLD-ST-Floors-vs-BLD-AR-Floors  Navisworks has this test marked Old.
16:35:16.615  +0910.490s  CLASH    OLD      BLD-ST-Floors-vs-BLD-AR-Walls  Navisworks has this test marked Old.
16:35:16.910  +0910.785s  CLASH    OLD      BLD-ST-Floors-vs-BLD-AR-Windows  Navisworks has this test marked Old.
16:35:17.313  +0911.188s  CLASH    200 of 1770 tests, 31 run, 228 skipped, 8 clashes so far
16:35:17.393  +0911.268s  CLASH    OLD      BLD-ST-Floors-vs-BLD-AR-Doors  Navisworks has this test marked Old.
16:35:17.767  +0911.641s  CLASH    OLD      BLD-ST-Floors-vs-BLD-ST-Foundation  Navisworks has this test marked Old.
16:35:18.078  +0911.953s  CLASH    OLD      BLD-ST-Floors-vs-BLD-ST-Columns  Navisworks has this test marked Old.
16:35:18.342  +0912.217s  CLASH    OLD      BLD-ST-Floors-vs-BLD-ST-Framing  Navisworks has this test marked Old.
16:35:18.621  +0912.496s  CLASH    OLD      BLD-ST-Floors-vs-BLD-ST-Walls  Navisworks has this test marked Old.
16:35:18.938  +0912.812s  CLASH    225 of 1770 tests, 36 run, 248 skipped, 8 clashes so far
16:35:18.970  +0912.845s  CLASH    250 of 1770 tests, 36 run, 273 skipped, 8 clashes so far
16:35:19.013  +0912.888s  CLASH    275 of 1770 tests, 36 run, 298 skipped, 8 clashes so far
16:35:19.047  +0912.922s  CLASH    300 of 1770 tests, 36 run, 323 skipped, 8 clashes so far
16:35:19.064  +0912.939s  CLASH    325 of 1770 tests, 36 run, 348 skipped, 8 clashes so far
16:35:19.126  +0913.000s  CLASH    350 of 1770 tests, 36 run, 373 skipped, 8 clashes so far
16:35:19.137  +0913.011s  CLASH    375 of 1770 tests, 36 run, 398 skipped, 8 clashes so far
16:35:19.150  +0913.025s  CLASH    400 of 1770 tests, 36 run, 423 skipped, 8 clashes so far
16:35:19.164  +0913.038s  CLASH    425 of 1770 tests, 36 run, 448 skipped, 8 clashes so far
16:35:19.176  +0913.050s  CLASH    450 of 1770 tests, 36 run, 473 skipped, 8 clashes so far
16:35:19.191  +0913.065s  CLASH    475 of 1770 tests, 36 run, 498 skipped, 8 clashes so far
16:35:19.208  +0913.083s  CLASH    500 of 1770 tests, 36 run, 523 skipped, 8 clashes so far
16:35:19.229  +0913.104s  CLASH    525 of 1770 tests, 36 run, 548 skipped, 8 clashes so far
16:35:19.247  +0913.121s  CLASH    550 of 1770 tests, 36 run, 573 skipped, 8 clashes so far
16:35:19.265  +0913.140s  CLASH    575 of 1770 tests, 36 run, 598 skipped, 8 clashes so far
16:35:19.330  +0913.204s  CLASH    600 of 1770 tests, 36 run, 623 skipped, 8 clashes so far
16:35:19.348  +0913.223s  CLASH    625 of 1770 tests, 36 run, 648 skipped, 8 clashes so far
16:35:19.366  +0913.241s  CLASH    650 of 1770 tests, 36 run, 673 skipped, 8 clashes so far
16:35:19.384  +0913.259s  CLASH    675 of 1770 tests, 36 run, 698 skipped, 8 clashes so far
16:35:19.401  +0913.276s  CLASH    700 of 1770 tests, 36 run, 723 skipped, 8 clashes so far
16:35:19.419  +0913.294s  CLASH    725 of 1770 tests, 36 run, 748 skipped, 8 clashes so far
16:35:19.435  +0913.310s  CLASH    750 of 1770 tests, 36 run, 773 skipped, 8 clashes so far
16:35:19.454  +0913.328s  CLASH    775 of 1770 tests, 36 run, 798 skipped, 8 clashes so far
16:35:19.502  +0913.376s  CLASH    800 of 1770 tests, 36 run, 823 skipped, 8 clashes so far
16:35:19.528  +0913.402s  CLASH    825 of 1770 tests, 36 run, 848 skipped, 8 clashes so far
16:35:19.997  +0913.871s  CLASH    850 of 1770 tests, 36 run, 873 skipped, 8 clashes so far
16:35:20.048  +0913.924s  CLASH    875 of 1770 tests, 36 run, 898 skipped, 8 clashes so far
16:35:20.086  +0913.961s  CLASH    900 of 1770 tests, 36 run, 923 skipped, 8 clashes so far
16:35:20.147  +0914.021s  CLASH    OLD      BLD-DR-Pipes & Pipe Fittings-vs-BLD-AR-Floors  Navisworks has this test marked Old.
16:35:20.802  +0914.676s  CLASH    OLD      BLD-DR-Pipes & Pipe Fittings-vs-BLD-AR-Walls  Navisworks has this test marked Old.
16:35:21.132  +0915.007s  CLASH    OLD      BLD-DR-Pipes & Pipe Fittings-vs-BLD-AR-Windows  Navisworks has this test marked Old.
16:35:21.477  +0915.352s  CLASH    OLD      BLD-DR-Pipes & Pipe Fittings-vs-BLD-AR-Doors  Navisworks has this test marked Old.
16:35:21.822  +0915.696s  CLASH    OLD      BLD-DR-Pipes & Pipe Fittings-vs-BLD-ST-Foundation  Navisworks has this test marked Old.
16:35:22.128  +0916.003s  CLASH    OLD      BLD-DR-Pipes & Pipe Fittings-vs-BLD-ST-Columns  Navisworks has this test marked Old.
16:35:22.440  +0916.314s  CLASH    OLD      BLD-DR-Pipes & Pipe Fittings-vs-BLD-ST-Framing  Navisworks has this test marked Old.
16:35:22.768  +0916.643s  CLASH    OLD      BLD-DR-Pipes & Pipe Fittings-vs-BLD-ST-Walls  Navisworks has this test marked Old.
16:35:23.101  +0916.975s  CLASH    OLD      BLD-DR-Pipes & Pipe Fittings-vs-BLD-ST-Floors  Navisworks has this test marked Old.
16:35:23.672  +0917.547s  CLASH    925 of 1770 tests, 45 run, 939 skipped, 10 clashes so far
16:35:23.704  +0917.579s  CLASH    950 of 1770 tests, 45 run, 964 skipped, 10 clashes so far
16:35:23.735  +0917.609s  CLASH    975 of 1770 tests, 45 run, 989 skipped, 10 clashes so far
16:35:23.776  +0917.650s  CLASH    OLD      BLD-DR-Plumbing Fixtures-vs-BLD-AR-Floors  Navisworks has this test marked Old.
16:35:24.115  +0917.990s  CLASH    OLD      BLD-DR-Plumbing Fixtures-vs-BLD-AR-Walls  Navisworks has this test marked Old.
16:35:24.441  +0918.316s  CLASH    OLD      BLD-DR-Plumbing Fixtures-vs-BLD-AR-Windows  Navisworks has this test marked Old.
16:35:25.094  +0918.968s  CLASH    1000 of 1770 tests, 48 run, 1011 skipped, 10 clashes so far
16:35:25.205  +0919.079s  CLASH    OLD      BLD-DR-Plumbing Fixtures-vs-BLD-AR-Doors  Navisworks has this test marked Old.
16:35:25.595  +0919.469s  CLASH    OLD      BLD-DR-Plumbing Fixtures-vs-BLD-ST-Foundation  Navisworks has this test marked Old.
16:35:26.064  +0919.939s  CLASH    OLD      BLD-DR-Plumbing Fixtures-vs-BLD-ST-Columns  Navisworks has this test marked Old.
16:35:26.393  +0920.267s  CLASH    OLD      BLD-DR-Plumbing Fixtures-vs-BLD-ST-Framing  Navisworks has this test marked Old.
16:35:26.986  +0920.860s  CLASH    OLD      BLD-DR-Plumbing Fixtures-vs-BLD-ST-Walls  Navisworks has this test marked Old.
16:35:27.699  +0921.573s  CLASH    OLD      BLD-DR-Plumbing Fixtures-vs-BLD-ST-Floors  Navisworks has this test marked Old.
16:35:28.666  +0922.541s  CLASH    1025 of 1770 tests, 54 run, 1030 skipped, 11 clashes so far
16:35:28.679  +0922.554s  CLASH    OLD      BLD-DR-Plumbing Fixtures-vs-BLD-DR-Pipes & Pipe Fittings  Navisworks has this test marked Old.
16:35:28.913  +0922.787s  CLASH    1050 of 1770 tests, 55 run, 1054 skipped, 11 clashes so far
16:35:28.928  +0922.803s  CLASH    1075 of 1770 tests, 55 run, 1079 skipped, 11 clashes so far
16:35:28.994  +0922.869s  CLASH    OLD      BLD-EL-Electrical Equipment-vs-BLD-AR-Floors  Navisworks has this test marked Old.
16:35:29.224  +0923.099s  CLASH    OLD      BLD-EL-Electrical Equipment-vs-BLD-AR-Walls  Navisworks has this test marked Old.
16:35:29.457  +0923.332s  CLASH    OLD      BLD-EL-Electrical Equipment-vs-BLD-AR-Windows  Navisworks has this test marked Old.
16:35:29.703  +0923.578s  CLASH    OLD      BLD-EL-Electrical Equipment-vs-BLD-AR-Doors  Navisworks has this test marked Old.
16:35:29.922  +0923.797s  CLASH    OLD      BLD-EL-Electrical Equipment-vs-BLD-ST-Foundation  Navisworks has this test marked Old.
16:35:30.239  +0924.113s  CLASH    OLD      BLD-EL-Electrical Equipment-vs-BLD-ST-Columns  Navisworks has this test marked Old.
16:35:30.584  +0924.458s  CLASH    1100 of 1770 tests, 61 run, 1098 skipped, 13 clashes so far
16:35:30.594  +0924.475s  CLASH    OLD      BLD-EL-Electrical Equipment-vs-BLD-ST-Framing  Navisworks has this test marked Old.
16:35:31.299  +0925.173s  CLASH    OLD      BLD-EL-Electrical Equipment-vs-BLD-ST-Walls  Navisworks has this test marked Old.
16:35:32.181  +0926.056s  CLASH    OLD      BLD-EL-Electrical Equipment-vs-BLD-ST-Floors  Navisworks has this test marked Old.
16:35:33.038  +0926.913s  CLASH    1125 of 1770 tests, 64 run, 1120 skipped, 15 clashes so far
16:35:33.100  +0926.987s  CLASH    OLD      BLD-EL-Electrical Equipment-vs-BLD-DR-Pipes & Pipe Fittings  Navisworks has this test marked Old.
16:35:33.616  +0927.491s  CLASH    OLD      BLD-EL-Electrical Equipment-vs-BLD-DR-Plumbing Fixtures  Navisworks has this test marked Old.
16:35:33.944  +0927.819s  CLASH    OLD      BLD-EL-Electrical Fixtures-vs-BLD-AR-Floors  Navisworks has this test marked Old.
16:35:34.333  +0928.208s  CLASH    OLD      BLD-EL-Electrical Fixtures-vs-BLD-AR-Walls  Navisworks has this test marked Old.
16:35:34.702  +0928.577s  CLASH    OLD      BLD-EL-Electrical Fixtures-vs-BLD-AR-Windows  Navisworks has this test marked Old.
16:35:35.133  +0929.009s  CLASH    OLD      BLD-EL-Electrical Fixtures-vs-BLD-AR-Doors  Navisworks has this test marked Old.
16:35:35.411  +0929.286s  CLASH    OLD      BLD-EL-Electrical Fixtures-vs-BLD-ST-Foundation  Navisworks has this test marked Old.
16:35:35.702  +0929.576s  CLASH    OLD      BLD-EL-Electrical Fixtures-vs-BLD-ST-Columns  Navisworks has this test marked Old.
16:35:36.080  +0929.955s  CLASH    OLD      BLD-EL-Electrical Fixtures-vs-BLD-ST-Framing  Navisworks has this test marked Old.
16:35:37.101  +0930.976s  CLASH    OLD      BLD-EL-Electrical Fixtures-vs-BLD-ST-Walls  Navisworks has this test marked Old.
16:35:39.027  +0932.902s  CLASH    OLD      BLD-EL-Electrical Fixtures-vs-BLD-ST-Floors  Navisworks has this test marked Old.
16:35:40.410  +0934.284s  CLASH    1150 of 1770 tests, 75 run, 1134 skipped, 15 clashes so far
16:35:40.745  +0934.619s  CLASH    OLD      BLD-EL-Electrical Fixtures-vs-BLD-DR-Pipes & Pipe Fittings  Navisworks has this test marked Old.
16:35:42.413  +0936.288s  CLASH    OLD      BLD-EL-Electrical Fixtures-vs-BLD-DR-Plumbing Fixtures  Navisworks has this test marked Old.
16:35:43.503  +0937.378s  CLASH    1175 of 1770 tests, 77 run, 1157 skipped, 15 clashes so far
16:35:43.575  +0937.449s  CLASH    OLD      BLD-EL-Electrical Fixtures-vs-BLD-EL-Electrical Equipment  Navisworks has this test marked Old.
16:35:44.187  +0938.062s  CLASH    OLD      BLD-EL-Conduits & Conduit Fittings-vs-BLD-AR-Floors  Navisworks has this test marked Old.
16:35:44.859  +0938.734s  CLASH    OLD      BLD-EL-Conduits & Conduit Fittings-vs-BLD-AR-Walls  Navisworks has this test marked Old.
16:35:45.607  +0939.482s  CLASH    OLD      BLD-EL-Conduits & Conduit Fittings-vs-BLD-AR-Windows  Navisworks has this test marked Old.
16:35:45.939  +0939.814s  CLASH    OLD      BLD-EL-Conduits & Conduit Fittings-vs-BLD-AR-Doors  Navisworks has this test marked Old.
16:35:46.308  +0940.183s  CLASH    OLD      BLD-EL-Conduits & Conduit Fittings-vs-BLD-ST-Foundation  Navisworks has this test marked Old.
16:35:46.665  +0940.539s  STATUS   a clash carries one of five: New, Active, Reviewed, Approved, Resolved
16:35:46.697  +0940.571s  STATUS   a TEST carries one of four: New, Old, Partial, Complete
16:35:46.722  +0940.597s  STATUS   the two sets are different things and share only the word New
16:35:46.747  +0940.622s  STATUS   Old is a test word and never a clash word, so no clash is ever at Old and nothing here ever moves one from it
16:35:46.776  +0940.651s  STATUS   this tool sets Reviewed and nothing else. Approved and Resolved are a person's decision about work that was actually done
16:35:46.822  +0940.696s  STATUS   Clash1  Active to Reviewed
16:35:47.044  +0940.918s  CLASH    OLD      BLD-EL-Conduits & Conduit Fittings-vs-BLD-ST-Columns  Navisworks has this test marked Old.
16:35:47.451  +0941.326s  CLASH    OLD      BLD-EL-Conduits & Conduit Fittings-vs-BLD-ST-Framing  Navisworks has this test marked Old.
16:35:47.904  +0941.779s  CLASH    OLD      BLD-EL-Conduits & Conduit Fittings-vs-BLD-ST-Walls  Navisworks has this test marked Old.
16:35:48.216  +0942.090s  STATUS   Clash1  Active to Reviewed
16:35:48.240  +0942.115s  STATUS   Clash2  Active to Reviewed
16:35:48.254  +0942.129s  STATUS   Clash4  Active to Reviewed
16:35:48.516  +0942.390s  CLASH    OLD      BLD-EL-Conduits & Conduit Fittings-vs-BLD-ST-Floors  Navisworks has this test marked Old.
16:35:48.753  +0942.628s  STATUS   Clash1  Active to Reviewed
16:35:48.936  +0942.810s  CLASH    1200 of 1770 tests, 87 run, 1172 skipped, 22 clashes so far
16:35:48.952  +0942.826s  CLASH    OLD      BLD-EL-Conduits & Conduit Fittings-vs-BLD-DR-Pipes & Pipe Fittings  Navisworks has this test marked Old.
16:35:49.232  +0943.106s  CLASH    OLD      BLD-EL-Conduits & Conduit Fittings-vs-BLD-DR-Plumbing Fixtures  Navisworks has this test marked Old.
16:35:49.514  +0943.388s  CLASH    OLD      BLD-EL-Conduits & Conduit Fittings-vs-BLD-EL-Electrical Equipment  Navisworks has this test marked Old.
16:35:50.164  +0944.039s  CLASH    1225 of 1770 tests, 90 run, 1194 skipped, 28 clashes so far
16:35:50.176  +0944.051s  CLASH    OLD      BLD-EL-Conduits & Conduit Fittings-vs-BLD-EL-Electrical Fixtures  Navisworks has this test marked Old.
16:35:50.446  +0944.321s  CLASH    OLD      BLD-EL-Devices-vs-BLD-AR-Floors  Navisworks has this test marked Old.
16:35:50.696  +0944.570s  CLASH    OLD      BLD-EL-Devices-vs-BLD-AR-Walls  Navisworks has this test marked Old.
16:35:50.969  +0944.843s  CLASH    OLD      BLD-EL-Devices-vs-BLD-AR-Windows  Navisworks has this test marked Old.
16:35:51.209  +0945.085s  CLASH    OLD      BLD-EL-Devices-vs-BLD-AR-Doors  Navisworks has this test marked Old.
16:35:51.481  +0945.357s  CLASH    OLD      BLD-EL-Devices-vs-BLD-ST-Foundation  Navisworks has this test marked Old.
16:35:51.783  +0945.658s  CLASH    OLD      BLD-EL-Devices-vs-BLD-ST-Columns  Navisworks has this test marked Old.
16:35:52.183  +0946.058s  CLASH    OLD      BLD-EL-Devices-vs-BLD-ST-Framing  Navisworks has this test marked Old.
16:35:52.718  +0946.593s  CLASH    OLD      BLD-EL-Devices-vs-BLD-ST-Walls  Navisworks has this test marked Old.
16:35:52.968  +0946.843s  CLASH    OLD      BLD-EL-Devices-vs-BLD-ST-Floors  Navisworks has this test marked Old.
16:35:53.254  +0947.129s  CLASH    1250 of 1770 tests, 100 run, 1209 skipped, 28 clashes so far
16:35:53.285  +0947.165s  CLASH    OLD      BLD-EL-Devices-vs-BLD-DR-Pipes & Pipe Fittings  Navisworks has this test marked Old.
16:35:53.584  +0947.458s  CLASH    OLD      BLD-EL-Devices-vs-BLD-DR-Plumbing Fixtures  Navisworks has this test marked Old.
16:35:53.883  +0947.758s  CLASH    OLD      BLD-EL-Devices-vs-BLD-EL-Electrical Equipment  Navisworks has this test marked Old.
16:35:54.367  +0948.242s  CLASH    OLD      BLD-EL-Devices-vs-BLD-EL-Electrical Fixtures  Navisworks has this test marked Old.
16:35:54.779  +0948.654s  CLASH    1275 of 1770 tests, 104 run, 1230 skipped, 28 clashes so far
16:35:54.805  +0948.685s  CLASH    OLD      BLD-EL-Devices-vs-BLD-EL-Conduits & Conduit Fittings  Navisworks has this test marked Old.
16:35:55.215  +0949.090s  CLASH    OLD      BLD-EL-Lighting Fixtures-vs-BLD-AR-Floors  Navisworks has this test marked Old.
16:35:55.528  +0949.403s  CLASH    OLD      BLD-EL-Lighting Fixtures-vs-BLD-AR-Walls  Navisworks has this test marked Old.
16:35:55.850  +0949.725s  CLASH    OLD      BLD-EL-Lighting Fixtures-vs-BLD-AR-Windows  Navisworks has this test marked Old.
16:35:56.166  +0950.041s  CLASH    OLD      BLD-EL-Lighting Fixtures-vs-BLD-AR-Doors  Navisworks has this test marked Old.
16:35:56.633  +0950.510s  CLASH    OLD      BLD-EL-Lighting Fixtures-vs-BLD-ST-Foundation  Navisworks has this test marked Old.
16:35:57.051  +0950.925s  CLASH    OLD      BLD-EL-Lighting Fixtures-vs-BLD-ST-Columns  Navisworks has this test marked Old.
16:35:57.484  +0951.359s  CLASH    OLD      BLD-EL-Lighting Fixtures-vs-BLD-ST-Framing  Navisworks has this test marked Old.
16:35:57.749  +0951.623s  CLASH    OLD      BLD-EL-Lighting Fixtures-vs-BLD-ST-Walls  Navisworks has this test marked Old.
16:35:58.017  +0951.892s  CLASH    OLD      BLD-EL-Lighting Fixtures-vs-BLD-ST-Floors  Navisworks has this test marked Old.
16:35:58.245  +0952.119s  CLASH    1300 of 1770 tests, 114 run, 1245 skipped, 28 clashes so far
16:35:58.262  +0952.137s  CLASH    OLD      BLD-EL-Lighting Fixtures-vs-BLD-DR-Pipes & Pipe Fittings  Navisworks has this test marked Old.
16:35:58.588  +0952.462s  CLASH    OLD      BLD-EL-Lighting Fixtures-vs-BLD-DR-Plumbing Fixtures  Navisworks has this test marked Old.
16:35:58.851  +0952.726s  CLASH    OLD      BLD-EL-Lighting Fixtures-vs-BLD-EL-Electrical Equipment  Navisworks has this test marked Old.
16:35:59.081  +0952.955s  CLASH    OLD      BLD-EL-Lighting Fixtures-vs-BLD-EL-Electrical Fixtures  Navisworks has this test marked Old.
16:35:59.366  +0953.241s  CLASH    1325 of 1770 tests, 118 run, 1266 skipped, 29 clashes so far
16:35:59.416  +0953.293s  CLASH    OLD      BLD-EL-Lighting Fixtures-vs-BLD-EL-Conduits & Conduit Fittings  Navisworks has this test marked Old.
16:35:59.815  +0953.689s  CLASH    OLD      BLD-EL-Lighting Fixtures-vs-BLD-EL-Devices  Navisworks has this test marked Old.
16:36:00.311  +0954.186s  CLASH    OLD      BLD-EL-Lighting Devices-vs-BLD-AR-Floors  Navisworks has this test marked Old.
16:36:01.580  +0955.458s  CLASH    OLD      BLD-EL-Lighting Devices-vs-BLD-AR-Walls  Navisworks has this test marked Old.
16:36:02.272  +0956.147s  CLASH    OLD      BLD-EL-Lighting Devices-vs-BLD-AR-Windows  Navisworks has this test marked Old.
16:36:02.968  +0956.842s  CLASH    OLD      BLD-EL-Lighting Devices-vs-BLD-AR-Doors  Navisworks has this test marked Old.
16:36:03.269  +0957.144s  CLASH    OLD      BLD-EL-Lighting Devices-vs-BLD-ST-Foundation  Navisworks has this test marked Old.
16:36:03.509  +0957.384s  CLASH    OLD      BLD-EL-Lighting Devices-vs-BLD-ST-Columns  Navisworks has this test marked Old.
16:36:03.799  +0957.674s  CLASH    OLD      BLD-EL-Lighting Devices-vs-BLD-ST-Framing  Navisworks has this test marked Old.
16:36:04.050  +0957.925s  CLASH    OLD      BLD-EL-Lighting Devices-vs-BLD-ST-Walls  Navisworks has this test marked Old.
16:36:04.566  +0958.440s  CLASH    OLD      BLD-EL-Lighting Devices-vs-BLD-ST-Floors  Navisworks has this test marked Old.
16:36:04.879  +0958.753s  CLASH    1350 of 1770 tests, 129 run, 1280 skipped, 29 clashes so far
16:36:04.925  +0958.800s  CLASH    OLD      BLD-EL-Lighting Devices-vs-BLD-DR-Pipes & Pipe Fittings  Navisworks has this test marked Old.
16:36:05.612  +0959.487s  CLASH    OLD      BLD-EL-Lighting Devices-vs-BLD-DR-Plumbing Fixtures  Navisworks has this test marked Old.
16:36:06.233  +0960.109s  CLASH    OLD      BLD-EL-Lighting Devices-vs-BLD-EL-Electrical Equipment  Navisworks has this test marked Old.
16:36:06.700  +0960.574s  CLASH    1375 of 1770 tests, 132 run, 1302 skipped, 29 clashes so far
16:36:06.717  +0960.592s  CLASH    OLD      BLD-EL-Lighting Devices-vs-BLD-EL-Electrical Fixtures  Navisworks has this test marked Old.
16:36:07.228  +0961.103s  CLASH    OLD      BLD-EL-Lighting Devices-vs-BLD-EL-Conduits & Conduit Fittings  Navisworks has this test marked Old.
16:36:07.505  +0961.379s  CLASH    OLD      BLD-EL-Lighting Devices-vs-BLD-EL-Devices  Navisworks has this test marked Old.
16:36:07.877  +0961.752s  CLASH    OLD      BLD-EL-Lighting Devices-vs-BLD-EL-Lighting Fixtures  Navisworks has this test marked Old.
16:36:08.126  +0962.000s  CLASH    OLD      BLD-EL-Fire Alarm Devices-vs-BLD-AR-Floors  Navisworks has this test marked Old.
16:36:08.626  +0962.501s  CLASH    OLD      BLD-EL-Fire Alarm Devices-vs-BLD-AR-Walls  Navisworks has this test marked Old.
16:36:08.981  +0962.855s  CLASH    OLD      BLD-EL-Fire Alarm Devices-vs-BLD-AR-Windows  Navisworks has this test marked Old.
16:36:09.279  +0963.154s  CLASH    OLD      BLD-EL-Fire Alarm Devices-vs-BLD-AR-Doors  Navisworks has this test marked Old.
16:36:09.513  +0963.388s  CLASH    OLD      BLD-EL-Fire Alarm Devices-vs-BLD-ST-Foundation  Navisworks has this test marked Old.
16:36:09.780  +0963.655s  CLASH    OLD      BLD-EL-Fire Alarm Devices-vs-BLD-ST-Columns  Navisworks has this test marked Old.
16:36:10.026  +0963.900s  CLASH    OLD      BLD-EL-Fire Alarm Devices-vs-BLD-ST-Framing  Navisworks has this test marked Old.
16:36:10.463  +0964.338s  CLASH    OLD      BLD-EL-Fire Alarm Devices-vs-BLD-ST-Walls  Navisworks has this test marked Old.
16:36:10.854  +0964.728s  CLASH    OLD      BLD-EL-Fire Alarm Devices-vs-BLD-ST-Floors  Navisworks has this test marked Old.
16:36:11.104  +0964.978s  CLASH    1400 of 1770 tests, 145 run, 1314 skipped, 29 clashes so far
16:36:11.118  +0964.993s  CLASH    OLD      BLD-EL-Fire Alarm Devices-vs-BLD-DR-Pipes & Pipe Fittings  Navisworks has this test marked Old.
16:36:11.402  +0965.277s  CLASH    OLD      BLD-EL-Fire Alarm Devices-vs-BLD-DR-Plumbing Fixtures  Navisworks has this test marked Old.
16:36:11.697  +0965.571s  CLASH    1425 of 1770 tests, 147 run, 1337 skipped, 29 clashes so far
16:36:11.711  +0965.585s  CLASH    OLD      BLD-EL-Fire Alarm Devices-vs-BLD-EL-Electrical Equipment  Navisworks has this test marked Old.
16:36:11.981  +0965.856s  CLASH    OLD      BLD-EL-Fire Alarm Devices-vs-BLD-EL-Electrical Fixtures  Navisworks has this test marked Old.
16:36:12.259  +0966.134s  CLASH    OLD      BLD-EL-Fire Alarm Devices-vs-BLD-EL-Conduits & Conduit Fittings  Navisworks has this test marked Old.
16:36:12.504  +0966.379s  CLASH    OLD      BLD-EL-Fire Alarm Devices-vs-BLD-EL-Devices  Navisworks has this test marked Old.
16:36:12.756  +0966.630s  CLASH    OLD      BLD-EL-Fire Alarm Devices-vs-BLD-EL-Lighting Fixtures  Navisworks has this test marked Old.
16:36:13.019  +0966.894s  CLASH    OLD      BLD-EL-Fire Alarm Devices-vs-BLD-EL-Lighting Devices  Navisworks has this test marked Old.
16:36:13.312  +0967.186s  CLASH    1450 of 1770 tests, 153 run, 1356 skipped, 29 clashes so far
16:36:13.363  +0967.238s  CLASH    1475 of 1770 tests, 153 run, 1381 skipped, 29 clashes so far
16:36:13.386  +0967.261s  CLASH    1500 of 1770 tests, 153 run, 1406 skipped, 29 clashes so far
16:36:13.408  +0967.282s  CLASH    1525 of 1770 tests, 153 run, 1431 skipped, 29 clashes so far
16:36:13.435  +0967.309s  CLASH    1550 of 1770 tests, 153 run, 1456 skipped, 29 clashes so far
16:36:13.465  +0967.339s  CLASH    1575 of 1770 tests, 153 run, 1481 skipped, 29 clashes so far
16:36:13.489  +0967.364s  CLASH    1600 of 1770 tests, 153 run, 1506 skipped, 29 clashes so far
16:36:13.511  +0967.386s  CLASH    1625 of 1770 tests, 153 run, 1531 skipped, 29 clashes so far
16:36:13.588  +0967.463s  CLASH    1650 of 1770 tests, 153 run, 1556 skipped, 29 clashes so far
16:36:13.600  +0967.475s  CLASH    1675 of 1770 tests, 153 run, 1581 skipped, 29 clashes so far
16:36:13.611  +0967.486s  CLASH    1700 of 1770 tests, 153 run, 1606 skipped, 29 clashes so far
16:36:13.622  +0967.496s  CLASH    1725 of 1770 tests, 153 run, 1631 skipped, 29 clashes so far
16:36:13.635  +0967.510s  CLASH    1750 of 1770 tests, 153 run, 1656 skipped, 29 clashes so far
16:36:13.654  +0967.528s  CLASH    1770 of 1770 tests, 153 run, 1676 skipped, 29 clashes so far
16:36:13.665  +0967.540s  TOLERANCE 25 mm chosen in the tool, so it beats both the XML and the document. Set on 1770 tests, 0 created fresh and 1770 already in the document. 25 mm is 0.082021 ft in this document

================================================================
DRIFT C:\00-NM\Federation Task\C02 + 04\C02\NWF\1104-PAR-1A02WE-ZZZ-BM-MOD-000001.nwf  (4 models loaded)
================================================================
16:36:13.861  +0967.736s  1770 tests were already in the document and were compared against the file.
16:36:13.876  +0967.751s  Nothing has drifted. Every one of them matches the file.
16:36:13.901  +0967.776s  PRIORITY 1830 in the file, 1830 tests in this run, 1830 matched, 0 not named by the file

================================================================
PRIORITY 1A02WE
================================================================
16:36:14.067  +0967.942s  PRIORITY clashes by priority, 29 in all
16:36:14.081  +0967.956s           A           : 20
16:36:14.141  +0968.016s           B           : 3
16:36:14.156  +0968.030s           C           : 6
16:36:14.170  +0968.044s           No priority : 0

================================================================
CLASH 1A02WE
================================================================
16:36:14.226  +0968.101s  clashes BLD-AR-Windows-vs-BLD-AR-Walls  items 1 v 20  Reviewed 3  0.3s
16:36:14.237  +0968.112s  clashes BLD-AR-Doors-vs-BLD-AR-Walls  items 1 v 20  Reviewed 2  0.6s
16:36:14.251  +0968.126s  clashes BLD-ST-Walls-vs-BLD-ST-Foundation  items 15 v 6  Reviewed 3  0.8s
16:36:14.315  +0968.190s  clashes BLD-DR-Pipes & Pipe Fittings-vs-BLD-ST-Floors  items 4 v 3  Active 2  0.3s
16:36:14.331  +0968.205s  clashes BLD-DR-Plumbing Fixtures-vs-BLD-ST-Floors  items 1 v 3  Active 1  0.6s
16:36:14.352  +0968.226s  clashes BLD-EL-Electrical Equipment-vs-BLD-ST-Foundation  items 8 v 6  Active 1  0.2s
16:36:14.377  +0968.251s  clashes BLD-EL-Electrical Equipment-vs-BLD-ST-Columns  items 8 v 4  Active 1  0.2s
16:36:14.398  +0968.273s  clashes BLD-EL-Electrical Equipment-vs-BLD-ST-Walls  items 8 v 15  Active 1  0.3s
16:36:14.418  +0968.293s  clashes BLD-EL-Electrical Equipment-vs-BLD-ST-Floors  items 8 v 3  Active 1  0.4s
16:36:14.444  +0968.318s  clashes BLD-EL-Conduits & Conduit Fittings-vs-BLD-ST-Foundation  items 26 v 6  Reviewed 1  0.3s
16:36:14.459  +0968.333s  clashes BLD-EL-Conduits & Conduit Fittings-vs-BLD-ST-Walls  items 26 v 15  Reviewed 4  0.2s
16:36:14.471  +0968.345s  clashes BLD-EL-Conduits & Conduit Fittings-vs-BLD-ST-Floors  items 26 v 3  Reviewed 2  0.2s
16:36:14.490  +0968.365s  clashes BLD-EL-Conduits & Conduit Fittings-vs-BLD-EL-Electrical Equipment  items 26 v 8  Reviewed 6  0.2s
16:36:14.508  +0968.383s  clashes BLD-EL-Lighting Fixtures-vs-BLD-DR-Pipes & Pipe Fittings  items 6 v 4  Active 1  0.2s
16:36:14.525  +0968.399s  PASSED 139 tests, ran and found nothing
16:36:14.539  +0968.414s          passed  BLD-AR-Walls-vs-BLD-AR-Floors  items 20 v 4  none  0.5s
16:36:14.552  +0968.427s          passed  BLD-AR-Windows-vs-BLD-AR-Floors  items 1 v 4  none  0.2s
16:36:14.565  +0968.440s          passed  BLD-AR-Doors-vs-BLD-AR-Floors  items 1 v 4  none  0.7s
16:36:14.577  +0968.451s          passed  BLD-AR-Doors-vs-BLD-AR-Windows  items 1 v 1  none  0.2s
16:36:14.590  +0968.465s          passed  BLD-ST-Foundation-vs-BLD-AR-Floors  items 6 v 4  none  0.2s
16:36:14.601  +0968.476s          and 134 more that ran and found nothing, counted and not listed
16:36:14.613  +0968.487s  SKIPPED 1677 tests, a side finds nothing in this model
16:36:14.624  +0968.499s          BLD-DR-Pipe Accessories-vs-BLD-AR-Floors  the left side "lcop_selection_set_tree/Mechanical/Mechanical-Drainage/BLD-DR-Pipe Accessories" finds nothing in this model, the right finds 4
16:36:14.643  +0968.517s          BLD-DR-Pipe Accessories-vs-BLD-AR-Stairs  both sides find nothing in this model, left "lcop_selection_set_tree/Mechanical/Mechanical-Drainage/BLD-DR-Pipe Accessories" and right "lcop_selection_set_tree/Architecture/BLD-AR-Stairs"
16:36:14.725  +0968.600s          BLD-DR-Pipe Accessories-vs-BLD-AR-Ramps  both sides find nothing in this model, left "lcop_selection_set_tree/Mechanical/Mechanical-Drainage/BLD-DR-Pipe Accessories" and right "lcop_selection_set_tree/Architecture/BLD-AR-Ramps"
16:36:14.794  +0968.668s          BLD-DR-Pipe Accessories-vs-BLD-AR-Roofs  both sides find nothing in this model, left "lcop_selection_set_tree/Mechanical/Mechanical-Drainage/BLD-DR-Pipe Accessories" and right "lcop_selection_set_tree/Architecture/BLD-AR-Roofs"
16:36:14.872  +0968.747s          BLD-DR-Pipe Accessories-vs-BLD-AR-Ceilings  both sides find nothing in this model, left "lcop_selection_set_tree/Mechanical/Mechanical-Drainage/BLD-DR-Pipe Accessories" and right "lcop_selection_set_tree/Architecture/BLD-AR-Ceilings"
16:36:14.905  +0968.779s          and 1672 more skipped for the same reason, counted and not listed
16:36:14.926  +0968.800s  
16:36:14.973  +0968.848s  ran against       : C:\00-NM\Federation Task\C02 + 04\C02\NWF\1104-PAR-1A02WE-ZZZ-BM-MOD-000001.nwf  (4 models loaded)
16:36:14.988  +0968.863s  tests in the file : 1830
16:36:15.004  +0968.879s  tests created     : 0
16:36:15.019  +0968.893s  already there     : 1770, left alone with their results
16:36:15.035  +0968.910s  tests skipped     : 1677, not run and not passed
16:36:15.050  +0968.924s       1677  a side finds nothing in this model
16:36:15.063  +0968.937s  tests run         : 153
16:36:15.076  +0968.951s      passed        : 139, ran and found nothing
16:36:15.094  +0968.969s      with clashes  : 14
16:36:15.110  +0968.985s  clashes found     : 29
16:36:15.130  +0969.004s      New       : 0
16:36:15.143  +0969.018s      Active    : 8
16:36:15.160  +0969.034s      Reviewed  : 21
16:36:15.178  +0969.053s      Approved  : 0
16:36:15.221  +0969.095s      Resolved  : 0
16:36:15.241  +0969.115s  clash step took   : 75.5 seconds

================================================================
PENETRATION 1A02WE
================================================================
16:36:15.321  +0969.196s  REVIEWED Clash1  in BLD-EL-Conduits & Conduit Fittings-vs-BLD-ST-Foundation  Conduits 21mm through Structural Foundations
16:36:15.337  +0969.212s  REVIEWED Clash1  in BLD-EL-Conduits & Conduit Fittings-vs-BLD-ST-Walls  Conduits 21mm through Walls
16:36:15.361  +0969.235s  REVIEWED Clash2  in BLD-EL-Conduits & Conduit Fittings-vs-BLD-ST-Walls  Conduits 21mm through Walls
16:36:15.376  +0969.251s  REVIEWED Clash4  in BLD-EL-Conduits & Conduit Fittings-vs-BLD-ST-Walls  Conduits 21mm through Walls
16:36:15.392  +0969.266s  REVIEWED Clash1  in BLD-EL-Conduits & Conduit Fittings-vs-BLD-ST-Floors  Conduits 21mm through Floors
16:36:15.405  +0969.279s  
16:36:15.418  +0969.293s  clashes looked at : 29
16:36:15.431  +0969.305s  moved to Reviewed : 5
16:36:15.445  +0969.320s          2  the service is over the size, left alone
16:36:15.457  +0969.331s          0  no size could be read off the service, left alone
16:36:15.463  +0969.338s          2  a person had already set it, left alone
16:36:15.471  +0969.346s          0  both sides a service, left alone
16:36:15.479  +0969.353s          3  both sides a solid, left alone
16:36:15.487  +0969.362s         17  not a service against a solid, left alone
16:36:15.495  +0969.370s  the size in use   : 150mm or under is a penetration, over it stays as it was

================================================================
BY DESIGN 1A02WE
================================================================
16:36:15.542  +0969.417s  
16:36:15.554  +0969.428s  clashes looked at : 29
16:36:15.565  +0969.440s  moved to Reviewed : 0
16:36:15.579  +0969.453s         15  the two sets are not a pair in the file
16:36:15.591  +0969.465s         14  already Reviewed, Approved or Resolved, so somebody decided and it stands
16:36:15.600  +0969.475s          0  the penetration rule already asked for this one, so it moved there
16:36:15.609  +0969.484s          0  a side of the test named no set, so there was no pair to look for
16:36:15.618  +0969.492s  Nothing moved. Every clash is exactly as it was.

================================================================
ITEM IDS 1A02WE
================================================================
16:36:15.697  +0969.572s  Id supplied 58 item ids of 58, written as "Element ID"
16:36:15.724  +0969.599s  IMAGES   numbered in report order: 25 renamed, 4 already right, 0 missing
16:36:15.738  +0969.612s  IMAGES   29 written, 1.25 MB, 2.5 seconds in total.
16:36:15.755  +0969.629s           0.087 seconds each on average, quickest 0.035, slowest 0.344.
16:36:15.766  +0969.640s           44 KB each on average.
16:36:15.776  +0969.651s  CLASH    1A02WE finished. 0 created, 1770 already there, 153 run, 139 passed, 1677 skipped, 29 clashes in 75.5s.
16:36:15.791  +0969.665s  STEP     VIEWS         started
16:36:15.842  +0969.717s  CENSUS   before VIEWS  models 4  sets 62  tests 1830  results 29  views 52
16:36:16.724  +0970.598s  VIEWS    the model each clash item lives in was read for 29 of 29 clash(es) in scope
16:36:16.757  +0970.632s  VIEWS    both clashing items were pointed at for 29 of 29 clash(es) in scope
16:36:16.776  +0970.651s  CENSUS   after  VIEWS  models 4  sets 62  tests 1830  results 29  views 52
16:36:16.793  +0970.668s  STEP     VIEWS         finished 0.978s  0 created, 16 already there.

================================================================
VIEWS 1A02WE
================================================================
16:36:16.858  +0970.733s  clashes looked at : 29
16:36:16.870  +0970.745s  viewpoints planned: 16
16:36:16.883  +0970.758s          0  Approved or Resolved, so nobody is looking at it
16:36:16.911  +0970.786s         13  a service at or under the threshold, which is a penetration and not a coordination item
16:36:16.922  +0970.797s  size could not be read : 0, every one of them is in its pair folder and none was dropped
16:36:16.932  +0970.808s  a set name with no code this tool knows : 0, every one of them is in a folder saying UNKNOWN and none was guessed at

================================================================
VIEWS BUILT 1A02WE
================================================================
16:36:17.016  +0970.891s  VIEW     A/AR vs AR/BLD-AR-Windows-vs-BLD-AR-Walls  Clash1  already there, left alone, not made again
16:36:17.028  +0970.902s  VIEW     A/AR vs AR/BLD-AR-Windows-vs-BLD-AR-Walls  Clash2  already there, left alone, not made again
16:36:17.038  +0970.913s  VIEW     A/AR vs AR/BLD-AR-Windows-vs-BLD-AR-Walls  Clash3  already there, left alone, not made again
16:36:17.047  +0970.923s  VIEW     B/AR vs AR/BLD-AR-Doors-vs-BLD-AR-Walls  Clash1  already there, left alone, not made again
16:36:17.060  +0970.934s  VIEW     B/AR vs AR/BLD-AR-Doors-vs-BLD-AR-Walls  Clash2  already there, left alone, not made again
16:36:17.076  +0970.951s  VIEW     and 11 more created or already there, counted and not listed
16:36:17.096  +0970.971s  
16:36:17.105  +0970.981s  views created     : 0
16:36:17.113  +0970.988s  already there     : 16, left alone, not made again
16:36:17.122  +0970.996s  put into the document: 0 created, 16 already there and left alone
16:36:17.130  +0971.004s  STEP     NWF SAVE      started
16:36:17.152  +0971.027s  CENSUS   before NWF SAVE  models 4  sets 62  tests 1830  results 29  views 52
16:36:17.192  +0971.067s  NWF      attempt  C:\00-NM\Federation Task\C02 + 04\C02\NWF\1104-PAR-1A02WE-ZZZ-BM-MOD-000001.nwf
16:36:17.352  +0971.227s  NWF      written  C:\00-NM\Federation Task\C02 + 04\C02\NWF\1104-PAR-1A02WE-ZZZ-BM-MOD-000001.nwf  481,727 bytes
16:36:17.374  +0971.248s  CENSUS   after  NWF SAVE  models 4  sets 62  tests 1830  results 29  views 52
16:36:17.399  +0971.273s  STEP     NWF SAVE      finished 0.237s  saved 481727 bytes
16:36:17.418  +0971.293s  UNITS    every number converted from ft to m, one ft is 0.3048 m, 1830 tests and 29 rows. The report is written in Meters (m)
16:36:17.433  +0971.307s  STEP     WORKBOOK      started
16:36:17.446  +0971.320s  CENSUS   before WORKBOOK  models 4  sets 62  tests 1830  results 29  views 52
16:36:17.489  +0971.365s  XLSX     attempt  C:\00-NM\Federation Task\C02 + 04\C02\Clash Report\1104-PAR-1A02WE-ZZZ-BM-MOD-000001.xlsx
16:36:35.567  +0989.442s  XLSX     written  C:\00-NM\Federation Task\C02 + 04\C02\Clash Report\1104-PAR-1A02WE-ZZZ-BM-MOD-000001.xlsx  479,016 bytes

================================================================
WORKBOOK CHECK 1A02WE
================================================================
16:36:37.783  +0991.657s  CHECK    1 sheet, "1104-PAR-1A02WE-ZZZ-BM-MOD-0000", 1830 test blocks, 29 clash rows.
16:36:37.805  +0991.680s           the first blocks hold 0, 0, 0, 0, 0, 0, 0, 0 and so on.
16:36:37.829  +0991.704s           Every column, value shape, fill, border, row height and column width matches the client's report, and the blocks are in their order.
16:36:37.857  +0991.731s           Not compared: the font, the sheet name, freeze panes, print setup, merged ranges, and whether a value is true. See docs\history\scan.md 4q.
16:36:37.890  +0991.765s           The client column set was read from clash_report_html_tabular.xsl in the Navisworks install and from the exports in samples\client-report, never from a list typed into this tool.
16:36:37.914  +0991.789s  BLOCKS   1830 in the workbook, one for every test in the file
16:36:38.033  +0991.907s  CENSUS   after  WORKBOOK  models 4  sets 62  tests 1830  results 29  views 52
16:36:38.092  +0991.966s  STEP     WORKBOOK      finished 20.579s  wrote 479016 bytes
16:36:38.154  +0992.028s  STEP     HTML          started
16:36:38.193  +0992.068s  CENSUS   before HTML  models 4  sets 62  tests 1830  results 29  views 52
16:36:38.260  +0992.135s  HTML     attempt  C:\00-NM\Federation Task\C02 + 04\C02\Clash Report\1104-PAR-1A02WE-ZZZ-BM-MOD-000001.html
16:36:38.276  +0992.150s  LOGO     C:\Program Files\Autodesk\Navisworks Manage 2025\Images\logo.jpg copied into C:\00-NM\Federation Task\C02 + 04\C02\Clash Report\1104-PAR-1A02WE-ZZZ-BM-MOD-000001_files
16:36:38.481  +0992.356s  HTML     written  C:\00-NM\Federation Task\C02 + 04\C02\Clash Report\1104-PAR-1A02WE-ZZZ-BM-MOD-000001.html  3,884,533 bytes

================================================================
REPORT CHECK 1A02WE
================================================================
16:36:39.008  +0992.883s  CHECK    29 clash rows on the page.
16:36:39.086  +0992.961s           Item ID filled on 29 of 29 for item 1 and 29 of 29 for item 2.
16:36:39.123  +0992.997s           the first one reads Element ID: 981940
16:36:39.141  +0993.016s           no column the client's report does not have.
16:36:39.159  +0993.034s           the tolerance cell reads 0.025m
16:36:39.179  +0993.054s           29 picture references, 29 with a backslash, 29 on disk.
16:36:39.201  +0993.076s           the logo is 1104-PAR-1A02WE-ZZZ-BM-MOD-000001_files\logo.jpg and it is on disk.
16:36:39.217  +0993.092s           The tests are in the wrong order. Block 25 holds 0 clashes and block 26 holds 3. The client's report puts the most clashes first, so a reader is not scrolling past empty tests.
16:36:39.234  +0993.109s           The client column set was read from clash_report_html_tabular.xsl in the Navisworks install and from the exports in samples\client-report, never from a list typed into this tool.
16:36:39.288  +0993.163s  CENSUS   after  HTML  models 4  sets 62  tests 1830  results 29  views 52
16:36:39.328  +0993.203s  STEP     HTML          finished 1.121s  wrote 3884533 bytes
16:36:39.346  +0993.221s  XML      skipped  not wanted this run
16:36:39.364  +0993.238s  STEP     NWD           started
16:36:39.417  +0993.291s  CENSUS   before NWD  models 4  sets 62  tests 1830  results 29  views 52
16:36:39.494  +0993.368s  NWD      attempt  C:\00-NM\Federation Task\C02 + 04\C02\NWD\1104-PAR-1A02WE-ZZZ-BM-MOD-000001.nwd
16:36:39.510  +0993.385s  NWD      publish properties set: Title=1104-PAR-1A02WE-ZZZ-BM-MOD-000001, Publisher=Parsons NWC Federator, Subject=Federation of building 1A02WE, Author=bader, AllowResave=true, EmbedDatabaseProperties=true, PreventObjectPropertyExport=false
16:36:39.730  +0993.605s  NWD      written  C:\00-NM\Federation Task\C02 + 04\C02\NWD\1104-PAR-1A02WE-ZZZ-BM-MOD-000001.nwd  1,115,209 bytes
16:36:39.749  +0993.623s  CENSUS   after  NWD  models 4  sets 62  tests 1830  results 29  views 52
16:36:39.765  +0993.639s  STEP     NWD           finished 0.380s  published 1115209 bytes
16:36:39.778  +0993.652s  STEP     CONFIRM       started
16:36:39.794  +0993.669s  CENSUS   before CONFIRM  models 4  sets 62  tests 1830  results 29  views 52
16:36:39.839  +0993.714s  NWF      intact   C:\00-NM\Federation Task\C02 + 04\C02\NWF\1104-PAR-1A02WE-ZZZ-BM-MOD-000001.nwf  481,727 bytes, unchanged by publishing the NWD
16:36:39.864  +0993.739s  CENSUS   after  CONFIRM  models 4  sets 62  tests 1830  results 29  views 52
16:36:39.895  +0993.769s  STEP     CONFIRM       finished 0.074s  the NWF is 481727 bytes

================================================================
GAP 1A02WE
================================================================
16:36:39.972  +0993.847s  4 numbers are measured off every item and reach no output. Nothing here is a fault and nothing acts on it
16:36:39.986  +0993.861s  Family              58 of 58 item cells carry it  it would belong in a workbook column of ours, which is Q25
16:36:39.999  +0993.873s  Type Name           58 of 58 item cells carry it  it would belong in a workbook column of ours, which is Q25
16:36:40.012  +0993.887s  Material            38 of 58 item cells carry it  it would belong in a workbook column of ours, which is Q25
16:36:40.024  +0993.899s  Id From             58 of 58 item cells carry it  the ITEM IDS block counts it per property and no output names it per item
16:36:40.041  +0993.916s  STEP     TESTS RUN     153 visits, 51.176s in total
16:36:40.053  +0993.928s  STEP     HARVEST       153 visits, 7.799s in total
16:36:40.066  +0993.941s  STEP     IMAGES        29 visits, 2.726s in total
16:36:40.080  +0993.954s  CENSUS   cost 0.397s over 24 counts in this group. That is inside the 1.000s a group is allowed
16:36:40.095  +0993.970s  GROUP    finished 1A02WE  DONE  106.881s  Weekly run plus XML

================================================================
TIMING 1A02WE
================================================================
16:36:40.152  +0994.027s  TESTS RUN                51.176s   47.9%  153 visits
16:36:40.163  +0994.038s  WORKBOOK                 20.579s   19.3%
16:36:40.175  +0994.051s  HARVEST                   7.799s    7.3%  153 visits
16:36:40.184  +0994.059s  SETS                      2.811s    2.6%
16:36:40.193  +0994.067s  DECIDE                    1.377s    1.3%
16:36:40.202  +0994.077s  HTML                      1.121s    1.0%
16:36:40.212  +0994.086s  VIEWS                     0.978s    0.9%
16:36:40.223  +0994.098s  NWD                       0.380s    0.4%
16:36:40.241  +0994.116s  NWF SAVE                  0.237s    0.2%
16:36:40.251  +0994.126s  UNITS                     0.084s    0.1%
16:36:40.260  +0994.135s  CONFIRM                   0.074s    0.1%
16:36:40.270  +0994.145s  outside every step       20.265s   19.0%
16:36:40.280  +0994.154s  
16:36:40.290  +0994.165s  group total             106.881s
16:36:40.300  +0994.175s  outside every step is the work between them and the work nothing times yet
16:36:40.310  +0994.185s  
16:36:40.321  +0994.196s  inside another step, so these seconds are already counted above
16:36:40.334  +0994.208s  IMAGES                    2.726s    2.6%  29 visits
16:36:40.387  +0994.261s  GROUP    started  1A02WL  8 files
                          file     : C:\00-NM\Federation Task\C02 + 04\C02\NWC\1104-PAR-1A02WL-ZZZ-ME-MOD-000001.nwc
                          file     : C:\00-NM\Federation Task\C02 + 04\C02\NWC\1104-PAR-1A02WL-ZZZ-ME-MOD-000002.nwc
                          file     : C:\00-NM\Federation Task\C02 + 04\C02\NWC\1104-PAR-1A02WL-ZZZ-ST-MOD-000001.nwc
                          file     : C:\00-NM\Federation Task\C02 + 04\C02\NWC\1104-PAR-1A02WL-ZZZ-ST-MOD-000002.nwc
                          file     : C:\00-NM\Federation Task\C02 + 04\C02\NWC\1104-PAR-1A02WL-ZZZ-ST-MOD-000003.nwc
                          file     : C:\00-NM\Federation Task\C02 + 04\C02\NWC\1104-PAR-1A02WL-ZZZ-ST-MOD-000004.nwc
                          file     : C:\00-NM\Federation Task\C02 + 04\C02\NWC\1104-PAR-1A02WL-ZZZ-ST-MOD-000005.nwc
                          file     : C:\00-NM\Federation Task\C02 + 04\C02\NWC\1104-PAR-1A02WL-ZZZ-ST-MOD-000007.nwc
16:36:40.512  +0994.387s  CLEAR    the document, at the top of 1A02WL, before Decide
16:36:40.549  +0994.424s  CENSUS CLEAR  the document was emptied and every count read zero
16:36:40.563  +0994.437s  STEP     DECIDE        started
16:36:40.577  +0994.452s  CENSUS   before DECIDE  models 0  sets 0  tests 0  results 0  views 0
16:36:40.667  +0994.542s  OPEN     reading the file list out of C:\00-NM\Federation Task\C02 + 04\C02\NWF\1104-PAR-1A02WL-ZZZ-BM-MOD-000001.nwf
16:36:41.747  +0995.621s  LOADING  the NWF reported 8 models after 0.885s, steady over 3 reads 0.250s apart, over 3 readings in all
16:36:41.759  +0995.634s  LOADING  the scene loaded event fired 8 times, first at 0.0s and last at 0.1s after the open began, and the open returned at 0.2s
16:36:41.771  +0995.645s           holds   C:\00-NM\Federation Task\C02 + 04\C02\NWC\1104-PAR-1A02WL-ZZZ-ME-MOD-000001.nwc   [source Autodesk Docs://KSA_New Murabba/1104-PAR-1A02WL-ZZZ-ME-MOD-000001.rvt, file C:\00-NM\Federation Task\C02 + 04\C02\NWC\1104-PAR-1A02WL-ZZZ-ME-MOD-000001.nwc]
16:36:41.783  +0995.658s           holds   C:\00-NM\Federation Task\C02 + 04\C02\NWC\1104-PAR-1A02WL-ZZZ-ME-MOD-000002.nwc   [source Autodesk Docs://KSA_New Murabba/1104-PAR-1A02WL-ZZZ-ME-MOD-000002.rvt, file C:\00-NM\Federation Task\C02 + 04\C02\NWC\1104-PAR-1A02WL-ZZZ-ME-MOD-000002.nwc]
16:36:41.796  +0995.671s           holds   C:\00-NM\Federation Task\C02 + 04\C02\NWC\1104-PAR-1A02WL-ZZZ-ST-MOD-000001.nwc   [source Autodesk Docs://KSA_New Murabba/1104-PAR-1A02WL-ZZZ-ST-MOD-000001.rvt, file C:\00-NM\Federation Task\C02 + 04\C02\NWC\1104-PAR-1A02WL-ZZZ-ST-MOD-000001.nwc]
16:36:41.813  +0995.687s           holds   C:\00-NM\Federation Task\C02 + 04\C02\NWC\1104-PAR-1A02WL-ZZZ-ST-MOD-000002.nwc   [source Autodesk Docs://KSA_New Murabba/1104-PAR-1A02WL-ZZZ-ST-MOD-000002.rvt, file C:\00-NM\Federation Task\C02 + 04\C02\NWC\1104-PAR-1A02WL-ZZZ-ST-MOD-000002.nwc]
16:36:41.828  +0995.703s           holds   C:\00-NM\Federation Task\C02 + 04\C02\NWC\1104-PAR-1A02WL-ZZZ-ST-MOD-000003.nwc   [source Autodesk Docs://KSA_New Murabba/1104-PAR-1A02WL-ZZZ-ST-MOD-000003.rvt, file C:\00-NM\Federation Task\C02 + 04\C02\NWC\1104-PAR-1A02WL-ZZZ-ST-MOD-000003.nwc]
16:36:41.841  +0995.715s           holds   C:\00-NM\Federation Task\C02 + 04\C02\NWC\1104-PAR-1A02WL-ZZZ-ST-MOD-000004.nwc   [source Autodesk Docs://KSA_New Murabba/1104-PAR-1A02WL-ZZZ-ST-MOD-000004.rvt, file C:\00-NM\Federation Task\C02 + 04\C02\NWC\1104-PAR-1A02WL-ZZZ-ST-MOD-000004.nwc]
16:36:41.852  +0995.727s           holds   C:\00-NM\Federation Task\C02 + 04\C02\NWC\1104-PAR-1A02WL-ZZZ-ST-MOD-000005.nwc   [source Autodesk Docs://KSA_New Murabba/1104-PAR-1A02WL-ZZZ-ST-MOD-000005.rvt, file C:\00-NM\Federation Task\C02 + 04\C02\NWC\1104-PAR-1A02WL-ZZZ-ST-MOD-000005.nwc]
16:36:41.866  +0995.740s           holds   C:\00-NM\Federation Task\C02 + 04\C02\NWC\1104-PAR-1A02WL-ZZZ-ST-MOD-000007.nwc   [source Autodesk Docs://KSA_New Murabba/1104-PAR-1A02WL-ZZZ-ST-MOD-000007.rvt, file C:\00-NM\Federation Task\C02 + 04\C02\NWC\1104-PAR-1A02WL-ZZZ-ST-MOD-000007.nwc]
16:36:41.895  +0995.770s  CENSUS   after  DECIDE  models 8  sets 62  tests 1830  results 16  views 83
16:36:41.914  +0995.789s  STEP     DECIDE        finished 1.319s  Weekly run plus XML
16:36:41.926  +0995.801s  OPENED   C:\00-NM\Federation Task\C02 + 04\C02\NWF\1104-PAR-1A02WL-ZZZ-BM-MOD-000001.nwf
16:36:41.938  +0995.813s           the file list matches the scan, 8 files, so it was not cleared and nothing was re-appended
16:36:41.952  +0995.826s  NWF      reused   C:\00-NM\Federation Task\C02 + 04\C02\NWF\1104-PAR-1A02WL-ZZZ-BM-MOD-000001.nwf  249,834 bytes
16:36:41.963  +0995.837s  STEP     UNITS         started
16:36:41.980  +0995.854s  CENSUS   before UNITS  models 8  sets 62  tests 1830  results 16  views 83
16:36:42.179  +0996.054s  UNITS    the document is in Feet (ft) and the report needs Meters (m). Setting every model.
16:36:42.215  +0996.090s  UNITS    8 models set, 0 that would not, document shows Feet (ft). Every report number is converted to Meters (m) before it is written, so the report is metric whatever this says.
16:36:42.232  +0996.107s  CENSUS   after  UNITS  models 8  sets 62  tests 1830  results 16  views 83
16:36:42.250  +0996.125s  STEP     UNITS         finished 0.265s  the document was asked for Meters

================================================================
ALIGNMENT 1A02WL
================================================================
16:36:42.309  +0996.184s  ME  1104-PAR-1A02WL-ZZZ-ME-MOD-000001.nwc is the reference, because this group carries no AR model
16:36:42.317  +0996.191s     ME  1104-PAR-1A02WL-ZZZ-ME-MOD-000001.nwc   reference, shared coordinate "PW3_Shared_Location"
16:36:42.326  +0996.200s     ME  1104-PAR-1A02WL-ZZZ-ME-MOD-000002.nwc   DIFFERENT  dx 51713.87 mm  dy -12965.04 mm  dz 0 mm, shared coordinate "SWLS-02 MECH"
16:36:42.334  +0996.208s        ask the ME originator to re-export on the project shared coordinates
16:36:42.343  +0996.218s     ST  1104-PAR-1A02WL-ZZZ-ST-MOD-000001.nwc   DIFFERENT  dx 33912.79 mm  dy -10068.82 mm  dz 200 mm, shared coordinate "LS"
16:36:42.354  +0996.228s        ask the ST originator to re-export on the project shared coordinates
16:36:42.363  +0996.237s     ST  1104-PAR-1A02WL-ZZZ-ST-MOD-000002.nwc   DIFFERENT  dx 18449.25 mm  dy -26406.6 mm  dz 0 mm, shared coordinate "PWPS_FUEL TANK 01"
16:36:42.372  +0996.247s        ask the ST originator to re-export on the project shared coordinates
16:36:42.382  +0996.256s     ST  1104-PAR-1A02WL-ZZZ-ST-MOD-000003.nwc   DIFFERENT  dx -29445.37 mm  dy -50671.4 mm  dz 1635.68 mm, shared coordinate "NHC-PUMP STATION"
16:36:42.394  +0996.269s        ask the ST originator to re-export on the project shared coordinates
16:36:42.405  +0996.280s     ST  1104-PAR-1A02WL-ZZZ-ST-MOD-000004.nwc   DIFFERENT  dx 31960.14 mm  dy -22104.4 mm  dz -2750 mm, shared coordinate "Internal"
16:36:42.413  +0996.288s        ask the ST originator to re-export on the project shared coordinates
16:36:42.421  +0996.296s     ST  1104-PAR-1A02WL-ZZZ-ST-MOD-000005.nwc   DIFFERENT  dx 47938.72 mm  dy -3728.41 mm  dz -2493.2 mm, shared coordinate "Internal"
16:36:42.430  +0996.305s        ask the ST originator to re-export on the project shared coordinates
16:36:42.443  +0996.318s     ST  1104-PAR-1A02WL-ZZZ-ST-MOD-000007.nwc   DIFFERENT  dx -16631.47 mm  dy 48799.99 mm  dz 1626.06 mm, shared coordinate "NHC-PUMP STATION"
16:36:42.453  +0996.328s        ask the ST originator to re-export on the project shared coordinates
16:36:42.464  +0996.339s  7 of 8 model(s) sit somewhere the reference does not. Nothing is changed and the run goes on.
16:36:42.474  +0996.349s  this group names 6 different shared coordinates: Internal, LS, NHC-PUMP STATION, PW3_Shared_Location, PWPS_FUEL TANK 01, SWLS-02 MECH
16:36:42.482  +0996.357s  2 model(s) name their site "Internal", which is what Revit calls a model that was not exported on a shared site at all
16:36:42.492  +0996.366s  THIS GROUP IS FAILED. 2 model(s) were exported on Revit's internal origin and not on a shared site, which puts them in a different coordinate system from the rest of the group: ST  1104-PAR-1A02WL-ZZZ-ST-MOD-000004.nwc, ST  1104-PAR-1A02WL-ZZZ-ST-MOD-000005.nwc. Every output of this group was still written, so the evidence is there to send.

================================================================
EXPORT CHECK 1A02WL
================================================================
16:36:42.687  +0996.562s     ME  1104-PAR-1A02WL-ZZZ-ME-MOD-000001.nwc   elements 266   worksets 4   element id 100%
16:36:42.711  +0996.586s     ME  1104-PAR-1A02WL-ZZZ-ME-MOD-000002.nwc   elements 443   worksets 3   element id 100%
16:36:42.739  +0996.614s     ST  1104-PAR-1A02WL-ZZZ-ST-MOD-000001.nwc   elements 79   worksets 4   element id 100%
16:36:42.763  +0996.637s     ST  1104-PAR-1A02WL-ZZZ-ST-MOD-000002.nwc   elements 4   worksets 1   element id 100%
16:36:42.788  +0996.662s     ST  1104-PAR-1A02WL-ZZZ-ST-MOD-000003.nwc   elements 11   worksets 1   element id 100%
16:36:42.814  +0996.688s     ST  1104-PAR-1A02WL-ZZZ-ST-MOD-000004.nwc   elements 2   worksets 1   element id 100%
16:36:42.848  +0996.722s     ST  1104-PAR-1A02WL-ZZZ-ST-MOD-000005.nwc   elements 2   worksets 1   element id 100%
16:36:42.869  +0996.744s     ST  1104-PAR-1A02WL-ZZZ-ST-MOD-000007.nwc   elements 11   worksets 2   element id 100%
16:36:42.895  +0996.770s  all 8 model(s) carry a workset on every element and an element id on every element
16:36:42.916  +0996.791s  worksets seen: ME-Fuel, PL-Domestic water, PL-Drainage, PL-Drainage equipment, ME-Piping, Me-Piping-Odor, ME-Equipment, +Link-ST-***, ST-SUP, XX-St_placeholder, and 1 more, counted and not listed
16:36:42.947  +0996.821s     check these against the workset each set in the matrix asks for. The match is CASE SENSITIVE, so ME-Ductwork does not match ME-DUCTWORK and that set finds nothing
16:36:42.971  +0996.845s  1 pair(s) of workset names are close enough to be one word typed twice. NOTHING IS MERGED: a person reads these and fixes the models, because two of them in this project are real worksets one letter apart and no rule can tell which is which
16:36:42.996  +0996.871s     "ST-SUB" in 1104-PAR-1A02WL-ZZZ-ST-MOD-000001.nwc and 5 more   against   "ST-SUP" in 1104-PAR-1A02WL-ZZZ-ST-MOD-000001.nwc   ONE OR TWO LETTERS APART, so this may be a typo
16:36:43.124  +0996.998s  CLASH    source   tests from XML, the picked file holds 61 sets and 1830 tests
16:36:43.150  +0997.025s  STEP     SETS          started
16:36:43.203  +0997.078s  CENSUS   before SETS  models 8  sets 62  tests 1830  results 16  views 83
16:36:43.891  +0997.766s  SETS     1A02WL, 61 to build, 0 skipped
16:36:43.919  +0997.794s  SET      ran against C:\00-NM\Federation Task\C02 + 04\C02\NWF\1104-PAR-1A02WL-ZZZ-BM-MOD-000001.nwf  (8 models loaded)
16:36:43.952  +0997.827s  SET      present lcop_selection_set_tree/Architecture/BLD-AR-Floors  2 conditions  0 items  already there, left alone
16:36:43.980  +0997.855s  SET      present lcop_selection_set_tree/Architecture/BLD-AR-Stairs  2 conditions  0 items  already there, left alone
16:36:44.132  +0998.006s  SET      present lcop_selection_set_tree/Architecture/BLD-AR-Ramps  1 condition  0 items  already there, left alone
16:36:44.232  +0998.107s  SET      present lcop_selection_set_tree/Architecture/BLD-AR-Roofs  1 condition  0 items  already there, left alone
16:36:44.251  +0998.126s  SET      present lcop_selection_set_tree/Architecture/BLD-AR-Ceilings  1 condition  0 items  already there, left alone
16:36:44.294  +0998.168s  SET      present lcop_selection_set_tree/Architecture/BLD-AR-Columns  1 condition  0 items  already there, left alone
16:36:44.313  +0998.188s  SET      present lcop_selection_set_tree/Architecture/BLD-AR-Walls  2 conditions  0 items  already there, left alone
16:36:44.340  +0998.215s  SET      present lcop_selection_set_tree/Architecture/BLD-AR-Windows  1 condition  0 items  already there, left alone
16:36:44.376  +0998.251s  SET      present lcop_selection_set_tree/Architecture/BLD-AR-Curtain Panels  1 condition  0 items  already there, left alone
16:36:44.409  +0998.283s  SET      present lcop_selection_set_tree/Architecture/BLD-AR-Curtain Mullions  1 condition  0 items  already there, left alone
16:36:44.439  +0998.313s  SET      present lcop_selection_set_tree/Architecture/BLD-AR-Doors  1 condition  0 items  already there, left alone
16:36:44.467  +0998.342s  SET      present lcop_selection_set_tree/Architecture/BLD-AR-Casework  1 condition  0 items  already there, left alone
16:36:44.499  +0998.374s  SET      present lcop_selection_set_tree/Architecture/BLD-AR-Furniture  1 condition  0 items  already there, left alone
16:36:44.522  +0998.397s  SET      present lcop_selection_set_tree/Architecture/BLD-AR-Parking  1 condition  0 items  already there, left alone
16:36:44.548  +0998.423s  SET      present lcop_selection_set_tree/Architecture/BLD-AR-Railings  1 condition  0 items  already there, left alone
16:36:44.595  +0998.469s  SET      present lcop_selection_set_tree/Architecture/BLD-AR-Site  1 condition  0 items  already there, left alone
16:36:44.616  +0998.491s  SET      present lcop_selection_set_tree/Structure/BLD-ST-Foundation  1 condition  14 items  already there, left alone
16:36:44.632  +0998.507s  SET      present lcop_selection_set_tree/Structure/BLD-ST-Columns  1 condition  6 items  already there, left alone
16:36:44.659  +0998.534s  SET      present lcop_selection_set_tree/Structure/BLD-ST-Framing  1 condition  6 items  already there, left alone
16:36:44.689  +0998.564s  SET      present lcop_selection_set_tree/Structure/BLD-ST-Walls  2 conditions  31 items  already there, left alone
16:36:44.728  +0998.603s  SET      present lcop_selection_set_tree/Structure/BLD-ST-Floors  2 conditions  11 items  already there, left alone
16:36:44.758  +0998.632s  SET      present lcop_selection_set_tree/Structure/BLD-ST-Stair  2 conditions  0 items  already there, left alone
16:36:44.790  +0998.665s  SET      present lcop_selection_set_tree/Mechanical/Mechanical-HVAC/BLD-ME-Ducts&Duct Fittings  4 conditions  0 items  already there, left alone
16:36:44.821  +0998.696s  SET      present lcop_selection_set_tree/Mechanical/Mechanical-HVAC/BLD-ME-Duct Accessory  2 conditions  0 items  already there, left alone
16:36:44.849  +0998.723s  SET      present lcop_selection_set_tree/Mechanical/Mechanical-HVAC/BLD-ME-Mechanical Equipment  2 conditions  0 items  already there, left alone
16:36:44.880  +0998.754s  SET      present lcop_selection_set_tree/Mechanical/Mechanical-HVAC/BLD-ME-Flex Ducts  2 conditions  0 items  already there, left alone
16:36:44.899  +0998.773s  SET      present lcop_selection_set_tree/Mechanical/Mechanical-HVAC/BLD-ME-Air Terminals  2 conditions  0 items  already there, left alone
16:36:44.935  +0998.809s  SET      present lcop_selection_set_tree/Mechanical/Mechanical-HVAC/BLD-ME-Pipes&Pipe Fittings  4 conditions  0 items  already there, left alone
16:36:44.972  +0998.847s  SET      present lcop_selection_set_tree/Mechanical/Mechanical-HVAC/BLD-ME-Pipe Accessories  2 conditions  0 items  already there, left alone
16:36:45.003  +0998.878s  SET      present lcop_selection_set_tree/Mechanical/Mechanical-HVAC/BLD-ME-Plumbing Fixtures  2 conditions  0 items  already there, left alone
16:36:45.027  +0998.902s  SET      present lcop_selection_set_tree/Mechanical/Mechanical-HVAC/BLD-ME-Flex Pipes  2 conditions  0 items  already there, left alone
16:36:45.047  +0998.921s  SET      present lcop_selection_set_tree/Mechanical/Mechanical-Fire Fighting/BLD-FF-Mechanical Equipment  2 conditions  0 items  already there, left alone
16:36:45.069  +0998.943s  SET      present lcop_selection_set_tree/Mechanical/Mechanical-Fire Fighting/BLD-FF-Pipes & Pipe Fittings  4 conditions  0 items  already there, left alone
16:36:45.086  +0998.960s  SET      present lcop_selection_set_tree/Mechanical/Mechanical-Fire Fighting/BLD-FF-Pipe Accessories  2 conditions  0 items  already there, left alone
16:36:45.102  +0998.977s  SET      present lcop_selection_set_tree/Mechanical/Mechanical-Fire Fighting/BLD-FF-Pipe Insulations  2 conditions  0 items  already there, left alone
16:36:45.118  +0998.993s  SET      present lcop_selection_set_tree/Mechanical/Mechanical-Fire Fighting/BLD-FF-Plumbing Fixtures  2 conditions  0 items  already there, left alone
16:36:45.136  +0999.010s  SET      present lcop_selection_set_tree/Mechanical/Mechanical-Fire Fighting/BLD-FF-Sprinklers  2 conditions  0 items  already there, left alone
16:36:45.153  +0999.028s  SET      present lcop_selection_set_tree/Mechanical/Mechanical-Water Supply/BLD-PL-Mechanical Equipment  2 conditions  0 items  already there, left alone
16:36:45.189  +0999.064s  SET      present lcop_selection_set_tree/Mechanical/Mechanical-Water Supply/BLD-PL-Pipes & Pipe Fittings  4 conditions  0 items  already there, left alone
16:36:45.222  +0999.097s  SET      present lcop_selection_set_tree/Mechanical/Mechanical-Water Supply/BLD-PL-Pipe Accessories  2 conditions  0 items  already there, left alone
16:36:45.258  +0999.132s  SET      present lcop_selection_set_tree/Mechanical/Mechanical-Water Supply/BLD-PL-Pipe Insulations  2 conditions  0 items  already there, left alone
16:36:45.277  +0999.151s  SET      present lcop_selection_set_tree/Mechanical/Mechanical-Water Supply/BLD-PL-Plumbing Fixtures  2 conditions  0 items  already there, left alone
16:36:45.306  +0999.180s  SET      present lcop_selection_set_tree/Mechanical/Mechanical-Drainage/BLD-DR-Mechanical Equipment  2 conditions  0 items  already there, left alone
16:36:45.332  +0999.207s  SET      present lcop_selection_set_tree/Mechanical/Mechanical-Drainage/BLD-DR-Pipes & Pipe Fittings  4 conditions  5 items  already there, left alone
16:36:45.364  +0999.239s  SET      present lcop_selection_set_tree/Mechanical/Mechanical-Drainage/BLD-DR-Pipe Accessories  2 conditions  0 items  already there, left alone
16:36:45.386  +0999.261s  SET      present lcop_selection_set_tree/Mechanical/Mechanical-Drainage/BLD-DR-Pipe Insulations  2 conditions  0 items  already there, left alone
16:36:45.417  +0999.292s  SET      present lcop_selection_set_tree/Mechanical/Mechanical-Drainage/BLD-DR-Plumbing Fixtures  2 conditions  2 items  already there, left alone
16:36:45.440  +0999.315s  SET      present lcop_selection_set_tree/Electrical/BLD-EL-Cable Tray&Cable Tray Fittings  1 condition  0 items  already there, left alone
16:36:45.468  +0999.343s  SET      present lcop_selection_set_tree/Electrical/BLD-EL-Electrical Equipment  1 condition  0 items  already there, left alone
16:36:45.492  +0999.366s  SET      present lcop_selection_set_tree/Electrical/BLD-EL-Electrical Fixtures  1 condition  0 items  already there, left alone
16:36:45.523  +0999.397s  SET      present lcop_selection_set_tree/Electrical/BLD-EL-Conduits & Conduit Fittings  1 condition  0 items  already there, left alone
16:36:45.552  +0999.426s  SET      present lcop_selection_set_tree/Electrical/BLD-EL-Devices  7 conditions  0 items  already there, left alone
16:36:45.580  +0999.455s  SET      present lcop_selection_set_tree/Electrical/BLD-EL-Lighting Fixtures  1 condition  0 items  already there, left alone
16:36:45.643  +0999.518s  SET      present lcop_selection_set_tree/Electrical/BLD-EL-Lighting Devices  1 condition  0 items  already there, left alone
16:36:45.766  +0999.640s  SET      present lcop_selection_set_tree/Electrical/BLD-EL-Fire Alarm Devices  1 condition  0 items  already there, left alone
16:36:45.792  +0999.668s  SET      present lcop_selection_set_tree/Electrical/BLD-EL-Telecom Equipment  1 condition  0 items  already there, left alone
16:36:45.825  +0999.699s  SET      present lcop_selection_set_tree/Electrical/BLD-EL-Telecom Fixtures  1 condition  0 items  already there, left alone
16:36:45.855  +0999.730s  SET      present lcop_selection_set_tree/Electrical/BLD-Security Devices  1 condition  0 items  already there, left alone
16:36:45.889  +0999.764s  SET      present lcop_selection_set_tree/Electrical/BLD-EL-Communication Devices  1 condition  0 items  already there, left alone
16:36:45.925  +0999.800s  SET      present lcop_selection_set_tree/Electrical/BLD-EL-Telephone Devices  1 condition  0 items  already there, left alone
16:36:45.969  +0999.843s  SET      present lcop_selection_set_tree/Electrical/BLD-EL-Data Devices  1 condition  0 items  already there, left alone
16:36:46.014  +0999.889s  SETS     1A02WL put into the document: 0 created, 61 already there and left alone
16:36:46.046  +0999.921s  CENSUS   after  SETS  models 8  sets 62  tests 1830  results 16  views 83
16:36:46.142  +1000.016s  STEP     SETS          finished 2.891s  0 created, 61 already there, 0 finding items, 0 at zero.
16:36:46.181  +1000.056s  CLASH    1A02WL, 1830 in the file, 1830 to create, 0 skipped before the model
16:36:46.204  +1000.079s  OUTPUTS  workbook on, XML off, HTML on, images on
16:36:46.231  +1000.105s  CLASH    Images on, 1024 by 1024 pixels, New, Active, Reviewed only, no cap per test, linked rather than pasted in.
16:36:46.256  +1000.130s  CLASH    ran against C:\00-NM\Federation Task\C02 + 04\C02\NWF\1104-PAR-1A02WL-ZZZ-BM-MOD-000001.nwf  (8 models loaded)
16:36:46.283  +1000.158s  CLASH    the document measures in ft, every tolerance was converted into it
16:36:46.308  +1000.183s  CLASH    the document holds 62 sets and the tests name 61 sets
16:36:46.348  +1000.223s  CLASH    the document already holds 1830 clash tests, they keep their results and are not recreated
16:36:46.379  +1000.253s  CLASH    counted the items of 61 sets for the creation plan in 0.000129s
16:36:46.404  +1000.279s  CLASH 1830 in the file, 0 created, 60 not created, a side finds nothing
16:36:46.421  +1000.296s  CLASH    SKIPPED  BLD-DR-Pipe Accessories-vs-BLD-AR-Floors  both sides find nothing in this model, left "lcop_selection_set_tree/Mechanical/Mechanical-Drainage/BLD-DR-Pipe Accessories" and right "lcop_selection_set_tree/Architecture/BLD-AR-Floors"
16:36:46.445  +1000.320s  CLASH    SKIPPED  BLD-DR-Pipe Accessories-vs-BLD-AR-Stairs  both sides find nothing in this model, left "lcop_selection_set_tree/Mechanical/Mechanical-Drainage/BLD-DR-Pipe Accessories" and right "lcop_selection_set_tree/Architecture/BLD-AR-Stairs"
16:36:46.478  +1000.353s  CLASH    SKIPPED  BLD-DR-Pipe Accessories-vs-BLD-AR-Ramps  both sides find nothing in this model, left "lcop_selection_set_tree/Mechanical/Mechanical-Drainage/BLD-DR-Pipe Accessories" and right "lcop_selection_set_tree/Architecture/BLD-AR-Ramps"
16:36:46.502  +1000.376s  CLASH    SKIPPED  BLD-DR-Pipe Accessories-vs-BLD-AR-Roofs  both sides find nothing in this model, left "lcop_selection_set_tree/Mechanical/Mechanical-Drainage/BLD-DR-Pipe Accessories" and right "lcop_selection_set_tree/Architecture/BLD-AR-Roofs"
16:36:46.521  +1000.395s  CLASH    SKIPPED  BLD-DR-Pipe Accessories-vs-BLD-AR-Ceilings  both sides find nothing in this model, left "lcop_selection_set_tree/Mechanical/Mechanical-Drainage/BLD-DR-Pipe Accessories" and right "lcop_selection_set_tree/Architecture/BLD-AR-Ceilings"
16:36:46.541  +1000.416s  CLASH    further skips for "a side finds nothing in this model" are counted, not listed. The block at the end carries the total.
16:36:46.641  +1000.516s  CLASH    25 of 1770 tests, 0 run, 84 skipped, 0 clashes so far
16:36:46.669  +1000.543s  CLASH    50 of 1770 tests, 0 run, 109 skipped, 0 clashes so far
16:36:46.707  +1000.581s  CLASH    75 of 1770 tests, 0 run, 134 skipped, 0 clashes so far
16:36:46.732  +1000.607s  CLASH    100 of 1770 tests, 0 run, 159 skipped, 0 clashes so far
16:36:46.761  +1000.635s  CLASH    125 of 1770 tests, 0 run, 184 skipped, 0 clashes so far
16:36:46.789  +1000.664s  CLASH    150 of 1770 tests, 0 run, 209 skipped, 0 clashes so far
16:36:46.819  +1000.693s  CLASH    OLD      BLD-ST-Columns-vs-BLD-ST-Foundation  Navisworks has this test marked Old.
16:36:46.837  +1000.712s  STEP     TESTS RUN     started
16:36:46.889  +1000.763s  CENSUS   before TESTS RUN  models 8  sets 62  tests 1830  results 16  views 83
16:36:47.129  +1001.004s  CENSUS   after  TESTS RUN  models 8  sets 62  tests 1830  results 16  views 83
16:36:47.227  +1001.101s  STEP     TESTS RUN     finished 0.288s  BLD-ST-Columns-vs-BLD-ST-Foundation
16:36:47.308  +1001.182s  STEP     HARVEST       started
16:36:47.357  +1001.231s  CENSUS   before HARVEST  models 8  sets 62  tests 1830  results 16  views 83
16:36:47.460  +1001.335s  STEP       IMAGES        started
16:36:47.501  +1001.376s  CENSUS   before IMAGES  models 8  sets 62  tests 1830  results 16  views 83
16:36:47.567  +1001.442s  CENSUS   after  IMAGES  models 8  sets 62  tests 1830  results 16  views 83
16:36:47.618  +1001.492s  STEP       IMAGES        finished 0.090s  BLD-ST-Columns-vs-BLD-ST-Foundation
16:36:47.640  +1001.515s  STEP     IMAGES        entered again. Every further visit in this group is counted, not written out
16:36:47.683  +1001.557s  CENSUS   after  HARVEST  models 8  sets 62  tests 1830  results 16  views 83
16:36:47.700  +1001.574s  STEP     HARVEST       finished 0.370s  BLD-ST-Columns-vs-BLD-ST-Foundation
16:36:47.777  +1001.652s  CLASH    OLD      BLD-ST-Framing-vs-BLD-ST-Foundation  Navisworks has this test marked Old.
16:36:47.789  +1001.663s  STEP     TESTS RUN     entered again. Every further visit in this group is counted, not written out
16:36:47.895  +1001.770s  STEP     HARVEST       entered again. Every further visit in this group is counted, not written out
16:36:47.965  +1001.840s  CLASH    OLD      BLD-ST-Framing-vs-BLD-ST-Columns  Navisworks has this test marked Old.
16:36:48.104  +1001.979s  CLASH    175 of 1770 tests, 3 run, 231 skipped, 2 clashes so far
16:36:48.117  +1001.991s  CLASH    OLD      BLD-ST-Walls-vs-BLD-ST-Foundation  Navisworks has this test marked Old.
16:36:48.511  +1002.385s  CLASH    OLD      BLD-ST-Walls-vs-BLD-ST-Columns  Navisworks has this test marked Old.
16:36:48.649  +1002.524s  CLASH    OLD      BLD-ST-Walls-vs-BLD-ST-Framing  Navisworks has this test marked Old.
16:36:48.789  +1002.663s  CLASH    200 of 1770 tests, 6 run, 253 skipped, 6 clashes so far
16:36:48.810  +1002.684s  CLASH    OLD      BLD-ST-Floors-vs-BLD-ST-Foundation  Navisworks has this test marked Old.
16:36:48.960  +1002.835s  CLASH    OLD      BLD-ST-Floors-vs-BLD-ST-Columns  Navisworks has this test marked Old.
16:36:49.101  +1002.976s  CLASH    OLD      BLD-ST-Floors-vs-BLD-ST-Framing  Navisworks has this test marked Old.
16:36:49.243  +1003.117s  CLASH    OLD      BLD-ST-Floors-vs-BLD-ST-Walls  Navisworks has this test marked Old.
16:36:49.708  +1003.583s  CLASH    225 of 1770 tests, 10 run, 274 skipped, 11 clashes so far
16:36:49.724  +1003.598s  CLASH    250 of 1770 tests, 10 run, 299 skipped, 11 clashes so far
16:36:49.741  +1003.615s  CLASH    275 of 1770 tests, 10 run, 324 skipped, 11 clashes so far
16:36:49.758  +1003.633s  CLASH    300 of 1770 tests, 10 run, 349 skipped, 11 clashes so far
16:36:49.791  +1003.666s  CLASH    325 of 1770 tests, 10 run, 374 skipped, 11 clashes so far
16:36:49.808  +1003.682s  CLASH    350 of 1770 tests, 10 run, 399 skipped, 11 clashes so far
16:36:49.825  +1003.699s  CLASH    375 of 1770 tests, 10 run, 424 skipped, 11 clashes so far
16:36:49.841  +1003.715s  CLASH    400 of 1770 tests, 10 run, 449 skipped, 11 clashes so far
16:36:49.877  +1003.751s  CLASH    425 of 1770 tests, 10 run, 474 skipped, 11 clashes so far
16:36:49.891  +1003.766s  CLASH    450 of 1770 tests, 10 run, 499 skipped, 11 clashes so far
16:36:49.907  +1003.781s  CLASH    475 of 1770 tests, 10 run, 524 skipped, 11 clashes so far
16:36:49.923  +1003.798s  CLASH    500 of 1770 tests, 10 run, 549 skipped, 11 clashes so far
16:36:49.941  +1003.815s  CLASH    525 of 1770 tests, 10 run, 574 skipped, 11 clashes so far
16:36:49.957  +1003.832s  CLASH    550 of 1770 tests, 10 run, 599 skipped, 11 clashes so far
16:36:49.973  +1003.848s  CLASH    575 of 1770 tests, 10 run, 624 skipped, 11 clashes so far
16:36:49.990  +1003.865s  CLASH    600 of 1770 tests, 10 run, 649 skipped, 11 clashes so far
16:36:50.008  +1003.883s  CLASH    625 of 1770 tests, 10 run, 674 skipped, 11 clashes so far
16:36:50.027  +1003.901s  CLASH    650 of 1770 tests, 10 run, 699 skipped, 11 clashes so far
16:36:50.046  +1003.921s  CLASH    675 of 1770 tests, 10 run, 724 skipped, 11 clashes so far
16:36:50.080  +1003.954s  CLASH    700 of 1770 tests, 10 run, 749 skipped, 11 clashes so far
16:36:50.098  +1003.973s  CLASH    725 of 1770 tests, 10 run, 774 skipped, 11 clashes so far
16:36:50.112  +1003.987s  CLASH    750 of 1770 tests, 10 run, 799 skipped, 11 clashes so far
16:36:50.127  +1004.001s  CLASH    775 of 1770 tests, 10 run, 824 skipped, 11 clashes so far
16:36:50.140  +1004.015s  CLASH    800 of 1770 tests, 10 run, 849 skipped, 11 clashes so far
16:36:50.154  +1004.029s  CLASH    825 of 1770 tests, 10 run, 874 skipped, 11 clashes so far
16:36:50.167  +1004.042s  CLASH    850 of 1770 tests, 10 run, 899 skipped, 11 clashes so far
16:36:50.189  +1004.064s  CLASH    875 of 1770 tests, 10 run, 924 skipped, 11 clashes so far
16:36:50.203  +1004.078s  CLASH    900 of 1770 tests, 10 run, 949 skipped, 11 clashes so far
16:36:50.217  +1004.091s  CLASH    OLD      BLD-DR-Pipes & Pipe Fittings-vs-BLD-ST-Foundation  Navisworks has this test marked Old.
16:36:50.365  +1004.240s  CLASH    OLD      BLD-DR-Pipes & Pipe Fittings-vs-BLD-ST-Columns  Navisworks has this test marked Old.
16:36:50.525  +1004.399s  CLASH    OLD      BLD-DR-Pipes & Pipe Fittings-vs-BLD-ST-Framing  Navisworks has this test marked Old.
16:36:50.665  +1004.539s  CLASH    OLD      BLD-DR-Pipes & Pipe Fittings-vs-BLD-ST-Walls  Navisworks has this test marked Old.
16:36:50.806  +1004.681s  CLASH    OLD      BLD-DR-Pipes & Pipe Fittings-vs-BLD-ST-Floors  Navisworks has this test marked Old.
16:36:50.946  +1004.821s  CLASH    925 of 1770 tests, 15 run, 969 skipped, 11 clashes so far
16:36:50.960  +1004.835s  CLASH    950 of 1770 tests, 15 run, 994 skipped, 11 clashes so far
16:36:50.973  +1004.848s  CLASH    975 of 1770 tests, 15 run, 1019 skipped, 11 clashes so far
16:36:50.986  +1004.861s  CLASH    1000 of 1770 tests, 15 run, 1044 skipped, 11 clashes so far
16:36:50.996  +1004.871s  CLASH    OLD      BLD-DR-Plumbing Fixtures-vs-BLD-ST-Foundation  Navisworks has this test marked Old.
16:36:51.168  +1005.043s  CLASH    OLD      BLD-DR-Plumbing Fixtures-vs-BLD-ST-Columns  Navisworks has this test marked Old.
16:36:51.308  +1005.183s  CLASH    OLD      BLD-DR-Plumbing Fixtures-vs-BLD-ST-Framing  Navisworks has this test marked Old.
16:36:51.498  +1005.373s  CLASH    OLD      BLD-DR-Plumbing Fixtures-vs-BLD-ST-Walls  Navisworks has this test marked Old.
16:36:51.653  +1005.528s  CLASH    OLD      BLD-DR-Plumbing Fixtures-vs-BLD-ST-Floors  Navisworks has this test marked Old.
16:36:51.794  +1005.669s  CLASH    1025 of 1770 tests, 20 run, 1064 skipped, 11 clashes so far
16:36:51.814  +1005.689s  CLASH    OLD      BLD-DR-Plumbing Fixtures-vs-BLD-DR-Pipes & Pipe Fittings  Navisworks has this test marked Old.
16:36:52.233  +1006.107s  CLASH    1050 of 1770 tests, 21 run, 1088 skipped, 16 clashes so far
16:36:52.252  +1006.126s  CLASH    1075 of 1770 tests, 21 run, 1113 skipped, 16 clashes so far
16:36:52.272  +1006.147s  CLASH    1100 of 1770 tests, 21 run, 1138 skipped, 16 clashes so far
16:36:52.296  +1006.171s  CLASH    1125 of 1770 tests, 21 run, 1163 skipped, 16 clashes so far
16:36:52.317  +1006.191s  CLASH    1150 of 1770 tests, 21 run, 1188 skipped, 16 clashes so far
16:36:52.344  +1006.219s  CLASH    1175 of 1770 tests, 21 run, 1213 skipped, 16 clashes so far
16:36:52.359  +1006.233s  CLASH    1200 of 1770 tests, 21 run, 1238 skipped, 16 clashes so far
16:36:52.374  +1006.248s  CLASH    1225 of 1770 tests, 21 run, 1263 skipped, 16 clashes so far
16:36:52.386  +1006.261s  CLASH    1250 of 1770 tests, 21 run, 1288 skipped, 16 clashes so far
16:36:52.399  +1006.274s  CLASH    1275 of 1770 tests, 21 run, 1313 skipped, 16 clashes so far
16:36:52.413  +1006.288s  CLASH    1300 of 1770 tests, 21 run, 1338 skipped, 16 clashes so far
16:36:52.428  +1006.303s  CLASH    1325 of 1770 tests, 21 run, 1363 skipped, 16 clashes so far
16:36:52.444  +1006.318s  CLASH    1350 of 1770 tests, 21 run, 1388 skipped, 16 clashes so far
16:36:52.459  +1006.333s  CLASH    1375 of 1770 tests, 21 run, 1413 skipped, 16 clashes so far
16:36:52.475  +1006.349s  CLASH    1400 of 1770 tests, 21 run, 1438 skipped, 16 clashes so far
16:36:52.509  +1006.383s  CLASH    1425 of 1770 tests, 21 run, 1463 skipped, 16 clashes so far
16:36:52.546  +1006.420s  CLASH    1450 of 1770 tests, 21 run, 1488 skipped, 16 clashes so far
16:36:52.569  +1006.444s  CLASH    1475 of 1770 tests, 21 run, 1513 skipped, 16 clashes so far
16:36:52.587  +1006.461s  CLASH    1500 of 1770 tests, 21 run, 1538 skipped, 16 clashes so far
16:36:52.603  +1006.478s  CLASH    1525 of 1770 tests, 21 run, 1563 skipped, 16 clashes so far
16:36:52.622  +1006.496s  CLASH    1550 of 1770 tests, 21 run, 1588 skipped, 16 clashes so far
16:36:52.639  +1006.514s  CLASH    1575 of 1770 tests, 21 run, 1613 skipped, 16 clashes so far
16:36:52.658  +1006.533s  CLASH    1600 of 1770 tests, 21 run, 1638 skipped, 16 clashes so far
16:36:52.675  +1006.550s  CLASH    1625 of 1770 tests, 21 run, 1663 skipped, 16 clashes so far
16:36:52.690  +1006.565s  CLASH    1650 of 1770 tests, 21 run, 1688 skipped, 16 clashes so far
16:36:52.704  +1006.579s  CLASH    1675 of 1770 tests, 21 run, 1713 skipped, 16 clashes so far
16:36:52.721  +1006.595s  CLASH    1700 of 1770 tests, 21 run, 1738 skipped, 16 clashes so far
16:36:52.738  +1006.612s  CLASH    1725 of 1770 tests, 21 run, 1763 skipped, 16 clashes so far
16:36:52.765  +1006.639s  CLASH    1750 of 1770 tests, 21 run, 1788 skipped, 16 clashes so far
16:36:52.780  +1006.654s  CLASH    1770 of 1770 tests, 21 run, 1808 skipped, 16 clashes so far
16:36:52.793  +1006.668s  TOLERANCE 25 mm chosen in the tool, so it beats both the XML and the document. Set on 1770 tests, 0 created fresh and 1770 already in the document. 25 mm is 0.082021 ft in this document

================================================================
DRIFT C:\00-NM\Federation Task\C02 + 04\C02\NWF\1104-PAR-1A02WL-ZZZ-BM-MOD-000001.nwf  (8 models loaded)
================================================================
16:36:52.868  +1006.743s  1770 tests were already in the document and were compared against the file.
16:36:52.885  +1006.760s  Nothing has drifted. Every one of them matches the file.
16:36:52.906  +1006.781s  PRIORITY 1830 in the file, 1830 tests in this run, 1830 matched, 0 not named by the file

================================================================
PRIORITY 1A02WL
================================================================
16:36:52.995  +1006.869s  PRIORITY clashes by priority, 16 in all
16:36:53.015  +1006.889s           A           : 11
16:36:53.029  +1006.904s           B           : 0
16:36:53.044  +1006.918s           C           : 5
16:36:53.058  +1006.932s           No priority : 0

================================================================
CLASH 1A02WL
================================================================
16:36:53.138  +1007.013s  clashes BLD-ST-Columns-vs-BLD-ST-Foundation  items 6 v 14  Reviewed 2  0.3s
16:36:53.161  +1007.035s  clashes BLD-ST-Walls-vs-BLD-ST-Foundation  items 31 v 14  Reviewed 4  0.1s
16:36:53.180  +1007.055s  clashes BLD-ST-Floors-vs-BLD-ST-Walls  items 11 v 31  Reviewed 5  0.1s
16:36:53.194  +1007.068s  clashes BLD-DR-Plumbing Fixtures-vs-BLD-DR-Pipes & Pipe Fittings  items 2 v 5  Reviewed 5  0.1s
16:36:53.204  +1007.078s  PASSED 17 tests, ran and found nothing
16:36:53.213  +1007.088s          passed  BLD-ST-Framing-vs-BLD-ST-Foundation  items 6 v 14  none  0.1s
16:36:53.224  +1007.099s          passed  BLD-ST-Framing-vs-BLD-ST-Columns  items 6 v 6  none  0.1s
16:36:53.235  +1007.110s          passed  BLD-ST-Walls-vs-BLD-ST-Columns  items 31 v 6  none  0.1s
16:36:53.246  +1007.120s          passed  BLD-ST-Walls-vs-BLD-ST-Framing  items 31 v 6  none  0.1s
16:36:53.258  +1007.133s          passed  BLD-ST-Floors-vs-BLD-ST-Foundation  items 11 v 14  none  0.1s
16:36:53.273  +1007.148s          and 12 more that ran and found nothing, counted and not listed
16:36:53.285  +1007.160s  SKIPPED 1809 tests, a side finds nothing in this model
16:36:53.298  +1007.173s          BLD-DR-Pipe Accessories-vs-BLD-AR-Floors  both sides find nothing in this model, left "lcop_selection_set_tree/Mechanical/Mechanical-Drainage/BLD-DR-Pipe Accessories" and right "lcop_selection_set_tree/Architecture/BLD-AR-Floors"
16:36:53.313  +1007.187s          BLD-DR-Pipe Accessories-vs-BLD-AR-Stairs  both sides find nothing in this model, left "lcop_selection_set_tree/Mechanical/Mechanical-Drainage/BLD-DR-Pipe Accessories" and right "lcop_selection_set_tree/Architecture/BLD-AR-Stairs"
16:36:53.331  +1007.206s          BLD-DR-Pipe Accessories-vs-BLD-AR-Ramps  both sides find nothing in this model, left "lcop_selection_set_tree/Mechanical/Mechanical-Drainage/BLD-DR-Pipe Accessories" and right "lcop_selection_set_tree/Architecture/BLD-AR-Ramps"
16:36:53.350  +1007.225s          BLD-DR-Pipe Accessories-vs-BLD-AR-Roofs  both sides find nothing in this model, left "lcop_selection_set_tree/Mechanical/Mechanical-Drainage/BLD-DR-Pipe Accessories" and right "lcop_selection_set_tree/Architecture/BLD-AR-Roofs"
16:36:53.364  +1007.239s          BLD-DR-Pipe Accessories-vs-BLD-AR-Ceilings  both sides find nothing in this model, left "lcop_selection_set_tree/Mechanical/Mechanical-Drainage/BLD-DR-Pipe Accessories" and right "lcop_selection_set_tree/Architecture/BLD-AR-Ceilings"
16:36:53.379  +1007.253s          and 1804 more skipped for the same reason, counted and not listed
16:36:53.391  +1007.266s  
16:36:53.406  +1007.280s  ran against       : C:\00-NM\Federation Task\C02 + 04\C02\NWF\1104-PAR-1A02WL-ZZZ-BM-MOD-000001.nwf  (8 models loaded)
16:36:53.420  +1007.295s  tests in the file : 1830
16:36:53.432  +1007.307s  tests created     : 0
16:36:53.443  +1007.318s  already there     : 1770, left alone with their results
16:36:53.455  +1007.330s  tests skipped     : 1809, not run and not passed
16:36:53.466  +1007.341s       1809  a side finds nothing in this model
16:36:53.478  +1007.352s  tests run         : 21
16:36:53.492  +1007.367s      passed        : 17, ran and found nothing
16:36:53.508  +1007.382s      with clashes  : 4
16:36:53.518  +1007.393s  clashes found     : 16
16:36:53.531  +1007.405s      New       : 0
16:36:53.541  +1007.416s      Active    : 0
16:36:53.552  +1007.427s      Reviewed  : 16
16:36:53.562  +1007.437s      Approved  : 0
16:36:53.572  +1007.447s      Resolved  : 0
16:36:53.582  +1007.457s  clash step took   : 6.6 seconds

================================================================
PENETRATION 1A02WL
================================================================
16:36:53.642  +1007.516s  
16:36:53.655  +1007.530s  clashes looked at : 16
16:36:53.667  +1007.541s  moved to Reviewed : 0
16:36:53.678  +1007.552s          0  the service is over the size, left alone
16:36:53.688  +1007.563s          0  no size could be read off the service, left alone
16:36:53.699  +1007.574s          0  a person had already set it, left alone
16:36:53.711  +1007.585s          0  both sides a service, left alone
16:36:53.725  +1007.599s          9  both sides a solid, left alone
16:36:53.738  +1007.612s          7  not a service against a solid, left alone
16:36:53.750  +1007.625s  the size in use   : 150mm or under is a penetration, over it stays as it was
16:36:53.765  +1007.640s  Nothing moved. Every clash is exactly as it was.

================================================================
BY DESIGN 1A02WL
================================================================
16:36:53.864  +1007.740s  
16:36:53.882  +1007.757s  clashes looked at : 16
16:36:53.909  +1007.783s  moved to Reviewed : 0
16:36:53.928  +1007.803s          0  the two sets are not a pair in the file
16:36:53.950  +1007.825s         16  already Reviewed, Approved or Resolved, so somebody decided and it stands
16:36:53.965  +1007.840s          0  the penetration rule already asked for this one, so it moved there
16:36:53.979  +1007.854s          0  a side of the test named no set, so there was no pair to look for
16:36:53.991  +1007.865s  Nothing moved. Every clash is exactly as it was.

================================================================
ITEM IDS 1A02WL
================================================================
16:36:54.061  +1007.935s  Id supplied 32 item ids of 32, written as "Element ID"
16:36:54.080  +1007.955s  IMAGES   numbered in report order: 9 renamed, 7 already right, 0 missing
16:36:54.093  +1007.968s  IMAGES   16 written, 0.67 MB, 0.5 seconds in total.
16:36:54.106  +1007.980s           0.032 seconds each on average, quickest 0.026, slowest 0.043.
16:36:54.119  +1007.993s           43 KB each on average.
16:36:54.133  +1008.008s  CLASH    1A02WL finished. 0 created, 1770 already there, 21 run, 17 passed, 1809 skipped, 16 clashes in 6.6s.
16:36:54.149  +1008.024s  STEP     VIEWS         started
16:36:54.181  +1008.055s  CENSUS   before VIEWS  models 8  sets 62  tests 1830  results 16  views 83
16:36:54.448  +1008.323s  VIEWS    the model each clash item lives in was read for 16 of 16 clash(es) in scope
16:36:54.467  +1008.342s  VIEWS    both clashing items were pointed at for 16 of 16 clash(es) in scope
16:36:54.483  +1008.357s  CENSUS   after  VIEWS  models 8  sets 62  tests 1830  results 16  views 83
16:36:54.497  +1008.372s  STEP     VIEWS         finished 0.330s  0 created, 16 already there.

================================================================
VIEWS 1A02WL
================================================================
16:36:54.553  +1008.428s  clashes looked at : 16
16:36:54.567  +1008.441s  viewpoints planned: 16
16:36:54.580  +1008.455s          0  Approved or Resolved, so nobody is looking at it
16:36:54.595  +1008.469s          0  a service at or under the threshold, which is a penetration and not a coordination item
16:36:54.622  +1008.496s  size could not be read : 0, every one of them is in its pair folder and none was dropped
16:36:54.635  +1008.510s  a set name with no code this tool knows : 0, every one of them is in a folder saying UNKNOWN and none was guessed at

================================================================
VIEWS BUILT 1A02WL
================================================================
16:36:54.713  +1008.587s  VIEW     A/ST vs ST/BLD-ST-Columns-vs-BLD-ST-Foundation  Clash1  already there, left alone, not made again
16:36:54.728  +1008.602s  VIEW     A/ST vs ST/BLD-ST-Columns-vs-BLD-ST-Foundation  Clash2  already there, left alone, not made again
16:36:54.741  +1008.616s  VIEW     A/ST vs ST/BLD-ST-Walls-vs-BLD-ST-Foundation  Clash1  already there, left alone, not made again
16:36:54.757  +1008.631s  VIEW     A/ST vs ST/BLD-ST-Walls-vs-BLD-ST-Foundation  Clash2  already there, left alone, not made again
16:36:54.774  +1008.648s  VIEW     A/ST vs ST/BLD-ST-Walls-vs-BLD-ST-Foundation  Clash3  already there, left alone, not made again
16:36:54.794  +1008.668s  VIEW     and 11 more created or already there, counted and not listed
16:36:54.820  +1008.695s  
16:36:54.845  +1008.720s  views created     : 0
16:36:54.859  +1008.734s  already there     : 16, left alone, not made again
16:36:54.871  +1008.746s  put into the document: 0 created, 16 already there and left alone
16:36:54.882  +1008.757s  STEP     NWF SAVE      started
16:36:54.898  +1008.772s  CENSUS   before NWF SAVE  models 8  sets 62  tests 1830  results 16  views 83
16:36:54.945  +1008.819s  NWF      attempt  C:\00-NM\Federation Task\C02 + 04\C02\NWF\1104-PAR-1A02WL-ZZZ-BM-MOD-000001.nwf
16:36:55.026  +1008.901s  NWF      written  C:\00-NM\Federation Task\C02 + 04\C02\NWF\1104-PAR-1A02WL-ZZZ-BM-MOD-000001.nwf  249,786 bytes
16:36:55.042  +1008.916s  CENSUS   after  NWF SAVE  models 8  sets 62  tests 1830  results 16  views 83
16:36:55.056  +1008.931s  STEP     NWF SAVE      finished 0.156s  saved 249786 bytes
16:36:55.069  +1008.944s  UNITS    every number converted from ft to m, one ft is 0.3048 m, 1830 tests and 16 rows. The report is written in Meters (m)
16:36:55.081  +1008.955s  STEP     WORKBOOK      started
16:36:55.114  +1008.988s  CENSUS   before WORKBOOK  models 8  sets 62  tests 1830  results 16  views 83
16:36:55.162  +1009.037s  XLSX     attempt  C:\00-NM\Federation Task\C02 + 04\C02\Clash Report\1104-PAR-1A02WL-ZZZ-BM-MOD-000001.xlsx
16:37:02.894  +1016.768s  XLSX     written  C:\00-NM\Federation Task\C02 + 04\C02\Clash Report\1104-PAR-1A02WL-ZZZ-BM-MOD-000001.xlsx  476,384 bytes

================================================================
WORKBOOK CHECK 1A02WL
================================================================
16:37:03.564  +1017.438s  CHECK    1 sheet, "1104-PAR-1A02WL-ZZZ-BM-MOD-0000", 1830 test blocks, 16 clash rows.
16:37:03.573  +1017.447s           the first blocks hold 0, 0, 0, 0, 0, 0, 0, 0 and so on.
16:37:03.582  +1017.456s           Every column, value shape, fill, border, row height and column width matches the client's report, and the blocks are in their order.
16:37:03.590  +1017.465s           Not compared: the font, the sheet name, freeze panes, print setup, merged ranges, and whether a value is true. See docs\history\scan.md 4q.
16:37:03.601  +1017.475s           The client column set was read from clash_report_html_tabular.xsl in the Navisworks install and from the exports in samples\client-report, never from a list typed into this tool.
16:37:03.610  +1017.485s  BLOCKS   1830 in the workbook, one for every test in the file
16:37:03.676  +1017.550s  CENSUS   after  WORKBOOK  models 8  sets 62  tests 1830  results 16  views 83
16:37:03.699  +1017.574s  STEP     WORKBOOK      finished 8.591s  wrote 476384 bytes
16:37:03.715  +1017.589s  STEP     HTML          started
16:37:03.755  +1017.630s  CENSUS   before HTML  models 8  sets 62  tests 1830  results 16  views 83
16:37:03.826  +1017.701s  HTML     attempt  C:\00-NM\Federation Task\C02 + 04\C02\Clash Report\1104-PAR-1A02WL-ZZZ-BM-MOD-000001.html
16:37:03.837  +1017.712s  LOGO     C:\Program Files\Autodesk\Navisworks Manage 2025\Images\logo.jpg copied into C:\00-NM\Federation Task\C02 + 04\C02\Clash Report\1104-PAR-1A02WL-ZZZ-BM-MOD-000001_files
16:37:03.954  +1017.829s  HTML     written  C:\00-NM\Federation Task\C02 + 04\C02\Clash Report\1104-PAR-1A02WL-ZZZ-BM-MOD-000001.html  3,870,392 bytes

================================================================
REPORT CHECK 1A02WL
================================================================
16:37:04.136  +1018.011s  CHECK    16 clash rows on the page.
16:37:04.146  +1018.020s           Item ID filled on 16 of 16 for item 1 and 16 of 16 for item 2.
16:37:04.156  +1018.031s           the first one reads Element ID: 3559633
16:37:04.172  +1018.046s           no column the client's report does not have.
16:37:04.185  +1018.059s           the tolerance cell reads 0.025m
16:37:04.197  +1018.072s           16 picture references, 16 with a backslash, 16 on disk.
16:37:04.212  +1018.087s           the logo is 1104-PAR-1A02WL-ZZZ-BM-MOD-000001_files\logo.jpg and it is on disk.
16:37:04.228  +1018.103s           The tests are in the wrong order. Block 493 holds 0 clashes and block 494 holds 2. The client's report puts the most clashes first, so a reader is not scrolling past empty tests.
16:37:04.243  +1018.118s           The client column set was read from clash_report_html_tabular.xsl in the Navisworks install and from the exports in samples\client-report, never from a list typed into this tool.
16:37:04.272  +1018.146s  CENSUS   after  HTML  models 8  sets 62  tests 1830  results 16  views 83
16:37:04.294  +1018.168s  STEP     HTML          finished 0.555s  wrote 3870392 bytes
16:37:04.311  +1018.186s  XML      skipped  not wanted this run
16:37:04.325  +1018.200s  STEP     NWD           started
16:37:04.339  +1018.214s  CENSUS   before NWD  models 8  sets 62  tests 1830  results 16  views 83
16:37:04.404  +1018.279s  NWD      attempt  C:\00-NM\Federation Task\C02 + 04\C02\NWD\1104-PAR-1A02WL-ZZZ-BM-MOD-000001.nwd
16:37:04.430  +1018.304s  NWD      publish properties set: Title=1104-PAR-1A02WL-ZZZ-BM-MOD-000001, Publisher=Parsons NWC Federator, Subject=Federation of building 1A02WL, Author=bader, AllowResave=true, EmbedDatabaseProperties=true, PreventObjectPropertyExport=false
16:37:04.958  +1018.833s  NWD      written  C:\00-NM\Federation Task\C02 + 04\C02\NWD\1104-PAR-1A02WL-ZZZ-BM-MOD-000001.nwd  4,799,798 bytes
16:37:04.983  +1018.858s  CENSUS   after  NWD  models 8  sets 62  tests 1830  results 16  views 83
16:37:05.032  +1018.907s  STEP     NWD           finished 0.653s  published 4799798 bytes
16:37:05.052  +1018.926s  STEP     CONFIRM       started
16:37:05.077  +1018.952s  CENSUS   before CONFIRM  models 8  sets 62  tests 1830  results 16  views 83
16:37:05.122  +1018.997s  NWF      intact   C:\00-NM\Federation Task\C02 + 04\C02\NWF\1104-PAR-1A02WL-ZZZ-BM-MOD-000001.nwf  249,786 bytes, unchanged by publishing the NWD
16:37:05.188  +1019.062s  CENSUS   after  CONFIRM  models 8  sets 62  tests 1830  results 16  views 83
16:37:05.204  +1019.078s  STEP     CONFIRM       finished 0.134s  the NWF is 249786 bytes

================================================================
GAP 1A02WL
================================================================
16:37:05.270  +1019.145s  4 numbers are measured off every item and reach no output. Nothing here is a fault and nothing acts on it
16:37:05.283  +1019.158s  Family              32 of 32 item cells carry it  it would belong in a workbook column of ours, which is Q25
16:37:05.292  +1019.167s  Type Name           32 of 32 item cells carry it  it would belong in a workbook column of ours, which is Q25
16:37:05.302  +1019.177s  Material            27 of 32 item cells carry it  it would belong in a workbook column of ours, which is Q25
16:37:05.311  +1019.186s  Id From             32 of 32 item cells carry it  the ITEM IDS block counts it per property and no output names it per item
16:37:05.325  +1019.200s  STEP     TESTS RUN     21 visits, 2.282s in total
16:37:05.336  +1019.211s  STEP     HARVEST       21 visits, 1.303s in total
16:37:05.345  +1019.220s  STEP     IMAGES        16 visits, 0.582s in total
16:37:05.357  +1019.232s  CENSUS   cost 0.125s over 24 counts in this group. That is inside the 1.000s a group is allowed
16:37:05.369  +1019.244s  GROUP    finished 1A02WL  FAILED  24.938s  Weekly run plus XML  2 model(s) were exported on Revit's internal origin and not on a shared site, which puts them in a different coordinate system from the rest of the group: ST  1104-PAR-1A02WL-ZZZ-ST-MOD-000004.nwc, ST  1104-PAR-1A02WL-ZZZ-ST-MOD-000005.nwc. Every output of this group was still written, so the evidence is there to send.

================================================================
TIMING 1A02WL
================================================================
16:37:05.439  +1019.314s  WORKBOOK                  8.591s   34.4%
16:37:05.452  +1019.327s  SETS                      2.891s   11.6%
16:37:05.465  +1019.339s  TESTS RUN                 2.282s    9.2%  21 visits
16:37:05.475  +1019.350s  DECIDE                    1.319s    5.3%
16:37:05.486  +1019.361s  HARVEST                   1.303s    5.2%  21 visits
16:37:05.497  +1019.372s  NWD                       0.653s    2.6%
16:37:05.508  +1019.383s  HTML                      0.555s    2.2%
16:37:05.567  +1019.442s  VIEWS                     0.330s    1.3%
16:37:05.578  +1019.452s  UNITS                     0.265s    1.1%
16:37:05.586  +1019.461s  NWF SAVE                  0.156s    0.6%
16:37:05.595  +1019.469s  CONFIRM                   0.134s    0.5%
16:37:05.605  +1019.479s  outside every step        6.460s   25.9%
16:37:05.615  +1019.489s  
16:37:05.628  +1019.502s  group total              24.938s
16:37:05.637  +1019.512s  outside every step is the work between them and the work nothing times yet
16:37:05.648  +1019.523s  
16:37:05.658  +1019.532s  inside another step, so these seconds are already counted above
16:37:05.665  +1019.541s  IMAGES                    0.582s    2.3%  16 visits
16:37:05.701  +1019.576s  GROUP    started  1A02WM  4 files
                          file     : C:\00-NM\Federation Task\C02 + 04\C02\NWC\1104-PAR-1A02WM-ZZZ-AR-MOD-000001.nwc
                          file     : C:\00-NM\Federation Task\C02 + 04\C02\NWC\1104-PAR-1A02WM-ZZZ-EL-MOD-000001.nwc
                          file     : C:\00-NM\Federation Task\C02 + 04\C02\NWC\1104-PAR-1A02WM-ZZZ-ME-MOD-000001.nwc
                          file     : C:\00-NM\Federation Task\C02 + 04\C02\NWC\1104-PAR-1A02WM-ZZZ-ST-MOD-000001.nwc
16:37:05.747  +1019.621s  CLEAR    the document, at the top of 1A02WM, before Decide
16:37:05.783  +1019.657s  CENSUS CLEAR  the document was emptied and every count read zero
16:37:05.803  +1019.678s  STEP     DECIDE        started
16:37:05.816  +1019.691s  CENSUS   before DECIDE  models 0  sets 0  tests 0  results 0  views 0
16:37:05.888  +1019.762s  OPEN     reading the file list out of C:\00-NM\Federation Task\C02 + 04\C02\NWF\1104-PAR-1A02WM-ZZZ-BM-MOD-000001.nwf
16:37:06.937  +1020.811s  LOADING  the NWF reported 4 models after 0.632s, steady over 3 reads 0.250s apart, over 3 readings in all
16:37:06.949  +1020.824s  LOADING  the scene loaded event fired 4 times, first at 0.0s and last at 0.0s after the open began, and the open returned at 0.4s
16:37:06.963  +1020.838s           holds   C:\00-NM\Federation Task\C02 + 04\C02\NWC\1104-PAR-1A02WM-ZZZ-AR-MOD-000001.nwc   [source Autodesk Docs://KSA_New Murabba/1104-PAR-1A02WM-ZZZ-AR-MOD-000001.rvt, file C:\00-NM\Federation Task\C02 + 04\C02\NWC\1104-PAR-1A02WM-ZZZ-AR-MOD-000001.nwc]
16:37:06.976  +1020.851s           holds   C:\00-NM\Federation Task\C02 + 04\C02\NWC\1104-PAR-1A02WM-ZZZ-EL-MOD-000001.nwc   [source Autodesk Docs://KSA_New Murabba/1104-PAR-1A02WM-ZZZ-EL-MOD-000001.rvt, file C:\00-NM\Federation Task\C02 + 04\C02\NWC\1104-PAR-1A02WM-ZZZ-EL-MOD-000001.nwc]
16:37:06.990  +1020.865s           holds   C:\00-NM\Federation Task\C02 + 04\C02\NWC\1104-PAR-1A02WM-ZZZ-ME-MOD-000001.nwc   [source Autodesk Docs://KSA_New Murabba/1104-PAR-1A02WM-ZZZ-ME-MOD-000001.rvt, file C:\00-NM\Federation Task\C02 + 04\C02\NWC\1104-PAR-1A02WM-ZZZ-ME-MOD-000001.nwc]
16:37:07.004  +1020.878s           holds   C:\00-NM\Federation Task\C02 + 04\C02\NWC\1104-PAR-1A02WM-ZZZ-ST-MOD-000001.nwc   [source Autodesk Docs://KSA_New Murabba/1104-PAR-1A02WM-ZZZ-ST-MOD-000001.rvt, file C:\00-NM\Federation Task\C02 + 04\C02\NWC\1104-PAR-1A02WM-ZZZ-ST-MOD-000001.nwc]
16:37:07.018  +1020.892s  CENSUS   after  DECIDE  models 4  sets 62  tests 1830  results 245  views 327
16:37:07.034  +1020.909s  STEP     DECIDE        finished 1.212s  Weekly run plus XML
16:37:07.109  +1020.984s  OPENED   C:\00-NM\Federation Task\C02 + 04\C02\NWF\1104-PAR-1A02WM-ZZZ-BM-MOD-000001.nwf
16:37:07.118  +1020.993s           the file list matches the scan, 4 files, so it was not cleared and nothing was re-appended
16:37:07.128  +1021.002s  NWF      reused   C:\00-NM\Federation Task\C02 + 04\C02\NWF\1104-PAR-1A02WM-ZZZ-BM-MOD-000001.nwf  6,256,447 bytes
16:37:07.137  +1021.011s  STEP     UNITS         started
16:37:07.163  +1021.038s  CENSUS   before UNITS  models 4  sets 62  tests 1830  results 245  views 327
16:37:07.198  +1021.072s  UNITS    the document is in Feet (ft) and the report needs Meters (m). Setting every model.
16:37:07.211  +1021.086s  UNITS    4 models set, 0 that would not, document shows Feet (ft). Every report number is converted to Meters (m) before it is written, so the report is metric whatever this says.
16:37:07.222  +1021.097s  CENSUS   after  UNITS  models 4  sets 62  tests 1830  results 245  views 327
16:37:07.235  +1021.110s  STEP     UNITS         finished 0.084s  the document was asked for Meters

================================================================
ALIGNMENT 1A02WM
================================================================
16:37:07.291  +1021.166s  AR  1104-PAR-1A02WM-ZZZ-AR-MOD-000001.nwc is the reference
16:37:07.302  +1021.177s     AR  1104-PAR-1A02WM-ZZZ-AR-MOD-000001.nwc   reference, shared coordinate "SWLS-04-SharedCoordinate"
16:37:07.313  +1021.188s     EL  1104-PAR-1A02WM-ZZZ-EL-MOD-000001.nwc   same placement, shared coordinate "LTB2"
16:37:07.326  +1021.201s     ME  1104-PAR-1A02WM-ZZZ-ME-MOD-000001.nwc   DIFFERENT  dx 530 mm  dy -2000.12 mm  dz 150 mm, shared coordinate "PW3_Shared_Location"
16:37:07.340  +1021.214s        ask the ME originator to re-export on the project shared coordinates
16:37:07.355  +1021.229s     ST  1104-PAR-1A02WM-ZZZ-ST-MOD-000001.nwc   DIFFERENT  dx 3340.46 mm  dy -960 mm  dz 155 mm, shared coordinate "ST_PW5_CHLORINATION"
16:37:07.369  +1021.243s        ask the ST originator to re-export on the project shared coordinates
16:37:07.387  +1021.262s  2 of 4 model(s) sit somewhere the reference does not. Nothing is changed and the run goes on.
16:37:07.405  +1021.280s  this group names 4 different shared coordinates: LTB2, PW3_Shared_Location, ST_PW5_CHLORINATION, SWLS-04-SharedCoordinate

================================================================
EXPORT CHECK 1A02WM
================================================================
16:37:07.518  +1021.392s     AR  1104-PAR-1A02WM-ZZZ-AR-MOD-000001.nwc   elements 54   worksets 2   element id 100%
16:37:07.529  +1021.404s     EL  1104-PAR-1A02WM-ZZZ-EL-MOD-000001.nwc   elements 218   worksets 9   element id 100%
16:37:07.544  +1021.418s     ME  1104-PAR-1A02WM-ZZZ-ME-MOD-000001.nwc   elements 392   worksets 5   element id 100%
16:37:07.558  +1021.432s     ST  1104-PAR-1A02WM-ZZZ-ST-MOD-000001.nwc   elements 73   worksets 2   element id 100%
16:37:07.578  +1021.452s  all 4 model(s) carry a workset on every element and an element id on every element
16:37:07.590  +1021.465s  worksets seen: AR-EXTERIOR, AR-INTERIOR, EL-Lightning Protection, EL-Containment, EL-Lightining Protection, EL-Fire alarm, EL-Lighting, EV-Ccctv system, EV-IT, EL-Power, and 8 more, counted and not listed
16:37:07.604  +1021.478s     check these against the workset each set in the matrix asks for. The match is CASE SENSITIVE, so ME-Ductwork does not match ME-DUCTWORK and that set finds nothing
16:37:07.616  +1021.491s  3 pair(s) of workset names are close enough to be one word typed twice. NOTHING IS MERGED: a person reads these and fixes the models, because two of them in this project are real worksets one letter apart and no rule can tell which is which
16:37:07.629  +1021.503s     "AR-EXTERIOR" in 1104-PAR-1A02WM-ZZZ-AR-MOD-000001.nwc   against   "AR-INTERIOR" in 1104-PAR-1A02WM-ZZZ-AR-MOD-000001.nwc   ONE OR TWO LETTERS APART, so this may be a typo
16:37:07.641  +1021.515s     "EL-Lightining Protection" in 1104-PAR-1A02WM-ZZZ-EL-MOD-000001.nwc   against   "EL-Lightning Protection" in 1104-PAR-1A02WM-ZZZ-EL-MOD-000001.nwc   ONE OR TWO LETTERS APART, so this may be a typo
16:37:07.652  +1021.527s     "ST-SUB" in 1104-PAR-1A02WM-ZZZ-ST-MOD-000001.nwc   against   "ST-SUP" in 1104-PAR-1A02WM-ZZZ-ST-MOD-000001.nwc   ONE OR TWO LETTERS APART, so this may be a typo
16:37:07.669  +1021.544s  CLASH    source   tests from XML, the picked file holds 61 sets and 1830 tests
16:37:07.678  +1021.553s  STEP     SETS          started
16:37:07.690  +1021.565s  CENSUS   before SETS  models 4  sets 62  tests 1830  results 245  views 327
16:37:07.742  +1021.616s  SETS     1A02WM, 61 to build, 0 skipped
16:37:07.752  +1021.626s  SET      ran against C:\00-NM\Federation Task\C02 + 04\C02\NWF\1104-PAR-1A02WM-ZZZ-BM-MOD-000001.nwf  (4 models loaded)
16:37:07.767  +1021.641s  SET      present lcop_selection_set_tree/Architecture/BLD-AR-Floors  2 conditions  4 items  already there, left alone
16:37:07.798  +1021.673s  SET      present lcop_selection_set_tree/Architecture/BLD-AR-Stairs  2 conditions  0 items  already there, left alone
16:37:07.815  +1021.690s  SET      present lcop_selection_set_tree/Architecture/BLD-AR-Ramps  1 condition  0 items  already there, left alone
16:37:07.834  +1021.709s  SET      present lcop_selection_set_tree/Architecture/BLD-AR-Roofs  1 condition  0 items  already there, left alone
16:37:07.853  +1021.728s  SET      present lcop_selection_set_tree/Architecture/BLD-AR-Ceilings  1 condition  0 items  already there, left alone
16:37:07.874  +1021.748s  SET      present lcop_selection_set_tree/Architecture/BLD-AR-Columns  1 condition  0 items  already there, left alone
16:37:07.895  +1021.770s  SET      present lcop_selection_set_tree/Architecture/BLD-AR-Walls  2 conditions  48 items  already there, left alone
16:37:07.920  +1021.794s  SET      present lcop_selection_set_tree/Architecture/BLD-AR-Windows  1 condition  0 items  already there, left alone
16:37:07.943  +1021.818s  SET      present lcop_selection_set_tree/Architecture/BLD-AR-Curtain Panels  1 condition  0 items  already there, left alone
16:37:07.965  +1021.839s  SET      present lcop_selection_set_tree/Architecture/BLD-AR-Curtain Mullions  1 condition  0 items  already there, left alone
16:37:07.981  +1021.856s  SET      present lcop_selection_set_tree/Architecture/BLD-AR-Doors  1 condition  1 item  already there, left alone
16:37:07.999  +1021.874s  SET      present lcop_selection_set_tree/Architecture/BLD-AR-Casework  1 condition  0 items  already there, left alone
16:37:08.017  +1021.892s  SET      present lcop_selection_set_tree/Architecture/BLD-AR-Furniture  1 condition  0 items  already there, left alone
16:37:08.045  +1021.919s  SET      present lcop_selection_set_tree/Architecture/BLD-AR-Parking  1 condition  0 items  already there, left alone
16:37:08.073  +1021.948s  SET      present lcop_selection_set_tree/Architecture/BLD-AR-Railings  1 condition  0 items  already there, left alone
16:37:08.090  +1021.966s  SET      present lcop_selection_set_tree/Architecture/BLD-AR-Site  1 condition  0 items  already there, left alone
16:37:08.110  +1021.984s  SET      present lcop_selection_set_tree/Structure/BLD-ST-Foundation  1 condition  16 items  already there, left alone
16:37:08.135  +1022.010s  SET      present lcop_selection_set_tree/Structure/BLD-ST-Columns  1 condition  16 items  already there, left alone
16:37:08.157  +1022.031s  SET      present lcop_selection_set_tree/Structure/BLD-ST-Framing  1 condition  18 items  already there, left alone
16:37:08.185  +1022.059s  SET      present lcop_selection_set_tree/Structure/BLD-ST-Walls  2 conditions  20 items  already there, left alone
16:37:08.205  +1022.080s  SET      present lcop_selection_set_tree/Structure/BLD-ST-Floors  2 conditions  3 items  already there, left alone
16:37:08.222  +1022.097s  SET      present lcop_selection_set_tree/Structure/BLD-ST-Stair  2 conditions  0 items  already there, left alone
16:37:08.240  +1022.115s  SET      present lcop_selection_set_tree/Mechanical/Mechanical-HVAC/BLD-ME-Ducts&Duct Fittings  4 conditions  0 items  already there, left alone
16:37:08.255  +1022.129s  SET      present lcop_selection_set_tree/Mechanical/Mechanical-HVAC/BLD-ME-Duct Accessory  2 conditions  0 items  already there, left alone
16:37:08.274  +1022.148s  SET      present lcop_selection_set_tree/Mechanical/Mechanical-HVAC/BLD-ME-Mechanical Equipment  2 conditions  0 items  already there, left alone
16:37:08.296  +1022.170s  SET      present lcop_selection_set_tree/Mechanical/Mechanical-HVAC/BLD-ME-Flex Ducts  2 conditions  0 items  already there, left alone
16:37:08.313  +1022.188s  SET      present lcop_selection_set_tree/Mechanical/Mechanical-HVAC/BLD-ME-Air Terminals  2 conditions  0 items  already there, left alone
16:37:08.333  +1022.207s  SET      present lcop_selection_set_tree/Mechanical/Mechanical-HVAC/BLD-ME-Pipes&Pipe Fittings  4 conditions  0 items  already there, left alone
16:37:08.347  +1022.222s  SET      present lcop_selection_set_tree/Mechanical/Mechanical-HVAC/BLD-ME-Pipe Accessories  2 conditions  0 items  already there, left alone
16:37:08.366  +1022.240s  SET      present lcop_selection_set_tree/Mechanical/Mechanical-HVAC/BLD-ME-Plumbing Fixtures  2 conditions  0 items  already there, left alone
16:37:08.388  +1022.263s  SET      present lcop_selection_set_tree/Mechanical/Mechanical-HVAC/BLD-ME-Flex Pipes  2 conditions  0 items  already there, left alone
16:37:08.411  +1022.286s  SET      present lcop_selection_set_tree/Mechanical/Mechanical-Fire Fighting/BLD-FF-Mechanical Equipment  2 conditions  0 items  already there, left alone
16:37:08.436  +1022.310s  SET      present lcop_selection_set_tree/Mechanical/Mechanical-Fire Fighting/BLD-FF-Pipes & Pipe Fittings  4 conditions  0 items  already there, left alone
16:37:08.454  +1022.328s  SET      present lcop_selection_set_tree/Mechanical/Mechanical-Fire Fighting/BLD-FF-Pipe Accessories  2 conditions  0 items  already there, left alone
16:37:08.472  +1022.347s  SET      present lcop_selection_set_tree/Mechanical/Mechanical-Fire Fighting/BLD-FF-Pipe Insulations  2 conditions  0 items  already there, left alone
16:37:08.492  +1022.366s  SET      present lcop_selection_set_tree/Mechanical/Mechanical-Fire Fighting/BLD-FF-Plumbing Fixtures  2 conditions  0 items  already there, left alone
16:37:08.514  +1022.388s  SET      present lcop_selection_set_tree/Mechanical/Mechanical-Fire Fighting/BLD-FF-Sprinklers  2 conditions  0 items  already there, left alone
16:37:08.535  +1022.410s  SET      present lcop_selection_set_tree/Mechanical/Mechanical-Water Supply/BLD-PL-Mechanical Equipment  2 conditions  0 items  already there, left alone
16:37:08.558  +1022.433s  SET      present lcop_selection_set_tree/Mechanical/Mechanical-Water Supply/BLD-PL-Pipes & Pipe Fittings  4 conditions  0 items  already there, left alone
16:37:08.573  +1022.448s  SET      present lcop_selection_set_tree/Mechanical/Mechanical-Water Supply/BLD-PL-Pipe Accessories  2 conditions  0 items  already there, left alone
16:37:08.593  +1022.468s  SET      present lcop_selection_set_tree/Mechanical/Mechanical-Water Supply/BLD-PL-Pipe Insulations  2 conditions  0 items  already there, left alone
16:37:08.616  +1022.490s  SET      present lcop_selection_set_tree/Mechanical/Mechanical-Water Supply/BLD-PL-Plumbing Fixtures  2 conditions  0 items  already there, left alone
16:37:08.637  +1022.512s  SET      present lcop_selection_set_tree/Mechanical/Mechanical-Drainage/BLD-DR-Mechanical Equipment  2 conditions  0 items  already there, left alone
16:37:08.663  +1022.538s  SET      present lcop_selection_set_tree/Mechanical/Mechanical-Drainage/BLD-DR-Pipes & Pipe Fittings  4 conditions  86 items  already there, left alone
16:37:08.679  +1022.554s  SET      present lcop_selection_set_tree/Mechanical/Mechanical-Drainage/BLD-DR-Pipe Accessories  2 conditions  0 items  already there, left alone
16:37:08.695  +1022.569s  SET      present lcop_selection_set_tree/Mechanical/Mechanical-Drainage/BLD-DR-Pipe Insulations  2 conditions  0 items  already there, left alone
16:37:08.722  +1022.597s  SET      present lcop_selection_set_tree/Mechanical/Mechanical-Drainage/BLD-DR-Plumbing Fixtures  2 conditions  5 items  already there, left alone
16:37:08.743  +1022.617s  SET      present lcop_selection_set_tree/Electrical/BLD-EL-Cable Tray&Cable Tray Fittings  1 condition  31 items  already there, left alone
16:37:08.764  +1022.638s  SET      present lcop_selection_set_tree/Electrical/BLD-EL-Electrical Equipment  1 condition  22 items  already there, left alone
16:37:08.785  +1022.660s  SET      present lcop_selection_set_tree/Electrical/BLD-EL-Electrical Fixtures  1 condition  24 items  already there, left alone
16:37:08.806  +1022.681s  SET      present lcop_selection_set_tree/Electrical/BLD-EL-Conduits & Conduit Fittings  1 condition  92 items  already there, left alone
16:37:08.823  +1022.698s  SET      present lcop_selection_set_tree/Electrical/BLD-EL-Devices  7 conditions  24 items  already there, left alone
16:37:08.843  +1022.717s  SET      present lcop_selection_set_tree/Electrical/BLD-EL-Lighting Fixtures  1 condition  23 items  already there, left alone
16:37:08.866  +1022.740s  SET      present lcop_selection_set_tree/Electrical/BLD-EL-Lighting Devices  1 condition  2 items  already there, left alone
16:37:08.892  +1022.767s  SET      present lcop_selection_set_tree/Electrical/BLD-EL-Fire Alarm Devices  1 condition  13 items  already there, left alone
16:37:08.925  +1022.800s  SET      present lcop_selection_set_tree/Electrical/BLD-EL-Telecom Equipment  1 condition  0 items  already there, left alone
16:37:08.944  +1022.818s  SET      present lcop_selection_set_tree/Electrical/BLD-EL-Telecom Fixtures  1 condition  0 items  already there, left alone
16:37:08.962  +1022.837s  SET      present lcop_selection_set_tree/Electrical/BLD-Security Devices  1 condition  10 items  already there, left alone
16:37:08.979  +1022.853s  SET      present lcop_selection_set_tree/Electrical/BLD-EL-Communication Devices  1 condition  0 items  already there, left alone
16:37:08.994  +1022.868s  SET      present lcop_selection_set_tree/Electrical/BLD-EL-Telephone Devices  1 condition  0 items  already there, left alone
16:37:09.013  +1022.887s  SET      present lcop_selection_set_tree/Electrical/BLD-EL-Data Devices  1 condition  1 item  already there, left alone
16:37:09.032  +1022.906s  SETS     1A02WM put into the document: 0 created, 61 already there and left alone
16:37:09.049  +1022.924s  CENSUS   after  SETS  models 4  sets 62  tests 1830  results 245  views 327
16:37:09.068  +1022.942s  STEP     SETS          finished 1.369s  0 created, 61 already there, 0 finding items, 0 at zero.
16:37:09.084  +1022.960s  CLASH    1A02WM, 1830 in the file, 1830 to create, 0 skipped before the model
16:37:09.102  +1022.977s  OUTPUTS  workbook on, XML off, HTML on, images on
16:37:09.118  +1022.993s  CLASH    Images on, 1024 by 1024 pixels, New, Active, Reviewed only, no cap per test, linked rather than pasted in.
16:37:09.139  +1023.013s  CLASH    ran against C:\00-NM\Federation Task\C02 + 04\C02\NWF\1104-PAR-1A02WM-ZZZ-BM-MOD-000001.nwf  (4 models loaded)
16:37:09.170  +1023.044s  CLASH    the document measures in ft, every tolerance was converted into it
16:37:09.186  +1023.061s  CLASH    the document holds 62 sets and the tests name 61 sets
16:37:09.203  +1023.077s  CLASH    the document already holds 1830 clash tests, they keep their results and are not recreated
16:37:09.215  +1023.090s  CLASH    counted the items of 61 sets for the creation plan in 0.0000507s
16:37:09.226  +1023.101s  CLASH 1830 in the file, 0 created, 60 not created, a side finds nothing
16:37:09.240  +1023.114s  CLASH    SKIPPED  BLD-DR-Pipe Accessories-vs-BLD-AR-Floors  the left side "lcop_selection_set_tree/Mechanical/Mechanical-Drainage/BLD-DR-Pipe Accessories" finds nothing in this model, the right finds 4
16:37:09.252  +1023.127s  CLASH    SKIPPED  BLD-DR-Pipe Accessories-vs-BLD-AR-Stairs  both sides find nothing in this model, left "lcop_selection_set_tree/Mechanical/Mechanical-Drainage/BLD-DR-Pipe Accessories" and right "lcop_selection_set_tree/Architecture/BLD-AR-Stairs"
16:37:09.267  +1023.142s  CLASH    SKIPPED  BLD-DR-Pipe Accessories-vs-BLD-AR-Ramps  both sides find nothing in this model, left "lcop_selection_set_tree/Mechanical/Mechanical-Drainage/BLD-DR-Pipe Accessories" and right "lcop_selection_set_tree/Architecture/BLD-AR-Ramps"
16:37:09.284  +1023.159s  CLASH    SKIPPED  BLD-DR-Pipe Accessories-vs-BLD-AR-Roofs  both sides find nothing in this model, left "lcop_selection_set_tree/Mechanical/Mechanical-Drainage/BLD-DR-Pipe Accessories" and right "lcop_selection_set_tree/Architecture/BLD-AR-Roofs"
16:37:09.294  +1023.168s  CLASH    SKIPPED  BLD-DR-Pipe Accessories-vs-BLD-AR-Ceilings  both sides find nothing in this model, left "lcop_selection_set_tree/Mechanical/Mechanical-Drainage/BLD-DR-Pipe Accessories" and right "lcop_selection_set_tree/Architecture/BLD-AR-Ceilings"
16:37:09.304  +1023.179s  CLASH    further skips for "a side finds nothing in this model" are counted, not listed. The block at the end carries the total.
16:37:09.346  +1023.220s  CLASH    OLD      BLD-AR-Walls-vs-BLD-AR-Floors  Navisworks has this test marked Old.
16:37:09.356  +1023.231s  STEP     TESTS RUN     started
16:37:09.379  +1023.253s  CENSUS   before TESTS RUN  models 4  sets 62  tests 1830  results 245  views 327
16:37:10.285  +1024.160s  CENSUS   after  TESTS RUN  models 4  sets 62  tests 1830  results 245  views 327
16:37:10.302  +1024.177s  STEP     TESTS RUN     finished 0.927s  BLD-AR-Walls-vs-BLD-AR-Floors
16:37:10.317  +1024.191s  STEP     HARVEST       started
16:37:10.337  +1024.212s  CENSUS   before HARVEST  models 4  sets 62  tests 1830  results 245  views 327
16:37:10.387  +1024.262s  CENSUS   after  HARVEST  models 4  sets 62  tests 1830  results 245  views 327
16:37:10.425  +1024.300s  STEP     HARVEST       finished 0.056s  BLD-AR-Walls-vs-BLD-AR-Floors
16:37:10.468  +1024.343s  CLASH    25 of 1770 tests, 1 run, 83 skipped, 0 clashes so far
16:37:10.482  +1024.357s  CLASH    OLD      BLD-AR-Doors-vs-BLD-AR-Floors  Navisworks has this test marked Old.
16:37:10.495  +1024.369s  STEP     TESTS RUN     entered again. Every further visit in this group is counted, not written out
16:37:11.380  +1025.255s  STEP     HARVEST       entered again. Every further visit in this group is counted, not written out
16:37:11.435  +1025.310s  CLASH    50 of 1770 tests, 2 run, 107 skipped, 0 clashes so far
16:37:11.454  +1025.329s  CLASH    OLD      BLD-AR-Doors-vs-BLD-AR-Walls  Navisworks has this test marked Old.
16:37:12.397  +1026.272s  STEP       IMAGES        started
16:37:12.411  +1026.287s  CENSUS   before IMAGES  models 4  sets 62  tests 1830  results 245  views 327
16:37:12.474  +1026.349s  CENSUS   after  IMAGES  models 4  sets 62  tests 1830  results 245  views 327
16:37:12.494  +1026.368s  STEP       IMAGES        finished 0.074s  BLD-AR-Doors-vs-BLD-AR-Walls
16:37:12.545  +1026.419s  CLASH    75 of 1770 tests, 3 run, 131 skipped, 1 clashes so far
16:37:12.577  +1026.452s  CLASH    100 of 1770 tests, 3 run, 156 skipped, 1 clashes so far
16:37:12.591  +1026.465s  CLASH    OLD      BLD-ST-Foundation-vs-BLD-AR-Floors  Navisworks has this test marked Old.
16:37:13.488  +1027.363s  CLASH    125 of 1770 tests, 4 run, 180 skipped, 1 clashes so far
16:37:13.499  +1027.374s  CLASH    OLD      BLD-ST-Foundation-vs-BLD-AR-Walls  Navisworks has this test marked Old.
16:37:14.375  +1028.250s  CLASH    OLD      BLD-ST-Foundation-vs-BLD-AR-Doors  Navisworks has this test marked Old.
16:37:15.235  +1029.109s  CLASH    OLD      BLD-ST-Columns-vs-BLD-AR-Floors  Navisworks has this test marked Old.
16:37:16.190  +1030.065s  STEP     IMAGES        entered again. Every further visit in this group is counted, not written out
16:37:16.356  +1030.231s  CLASH    OLD      BLD-ST-Columns-vs-BLD-AR-Walls  Navisworks has this test marked Old.
16:37:17.276  +1031.151s  CLASH    OLD      BLD-ST-Columns-vs-BLD-AR-Doors  Navisworks has this test marked Old.
16:37:18.177  +1032.051s  CLASH    150 of 1770 tests, 9 run, 200 skipped, 5 clashes so far
16:37:18.186  +1032.060s  CLASH    OLD      BLD-ST-Columns-vs-BLD-ST-Foundation  Navisworks has this test marked Old.
16:37:19.077  +1032.951s  CLASH    OLD      BLD-ST-Framing-vs-BLD-AR-Floors  Navisworks has this test marked Old.
16:37:20.012  +1033.887s  CLASH    OLD      BLD-ST-Framing-vs-BLD-AR-Walls  Navisworks has this test marked Old.
16:37:21.508  +1035.383s  CLASH    OLD      BLD-ST-Framing-vs-BLD-AR-Doors  Navisworks has this test marked Old.
16:37:22.444  +1036.319s  CLASH    OLD      BLD-ST-Framing-vs-BLD-ST-Foundation  Navisworks has this test marked Old.
16:37:23.352  +1037.226s  CLASH    OLD      BLD-ST-Framing-vs-BLD-ST-Columns  Navisworks has this test marked Old.
16:37:24.276  +1038.151s  CLASH    OLD      BLD-ST-Walls-vs-BLD-AR-Floors  Navisworks has this test marked Old.
16:37:25.303  +1039.178s  CLASH    175 of 1770 tests, 16 run, 218 skipped, 19 clashes so far
16:37:25.316  +1039.191s  CLASH    OLD      BLD-ST-Walls-vs-BLD-AR-Walls  Navisworks has this test marked Old.
16:37:26.488  +1040.363s  CLASH    OLD      BLD-ST-Walls-vs-BLD-AR-Doors  Navisworks has this test marked Old.
16:37:27.425  +1041.300s  CLASH    OLD      BLD-ST-Walls-vs-BLD-ST-Foundation  Navisworks has this test marked Old.
16:37:28.329  +1042.204s  CLASH    OLD      BLD-ST-Walls-vs-BLD-ST-Columns  Navisworks has this test marked Old.
16:37:29.244  +1043.119s  CLASH    OLD      BLD-ST-Walls-vs-BLD-ST-Framing  Navisworks has this test marked Old.
16:37:30.161  +1044.035s  CLASH    OLD      BLD-ST-Floors-vs-BLD-AR-Floors  Navisworks has this test marked Old.
16:37:31.061  +1044.936s  CLASH    OLD      BLD-ST-Floors-vs-BLD-AR-Walls  Navisworks has this test marked Old.
16:37:32.646  +1046.521s  CLASH    200 of 1770 tests, 23 run, 236 skipped, 41 clashes so far
16:37:32.661  +1046.535s  CLASH    OLD      BLD-ST-Floors-vs-BLD-AR-Doors  Navisworks has this test marked Old.
16:37:33.550  +1047.425s  CLASH    OLD      BLD-ST-Floors-vs-BLD-ST-Foundation  Navisworks has this test marked Old.
16:37:34.406  +1048.281s  CLASH    OLD      BLD-ST-Floors-vs-BLD-ST-Columns  Navisworks has this test marked Old.
16:37:35.308  +1049.183s  CLASH    OLD      BLD-ST-Floors-vs-BLD-ST-Framing  Navisworks has this test marked Old.
16:37:36.246  +1050.120s  CLASH    OLD      BLD-ST-Floors-vs-BLD-ST-Walls  Navisworks has this test marked Old.
16:37:37.995  +1051.870s  CLASH    225 of 1770 tests, 28 run, 256 skipped, 57 clashes so far
16:37:38.017  +1051.892s  CLASH    250 of 1770 tests, 28 run, 281 skipped, 57 clashes so far
16:37:38.030  +1051.905s  CLASH    275 of 1770 tests, 28 run, 306 skipped, 57 clashes so far
16:37:38.045  +1051.919s  CLASH    300 of 1770 tests, 28 run, 331 skipped, 57 clashes so far
16:37:38.059  +1051.934s  CLASH    325 of 1770 tests, 28 run, 356 skipped, 57 clashes so far
16:37:38.074  +1051.950s  CLASH    350 of 1770 tests, 28 run, 381 skipped, 57 clashes so far
16:37:38.092  +1051.967s  CLASH    375 of 1770 tests, 28 run, 406 skipped, 57 clashes so far
16:37:38.113  +1051.987s  CLASH    400 of 1770 tests, 28 run, 431 skipped, 57 clashes so far
16:37:38.133  +1052.008s  CLASH    425 of 1770 tests, 28 run, 456 skipped, 57 clashes so far
16:37:38.171  +1052.045s  CLASH    450 of 1770 tests, 28 run, 481 skipped, 57 clashes so far
16:37:38.186  +1052.060s  CLASH    475 of 1770 tests, 28 run, 506 skipped, 57 clashes so far
16:37:38.200  +1052.075s  CLASH    500 of 1770 tests, 28 run, 531 skipped, 57 clashes so far
16:37:38.214  +1052.088s  CLASH    525 of 1770 tests, 28 run, 556 skipped, 57 clashes so far
16:37:38.228  +1052.102s  CLASH    550 of 1770 tests, 28 run, 581 skipped, 57 clashes so far
16:37:38.244  +1052.119s  CLASH    575 of 1770 tests, 28 run, 606 skipped, 57 clashes so far
16:37:38.263  +1052.138s  CLASH    600 of 1770 tests, 28 run, 631 skipped, 57 clashes so far
16:37:38.281  +1052.156s  CLASH    625 of 1770 tests, 28 run, 656 skipped, 57 clashes so far
16:37:38.300  +1052.175s  CLASH    650 of 1770 tests, 28 run, 681 skipped, 57 clashes so far
16:37:38.324  +1052.198s  CLASH    675 of 1770 tests, 28 run, 706 skipped, 57 clashes so far
16:37:38.350  +1052.224s  CLASH    700 of 1770 tests, 28 run, 731 skipped, 57 clashes so far
16:37:38.380  +1052.254s  CLASH    725 of 1770 tests, 28 run, 756 skipped, 57 clashes so far
16:37:38.399  +1052.274s  CLASH    750 of 1770 tests, 28 run, 781 skipped, 57 clashes so far
16:37:38.411  +1052.286s  CLASH    775 of 1770 tests, 28 run, 806 skipped, 57 clashes so far
16:37:38.423  +1052.298s  CLASH    800 of 1770 tests, 28 run, 831 skipped, 57 clashes so far
16:37:38.444  +1052.319s  CLASH    825 of 1770 tests, 28 run, 856 skipped, 57 clashes so far
16:37:38.460  +1052.335s  CLASH    850 of 1770 tests, 28 run, 881 skipped, 57 clashes so far
16:37:38.476  +1052.351s  CLASH    875 of 1770 tests, 28 run, 906 skipped, 57 clashes so far
16:37:38.493  +1052.368s  CLASH    900 of 1770 tests, 28 run, 931 skipped, 57 clashes so far
16:37:38.508  +1052.382s  CLASH    OLD      BLD-DR-Pipes & Pipe Fittings-vs-BLD-AR-Floors  Navisworks has this test marked Old.
16:37:39.507  +1053.382s  CLASH    OLD      BLD-DR-Pipes & Pipe Fittings-vs-BLD-AR-Walls  Navisworks has this test marked Old.
16:37:40.381  +1054.256s  CLASH    OLD      BLD-DR-Pipes & Pipe Fittings-vs-BLD-AR-Doors  Navisworks has this test marked Old.
16:37:41.290  +1055.164s  CLASH    OLD      BLD-DR-Pipes & Pipe Fittings-vs-BLD-ST-Foundation  Navisworks has this test marked Old.
16:37:42.224  +1056.098s  CLASH    OLD      BLD-DR-Pipes & Pipe Fittings-vs-BLD-ST-Columns  Navisworks has this test marked Old.
16:37:43.329  +1057.204s  CLASH    OLD      BLD-DR-Pipes & Pipe Fittings-vs-BLD-ST-Framing  Navisworks has this test marked Old.
16:37:44.265  +1058.139s  CLASH    OLD      BLD-DR-Pipes & Pipe Fittings-vs-BLD-ST-Walls  Navisworks has this test marked Old.
16:37:45.456  +1059.330s  CLASH    OLD      BLD-DR-Pipes & Pipe Fittings-vs-BLD-ST-Floors  Navisworks has this test marked Old.
16:37:46.460  +1060.334s  STATUS   a clash carries one of five: New, Active, Reviewed, Approved, Resolved
16:37:46.483  +1060.358s  STATUS   a TEST carries one of four: New, Old, Partial, Complete
16:37:46.507  +1060.381s  STATUS   the two sets are different things and share only the word New
16:37:46.536  +1060.411s  STATUS   Old is a test word and never a clash word, so no clash is ever at Old and nothing here ever moves one from it
16:37:46.579  +1060.454s  STATUS   this tool sets Reviewed and nothing else. Approved and Resolved are a person's decision about work that was actually done
16:37:46.612  +1060.486s  STATUS   Clash3  Active to Reviewed
16:37:47.057  +1060.932s  CLASH    925 of 1770 tests, 36 run, 948 skipped, 76 clashes so far
16:37:47.073  +1060.948s  CLASH    950 of 1770 tests, 36 run, 973 skipped, 76 clashes so far
16:37:47.090  +1060.964s  CLASH    975 of 1770 tests, 36 run, 998 skipped, 76 clashes so far
16:37:47.104  +1060.979s  CLASH    OLD      BLD-DR-Plumbing Fixtures-vs-BLD-AR-Floors  Navisworks has this test marked Old.
16:37:48.038  +1061.912s  CLASH    OLD      BLD-DR-Plumbing Fixtures-vs-BLD-AR-Walls  Navisworks has this test marked Old.
16:37:48.911  +1062.786s  CLASH    1000 of 1770 tests, 38 run, 1021 skipped, 76 clashes so far
16:37:48.921  +1062.796s  CLASH    OLD      BLD-DR-Plumbing Fixtures-vs-BLD-AR-Doors  Navisworks has this test marked Old.
16:37:49.847  +1063.721s  CLASH    OLD      BLD-DR-Plumbing Fixtures-vs-BLD-ST-Foundation  Navisworks has this test marked Old.
16:37:50.752  +1064.627s  CLASH    OLD      BLD-DR-Plumbing Fixtures-vs-BLD-ST-Columns  Navisworks has this test marked Old.
16:37:51.657  +1065.531s  CLASH    OLD      BLD-DR-Plumbing Fixtures-vs-BLD-ST-Framing  Navisworks has this test marked Old.
16:37:52.591  +1066.465s  CLASH    OLD      BLD-DR-Plumbing Fixtures-vs-BLD-ST-Walls  Navisworks has this test marked Old.
16:37:53.480  +1067.355s  CLASH    OLD      BLD-DR-Plumbing Fixtures-vs-BLD-ST-Floors  Navisworks has this test marked Old.
16:37:54.396  +1068.271s  CLASH    1025 of 1770 tests, 44 run, 1040 skipped, 76 clashes so far
16:37:54.411  +1068.286s  CLASH    OLD      BLD-DR-Plumbing Fixtures-vs-BLD-DR-Pipes & Pipe Fittings  Navisworks has this test marked Old.
16:37:55.346  +1069.220s  CLASH    OLD      BLD-EL-Cable Tray&Cable Tray Fittings-vs-BLD-AR-Floors  Navisworks has this test marked Old.
16:37:56.297  +1070.172s  CLASH    OLD      BLD-EL-Cable Tray&Cable Tray Fittings-vs-BLD-AR-Walls  Navisworks has this test marked Old.
16:37:57.339  +1071.213s  CLASH    OLD      BLD-EL-Cable Tray&Cable Tray Fittings-vs-BLD-AR-Doors  Navisworks has this test marked Old.
16:37:58.303  +1072.178s  CLASH    1050 of 1770 tests, 48 run, 1061 skipped, 76 clashes so far
16:37:58.316  +1072.190s  CLASH    OLD      BLD-EL-Cable Tray&Cable Tray Fittings-vs-BLD-ST-Foundation  Navisworks has this test marked Old.
16:37:59.236  +1073.110s  CLASH    OLD      BLD-EL-Cable Tray&Cable Tray Fittings-vs-BLD-ST-Columns  Navisworks has this test marked Old.
16:38:00.203  +1074.078s  CLASH    OLD      BLD-EL-Cable Tray&Cable Tray Fittings-vs-BLD-ST-Framing  Navisworks has this test marked Old.
16:38:01.232  +1075.106s  CLASH    OLD      BLD-EL-Cable Tray&Cable Tray Fittings-vs-BLD-ST-Walls  Navisworks has this test marked Old.
16:38:02.107  +1075.981s  CLASH    OLD      BLD-EL-Cable Tray&Cable Tray Fittings-vs-BLD-ST-Floors  Navisworks has this test marked Old.
16:38:02.979  +1076.853s  CLASH    1075 of 1770 tests, 53 run, 1081 skipped, 79 clashes so far
16:38:02.990  +1076.864s  CLASH    OLD      BLD-EL-Cable Tray&Cable Tray Fittings-vs-BLD-DR-Pipes & Pipe Fittings  Navisworks has this test marked Old.
16:38:03.896  +1077.771s  CLASH    OLD      BLD-EL-Cable Tray&Cable Tray Fittings-vs-BLD-DR-Plumbing Fixtures  Navisworks has this test marked Old.
16:38:04.786  +1078.661s  CLASH    OLD      BLD-EL-Electrical Equipment-vs-BLD-AR-Floors  Navisworks has this test marked Old.
16:38:05.849  +1079.724s  CLASH    OLD      BLD-EL-Electrical Equipment-vs-BLD-AR-Walls  Navisworks has this test marked Old.
16:38:06.940  +1080.815s  CLASH    OLD      BLD-EL-Electrical Equipment-vs-BLD-AR-Doors  Navisworks has this test marked Old.
16:38:07.858  +1081.733s  CLASH    OLD      BLD-EL-Electrical Equipment-vs-BLD-ST-Foundation  Navisworks has this test marked Old.
16:38:08.764  +1082.639s  CLASH    OLD      BLD-EL-Electrical Equipment-vs-BLD-ST-Columns  Navisworks has this test marked Old.
16:38:09.668  +1083.543s  CLASH    1100 of 1770 tests, 60 run, 1099 skipped, 86 clashes so far
16:38:09.685  +1083.560s  CLASH    OLD      BLD-EL-Electrical Equipment-vs-BLD-ST-Framing  Navisworks has this test marked Old.
16:38:10.579  +1084.454s  CLASH    OLD      BLD-EL-Electrical Equipment-vs-BLD-ST-Walls  Navisworks has this test marked Old.
16:38:11.543  +1085.417s  CLASH    OLD      BLD-EL-Electrical Equipment-vs-BLD-ST-Floors  Navisworks has this test marked Old.
16:38:12.527  +1086.401s  CLASH    1125 of 1770 tests, 63 run, 1121 skipped, 86 clashes so far
16:38:12.539  +1086.413s  CLASH    OLD      BLD-EL-Electrical Equipment-vs-BLD-DR-Pipes & Pipe Fittings  Navisworks has this test marked Old.
16:38:13.474  +1087.349s  CLASH    OLD      BLD-EL-Electrical Equipment-vs-BLD-DR-Plumbing Fixtures  Navisworks has this test marked Old.
16:38:14.409  +1088.283s  CLASH    OLD      BLD-EL-Electrical Equipment-vs-BLD-EL-Cable Tray&Cable Tray Fittings  Navisworks has this test marked Old.
16:38:15.563  +1089.437s  CLASH    OLD      BLD-EL-Electrical Fixtures-vs-BLD-AR-Floors  Navisworks has this test marked Old.
16:38:16.555  +1090.430s  CLASH    OLD      BLD-EL-Electrical Fixtures-vs-BLD-AR-Walls  Navisworks has this test marked Old.
16:38:18.448  +1092.322s  CLASH    OLD      BLD-EL-Electrical Fixtures-vs-BLD-AR-Doors  Navisworks has this test marked Old.
16:38:19.351  +1093.225s  CLASH    OLD      BLD-EL-Electrical Fixtures-vs-BLD-ST-Foundation  Navisworks has this test marked Old.
16:38:20.304  +1094.178s  CLASH    OLD      BLD-EL-Electrical Fixtures-vs-BLD-ST-Columns  Navisworks has this test marked Old.
16:38:21.240  +1095.114s  CLASH    OLD      BLD-EL-Electrical Fixtures-vs-BLD-ST-Framing  Navisworks has this test marked Old.
16:38:22.177  +1096.052s  CLASH    OLD      BLD-EL-Electrical Fixtures-vs-BLD-ST-Walls  Navisworks has this test marked Old.
16:38:23.128  +1097.002s  CLASH    OLD      BLD-EL-Electrical Fixtures-vs-BLD-ST-Floors  Navisworks has this test marked Old.
16:38:24.061  +1097.935s  CLASH    1150 of 1770 tests, 74 run, 1135 skipped, 111 clashes so far
16:38:24.071  +1097.947s  CLASH    OLD      BLD-EL-Electrical Fixtures-vs-BLD-DR-Pipes & Pipe Fittings  Navisworks has this test marked Old.
16:38:25.059  +1098.934s  CLASH    OLD      BLD-EL-Electrical Fixtures-vs-BLD-DR-Plumbing Fixtures  Navisworks has this test marked Old.
16:38:26.044  +1099.918s  CLASH    1175 of 1770 tests, 76 run, 1158 skipped, 111 clashes so far
16:38:26.055  +1099.930s  CLASH    OLD      BLD-EL-Electrical Fixtures-vs-BLD-EL-Cable Tray&Cable Tray Fittings  Navisworks has this test marked Old.
16:38:26.986  +1100.860s  CLASH    OLD      BLD-EL-Electrical Fixtures-vs-BLD-EL-Electrical Equipment  Navisworks has this test marked Old.
16:38:28.012  +1101.886s  CLASH    OLD      BLD-EL-Conduits & Conduit Fittings-vs-BLD-AR-Floors  Navisworks has this test marked Old.
16:38:28.985  +1102.860s  STATUS   Clash4  Active to Reviewed
16:38:29.001  +1102.876s  STATUS   Clash5  Active to Reviewed
16:38:29.014  +1102.889s  STATUS   Clash6  Active to Reviewed
16:38:29.027  +1102.901s  STATUS   Clash7  Active to Reviewed
16:38:29.055  +1102.930s  STATUS   Clash10  Active to Reviewed
16:38:29.073  +1102.947s  STATUS   Clash11  Active to Reviewed
16:38:29.089  +1102.963s  STATUS   Clash12  Active to Reviewed
16:38:29.584  +1103.459s  CLASH    OLD      BLD-EL-Conduits & Conduit Fittings-vs-BLD-AR-Walls  Navisworks has this test marked Old.
16:38:30.769  +1104.644s  STATUS   Clash15  Active to Reviewed
16:38:30.798  +1104.673s  STATUS   Clash16  Active to Reviewed
16:38:30.810  +1104.685s  STATUS   Clash22  Active to Reviewed
16:38:30.821  +1104.696s  STATUS   Clash23  Active to Reviewed
16:38:30.836  +1104.711s  STATUS   Clash24  Active to Reviewed
16:38:30.868  +1104.743s  STATUS   Clash25  Active to Reviewed
16:38:30.888  +1104.762s  STATUS   Clash26  Active to Reviewed
16:38:30.902  +1104.776s  STATUS   Clash28  Active to Reviewed
16:38:30.919  +1104.794s  STATUS   Clash36  Active to Reviewed
16:38:30.944  +1104.820s  STATUS   Clash37  Active to Reviewed
16:38:30.960  +1104.835s  STATUS   Clash38  Active to Reviewed
16:38:30.974  +1104.849s  STATUS   Clash39  Active to Reviewed
16:38:30.987  +1104.862s  STATUS   Clash40  Active to Reviewed
16:38:30.998  +1104.873s  STATUS   Clash41  Active to Reviewed
16:38:31.012  +1104.887s  STATUS   Clash42  Active to Reviewed
16:38:31.025  +1104.900s  STATUS   Clash43  Active to Reviewed
16:38:31.037  +1104.912s  STATUS   Clash44  Active to Reviewed
16:38:32.463  +1106.338s  CLASH    OLD      BLD-EL-Conduits & Conduit Fittings-vs-BLD-AR-Doors  Navisworks has this test marked Old.
16:38:33.462  +1107.337s  CLASH    OLD      BLD-EL-Conduits & Conduit Fittings-vs-BLD-ST-Foundation  Navisworks has this test marked Old.
16:38:34.363  +1108.237s  CLASH    OLD      BLD-EL-Conduits & Conduit Fittings-vs-BLD-ST-Columns  Navisworks has this test marked Old.
16:38:35.267  +1109.141s  CLASH    OLD      BLD-EL-Conduits & Conduit Fittings-vs-BLD-ST-Framing  Navisworks has this test marked Old.
16:38:36.187  +1110.061s  CLASH    OLD      BLD-EL-Conduits & Conduit Fittings-vs-BLD-ST-Walls  Navisworks has this test marked Old.
16:38:37.207  +1111.082s  STATUS   Clash3  Active to Reviewed
16:38:37.250  +1111.124s  STATUS   Clash4  Active to Reviewed
16:38:37.287  +1111.162s  STATUS   Clash5  Active to Reviewed
16:38:37.314  +1111.189s  STATUS   Clash6  Active to Reviewed
16:38:37.337  +1111.212s  STATUS   Clash7  Active to Reviewed
16:38:37.656  +1111.530s  CLASH    OLD      BLD-EL-Conduits & Conduit Fittings-vs-BLD-ST-Floors  Navisworks has this test marked Old.
16:38:38.619  +1112.493s  CLASH    1200 of 1770 tests, 86 run, 1173 skipped, 176 clashes so far
16:38:38.633  +1112.507s  CLASH    OLD      BLD-EL-Conduits & Conduit Fittings-vs-BLD-DR-Pipes & Pipe Fittings  Navisworks has this test marked Old.
16:38:39.694  +1113.569s  CLASH    OLD      BLD-EL-Conduits & Conduit Fittings-vs-BLD-DR-Plumbing Fixtures  Navisworks has this test marked Old.
16:38:40.676  +1114.550s  CLASH    OLD      BLD-EL-Conduits & Conduit Fittings-vs-BLD-EL-Cable Tray&Cable Tray Fittings  Navisworks has this test marked Old.
16:38:41.643  +1115.518s  CLASH    OLD      BLD-EL-Conduits & Conduit Fittings-vs-BLD-EL-Electrical Equipment  Navisworks has this test marked Old.
16:38:42.998  +1116.872s  CLASH    1225 of 1770 tests, 90 run, 1194 skipped, 191 clashes so far
16:38:43.010  +1116.884s  CLASH    OLD      BLD-EL-Conduits & Conduit Fittings-vs-BLD-EL-Electrical Fixtures  Navisworks has this test marked Old.
16:38:43.933  +1117.808s  CLASH    OLD      BLD-EL-Devices-vs-BLD-AR-Floors  Navisworks has this test marked Old.
16:38:44.867  +1118.742s  CLASH    OLD      BLD-EL-Devices-vs-BLD-AR-Walls  Navisworks has this test marked Old.
16:38:46.835  +1120.709s  CLASH    OLD      BLD-EL-Devices-vs-BLD-AR-Doors  Navisworks has this test marked Old.
16:38:47.788  +1121.662s  CLASH    OLD      BLD-EL-Devices-vs-BLD-ST-Foundation  Navisworks has this test marked Old.
16:38:48.755  +1122.629s  CLASH    OLD      BLD-EL-Devices-vs-BLD-ST-Columns  Navisworks has this test marked Old.
16:38:49.724  +1123.598s  CLASH    OLD      BLD-EL-Devices-vs-BLD-ST-Framing  Navisworks has this test marked Old.
16:38:50.704  +1124.579s  CLASH    OLD      BLD-EL-Devices-vs-BLD-ST-Walls  Navisworks has this test marked Old.
16:38:51.673  +1125.548s  CLASH    OLD      BLD-EL-Devices-vs-BLD-ST-Floors  Navisworks has this test marked Old.
16:38:52.656  +1126.531s  CLASH    1250 of 1770 tests, 99 run, 1210 skipped, 210 clashes so far
16:38:52.678  +1126.553s  CLASH    OLD      BLD-EL-Devices-vs-BLD-DR-Pipes & Pipe Fittings  Navisworks has this test marked Old.
16:38:53.684  +1127.559s  CLASH    OLD      BLD-EL-Devices-vs-BLD-DR-Plumbing Fixtures  Navisworks has this test marked Old.
16:38:54.636  +1128.511s  CLASH    OLD      BLD-EL-Devices-vs-BLD-EL-Cable Tray&Cable Tray Fittings  Navisworks has this test marked Old.
16:38:55.572  +1129.447s  CLASH    OLD      BLD-EL-Devices-vs-BLD-EL-Electrical Equipment  Navisworks has this test marked Old.
16:38:56.553  +1130.428s  CLASH    OLD      BLD-EL-Devices-vs-BLD-EL-Electrical Fixtures  Navisworks has this test marked Old.
16:38:57.505  +1131.380s  CLASH    1275 of 1770 tests, 104 run, 1230 skipped, 212 clashes so far
16:38:57.523  +1131.398s  CLASH    OLD      BLD-EL-Devices-vs-BLD-EL-Conduits & Conduit Fittings  Navisworks has this test marked Old.
16:38:58.536  +1132.411s  CLASH    OLD      BLD-EL-Lighting Fixtures-vs-BLD-AR-Floors  Navisworks has this test marked Old.
16:38:59.550  +1133.425s  CLASH    OLD      BLD-EL-Lighting Fixtures-vs-BLD-AR-Walls  Navisworks has this test marked Old.
16:39:00.547  +1134.422s  CLASH    OLD      BLD-EL-Lighting Fixtures-vs-BLD-AR-Doors  Navisworks has this test marked Old.
16:39:01.494  +1135.369s  CLASH    OLD      BLD-EL-Lighting Fixtures-vs-BLD-ST-Foundation  Navisworks has this test marked Old.
16:39:02.430  +1136.305s  CLASH    OLD      BLD-EL-Lighting Fixtures-vs-BLD-ST-Columns  Navisworks has this test marked Old.
16:39:03.384  +1137.259s  CLASH    OLD      BLD-EL-Lighting Fixtures-vs-BLD-ST-Framing  Navisworks has this test marked Old.
16:39:04.575  +1138.449s  CLASH    OLD      BLD-EL-Lighting Fixtures-vs-BLD-ST-Walls  Navisworks has this test marked Old.
16:39:05.502  +1139.376s  CLASH    OLD      BLD-EL-Lighting Fixtures-vs-BLD-ST-Floors  Navisworks has this test marked Old.
16:39:06.798  +1140.673s  CLASH    1300 of 1770 tests, 113 run, 1246 skipped, 229 clashes so far
16:39:06.811  +1140.686s  CLASH    OLD      BLD-EL-Lighting Fixtures-vs-BLD-DR-Pipes & Pipe Fittings  Navisworks has this test marked Old.
16:39:07.687  +1141.561s  CLASH    OLD      BLD-EL-Lighting Fixtures-vs-BLD-DR-Plumbing Fixtures  Navisworks has this test marked Old.
16:39:08.589  +1142.464s  CLASH    OLD      BLD-EL-Lighting Fixtures-vs-BLD-EL-Cable Tray&Cable Tray Fittings  Navisworks has this test marked Old.
16:39:09.506  +1143.380s  CLASH    OLD      BLD-EL-Lighting Fixtures-vs-BLD-EL-Electrical Equipment  Navisworks has this test marked Old.
16:39:10.473  +1144.347s  CLASH    OLD      BLD-EL-Lighting Fixtures-vs-BLD-EL-Electrical Fixtures  Navisworks has this test marked Old.
16:39:11.436  +1145.310s  CLASH    1325 of 1770 tests, 118 run, 1266 skipped, 229 clashes so far
16:39:11.453  +1145.327s  CLASH    OLD      BLD-EL-Lighting Fixtures-vs-BLD-EL-Conduits & Conduit Fittings  Navisworks has this test marked Old.
16:39:12.435  +1146.310s  CLASH    OLD      BLD-EL-Lighting Fixtures-vs-BLD-EL-Devices  Navisworks has this test marked Old.
16:39:13.442  +1147.316s  CLASH    OLD      BLD-EL-Lighting Devices-vs-BLD-AR-Floors  Navisworks has this test marked Old.
16:39:14.453  +1148.328s  CLASH    OLD      BLD-EL-Lighting Devices-vs-BLD-AR-Walls  Navisworks has this test marked Old.
16:39:15.682  +1149.556s  CLASH    OLD      BLD-EL-Lighting Devices-vs-BLD-AR-Doors  Navisworks has this test marked Old.
16:39:16.678  +1150.553s  CLASH    OLD      BLD-EL-Lighting Devices-vs-BLD-ST-Foundation  Navisworks has this test marked Old.
16:39:17.721  +1151.596s  CLASH    OLD      BLD-EL-Lighting Devices-vs-BLD-ST-Columns  Navisworks has this test marked Old.
16:39:18.750  +1152.624s  CLASH    OLD      BLD-EL-Lighting Devices-vs-BLD-ST-Framing  Navisworks has this test marked Old.
16:39:19.777  +1153.652s  CLASH    OLD      BLD-EL-Lighting Devices-vs-BLD-ST-Walls  Navisworks has this test marked Old.
16:39:20.835  +1154.710s  CLASH    OLD      BLD-EL-Lighting Devices-vs-BLD-ST-Floors  Navisworks has this test marked Old.
16:39:21.788  +1155.663s  CLASH    1350 of 1770 tests, 128 run, 1281 skipped, 233 clashes so far
16:39:21.800  +1155.675s  CLASH    OLD      BLD-EL-Lighting Devices-vs-BLD-DR-Pipes & Pipe Fittings  Navisworks has this test marked Old.
16:39:22.801  +1156.675s  CLASH    OLD      BLD-EL-Lighting Devices-vs-BLD-DR-Plumbing Fixtures  Navisworks has this test marked Old.
16:39:23.780  +1157.655s  CLASH    OLD      BLD-EL-Lighting Devices-vs-BLD-EL-Cable Tray&Cable Tray Fittings  Navisworks has this test marked Old.
16:39:25.213  +1159.088s  CLASH    OLD      BLD-EL-Lighting Devices-vs-BLD-EL-Electrical Equipment  Navisworks has this test marked Old.
16:39:26.864  +1160.739s  CLASH    1375 of 1770 tests, 132 run, 1302 skipped, 233 clashes so far
16:39:26.885  +1160.760s  CLASH    OLD      BLD-EL-Lighting Devices-vs-BLD-EL-Electrical Fixtures  Navisworks has this test marked Old.
16:39:28.625  +1162.500s  CLASH    OLD      BLD-EL-Lighting Devices-vs-BLD-EL-Conduits & Conduit Fittings  Navisworks has this test marked Old.
16:39:30.554  +1164.429s  CLASH    OLD      BLD-EL-Lighting Devices-vs-BLD-EL-Devices  Navisworks has this test marked Old.
16:39:32.494  +1166.368s  CLASH    OLD      BLD-EL-Lighting Devices-vs-BLD-EL-Lighting Fixtures  Navisworks has this test marked Old.
16:39:34.040  +1167.915s  CLASH    OLD      BLD-EL-Fire Alarm Devices-vs-BLD-AR-Floors  Navisworks has this test marked Old.
16:39:35.615  +1169.489s  CLASH    OLD      BLD-EL-Fire Alarm Devices-vs-BLD-AR-Walls  Navisworks has this test marked Old.
16:39:38.494  +1172.368s  CLASH    OLD      BLD-EL-Fire Alarm Devices-vs-BLD-AR-Doors  Navisworks has this test marked Old.
16:39:40.230  +1174.104s  CLASH    OLD      BLD-EL-Fire Alarm Devices-vs-BLD-ST-Foundation  Navisworks has this test marked Old.
16:39:41.629  +1175.504s  CLASH    OLD      BLD-EL-Fire Alarm Devices-vs-BLD-ST-Columns  Navisworks has this test marked Old.
16:39:43.277  +1177.152s  CLASH    OLD      BLD-EL-Fire Alarm Devices-vs-BLD-ST-Framing  Navisworks has this test marked Old.
16:39:45.887  +1179.761s  CLASH    OLD      BLD-EL-Fire Alarm Devices-vs-BLD-ST-Walls  Navisworks has this test marked Old.
16:39:48.401  +1182.275s  CLASH    OLD      BLD-EL-Fire Alarm Devices-vs-BLD-ST-Floors  Navisworks has this test marked Old.
16:39:50.086  +1183.960s  CLASH    1400 of 1770 tests, 144 run, 1315 skipped, 240 clashes so far
16:39:50.108  +1183.982s  CLASH    OLD      BLD-EL-Fire Alarm Devices-vs-BLD-DR-Pipes & Pipe Fittings  Navisworks has this test marked Old.
16:39:51.834  +1185.709s  CLASH    OLD      BLD-EL-Fire Alarm Devices-vs-BLD-DR-Plumbing Fixtures  Navisworks has this test marked Old.
16:39:53.669  +1187.544s  CLASH    1425 of 1770 tests, 146 run, 1338 skipped, 240 clashes so far
16:39:53.725  +1187.599s  CLASH    OLD      BLD-EL-Fire Alarm Devices-vs-BLD-EL-Cable Tray&Cable Tray Fittings  Navisworks has this test marked Old.
16:39:55.518  +1189.394s  CLASH    OLD      BLD-EL-Fire Alarm Devices-vs-BLD-EL-Electrical Equipment  Navisworks has this test marked Old.
16:39:57.565  +1191.439s  CLASH    OLD      BLD-EL-Fire Alarm Devices-vs-BLD-EL-Electrical Fixtures  Navisworks has this test marked Old.
16:39:59.544  +1193.418s  CLASH    OLD      BLD-EL-Fire Alarm Devices-vs-BLD-EL-Conduits & Conduit Fittings  Navisworks has this test marked Old.
16:40:01.415  +1195.290s  CLASH    OLD      BLD-EL-Fire Alarm Devices-vs-BLD-EL-Devices  Navisworks has this test marked Old.
16:40:03.364  +1197.239s  CLASH    OLD      BLD-EL-Fire Alarm Devices-vs-BLD-EL-Lighting Fixtures  Navisworks has this test marked Old.
16:40:04.968  +1198.843s  CLASH    OLD      BLD-EL-Fire Alarm Devices-vs-BLD-EL-Lighting Devices  Navisworks has this test marked Old.
16:40:06.646  +1200.521s  CLASH    1450 of 1770 tests, 153 run, 1356 skipped, 240 clashes so far
16:40:06.777  +1200.654s  CLASH    1475 of 1770 tests, 153 run, 1381 skipped, 240 clashes so far
16:40:06.849  +1200.727s  CLASH    1500 of 1770 tests, 153 run, 1406 skipped, 240 clashes so far
16:40:06.929  +1200.804s  CLASH    1525 of 1770 tests, 153 run, 1431 skipped, 240 clashes so far
16:40:06.974  +1200.854s  CLASH    OLD      BLD-Security Devices-vs-BLD-AR-Floors  Navisworks has this test marked Old.
16:40:08.944  +1202.819s  CLASH    OLD      BLD-Security Devices-vs-BLD-AR-Walls  Navisworks has this test marked Old.
16:40:11.319  +1205.194s  CLASH    1550 of 1770 tests, 155 run, 1454 skipped, 241 clashes so far
16:40:11.343  +1205.218s  CLASH    OLD      BLD-Security Devices-vs-BLD-AR-Doors  Navisworks has this test marked Old.
16:40:13.618  +1207.493s  CLASH    OLD      BLD-Security Devices-vs-BLD-ST-Foundation  Navisworks has this test marked Old.
16:40:15.314  +1209.189s  CLASH    OLD      BLD-Security Devices-vs-BLD-ST-Columns  Navisworks has this test marked Old.
16:40:16.826  +1210.701s  CLASH    OLD      BLD-Security Devices-vs-BLD-ST-Framing  Navisworks has this test marked Old.
16:40:18.466  +1212.341s  CLASH    OLD      BLD-Security Devices-vs-BLD-ST-Walls  Navisworks has this test marked Old.
16:40:20.885  +1214.760s  CLASH    OLD      BLD-Security Devices-vs-BLD-ST-Floors  Navisworks has this test marked Old.
16:40:22.890  +1216.764s  CLASH    1575 of 1770 tests, 161 run, 1473 skipped, 242 clashes so far
16:40:22.964  +1216.839s  CLASH    OLD      BLD-Security Devices-vs-BLD-DR-Pipes & Pipe Fittings  Navisworks has this test marked Old.
16:40:24.505  +1218.380s  CLASH    OLD      BLD-Security Devices-vs-BLD-DR-Plumbing Fixtures  Navisworks has this test marked Old.
16:40:26.161  +1220.035s  CLASH    OLD      BLD-Security Devices-vs-BLD-EL-Cable Tray&Cable Tray Fittings  Navisworks has this test marked Old.
16:40:27.882  +1221.757s  CLASH    OLD      BLD-Security Devices-vs-BLD-EL-Electrical Equipment  Navisworks has this test marked Old.
16:40:29.533  +1223.408s  CLASH    OLD      BLD-Security Devices-vs-BLD-EL-Electrical Fixtures  Navisworks has this test marked Old.
16:40:32.145  +1226.020s  CLASH    OLD      BLD-Security Devices-vs-BLD-EL-Conduits & Conduit Fittings  Navisworks has this test marked Old.
16:40:34.258  +1228.133s  CLASH    OLD      BLD-Security Devices-vs-BLD-EL-Devices  Navisworks has this test marked Old.
16:40:36.066  +1229.941s  CLASH    OLD      BLD-Security Devices-vs-BLD-EL-Lighting Fixtures  Navisworks has this test marked Old.
16:40:37.765  +1231.640s  CLASH    OLD      BLD-Security Devices-vs-BLD-EL-Lighting Devices  Navisworks has this test marked Old.
16:40:40.785  +1234.660s  CLASH    OLD      BLD-Security Devices-vs-BLD-EL-Fire Alarm Devices  Navisworks has this test marked Old.
16:40:43.002  +1236.877s  CLASH    1600 of 1770 tests, 171 run, 1488 skipped, 244 clashes so far
16:40:43.104  +1236.979s  CLASH    1625 of 1770 tests, 171 run, 1513 skipped, 244 clashes so far
16:40:43.255  +1237.132s  CLASH    1650 of 1770 tests, 171 run, 1538 skipped, 244 clashes so far
16:40:43.298  +1237.172s  CLASH    1675 of 1770 tests, 171 run, 1563 skipped, 244 clashes so far
16:40:43.321  +1237.196s  CLASH    1700 of 1770 tests, 171 run, 1588 skipped, 244 clashes so far
16:40:43.340  +1237.216s  CLASH    OLD      BLD-EL-Data Devices-vs-BLD-AR-Floors  Navisworks has this test marked Old.
16:40:45.053  +1238.927s  CLASH    OLD      BLD-EL-Data Devices-vs-BLD-AR-Walls  Navisworks has this test marked Old.
16:40:47.029  +1240.904s  CLASH    OLD      BLD-EL-Data Devices-vs-BLD-AR-Doors  Navisworks has this test marked Old.
16:40:48.980  +1242.854s  CLASH    1725 of 1770 tests, 174 run, 1610 skipped, 245 clashes so far
16:40:49.104  +1242.978s  CLASH    OLD      BLD-EL-Data Devices-vs-BLD-ST-Foundation  Navisworks has this test marked Old.
16:40:50.899  +1244.773s  CLASH    OLD      BLD-EL-Data Devices-vs-BLD-ST-Columns  Navisworks has this test marked Old.
16:40:52.589  +1246.464s  CLASH    OLD      BLD-EL-Data Devices-vs-BLD-ST-Framing  Navisworks has this test marked Old.
16:40:54.095  +1247.970s  CLASH    OLD      BLD-EL-Data Devices-vs-BLD-ST-Walls  Navisworks has this test marked Old.
16:40:55.676  +1249.550s  CLASH    OLD      BLD-EL-Data Devices-vs-BLD-ST-Floors  Navisworks has this test marked Old.
16:40:57.718  +1251.593s  CLASH    1750 of 1770 tests, 179 run, 1630 skipped, 245 clashes so far
16:40:57.974  +1251.848s  CLASH    OLD      BLD-EL-Data Devices-vs-BLD-DR-Pipes & Pipe Fittings  Navisworks has this test marked Old.
16:40:59.817  +1253.692s  CLASH    OLD      BLD-EL-Data Devices-vs-BLD-DR-Plumbing Fixtures  Navisworks has this test marked Old.
16:41:01.627  +1255.501s  CLASH    OLD      BLD-EL-Data Devices-vs-BLD-EL-Cable Tray&Cable Tray Fittings  Navisworks has this test marked Old.
16:41:03.668  +1257.542s  CLASH    OLD      BLD-EL-Data Devices-vs-BLD-EL-Electrical Equipment  Navisworks has this test marked Old.
16:41:05.580  +1259.455s  CLASH    OLD      BLD-EL-Data Devices-vs-BLD-EL-Electrical Fixtures  Navisworks has this test marked Old.
16:41:07.176  +1261.051s  CLASH    OLD      BLD-EL-Data Devices-vs-BLD-EL-Conduits & Conduit Fittings  Navisworks has this test marked Old.
16:41:08.883  +1262.758s  CLASH    OLD      BLD-EL-Data Devices-vs-BLD-EL-Devices  Navisworks has this test marked Old.
16:41:10.533  +1264.408s  CLASH    OLD      BLD-EL-Data Devices-vs-BLD-EL-Lighting Fixtures  Navisworks has this test marked Old.
16:41:12.518  +1266.393s  CLASH    OLD      BLD-EL-Data Devices-vs-BLD-EL-Lighting Devices  Navisworks has this test marked Old.
16:41:14.840  +1268.715s  CLASH    OLD      BLD-EL-Data Devices-vs-BLD-EL-Fire Alarm Devices  Navisworks has this test marked Old.
16:41:17.454  +1271.329s  CLASH    OLD      BLD-EL-Data Devices-vs-BLD-Security Devices  Navisworks has this test marked Old.
16:41:19.485  +1273.360s  CLASH    1770 of 1770 tests, 190 run, 1639 skipped, 245 clashes so far
16:41:19.508  +1273.383s  TOLERANCE 25 mm chosen in the tool, so it beats both the XML and the document. Set on 1770 tests, 0 created fresh and 1770 already in the document. 25 mm is 0.082021 ft in this document

================================================================
DRIFT C:\00-NM\Federation Task\C02 + 04\C02\NWF\1104-PAR-1A02WM-ZZZ-BM-MOD-000001.nwf  (4 models loaded)
================================================================
16:41:19.613  +1273.487s  1770 tests were already in the document and were compared against the file.
16:41:19.634  +1273.510s  Nothing has drifted. Every one of them matches the file.
16:41:19.662  +1273.538s  PRIORITY 1830 in the file, 1830 tests in this run, 1830 matched, 0 not named by the file

================================================================
PRIORITY 1A02WM
================================================================
16:41:19.852  +1273.726s  PRIORITY clashes by priority, 245 in all
16:41:19.864  +1273.739s           A           : 137
16:41:19.881  +1273.756s           B           : 11
16:41:19.901  +1273.776s           C           : 97
16:41:19.916  +1273.792s           No priority : 0

================================================================
CLASH 1A02WM
================================================================
16:41:20.063  +1273.938s  clashes BLD-AR-Doors-vs-BLD-AR-Walls  items 1 v 48  Reviewed 1  0.9s
16:41:20.078  +1273.953s  clashes BLD-ST-Columns-vs-BLD-AR-Floors  items 16 v 4  Reviewed 4  0.9s
16:41:20.087  +1273.961s  clashes BLD-ST-Framing-vs-BLD-AR-Walls  items 18 v 48  Reviewed 12  0.9s
16:41:20.096  +1273.970s  clashes BLD-ST-Walls-vs-BLD-AR-Floors  items 20 v 4  Reviewed 2  0.9s
16:41:20.105  +1273.980s  clashes BLD-ST-Walls-vs-BLD-AR-Walls  items 20 v 48  Reviewed 6  0.8s
16:41:20.114  +1273.989s  clashes BLD-ST-Floors-vs-BLD-AR-Walls  items 3 v 48  Reviewed 16  0.9s
16:41:20.127  +1274.002s  clashes BLD-ST-Floors-vs-BLD-ST-Walls  items 3 v 20  Reviewed 16  0.9s
16:41:20.148  +1274.022s  clashes BLD-DR-Pipes & Pipe Fittings-vs-BLD-AR-Floors  items 86 v 4  Active 1, Reviewed 1  0.9s
16:41:20.167  +1274.042s  clashes BLD-DR-Pipes & Pipe Fittings-vs-BLD-ST-Columns  items 86 v 16  Active 3  0.9s
16:41:20.176  +1274.051s  clashes BLD-DR-Pipes & Pipe Fittings-vs-BLD-ST-Walls  items 86 v 20  Active 6  0.8s
16:41:20.191  +1274.066s  clashes BLD-DR-Pipes & Pipe Fittings-vs-BLD-ST-Floors  items 86 v 3  Active 6, Reviewed 2  0.9s
16:41:20.206  +1274.081s  clashes BLD-EL-Cable Tray&Cable Tray Fittings-vs-BLD-ST-Columns  items 31 v 16  Active 1  0.9s
16:41:20.220  +1274.095s  clashes BLD-EL-Cable Tray&Cable Tray Fittings-vs-BLD-ST-Framing  items 31 v 18  Active 2  0.9s
16:41:20.236  +1274.110s  clashes BLD-EL-Electrical Equipment-vs-BLD-AR-Floors  items 22 v 4  Active 2  0.9s
16:41:20.250  +1274.124s  clashes BLD-EL-Electrical Equipment-vs-BLD-AR-Walls  items 22 v 48  Active 5  0.8s
16:41:20.259  +1274.133s  clashes BLD-EL-Electrical Equipment-vs-BLD-EL-Cable Tray&Cable Tray Fittings  items 22 v 31  Reviewed 6  0.8s
16:41:20.273  +1274.148s  clashes BLD-EL-Electrical Fixtures-vs-BLD-AR-Walls  items 24 v 48  Active 19  0.9s
16:41:20.291  +1274.165s  clashes BLD-EL-Electrical Fixtures-vs-BLD-EL-Electrical Equipment  items 24 v 22  Active 2  0.9s
16:41:20.310  +1274.184s  clashes BLD-EL-Conduits & Conduit Fittings-vs-BLD-AR-Floors  items 92 v 4  Active 5, Reviewed 7  0.9s
16:41:20.324  +1274.199s  clashes BLD-EL-Conduits & Conduit Fittings-vs-BLD-AR-Walls  items 92 v 48  Active 27, Reviewed 17  0.9s
16:41:20.350  +1274.225s  clashes BLD-EL-Conduits & Conduit Fittings-vs-BLD-ST-Walls  items 92 v 20  Active 2, Reviewed 5  1.0s
16:41:20.373  +1274.247s  clashes BLD-EL-Conduits & Conduit Fittings-vs-BLD-DR-Pipes & Pipe Fittings  items 92 v 86  Active 3  0.9s
16:41:20.395  +1274.270s  clashes BLD-EL-Conduits & Conduit Fittings-vs-BLD-EL-Electrical Equipment  items 92 v 22  Reviewed 12  0.9s
16:41:20.422  +1274.297s  clashes BLD-EL-Devices-vs-BLD-AR-Walls  items 24 v 48  Active 19  0.9s
16:41:20.432  +1274.307s  clashes BLD-EL-Devices-vs-BLD-EL-Electrical Equipment  items 24 v 22  Active 2  0.8s
16:41:20.466  +1274.341s  clashes BLD-EL-Lighting Fixtures-vs-BLD-AR-Walls  items 23 v 48  Active 2  0.9s
16:41:20.506  +1274.381s  clashes BLD-EL-Lighting Fixtures-vs-BLD-ST-Framing  items 23 v 18  Active 6  0.9s
16:41:20.561  +1274.435s  clashes BLD-EL-Lighting Fixtures-vs-BLD-ST-Floors  items 23 v 3  Active 9  0.9s
16:41:20.595  +1274.470s  clashes BLD-EL-Lighting Devices-vs-BLD-AR-Walls  items 2 v 48  Active 4  1.0s
16:41:20.630  +1274.505s  clashes BLD-EL-Fire Alarm Devices-vs-BLD-AR-Walls  items 13 v 48  Active 4  1.9s
16:41:20.661  +1274.535s  clashes BLD-EL-Fire Alarm Devices-vs-BLD-ST-Framing  items 13 v 18  Active 1  2.2s
16:41:20.698  +1274.573s  clashes BLD-EL-Fire Alarm Devices-vs-BLD-ST-Walls  items 13 v 20  Active 2  1.6s
16:41:20.785  +1274.660s  clashes BLD-Security Devices-vs-BLD-AR-Walls  items 10 v 48  Active 1  2.1s
16:41:20.826  +1274.701s  clashes BLD-Security Devices-vs-BLD-AR-Doors  items 10 v 1  Active 1  2.0s
16:41:20.863  +1274.737s  clashes BLD-Security Devices-vs-BLD-EL-Lighting Devices  items 10 v 2  Active 1  2.5s
16:41:20.892  +1274.767s  clashes BLD-Security Devices-vs-BLD-EL-Fire Alarm Devices  items 10 v 13  Active 1  1.8s
16:41:20.924  +1274.798s  clashes BLD-EL-Data Devices-vs-BLD-AR-Walls  items 1 v 48  Active 1  1.7s
16:41:20.954  +1274.828s  PASSED 153 tests, ran and found nothing
16:41:21.001  +1274.875s          passed  BLD-AR-Walls-vs-BLD-AR-Floors  items 48 v 4  none  0.9s
16:41:21.036  +1274.910s          passed  BLD-AR-Doors-vs-BLD-AR-Floors  items 1 v 4  none  0.9s
16:41:21.058  +1274.933s          passed  BLD-ST-Foundation-vs-BLD-AR-Floors  items 16 v 4  none  0.8s
16:41:21.079  +1274.954s          passed  BLD-ST-Foundation-vs-BLD-AR-Walls  items 16 v 48  none  0.8s
16:41:21.106  +1274.981s          passed  BLD-ST-Foundation-vs-BLD-AR-Doors  items 16 v 1  none  0.8s
16:41:21.148  +1275.023s          and 148 more that ran and found nothing, counted and not listed
16:41:21.178  +1275.052s  SKIPPED 1640 tests, a side finds nothing in this model
16:41:21.202  +1275.077s          BLD-DR-Pipe Accessories-vs-BLD-AR-Floors  the left side "lcop_selection_set_tree/Mechanical/Mechanical-Drainage/BLD-DR-Pipe Accessories" finds nothing in this model, the right finds 4
16:41:21.231  +1275.106s          BLD-DR-Pipe Accessories-vs-BLD-AR-Stairs  both sides find nothing in this model, left "lcop_selection_set_tree/Mechanical/Mechanical-Drainage/BLD-DR-Pipe Accessories" and right "lcop_selection_set_tree/Architecture/BLD-AR-Stairs"
16:41:21.274  +1275.149s          BLD-DR-Pipe Accessories-vs-BLD-AR-Ramps  both sides find nothing in this model, left "lcop_selection_set_tree/Mechanical/Mechanical-Drainage/BLD-DR-Pipe Accessories" and right "lcop_selection_set_tree/Architecture/BLD-AR-Ramps"
16:41:21.310  +1275.184s          BLD-DR-Pipe Accessories-vs-BLD-AR-Roofs  both sides find nothing in this model, left "lcop_selection_set_tree/Mechanical/Mechanical-Drainage/BLD-DR-Pipe Accessories" and right "lcop_selection_set_tree/Architecture/BLD-AR-Roofs"
16:41:21.343  +1275.218s          BLD-DR-Pipe Accessories-vs-BLD-AR-Ceilings  both sides find nothing in this model, left "lcop_selection_set_tree/Mechanical/Mechanical-Drainage/BLD-DR-Pipe Accessories" and right "lcop_selection_set_tree/Architecture/BLD-AR-Ceilings"
16:41:21.382  +1275.257s          and 1635 more skipped for the same reason, counted and not listed
16:41:21.416  +1275.291s  
16:41:21.438  +1275.313s  ran against       : C:\00-NM\Federation Task\C02 + 04\C02\NWF\1104-PAR-1A02WM-ZZZ-BM-MOD-000001.nwf  (4 models loaded)
16:41:21.465  +1275.340s  tests in the file : 1830
16:41:21.493  +1275.368s  tests created     : 0
16:41:21.518  +1275.393s  already there     : 1770, left alone with their results
16:41:21.547  +1275.421s  tests skipped     : 1640, not run and not passed
16:41:21.582  +1275.457s       1640  a side finds nothing in this model
16:41:21.653  +1275.527s  tests run         : 190
16:41:21.713  +1275.587s      passed        : 153, ran and found nothing
16:41:21.754  +1275.629s      with clashes  : 37
16:41:21.801  +1275.676s  clashes found     : 245
16:41:21.867  +1275.742s      New       : 0
16:41:21.918  +1275.793s      Active    : 138
16:41:21.978  +1275.853s      Reviewed  : 107
16:41:22.148  +1276.022s      Approved  : 0
16:41:22.264  +1276.138s      Resolved  : 0
16:41:22.423  +1276.297s  clash step took   : 250.5 seconds

================================================================
PENETRATION 1A02WM
================================================================
16:41:22.763  +1276.638s  REVIEWED Clash3  in BLD-DR-Pipes & Pipe Fittings-vs-BLD-ST-Floors  Pipe Fittings 50mm through Floors
16:41:22.800  +1276.675s  REVIEWED Clash4  in BLD-EL-Conduits & Conduit Fittings-vs-BLD-AR-Floors  Conduits 53mm through Floors
16:41:22.875  +1276.750s  REVIEWED Clash5  in BLD-EL-Conduits & Conduit Fittings-vs-BLD-AR-Floors  Conduits 53mm through Floors
16:41:22.974  +1276.849s  REVIEWED Clash6  in BLD-EL-Conduits & Conduit Fittings-vs-BLD-AR-Floors  Conduits 53mm through Floors
16:41:23.067  +1276.942s  REVIEWED Clash7  in BLD-EL-Conduits & Conduit Fittings-vs-BLD-AR-Floors  Conduits 53mm through Floors
16:41:23.129  +1277.004s  REVIEWED Clash10  in BLD-EL-Conduits & Conduit Fittings-vs-BLD-AR-Floors  Conduits 53mm through Floors
16:41:23.184  +1277.059s  REVIEWED Clash11  in BLD-EL-Conduits & Conduit Fittings-vs-BLD-AR-Floors  Conduits 53mm through Floors
16:41:23.240  +1277.114s  REVIEWED Clash12  in BLD-EL-Conduits & Conduit Fittings-vs-BLD-AR-Floors  Conduits 53mm through Floors
16:41:23.295  +1277.169s  REVIEWED Clash15  in BLD-EL-Conduits & Conduit Fittings-vs-BLD-AR-Walls  Conduits 53mm through Walls
16:41:23.334  +1277.209s  REVIEWED Clash16  in BLD-EL-Conduits & Conduit Fittings-vs-BLD-AR-Walls  Conduits 53mm through Walls
16:41:23.361  +1277.235s  REVIEWED Clash22  in BLD-EL-Conduits & Conduit Fittings-vs-BLD-AR-Walls  Conduits 53mm through Walls
16:41:23.392  +1277.266s  REVIEWED Clash23  in BLD-EL-Conduits & Conduit Fittings-vs-BLD-AR-Walls  Conduits 53mm through Walls
16:41:23.506  +1277.381s  REVIEWED Clash24  in BLD-EL-Conduits & Conduit Fittings-vs-BLD-AR-Walls  Conduits 53mm through Walls
16:41:23.607  +1277.481s  REVIEWED Clash25  in BLD-EL-Conduits & Conduit Fittings-vs-BLD-AR-Walls  Conduits 53mm through Walls
16:41:23.650  +1277.525s  REVIEWED Clash26  in BLD-EL-Conduits & Conduit Fittings-vs-BLD-AR-Walls  Conduits 53mm through Walls
16:41:23.690  +1277.564s  REVIEWED Clash28  in BLD-EL-Conduits & Conduit Fittings-vs-BLD-AR-Walls  Conduits 53mm through Walls
16:41:23.709  +1277.583s  REVIEWED Clash36  in BLD-EL-Conduits & Conduit Fittings-vs-BLD-AR-Walls  Conduits 53mm through Walls
16:41:23.726  +1277.600s  REVIEWED Clash37  in BLD-EL-Conduits & Conduit Fittings-vs-BLD-AR-Walls  Conduits 53mm through Walls
16:41:23.744  +1277.619s  REVIEWED Clash38  in BLD-EL-Conduits & Conduit Fittings-vs-BLD-AR-Walls  Conduits 53mm through Walls
16:41:23.755  +1277.630s  REVIEWED Clash39  in BLD-EL-Conduits & Conduit Fittings-vs-BLD-AR-Walls  Conduits 53mm through Walls
16:41:23.777  +1277.651s  REVIEWED Clash40  in BLD-EL-Conduits & Conduit Fittings-vs-BLD-AR-Walls  Conduits 53mm through Walls
16:41:23.797  +1277.672s  REVIEWED Clash41  in BLD-EL-Conduits & Conduit Fittings-vs-BLD-AR-Walls  Conduits 53mm through Walls
16:41:23.826  +1277.700s  REVIEWED Clash42  in BLD-EL-Conduits & Conduit Fittings-vs-BLD-AR-Walls  Conduits 53mm through Walls
16:41:23.843  +1277.718s  REVIEWED Clash43  in BLD-EL-Conduits & Conduit Fittings-vs-BLD-AR-Walls  Conduits 53mm through Walls
16:41:23.852  +1277.727s  REVIEWED Clash44  in BLD-EL-Conduits & Conduit Fittings-vs-BLD-AR-Walls  Conduits 53mm through Walls
16:41:23.863  +1277.737s  REVIEWED Clash3  in BLD-EL-Conduits & Conduit Fittings-vs-BLD-ST-Walls  Conduits 53mm through Walls
16:41:23.903  +1277.777s  REVIEWED Clash4  in BLD-EL-Conduits & Conduit Fittings-vs-BLD-ST-Walls  Conduits 53mm through Walls
16:41:24.014  +1277.888s  REVIEWED Clash5  in BLD-EL-Conduits & Conduit Fittings-vs-BLD-ST-Walls  Conduits 53mm through Walls
16:41:24.080  +1277.954s  REVIEWED Clash6  in BLD-EL-Conduits & Conduit Fittings-vs-BLD-ST-Walls  Conduits 53mm through Walls
16:41:24.107  +1277.981s  REVIEWED Clash7  in BLD-EL-Conduits & Conduit Fittings-vs-BLD-ST-Walls  Conduits 53mm through Walls
16:41:24.146  +1278.020s  
16:41:24.231  +1278.105s  clashes looked at : 245
16:41:24.268  +1278.143s  moved to Reviewed : 30
16:41:24.298  +1278.173s         47  the service is over the size, left alone
16:41:24.315  +1278.191s          0  no size could be read off the service, left alone
16:41:24.333  +1278.207s          2  a person had already set it, left alone
16:41:24.349  +1278.223s          3  both sides a service, left alone
16:41:24.362  +1278.238s         40  both sides a solid, left alone
16:41:24.373  +1278.248s        123  not a service against a solid, left alone
16:41:24.382  +1278.257s  the size in use   : 150mm or under is a penetration, over it stays as it was

================================================================
BY DESIGN 1A02WM
================================================================
16:41:24.471  +1278.347s  
16:41:24.482  +1278.357s  clashes looked at : 245
16:41:24.491  +1278.366s  moved to Reviewed : 0
16:41:24.505  +1278.379s        170  the two sets are not a pair in the file
16:41:24.513  +1278.388s         75  already Reviewed, Approved or Resolved, so somebody decided and it stands
16:41:24.522  +1278.397s          0  the penetration rule already asked for this one, so it moved there
16:41:24.534  +1278.408s          0  a side of the test named no set, so there was no pair to look for
16:41:24.544  +1278.418s  Nothing moved. Every clash is exactly as it was.

================================================================
ITEM IDS 1A02WM
================================================================
16:41:24.615  +1278.490s  Id supplied 490 item ids of 490, written as "Element ID"
16:41:25.240  +1279.115s  IMAGES   numbered in report order: 241 renamed, 4 already right, 0 missing
16:41:25.282  +1279.156s  IMAGES   245 written, 9.49 MB, 7.3 seconds in total.
16:41:25.350  +1279.224s           0.030 seconds each on average, quickest 0.021, slowest 0.180.
16:41:25.381  +1279.255s           40 KB each on average.
16:41:25.399  +1279.274s  CLASH    1A02WM finished. 0 created, 1770 already there, 190 run, 153 passed, 1640 skipped, 245 clashes in 250.5s.
16:41:25.416  +1279.291s  STEP     VIEWS         started
16:41:25.451  +1279.326s  CENSUS   before VIEWS  models 4  sets 62  tests 1830  results 245  views 327
16:41:35.851  +1289.725s  VIEWS    the model each clash item lives in was read for 245 of 245 clash(es) in scope
16:41:35.911  +1289.786s  VIEWS    both clashing items were pointed at for 245 of 245 clash(es) in scope
16:41:36.308  +1290.183s  CENSUS   after  VIEWS  models 4  sets 62  tests 1830  results 245  views 327
16:41:36.382  +1290.256s  STEP     VIEWS         finished 10.799s  0 created, 207 already there.

================================================================
VIEWS 1A02WM
================================================================
16:41:36.661  +1290.536s  clashes looked at : 245
16:41:36.749  +1290.623s  viewpoints planned: 207
16:41:37.012  +1290.886s          0  Approved or Resolved, so nobody is looking at it
16:41:37.044  +1290.919s         38  a service at or under the threshold, which is a penetration and not a coordination item
16:41:37.098  +1290.973s  size could not be read : 0, every one of them is in its pair folder and none was dropped
16:41:37.291  +1291.165s  a set name with no code this tool knows : 4, every one of them is in a folder saying UNKNOWN and none was guessed at

================================================================
VIEWS BUILT 1A02WM
================================================================
16:41:37.396  +1291.271s  VIEW     B/AR vs AR/BLD-AR-Doors-vs-BLD-AR-Walls  Clash1  already there, left alone, not made again
16:41:37.413  +1291.288s  VIEW     A/AR vs ST/BLD-ST-Columns-vs-BLD-AR-Floors  Clash1  already there, left alone, not made again
16:41:37.429  +1291.303s  VIEW     A/AR vs ST/BLD-ST-Columns-vs-BLD-AR-Floors  Clash2  already there, left alone, not made again
16:41:37.452  +1291.326s  VIEW     A/AR vs ST/BLD-ST-Columns-vs-BLD-AR-Floors  Clash3  already there, left alone, not made again
16:41:37.482  +1291.356s  VIEW     A/AR vs ST/BLD-ST-Columns-vs-BLD-AR-Floors  Clash4  already there, left alone, not made again
16:41:37.509  +1291.384s  VIEW     and 202 more created or already there, counted and not listed
16:41:37.533  +1291.408s  
16:41:37.566  +1291.440s  views created     : 0
16:41:37.589  +1291.463s  already there     : 207, left alone, not made again
16:41:37.606  +1291.481s  put into the document: 0 created, 207 already there and left alone
16:41:37.626  +1291.501s  STEP     NWF SAVE      started
16:41:37.662  +1291.536s  CENSUS   before NWF SAVE  models 4  sets 62  tests 1830  results 245  views 327
16:41:37.783  +1291.657s  NWF      attempt  C:\00-NM\Federation Task\C02 + 04\C02\NWF\1104-PAR-1A02WM-ZZZ-BM-MOD-000001.nwf
16:41:39.392  +1293.266s  NWF      written  C:\00-NM\Federation Task\C02 + 04\C02\NWF\1104-PAR-1A02WM-ZZZ-BM-MOD-000001.nwf  6,257,126 bytes
16:41:39.428  +1293.302s  CENSUS   after  NWF SAVE  models 4  sets 62  tests 1830  results 245  views 327
16:41:39.453  +1293.327s  STEP     NWF SAVE      finished 1.788s  saved 6257126 bytes
16:41:39.477  +1293.352s  UNITS    every number converted from ft to m, one ft is 0.3048 m, 1830 tests and 245 rows. The report is written in Meters (m)
16:41:39.763  +1293.638s  STEP     WORKBOOK      started
16:41:39.846  +1293.721s  CENSUS   before WORKBOOK  models 4  sets 62  tests 1830  results 245  views 327
16:41:39.933  +1293.808s  XLSX     attempt  C:\00-NM\Federation Task\C02 + 04\C02\Clash Report\1104-PAR-1A02WM-ZZZ-BM-MOD-000001.xlsx
16:42:02.732  +1316.606s  XLSX     written  C:\00-NM\Federation Task\C02 + 04\C02\Clash Report\1104-PAR-1A02WM-ZZZ-BM-MOD-000001.xlsx  512,106 bytes

================================================================
WORKBOOK CHECK 1A02WM
================================================================
16:42:05.419  +1319.293s  CHECK    1 sheet, "1104-PAR-1A02WM-ZZZ-BM-MOD-0000", 1830 test blocks, 245 clash rows.
16:42:05.437  +1319.312s           the first blocks hold 0, 0, 0, 0, 0, 0, 0, 0 and so on.
16:42:05.455  +1319.330s           Every column, value shape, fill, border, row height and column width matches the client's report, and the blocks are in their order.
16:42:05.474  +1319.349s           Not compared: the font, the sheet name, freeze panes, print setup, merged ranges, and whether a value is true. See docs\history\scan.md 4q.
16:42:05.494  +1319.370s           The client column set was read from clash_report_html_tabular.xsl in the Navisworks install and from the exports in samples\client-report, never from a list typed into this tool.
16:42:05.521  +1319.395s  BLOCKS   1830 in the workbook, one for every test in the file
16:42:05.670  +1319.545s  CENSUS   after  WORKBOOK  models 4  sets 62  tests 1830  results 245  views 327
16:42:05.695  +1319.569s  STEP     WORKBOOK      finished 25.895s  wrote 512106 bytes
16:42:05.716  +1319.591s  STEP     HTML          started
16:42:05.749  +1319.623s  CENSUS   before HTML  models 4  sets 62  tests 1830  results 245  views 327
16:42:05.803  +1319.678s  HTML     attempt  C:\00-NM\Federation Task\C02 + 04\C02\Clash Report\1104-PAR-1A02WM-ZZZ-BM-MOD-000001.html
16:42:05.826  +1319.701s  LOGO     C:\Program Files\Autodesk\Navisworks Manage 2025\Images\logo.jpg copied into C:\00-NM\Federation Task\C02 + 04\C02\Clash Report\1104-PAR-1A02WM-ZZZ-BM-MOD-000001_files
16:42:06.152  +1320.027s  HTML     written  C:\00-NM\Federation Task\C02 + 04\C02\Clash Report\1104-PAR-1A02WM-ZZZ-BM-MOD-000001.html  4,123,200 bytes

================================================================
REPORT CHECK 1A02WM
================================================================
16:42:06.673  +1320.548s  CHECK    245 clash rows on the page.
16:42:06.689  +1320.563s           Item ID filled on 245 of 245 for item 1 and 245 of 245 for item 2.
16:42:06.704  +1320.578s           the first one reads Element ID: 2105493
16:42:06.721  +1320.596s           no column the client's report does not have.
16:42:06.741  +1320.616s           the tolerance cell reads 0.025m
16:42:06.772  +1320.647s           245 picture references, 245 with a backslash, 245 on disk.
16:42:06.807  +1320.681s           the logo is 1104-PAR-1A02WM-ZZZ-BM-MOD-000001_files\logo.jpg and it is on disk.
16:42:06.837  +1320.712s           The tests are in the wrong order. Block 69 holds 0 clashes and block 70 holds 2. The client's report puts the most clashes first, so a reader is not scrolling past empty tests.
16:42:06.912  +1320.786s           The client column set was read from clash_report_html_tabular.xsl in the Navisworks install and from the exports in samples\client-report, never from a list typed into this tool.
16:42:07.029  +1320.903s  CENSUS   after  HTML  models 4  sets 62  tests 1830  results 245  views 327
16:42:07.106  +1320.980s  STEP     HTML          finished 1.272s  wrote 4123200 bytes
16:42:07.167  +1321.041s  XML      skipped  not wanted this run
16:42:07.200  +1321.075s  STEP     NWD           started
16:42:07.257  +1321.132s  CENSUS   before NWD  models 4  sets 62  tests 1830  results 245  views 327
16:42:07.333  +1321.208s  NWD      attempt  C:\00-NM\Federation Task\C02 + 04\C02\NWD\1104-PAR-1A02WM-ZZZ-BM-MOD-000001.nwd
16:42:07.364  +1321.238s  NWD      publish properties set: Title=1104-PAR-1A02WM-ZZZ-BM-MOD-000001, Publisher=Parsons NWC Federator, Subject=Federation of building 1A02WM, Author=bader, AllowResave=true, EmbedDatabaseProperties=true, PreventObjectPropertyExport=false
16:42:09.246  +1323.121s  NWD      written  C:\00-NM\Federation Task\C02 + 04\C02\NWD\1104-PAR-1A02WM-ZZZ-BM-MOD-000001.nwd  7,792,568 bytes
16:42:09.296  +1323.171s  CENSUS   after  NWD  models 4  sets 62  tests 1830  results 245  views 327
16:42:09.346  +1323.221s  STEP     NWD           finished 2.076s  published 7792568 bytes
16:42:09.379  +1323.253s  STEP     CONFIRM       started
16:42:09.418  +1323.292s  CENSUS   before CONFIRM  models 4  sets 62  tests 1830  results 245  views 327
16:42:09.475  +1323.350s  NWF      intact   C:\00-NM\Federation Task\C02 + 04\C02\NWF\1104-PAR-1A02WM-ZZZ-BM-MOD-000001.nwf  6,257,126 bytes, unchanged by publishing the NWD
16:42:09.554  +1323.428s  CENSUS   after  CONFIRM  models 4  sets 62  tests 1830  results 245  views 327
16:42:09.640  +1323.515s  STEP     CONFIRM       finished 0.139s  the NWF is 6257126 bytes

================================================================
GAP 1A02WM
================================================================
16:42:09.843  +1323.717s  4 numbers are measured off every item and reach no output. Nothing here is a fault and nothing acts on it
16:42:09.865  +1323.740s  Family              490 of 490 item cells carry it  it would belong in a workbook column of ours, which is Q25
16:42:09.883  +1323.758s  Type Name           490 of 490 item cells carry it  it would belong in a workbook column of ours, which is Q25
16:42:09.900  +1323.774s  Material            381 of 490 item cells carry it  it would belong in a workbook column of ours, which is Q25
16:42:09.918  +1323.793s  Id From             490 of 490 item cells carry it  the ITEM IDS block counts it per property and no output names it per item
16:42:09.940  +1323.815s  STEP     TESTS RUN     190 visits, 219.621s in total
16:42:09.956  +1323.831s  STEP     HARVEST       190 visits, 13.882s in total
16:42:09.971  +1323.846s  STEP     IMAGES        245 visits, 7.403s in total
16:42:09.990  +1323.865s  CENSUS   cost 0.382s over 24 counts in this group. That is inside the 1.000s a group is allowed
16:42:10.009  +1323.884s  GROUP    finished 1A02WM  DONE  304.239s  Weekly run plus XML

================================================================
TIMING 1A02WM
================================================================
16:42:10.097  +1323.971s  TESTS RUN               219.621s   72.2%  190 visits
16:42:10.113  +1323.987s  WORKBOOK                 25.895s    8.5%
16:42:10.127  +1324.002s  HARVEST                  13.882s    4.6%  190 visits
16:42:10.143  +1324.017s  VIEWS                    10.799s    3.5%
16:42:10.158  +1324.033s  NWD                       2.076s    0.7%
16:42:10.176  +1324.051s  NWF SAVE                  1.788s    0.6%
16:42:10.198  +1324.072s  SETS                      1.369s    0.4%
16:42:10.212  +1324.087s  HTML                      1.272s    0.4%
16:42:10.230  +1324.105s  DECIDE                    1.212s    0.4%
16:42:10.243  +1324.118s  CONFIRM                   0.139s    0.0%
16:42:10.259  +1324.134s  UNITS                     0.084s    0.0%
16:42:10.274  +1324.149s  outside every step       26.105s    8.6%
16:42:10.296  +1324.171s  
16:42:10.340  +1324.214s  group total             304.239s
16:42:10.368  +1324.242s  outside every step is the work between them and the work nothing times yet
16:42:10.393  +1324.268s  
16:42:10.442  +1324.316s  inside another step, so these seconds are already counted above
16:42:10.501  +1324.376s  IMAGES                    7.403s    2.4%  245 visits
16:42:10.563  +1324.437s  GROUP    started  1A02WN  4 files
                          file     : C:\00-NM\Federation Task\C02 + 04\C02\NWC\1104-PAR-1A02WN-ZZZ-AR-MOD-000001.nwc
                          file     : C:\00-NM\Federation Task\C02 + 04\C02\NWC\1104-PAR-1A02WN-ZZZ-EL-MOD-000001.nwc
                          file     : C:\00-NM\Federation Task\C02 + 04\C02\NWC\1104-PAR-1A02WN-ZZZ-ME-MOD-000001.nwc
                          file     : C:\00-NM\Federation Task\C02 + 04\C02\NWC\1104-PAR-1A02WN-ZZZ-ST-MOD-000001.nwc
16:42:10.684  +1324.558s  CLEAR    the document, at the top of 1A02WN, before Decide
16:42:10.835  +1324.710s  CENSUS CLEAR  the document was emptied and every count read zero
16:42:10.858  +1324.733s  STEP     DECIDE        started
16:42:10.869  +1324.743s  CENSUS   before DECIDE  models 0  sets 0  tests 0  results 0  views 0
16:42:10.965  +1324.840s  OPEN     reading the file list out of C:\00-NM\Federation Task\C02 + 04\C02\NWF\1104-PAR-1A02WN-ZZZ-BM-MOD-000001.nwf
16:42:12.195  +1326.069s  LOADING  the NWF reported 4 models after 0.970s, steady over 3 reads 0.250s apart, over 3 readings in all
16:42:12.209  +1326.084s  LOADING  the scene loaded event fired 4 times, first at 0.0s and last at 0.1s after the open began, and the open returned at 0.2s
16:42:12.226  +1326.100s           holds   C:\00-NM\Federation Task\C02 + 04\C02\NWC\1104-PAR-1A02WN-ZZZ-AR-MOD-000001.nwc   [source Autodesk Docs://KSA_New Murabba/1104-PAR-1A02WN-ZZZ-AR-MOD-000001.rvt, file C:\00-NM\Federation Task\C02 + 04\C02\NWC\1104-PAR-1A02WN-ZZZ-AR-MOD-000001.nwc]
16:42:12.247  +1326.121s           holds   C:\00-NM\Federation Task\C02 + 04\C02\NWC\1104-PAR-1A02WN-ZZZ-EL-MOD-000001.nwc   [source Autodesk Docs://KSA_New Murabba/1104-PAR-1A02WN-ZZZ-EL-MOD-000001.rvt, file C:\00-NM\Federation Task\C02 + 04\C02\NWC\1104-PAR-1A02WN-ZZZ-EL-MOD-000001.nwc]
16:42:12.270  +1326.145s           holds   C:\00-NM\Federation Task\C02 + 04\C02\NWC\1104-PAR-1A02WN-ZZZ-ME-MOD-000001.nwc   [source Autodesk Docs://KSA_New Murabba/1104-PAR-1A02WN-ZZZ-ME-MOD-000001.rvt, file C:\00-NM\Federation Task\C02 + 04\C02\NWC\1104-PAR-1A02WN-ZZZ-ME-MOD-000001.nwc]
16:42:12.294  +1326.168s           holds   C:\00-NM\Federation Task\C02 + 04\C02\NWC\1104-PAR-1A02WN-ZZZ-ST-MOD-000001.nwc   [source Autodesk Docs://KSA_New Murabba/1104-PAR-1A02WN-ZZZ-ST-MOD-000001.rvt, file C:\00-NM\Federation Task\C02 + 04\C02\NWC\1104-PAR-1A02WN-ZZZ-ST-MOD-000001.nwc]
16:42:12.344  +1326.218s  CENSUS   after  DECIDE  models 4  sets 62  tests 1830  results 77  views 103
16:42:12.364  +1326.239s  STEP     DECIDE        finished 1.478s  Weekly run plus XML
16:42:12.381  +1326.256s  OPENED   C:\00-NM\Federation Task\C02 + 04\C02\NWF\1104-PAR-1A02WN-ZZZ-BM-MOD-000001.nwf
16:42:12.397  +1326.272s           the file list matches the scan, 4 files, so it was not cleared and nothing was re-appended
16:42:12.415  +1326.290s  NWF      reused   C:\00-NM\Federation Task\C02 + 04\C02\NWF\1104-PAR-1A02WN-ZZZ-BM-MOD-000001.nwf  913,096 bytes
16:42:12.433  +1326.307s  STEP     UNITS         started
16:42:12.456  +1326.331s  CENSUS   before UNITS  models 4  sets 62  tests 1830  results 77  views 103
16:42:12.506  +1326.381s  UNITS    the document is in Feet (ft) and the report needs Meters (m). Setting every model.
16:42:12.546  +1326.421s  UNITS    4 models set, 0 that would not, document shows Feet (ft). Every report number is converted to Meters (m) before it is written, so the report is metric whatever this says.
16:42:12.637  +1326.511s  CENSUS   after  UNITS  models 4  sets 62  tests 1830  results 77  views 103
16:42:12.681  +1326.556s  STEP     UNITS         finished 0.173s  the document was asked for Meters

================================================================
ALIGNMENT 1A02WN
================================================================
16:42:12.861  +1326.736s  AR  1104-PAR-1A02WN-ZZZ-AR-MOD-000001.nwc is the reference
16:42:12.898  +1326.773s     AR  1104-PAR-1A02WN-ZZZ-AR-MOD-000001.nwc   reference, shared coordinate "SWLS-04-SharedCoordinate"
16:42:12.956  +1326.831s     EL  1104-PAR-1A02WN-ZZZ-EL-MOD-000001.nwc   DIFFERENT  dx 5750 mm  dy 3349.14 mm  dz -143 mm, shared coordinate "IGN2"
16:42:13.009  +1326.884s        ask the EL originator to re-export on the project shared coordinates
16:42:13.037  +1326.912s     ME  1104-PAR-1A02WN-ZZZ-ME-MOD-000001.nwc   DIFFERENT  dx 6957.97 mm  dy 4018.01 mm  dz 200.98 mm, shared coordinate "PW5_Shared_Location"
16:42:13.059  +1326.934s        ask the ME originator to re-export on the project shared coordinates
16:42:13.074  +1326.949s     ST  1104-PAR-1A02WN-ZZZ-ST-MOD-000001.nwc   DIFFERENT  dx 10500.25 mm  dy 560 mm  dz 155 mm, shared coordinate "ST_PW5_CHLORINATION"
16:42:13.088  +1326.963s        ask the ST originator to re-export on the project shared coordinates
16:42:13.105  +1326.979s  3 of 4 model(s) sit somewhere the reference does not. Nothing is changed and the run goes on.
16:42:13.121  +1326.996s  this group names 4 different shared coordinates: IGN2, PW5_Shared_Location, ST_PW5_CHLORINATION, SWLS-04-SharedCoordinate

================================================================
EXPORT CHECK 1A02WN
================================================================
16:42:13.280  +1327.155s     AR  1104-PAR-1A02WN-ZZZ-AR-MOD-000001.nwc   elements 34   worksets 2   element id 100%
16:42:13.311  +1327.185s     EL  1104-PAR-1A02WN-ZZZ-EL-MOD-000001.nwc   elements 81   worksets 6   element id 100%
16:42:13.342  +1327.216s     ME  1104-PAR-1A02WN-ZZZ-ME-MOD-000001.nwc   elements 18   worksets 4   element id 100%
16:42:13.362  +1327.237s     ST  1104-PAR-1A02WN-ZZZ-ST-MOD-000001.nwc   elements 49   worksets 2   element id 100%
16:42:13.382  +1327.256s  all 4 model(s) carry a workset on every element and an element id on every element
16:42:13.446  +1327.321s  worksets seen: AR-EXTERIOR, AR-INTERIOR, EL-Fire alarm, EL-Lighting, EV-Access control, EL-Lightning Protection, EL-Containment, EL-Power, ME-Air Terminal, PL-Drainage, and 4 more, counted and not listed
16:42:13.591  +1327.465s     check these against the workset each set in the matrix asks for. The match is CASE SENSITIVE, so ME-Ductwork does not match ME-DUCTWORK and that set finds nothing
16:42:13.684  +1327.559s  2 pair(s) of workset names are close enough to be one word typed twice. NOTHING IS MERGED: a person reads these and fixes the models, because two of them in this project are real worksets one letter apart and no rule can tell which is which
16:42:13.794  +1327.669s     "AR-EXTERIOR" in 1104-PAR-1A02WN-ZZZ-AR-MOD-000001.nwc   against   "AR-INTERIOR" in 1104-PAR-1A02WN-ZZZ-AR-MOD-000001.nwc   ONE OR TWO LETTERS APART, so this may be a typo
16:42:13.914  +1327.789s     "ST-SUB" in 1104-PAR-1A02WN-ZZZ-ST-MOD-000001.nwc   against   "ST-SUP" in 1104-PAR-1A02WN-ZZZ-ST-MOD-000001.nwc   ONE OR TWO LETTERS APART, so this may be a typo
16:42:13.977  +1327.852s  CLASH    source   tests from XML, the picked file holds 61 sets and 1830 tests
16:42:14.023  +1327.898s  STEP     SETS          started
16:42:14.064  +1327.939s  CENSUS   before SETS  models 4  sets 62  tests 1830  results 77  views 103
16:42:14.141  +1328.016s  SETS     1A02WN, 61 to build, 0 skipped
16:42:14.156  +1328.030s  SET      ran against C:\00-NM\Federation Task\C02 + 04\C02\NWF\1104-PAR-1A02WN-ZZZ-BM-MOD-000001.nwf  (4 models loaded)
16:42:14.172  +1328.046s  SET      present lcop_selection_set_tree/Architecture/BLD-AR-Floors  2 conditions  3 items  already there, left alone
16:42:14.195  +1328.069s  SET      present lcop_selection_set_tree/Architecture/BLD-AR-Stairs  2 conditions  0 items  already there, left alone
16:42:14.212  +1328.087s  SET      present lcop_selection_set_tree/Architecture/BLD-AR-Ramps  1 condition  0 items  already there, left alone
16:42:14.231  +1328.106s  SET      present lcop_selection_set_tree/Architecture/BLD-AR-Roofs  1 condition  0 items  already there, left alone
16:42:14.283  +1328.157s  SET      present lcop_selection_set_tree/Architecture/BLD-AR-Ceilings  1 condition  0 items  already there, left alone
16:42:14.303  +1328.177s  SET      present lcop_selection_set_tree/Architecture/BLD-AR-Columns  1 condition  0 items  already there, left alone
16:42:14.322  +1328.197s  SET      present lcop_selection_set_tree/Architecture/BLD-AR-Walls  2 conditions  25 items  already there, left alone
16:42:14.337  +1328.212s  SET      present lcop_selection_set_tree/Architecture/BLD-AR-Windows  1 condition  5 items  already there, left alone
16:42:14.353  +1328.228s  SET      present lcop_selection_set_tree/Architecture/BLD-AR-Curtain Panels  1 condition  0 items  already there, left alone
16:42:14.375  +1328.249s  SET      present lcop_selection_set_tree/Architecture/BLD-AR-Curtain Mullions  1 condition  0 items  already there, left alone
16:42:14.393  +1328.268s  SET      present lcop_selection_set_tree/Architecture/BLD-AR-Doors  1 condition  1 item  already there, left alone
16:42:14.411  +1328.285s  SET      present lcop_selection_set_tree/Architecture/BLD-AR-Casework  1 condition  0 items  already there, left alone
16:42:14.432  +1328.306s  SET      present lcop_selection_set_tree/Architecture/BLD-AR-Furniture  1 condition  0 items  already there, left alone
16:42:14.455  +1328.329s  SET      present lcop_selection_set_tree/Architecture/BLD-AR-Parking  1 condition  0 items  already there, left alone
16:42:14.477  +1328.351s  SET      present lcop_selection_set_tree/Architecture/BLD-AR-Railings  1 condition  0 items  already there, left alone
16:42:14.495  +1328.370s  SET      present lcop_selection_set_tree/Architecture/BLD-AR-Site  1 condition  0 items  already there, left alone
16:42:14.512  +1328.386s  SET      present lcop_selection_set_tree/Structure/BLD-ST-Foundation  1 condition  13 items  already there, left alone
16:42:14.527  +1328.401s  SET      present lcop_selection_set_tree/Structure/BLD-ST-Columns  1 condition  12 items  already there, left alone
16:42:14.547  +1328.421s  SET      present lcop_selection_set_tree/Structure/BLD-ST-Framing  1 condition  11 items  already there, left alone
16:42:14.565  +1328.440s  SET      present lcop_selection_set_tree/Structure/BLD-ST-Walls  2 conditions  8 items  already there, left alone
16:42:14.582  +1328.456s  SET      present lcop_selection_set_tree/Structure/BLD-ST-Floors  2 conditions  3 items  already there, left alone
16:42:14.599  +1328.473s  SET      present lcop_selection_set_tree/Structure/BLD-ST-Stair  2 conditions  0 items  already there, left alone
16:42:14.619  +1328.493s  SET      present lcop_selection_set_tree/Mechanical/Mechanical-HVAC/BLD-ME-Ducts&Duct Fittings  4 conditions  0 items  already there, left alone
16:42:14.643  +1328.518s  SET      present lcop_selection_set_tree/Mechanical/Mechanical-HVAC/BLD-ME-Duct Accessory  2 conditions  0 items  already there, left alone
16:42:14.667  +1328.541s  SET      present lcop_selection_set_tree/Mechanical/Mechanical-HVAC/BLD-ME-Mechanical Equipment  2 conditions  0 items  already there, left alone
16:42:14.685  +1328.560s  SET      present lcop_selection_set_tree/Mechanical/Mechanical-HVAC/BLD-ME-Flex Ducts  2 conditions  0 items  already there, left alone
16:42:14.696  +1328.571s  SET      present lcop_selection_set_tree/Mechanical/Mechanical-HVAC/BLD-ME-Air Terminals  2 conditions  0 items  already there, left alone
16:42:14.708  +1328.582s  SET      present lcop_selection_set_tree/Mechanical/Mechanical-HVAC/BLD-ME-Pipes&Pipe Fittings  4 conditions  0 items  already there, left alone
16:42:14.721  +1328.596s  SET      present lcop_selection_set_tree/Mechanical/Mechanical-HVAC/BLD-ME-Pipe Accessories  2 conditions  0 items  already there, left alone
16:42:14.741  +1328.616s  SET      present lcop_selection_set_tree/Mechanical/Mechanical-HVAC/BLD-ME-Plumbing Fixtures  2 conditions  0 items  already there, left alone
16:42:14.758  +1328.633s  SET      present lcop_selection_set_tree/Mechanical/Mechanical-HVAC/BLD-ME-Flex Pipes  2 conditions  0 items  already there, left alone
16:42:14.776  +1328.651s  SET      present lcop_selection_set_tree/Mechanical/Mechanical-Fire Fighting/BLD-FF-Mechanical Equipment  2 conditions  0 items  already there, left alone
16:42:14.799  +1328.674s  SET      present lcop_selection_set_tree/Mechanical/Mechanical-Fire Fighting/BLD-FF-Pipes & Pipe Fittings  4 conditions  0 items  already there, left alone
16:42:14.822  +1328.696s  SET      present lcop_selection_set_tree/Mechanical/Mechanical-Fire Fighting/BLD-FF-Pipe Accessories  2 conditions  0 items  already there, left alone
16:42:14.836  +1328.711s  SET      present lcop_selection_set_tree/Mechanical/Mechanical-Fire Fighting/BLD-FF-Pipe Insulations  2 conditions  0 items  already there, left alone
16:42:14.854  +1328.729s  SET      present lcop_selection_set_tree/Mechanical/Mechanical-Fire Fighting/BLD-FF-Plumbing Fixtures  2 conditions  0 items  already there, left alone
16:42:14.870  +1328.745s  SET      present lcop_selection_set_tree/Mechanical/Mechanical-Fire Fighting/BLD-FF-Sprinklers  2 conditions  0 items  already there, left alone
16:42:14.887  +1328.762s  SET      present lcop_selection_set_tree/Mechanical/Mechanical-Water Supply/BLD-PL-Mechanical Equipment  2 conditions  0 items  already there, left alone
16:42:14.905  +1328.780s  SET      present lcop_selection_set_tree/Mechanical/Mechanical-Water Supply/BLD-PL-Pipes & Pipe Fittings  4 conditions  0 items  already there, left alone
16:42:14.925  +1328.799s  SET      present lcop_selection_set_tree/Mechanical/Mechanical-Water Supply/BLD-PL-Pipe Accessories  2 conditions  0 items  already there, left alone
16:42:14.954  +1328.829s  SET      present lcop_selection_set_tree/Mechanical/Mechanical-Water Supply/BLD-PL-Pipe Insulations  2 conditions  0 items  already there, left alone
16:42:14.985  +1328.860s  SET      present lcop_selection_set_tree/Mechanical/Mechanical-Water Supply/BLD-PL-Plumbing Fixtures  2 conditions  0 items  already there, left alone
16:42:15.025  +1328.900s  SET      present lcop_selection_set_tree/Mechanical/Mechanical-Drainage/BLD-DR-Mechanical Equipment  2 conditions  0 items  already there, left alone
16:42:15.055  +1328.930s  SET      present lcop_selection_set_tree/Mechanical/Mechanical-Drainage/BLD-DR-Pipes & Pipe Fittings  4 conditions  4 items  already there, left alone
16:42:15.072  +1328.947s  SET      present lcop_selection_set_tree/Mechanical/Mechanical-Drainage/BLD-DR-Pipe Accessories  2 conditions  0 items  already there, left alone
16:42:15.090  +1328.965s  SET      present lcop_selection_set_tree/Mechanical/Mechanical-Drainage/BLD-DR-Pipe Insulations  2 conditions  0 items  already there, left alone
16:42:15.138  +1329.013s  SET      present lcop_selection_set_tree/Mechanical/Mechanical-Drainage/BLD-DR-Plumbing Fixtures  2 conditions  1 item  already there, left alone
16:42:15.161  +1329.035s  SET      present lcop_selection_set_tree/Electrical/BLD-EL-Cable Tray&Cable Tray Fittings  1 condition  0 items  already there, left alone
16:42:15.179  +1329.053s  SET      present lcop_selection_set_tree/Electrical/BLD-EL-Electrical Equipment  1 condition  7 items  already there, left alone
16:42:15.197  +1329.072s  SET      present lcop_selection_set_tree/Electrical/BLD-EL-Electrical Fixtures  1 condition  5 items  already there, left alone
16:42:15.236  +1329.111s  SET      present lcop_selection_set_tree/Electrical/BLD-EL-Conduits & Conduit Fittings  1 condition  39 items  already there, left alone
16:42:15.291  +1329.166s  SET      present lcop_selection_set_tree/Electrical/BLD-EL-Devices  7 conditions  5 items  already there, left alone
16:42:15.342  +1329.216s  SET      present lcop_selection_set_tree/Electrical/BLD-EL-Lighting Fixtures  1 condition  13 items  already there, left alone
16:42:15.361  +1329.236s  SET      present lcop_selection_set_tree/Electrical/BLD-EL-Lighting Devices  1 condition  3 items  already there, left alone
16:42:15.383  +1329.257s  SET      present lcop_selection_set_tree/Electrical/BLD-EL-Fire Alarm Devices  1 condition  5 items  already there, left alone
16:42:15.402  +1329.277s  SET      present lcop_selection_set_tree/Electrical/BLD-EL-Telecom Equipment  1 condition  0 items  already there, left alone
16:42:15.419  +1329.293s  SET      present lcop_selection_set_tree/Electrical/BLD-EL-Telecom Fixtures  1 condition  0 items  already there, left alone
16:42:15.434  +1329.309s  SET      present lcop_selection_set_tree/Electrical/BLD-Security Devices  1 condition  9 items  already there, left alone
16:42:15.452  +1329.326s  SET      present lcop_selection_set_tree/Electrical/BLD-EL-Communication Devices  1 condition  0 items  already there, left alone
16:42:15.467  +1329.342s  SET      present lcop_selection_set_tree/Electrical/BLD-EL-Telephone Devices  1 condition  0 items  already there, left alone
16:42:15.486  +1329.361s  SET      present lcop_selection_set_tree/Electrical/BLD-EL-Data Devices  1 condition  0 items  already there, left alone
16:42:15.510  +1329.384s  SETS     1A02WN put into the document: 0 created, 61 already there and left alone
16:42:15.538  +1329.413s  CENSUS   after  SETS  models 4  sets 62  tests 1830  results 77  views 103
16:42:15.557  +1329.432s  STEP     SETS          finished 1.507s  0 created, 61 already there, 0 finding items, 0 at zero.
16:42:15.575  +1329.450s  CLASH    1A02WN, 1830 in the file, 1830 to create, 0 skipped before the model
16:42:15.592  +1329.466s  OUTPUTS  workbook on, XML off, HTML on, images on
16:42:15.609  +1329.483s  CLASH    Images on, 1024 by 1024 pixels, New, Active, Reviewed only, no cap per test, linked rather than pasted in.
16:42:15.624  +1329.499s  CLASH    ran against C:\00-NM\Federation Task\C02 + 04\C02\NWF\1104-PAR-1A02WN-ZZZ-BM-MOD-000001.nwf  (4 models loaded)
16:42:15.640  +1329.514s  CLASH    the document measures in ft, every tolerance was converted into it
16:42:15.655  +1329.530s  CLASH    the document holds 62 sets and the tests name 61 sets
16:42:15.697  +1329.572s  CLASH    the document already holds 1830 clash tests, they keep their results and are not recreated
16:42:15.719  +1329.593s  CLASH    counted the items of 61 sets for the creation plan in 0.0001265s
16:42:15.733  +1329.608s  CLASH 1830 in the file, 0 created, 60 not created, a side finds nothing
16:42:15.748  +1329.623s  CLASH    SKIPPED  BLD-DR-Pipe Accessories-vs-BLD-AR-Floors  the left side "lcop_selection_set_tree/Mechanical/Mechanical-Drainage/BLD-DR-Pipe Accessories" finds nothing in this model, the right finds 3
16:42:15.763  +1329.638s  CLASH    SKIPPED  BLD-DR-Pipe Accessories-vs-BLD-AR-Stairs  both sides find nothing in this model, left "lcop_selection_set_tree/Mechanical/Mechanical-Drainage/BLD-DR-Pipe Accessories" and right "lcop_selection_set_tree/Architecture/BLD-AR-Stairs"
16:42:15.778  +1329.653s  CLASH    SKIPPED  BLD-DR-Pipe Accessories-vs-BLD-AR-Ramps  both sides find nothing in this model, left "lcop_selection_set_tree/Mechanical/Mechanical-Drainage/BLD-DR-Pipe Accessories" and right "lcop_selection_set_tree/Architecture/BLD-AR-Ramps"
16:42:15.796  +1329.670s  CLASH    SKIPPED  BLD-DR-Pipe Accessories-vs-BLD-AR-Roofs  both sides find nothing in this model, left "lcop_selection_set_tree/Mechanical/Mechanical-Drainage/BLD-DR-Pipe Accessories" and right "lcop_selection_set_tree/Architecture/BLD-AR-Roofs"
16:42:15.809  +1329.685s  CLASH    SKIPPED  BLD-DR-Pipe Accessories-vs-BLD-AR-Ceilings  both sides find nothing in this model, left "lcop_selection_set_tree/Mechanical/Mechanical-Drainage/BLD-DR-Pipe Accessories" and right "lcop_selection_set_tree/Architecture/BLD-AR-Ceilings"
16:42:15.826  +1329.700s  CLASH    further skips for "a side finds nothing in this model" are counted, not listed. The block at the end carries the total.
16:42:15.872  +1329.746s  CLASH    OLD      BLD-AR-Walls-vs-BLD-AR-Floors  Navisworks has this test marked Old.
16:42:15.888  +1329.763s  STEP     TESTS RUN     started
16:42:15.914  +1329.789s  CENSUS   before TESTS RUN  models 4  sets 62  tests 1830  results 77  views 103
16:42:16.252  +1330.127s  CENSUS   after  TESTS RUN  models 4  sets 62  tests 1830  results 77  views 103
16:42:16.274  +1330.149s  STEP     TESTS RUN     finished 0.355s  BLD-AR-Walls-vs-BLD-AR-Floors
16:42:16.324  +1330.198s  STEP     HARVEST       started
16:42:16.355  +1330.229s  CENSUS   before HARVEST  models 4  sets 62  tests 1830  results 77  views 103
16:42:16.436  +1330.310s  STEP       IMAGES        started
16:42:16.476  +1330.350s  CENSUS   before IMAGES  models 4  sets 62  tests 1830  results 77  views 103
16:42:16.627  +1330.502s  CENSUS   after  IMAGES  models 4  sets 62  tests 1830  results 77  views 103
16:42:16.654  +1330.528s  STEP       IMAGES        finished 0.182s  BLD-AR-Walls-vs-BLD-AR-Floors
16:42:16.687  +1330.561s  CENSUS   after  HARVEST  models 4  sets 62  tests 1830  results 77  views 103
16:42:16.724  +1330.599s  STEP     HARVEST       finished 0.352s  BLD-AR-Walls-vs-BLD-AR-Floors
16:42:16.881  +1330.756s  CLASH    OLD      BLD-AR-Windows-vs-BLD-AR-Floors  Navisworks has this test marked Old.
16:42:16.903  +1330.778s  STEP     TESTS RUN     entered again. Every further visit in this group is counted, not written out
16:42:17.280  +1331.155s  STEP     HARVEST       entered again. Every further visit in this group is counted, not written out
16:42:17.364  +1331.239s  CLASH    25 of 1770 tests, 2 run, 82 skipped, 1 clashes so far
16:42:17.387  +1331.261s  CLASH    OLD      BLD-AR-Windows-vs-BLD-AR-Walls  Navisworks has this test marked Old.
16:42:18.066  +1331.941s  STEP     IMAGES        entered again. Every further visit in this group is counted, not written out
16:42:18.761  +1332.635s  CLASH    OLD      BLD-AR-Doors-vs-BLD-AR-Floors  Navisworks has this test marked Old.
16:42:19.175  +1333.049s  CLASH    50 of 1770 tests, 4 run, 105 skipped, 11 clashes so far
16:42:19.195  +1333.070s  CLASH    OLD      BLD-AR-Doors-vs-BLD-AR-Walls  Navisworks has this test marked Old.
16:42:19.937  +1333.811s  CLASH    OLD      BLD-AR-Doors-vs-BLD-AR-Windows  Navisworks has this test marked Old.
16:42:20.382  +1334.256s  CLASH    75 of 1770 tests, 6 run, 128 skipped, 14 clashes so far
16:42:20.401  +1334.275s  CLASH    100 of 1770 tests, 6 run, 153 skipped, 14 clashes so far
16:42:20.421  +1334.295s  CLASH    OLD      BLD-ST-Foundation-vs-BLD-AR-Floors  Navisworks has this test marked Old.
16:42:20.819  +1334.693s  CLASH    125 of 1770 tests, 7 run, 177 skipped, 14 clashes so far
16:42:20.838  +1334.713s  CLASH    OLD      BLD-ST-Foundation-vs-BLD-AR-Walls  Navisworks has this test marked Old.
16:42:21.210  +1335.084s  CLASH    OLD      BLD-ST-Foundation-vs-BLD-AR-Windows  Navisworks has this test marked Old.
16:42:21.555  +1335.430s  CLASH    OLD      BLD-ST-Foundation-vs-BLD-AR-Doors  Navisworks has this test marked Old.
16:42:21.932  +1335.807s  CLASH    OLD      BLD-ST-Columns-vs-BLD-AR-Floors  Navisworks has this test marked Old.
16:42:22.445  +1336.320s  CLASH    OLD      BLD-ST-Columns-vs-BLD-AR-Walls  Navisworks has this test marked Old.
16:42:23.009  +1336.883s  CLASH    OLD      BLD-ST-Columns-vs-BLD-AR-Windows  Navisworks has this test marked Old.
16:42:23.398  +1337.272s  CLASH    OLD      BLD-ST-Columns-vs-BLD-AR-Doors  Navisworks has this test marked Old.
16:42:23.834  +1337.709s  CLASH    150 of 1770 tests, 14 run, 195 skipped, 15 clashes so far
16:42:23.846  +1337.720s  CLASH    OLD      BLD-ST-Columns-vs-BLD-ST-Foundation  Navisworks has this test marked Old.
16:42:24.347  +1338.222s  CLASH    OLD      BLD-ST-Framing-vs-BLD-AR-Floors  Navisworks has this test marked Old.
16:42:24.801  +1338.675s  CLASH    OLD      BLD-ST-Framing-vs-BLD-AR-Walls  Navisworks has this test marked Old.
16:42:26.211  +1340.087s  CLASH    OLD      BLD-ST-Framing-vs-BLD-AR-Windows  Navisworks has this test marked Old.
16:42:26.559  +1340.433s  CLASH    OLD      BLD-ST-Framing-vs-BLD-AR-Doors  Navisworks has this test marked Old.
16:42:27.105  +1340.979s  CLASH    OLD      BLD-ST-Framing-vs-BLD-ST-Foundation  Navisworks has this test marked Old.
16:42:27.477  +1341.351s  CLASH    OLD      BLD-ST-Framing-vs-BLD-ST-Columns  Navisworks has this test marked Old.
16:42:28.707  +1342.581s  CLASH    OLD      BLD-ST-Walls-vs-BLD-AR-Floors  Navisworks has this test marked Old.
16:42:29.068  +1342.943s  CLASH    175 of 1770 tests, 22 run, 212 skipped, 25 clashes so far
16:42:29.079  +1342.954s  CLASH    OLD      BLD-ST-Walls-vs-BLD-AR-Walls  Navisworks has this test marked Old.
16:42:30.294  +1344.168s  CLASH    OLD      BLD-ST-Walls-vs-BLD-AR-Windows  Navisworks has this test marked Old.
16:42:30.656  +1344.531s  CLASH    OLD      BLD-ST-Walls-vs-BLD-AR-Doors  Navisworks has this test marked Old.
16:42:31.015  +1344.889s  CLASH    OLD      BLD-ST-Walls-vs-BLD-ST-Foundation  Navisworks has this test marked Old.
16:42:31.577  +1345.452s  CLASH    OLD      BLD-ST-Walls-vs-BLD-ST-Columns  Navisworks has this test marked Old.
16:42:32.059  +1345.933s  CLASH    OLD      BLD-ST-Walls-vs-BLD-ST-Framing  Navisworks has this test marked Old.
16:42:32.806  +1346.681s  CLASH    OLD      BLD-ST-Floors-vs-BLD-AR-Floors  Navisworks has this test marked Old.
16:42:33.257  +1347.132s  CLASH    OLD      BLD-ST-Floors-vs-BLD-AR-Walls  Navisworks has this test marked Old.
16:42:34.660  +1348.536s  CLASH    OLD      BLD-ST-Floors-vs-BLD-AR-Windows  Navisworks has this test marked Old.
16:42:35.339  +1349.214s  CLASH    200 of 1770 tests, 31 run, 228 skipped, 41 clashes so far
16:42:35.375  +1349.250s  CLASH    OLD      BLD-ST-Floors-vs-BLD-AR-Doors  Navisworks has this test marked Old.
16:42:35.949  +1349.824s  CLASH    OLD      BLD-ST-Floors-vs-BLD-ST-Foundation  Navisworks has this test marked Old.
16:42:36.855  +1350.730s  CLASH    OLD      BLD-ST-Floors-vs-BLD-ST-Columns  Navisworks has this test marked Old.
16:42:38.198  +1352.072s  CLASH    OLD      BLD-ST-Floors-vs-BLD-ST-Framing  Navisworks has this test marked Old.
16:42:38.870  +1352.745s  CLASH    OLD      BLD-ST-Floors-vs-BLD-ST-Walls  Navisworks has this test marked Old.
16:42:39.439  +1353.314s  CLASH    225 of 1770 tests, 36 run, 248 skipped, 44 clashes so far
16:42:39.462  +1353.336s  CLASH    250 of 1770 tests, 36 run, 273 skipped, 44 clashes so far
16:42:39.481  +1353.355s  CLASH    275 of 1770 tests, 36 run, 298 skipped, 44 clashes so far
16:42:39.502  +1353.377s  CLASH    300 of 1770 tests, 36 run, 323 skipped, 44 clashes so far
16:42:39.521  +1353.396s  CLASH    325 of 1770 tests, 36 run, 348 skipped, 44 clashes so far
16:42:39.541  +1353.416s  CLASH    350 of 1770 tests, 36 run, 373 skipped, 44 clashes so far
16:42:39.561  +1353.436s  CLASH    375 of 1770 tests, 36 run, 398 skipped, 44 clashes so far
16:42:39.587  +1353.462s  CLASH    400 of 1770 tests, 36 run, 423 skipped, 44 clashes so far
16:42:39.630  +1353.504s  CLASH    425 of 1770 tests, 36 run, 448 skipped, 44 clashes so far
16:42:39.654  +1353.529s  CLASH    450 of 1770 tests, 36 run, 473 skipped, 44 clashes so far
16:42:39.674  +1353.548s  CLASH    475 of 1770 tests, 36 run, 498 skipped, 44 clashes so far
16:42:39.684  +1353.559s  CLASH    500 of 1770 tests, 36 run, 523 skipped, 44 clashes so far
16:42:39.703  +1353.578s  CLASH    525 of 1770 tests, 36 run, 548 skipped, 44 clashes so far
16:42:39.715  +1353.589s  CLASH    550 of 1770 tests, 36 run, 573 skipped, 44 clashes so far
16:42:39.731  +1353.606s  CLASH    575 of 1770 tests, 36 run, 598 skipped, 44 clashes so far
16:42:39.750  +1353.625s  CLASH    600 of 1770 tests, 36 run, 623 skipped, 44 clashes so far
16:42:39.771  +1353.646s  CLASH    625 of 1770 tests, 36 run, 648 skipped, 44 clashes so far
16:42:39.819  +1353.694s  CLASH    650 of 1770 tests, 36 run, 673 skipped, 44 clashes so far
16:42:39.853  +1353.728s  CLASH    675 of 1770 tests, 36 run, 698 skipped, 44 clashes so far
16:42:39.893  +1353.768s  CLASH    700 of 1770 tests, 36 run, 723 skipped, 44 clashes so far
16:42:39.927  +1353.801s  CLASH    725 of 1770 tests, 36 run, 748 skipped, 44 clashes so far
16:42:39.956  +1353.830s  CLASH    750 of 1770 tests, 36 run, 773 skipped, 44 clashes so far
16:42:39.970  +1353.844s  CLASH    775 of 1770 tests, 36 run, 798 skipped, 44 clashes so far
16:42:39.995  +1353.870s  CLASH    800 of 1770 tests, 36 run, 823 skipped, 44 clashes so far
16:42:40.019  +1353.894s  CLASH    825 of 1770 tests, 36 run, 848 skipped, 44 clashes so far
16:42:40.047  +1353.922s  CLASH    850 of 1770 tests, 36 run, 873 skipped, 44 clashes so far
16:42:40.206  +1354.080s  CLASH    875 of 1770 tests, 36 run, 898 skipped, 44 clashes so far
16:42:40.285  +1354.160s  CLASH    900 of 1770 tests, 36 run, 923 skipped, 44 clashes so far
16:42:40.303  +1354.178s  CLASH    OLD      BLD-DR-Pipes & Pipe Fittings-vs-BLD-AR-Floors  Navisworks has this test marked Old.
16:42:40.749  +1354.624s  CLASH    OLD      BLD-DR-Pipes & Pipe Fittings-vs-BLD-AR-Walls  Navisworks has this test marked Old.
16:42:41.124  +1354.999s  CLASH    OLD      BLD-DR-Pipes & Pipe Fittings-vs-BLD-AR-Windows  Navisworks has this test marked Old.
16:42:41.468  +1355.344s  CLASH    OLD      BLD-DR-Pipes & Pipe Fittings-vs-BLD-AR-Doors  Navisworks has this test marked Old.
16:42:41.857  +1355.731s  CLASH    OLD      BLD-DR-Pipes & Pipe Fittings-vs-BLD-ST-Foundation  Navisworks has this test marked Old.
16:42:42.355  +1356.229s  CLASH    OLD      BLD-DR-Pipes & Pipe Fittings-vs-BLD-ST-Columns  Navisworks has this test marked Old.
16:42:42.890  +1356.764s  CLASH    OLD      BLD-DR-Pipes & Pipe Fittings-vs-BLD-ST-Framing  Navisworks has this test marked Old.
16:42:43.451  +1357.325s  CLASH    OLD      BLD-DR-Pipes & Pipe Fittings-vs-BLD-ST-Walls  Navisworks has this test marked Old.
16:42:43.811  +1357.685s  CLASH    OLD      BLD-DR-Pipes & Pipe Fittings-vs-BLD-ST-Floors  Navisworks has this test marked Old.
16:42:44.419  +1358.293s  CLASH    925 of 1770 tests, 45 run, 939 skipped, 46 clashes so far
16:42:44.445  +1358.320s  CLASH    950 of 1770 tests, 45 run, 964 skipped, 46 clashes so far
16:42:44.462  +1358.337s  CLASH    975 of 1770 tests, 45 run, 989 skipped, 46 clashes so far
16:42:44.479  +1358.353s  CLASH    OLD      BLD-DR-Plumbing Fixtures-vs-BLD-AR-Floors  Navisworks has this test marked Old.
16:42:44.839  +1358.713s  CLASH    OLD      BLD-DR-Plumbing Fixtures-vs-BLD-AR-Walls  Navisworks has this test marked Old.
16:42:45.198  +1359.073s  CLASH    OLD      BLD-DR-Plumbing Fixtures-vs-BLD-AR-Windows  Navisworks has this test marked Old.
16:42:45.617  +1359.492s  CLASH    1000 of 1770 tests, 48 run, 1011 skipped, 46 clashes so far
16:42:45.634  +1359.508s  CLASH    OLD      BLD-DR-Plumbing Fixtures-vs-BLD-AR-Doors  Navisworks has this test marked Old.
16:42:45.977  +1359.851s  CLASH    OLD      BLD-DR-Plumbing Fixtures-vs-BLD-ST-Foundation  Navisworks has this test marked Old.
16:42:46.321  +1360.196s  CLASH    OLD      BLD-DR-Plumbing Fixtures-vs-BLD-ST-Columns  Navisworks has this test marked Old.
16:42:46.693  +1360.568s  CLASH    OLD      BLD-DR-Plumbing Fixtures-vs-BLD-ST-Framing  Navisworks has this test marked Old.
16:42:47.069  +1360.944s  CLASH    OLD      BLD-DR-Plumbing Fixtures-vs-BLD-ST-Walls  Navisworks has this test marked Old.
16:42:47.461  +1361.335s  CLASH    OLD      BLD-DR-Plumbing Fixtures-vs-BLD-ST-Floors  Navisworks has this test marked Old.
16:42:48.039  +1361.914s  CLASH    1025 of 1770 tests, 54 run, 1030 skipped, 46 clashes so far
16:42:48.060  +1361.935s  CLASH    OLD      BLD-DR-Plumbing Fixtures-vs-BLD-DR-Pipes & Pipe Fittings  Navisworks has this test marked Old.
16:42:48.478  +1362.353s  CLASH    1050 of 1770 tests, 55 run, 1054 skipped, 46 clashes so far
16:42:48.503  +1362.377s  CLASH    1075 of 1770 tests, 55 run, 1079 skipped, 46 clashes so far
16:42:48.524  +1362.398s  CLASH    OLD      BLD-EL-Electrical Equipment-vs-BLD-AR-Floors  Navisworks has this test marked Old.
16:42:49.152  +1363.027s  CLASH    OLD      BLD-EL-Electrical Equipment-vs-BLD-AR-Walls  Navisworks has this test marked Old.
16:42:50.275  +1364.149s  CLASH    OLD      BLD-EL-Electrical Equipment-vs-BLD-AR-Windows  Navisworks has this test marked Old.
16:42:50.794  +1364.669s  CLASH    OLD      BLD-EL-Electrical Equipment-vs-BLD-AR-Doors  Navisworks has this test marked Old.
16:42:51.216  +1365.090s  CLASH    OLD      BLD-EL-Electrical Equipment-vs-BLD-ST-Foundation  Navisworks has this test marked Old.
16:42:51.867  +1365.741s  CLASH    OLD      BLD-EL-Electrical Equipment-vs-BLD-ST-Columns  Navisworks has this test marked Old.
16:42:52.556  +1366.431s  CLASH    1100 of 1770 tests, 61 run, 1098 skipped, 55 clashes so far
16:42:52.566  +1366.441s  CLASH    OLD      BLD-EL-Electrical Equipment-vs-BLD-ST-Framing  Navisworks has this test marked Old.
16:42:52.994  +1366.869s  CLASH    OLD      BLD-EL-Electrical Equipment-vs-BLD-ST-Walls  Navisworks has this test marked Old.
16:42:53.398  +1367.273s  CLASH    OLD      BLD-EL-Electrical Equipment-vs-BLD-ST-Floors  Navisworks has this test marked Old.
16:42:54.101  +1367.976s  CLASH    1125 of 1770 tests, 64 run, 1120 skipped, 56 clashes so far
16:42:54.112  +1367.987s  CLASH    OLD      BLD-EL-Electrical Equipment-vs-BLD-DR-Pipes & Pipe Fittings  Navisworks has this test marked Old.
16:42:54.457  +1368.332s  CLASH    OLD      BLD-EL-Electrical Equipment-vs-BLD-DR-Plumbing Fixtures  Navisworks has this test marked Old.
16:42:54.802  +1368.676s  CLASH    OLD      BLD-EL-Electrical Fixtures-vs-BLD-AR-Floors  Navisworks has this test marked Old.
16:42:55.143  +1369.018s  CLASH    OLD      BLD-EL-Electrical Fixtures-vs-BLD-AR-Walls  Navisworks has this test marked Old.
16:42:55.502  +1369.377s  CLASH    OLD      BLD-EL-Electrical Fixtures-vs-BLD-AR-Windows  Navisworks has this test marked Old.
16:42:55.995  +1369.870s  CLASH    OLD      BLD-EL-Electrical Fixtures-vs-BLD-AR-Doors  Navisworks has this test marked Old.
16:42:56.400  +1370.275s  CLASH    OLD      BLD-EL-Electrical Fixtures-vs-BLD-ST-Foundation  Navisworks has this test marked Old.
16:42:56.899  +1370.774s  CLASH    OLD      BLD-EL-Electrical Fixtures-vs-BLD-ST-Columns  Navisworks has this test marked Old.
16:42:57.619  +1371.494s  CLASH    OLD      BLD-EL-Electrical Fixtures-vs-BLD-ST-Framing  Navisworks has this test marked Old.
16:42:57.989  +1371.863s  CLASH    OLD      BLD-EL-Electrical Fixtures-vs-BLD-ST-Walls  Navisworks has this test marked Old.
16:42:58.379  +1372.253s  CLASH    OLD      BLD-EL-Electrical Fixtures-vs-BLD-ST-Floors  Navisworks has this test marked Old.
16:42:58.689  +1372.564s  CLASH    1150 of 1770 tests, 75 run, 1134 skipped, 56 clashes so far
16:42:58.712  +1372.587s  CLASH    OLD      BLD-EL-Electrical Fixtures-vs-BLD-DR-Pipes & Pipe Fittings  Navisworks has this test marked Old.
16:42:59.236  +1373.110s  CLASH    OLD      BLD-EL-Electrical Fixtures-vs-BLD-DR-Plumbing Fixtures  Navisworks has this test marked Old.
16:42:59.884  +1373.759s  CLASH    1175 of 1770 tests, 77 run, 1157 skipped, 56 clashes so far
16:42:59.943  +1373.818s  CLASH    OLD      BLD-EL-Electrical Fixtures-vs-BLD-EL-Electrical Equipment  Navisworks has this test marked Old.
16:43:00.631  +1374.505s  CLASH    OLD      BLD-EL-Conduits & Conduit Fittings-vs-BLD-AR-Floors  Navisworks has this test marked Old.
16:43:01.006  +1374.881s  CLASH    OLD      BLD-EL-Conduits & Conduit Fittings-vs-BLD-AR-Walls  Navisworks has this test marked Old.
16:43:01.348  +1375.223s  CLASH    OLD      BLD-EL-Conduits & Conduit Fittings-vs-BLD-AR-Windows  Navisworks has this test marked Old.
16:43:02.157  +1376.032s  CLASH    OLD      BLD-EL-Conduits & Conduit Fittings-vs-BLD-AR-Doors  Navisworks has this test marked Old.
16:43:02.612  +1376.487s  CLASH    OLD      BLD-EL-Conduits & Conduit Fittings-vs-BLD-ST-Foundation  Navisworks has this test marked Old.
16:43:03.097  +1376.972s  STATUS   a clash carries one of five: New, Active, Reviewed, Approved, Resolved
16:43:03.132  +1377.006s  STATUS   a TEST carries one of four: New, Old, Partial, Complete
16:43:03.168  +1377.042s  STATUS   the two sets are different things and share only the word New
16:43:03.199  +1377.074s  STATUS   Old is a test word and never a clash word, so no clash is ever at Old and nothing here ever moves one from it
16:43:03.225  +1377.099s  STATUS   this tool sets Reviewed and nothing else. Approved and Resolved are a person's decision about work that was actually done
16:43:03.281  +1377.156s  STATUS   Clash1  Active to Reviewed
16:43:03.406  +1377.281s  CLASH    OLD      BLD-EL-Conduits & Conduit Fittings-vs-BLD-ST-Columns  Navisworks has this test marked Old.
16:43:04.155  +1378.030s  CLASH    OLD      BLD-EL-Conduits & Conduit Fittings-vs-BLD-ST-Framing  Navisworks has this test marked Old.
16:43:04.775  +1378.650s  CLASH    OLD      BLD-EL-Conduits & Conduit Fittings-vs-BLD-ST-Walls  Navisworks has this test marked Old.
16:43:05.538  +1379.412s  CLASH    OLD      BLD-EL-Conduits & Conduit Fittings-vs-BLD-ST-Floors  Navisworks has this test marked Old.
16:43:06.036  +1379.911s  CLASH    1200 of 1770 tests, 87 run, 1172 skipped, 62 clashes so far
16:43:06.064  +1379.939s  CLASH    OLD      BLD-EL-Conduits & Conduit Fittings-vs-BLD-DR-Pipes & Pipe Fittings  Navisworks has this test marked Old.
16:43:06.410  +1380.284s  CLASH    OLD      BLD-EL-Conduits & Conduit Fittings-vs-BLD-DR-Plumbing Fixtures  Navisworks has this test marked Old.
16:43:06.833  +1380.707s  CLASH    OLD      BLD-EL-Conduits & Conduit Fittings-vs-BLD-EL-Electrical Equipment  Navisworks has this test marked Old.
16:43:07.569  +1381.443s  CLASH    1225 of 1770 tests, 90 run, 1194 skipped, 69 clashes so far
16:43:07.583  +1381.458s  CLASH    OLD      BLD-EL-Conduits & Conduit Fittings-vs-BLD-EL-Electrical Fixtures  Navisworks has this test marked Old.
16:43:07.929  +1381.804s  CLASH    OLD      BLD-EL-Devices-vs-BLD-AR-Floors  Navisworks has this test marked Old.
16:43:08.556  +1382.431s  CLASH    OLD      BLD-EL-Devices-vs-BLD-AR-Walls  Navisworks has this test marked Old.
16:43:08.882  +1382.756s  CLASH    OLD      BLD-EL-Devices-vs-BLD-AR-Windows  Navisworks has this test marked Old.
16:43:09.597  +1383.472s  CLASH    OLD      BLD-EL-Devices-vs-BLD-AR-Doors  Navisworks has this test marked Old.
16:43:10.020  +1383.895s  CLASH    OLD      BLD-EL-Devices-vs-BLD-ST-Foundation  Navisworks has this test marked Old.
16:43:10.596  +1384.471s  CLASH    OLD      BLD-EL-Devices-vs-BLD-ST-Columns  Navisworks has this test marked Old.
16:43:11.050  +1384.925s  CLASH    OLD      BLD-EL-Devices-vs-BLD-ST-Framing  Navisworks has this test marked Old.
16:43:11.444  +1385.318s  CLASH    OLD      BLD-EL-Devices-vs-BLD-ST-Walls  Navisworks has this test marked Old.
16:43:11.852  +1385.726s  CLASH    OLD      BLD-EL-Devices-vs-BLD-ST-Floors  Navisworks has this test marked Old.
16:43:12.211  +1386.085s  CLASH    1250 of 1770 tests, 100 run, 1209 skipped, 69 clashes so far
16:43:12.223  +1386.098s  CLASH    OLD      BLD-EL-Devices-vs-BLD-DR-Pipes & Pipe Fittings  Navisworks has this test marked Old.
16:43:12.571  +1386.446s  CLASH    OLD      BLD-EL-Devices-vs-BLD-DR-Plumbing Fixtures  Navisworks has this test marked Old.
16:43:12.931  +1386.805s  CLASH    OLD      BLD-EL-Devices-vs-BLD-EL-Electrical Equipment  Navisworks has this test marked Old.
16:43:13.969  +1387.844s  CLASH    OLD      BLD-EL-Devices-vs-BLD-EL-Electrical Fixtures  Navisworks has this test marked Old.
16:43:14.827  +1388.702s  CLASH    1275 of 1770 tests, 104 run, 1230 skipped, 69 clashes so far
16:43:14.869  +1388.743s  CLASH    OLD      BLD-EL-Devices-vs-BLD-EL-Conduits & Conduit Fittings  Navisworks has this test marked Old.
16:43:15.651  +1389.526s  CLASH    OLD      BLD-EL-Lighting Fixtures-vs-BLD-AR-Floors  Navisworks has this test marked Old.
16:43:16.246  +1390.121s  CLASH    OLD      BLD-EL-Lighting Fixtures-vs-BLD-AR-Walls  Navisworks has this test marked Old.
16:43:17.264  +1391.139s  CLASH    OLD      BLD-EL-Lighting Fixtures-vs-BLD-AR-Windows  Navisworks has this test marked Old.
16:43:17.558  +1391.432s  CLASH    OLD      BLD-EL-Lighting Fixtures-vs-BLD-AR-Doors  Navisworks has this test marked Old.
16:43:17.855  +1391.729s  CLASH    OLD      BLD-EL-Lighting Fixtures-vs-BLD-ST-Foundation  Navisworks has this test marked Old.
16:43:18.105  +1391.979s  CLASH    OLD      BLD-EL-Lighting Fixtures-vs-BLD-ST-Columns  Navisworks has this test marked Old.
16:43:18.339  +1392.213s  CLASH    OLD      BLD-EL-Lighting Fixtures-vs-BLD-ST-Framing  Navisworks has this test marked Old.
16:43:18.637  +1392.511s  CLASH    OLD      BLD-EL-Lighting Fixtures-vs-BLD-ST-Walls  Navisworks has this test marked Old.
16:43:18.927  +1392.801s  CLASH    OLD      BLD-EL-Lighting Fixtures-vs-BLD-ST-Floors  Navisworks has this test marked Old.
16:43:19.290  +1393.165s  CLASH    1300 of 1770 tests, 114 run, 1245 skipped, 75 clashes so far
16:43:19.318  +1393.193s  CLASH    OLD      BLD-EL-Lighting Fixtures-vs-BLD-DR-Pipes & Pipe Fittings  Navisworks has this test marked Old.
16:43:19.588  +1393.462s  CLASH    OLD      BLD-EL-Lighting Fixtures-vs-BLD-DR-Plumbing Fixtures  Navisworks has this test marked Old.
16:43:19.822  +1393.697s  CLASH    OLD      BLD-EL-Lighting Fixtures-vs-BLD-EL-Electrical Equipment  Navisworks has this test marked Old.
16:43:20.052  +1393.927s  CLASH    OLD      BLD-EL-Lighting Fixtures-vs-BLD-EL-Electrical Fixtures  Navisworks has this test marked Old.
16:43:20.272  +1394.146s  CLASH    1325 of 1770 tests, 118 run, 1266 skipped, 75 clashes so far
16:43:20.285  +1394.159s  CLASH    OLD      BLD-EL-Lighting Fixtures-vs-BLD-EL-Conduits & Conduit Fittings  Navisworks has this test marked Old.
16:43:20.509  +1394.384s  CLASH    OLD      BLD-EL-Lighting Fixtures-vs-BLD-EL-Devices  Navisworks has this test marked Old.
16:43:20.743  +1394.618s  CLASH    OLD      BLD-EL-Lighting Devices-vs-BLD-AR-Floors  Navisworks has this test marked Old.
16:43:20.962  +1394.837s  CLASH    OLD      BLD-EL-Lighting Devices-vs-BLD-AR-Walls  Navisworks has this test marked Old.
16:43:21.195  +1395.070s  CLASH    OLD      BLD-EL-Lighting Devices-vs-BLD-AR-Windows  Navisworks has this test marked Old.
16:43:21.415  +1395.290s  CLASH    OLD      BLD-EL-Lighting Devices-vs-BLD-AR-Doors  Navisworks has this test marked Old.
16:43:21.696  +1395.571s  CLASH    OLD      BLD-EL-Lighting Devices-vs-BLD-ST-Foundation  Navisworks has this test marked Old.
16:43:21.927  +1395.802s  CLASH    OLD      BLD-EL-Lighting Devices-vs-BLD-ST-Columns  Navisworks has this test marked Old.
16:43:22.160  +1396.034s  CLASH    OLD      BLD-EL-Lighting Devices-vs-BLD-ST-Framing  Navisworks has this test marked Old.
16:43:22.392  +1396.267s  CLASH    OLD      BLD-EL-Lighting Devices-vs-BLD-ST-Walls  Navisworks has this test marked Old.
16:43:22.625  +1396.499s  CLASH    OLD      BLD-EL-Lighting Devices-vs-BLD-ST-Floors  Navisworks has this test marked Old.
16:43:22.874  +1396.748s  CLASH    1350 of 1770 tests, 129 run, 1280 skipped, 75 clashes so far
16:43:22.892  +1396.767s  CLASH    OLD      BLD-EL-Lighting Devices-vs-BLD-DR-Pipes & Pipe Fittings  Navisworks has this test marked Old.
16:43:23.141  +1397.016s  CLASH    OLD      BLD-EL-Lighting Devices-vs-BLD-DR-Plumbing Fixtures  Navisworks has this test marked Old.
16:43:23.393  +1397.267s  CLASH    OLD      BLD-EL-Lighting Devices-vs-BLD-EL-Electrical Equipment  Navisworks has this test marked Old.
16:43:23.597  +1397.472s  CLASH    1375 of 1770 tests, 132 run, 1302 skipped, 75 clashes so far
16:43:23.611  +1397.486s  CLASH    OLD      BLD-EL-Lighting Devices-vs-BLD-EL-Electrical Fixtures  Navisworks has this test marked Old.
16:43:23.881  +1397.756s  CLASH    OLD      BLD-EL-Lighting Devices-vs-BLD-EL-Conduits & Conduit Fittings  Navisworks has this test marked Old.
16:43:24.131  +1398.005s  CLASH    OLD      BLD-EL-Lighting Devices-vs-BLD-EL-Devices  Navisworks has this test marked Old.
16:43:24.409  +1398.283s  CLASH    OLD      BLD-EL-Lighting Devices-vs-BLD-EL-Lighting Fixtures  Navisworks has this test marked Old.
16:43:24.628  +1398.503s  CLASH    OLD      BLD-EL-Fire Alarm Devices-vs-BLD-AR-Floors  Navisworks has this test marked Old.
16:43:24.846  +1398.720s  CLASH    OLD      BLD-EL-Fire Alarm Devices-vs-BLD-AR-Walls  Navisworks has this test marked Old.
16:43:25.097  +1398.971s  CLASH    OLD      BLD-EL-Fire Alarm Devices-vs-BLD-AR-Windows  Navisworks has this test marked Old.
16:43:25.312  +1399.186s  CLASH    OLD      BLD-EL-Fire Alarm Devices-vs-BLD-AR-Doors  Navisworks has this test marked Old.
16:43:25.576  +1399.450s  CLASH    OLD      BLD-EL-Fire Alarm Devices-vs-BLD-ST-Foundation  Navisworks has this test marked Old.
16:43:25.839  +1399.713s  CLASH    OLD      BLD-EL-Fire Alarm Devices-vs-BLD-ST-Columns  Navisworks has this test marked Old.
16:43:26.101  +1399.975s  CLASH    OLD      BLD-EL-Fire Alarm Devices-vs-BLD-ST-Framing  Navisworks has this test marked Old.
16:43:26.364  +1400.239s  CLASH    OLD      BLD-EL-Fire Alarm Devices-vs-BLD-ST-Walls  Navisworks has this test marked Old.
16:43:26.690  +1400.564s  CLASH    OLD      BLD-EL-Fire Alarm Devices-vs-BLD-ST-Floors  Navisworks has this test marked Old.
16:43:26.970  +1400.844s  CLASH    1400 of 1770 tests, 145 run, 1314 skipped, 75 clashes so far
16:43:26.991  +1400.865s  CLASH    OLD      BLD-EL-Fire Alarm Devices-vs-BLD-DR-Pipes & Pipe Fittings  Navisworks has this test marked Old.
16:43:27.233  +1401.108s  CLASH    OLD      BLD-EL-Fire Alarm Devices-vs-BLD-DR-Plumbing Fixtures  Navisworks has this test marked Old.
16:43:27.501  +1401.375s  CLASH    1425 of 1770 tests, 147 run, 1337 skipped, 75 clashes so far
16:43:27.515  +1401.390s  CLASH    OLD      BLD-EL-Fire Alarm Devices-vs-BLD-EL-Electrical Equipment  Navisworks has this test marked Old.
16:43:27.781  +1401.656s  CLASH    OLD      BLD-EL-Fire Alarm Devices-vs-BLD-EL-Electrical Fixtures  Navisworks has this test marked Old.
16:43:28.045  +1401.920s  CLASH    OLD      BLD-EL-Fire Alarm Devices-vs-BLD-EL-Conduits & Conduit Fittings  Navisworks has this test marked Old.
16:43:28.263  +1402.138s  CLASH    OLD      BLD-EL-Fire Alarm Devices-vs-BLD-EL-Devices  Navisworks has this test marked Old.
16:43:28.527  +1402.402s  CLASH    OLD      BLD-EL-Fire Alarm Devices-vs-BLD-EL-Lighting Fixtures  Navisworks has this test marked Old.
16:43:28.792  +1402.666s  CLASH    OLD      BLD-EL-Fire Alarm Devices-vs-BLD-EL-Lighting Devices  Navisworks has this test marked Old.
16:43:29.041  +1402.915s  CLASH    1450 of 1770 tests, 153 run, 1356 skipped, 75 clashes so far
16:43:29.055  +1402.930s  CLASH    1475 of 1770 tests, 153 run, 1381 skipped, 75 clashes so far
16:43:29.070  +1402.945s  CLASH    1500 of 1770 tests, 153 run, 1406 skipped, 75 clashes so far
16:43:29.086  +1402.961s  CLASH    1525 of 1770 tests, 153 run, 1431 skipped, 75 clashes so far
16:43:29.106  +1402.981s  CLASH    OLD      BLD-Security Devices-vs-BLD-AR-Floors  Navisworks has this test marked Old.
16:43:29.336  +1403.211s  CLASH    OLD      BLD-Security Devices-vs-BLD-AR-Walls  Navisworks has this test marked Old.
16:43:29.578  +1403.453s  CLASH    OLD      BLD-Security Devices-vs-BLD-AR-Windows  Navisworks has this test marked Old.
16:43:29.817  +1403.692s  CLASH    1550 of 1770 tests, 156 run, 1453 skipped, 75 clashes so far
16:43:29.829  +1403.704s  CLASH    OLD      BLD-Security Devices-vs-BLD-AR-Doors  Navisworks has this test marked Old.
16:43:30.052  +1403.926s  CLASH    OLD      BLD-Security Devices-vs-BLD-ST-Foundation  Navisworks has this test marked Old.
16:43:30.299  +1404.174s  CLASH    OLD      BLD-Security Devices-vs-BLD-ST-Columns  Navisworks has this test marked Old.
16:43:30.564  +1404.439s  CLASH    OLD      BLD-Security Devices-vs-BLD-ST-Framing  Navisworks has this test marked Old.
16:43:30.829  +1404.704s  CLASH    OLD      BLD-Security Devices-vs-BLD-ST-Walls  Navisworks has this test marked Old.
16:43:31.170  +1405.045s  CLASH    OLD      BLD-Security Devices-vs-BLD-ST-Floors  Navisworks has this test marked Old.
16:43:31.501  +1405.376s  CLASH    1575 of 1770 tests, 162 run, 1472 skipped, 76 clashes so far
16:43:31.521  +1405.396s  CLASH    OLD      BLD-Security Devices-vs-BLD-DR-Pipes & Pipe Fittings  Navisworks has this test marked Old.
16:43:31.780  +1405.655s  CLASH    OLD      BLD-Security Devices-vs-BLD-DR-Plumbing Fixtures  Navisworks has this test marked Old.
16:43:32.127  +1406.001s  CLASH    OLD      BLD-Security Devices-vs-BLD-EL-Electrical Equipment  Navisworks has this test marked Old.
16:43:32.421  +1406.296s  CLASH    OLD      BLD-Security Devices-vs-BLD-EL-Electrical Fixtures  Navisworks has this test marked Old.
16:43:32.656  +1406.531s  CLASH    OLD      BLD-Security Devices-vs-BLD-EL-Conduits & Conduit Fittings  Navisworks has this test marked Old.
16:43:32.935  +1406.811s  CLASH    OLD      BLD-Security Devices-vs-BLD-EL-Devices  Navisworks has this test marked Old.
16:43:33.281  +1407.156s  CLASH    OLD      BLD-Security Devices-vs-BLD-EL-Lighting Fixtures  Navisworks has this test marked Old.
16:43:33.578  +1407.453s  CLASH    OLD      BLD-Security Devices-vs-BLD-EL-Lighting Devices  Navisworks has this test marked Old.
16:43:33.902  +1407.777s  CLASH    OLD      BLD-Security Devices-vs-BLD-EL-Fire Alarm Devices  Navisworks has this test marked Old.
16:43:34.221  +1408.095s  CLASH    1600 of 1770 tests, 171 run, 1488 skipped, 77 clashes so far
16:43:34.267  +1408.142s  CLASH    1625 of 1770 tests, 171 run, 1513 skipped, 77 clashes so far
16:43:34.402  +1408.285s  CLASH    1650 of 1770 tests, 171 run, 1538 skipped, 77 clashes so far
16:43:34.601  +1408.475s  CLASH    1675 of 1770 tests, 171 run, 1563 skipped, 77 clashes so far
16:43:34.688  +1408.572s  CLASH    1700 of 1770 tests, 171 run, 1588 skipped, 77 clashes so far
16:43:34.759  +1408.634s  CLASH    1725 of 1770 tests, 171 run, 1613 skipped, 77 clashes so far
16:43:34.937  +1408.813s  CLASH    1750 of 1770 tests, 171 run, 1638 skipped, 77 clashes so far
16:43:35.027  +1408.904s  CLASH    1770 of 1770 tests, 171 run, 1658 skipped, 77 clashes so far
16:43:35.150  +1409.025s  TOLERANCE 25 mm chosen in the tool, so it beats both the XML and the document. Set on 1770 tests, 0 created fresh and 1770 already in the document. 25 mm is 0.082021 ft in this document

================================================================
DRIFT C:\00-NM\Federation Task\C02 + 04\C02\NWF\1104-PAR-1A02WN-ZZZ-BM-MOD-000001.nwf  (4 models loaded)
================================================================
16:43:35.476  +1409.352s  1770 tests were already in the document and were compared against the file.
16:43:35.512  +1409.386s  Nothing has drifted. Every one of them matches the file.
16:43:35.553  +1409.428s  PRIORITY 1830 in the file, 1830 tests in this run, 1830 matched, 0 not named by the file

================================================================
PRIORITY 1A02WN
================================================================
16:43:35.804  +1409.678s  PRIORITY clashes by priority, 77 in all
16:43:35.831  +1409.707s           A           : 63
16:43:35.861  +1409.740s           B           : 6
16:43:35.924  +1409.798s           C           : 8
16:43:35.984  +1409.859s           No priority : 0

================================================================
CLASH 1A02WN
================================================================
16:43:36.447  +1410.322s  clashes BLD-AR-Walls-vs-BLD-AR-Floors  items 25 v 3  Reviewed 1  0.4s
16:43:36.591  +1410.466s  clashes BLD-AR-Windows-vs-BLD-AR-Walls  items 5 v 25  Reviewed 10  0.4s
16:43:36.754  +1410.629s  clashes BLD-AR-Doors-vs-BLD-AR-Walls  items 1 v 25  Reviewed 3  0.4s
16:43:36.838  +1410.712s  clashes BLD-ST-Columns-vs-BLD-AR-Floors  items 12 v 3  Reviewed 1  0.3s
16:43:36.953  +1410.827s  clashes BLD-ST-Framing-vs-BLD-AR-Walls  items 11 v 25  Reviewed 8  0.5s
16:43:37.022  +1410.896s  clashes BLD-ST-Framing-vs-BLD-ST-Columns  items 11 v 12  Reviewed 2  0.7s
16:43:37.109  +1410.983s  clashes BLD-ST-Walls-vs-BLD-AR-Walls  items 8 v 25  Reviewed 8  0.3s
16:43:37.187  +1411.061s  clashes BLD-ST-Floors-vs-BLD-AR-Walls  items 3 v 25  Reviewed 8  0.4s
16:43:37.221  +1411.095s  clashes BLD-ST-Floors-vs-BLD-ST-Columns  items 3 v 12  Reviewed 2  0.7s
16:43:37.272  +1411.147s  clashes BLD-ST-Floors-vs-BLD-ST-Framing  items 3 v 11  Active 1  0.4s
16:43:37.314  +1411.188s  clashes BLD-DR-Pipes & Pipe Fittings-vs-BLD-ST-Foundation  items 4 v 13  Active 1  0.3s
16:43:37.352  +1411.227s  clashes BLD-DR-Pipes & Pipe Fittings-vs-BLD-ST-Floors  items 4 v 3  Active 1  0.5s
16:43:37.422  +1411.297s  clashes BLD-EL-Electrical Equipment-vs-BLD-AR-Floors  items 7 v 3  Active 1  0.5s
16:43:37.458  +1411.332s  clashes BLD-EL-Electrical Equipment-vs-BLD-AR-Walls  items 7 v 25  Active 6  0.3s
16:43:37.502  +1411.376s  clashes BLD-EL-Electrical Equipment-vs-BLD-AR-Windows  items 7 v 5  Active 1  0.3s
16:43:37.531  +1411.405s  clashes BLD-EL-Electrical Equipment-vs-BLD-ST-Columns  items 7 v 12  Active 1  0.4s
16:43:37.552  +1411.426s  clashes BLD-EL-Electrical Equipment-vs-BLD-ST-Floors  items 7 v 3  Active 1  0.5s
16:43:37.612  +1411.486s  clashes BLD-EL-Conduits & Conduit Fittings-vs-BLD-ST-Foundation  items 39 v 13  Reviewed 1  0.4s
16:43:37.659  +1411.534s  clashes BLD-EL-Conduits & Conduit Fittings-vs-BLD-ST-Columns  items 39 v 12  Active 3  0.3s
16:43:37.717  +1411.592s  clashes BLD-EL-Conduits & Conduit Fittings-vs-BLD-ST-Framing  items 39 v 11  Active 2  0.3s
16:43:37.766  +1411.640s  clashes BLD-EL-Conduits & Conduit Fittings-vs-BLD-EL-Electrical Equipment  items 39 v 7  Reviewed 7  0.3s
16:43:37.832  +1411.707s  clashes BLD-EL-Lighting Fixtures-vs-BLD-AR-Walls  items 13 v 25  Active 3  0.6s
16:43:37.876  +1411.751s  clashes BLD-EL-Lighting Fixtures-vs-BLD-ST-Framing  items 13 v 11  Active 1  0.2s
16:43:37.910  +1411.785s  clashes BLD-EL-Lighting Fixtures-vs-BLD-ST-Floors  items 13 v 3  Active 2  0.2s
16:43:37.949  +1411.824s  clashes BLD-Security Devices-vs-BLD-ST-Floors  items 9 v 3  Active 1  0.2s
16:43:37.991  +1411.866s  clashes BLD-Security Devices-vs-BLD-EL-Lighting Fixtures  items 9 v 13  Active 1  0.2s
16:43:38.043  +1411.917s  PASSED 145 tests, ran and found nothing
16:43:38.079  +1411.953s          passed  BLD-AR-Windows-vs-BLD-AR-Floors  items 5 v 3  none  0.4s
16:43:38.128  +1412.004s          passed  BLD-AR-Doors-vs-BLD-AR-Floors  items 1 v 3  none  0.4s
16:43:38.164  +1412.038s          passed  BLD-AR-Doors-vs-BLD-AR-Windows  items 1 v 5  none  0.4s
16:43:38.226  +1412.100s          passed  BLD-ST-Foundation-vs-BLD-AR-Floors  items 13 v 3  none  0.3s
16:43:38.270  +1412.145s          passed  BLD-ST-Foundation-vs-BLD-AR-Walls  items 13 v 25  none  0.3s
16:43:38.358  +1412.232s          and 140 more that ran and found nothing, counted and not listed
16:43:38.400  +1412.275s  SKIPPED 1659 tests, a side finds nothing in this model
16:43:38.450  +1412.324s          BLD-DR-Pipe Accessories-vs-BLD-AR-Floors  the left side "lcop_selection_set_tree/Mechanical/Mechanical-Drainage/BLD-DR-Pipe Accessories" finds nothing in this model, the right finds 3
16:43:38.494  +1412.369s          BLD-DR-Pipe Accessories-vs-BLD-AR-Stairs  both sides find nothing in this model, left "lcop_selection_set_tree/Mechanical/Mechanical-Drainage/BLD-DR-Pipe Accessories" and right "lcop_selection_set_tree/Architecture/BLD-AR-Stairs"
16:43:38.521  +1412.395s          BLD-DR-Pipe Accessories-vs-BLD-AR-Ramps  both sides find nothing in this model, left "lcop_selection_set_tree/Mechanical/Mechanical-Drainage/BLD-DR-Pipe Accessories" and right "lcop_selection_set_tree/Architecture/BLD-AR-Ramps"
16:43:38.539  +1412.413s          BLD-DR-Pipe Accessories-vs-BLD-AR-Roofs  both sides find nothing in this model, left "lcop_selection_set_tree/Mechanical/Mechanical-Drainage/BLD-DR-Pipe Accessories" and right "lcop_selection_set_tree/Architecture/BLD-AR-Roofs"
16:43:38.558  +1412.433s          BLD-DR-Pipe Accessories-vs-BLD-AR-Ceilings  both sides find nothing in this model, left "lcop_selection_set_tree/Mechanical/Mechanical-Drainage/BLD-DR-Pipe Accessories" and right "lcop_selection_set_tree/Architecture/BLD-AR-Ceilings"
16:43:38.579  +1412.454s          and 1654 more skipped for the same reason, counted and not listed
16:43:38.604  +1412.478s  
16:43:38.623  +1412.497s  ran against       : C:\00-NM\Federation Task\C02 + 04\C02\NWF\1104-PAR-1A02WN-ZZZ-BM-MOD-000001.nwf  (4 models loaded)
16:43:38.639  +1412.514s  tests in the file : 1830
16:43:38.659  +1412.534s  tests created     : 0
16:43:38.694  +1412.569s  already there     : 1770, left alone with their results
16:43:38.741  +1412.616s  tests skipped     : 1659, not run and not passed
16:43:38.761  +1412.636s       1659  a side finds nothing in this model
16:43:38.779  +1412.654s  tests run         : 171
16:43:38.799  +1412.673s      passed        : 145, ran and found nothing
16:43:38.820  +1412.695s      with clashes  : 26
16:43:38.839  +1412.713s  clashes found     : 77
16:43:38.855  +1412.729s      New       : 0
16:43:38.872  +1412.747s      Active    : 26
16:43:38.897  +1412.771s      Reviewed  : 51
16:43:38.922  +1412.797s      Approved  : 0
16:43:38.942  +1412.817s      Resolved  : 0
16:43:38.961  +1412.836s  clash step took   : 79.9 seconds

================================================================
PENETRATION 1A02WN
================================================================
16:43:39.050  +1412.924s  REVIEWED Clash1  in BLD-EL-Conduits & Conduit Fittings-vs-BLD-ST-Foundation  Conduits 21mm through Structural Foundations
16:43:39.067  +1412.943s  
16:43:39.112  +1412.987s  clashes looked at : 77
16:43:39.134  +1413.009s  moved to Reviewed : 1
16:43:39.153  +1413.027s          2  the service is over the size, left alone
16:43:39.175  +1413.049s          0  no size could be read off the service, left alone
16:43:39.216  +1413.091s          0  a person had already set it, left alone
16:43:39.246  +1413.121s          0  both sides a service, left alone
16:43:39.285  +1413.159s         17  both sides a solid, left alone
16:43:39.353  +1413.228s         57  not a service against a solid, left alone
16:43:39.391  +1413.266s  the size in use   : 150mm or under is a penetration, over it stays as it was

================================================================
BY DESIGN 1A02WN
================================================================
16:43:39.559  +1413.434s  
16:43:39.577  +1413.452s  clashes looked at : 77
16:43:39.595  +1413.470s  moved to Reviewed : 0
16:43:39.619  +1413.494s         27  the two sets are not a pair in the file
16:43:39.656  +1413.531s         50  already Reviewed, Approved or Resolved, so somebody decided and it stands
16:43:39.678  +1413.553s          0  the penetration rule already asked for this one, so it moved there
16:43:39.700  +1413.575s          0  a side of the test named no set, so there was no pair to look for
16:43:39.727  +1413.601s  Nothing moved. Every clash is exactly as it was.

================================================================
ITEM IDS 1A02WN
================================================================
16:43:39.816  +1413.691s  Id supplied 154 item ids of 154, written as "Element ID"
16:43:40.000  +1413.875s  IMAGES   numbered in report order: 65 renamed, 12 already right, 0 missing
16:43:40.022  +1413.897s  IMAGES   77 written, 3.64 MB, 3.9 seconds in total.
16:43:40.046  +1413.921s           0.050 seconds each on average, quickest 0.023, slowest 0.151.
16:43:40.150  +1414.024s           48 KB each on average.
16:43:40.197  +1414.072s  CLASH    1A02WN finished. 0 created, 1770 already there, 171 run, 145 passed, 1659 skipped, 77 clashes in 79.9s.
16:43:40.223  +1414.098s  STEP     VIEWS         started
16:43:40.252  +1414.127s  CENSUS   before VIEWS  models 4  sets 62  tests 1830  results 77  views 103
16:43:43.781  +1417.655s  VIEWS    the model each clash item lives in was read for 77 of 77 clash(es) in scope
16:43:43.853  +1417.727s  VIEWS    both clashing items were pointed at for 77 of 77 clash(es) in scope
16:43:43.939  +1417.814s  CENSUS   after  VIEWS  models 4  sets 62  tests 1830  results 77  views 103
16:43:43.972  +1417.847s  STEP     VIEWS         finished 3.705s  0 created, 65 already there.

================================================================
VIEWS 1A02WN
================================================================
16:43:44.131  +1418.005s  clashes looked at : 77
16:43:44.149  +1418.024s  viewpoints planned: 65
16:43:44.167  +1418.042s          0  Approved or Resolved, so nobody is looking at it
16:43:44.186  +1418.061s         12  a service at or under the threshold, which is a penetration and not a coordination item
16:43:44.203  +1418.078s  size could not be read : 0, every one of them is in its pair folder and none was dropped
16:43:44.224  +1418.099s  a set name with no code this tool knows : 2, every one of them is in a folder saying UNKNOWN and none was guessed at

================================================================
VIEWS BUILT 1A02WN
================================================================
16:43:44.394  +1418.268s  VIEW     A/AR vs AR/BLD-AR-Walls-vs-BLD-AR-Floors  Clash1  already there, left alone, not made again
16:43:44.463  +1418.338s  VIEW     A/AR vs AR/BLD-AR-Windows-vs-BLD-AR-Walls  Clash1  already there, left alone, not made again
16:43:44.531  +1418.406s  VIEW     A/AR vs AR/BLD-AR-Windows-vs-BLD-AR-Walls  Clash2  already there, left alone, not made again
16:43:44.566  +1418.441s  VIEW     A/AR vs AR/BLD-AR-Windows-vs-BLD-AR-Walls  Clash3  already there, left alone, not made again
16:43:44.596  +1418.470s  VIEW     A/AR vs AR/BLD-AR-Windows-vs-BLD-AR-Walls  Clash4  already there, left alone, not made again
16:43:44.633  +1418.507s  VIEW     and 60 more created or already there, counted and not listed
16:43:44.718  +1418.593s  
16:43:44.886  +1418.761s  views created     : 0
16:43:44.925  +1418.800s  already there     : 65, left alone, not made again
16:43:44.949  +1418.824s  put into the document: 0 created, 65 already there and left alone
16:43:44.977  +1418.852s  STEP     NWF SAVE      started
16:43:45.022  +1418.898s  CENSUS   before NWF SAVE  models 4  sets 62  tests 1830  results 77  views 103
16:43:45.092  +1418.966s  NWF      attempt  C:\00-NM\Federation Task\C02 + 04\C02\NWF\1104-PAR-1A02WN-ZZZ-BM-MOD-000001.nwf
16:43:45.981  +1419.855s  NWF      written  C:\00-NM\Federation Task\C02 + 04\C02\NWF\1104-PAR-1A02WN-ZZZ-BM-MOD-000001.nwf  913,251 bytes
16:43:46.017  +1419.892s  CENSUS   after  NWF SAVE  models 4  sets 62  tests 1830  results 77  views 103
16:43:46.058  +1419.933s  STEP     NWF SAVE      finished 1.027s  saved 913251 bytes
16:43:46.153  +1420.028s  UNITS    every number converted from ft to m, one ft is 0.3048 m, 1830 tests and 77 rows. The report is written in Meters (m)
16:43:46.249  +1420.124s  STEP     WORKBOOK      started
16:43:46.339  +1420.214s  CENSUS   before WORKBOOK  models 4  sets 62  tests 1830  results 77  views 103
16:43:46.423  +1420.297s  XLSX     attempt  C:\00-NM\Federation Task\C02 + 04\C02\Clash Report\1104-PAR-1A02WN-ZZZ-BM-MOD-000001.xlsx
16:44:11.316  +1445.190s  XLSX     written  C:\00-NM\Federation Task\C02 + 04\C02\Clash Report\1104-PAR-1A02WN-ZZZ-BM-MOD-000001.xlsx  486,819 bytes

================================================================
WORKBOOK CHECK 1A02WN
================================================================
16:44:13.911  +1447.785s  CHECK    1 sheet, "1104-PAR-1A02WN-ZZZ-BM-MOD-0000", 1830 test blocks, 77 clash rows.
16:44:13.932  +1447.806s           the first blocks hold 0, 0, 0, 0, 0, 0, 0, 0 and so on.
16:44:13.953  +1447.828s           Every column, value shape, fill, border, row height and column width matches the client's report, and the blocks are in their order.
16:44:13.972  +1447.847s           Not compared: the font, the sheet name, freeze panes, print setup, merged ranges, and whether a value is true. See docs\history\scan.md 4q.
16:44:14.000  +1447.874s           The client column set was read from clash_report_html_tabular.xsl in the Navisworks install and from the exports in samples\client-report, never from a list typed into this tool.
16:44:14.020  +1447.895s  BLOCKS   1830 in the workbook, one for every test in the file
16:44:14.164  +1448.039s  CENSUS   after  WORKBOOK  models 4  sets 62  tests 1830  results 77  views 103
16:44:14.191  +1448.066s  STEP     WORKBOOK      finished 27.906s  wrote 486819 bytes
16:44:14.212  +1448.087s  STEP     HTML          started
16:44:14.241  +1448.116s  CENSUS   before HTML  models 4  sets 62  tests 1830  results 77  views 103
16:44:14.307  +1448.181s  HTML     attempt  C:\00-NM\Federation Task\C02 + 04\C02\Clash Report\1104-PAR-1A02WN-ZZZ-BM-MOD-000001.html
16:44:14.336  +1448.211s  LOGO     C:\Program Files\Autodesk\Navisworks Manage 2025\Images\logo.jpg copied into C:\00-NM\Federation Task\C02 + 04\C02\Clash Report\1104-PAR-1A02WN-ZZZ-BM-MOD-000001_files
16:44:14.567  +1448.441s  HTML     written  C:\00-NM\Federation Task\C02 + 04\C02\Clash Report\1104-PAR-1A02WN-ZZZ-BM-MOD-000001.html  3,938,327 bytes

================================================================
REPORT CHECK 1A02WN
================================================================
16:44:15.203  +1449.077s  CHECK    77 clash rows on the page.
16:44:15.229  +1449.104s           Item ID filled on 77 of 77 for item 1 and 77 of 77 for item 2.
16:44:15.253  +1449.128s           the first one reads Element ID: 1144423
16:44:15.276  +1449.150s           no column the client's report does not have.
16:44:15.319  +1449.194s           the tolerance cell reads 0.025m
16:44:15.369  +1449.245s           77 picture references, 77 with a backslash, 77 on disk.
16:44:15.405  +1449.280s           the logo is 1104-PAR-1A02WN-ZZZ-BM-MOD-000001_files\logo.jpg and it is on disk.
16:44:15.435  +1449.309s           The tests are in the wrong order. Block 15 holds 0 clashes and block 16 holds 1. The client's report puts the most clashes first, so a reader is not scrolling past empty tests.
16:44:15.493  +1449.368s           The client column set was read from clash_report_html_tabular.xsl in the Navisworks install and from the exports in samples\client-report, never from a list typed into this tool.
16:44:15.577  +1449.452s  CENSUS   after  HTML  models 4  sets 62  tests 1830  results 77  views 103
16:44:15.603  +1449.478s  STEP     HTML          finished 1.357s  wrote 3938327 bytes
16:44:15.629  +1449.504s  XML      skipped  not wanted this run
16:44:15.651  +1449.525s  STEP     NWD           started
16:44:15.713  +1449.588s  CENSUS   before NWD  models 4  sets 62  tests 1830  results 77  views 103
16:44:15.787  +1449.662s  NWD      attempt  C:\00-NM\Federation Task\C02 + 04\C02\NWD\1104-PAR-1A02WN-ZZZ-BM-MOD-000001.nwd
16:44:15.821  +1449.700s  NWD      publish properties set: Title=1104-PAR-1A02WN-ZZZ-BM-MOD-000001, Publisher=Parsons NWC Federator, Subject=Federation of building 1A02WN, Author=bader, AllowResave=true, EmbedDatabaseProperties=true, PreventObjectPropertyExport=false
16:44:16.536  +1450.414s  NWD      written  C:\00-NM\Federation Task\C02 + 04\C02\NWD\1104-PAR-1A02WN-ZZZ-BM-MOD-000001.nwd  1,707,268 bytes
16:44:16.572  +1450.451s  CENSUS   after  NWD  models 4  sets 62  tests 1830  results 77  views 103
16:44:16.625  +1450.500s  STEP     NWD           finished 0.912s  published 1707268 bytes
16:44:16.654  +1450.530s  STEP     CONFIRM       started
16:44:16.686  +1450.565s  CENSUS   before CONFIRM  models 4  sets 62  tests 1830  results 77  views 103
16:44:16.763  +1450.644s  NWF      intact   C:\00-NM\Federation Task\C02 + 04\C02\NWF\1104-PAR-1A02WN-ZZZ-BM-MOD-000001.nwf  913,251 bytes, unchanged by publishing the NWD
16:44:16.795  +1450.675s  CENSUS   after  CONFIRM  models 4  sets 62  tests 1830  results 77  views 103
16:44:16.825  +1450.700s  STEP     CONFIRM       finished 0.136s  the NWF is 913251 bytes

================================================================
GAP 1A02WN
================================================================
16:44:16.942  +1450.817s  4 numbers are measured off every item and reach no output. Nothing here is a fault and nothing acts on it
16:44:17.015  +1450.895s  Family              154 of 154 item cells carry it  it would belong in a workbook column of ours, which is Q25
16:44:17.039  +1450.915s  Type Name           154 of 154 item cells carry it  it would belong in a workbook column of ours, which is Q25
16:44:17.071  +1450.946s  Material            131 of 154 item cells carry it  it would belong in a workbook column of ours, which is Q25
16:44:17.095  +1450.970s  Id From             154 of 154 item cells carry it  the ITEM IDS block counts it per property and no output names it per item
16:44:17.136  +1451.014s  STEP     TESTS RUN     171 visits, 56.454s in total
16:44:17.163  +1451.038s  STEP     HARVEST       171 visits, 9.598s in total
16:44:17.184  +1451.058s  STEP     IMAGES        77 visits, 4.007s in total
16:44:17.254  +1451.132s  CENSUS   cost 0.299s over 24 counts in this group. That is inside the 1.000s a group is allowed
16:44:17.268  +1451.151s  GROUP    finished 1A02WN  DONE  126.576s  Weekly run plus XML

================================================================
TIMING 1A02WN
================================================================
16:44:17.395  +1451.273s  TESTS RUN                56.454s   44.6%  171 visits
16:44:17.516  +1451.395s  WORKBOOK                 27.906s   22.0%
16:44:17.563  +1451.438s  HARVEST                   9.598s    7.6%  171 visits
16:44:17.586  +1451.460s  VIEWS                     3.705s    2.9%
16:44:17.602  +1451.482s  SETS                      1.507s    1.2%
16:44:17.623  +1451.505s  DECIDE                    1.478s    1.2%
16:44:17.661  +1451.536s  HTML                      1.357s    1.1%
16:44:17.697  +1451.572s  NWF SAVE                  1.027s    0.8%
16:44:17.795  +1451.673s  NWD                       0.912s    0.7%
16:44:17.839  +1451.716s  UNITS                     0.173s    0.1%
16:44:17.868  +1451.743s  CONFIRM                   0.136s    0.1%
16:44:17.906  +1451.789s  outside every step       22.321s   17.6%
16:44:17.986  +1451.860s  
16:44:18.024  +1451.899s  group total             126.576s
16:44:18.041  +1451.924s  outside every step is the work between them and the work nothing times yet
16:44:18.158  +1452.033s  
16:44:18.189  +1452.064s  inside another step, so these seconds are already counted above
16:44:18.221  +1452.096s  IMAGES                    4.007s    3.2%  77 visits
16:44:18.269  +1452.144s  GROUP    started  1A02WO  4 files
                          file     : C:\00-NM\Federation Task\C02 + 04\C02\NWC\1104-PAR-1A02WO-ZZZ-AR-MOD-000001.nwc
                          file     : C:\00-NM\Federation Task\C02 + 04\C02\NWC\1104-PAR-1A02WO-ZZZ-EL-MOD-000001.nwc
                          file     : C:\00-NM\Federation Task\C02 + 04\C02\NWC\1104-PAR-1A02WO-ZZZ-ME-MOD-000001.nwc
                          file     : C:\00-NM\Federation Task\C02 + 04\C02\NWC\1104-PAR-1A02WO-ZZZ-ST-MOD-000001.nwc
16:44:18.466  +1452.343s  CLEAR    the document, at the top of 1A02WO, before Decide
16:44:18.553  +1452.428s  CENSUS CLEAR  the document was emptied and every count read zero
16:44:18.567  +1452.452s  STEP     DECIDE        started
16:44:18.605  +1452.480s  CENSUS   before DECIDE  models 0  sets 0  tests 0  results 0  views 0
16:44:18.708  +1452.583s  OPEN     reading the file list out of C:\00-NM\Federation Task\C02 + 04\C02\NWF\1104-PAR-1A02WO-ZZZ-BM-MOD-000001.nwf
16:44:19.991  +1453.865s  LOADING  the NWF reported 4 models after 0.880s, steady over 3 reads 0.250s apart, over 3 readings in all
16:44:20.027  +1453.902s  LOADING  the scene loaded event fired 4 times, first at 0.0s and last at 0.1s after the open began, and the open returned at 0.4s
16:44:20.077  +1453.952s           holds   C:\00-NM\Federation Task\C02 + 04\C02\NWC\1104-PAR-1A02WO-ZZZ-AR-MOD-000001.nwc   [source Autodesk Docs://KSA_New Murabba/1104-PAR-1A02WO-ZZZ-AR-MOD-000001.rvt, file C:\00-NM\Federation Task\C02 + 04\C02\NWC\1104-PAR-1A02WO-ZZZ-AR-MOD-000001.nwc]
16:44:20.134  +1454.008s           holds   C:\00-NM\Federation Task\C02 + 04\C02\NWC\1104-PAR-1A02WO-ZZZ-EL-MOD-000001.nwc   [source Autodesk Docs://KSA_New Murabba/1104-PAR-1A02WO-ZZZ-El-MOD-000001.rvt, file C:\00-NM\Federation Task\C02 + 04\C02\NWC\1104-PAR-1A02WO-ZZZ-EL-MOD-000001.nwc]
16:44:20.177  +1454.051s           holds   C:\00-NM\Federation Task\C02 + 04\C02\NWC\1104-PAR-1A02WO-ZZZ-ME-MOD-000001.nwc   [source Autodesk Docs://KSA_New Murabba/1104-PAR-1A02WO-ZZZ-ME-MOD-000001.rvt, file C:\00-NM\Federation Task\C02 + 04\C02\NWC\1104-PAR-1A02WO-ZZZ-ME-MOD-000001.nwc]
16:44:20.210  +1454.084s           holds   C:\00-NM\Federation Task\C02 + 04\C02\NWC\1104-PAR-1A02WO-ZZZ-ST-MOD-000001.nwc   [source Autodesk Docs://KSA_New Murabba/1104-PAR-1A02WO-ZZZ-ST-MOD-000001.rvt, file C:\00-NM\Federation Task\C02 + 04\C02\NWC\1104-PAR-1A02WO-ZZZ-ST-MOD-000001.nwc]
16:44:20.302  +1454.177s  CENSUS   after  DECIDE  models 4  sets 62  tests 1830  results 69  views 93
16:44:20.461  +1454.336s  STEP     DECIDE        finished 1.717s  Weekly run plus XML
16:44:20.618  +1454.493s  OPENED   C:\00-NM\Federation Task\C02 + 04\C02\NWF\1104-PAR-1A02WO-ZZZ-BM-MOD-000001.nwf
16:44:20.656  +1454.532s           the file list matches the scan, 4 files, so it was not cleared and nothing was re-appended
16:44:20.690  +1454.565s  NWF      reused   C:\00-NM\Federation Task\C02 + 04\C02\NWF\1104-PAR-1A02WO-ZZZ-BM-MOD-000001.nwf  986,849 bytes
16:44:20.741  +1454.615s  STEP     UNITS         started
16:44:20.795  +1454.670s  CENSUS   before UNITS  models 4  sets 62  tests 1830  results 69  views 93
16:44:21.083  +1454.958s  UNITS    the document is in Feet (ft) and the report needs Meters (m). Setting every model.
16:44:21.107  +1454.983s  UNITS    4 models set, 0 that would not, document shows Feet (ft). Every report number is converted to Meters (m) before it is written, so the report is metric whatever this says.
16:44:21.175  +1455.050s  CENSUS   after  UNITS  models 4  sets 62  tests 1830  results 69  views 93
16:44:21.393  +1455.267s  STEP     UNITS         finished 0.388s  the document was asked for Meters

================================================================
ALIGNMENT 1A02WO
================================================================
16:44:21.622  +1455.497s  AR  1104-PAR-1A02WO-ZZZ-AR-MOD-000001.nwc is the reference
16:44:21.651  +1455.526s     AR  1104-PAR-1A02WO-ZZZ-AR-MOD-000001.nwc   reference, shared coordinate "IRPS-SharedCoordinate"
16:44:21.693  +1455.567s     EL  1104-PAR-1A02WO-ZZZ-EL-MOD-000001.nwc   DIFFERENT  dx -31461.4 mm  dy -4761.7 mm  dz 0 mm, shared coordinate "BUL_0004_SharedCoordiante"
16:44:21.748  +1455.623s        ask the EL originator to re-export on the project shared coordinates
16:44:21.799  +1455.674s     ME  1104-PAR-1A02WO-ZZZ-ME-MOD-000001.nwc   DIFFERENT  dx 4350 mm  dy 349.64 mm  dz 0 mm, shared coordinate "PW2_Shared_Location"
16:44:21.849  +1455.723s        ask the ME originator to re-export on the project shared coordinates
16:44:21.957  +1455.832s     ST  1104-PAR-1A02WO-ZZZ-ST-MOD-000001.nwc   DIFFERENT  dx 0 mm  dy -0.36 mm  dz 150 mm, shared coordinate "ST_PW2_GUARD HOUSE"
16:44:22.050  +1455.925s        ask the ST originator to re-export on the project shared coordinates
16:44:22.184  +1456.059s  3 of 4 model(s) sit somewhere the reference does not. Nothing is changed and the run goes on.
16:44:22.249  +1456.124s  this group names 4 different shared coordinates: BUL_0004_SharedCoordiante, IRPS-SharedCoordinate, PW2_Shared_Location, ST_PW2_GUARD HOUSE

================================================================
EXPORT CHECK 1A02WO
================================================================
16:44:22.658  +1456.532s     AR  1104-PAR-1A02WO-ZZZ-AR-MOD-000001.nwc   elements 56   worksets 3   element id 100%
16:44:22.690  +1456.564s     EL  1104-PAR-1A02WO-ZZZ-EL-MOD-000001.nwc   elements 28   worksets 6   element id 100%
16:44:22.725  +1456.600s     ME  1104-PAR-1A02WO-ZZZ-ME-MOD-000001.nwc   elements 311   worksets 6   element id 100%
16:44:22.750  +1456.625s     ST  1104-PAR-1A02WO-ZZZ-ST-MOD-000001.nwc   elements 23   worksets 2   element id 100%
16:44:22.778  +1456.653s  all 4 model(s) carry a workset on every element and an element id on every element
16:44:22.803  +1456.678s  worksets seen: AR-INTERIOR, AR-EXTERIOR, AR-FFE FURNITURE, EL-Fire alarm, EL-Lighting, EL-Lightning Protection, EV-IT, EL-Power, EL-Containment, PL-Drainage, and 7 more, counted and not listed
16:44:22.833  +1456.708s     check these against the workset each set in the matrix asks for. The match is CASE SENSITIVE, so ME-Ductwork does not match ME-DUCTWORK and that set finds nothing
16:44:22.860  +1456.735s  2 pair(s) of workset names are close enough to be one word typed twice. NOTHING IS MERGED: a person reads these and fixes the models, because two of them in this project are real worksets one letter apart and no rule can tell which is which
16:44:22.900  +1456.774s     "AR-EXTERIOR" in 1104-PAR-1A02WO-ZZZ-AR-MOD-000001.nwc   against   "AR-INTERIOR" in 1104-PAR-1A02WO-ZZZ-AR-MOD-000001.nwc   ONE OR TWO LETTERS APART, so this may be a typo
16:44:22.984  +1456.859s     "ST-SUB" in 1104-PAR-1A02WO-ZZZ-ST-MOD-000001.nwc   against   "ST-SUP" in 1104-PAR-1A02WO-ZZZ-ST-MOD-000001.nwc   ONE OR TWO LETTERS APART, so this may be a typo
16:44:23.049  +1456.924s  CLASH    source   tests from XML, the picked file holds 61 sets and 1830 tests
16:44:23.075  +1456.950s  STEP     SETS          started
16:44:23.125  +1456.999s  CENSUS   before SETS  models 4  sets 62  tests 1830  results 69  views 93
16:44:23.419  +1457.293s  SETS     1A02WO, 61 to build, 0 skipped
16:44:23.437  +1457.311s  SET      ran against C:\00-NM\Federation Task\C02 + 04\C02\NWF\1104-PAR-1A02WO-ZZZ-BM-MOD-000001.nwf  (4 models loaded)
16:44:23.464  +1457.338s  SET      present lcop_selection_set_tree/Architecture/BLD-AR-Floors  2 conditions  6 items  already there, left alone
16:44:23.493  +1457.368s  SET      present lcop_selection_set_tree/Architecture/BLD-AR-Stairs  2 conditions  0 items  already there, left alone
16:44:23.521  +1457.396s  SET      present lcop_selection_set_tree/Architecture/BLD-AR-Ramps  1 condition  0 items  already there, left alone
16:44:23.563  +1457.437s  SET      present lcop_selection_set_tree/Architecture/BLD-AR-Roofs  1 condition  0 items  already there, left alone
16:44:23.625  +1457.500s  SET      present lcop_selection_set_tree/Architecture/BLD-AR-Ceilings  1 condition  0 items  already there, left alone
16:44:23.647  +1457.521s  SET      present lcop_selection_set_tree/Architecture/BLD-AR-Columns  1 condition  0 items  already there, left alone
16:44:23.675  +1457.550s  SET      present lcop_selection_set_tree/Architecture/BLD-AR-Walls  2 conditions  42 items  already there, left alone
16:44:23.701  +1457.575s  SET      present lcop_selection_set_tree/Architecture/BLD-AR-Windows  1 condition  3 items  already there, left alone
16:44:23.723  +1457.599s  SET      present lcop_selection_set_tree/Architecture/BLD-AR-Curtain Panels  1 condition  0 items  already there, left alone
16:44:23.749  +1457.624s  SET      present lcop_selection_set_tree/Architecture/BLD-AR-Curtain Mullions  1 condition  0 items  already there, left alone
16:44:23.779  +1457.654s  SET      present lcop_selection_set_tree/Architecture/BLD-AR-Doors  1 condition  2 items  already there, left alone
16:44:23.822  +1457.696s  SET      present lcop_selection_set_tree/Architecture/BLD-AR-Casework  1 condition  0 items  already there, left alone
16:44:23.850  +1457.725s  SET      present lcop_selection_set_tree/Architecture/BLD-AR-Furniture  1 condition  1 item  already there, left alone
16:44:23.886  +1457.760s  SET      present lcop_selection_set_tree/Architecture/BLD-AR-Parking  1 condition  0 items  already there, left alone
16:44:23.910  +1457.785s  SET      present lcop_selection_set_tree/Architecture/BLD-AR-Railings  1 condition  0 items  already there, left alone
16:44:23.949  +1457.824s  SET      present lcop_selection_set_tree/Architecture/BLD-AR-Site  1 condition  0 items  already there, left alone
16:44:24.007  +1457.881s  SET      present lcop_selection_set_tree/Structure/BLD-ST-Foundation  1 condition  4 items  already there, left alone
16:44:24.060  +1457.935s  SET      present lcop_selection_set_tree/Structure/BLD-ST-Columns  1 condition  8 items  already there, left alone
16:44:24.106  +1457.981s  SET      present lcop_selection_set_tree/Structure/BLD-ST-Framing  1 condition  8 items  already there, left alone
16:44:24.156  +1458.030s  SET      present lcop_selection_set_tree/Structure/BLD-ST-Walls  2 conditions  0 items  already there, left alone
16:44:24.193  +1458.068s  SET      present lcop_selection_set_tree/Structure/BLD-ST-Floors  2 conditions  3 items  already there, left alone
16:44:24.229  +1458.103s  SET      present lcop_selection_set_tree/Structure/BLD-ST-Stair  2 conditions  0 items  already there, left alone
16:44:24.505  +1458.381s  SET      present lcop_selection_set_tree/Mechanical/Mechanical-HVAC/BLD-ME-Ducts&Duct Fittings  4 conditions  0 items  already there, left alone
16:44:24.539  +1458.414s  SET      present lcop_selection_set_tree/Mechanical/Mechanical-HVAC/BLD-ME-Duct Accessory  2 conditions  0 items  already there, left alone
16:44:24.556  +1458.442s  SET      present lcop_selection_set_tree/Mechanical/Mechanical-HVAC/BLD-ME-Mechanical Equipment  2 conditions  0 items  already there, left alone
16:44:24.601  +1458.479s  SET      present lcop_selection_set_tree/Mechanical/Mechanical-HVAC/BLD-ME-Flex Ducts  2 conditions  0 items  already there, left alone
16:44:24.616  +1458.505s  SET      present lcop_selection_set_tree/Mechanical/Mechanical-HVAC/BLD-ME-Air Terminals  2 conditions  0 items  already there, left alone
16:44:24.664  +1458.547s  SET      present lcop_selection_set_tree/Mechanical/Mechanical-HVAC/BLD-ME-Pipes&Pipe Fittings  4 conditions  0 items  already there, left alone
16:44:24.713  +1458.588s  SET      present lcop_selection_set_tree/Mechanical/Mechanical-HVAC/BLD-ME-Pipe Accessories  2 conditions  0 items  already there, left alone
16:44:24.740  +1458.615s  SET      present lcop_selection_set_tree/Mechanical/Mechanical-HVAC/BLD-ME-Plumbing Fixtures  2 conditions  0 items  already there, left alone
16:44:24.817  +1458.696s  SET      present lcop_selection_set_tree/Mechanical/Mechanical-HVAC/BLD-ME-Flex Pipes  2 conditions  0 items  already there, left alone
16:44:24.850  +1458.728s  SET      present lcop_selection_set_tree/Mechanical/Mechanical-Fire Fighting/BLD-FF-Mechanical Equipment  2 conditions  0 items  already there, left alone
16:44:24.888  +1458.762s  SET      present lcop_selection_set_tree/Mechanical/Mechanical-Fire Fighting/BLD-FF-Pipes & Pipe Fittings  4 conditions  0 items  already there, left alone
16:44:24.919  +1458.793s  SET      present lcop_selection_set_tree/Mechanical/Mechanical-Fire Fighting/BLD-FF-Pipe Accessories  2 conditions  0 items  already there, left alone
16:44:24.943  +1458.818s  SET      present lcop_selection_set_tree/Mechanical/Mechanical-Fire Fighting/BLD-FF-Pipe Insulations  2 conditions  0 items  already there, left alone
16:44:24.967  +1458.842s  SET      present lcop_selection_set_tree/Mechanical/Mechanical-Fire Fighting/BLD-FF-Plumbing Fixtures  2 conditions  0 items  already there, left alone
16:44:24.999  +1458.874s  SET      present lcop_selection_set_tree/Mechanical/Mechanical-Fire Fighting/BLD-FF-Sprinklers  2 conditions  0 items  already there, left alone
16:44:25.026  +1458.901s  SET      present lcop_selection_set_tree/Mechanical/Mechanical-Water Supply/BLD-PL-Mechanical Equipment  2 conditions  0 items  already there, left alone
16:44:25.067  +1458.942s  SET      present lcop_selection_set_tree/Mechanical/Mechanical-Water Supply/BLD-PL-Pipes & Pipe Fittings  4 conditions  0 items  already there, left alone
16:44:25.090  +1458.964s  SET      present lcop_selection_set_tree/Mechanical/Mechanical-Water Supply/BLD-PL-Pipe Accessories  2 conditions  0 items  already there, left alone
16:44:25.117  +1458.991s  SET      present lcop_selection_set_tree/Mechanical/Mechanical-Water Supply/BLD-PL-Pipe Insulations  2 conditions  0 items  already there, left alone
16:44:25.149  +1459.024s  SET      present lcop_selection_set_tree/Mechanical/Mechanical-Water Supply/BLD-PL-Plumbing Fixtures  2 conditions  0 items  already there, left alone
16:44:25.176  +1459.051s  SET      present lcop_selection_set_tree/Mechanical/Mechanical-Drainage/BLD-DR-Mechanical Equipment  2 conditions  0 items  already there, left alone
16:44:25.203  +1459.077s  SET      present lcop_selection_set_tree/Mechanical/Mechanical-Drainage/BLD-DR-Pipes & Pipe Fittings  4 conditions  72 items  already there, left alone
16:44:25.225  +1459.100s  SET      present lcop_selection_set_tree/Mechanical/Mechanical-Drainage/BLD-DR-Pipe Accessories  2 conditions  0 items  already there, left alone
16:44:25.249  +1459.124s  SET      present lcop_selection_set_tree/Mechanical/Mechanical-Drainage/BLD-DR-Pipe Insulations  2 conditions  0 items  already there, left alone
16:44:25.343  +1459.218s  SET      present lcop_selection_set_tree/Mechanical/Mechanical-Drainage/BLD-DR-Plumbing Fixtures  2 conditions  1 item  already there, left alone
16:44:25.394  +1459.268s  SET      present lcop_selection_set_tree/Electrical/BLD-EL-Cable Tray&Cable Tray Fittings  1 condition  0 items  already there, left alone
16:44:25.414  +1459.288s  SET      present lcop_selection_set_tree/Electrical/BLD-EL-Electrical Equipment  1 condition  3 items  already there, left alone
16:44:25.437  +1459.312s  SET      present lcop_selection_set_tree/Electrical/BLD-EL-Electrical Fixtures  1 condition  8 items  already there, left alone
16:44:25.478  +1459.353s  SET      present lcop_selection_set_tree/Electrical/BLD-EL-Conduits & Conduit Fittings  1 condition  4 items  already there, left alone
16:44:25.513  +1459.387s  SET      present lcop_selection_set_tree/Electrical/BLD-EL-Devices  7 conditions  8 items  already there, left alone
16:44:25.540  +1459.415s  SET      present lcop_selection_set_tree/Electrical/BLD-EL-Lighting Fixtures  1 condition  5 items  already there, left alone
16:44:25.564  +1459.439s  SET      present lcop_selection_set_tree/Electrical/BLD-EL-Lighting Devices  1 condition  2 items  already there, left alone
16:44:25.597  +1459.472s  SET      present lcop_selection_set_tree/Electrical/BLD-EL-Fire Alarm Devices  1 condition  3 items  already there, left alone
16:44:25.636  +1459.511s  SET      present lcop_selection_set_tree/Electrical/BLD-EL-Telecom Equipment  1 condition  0 items  already there, left alone
16:44:25.666  +1459.540s  SET      present lcop_selection_set_tree/Electrical/BLD-EL-Telecom Fixtures  1 condition  0 items  already there, left alone
16:44:25.695  +1459.570s  SET      present lcop_selection_set_tree/Electrical/BLD-Security Devices  1 condition  1 item  already there, left alone
16:44:25.731  +1459.606s  SET      present lcop_selection_set_tree/Electrical/BLD-EL-Communication Devices  1 condition  0 items  already there, left alone
16:44:25.756  +1459.631s  SET      present lcop_selection_set_tree/Electrical/BLD-EL-Telephone Devices  1 condition  0 items  already there, left alone
16:44:25.792  +1459.666s  SET      present lcop_selection_set_tree/Electrical/BLD-EL-Data Devices  1 condition  2 items  already there, left alone
16:44:25.840  +1459.715s  SETS     1A02WO put into the document: 0 created, 61 already there and left alone
16:44:25.894  +1459.769s  CENSUS   after  SETS  models 4  sets 62  tests 1830  results 69  views 93
16:44:26.013  +1459.888s  STEP     SETS          finished 2.795s  0 created, 61 already there, 0 finding items, 0 at zero.
16:44:26.066  +1459.940s  CLASH    1A02WO, 1830 in the file, 1830 to create, 0 skipped before the model
16:44:26.100  +1459.974s  OUTPUTS  workbook on, XML off, HTML on, images on
16:44:26.132  +1460.007s  CLASH    Images on, 1024 by 1024 pixels, New, Active, Reviewed only, no cap per test, linked rather than pasted in.
16:44:26.154  +1460.029s  CLASH    ran against C:\00-NM\Federation Task\C02 + 04\C02\NWF\1104-PAR-1A02WO-ZZZ-BM-MOD-000001.nwf  (4 models loaded)
16:44:26.178  +1460.053s  CLASH    the document measures in ft, every tolerance was converted into it
16:44:26.205  +1460.080s  CLASH    the document holds 62 sets and the tests name 61 sets
16:44:26.261  +1460.135s  CLASH    the document already holds 1830 clash tests, they keep their results and are not recreated
16:44:26.509  +1460.384s  CLASH    counted the items of 61 sets for the creation plan in 0.0001441s
16:44:26.523  +1460.397s  CLASH 1830 in the file, 0 created, 60 not created, a side finds nothing
16:44:26.539  +1460.414s  CLASH    SKIPPED  BLD-DR-Pipe Accessories-vs-BLD-AR-Floors  the left side "lcop_selection_set_tree/Mechanical/Mechanical-Drainage/BLD-DR-Pipe Accessories" finds nothing in this model, the right finds 6
16:44:26.565  +1460.440s  CLASH    SKIPPED  BLD-DR-Pipe Accessories-vs-BLD-AR-Stairs  both sides find nothing in this model, left "lcop_selection_set_tree/Mechanical/Mechanical-Drainage/BLD-DR-Pipe Accessories" and right "lcop_selection_set_tree/Architecture/BLD-AR-Stairs"
16:44:26.587  +1460.461s  CLASH    SKIPPED  BLD-DR-Pipe Accessories-vs-BLD-AR-Ramps  both sides find nothing in this model, left "lcop_selection_set_tree/Mechanical/Mechanical-Drainage/BLD-DR-Pipe Accessories" and right "lcop_selection_set_tree/Architecture/BLD-AR-Ramps"
16:44:26.617  +1460.492s  CLASH    SKIPPED  BLD-DR-Pipe Accessories-vs-BLD-AR-Roofs  both sides find nothing in this model, left "lcop_selection_set_tree/Mechanical/Mechanical-Drainage/BLD-DR-Pipe Accessories" and right "lcop_selection_set_tree/Architecture/BLD-AR-Roofs"
16:44:26.649  +1460.524s  CLASH    SKIPPED  BLD-DR-Pipe Accessories-vs-BLD-AR-Ceilings  both sides find nothing in this model, left "lcop_selection_set_tree/Mechanical/Mechanical-Drainage/BLD-DR-Pipe Accessories" and right "lcop_selection_set_tree/Architecture/BLD-AR-Ceilings"
16:44:26.727  +1460.601s  CLASH    further skips for "a side finds nothing in this model" are counted, not listed. The block at the end carries the total.
16:44:26.794  +1460.668s  CLASH    OLD      BLD-AR-Walls-vs-BLD-AR-Floors  Navisworks has this test marked Old.
16:44:26.863  +1460.737s  STEP     TESTS RUN     started
16:44:26.915  +1460.789s  CENSUS   before TESTS RUN  models 4  sets 62  tests 1830  results 69  views 93
16:44:27.777  +1461.652s  CENSUS   after  TESTS RUN  models 4  sets 62  tests 1830  results 69  views 93
16:44:27.964  +1461.839s  STEP     TESTS RUN     finished 0.887s  BLD-AR-Walls-vs-BLD-AR-Floors
16:44:28.709  +1462.583s  STEP     HARVEST       started
16:44:29.138  +1463.012s  CENSUS   before HARVEST  models 4  sets 62  tests 1830  results 69  views 93
16:44:29.610  +1463.485s  STEP       IMAGES        started
16:44:29.706  +1463.581s  CENSUS   before IMAGES  models 4  sets 62  tests 1830  results 69  views 93
16:44:29.895  +1463.770s  CENSUS   after  IMAGES  models 4  sets 62  tests 1830  results 69  views 93
16:44:30.061  +1463.935s  STEP       IMAGES        finished 0.229s  BLD-AR-Walls-vs-BLD-AR-Floors
16:44:30.144  +1464.019s  STEP     IMAGES        entered again. Every further visit in this group is counted, not written out
16:44:30.895  +1464.770s  CENSUS   after  HARVEST  models 4  sets 62  tests 1830  results 69  views 93
16:44:30.941  +1464.816s  STEP     HARVEST       finished 2.180s  BLD-AR-Walls-vs-BLD-AR-Floors
16:44:31.402  +1465.279s  CLASH    OLD      BLD-AR-Windows-vs-BLD-AR-Floors  Navisworks has this test marked Old.
16:44:31.418  +1465.303s  STEP     TESTS RUN     entered again. Every further visit in this group is counted, not written out
16:44:31.958  +1465.833s  STEP     HARVEST       entered again. Every further visit in this group is counted, not written out
16:44:32.017  +1465.892s  CLASH    25 of 1770 tests, 2 run, 82 skipped, 7 clashes so far
16:44:32.043  +1465.920s  CLASH    OLD      BLD-AR-Windows-vs-BLD-AR-Walls  Navisworks has this test marked Old.
16:44:33.795  +1467.670s  CLASH    OLD      BLD-AR-Doors-vs-BLD-AR-Floors  Navisworks has this test marked Old.
16:44:36.769  +1470.644s  CLASH    50 of 1770 tests, 4 run, 105 skipped, 11 clashes so far
16:44:36.844  +1470.719s  CLASH    OLD      BLD-AR-Doors-vs-BLD-AR-Walls  Navisworks has this test marked Old.
16:44:37.839  +1471.714s  CLASH    OLD      BLD-AR-Doors-vs-BLD-AR-Windows  Navisworks has this test marked Old.
16:44:38.451  +1472.325s  CLASH    OLD      BLD-AR-Furniture-vs-BLD-AR-Floors  Navisworks has this test marked Old.
16:44:38.933  +1472.807s  CLASH    OLD      BLD-AR-Furniture-vs-BLD-AR-Walls  Navisworks has this test marked Old.
16:44:40.005  +1473.880s  CLASH    OLD      BLD-AR-Furniture-vs-BLD-AR-Windows  Navisworks has this test marked Old.
16:44:40.749  +1474.623s  CLASH    75 of 1770 tests, 9 run, 125 skipped, 18 clashes so far
16:44:40.786  +1474.660s  CLASH    OLD      BLD-AR-Furniture-vs-BLD-AR-Doors  Navisworks has this test marked Old.
16:44:41.294  +1475.170s  CLASH    100 of 1770 tests, 10 run, 149 skipped, 18 clashes so far
16:44:41.323  +1475.198s  CLASH    OLD      BLD-ST-Foundation-vs-BLD-AR-Floors  Navisworks has this test marked Old.
16:44:41.734  +1475.608s  CLASH    125 of 1770 tests, 11 run, 173 skipped, 18 clashes so far
16:44:41.736  +1475.620s  CLASH    OLD      BLD-ST-Foundation-vs-BLD-AR-Walls  Navisworks has this test marked Old.
16:44:42.317  +1476.192s  CLASH    OLD      BLD-ST-Foundation-vs-BLD-AR-Windows  Navisworks has this test marked Old.
16:44:42.695  +1476.570s  CLASH    OLD      BLD-ST-Foundation-vs-BLD-AR-Doors  Navisworks has this test marked Old.
16:44:43.402  +1477.277s  CLASH    OLD      BLD-ST-Foundation-vs-BLD-AR-Furniture  Navisworks has this test marked Old.
16:44:43.931  +1477.806s  CLASH    OLD      BLD-ST-Columns-vs-BLD-AR-Floors  Navisworks has this test marked Old.
16:44:45.349  +1479.227s  CLASH    OLD      BLD-ST-Columns-vs-BLD-AR-Walls  Navisworks has this test marked Old.
16:44:45.834  +1479.709s  CLASH    OLD      BLD-ST-Columns-vs-BLD-AR-Windows  Navisworks has this test marked Old.
16:44:46.367  +1480.242s  CLASH    OLD      BLD-ST-Columns-vs-BLD-AR-Doors  Navisworks has this test marked Old.
16:44:46.868  +1480.748s  CLASH    OLD      BLD-ST-Columns-vs-BLD-AR-Furniture  Navisworks has this test marked Old.
16:44:47.384  +1481.259s  CLASH    150 of 1770 tests, 20 run, 189 skipped, 22 clashes so far
16:44:47.408  +1481.289s  CLASH    OLD      BLD-ST-Columns-vs-BLD-ST-Foundation  Navisworks has this test marked Old.
16:44:47.935  +1481.810s  CLASH    OLD      BLD-ST-Framing-vs-BLD-AR-Floors  Navisworks has this test marked Old.
16:44:48.319  +1482.194s  CLASH    OLD      BLD-ST-Framing-vs-BLD-AR-Walls  Navisworks has this test marked Old.
16:44:49.309  +1483.185s  CLASH    OLD      BLD-ST-Framing-vs-BLD-AR-Windows  Navisworks has this test marked Old.
16:44:49.942  +1483.817s  CLASH    OLD      BLD-ST-Framing-vs-BLD-AR-Doors  Navisworks has this test marked Old.
16:44:50.352  +1484.228s  CLASH    OLD      BLD-ST-Framing-vs-BLD-AR-Furniture  Navisworks has this test marked Old.
16:44:50.796  +1484.670s  CLASH    OLD      BLD-ST-Framing-vs-BLD-ST-Foundation  Navisworks has this test marked Old.
16:44:51.185  +1485.060s  CLASH    OLD      BLD-ST-Framing-vs-BLD-ST-Columns  Navisworks has this test marked Old.
16:44:51.833  +1485.708s  CLASH    175 of 1770 tests, 28 run, 206 skipped, 26 clashes so far
16:44:51.850  +1485.728s  CLASH    OLD      BLD-ST-Floors-vs-BLD-AR-Floors  Navisworks has this test marked Old.
16:44:52.434  +1486.308s  CLASH    OLD      BLD-ST-Floors-vs-BLD-AR-Walls  Navisworks has this test marked Old.
16:44:54.787  +1488.668s  CLASH    OLD      BLD-ST-Floors-vs-BLD-AR-Windows  Navisworks has this test marked Old.
16:44:55.168  +1489.043s  CLASH    200 of 1770 tests, 31 run, 228 skipped, 46 clashes so far
16:44:55.200  +1489.076s  CLASH    OLD      BLD-ST-Floors-vs-BLD-AR-Doors  Navisworks has this test marked Old.
16:44:55.628  +1489.502s  CLASH    OLD      BLD-ST-Floors-vs-BLD-AR-Furniture  Navisworks has this test marked Old.
16:44:56.080  +1489.955s  CLASH    OLD      BLD-ST-Floors-vs-BLD-ST-Foundation  Navisworks has this test marked Old.
16:44:56.617  +1490.492s  CLASH    OLD      BLD-ST-Floors-vs-BLD-ST-Columns  Navisworks has this test marked Old.
16:44:56.977  +1490.851s  CLASH    OLD      BLD-ST-Floors-vs-BLD-ST-Framing  Navisworks has this test marked Old.
16:44:57.540  +1491.415s  CLASH    225 of 1770 tests, 36 run, 248 skipped, 46 clashes so far
16:44:57.579  +1491.454s  CLASH    250 of 1770 tests, 36 run, 273 skipped, 46 clashes so far
16:44:57.616  +1491.491s  CLASH    275 of 1770 tests, 36 run, 298 skipped, 46 clashes so far
16:44:57.679  +1491.554s  CLASH    300 of 1770 tests, 36 run, 323 skipped, 46 clashes so far
16:44:57.865  +1491.740s  CLASH    325 of 1770 tests, 36 run, 348 skipped, 46 clashes so far
16:44:58.048  +1491.922s  CLASH    350 of 1770 tests, 36 run, 373 skipped, 46 clashes so far
16:44:58.092  +1491.967s  CLASH    375 of 1770 tests, 36 run, 398 skipped, 46 clashes so far
16:44:58.120  +1491.995s  CLASH    400 of 1770 tests, 36 run, 423 skipped, 46 clashes so far
16:44:58.144  +1492.019s  CLASH    425 of 1770 tests, 36 run, 448 skipped, 46 clashes so far
16:44:58.167  +1492.041s  CLASH    450 of 1770 tests, 36 run, 473 skipped, 46 clashes so far
16:44:58.194  +1492.069s  CLASH    475 of 1770 tests, 36 run, 498 skipped, 46 clashes so far
16:44:58.240  +1492.115s  CLASH    500 of 1770 tests, 36 run, 523 skipped, 46 clashes so far
16:44:58.300  +1492.175s  CLASH    525 of 1770 tests, 36 run, 548 skipped, 46 clashes so far
16:44:58.327  +1492.201s  CLASH    550 of 1770 tests, 36 run, 573 skipped, 46 clashes so far
16:44:58.357  +1492.232s  CLASH    575 of 1770 tests, 36 run, 598 skipped, 46 clashes so far
16:44:58.396  +1492.270s  CLASH    600 of 1770 tests, 36 run, 623 skipped, 46 clashes so far
16:44:58.428  +1492.304s  CLASH    625 of 1770 tests, 36 run, 648 skipped, 46 clashes so far
16:44:58.453  +1492.328s  CLASH    650 of 1770 tests, 36 run, 673 skipped, 46 clashes so far
16:44:58.482  +1492.357s  CLASH    675 of 1770 tests, 36 run, 698 skipped, 46 clashes so far
16:44:58.624  +1492.499s  CLASH    700 of 1770 tests, 36 run, 723 skipped, 46 clashes so far
16:44:58.717  +1492.591s  CLASH    725 of 1770 tests, 36 run, 748 skipped, 46 clashes so far
16:44:58.827  +1492.701s  CLASH    750 of 1770 tests, 36 run, 773 skipped, 46 clashes so far
16:44:58.914  +1492.788s  CLASH    775 of 1770 tests, 36 run, 798 skipped, 46 clashes so far
16:44:59.087  +1492.962s  CLASH    800 of 1770 tests, 36 run, 823 skipped, 46 clashes so far
16:44:59.173  +1493.047s  CLASH    825 of 1770 tests, 36 run, 848 skipped, 46 clashes so far
16:44:59.232  +1493.107s  CLASH    850 of 1770 tests, 36 run, 873 skipped, 46 clashes so far
16:44:59.574  +1493.448s  CLASH    875 of 1770 tests, 36 run, 898 skipped, 46 clashes so far
16:44:59.665  +1493.540s  CLASH    900 of 1770 tests, 36 run, 923 skipped, 46 clashes so far
16:44:59.692  +1493.566s  CLASH    OLD      BLD-DR-Pipes & Pipe Fittings-vs-BLD-AR-Floors  Navisworks has this test marked Old.
16:45:00.871  +1494.745s  CLASH    OLD      BLD-DR-Pipes & Pipe Fittings-vs-BLD-AR-Walls  Navisworks has this test marked Old.
16:45:02.040  +1495.914s  CLASH    OLD      BLD-DR-Pipes & Pipe Fittings-vs-BLD-AR-Windows  Navisworks has this test marked Old.
16:45:02.490  +1496.365s  CLASH    OLD      BLD-DR-Pipes & Pipe Fittings-vs-BLD-AR-Doors  Navisworks has this test marked Old.
16:45:03.033  +1496.908s  CLASH    OLD      BLD-DR-Pipes & Pipe Fittings-vs-BLD-AR-Furniture  Navisworks has this test marked Old.
16:45:03.676  +1497.550s  CLASH    OLD      BLD-DR-Pipes & Pipe Fittings-vs-BLD-ST-Foundation  Navisworks has this test marked Old.
16:45:04.301  +1498.175s  CLASH    OLD      BLD-DR-Pipes & Pipe Fittings-vs-BLD-ST-Columns  Navisworks has this test marked Old.
16:45:04.814  +1498.689s  CLASH    OLD      BLD-DR-Pipes & Pipe Fittings-vs-BLD-ST-Framing  Navisworks has this test marked Old.
16:45:05.786  +1499.661s  CLASH    OLD      BLD-DR-Pipes & Pipe Fittings-vs-BLD-ST-Floors  Navisworks has this test marked Old.
16:45:06.897  +1500.771s  CLASH    925 of 1770 tests, 45 run, 939 skipped, 65 clashes so far
16:45:06.944  +1500.818s  CLASH    950 of 1770 tests, 45 run, 964 skipped, 65 clashes so far
16:45:06.986  +1500.860s  CLASH    975 of 1770 tests, 45 run, 989 skipped, 65 clashes so far
16:45:07.075  +1500.949s  CLASH    OLD      BLD-DR-Plumbing Fixtures-vs-BLD-AR-Floors  Navisworks has this test marked Old.
16:45:07.454  +1501.329s  CLASH    OLD      BLD-DR-Plumbing Fixtures-vs-BLD-AR-Walls  Navisworks has this test marked Old.
16:45:08.136  +1502.010s  CLASH    OLD      BLD-DR-Plumbing Fixtures-vs-BLD-AR-Windows  Navisworks has this test marked Old.
16:45:08.577  +1502.452s  CLASH    1000 of 1770 tests, 48 run, 1011 skipped, 67 clashes so far
16:45:08.605  +1502.480s  CLASH    OLD      BLD-DR-Plumbing Fixtures-vs-BLD-AR-Doors  Navisworks has this test marked Old.
16:45:08.996  +1502.870s  CLASH    OLD      BLD-DR-Plumbing Fixtures-vs-BLD-AR-Furniture  Navisworks has this test marked Old.
16:45:09.480  +1503.355s  CLASH    OLD      BLD-DR-Plumbing Fixtures-vs-BLD-ST-Foundation  Navisworks has this test marked Old.
16:45:09.962  +1503.837s  CLASH    OLD      BLD-DR-Plumbing Fixtures-vs-BLD-ST-Columns  Navisworks has this test marked Old.
16:45:10.349  +1504.224s  CLASH    OLD      BLD-DR-Plumbing Fixtures-vs-BLD-ST-Framing  Navisworks has this test marked Old.
16:45:10.786  +1504.660s  CLASH    OLD      BLD-DR-Plumbing Fixtures-vs-BLD-ST-Floors  Navisworks has this test marked Old.
16:45:11.440  +1505.315s  CLASH    1025 of 1770 tests, 54 run, 1030 skipped, 67 clashes so far
16:45:11.466  +1505.341s  CLASH    OLD      BLD-DR-Plumbing Fixtures-vs-BLD-DR-Pipes & Pipe Fittings  Navisworks has this test marked Old.
16:45:11.877  +1505.751s  CLASH    1050 of 1770 tests, 55 run, 1054 skipped, 67 clashes so far
16:45:11.912  +1505.787s  CLASH    1075 of 1770 tests, 55 run, 1079 skipped, 67 clashes so far
16:45:12.159  +1506.033s  CLASH    OLD      BLD-EL-Electrical Equipment-vs-BLD-AR-Floors  Navisworks has this test marked Old.
16:45:12.758  +1506.633s  CLASH    OLD      BLD-EL-Electrical Equipment-vs-BLD-AR-Walls  Navisworks has this test marked Old.
16:45:13.358  +1507.233s  CLASH    OLD      BLD-EL-Electrical Equipment-vs-BLD-AR-Windows  Navisworks has this test marked Old.
16:45:14.054  +1507.928s  CLASH    OLD      BLD-EL-Electrical Equipment-vs-BLD-AR-Doors  Navisworks has this test marked Old.
16:45:14.554  +1508.428s  CLASH    OLD      BLD-EL-Electrical Equipment-vs-BLD-AR-Furniture  Navisworks has this test marked Old.
16:45:15.022  +1508.896s  CLASH    OLD      BLD-EL-Electrical Equipment-vs-BLD-ST-Foundation  Navisworks has this test marked Old.
16:45:15.502  +1509.377s  CLASH    OLD      BLD-EL-Electrical Equipment-vs-BLD-ST-Columns  Navisworks has this test marked Old.
16:45:16.051  +1509.925s  CLASH    1100 of 1770 tests, 62 run, 1097 skipped, 67 clashes so far
16:45:16.145  +1510.020s  CLASH    OLD      BLD-EL-Electrical Equipment-vs-BLD-ST-Framing  Navisworks has this test marked Old.
16:45:17.204  +1511.078s  CLASH    OLD      BLD-EL-Electrical Equipment-vs-BLD-ST-Floors  Navisworks has this test marked Old.
16:45:17.800  +1511.675s  CLASH    1125 of 1770 tests, 64 run, 1120 skipped, 67 clashes so far
16:45:17.819  +1511.694s  CLASH    OLD      BLD-EL-Electrical Equipment-vs-BLD-DR-Pipes & Pipe Fittings  Navisworks has this test marked Old.
16:45:18.715  +1512.590s  CLASH    OLD      BLD-EL-Electrical Equipment-vs-BLD-DR-Plumbing Fixtures  Navisworks has this test marked Old.
16:45:19.484  +1513.359s  CLASH    OLD      BLD-EL-Electrical Fixtures-vs-BLD-AR-Floors  Navisworks has this test marked Old.
16:45:19.917  +1513.797s  CLASH    OLD      BLD-EL-Electrical Fixtures-vs-BLD-AR-Walls  Navisworks has this test marked Old.
16:45:20.398  +1514.272s  CLASH    OLD      BLD-EL-Electrical Fixtures-vs-BLD-AR-Windows  Navisworks has this test marked Old.
16:45:21.034  +1514.909s  CLASH    OLD      BLD-EL-Electrical Fixtures-vs-BLD-AR-Doors  Navisworks has this test marked Old.
16:45:21.498  +1515.373s  CLASH    OLD      BLD-EL-Electrical Fixtures-vs-BLD-AR-Furniture  Navisworks has this test marked Old.
16:45:21.997  +1515.871s  CLASH    OLD      BLD-EL-Electrical Fixtures-vs-BLD-ST-Foundation  Navisworks has this test marked Old.
16:45:22.542  +1516.416s  CLASH    OLD      BLD-EL-Electrical Fixtures-vs-BLD-ST-Columns  Navisworks has this test marked Old.
16:45:23.184  +1517.058s  CLASH    OLD      BLD-EL-Electrical Fixtures-vs-BLD-ST-Framing  Navisworks has this test marked Old.
16:45:23.586  +1517.460s  CLASH    OLD      BLD-EL-Electrical Fixtures-vs-BLD-ST-Floors  Navisworks has this test marked Old.
16:45:23.944  +1517.819s  CLASH    1150 of 1770 tests, 75 run, 1134 skipped, 67 clashes so far
16:45:23.959  +1517.834s  CLASH    OLD      BLD-EL-Electrical Fixtures-vs-BLD-DR-Pipes & Pipe Fittings  Navisworks has this test marked Old.
16:45:24.368  +1518.243s  CLASH    OLD      BLD-EL-Electrical Fixtures-vs-BLD-DR-Plumbing Fixtures  Navisworks has this test marked Old.
16:45:24.740  +1518.615s  CLASH    1175 of 1770 tests, 77 run, 1157 skipped, 67 clashes so far
16:45:24.761  +1518.636s  CLASH    OLD      BLD-EL-Electrical Fixtures-vs-BLD-EL-Electrical Equipment  Navisworks has this test marked Old.
16:45:25.395  +1519.269s  CLASH    OLD      BLD-EL-Conduits & Conduit Fittings-vs-BLD-AR-Floors  Navisworks has this test marked Old.
16:45:25.988  +1519.862s  CLASH    OLD      BLD-EL-Conduits & Conduit Fittings-vs-BLD-AR-Walls  Navisworks has this test marked Old.
16:45:26.484  +1520.359s  CLASH    OLD      BLD-EL-Conduits & Conduit Fittings-vs-BLD-AR-Windows  Navisworks has this test marked Old.
16:45:27.152  +1521.027s  CLASH    OLD      BLD-EL-Conduits & Conduit Fittings-vs-BLD-AR-Doors  Navisworks has this test marked Old.
16:45:27.601  +1521.476s  CLASH    OLD      BLD-EL-Conduits & Conduit Fittings-vs-BLD-AR-Furniture  Navisworks has this test marked Old.
16:45:28.650  +1522.529s  CLASH    OLD      BLD-EL-Conduits & Conduit Fittings-vs-BLD-ST-Foundation  Navisworks has this test marked Old.
16:45:29.289  +1523.164s  CLASH    OLD      BLD-EL-Conduits & Conduit Fittings-vs-BLD-ST-Columns  Navisworks has this test marked Old.
16:45:29.958  +1523.833s  CLASH    OLD      BLD-EL-Conduits & Conduit Fittings-vs-BLD-ST-Framing  Navisworks has this test marked Old.
16:45:30.346  +1524.221s  CLASH    OLD      BLD-EL-Conduits & Conduit Fittings-vs-BLD-ST-Floors  Navisworks has this test marked Old.
16:45:30.691  +1524.566s  CLASH    1200 of 1770 tests, 87 run, 1172 skipped, 67 clashes so far
16:45:30.712  +1524.587s  CLASH    OLD      BLD-EL-Conduits & Conduit Fittings-vs-BLD-DR-Pipes & Pipe Fittings  Navisworks has this test marked Old.
16:45:31.034  +1524.909s  CLASH    OLD      BLD-EL-Conduits & Conduit Fittings-vs-BLD-DR-Plumbing Fixtures  Navisworks has this test marked Old.
16:45:31.393  +1525.268s  CLASH    OLD      BLD-EL-Conduits & Conduit Fittings-vs-BLD-EL-Electrical Equipment  Navisworks has this test marked Old.
16:45:31.971  +1525.846s  CLASH    1225 of 1770 tests, 90 run, 1194 skipped, 69 clashes so far
16:45:31.983  +1525.859s  CLASH    OLD      BLD-EL-Conduits & Conduit Fittings-vs-BLD-EL-Electrical Fixtures  Navisworks has this test marked Old.
16:45:32.393  +1526.267s  CLASH    OLD      BLD-EL-Devices-vs-BLD-AR-Floors  Navisworks has this test marked Old.
16:45:32.970  +1526.845s  CLASH    OLD      BLD-EL-Devices-vs-BLD-AR-Walls  Navisworks has this test marked Old.
16:45:33.296  +1527.170s  CLASH    OLD      BLD-EL-Devices-vs-BLD-AR-Windows  Navisworks has this test marked Old.
16:45:33.656  +1527.531s  CLASH    OLD      BLD-EL-Devices-vs-BLD-AR-Doors  Navisworks has this test marked Old.
16:45:34.264  +1528.139s  CLASH    OLD      BLD-EL-Devices-vs-BLD-AR-Furniture  Navisworks has this test marked Old.
16:45:34.732  +1528.606s  CLASH    OLD      BLD-EL-Devices-vs-BLD-ST-Foundation  Navisworks has this test marked Old.
16:45:35.337  +1529.212s  CLASH    OLD      BLD-EL-Devices-vs-BLD-ST-Columns  Navisworks has this test marked Old.
16:45:36.201  +1530.076s  CLASH    OLD      BLD-EL-Devices-vs-BLD-ST-Framing  Navisworks has this test marked Old.
16:45:36.849  +1530.724s  CLASH    OLD      BLD-EL-Devices-vs-BLD-ST-Floors  Navisworks has this test marked Old.
16:45:37.252  +1531.127s  CLASH    1250 of 1770 tests, 100 run, 1209 skipped, 69 clashes so far
16:45:37.289  +1531.164s  CLASH    OLD      BLD-EL-Devices-vs-BLD-DR-Pipes & Pipe Fittings  Navisworks has this test marked Old.
16:45:38.503  +1532.377s  CLASH    OLD      BLD-EL-Devices-vs-BLD-DR-Plumbing Fixtures  Navisworks has this test marked Old.
16:45:40.151  +1534.026s  CLASH    OLD      BLD-EL-Devices-vs-BLD-EL-Electrical Equipment  Navisworks has this test marked Old.
16:45:41.777  +1535.652s  CLASH    OLD      BLD-EL-Devices-vs-BLD-EL-Electrical Fixtures  Navisworks has this test marked Old.
16:45:42.244  +1536.119s  CLASH    1275 of 1770 tests, 104 run, 1230 skipped, 69 clashes so far
16:45:42.294  +1536.169s  CLASH    OLD      BLD-EL-Devices-vs-BLD-EL-Conduits & Conduit Fittings  Navisworks has this test marked Old.
16:45:42.709  +1536.584s  CLASH    OLD      BLD-EL-Lighting Fixtures-vs-BLD-AR-Floors  Navisworks has this test marked Old.
16:45:43.339  +1537.214s  CLASH    OLD      BLD-EL-Lighting Fixtures-vs-BLD-AR-Walls  Navisworks has this test marked Old.
16:45:44.245  +1538.119s  CLASH    OLD      BLD-EL-Lighting Fixtures-vs-BLD-AR-Windows  Navisworks has this test marked Old.
16:45:44.601  +1538.475s  CLASH    OLD      BLD-EL-Lighting Fixtures-vs-BLD-AR-Doors  Navisworks has this test marked Old.
16:45:45.211  +1539.086s  CLASH    OLD      BLD-EL-Lighting Fixtures-vs-BLD-AR-Furniture  Navisworks has this test marked Old.
16:45:45.770  +1539.645s  CLASH    OLD      BLD-EL-Lighting Fixtures-vs-BLD-ST-Foundation  Navisworks has this test marked Old.
16:45:46.128  +1540.002s  CLASH    OLD      BLD-EL-Lighting Fixtures-vs-BLD-ST-Columns  Navisworks has this test marked Old.
16:45:46.457  +1540.331s  CLASH    OLD      BLD-EL-Lighting Fixtures-vs-BLD-ST-Framing  Navisworks has this test marked Old.
16:45:47.161  +1541.036s  CLASH    OLD      BLD-EL-Lighting Fixtures-vs-BLD-ST-Floors  Navisworks has this test marked Old.
16:45:47.552  +1541.427s  CLASH    1300 of 1770 tests, 114 run, 1245 skipped, 69 clashes so far
16:45:47.572  +1541.446s  CLASH    OLD      BLD-EL-Lighting Fixtures-vs-BLD-DR-Pipes & Pipe Fittings  Navisworks has this test marked Old.
16:45:47.992  +1541.866s  CLASH    OLD      BLD-EL-Lighting Fixtures-vs-BLD-DR-Plumbing Fixtures  Navisworks has this test marked Old.
16:45:48.396  +1542.271s  CLASH    OLD      BLD-EL-Lighting Fixtures-vs-BLD-EL-Electrical Equipment  Navisworks has this test marked Old.
16:45:48.771  +1542.646s  CLASH    OLD      BLD-EL-Lighting Fixtures-vs-BLD-EL-Electrical Fixtures  Navisworks has this test marked Old.
16:45:49.117  +1542.992s  CLASH    1325 of 1770 tests, 118 run, 1266 skipped, 69 clashes so far
16:45:49.140  +1543.014s  CLASH    OLD      BLD-EL-Lighting Fixtures-vs-BLD-EL-Conduits & Conduit Fittings  Navisworks has this test marked Old.
16:45:49.555  +1543.430s  CLASH    OLD      BLD-EL-Lighting Fixtures-vs-BLD-EL-Devices  Navisworks has this test marked Old.
16:45:49.946  +1543.821s  CLASH    OLD      BLD-EL-Lighting Devices-vs-BLD-AR-Floors  Navisworks has this test marked Old.
16:45:50.307  +1544.182s  CLASH    OLD      BLD-EL-Lighting Devices-vs-BLD-AR-Walls  Navisworks has this test marked Old.
16:45:50.716  +1544.591s  CLASH    OLD      BLD-EL-Lighting Devices-vs-BLD-AR-Windows  Navisworks has this test marked Old.
16:45:51.093  +1544.967s  CLASH    OLD      BLD-EL-Lighting Devices-vs-BLD-AR-Doors  Navisworks has this test marked Old.
16:45:51.391  +1545.266s  CLASH    OLD      BLD-EL-Lighting Devices-vs-BLD-AR-Furniture  Navisworks has this test marked Old.
16:45:51.907  +1545.782s  CLASH    OLD      BLD-EL-Lighting Devices-vs-BLD-ST-Foundation  Navisworks has this test marked Old.
16:45:52.377  +1546.252s  CLASH    OLD      BLD-EL-Lighting Devices-vs-BLD-ST-Columns  Navisworks has this test marked Old.
16:45:52.814  +1546.688s  CLASH    OLD      BLD-EL-Lighting Devices-vs-BLD-ST-Framing  Navisworks has this test marked Old.
16:45:53.232  +1547.107s  CLASH    OLD      BLD-EL-Lighting Devices-vs-BLD-ST-Floors  Navisworks has this test marked Old.
16:45:53.824  +1547.699s  CLASH    1350 of 1770 tests, 129 run, 1280 skipped, 69 clashes so far
16:45:53.900  +1547.776s  CLASH    OLD      BLD-EL-Lighting Devices-vs-BLD-DR-Pipes & Pipe Fittings  Navisworks has this test marked Old.
16:45:54.605  +1548.480s  CLASH    OLD      BLD-EL-Lighting Devices-vs-BLD-DR-Plumbing Fixtures  Navisworks has this test marked Old.
16:45:54.963  +1548.838s  CLASH    OLD      BLD-EL-Lighting Devices-vs-BLD-EL-Electrical Equipment  Navisworks has this test marked Old.
16:45:55.540  +1549.415s  CLASH    1375 of 1770 tests, 132 run, 1302 skipped, 69 clashes so far
16:45:55.566  +1549.441s  CLASH    OLD      BLD-EL-Lighting Devices-vs-BLD-EL-Electrical Fixtures  Navisworks has this test marked Old.
16:45:55.992  +1549.866s  CLASH    OLD      BLD-EL-Lighting Devices-vs-BLD-EL-Conduits & Conduit Fittings  Navisworks has this test marked Old.
16:45:56.319  +1550.194s  CLASH    OLD      BLD-EL-Lighting Devices-vs-BLD-EL-Devices  Navisworks has this test marked Old.
16:45:56.696  +1550.570s  CLASH    OLD      BLD-EL-Lighting Devices-vs-BLD-EL-Lighting Fixtures  Navisworks has this test marked Old.
16:45:57.181  +1551.055s  CLASH    OLD      BLD-EL-Fire Alarm Devices-vs-BLD-AR-Floors  Navisworks has this test marked Old.
16:45:57.714  +1551.588s  CLASH    OLD      BLD-EL-Fire Alarm Devices-vs-BLD-AR-Walls  Navisworks has this test marked Old.
16:45:58.320  +1552.194s  CLASH    OLD      BLD-EL-Fire Alarm Devices-vs-BLD-AR-Windows  Navisworks has this test marked Old.
16:45:58.724  +1552.599s  CLASH    OLD      BLD-EL-Fire Alarm Devices-vs-BLD-AR-Doors  Navisworks has this test marked Old.
16:45:59.147  +1553.022s  CLASH    OLD      BLD-EL-Fire Alarm Devices-vs-BLD-AR-Furniture  Navisworks has this test marked Old.
16:45:59.556  +1553.431s  CLASH    OLD      BLD-EL-Fire Alarm Devices-vs-BLD-ST-Foundation  Navisworks has this test marked Old.
16:46:00.069  +1553.943s  CLASH    OLD      BLD-EL-Fire Alarm Devices-vs-BLD-ST-Columns  Navisworks has this test marked Old.
16:46:00.850  +1554.724s  CLASH    OLD      BLD-EL-Fire Alarm Devices-vs-BLD-ST-Framing  Navisworks has this test marked Old.
16:46:01.634  +1555.509s  CLASH    OLD      BLD-EL-Fire Alarm Devices-vs-BLD-ST-Floors  Navisworks has this test marked Old.
16:46:02.049  +1555.923s  CLASH    1400 of 1770 tests, 145 run, 1314 skipped, 69 clashes so far
16:46:02.074  +1555.949s  CLASH    OLD      BLD-EL-Fire Alarm Devices-vs-BLD-DR-Pipes & Pipe Fittings  Navisworks has this test marked Old.
16:46:02.557  +1556.432s  CLASH    OLD      BLD-EL-Fire Alarm Devices-vs-BLD-DR-Plumbing Fixtures  Navisworks has this test marked Old.
16:46:03.024  +1556.898s  CLASH    1425 of 1770 tests, 147 run, 1337 skipped, 69 clashes so far
16:46:03.046  +1556.921s  CLASH    OLD      BLD-EL-Fire Alarm Devices-vs-BLD-EL-Electrical Equipment  Navisworks has this test marked Old.
16:46:03.442  +1557.316s  CLASH    OLD      BLD-EL-Fire Alarm Devices-vs-BLD-EL-Electrical Fixtures  Navisworks has this test marked Old.
16:46:03.738  +1557.612s  CLASH    OLD      BLD-EL-Fire Alarm Devices-vs-BLD-EL-Conduits & Conduit Fittings  Navisworks has this test marked Old.
16:46:04.111  +1557.986s  CLASH    OLD      BLD-EL-Fire Alarm Devices-vs-BLD-EL-Devices  Navisworks has this test marked Old.
16:46:04.551  +1558.425s  CLASH    OLD      BLD-EL-Fire Alarm Devices-vs-BLD-EL-Lighting Fixtures  Navisworks has this test marked Old.
16:46:05.159  +1559.034s  CLASH    OLD      BLD-EL-Fire Alarm Devices-vs-BLD-EL-Lighting Devices  Navisworks has this test marked Old.
16:46:05.553  +1559.428s  CLASH    1450 of 1770 tests, 153 run, 1356 skipped, 69 clashes so far
16:46:05.578  +1559.453s  CLASH    1475 of 1770 tests, 153 run, 1381 skipped, 69 clashes so far
16:46:05.610  +1559.485s  CLASH    1500 of 1770 tests, 153 run, 1406 skipped, 69 clashes so far
16:46:05.644  +1559.519s  CLASH    1525 of 1770 tests, 153 run, 1431 skipped, 69 clashes so far
16:46:05.657  +1559.532s  CLASH    OLD      BLD-Security Devices-vs-BLD-AR-Floors  Navisworks has this test marked Old.
16:46:06.003  +1559.877s  CLASH    OLD      BLD-Security Devices-vs-BLD-AR-Walls  Navisworks has this test marked Old.
16:46:06.487  +1560.362s  CLASH    OLD      BLD-Security Devices-vs-BLD-AR-Windows  Navisworks has this test marked Old.
16:46:07.330  +1561.205s  CLASH    1550 of 1770 tests, 156 run, 1453 skipped, 69 clashes so far
16:46:07.363  +1561.237s  CLASH    OLD      BLD-Security Devices-vs-BLD-AR-Doors  Navisworks has this test marked Old.
16:46:08.046  +1561.921s  CLASH    OLD      BLD-Security Devices-vs-BLD-AR-Furniture  Navisworks has this test marked Old.
16:46:08.456  +1562.330s  CLASH    OLD      BLD-Security Devices-vs-BLD-ST-Foundation  Navisworks has this test marked Old.
16:46:08.859  +1562.734s  CLASH    OLD      BLD-Security Devices-vs-BLD-ST-Columns  Navisworks has this test marked Old.
16:46:09.234  +1563.108s  CLASH    OLD      BLD-Security Devices-vs-BLD-ST-Framing  Navisworks has this test marked Old.
16:46:09.764  +1563.639s  CLASH    OLD      BLD-Security Devices-vs-BLD-ST-Floors  Navisworks has this test marked Old.
16:46:10.189  +1564.064s  CLASH    1575 of 1770 tests, 162 run, 1472 skipped, 69 clashes so far
16:46:10.213  +1564.089s  CLASH    OLD      BLD-Security Devices-vs-BLD-DR-Pipes & Pipe Fittings  Navisworks has this test marked Old.
16:46:10.607  +1564.482s  CLASH    OLD      BLD-Security Devices-vs-BLD-DR-Plumbing Fixtures  Navisworks has this test marked Old.
16:46:10.968  +1564.843s  CLASH    OLD      BLD-Security Devices-vs-BLD-EL-Electrical Equipment  Navisworks has this test marked Old.
16:46:11.515  +1565.389s  CLASH    OLD      BLD-Security Devices-vs-BLD-EL-Electrical Fixtures  Navisworks has this test marked Old.
16:46:11.956  +1565.830s  CLASH    OLD      BLD-Security Devices-vs-BLD-EL-Conduits & Conduit Fittings  Navisworks has this test marked Old.
16:46:12.674  +1566.549s  CLASH    OLD      BLD-Security Devices-vs-BLD-EL-Devices  Navisworks has this test marked Old.
16:46:13.377  +1567.252s  CLASH    OLD      BLD-Security Devices-vs-BLD-EL-Lighting Fixtures  Navisworks has this test marked Old.
16:46:13.829  +1567.704s  CLASH    OLD      BLD-Security Devices-vs-BLD-EL-Lighting Devices  Navisworks has this test marked Old.
16:46:14.343  +1568.217s  CLASH    OLD      BLD-Security Devices-vs-BLD-EL-Fire Alarm Devices  Navisworks has this test marked Old.
16:46:14.856  +1568.730s  CLASH    1600 of 1770 tests, 171 run, 1488 skipped, 69 clashes so far
16:46:14.887  +1568.762s  CLASH    1625 of 1770 tests, 171 run, 1513 skipped, 69 clashes so far
16:46:14.924  +1568.799s  CLASH    1650 of 1770 tests, 171 run, 1538 skipped, 69 clashes so far
16:46:14.947  +1568.822s  CLASH    1675 of 1770 tests, 171 run, 1563 skipped, 69 clashes so far
16:46:15.034  +1568.909s  CLASH    1700 of 1770 tests, 171 run, 1588 skipped, 69 clashes so far
16:46:15.059  +1568.933s  CLASH    OLD      BLD-EL-Data Devices-vs-BLD-AR-Floors  Navisworks has this test marked Old.
16:46:15.523  +1569.398s  CLASH    OLD      BLD-EL-Data Devices-vs-BLD-AR-Walls  Navisworks has this test marked Old.
16:46:15.990  +1569.865s  CLASH    OLD      BLD-EL-Data Devices-vs-BLD-AR-Windows  Navisworks has this test marked Old.
16:46:16.417  +1570.291s  CLASH    OLD      BLD-EL-Data Devices-vs-BLD-AR-Doors  Navisworks has this test marked Old.
16:46:16.808  +1570.683s  CLASH    OLD      BLD-EL-Data Devices-vs-BLD-AR-Furniture  Navisworks has this test marked Old.
16:46:17.244  +1571.119s  CLASH    1725 of 1770 tests, 176 run, 1608 skipped, 69 clashes so far
16:46:17.259  +1571.134s  CLASH    OLD      BLD-EL-Data Devices-vs-BLD-ST-Foundation  Navisworks has this test marked Old.
16:46:17.636  +1571.511s  CLASH    OLD      BLD-EL-Data Devices-vs-BLD-ST-Columns  Navisworks has this test marked Old.
16:46:18.028  +1571.903s  CLASH    OLD      BLD-EL-Data Devices-vs-BLD-ST-Framing  Navisworks has this test marked Old.
16:46:18.435  +1572.310s  CLASH    OLD      BLD-EL-Data Devices-vs-BLD-ST-Floors  Navisworks has this test marked Old.
16:46:18.906  +1572.781s  CLASH    1750 of 1770 tests, 180 run, 1629 skipped, 69 clashes so far
16:46:18.932  +1572.807s  CLASH    OLD      BLD-EL-Data Devices-vs-BLD-DR-Pipes & Pipe Fittings  Navisworks has this test marked Old.
16:46:19.480  +1573.355s  CLASH    OLD      BLD-EL-Data Devices-vs-BLD-DR-Plumbing Fixtures  Navisworks has this test marked Old.
16:46:19.902  +1573.777s  CLASH    OLD      BLD-EL-Data Devices-vs-BLD-EL-Electrical Equipment  Navisworks has this test marked Old.
16:46:20.551  +1574.426s  CLASH    OLD      BLD-EL-Data Devices-vs-BLD-EL-Electrical Fixtures  Navisworks has this test marked Old.
16:46:21.148  +1575.023s  CLASH    OLD      BLD-EL-Data Devices-vs-BLD-EL-Conduits & Conduit Fittings  Navisworks has this test marked Old.
16:46:21.650  +1575.525s  CLASH    OLD      BLD-EL-Data Devices-vs-BLD-EL-Devices  Navisworks has this test marked Old.
16:46:22.028  +1575.903s  CLASH    OLD      BLD-EL-Data Devices-vs-BLD-EL-Lighting Fixtures  Navisworks has this test marked Old.
16:46:22.810  +1576.685s  CLASH    OLD      BLD-EL-Data Devices-vs-BLD-EL-Lighting Devices  Navisworks has this test marked Old.
16:46:23.686  +1577.560s  CLASH    OLD      BLD-EL-Data Devices-vs-BLD-EL-Fire Alarm Devices  Navisworks has this test marked Old.
16:46:24.177  +1578.051s  CLASH    OLD      BLD-EL-Data Devices-vs-BLD-Security Devices  Navisworks has this test marked Old.
16:46:24.661  +1578.535s  CLASH    1770 of 1770 tests, 190 run, 1639 skipped, 69 clashes so far
16:46:24.674  +1578.549s  TOLERANCE 25 mm chosen in the tool, so it beats both the XML and the document. Set on 1770 tests, 0 created fresh and 1770 already in the document. 25 mm is 0.082021 ft in this document

================================================================
DRIFT C:\00-NM\Federation Task\C02 + 04\C02\NWF\1104-PAR-1A02WO-ZZZ-BM-MOD-000001.nwf  (4 models loaded)
================================================================
16:46:24.821  +1578.696s  1770 tests were already in the document and were compared against the file.
16:46:24.944  +1578.818s  Nothing has drifted. Every one of them matches the file.
16:46:25.013  +1578.888s  PRIORITY 1830 in the file, 1830 tests in this run, 1830 matched, 0 not named by the file

================================================================
PRIORITY 1A02WO
================================================================
16:46:25.291  +1579.166s  PRIORITY clashes by priority, 69 in all
16:46:25.345  +1579.220s           A           : 54
16:46:25.365  +1579.240s           B           : 11
16:46:25.377  +1579.251s           C           : 4
16:46:25.388  +1579.262s           No priority : 0

================================================================
CLASH 1A02WO
================================================================
16:46:25.458  +1579.333s  clashes BLD-AR-Walls-vs-BLD-AR-Floors  items 42 v 6  Reviewed 7  0.9s
16:46:25.486  +1579.361s  clashes BLD-AR-Windows-vs-BLD-AR-Walls  items 3 v 42  Reviewed 3  0.4s
16:46:25.512  +1579.387s  clashes BLD-AR-Doors-vs-BLD-AR-Floors  items 2 v 6  Active 1  1.8s
16:46:25.530  +1579.405s  clashes BLD-AR-Doors-vs-BLD-AR-Walls  items 2 v 42  Reviewed 5  0.5s
16:46:25.543  +1579.418s  clashes BLD-AR-Furniture-vs-BLD-AR-Walls  items 1 v 42  Active 2  0.7s
16:46:25.564  +1579.440s  clashes BLD-ST-Columns-vs-BLD-AR-Floors  items 8 v 6  Reviewed 4  0.6s
16:46:25.576  +1579.451s  clashes BLD-ST-Framing-vs-BLD-AR-Walls  items 8 v 42  Reviewed 4  0.3s
16:46:25.592  +1579.466s  clashes BLD-ST-Floors-vs-BLD-AR-Walls  items 3 v 42  Reviewed 20  0.3s
16:46:25.603  +1579.478s  clashes BLD-DR-Pipes & Pipe Fittings-vs-BLD-AR-Floors  items 72 v 6  Active 5  0.5s
16:46:25.636  +1579.511s  clashes BLD-DR-Pipes & Pipe Fittings-vs-BLD-AR-Walls  items 72 v 42  Active 3  0.5s
16:46:25.658  +1579.532s  clashes BLD-DR-Pipes & Pipe Fittings-vs-BLD-ST-Framing  items 72 v 8  Active 5  0.3s
16:46:25.669  +1579.544s  clashes BLD-DR-Pipes & Pipe Fittings-vs-BLD-ST-Floors  items 72 v 3  Active 6  0.3s
16:46:25.682  +1579.557s  clashes BLD-DR-Plumbing Fixtures-vs-BLD-AR-Walls  items 1 v 42  Active 2  0.4s
16:46:25.698  +1579.573s  clashes BLD-EL-Conduits & Conduit Fittings-vs-BLD-EL-Electrical Equipment  items 4 v 3  Reviewed 2  0.4s
16:46:25.709  +1579.584s  PASSED 176 tests, ran and found nothing
16:46:25.720  +1579.594s          passed  BLD-AR-Windows-vs-BLD-AR-Floors  items 3 v 6  none  0.5s
16:46:25.738  +1579.613s          passed  BLD-AR-Doors-vs-BLD-AR-Windows  items 2 v 3  none  0.5s
16:46:25.751  +1579.626s          passed  BLD-AR-Furniture-vs-BLD-AR-Floors  items 1 v 6  none  0.4s
16:46:25.784  +1579.659s          passed  BLD-AR-Furniture-vs-BLD-AR-Windows  items 1 v 3  none  0.7s
16:46:25.816  +1579.691s          passed  BLD-AR-Furniture-vs-BLD-AR-Doors  items 1 v 2  none  0.4s
16:46:25.849  +1579.724s          and 171 more that ran and found nothing, counted and not listed
16:46:25.881  +1579.756s  SKIPPED 1640 tests, a side finds nothing in this model
16:46:25.910  +1579.785s          BLD-DR-Pipe Accessories-vs-BLD-AR-Floors  the left side "lcop_selection_set_tree/Mechanical/Mechanical-Drainage/BLD-DR-Pipe Accessories" finds nothing in this model, the right finds 6
16:46:25.940  +1579.815s          BLD-DR-Pipe Accessories-vs-BLD-AR-Stairs  both sides find nothing in this model, left "lcop_selection_set_tree/Mechanical/Mechanical-Drainage/BLD-DR-Pipe Accessories" and right "lcop_selection_set_tree/Architecture/BLD-AR-Stairs"
16:46:25.967  +1579.842s          BLD-DR-Pipe Accessories-vs-BLD-AR-Ramps  both sides find nothing in this model, left "lcop_selection_set_tree/Mechanical/Mechanical-Drainage/BLD-DR-Pipe Accessories" and right "lcop_selection_set_tree/Architecture/BLD-AR-Ramps"
16:46:25.987  +1579.861s          BLD-DR-Pipe Accessories-vs-BLD-AR-Roofs  both sides find nothing in this model, left "lcop_selection_set_tree/Mechanical/Mechanical-Drainage/BLD-DR-Pipe Accessories" and right "lcop_selection_set_tree/Architecture/BLD-AR-Roofs"
16:46:26.031  +1579.906s          BLD-DR-Pipe Accessories-vs-BLD-AR-Ceilings  both sides find nothing in this model, left "lcop_selection_set_tree/Mechanical/Mechanical-Drainage/BLD-DR-Pipe Accessories" and right "lcop_selection_set_tree/Architecture/BLD-AR-Ceilings"
16:46:26.070  +1579.945s          and 1635 more skipped for the same reason, counted and not listed
16:46:26.098  +1579.973s  
16:46:26.119  +1579.993s  ran against       : C:\00-NM\Federation Task\C02 + 04\C02\NWF\1104-PAR-1A02WO-ZZZ-BM-MOD-000001.nwf  (4 models loaded)
16:46:26.131  +1580.006s  tests in the file : 1830
16:46:26.144  +1580.018s  tests created     : 0
16:46:26.155  +1580.030s  already there     : 1770, left alone with their results
16:46:26.168  +1580.043s  tests skipped     : 1640, not run and not passed
16:46:26.193  +1580.068s       1640  a side finds nothing in this model
16:46:26.208  +1580.083s  tests run         : 190
16:46:26.226  +1580.101s      passed        : 176, ran and found nothing
16:46:26.250  +1580.125s      with clashes  : 14
16:46:26.263  +1580.137s  clashes found     : 69
16:46:26.277  +1580.151s      New       : 0
16:46:26.290  +1580.164s      Active    : 24
16:46:26.303  +1580.177s      Reviewed  : 45
16:46:26.319  +1580.193s      Approved  : 0
16:46:26.340  +1580.215s      Resolved  : 0
16:46:26.362  +1580.236s  clash step took   : 118.9 seconds

================================================================
PENETRATION 1A02WO
================================================================
16:46:26.439  +1580.314s  
16:46:26.456  +1580.330s  clashes looked at : 69
16:46:26.467  +1580.342s  moved to Reviewed : 0
16:46:26.484  +1580.358s         14  the service is over the size, left alone
16:46:26.504  +1580.378s          0  no size could be read off the service, left alone
16:46:26.556  +1580.431s          0  a person had already set it, left alone
16:46:26.579  +1580.453s          0  both sides a service, left alone
16:46:26.594  +1580.468s         27  both sides a solid, left alone
16:46:26.610  +1580.485s         28  not a service against a solid, left alone
16:46:26.630  +1580.505s  the size in use   : 150mm or under is a penetration, over it stays as it was
16:46:26.651  +1580.525s  Nothing moved. Every clash is exactly as it was.

================================================================
BY DESIGN 1A02WO
================================================================
16:46:26.752  +1580.626s  
16:46:26.763  +1580.638s  clashes looked at : 69
16:46:26.773  +1580.649s  moved to Reviewed : 0
16:46:26.789  +1580.663s         24  the two sets are not a pair in the file
16:46:26.800  +1580.675s         45  already Reviewed, Approved or Resolved, so somebody decided and it stands
16:46:26.812  +1580.687s          0  the penetration rule already asked for this one, so it moved there
16:46:26.823  +1580.698s          0  a side of the test named no set, so there was no pair to look for
16:46:26.838  +1580.713s  Nothing moved. Every clash is exactly as it was.

================================================================
ITEM IDS 1A02WO
================================================================
16:46:26.949  +1580.824s  Id supplied 138 item ids of 138, written as "Element ID"
16:46:27.077  +1580.952s  IMAGES   numbered in report order: 53 renamed, 16 already right, 0 missing
16:46:27.100  +1580.975s  IMAGES   69 written, 2.59 MB, 4.7 seconds in total.
16:46:27.114  +1580.989s           0.068 seconds each on average, quickest 0.029, slowest 0.253.
16:46:27.135  +1581.010s           38 KB each on average.
16:46:27.161  +1581.036s  CLASH    1A02WO finished. 0 created, 1770 already there, 190 run, 176 passed, 1640 skipped, 69 clashes in 118.9s.
16:46:27.179  +1581.053s  STEP     VIEWS         started
16:46:27.212  +1581.087s  CENSUS   before VIEWS  models 4  sets 62  tests 1830  results 69  views 93
16:46:28.980  +1582.854s  VIEWS    the model each clash item lives in was read for 69 of 69 clash(es) in scope
16:46:29.028  +1582.903s  VIEWS    both clashing items were pointed at for 69 of 69 clash(es) in scope
16:46:29.228  +1583.103s  CENSUS   after  VIEWS  models 4  sets 62  tests 1830  results 69  views 93
16:46:29.281  +1583.157s  STEP     VIEWS         finished 1.997s  0 created, 66 already there.

================================================================
VIEWS 1A02WO
================================================================
16:46:29.407  +1583.282s  clashes looked at : 69
16:46:29.459  +1583.333s  viewpoints planned: 66
16:46:29.484  +1583.358s          0  Approved or Resolved, so nobody is looking at it
16:46:29.513  +1583.388s          3  a service at or under the threshold, which is a penetration and not a coordination item
16:46:29.565  +1583.440s  size could not be read : 0, every one of them is in its pair folder and none was dropped
16:46:29.616  +1583.490s  a set name with no code this tool knows : 0, every one of them is in a folder saying UNKNOWN and none was guessed at

================================================================
VIEWS BUILT 1A02WO
================================================================
16:46:29.808  +1583.683s  VIEW     A/AR vs AR/BLD-AR-Walls-vs-BLD-AR-Floors  Clash1  already there, left alone, not made again
16:46:29.831  +1583.706s  VIEW     A/AR vs AR/BLD-AR-Walls-vs-BLD-AR-Floors  Clash2  already there, left alone, not made again
16:46:29.849  +1583.723s  VIEW     A/AR vs AR/BLD-AR-Walls-vs-BLD-AR-Floors  Clash3  already there, left alone, not made again
16:46:29.861  +1583.736s  VIEW     A/AR vs AR/BLD-AR-Walls-vs-BLD-AR-Floors  Clash4  already there, left alone, not made again
16:46:29.876  +1583.751s  VIEW     A/AR vs AR/BLD-AR-Walls-vs-BLD-AR-Floors  Clash5  already there, left alone, not made again
16:46:29.891  +1583.766s  VIEW     and 61 more created or already there, counted and not listed
16:46:29.916  +1583.791s  
16:46:29.941  +1583.815s  views created     : 0
16:46:29.955  +1583.830s  already there     : 66, left alone, not made again
16:46:29.975  +1583.850s  put into the document: 0 created, 66 already there and left alone
16:46:29.993  +1583.868s  STEP     NWF SAVE      started
16:46:30.015  +1583.889s  CENSUS   before NWF SAVE  models 4  sets 62  tests 1830  results 69  views 93
16:46:30.070  +1583.944s  NWF      attempt  C:\00-NM\Federation Task\C02 + 04\C02\NWF\1104-PAR-1A02WO-ZZZ-BM-MOD-000001.nwf
16:46:30.346  +1584.221s  NWF      written  C:\00-NM\Federation Task\C02 + 04\C02\NWF\1104-PAR-1A02WO-ZZZ-BM-MOD-000001.nwf  986,967 bytes
16:46:30.382  +1584.256s  CENSUS   after  NWF SAVE  models 4  sets 62  tests 1830  results 69  views 93
16:46:30.432  +1584.306s  STEP     NWF SAVE      finished 0.370s  saved 986967 bytes
16:46:30.445  +1584.320s  UNITS    every number converted from ft to m, one ft is 0.3048 m, 1830 tests and 69 rows. The report is written in Meters (m)
16:46:30.464  +1584.338s  STEP     WORKBOOK      started
16:46:30.542  +1584.416s  CENSUS   before WORKBOOK  models 4  sets 62  tests 1830  results 69  views 93
16:46:30.663  +1584.537s  XLSX     attempt  C:\00-NM\Federation Task\C02 + 04\C02\Clash Report\1104-PAR-1A02WO-ZZZ-BM-MOD-000001.xlsx
16:46:51.929  +1605.803s  XLSX     written  C:\00-NM\Federation Task\C02 + 04\C02\Clash Report\1104-PAR-1A02WO-ZZZ-BM-MOD-000001.xlsx  484,525 bytes

================================================================
WORKBOOK CHECK 1A02WO
================================================================
16:46:54.776  +1608.650s  CHECK    1 sheet, "1104-PAR-1A02WO-ZZZ-BM-MOD-0000", 1830 test blocks, 69 clash rows.
16:46:54.801  +1608.675s           the first blocks hold 0, 0, 0, 0, 0, 0, 0, 0 and so on.
16:46:54.828  +1608.702s           Every column, value shape, fill, border, row height and column width matches the client's report, and the blocks are in their order.
16:46:54.851  +1608.725s           Not compared: the font, the sheet name, freeze panes, print setup, merged ranges, and whether a value is true. See docs\history\scan.md 4q.
16:46:55.115  +1608.989s           The client column set was read from clash_report_html_tabular.xsl in the Navisworks install and from the exports in samples\client-report, never from a list typed into this tool.
16:46:55.234  +1609.109s  BLOCKS   1830 in the workbook, one for every test in the file
16:46:55.772  +1609.646s  CENSUS   after  WORKBOOK  models 4  sets 62  tests 1830  results 69  views 93
16:46:55.820  +1609.694s  STEP     WORKBOOK      finished 25.057s  wrote 484525 bytes
16:46:55.914  +1609.790s  STEP     HTML          started
16:46:56.058  +1609.933s  CENSUS   before HTML  models 4  sets 62  tests 1830  results 69  views 93
16:46:56.153  +1610.027s  HTML     attempt  C:\00-NM\Federation Task\C02 + 04\C02\Clash Report\1104-PAR-1A02WO-ZZZ-BM-MOD-000001.html
16:46:56.192  +1610.066s  LOGO     C:\Program Files\Autodesk\Navisworks Manage 2025\Images\logo.jpg copied into C:\00-NM\Federation Task\C02 + 04\C02\Clash Report\1104-PAR-1A02WO-ZZZ-BM-MOD-000001_files
16:46:56.598  +1610.473s  HTML     written  C:\00-NM\Federation Task\C02 + 04\C02\Clash Report\1104-PAR-1A02WO-ZZZ-BM-MOD-000001.html  3,929,621 bytes

================================================================
REPORT CHECK 1A02WO
================================================================
16:46:57.386  +1611.261s  CHECK    69 clash rows on the page.
16:46:57.406  +1611.280s           Item ID filled on 69 of 69 for item 1 and 69 of 69 for item 2.
16:46:57.425  +1611.299s           the first one reads Element ID: 784399
16:46:57.448  +1611.323s           no column the client's report does not have.
16:46:57.544  +1611.418s           the tolerance cell reads 0.025m
16:46:57.576  +1611.450s           69 picture references, 69 with a backslash, 69 on disk.
16:46:57.601  +1611.475s           the logo is 1104-PAR-1A02WO-ZZZ-BM-MOD-000001_files\logo.jpg and it is on disk.
16:46:57.632  +1611.507s           The tests are in the wrong order. Block 15 holds 0 clashes and block 16 holds 7. The client's report puts the most clashes first, so a reader is not scrolling past empty tests.
16:46:57.660  +1611.534s           The client column set was read from clash_report_html_tabular.xsl in the Navisworks install and from the exports in samples\client-report, never from a list typed into this tool.
16:46:57.722  +1611.598s  CENSUS   after  HTML  models 4  sets 62  tests 1830  results 69  views 93
16:46:57.897  +1611.771s  STEP     HTML          finished 1.799s  wrote 3929621 bytes
16:46:58.028  +1611.903s  XML      skipped  not wanted this run
16:46:58.078  +1611.952s  STEP     NWD           started
16:46:58.155  +1612.030s  CENSUS   before NWD  models 4  sets 62  tests 1830  results 69  views 93
16:46:58.414  +1612.289s  NWD      attempt  C:\00-NM\Federation Task\C02 + 04\C02\NWD\1104-PAR-1A02WO-ZZZ-BM-MOD-000001.nwd
16:46:58.473  +1612.347s  NWD      publish properties set: Title=1104-PAR-1A02WO-ZZZ-BM-MOD-000001, Publisher=Parsons NWC Federator, Subject=Federation of building 1A02WO, Author=bader, AllowResave=true, EmbedDatabaseProperties=true, PreventObjectPropertyExport=false
16:46:59.679  +1613.554s  NWD      written  C:\00-NM\Federation Task\C02 + 04\C02\NWD\1104-PAR-1A02WO-ZZZ-BM-MOD-000001.nwd  2,796,780 bytes
16:46:59.741  +1613.615s  CENSUS   after  NWD  models 4  sets 62  tests 1830  results 69  views 93
16:46:59.916  +1613.791s  STEP     NWD           finished 1.650s  published 2796780 bytes
16:46:59.977  +1613.852s  STEP     CONFIRM       started
16:47:00.020  +1613.896s  CENSUS   before CONFIRM  models 4  sets 62  tests 1830  results 69  views 93
16:47:00.080  +1613.955s  NWF      intact   C:\00-NM\Federation Task\C02 + 04\C02\NWF\1104-PAR-1A02WO-ZZZ-BM-MOD-000001.nwf  986,967 bytes, unchanged by publishing the NWD
16:47:00.113  +1613.988s  CENSUS   after  CONFIRM  models 4  sets 62  tests 1830  results 69  views 93
16:47:00.144  +1614.019s  STEP     CONFIRM       finished 0.125s  the NWF is 986967 bytes

================================================================
GAP 1A02WO
================================================================
16:47:00.262  +1614.136s  4 numbers are measured off every item and reach no output. Nothing here is a fault and nothing acts on it
16:47:00.281  +1614.156s  Family              138 of 138 item cells carry it  it would belong in a workbook column of ours, which is Q25
16:47:00.303  +1614.178s  Type Name           138 of 138 item cells carry it  it would belong in a workbook column of ours, which is Q25
16:47:00.325  +1614.200s  Material            134 of 138 item cells carry it  it would belong in a workbook column of ours, which is Q25
16:47:00.350  +1614.225s  Id From             138 of 138 item cells carry it  the ITEM IDS block counts it per property and no output names it per item
16:47:00.378  +1614.252s  STEP     TESTS RUN     190 visits, 85.869s in total
16:47:00.413  +1614.287s  STEP     HARVEST       190 visits, 12.232s in total
16:47:00.435  +1614.310s  STEP     IMAGES        69 visits, 4.908s in total
16:47:00.459  +1614.334s  CENSUS   cost 0.761s over 24 counts in this group. That is inside the 1.000s a group is allowed
16:47:00.482  +1614.356s  GROUP    finished 1A02WO  DONE  162.108s  Weekly run plus XML

================================================================
TIMING 1A02WO
================================================================
16:47:00.588  +1614.463s  TESTS RUN                85.869s   53.0%  190 visits
16:47:00.615  +1614.490s  WORKBOOK                 25.057s   15.5%
16:47:00.637  +1614.512s  HARVEST                  12.232s    7.5%  190 visits
16:47:00.654  +1614.528s  SETS                      2.795s    1.7%
16:47:00.692  +1614.567s  VIEWS                     1.997s    1.2%
16:47:00.731  +1614.606s  HTML                      1.799s    1.1%
16:47:00.757  +1614.632s  DECIDE                    1.717s    1.1%
16:47:00.778  +1614.653s  NWD                       1.650s    1.0%
16:47:00.799  +1614.673s  UNITS                     0.388s    0.2%
16:47:00.822  +1614.697s  NWF SAVE                  0.370s    0.2%
16:47:00.849  +1614.723s  CONFIRM                   0.125s    0.1%
16:47:00.868  +1614.742s  outside every step       28.110s   17.3%
16:47:00.898  +1614.773s  
16:47:00.940  +1614.814s  group total             162.108s
16:47:00.972  +1614.846s  outside every step is the work between them and the work nothing times yet
16:47:01.008  +1614.883s  
16:47:01.036  +1614.911s  inside another step, so these seconds are already counted above
16:47:01.061  +1614.935s  IMAGES                    4.908s    3.0%  69 visits
16:47:01.108  +1614.983s  GAPS     4 things are measured on every item and reach no output, over 10 groups: Family, Type Name, Material, Id From. Each is a question rather than a fault and nothing acts on them

================================================================
SOURCE FINDINGS
================================================================
16:47:01.272  +1615.147s  40 NWC files were checked against the Revit model each was published from.
16:47:01.292  +1615.167s  SOURCE MISMATCH   The NWC files named 1000BS were published from a Revit model named 100000.
16:47:01.313  +1615.188s                    The federation is named from the NWC file name, so it will be called 1000BS. Usually this means the Revit file still carries an older building code, or the NWC was exported under a name typed by hand. Nothing is changed and neither name is assumed right.
16:47:01.341  +1615.216s                    1104-PAR-1000BS-ZZZ-AR-MOD-003001
16:47:01.366  +1615.240s                    from 1104-PAR-100000-ZZZ-AR-MOD-003000
16:47:01.382  +1615.257s  SOURCE MISMATCH   The NWC files named 1000BS were published from a Revit model named 100000.
16:47:01.403  +1615.277s                    The federation is named from the NWC file name, so it will be called 1000BS. Usually this means the Revit file still carries an older building code, or the NWC was exported under a name typed by hand. Nothing is changed and neither name is assumed right.
16:47:01.449  +1615.324s                    1104-PAR-1000BS-ZZZ-AR-MOD-003002
16:47:01.506  +1615.382s                    from 1104-PAR-100000-ZZZ-AR-MOD-003000
16:47:01.534  +1615.408s  SOURCE MISMATCH   The NWC files named 1A02BS were published from a Revit model named 100000.
16:47:01.571  +1615.446s                    The federation is named from the NWC file name, so it will be called 1A02BS. Usually this means the Revit file still carries an older building code, or the NWC was exported under a name typed by hand. Nothing is changed and neither name is assumed right.
16:47:01.598  +1615.473s                    1104-PAR-1A02BS-ZZZ-AR-MOD-001000
16:47:01.627  +1615.501s                    from 1104-PAR-100000-ZZZ-AR-MOD-001000
16:47:01.656  +1615.530s  SOURCE MISMATCH   The NWC files named 1A02BS were published from a Revit model named 100000.
16:47:01.677  +1615.552s                    The federation is named from the NWC file name, so it will be called 1A02BS. Usually this means the Revit file still carries an older building code, or the NWC was exported under a name typed by hand. Nothing is changed and neither name is assumed right.
16:47:01.701  +1615.575s                    1104-PAR-1A02BS-ZZZ-AR-MOD-002000
16:47:01.731  +1615.605s                    from 1104-PAR-100000-ZZZ-AR-MOD-002000
16:47:01.759  +1615.634s  SOURCE MISMATCH   The NWC files named 1A02BS were published from a Revit model named 100000.
16:47:01.784  +1615.658s                    The federation is named from the NWC file name, so it will be called 1A02BS. Usually this means the Revit file still carries an older building code, or the NWC was exported under a name typed by hand. Nothing is changed and neither name is assumed right.
16:47:01.803  +1615.678s                    1104-PAR-1A02BS-ZZZ-AR-MOD-003000
16:47:01.822  +1615.696s                    from 1104-PAR-100000-ZZZ-AR-MOD-003000
16:47:01.842  +1615.717s  SOURCE MISMATCH   The NWC files named 1A02BS were published from a Revit model named 100000.
16:47:01.862  +1615.737s                    The federation is named from the NWC file name, so it will be called 1A02BS. Usually this means the Revit file still carries an older building code, or the NWC was exported under a name typed by hand. Nothing is changed and neither name is assumed right.
16:47:01.878  +1615.753s                    1104-PAR-1A02BS-ZZZ-AR-MOD-004000
16:47:01.897  +1615.771s                    from 1104-PAR-100000-ZZZ-AR-MOD-004000
16:47:01.924  +1615.798s  SHARED SOURCE     2 federations are being built from the same Revit building, 100000.
16:47:01.968  +1615.843s                    They are 1000BS and 1A02BS. That usually means one of the NWC file names is wrong and these should be one building. Nothing is merged and no group is unpicked, so the decision is yours.

================================================================
SETS ACROSS THE RUN
================================================================
16:47:02.071  +1615.946s  groups in this run : 10
16:47:02.091  +1615.966s  sets looked at     : 61
16:47:02.137  +1616.011s  found nothing in every group : 33
16:47:02.155  +1616.030s      lcop_selection_set_tree/Architecture/BLD-AR-Stairs  asked UNKNOWN
16:47:02.172  +1616.047s      lcop_selection_set_tree/Architecture/BLD-AR-Ramps  asked UNKNOWN
16:47:02.191  +1616.066s      lcop_selection_set_tree/Architecture/BLD-AR-Roofs  asked UNKNOWN
16:47:02.210  +1616.084s      lcop_selection_set_tree/Architecture/BLD-AR-Columns  asked UNKNOWN
16:47:02.226  +1616.101s      lcop_selection_set_tree/Architecture/BLD-AR-Casework  asked UNKNOWN
16:47:02.252  +1616.127s      lcop_selection_set_tree/Architecture/BLD-AR-Parking  asked UNKNOWN
16:47:02.276  +1616.151s      lcop_selection_set_tree/Architecture/BLD-AR-Railings  asked UNKNOWN
16:47:02.292  +1616.167s      lcop_selection_set_tree/Mechanical/Mechanical-HVAC/BLD-ME-Ducts&Duct Fittings  asked UNKNOWN
16:47:02.309  +1616.183s      lcop_selection_set_tree/Mechanical/Mechanical-HVAC/BLD-ME-Duct Accessory  asked UNKNOWN
16:47:02.325  +1616.200s      lcop_selection_set_tree/Mechanical/Mechanical-HVAC/BLD-ME-Mechanical Equipment  asked UNKNOWN
16:47:02.344  +1616.219s      and 23 more that found nothing in every group, counted and not listed
16:47:02.418  +1616.293s  ALIGNMENT across the run: 25 model(s) sit somewhere their group's reference model does not. Nothing was changed and every group ran.
16:47:02.442  +1616.317s  ALIGNMENT failed 2 group(s), each because a model was exported on the internal origin or names no shared site. Every one of them still wrote its NWF, its NWD and its report.
16:47:02.473  +1616.348s     FAILED 1A02MM: 1 model(s) were exported on Revit's internal origin and not on a shared site, which puts them in a different coordinate system from the rest of the group: ST  1104-PAR-1A02MM-ZZZ-ST-MOD-000001.nwc. Every output of this group was still written, so the evidence is there to send.
16:47:02.498  +1616.373s     FAILED 1A02WL: 2 model(s) were exported on Revit's internal origin and not on a shared site, which puts them in a different coordinate system from the rest of the group: ST  1104-PAR-1A02WL-ZZZ-ST-MOD-000004.nwc, ST  1104-PAR-1A02WL-ZZZ-ST-MOD-000005.nwc. Every output of this group was still written, so the evidence is there to send.
16:47:02.522  +1616.397s  EXPORT CHECK across the run: 0 model(s) carry no workset at all and 0 do not carry an element id on every element
16:47:02.555  +1616.430s  REVIEWED rule B 0 set, 37 pairs in the file matched no test in this run
16:47:02.575  +1616.449s           BLD-ST-Framing and BLD-ST-Foundation, beam bears on foundation
16:47:02.592  +1616.466s           BLD-ST-Walls and BLD-ST-Framing, wall meets beam
16:47:02.614  +1616.489s           BLD-ST-Stair and BLD-ST-Floors, stair lands on slab
16:47:02.643  +1616.517s           BLD-AR-Railings and BLD-AR-Stairs, railing sits on stair
16:47:02.665  +1616.540s           BLD-AR-Railings and BLD-AR-Floors, railing sits on slab
16:47:02.687  +1616.561s           BLD-AR-Stairs and BLD-AR-Floors, stair lands on slab
16:47:02.705  +1616.579s           BLD-AR-Ramps and BLD-AR-Floors, ramp meets slab
16:47:02.717  +1616.592s           BLD-AR-Ceilings and BLD-AR-Walls, ceiling meets wall
16:47:02.737  +1616.612s           BLD-ST-Walls and BLD-AR-Doors, door frame sits in the structural wall
16:47:02.761  +1616.635s           BLD-ST-Walls and BLD-AR-Ceilings, ceiling meets the structural wall
16:47:02.793  +1616.667s           BLD-ST-Framing and BLD-AR-Floors, floor finish laps the beam
16:47:02.811  +1616.686s           BLD-ST-Framing and BLD-AR-Ceilings, ceiling meets beam
16:47:02.834  +1616.708s           BLD-ST-Floors and BLD-AR-Floors, floor finish sits on the structural slab
16:47:02.854  +1616.728s           BLD-ST-Columns and BLD-AR-Walls, wall meets column
16:47:02.874  +1616.748s           BLD-ST-Foundation and BLD-AR-Floors, floor finish sits on the foundation
16:47:02.894  +1616.769s           BLD-EL-Lighting Fixtures and BLD-AR-Ceilings, light is recessed in ceiling
16:47:02.920  +1616.795s           BLD-ME-Ducts&Duct Fittings and BLD-ME-Duct Accessory, damper sits in duct run
16:47:02.948  +1616.823s           BLD-ME-Ducts&Duct Fittings and BLD-ME-Air Terminals, diffuser connects to duct
16:47:02.967  +1616.842s           BLD-ME-Ducts&Duct Fittings and BLD-ME-Flex Ducts, flex connects to duct
16:47:02.984  +1616.859s           BLD-ME-Ducts&Duct Fittings and BLD-ME-Mechanical Equipment, duct connects to plant
16:47:03.004  +1616.879s           BLD-ME-Pipes&Pipe Fittings and BLD-ME-Pipe Accessories, valve sits in pipe run
16:47:03.023  +1616.898s           BLD-ME-Pipes&Pipe Fittings and BLD-ME-Plumbing Fixtures, pipe connects to fixture
16:47:03.045  +1616.920s           BLD-ME-Pipes&Pipe Fittings and BLD-ME-Flex Pipes, flex connects to pipe
16:47:03.121  +1616.996s           BLD-ME-Pipes&Pipe Fittings and BLD-ME-Mechanical Equipment, pipe connects to plant
16:47:03.165  +1617.039s           BLD-FF-Pipes & Pipe Fittings and BLD-FF-Pipe Accessories, valve sits in pipe run
16:47:03.204  +1617.079s           BLD-FF-Pipes & Pipe Fittings and BLD-FF-Pipe Insulations, insulation wraps its own pipe
16:47:03.224  +1617.098s           BLD-FF-Pipes & Pipe Fittings and BLD-FF-Sprinklers, sprinkler head connects to pipe
16:47:03.243  +1617.117s           BLD-FF-Pipes & Pipe Fittings and BLD-FF-Plumbing Fixtures, pipe connects to fixture
16:47:03.262  +1617.137s           BLD-FF-Pipes & Pipe Fittings and BLD-FF-Mechanical Equipment, pipe connects to pump
16:47:03.282  +1617.156s           BLD-PL-Pipes & Pipe Fittings and BLD-PL-Pipe Accessories, valve sits in pipe run
16:47:03.309  +1617.183s           BLD-PL-Pipes & Pipe Fittings and BLD-PL-Pipe Insulations, insulation wraps its own pipe
16:47:03.337  +1617.211s           BLD-PL-Pipes & Pipe Fittings and BLD-PL-Plumbing Fixtures, pipe connects to fixture
16:47:03.378  +1617.252s           BLD-PL-Pipes & Pipe Fittings and BLD-PL-Mechanical Equipment, pipe connects to plant
16:47:03.400  +1617.275s           BLD-DR-Pipes & Pipe Fittings and BLD-DR-Pipe Accessories, valve sits in pipe run
16:47:03.420  +1617.294s           BLD-DR-Pipes & Pipe Fittings and BLD-DR-Pipe Insulations, insulation wraps its own pipe
16:47:03.446  +1617.321s           BLD-DR-Pipes & Pipe Fittings and BLD-DR-Mechanical Equipment, pipe connects to plant
16:47:03.466  +1617.341s           BLD-EL-Conduits & Conduit Fittings and BLD-EL-Cable Tray&Cable Tray Fittings, conduit enters tray
16:47:03.490  +1617.365s  WORKBOOK 18,300 test blocks, 1,041 ran and 17,259 are tests that never ran. Their tolerance reads off the picked file
16:47:03.529  +1617.403s  TOLERANCE on the report, read off the clash test in the document for 1041, the clash XML for 17259, chosen in the tool for 0, UNKNOWN for 0, 18300 tests in all
16:47:03.554  +1617.428s  RUN      finished

================================================================
TIMING, THE WHOLE RUN
================================================================
16:47:03.710  +1617.584s  session                 : 26 minutes 57 seconds, 1617.5 seconds
16:47:03.779  +1617.654s  waiting for the person  : 1 minute 36 seconds, 95.8 seconds
16:47:03.854  +1617.729s  the run                 : 25 minutes 22 seconds, 1521.7 seconds
16:47:03.928  +1617.802s  after the run finished  : 0 seconds, 0.1 seconds
16:47:04.023  +1617.897s  the run is RUN started to RUN finished, and every share below is worked off it. The other two are not work this tool did
16:47:04.081  +1617.956s  
16:47:04.111  +1617.986s  by group, slowest first
16:47:04.162  +1618.037s  1A02MM                  655.590s   43.1%
16:47:04.232  +1618.107s  1A02WM                  304.239s   20.0%
16:47:04.302  +1618.177s  1A02WO                  162.108s   10.7%
16:47:04.321  +1618.196s  1A02WN                  126.576s    8.3%
16:47:04.341  +1618.216s  1A02WE                  106.881s    7.0%
16:47:04.375  +1618.250s  1A02BS                   58.112s    3.8%
16:47:04.406  +1618.281s  1A02MS                   39.473s    2.6%
16:47:04.456  +1618.330s  1A02WL                   24.938s    1.6%
16:47:04.491  +1618.365s  1000BS                   19.161s    1.3%
16:47:04.516  +1618.390s  1A0215                   17.070s    1.1%
16:47:04.539  +1618.414s  outside every step        7.515s    0.5%
16:47:04.561  +1618.437s  
16:47:04.587  +1618.461s  run total              1521.664s
16:47:04.613  +1618.487s  outside every step is the work between them and the work nothing times yet
16:47:04.636  +1618.511s  
16:47:04.667  +1618.542s  by step across every group, slowest first
16:47:04.690  +1618.565s  TESTS RUN               904.994s   59.5%  1041 visits
16:47:04.714  +1618.588s  WORKBOOK                197.127s   13.0%  10 visits
16:47:04.734  +1618.609s  VIEWS                    96.220s    6.3%  10 visits
16:47:04.757  +1618.632s  HARVEST                  76.478s    5.0%  1041 visits
16:47:04.779  +1618.654s  SETS                     17.467s    1.1%  10 visits
16:47:04.803  +1618.677s  NWD                      15.179s    1.0%  10 visits
16:47:04.829  +1618.704s  DECIDE                   13.747s    0.9%  10 visits
16:47:04.847  +1618.722s  HTML                     10.569s    0.7%  10 visits
16:47:04.866  +1618.740s  NWF SAVE                  6.527s    0.4%  8 visits
16:47:04.884  +1618.758s  UNITS                     1.614s    0.1%  10 visits
16:47:04.904  +1618.778s  CONFIRM                   1.161s    0.1%  10 visits
16:47:04.923  +1618.798s  outside every step      180.581s   11.9%
16:47:04.946  +1618.821s  
16:47:04.970  +1618.845s  inside another step, so these seconds are already counted above
16:47:04.992  +1618.866s  IMAGES                   38.165s    2.5%  1071 visits
16:47:05.009  +1618.884s  
16:47:05.026  +1618.901s  The run took 25 minutes 22 seconds, 1521.664s. That is inside the 45 minutes 0 seconds a run has to finish in, by 19 minutes 38 seconds.

================================================================
RESULT
================================================================
16:47:05.195  +1619.069s  groups done    : 8
16:47:05.271  +1619.146s  groups partial : 0
16:47:05.300  +1619.174s  groups failed  : 2

16:47:05.351  +1619.225s  first run      : 0
16:47:05.383  +1619.257s  weekly run     : 0
16:47:05.409  +1619.283s  weekly + XML   : 10
16:47:05.431  +1619.305s  rebuilt        : 0
16:47:05.454  +1619.329s  skipped        : 0
16:47:05.487  +1619.362s  penetrations   : 56 clashes moved to Reviewed
16:47:05.560  +1619.435s  by priority    : A 742, B 91, C 238, No priority 0, 1071 in all
16:47:05.623  +1619.498s  by design      : 0 clashes moved to Reviewed

16:47:05.685  +1619.560s  files written  : 38, every size read back off the disk
                          XLSX  C:\00-NM\Federation Task\C02 + 04\C02\Clash Report\1104-PAR-1000BS-ZZZ-BM-MOD-000001.xlsx  471,819 bytes
                          HTML  C:\00-NM\Federation Task\C02 + 04\C02\Clash Report\1104-PAR-1000BS-ZZZ-BM-MOD-000001.html  2,683,307 bytes
                          NWD   C:\00-NM\Federation Task\C02 + 04\C02\NWD\1104-PAR-1000BS-ZZZ-BM-MOD-000001.nwd  249,144 bytes
                          NWF   C:\00-NM\Federation Task\C02 + 04\C02\NWF\1104-PAR-1A0215-ZZZ-BM-MOD-000001.nwf  78,366 bytes
                          XLSX  C:\00-NM\Federation Task\C02 + 04\C02\Clash Report\1104-PAR-1A0215-ZZZ-BM-MOD-000001.xlsx  471,846 bytes
                          HTML  C:\00-NM\Federation Task\C02 + 04\C02\Clash Report\1104-PAR-1A0215-ZZZ-BM-MOD-000001.html  2,683,307 bytes
                          NWD   C:\00-NM\Federation Task\C02 + 04\C02\NWD\1104-PAR-1A0215-ZZZ-BM-MOD-000001.nwd  14,276,149 bytes
                          NWF   C:\00-NM\Federation Task\C02 + 04\C02\NWF\1104-PAR-1A02BS-ZZZ-BM-MOD-000001.nwf  1,296,725 bytes
                          XLSX  C:\00-NM\Federation Task\C02 + 04\C02\Clash Report\1104-PAR-1A02BS-ZZZ-BM-MOD-000001.xlsx  487,767 bytes
                          HTML  C:\00-NM\Federation Task\C02 + 04\C02\Clash Report\1104-PAR-1A02BS-ZZZ-BM-MOD-000001.html  3,972,854 bytes
                          NWD   C:\00-NM\Federation Task\C02 + 04\C02\NWD\1104-PAR-1A02BS-ZZZ-BM-MOD-000001.nwd  2,781,933 bytes
                          NWF   C:\00-NM\Federation Task\C02 + 04\C02\NWF\1104-PAR-1A02MM-ZZZ-BM-MOD-000001.nwf  24,835,774 bytes
                          XLSX  C:\00-NM\Federation Task\C02 + 04\C02\Clash Report\1104-PAR-1A02MM-ZZZ-BM-MOD-000001.xlsx  546,304 bytes
                          HTML  C:\00-NM\Federation Task\C02 + 04\C02\Clash Report\1104-PAR-1A02MM-ZZZ-BM-MOD-000001.html  4,418,646 bytes
                          NWD   C:\00-NM\Federation Task\C02 + 04\C02\NWD\1104-PAR-1A02MM-ZZZ-BM-MOD-000001.nwd  26,749,786 bytes
                          XLSX  C:\00-NM\Federation Task\C02 + 04\C02\Clash Report\1104-PAR-1A02MS-ZZZ-BM-MOD-000001.xlsx  471,822 bytes
                          HTML  C:\00-NM\Federation Task\C02 + 04\C02\Clash Report\1104-PAR-1A02MS-ZZZ-BM-MOD-000001.html  2,683,307 bytes
                          NWD   C:\00-NM\Federation Task\C02 + 04\C02\NWD\1104-PAR-1A02MS-ZZZ-BM-MOD-000001.nwd  12,752,989 bytes
                          NWF   C:\00-NM\Federation Task\C02 + 04\C02\NWF\1104-PAR-1A02WE-ZZZ-BM-MOD-000001.nwf  481,727 bytes
                          XLSX  C:\00-NM\Federation Task\C02 + 04\C02\Clash Report\1104-PAR-1A02WE-ZZZ-BM-MOD-000001.xlsx  479,016 bytes
                          HTML  C:\00-NM\Federation Task\C02 + 04\C02\Clash Report\1104-PAR-1A02WE-ZZZ-BM-MOD-000001.html  3,884,533 bytes
                          NWD   C:\00-NM\Federation Task\C02 + 04\C02\NWD\1104-PAR-1A02WE-ZZZ-BM-MOD-000001.nwd  1,115,209 bytes
                          NWF   C:\00-NM\Federation Task\C02 + 04\C02\NWF\1104-PAR-1A02WL-ZZZ-BM-MOD-000001.nwf  249,786 bytes
                          XLSX  C:\00-NM\Federation Task\C02 + 04\C02\Clash Report\1104-PAR-1A02WL-ZZZ-BM-MOD-000001.xlsx  476,384 bytes
                          HTML  C:\00-NM\Federation Task\C02 + 04\C02\Clash Report\1104-PAR-1A02WL-ZZZ-BM-MOD-000001.html  3,870,392 bytes
                          NWD   C:\00-NM\Federation Task\C02 + 04\C02\NWD\1104-PAR-1A02WL-ZZZ-BM-MOD-000001.nwd  4,799,798 bytes
                          NWF   C:\00-NM\Federation Task\C02 + 04\C02\NWF\1104-PAR-1A02WM-ZZZ-BM-MOD-000001.nwf  6,257,126 bytes
                          XLSX  C:\00-NM\Federation Task\C02 + 04\C02\Clash Report\1104-PAR-1A02WM-ZZZ-BM-MOD-000001.xlsx  512,106 bytes
                          HTML  C:\00-NM\Federation Task\C02 + 04\C02\Clash Report\1104-PAR-1A02WM-ZZZ-BM-MOD-000001.html  4,123,200 bytes
                          NWD   C:\00-NM\Federation Task\C02 + 04\C02\NWD\1104-PAR-1A02WM-ZZZ-BM-MOD-000001.nwd  7,792,568 bytes
                          NWF   C:\00-NM\Federation Task\C02 + 04\C02\NWF\1104-PAR-1A02WN-ZZZ-BM-MOD-000001.nwf  913,251 bytes
                          XLSX  C:\00-NM\Federation Task\C02 + 04\C02\Clash Report\1104-PAR-1A02WN-ZZZ-BM-MOD-000001.xlsx  486,819 bytes
                          HTML  C:\00-NM\Federation Task\C02 + 04\C02\Clash Report\1104-PAR-1A02WN-ZZZ-BM-MOD-000001.html  3,938,327 bytes
                          NWD   C:\00-NM\Federation Task\C02 + 04\C02\NWD\1104-PAR-1A02WN-ZZZ-BM-MOD-000001.nwd  1,707,268 bytes
                          NWF   C:\00-NM\Federation Task\C02 + 04\C02\NWF\1104-PAR-1A02WO-ZZZ-BM-MOD-000001.nwf  986,967 bytes
                          XLSX  C:\00-NM\Federation Task\C02 + 04\C02\Clash Report\1104-PAR-1A02WO-ZZZ-BM-MOD-000001.xlsx  484,525 bytes
                          HTML  C:\00-NM\Federation Task\C02 + 04\C02\Clash Report\1104-PAR-1A02WO-ZZZ-BM-MOD-000001.html  3,929,621 bytes
                          NWD   C:\00-NM\Federation Task\C02 + 04\C02\NWD\1104-PAR-1A02WO-ZZZ-BM-MOD-000001.nwd  2,796,780 bytes

16:47:07.104  +1620.979s  errors         : 2, repeated here in full

16:47:07.164  +1621.039s    [1] group 1A02MM ended FAILED
                          reason   : 1 model(s) were exported on Revit's internal origin and not on a shared site, which puts them in a different coordinate system from the rest of the group: ST  1104-PAR-1A02MM-ZZZ-ST-MOD-000001.nwc. Every output of this group was still written, so the evidence is there to send.

16:47:07.245  +1621.120s    [2] group 1A02WL ended FAILED
                          reason   : 2 model(s) were exported on Revit's internal origin and not on a shared site, which puts them in a different coordinate system from the rest of the group: ST  1104-PAR-1A02WL-ZZZ-ST-MOD-000004.nwc, ST  1104-PAR-1A02WL-ZZZ-ST-MOD-000005.nwc. Every output of this group was still written, so the evidence is there to send.

16:47:07.315  +1621.191s  lines collapsed in this file, all of them kept in the .tsv beside it:
16:47:07.337  +1621.211s      CLASH found clashes: 162 written as 5 and 157 counted. Every one is in the machine readable log
16:47:07.355  +1621.229s      CLASH passed, found nothing: 879 written as 5 and 874 counted. Every one is in the machine readable log
16:47:07.380  +1621.255s      ROWS the two numbers agree: 1041 written as 5 and 1036 counted. Every one is in the machine readable log

16:47:07.427  +1621.302s  run time       : 1521.664s
16:47:07.447  +1621.321s  waiting for the person : 95.764s, which is not work this tool did
16:47:07.467  +1621.342s  total elapsed  : 1621.342s
16:47:07.491  +1621.366s  the .log so far: 835,043 bytes, read before this block finished writing
16:47:07.512  +1621.387s  the .tsv       : 353,784 bytes, which keeps every line the .log collapsed
16:47:07.554  +1621.428s  COPY     written  C:\00-NM\Federation Task\C02 + 04\C02\NWF\run-20260920-162006.log  835,243 bytes
16:53:22.840  +1996.714s  Window closed.
