time	seconds	group	step	event	name	number	text
14:25:34.920	82.770	1000BS	DECIDE	step started	DECIDE	0	
14:25:34.926	82.775	1000BS	DECIDE	census before	models	0	
14:25:34.927	82.776	1000BS	DECIDE	census before	sets	0	
14:25:34.928	82.778	1000BS	DECIDE	census before	tests	0	
14:25:34.930	82.779	1000BS	DECIDE	census before	results	0	
14:25:34.931	82.780	1000BS	DECIDE	census before	views	0	
14:25:35.629	83.477	1000BS		census after	models	2	
14:25:35.630	83.479	1000BS		census after	sets	61	
14:25:35.631	83.480	1000BS		census after	tests	21	
14:25:35.633	83.482	1000BS		census after	results	0	
14:25:35.634	83.483	1000BS		census after	views	12	
14:25:35.639	83.488	1000BS		step finished	DECIDE	0.711	Weekly run plus XML
14:25:35.647	83.496	1000BS	UNITS	step started	UNITS	0	
14:25:35.649	83.498	1000BS	UNITS	census before	models	2	
14:25:35.650	83.499	1000BS	UNITS	census before	sets	61	
14:25:35.650	83.500	1000BS	UNITS	census before	tests	21	
14:25:35.652	83.501	1000BS	UNITS	census before	results	0	
14:25:35.652	83.501	1000BS	UNITS	census before	views	12	
14:25:35.681	83.530	1000BS		census after	models	2	
14:25:35.682	83.531	1000BS		census after	sets	61	
14:25:35.683	83.531	1000BS		census after	tests	21	
14:25:35.684	83.532	1000BS		census after	results	0	
14:25:35.684	83.533	1000BS		census after	views	12	
14:25:35.686	83.535	1000BS		step finished	UNITS	0.033	the document was asked for Meters
14:25:35.736	83.585	1000BS		model placement	1104-PAR-1000BS-ZZZ-AR-MOD-003001.nwc	684686.56	Community-2-BS1
14:25:35.737	83.586	1000BS		model placement	1104-PAR-1000BS-ZZZ-AR-MOD-003002.nwc	688556.56	Community-2-BS2
14:25:35.767	83.616	1000BS		model export	1104-PAR-1000BS-ZZZ-AR-MOD-003001.nwc	53	1 workset(s), element id 100%
14:25:35.768	83.617	1000BS		model export	1104-PAR-1000BS-ZZZ-AR-MOD-003002.nwc	53	1 workset(s), element id 100%
14:25:35.774	83.623	1000BS	SETS	step started	SETS	0	
14:25:35.780	83.629	1000BS	SETS	census before	models	2	
14:25:35.781	83.630	1000BS	SETS	census before	sets	61	
14:25:35.782	83.631	1000BS	SETS	census before	tests	21	
14:25:35.783	83.631	1000BS	SETS	census before	results	0	
14:25:35.784	83.632	1000BS	SETS	census before	views	12	
14:25:35.941	83.790	1000BS		census after	models	2	
14:25:35.942	83.790	1000BS		census after	sets	61	
14:25:35.942	83.791	1000BS		census after	tests	21	
14:25:35.943	83.792	1000BS		census after	results	0	
14:25:35.944	83.793	1000BS		census after	views	12	
14:25:35.946	83.795	1000BS		step finished	SETS	0.167	0 created, 61 already there, 0 finding items, 0 at zero.
14:25:36.224	84.073	1000BS	VIEWS	step started	VIEWS	0	
14:25:36.226	84.076	1000BS	VIEWS	census before	models	2	
14:25:36.228	84.076	1000BS	VIEWS	census before	sets	61	
14:25:36.228	84.077	1000BS	VIEWS	census before	tests	21	
14:25:36.229	84.078	1000BS	VIEWS	census before	results	0	
14:25:36.230	84.078	1000BS	VIEWS	census before	views	12	
14:25:36.263	84.112	1000BS		census after	models	2	
14:25:36.264	84.113	1000BS		census after	sets	61	
14:25:36.265	84.114	1000BS		census after	tests	21	
14:25:36.265	84.115	1000BS		census after	results	0	
14:25:36.266	84.115	1000BS		census after	views	12	
14:25:36.269	84.118	1000BS		step finished	VIEWS	0.038	No viewpoint was planned for this group.
14:25:36.313	84.162	1000BS	WORKBOOK	step started	WORKBOOK	0	
14:25:36.317	84.165	1000BS	WORKBOOK	census before	models	2	
14:25:36.318	84.166	1000BS	WORKBOOK	census before	sets	61	
14:25:36.318	84.167	1000BS	WORKBOOK	census before	tests	21	
14:25:36.319	84.167	1000BS	WORKBOOK	census before	results	0	
14:25:36.320	84.168	1000BS	WORKBOOK	census before	views	12	
14:25:44.889	92.738	1000BS	WORKBOOK	written	XLSX	471819	C:\\00-NM\\Federation Task\\C02 + 04\\C02\\Clash Report\\1104-PAR-1000BS-ZZZ-BM-MOD-000001.xlsx
14:25:45.843	93.691	1000BS		census after	models	2	
14:25:45.843	93.692	1000BS		census after	sets	61	
14:25:45.844	93.693	1000BS		census after	tests	21	
14:25:45.845	93.693	1000BS		census after	results	0	
14:25:45.845	93.694	1000BS		census after	views	12	
14:25:45.848	93.697	1000BS		step finished	WORKBOOK	9.528	wrote 471819 bytes
14:25:45.851	93.699	1000BS	HTML	step started	HTML	0	
14:25:45.853	93.702	1000BS	HTML	census before	models	2	
14:25:45.854	93.703	1000BS	HTML	census before	sets	61	
14:25:45.855	93.703	1000BS	HTML	census before	tests	21	
14:25:45.855	93.704	1000BS	HTML	census before	results	0	
14:25:45.856	93.705	1000BS	HTML	census before	views	12	
14:25:45.983	93.832	1000BS	HTML	written	HTML	2683307	C:\\00-NM\\Federation Task\\C02 + 04\\C02\\Clash Report\\1104-PAR-1000BS-ZZZ-BM-MOD-000001.html
14:25:46.132	93.981	1000BS		census after	models	2	
14:25:46.133	93.982	1000BS		census after	sets	61	
14:25:46.133	93.982	1000BS		census after	tests	21	
14:25:46.134	93.983	1000BS		census after	results	0	
14:25:46.134	93.984	1000BS		census after	views	12	
14:25:46.138	93.986	1000BS		step finished	HTML	0.281	wrote 2683307 bytes
14:25:46.142	93.990	1000BS	NWD	step started	NWD	0	
14:25:46.144	93.993	1000BS	NWD	census before	models	2	
14:25:46.145	93.994	1000BS	NWD	census before	sets	61	
14:25:46.145	93.994	1000BS	NWD	census before	tests	21	
14:25:46.146	93.995	1000BS	NWD	census before	results	0	
14:25:46.147	93.996	1000BS	NWD	census before	views	12	
14:25:46.239	94.089	1000BS	NWD	written	NWD	249145	C:\\00-NM\\Federation Task\\C02 + 04\\C02\\NWD\\1104-PAR-1000BS-ZZZ-BM-MOD-000001.nwd
14:25:46.242	94.091	1000BS		census after	models	2	
14:25:46.243	94.092	1000BS		census after	sets	61	
14:25:46.244	94.093	1000BS		census after	tests	21	
14:25:46.244	94.094	1000BS		census after	results	0	
14:25:46.245	94.094	1000BS		census after	views	12	
14:25:46.247	94.097	1000BS		step finished	NWD	0.101	published 249145 bytes
14:25:46.250	94.100	1000BS	CONFIRM	step started	CONFIRM	0	
14:25:46.253	94.102	1000BS	CONFIRM	census before	models	2	
14:25:46.253	94.103	1000BS	CONFIRM	census before	sets	61	
14:25:46.254	94.104	1000BS	CONFIRM	census before	tests	21	
14:25:46.255	94.104	1000BS	CONFIRM	census before	results	0	
14:25:46.256	94.105	1000BS	CONFIRM	census before	views	12	
14:25:46.279	94.128	1000BS		census after	models	2	
14:25:46.279	94.129	1000BS		census after	sets	61	
14:25:46.280	94.129	1000BS		census after	tests	21	
14:25:46.281	94.130	1000BS		census after	results	0	
14:25:46.281	94.131	1000BS		census after	views	12	
14:25:46.342	94.191	1000BS		step finished	CONFIRM	0.028	the NWF is 13091 bytes
14:25:46.363	94.212			group finished	1000BS	11.493	DONE Weekly run plus XML
14:25:46.391	94.241			timing	WORKBOOK	9.528	1 visits
14:25:46.392	94.241			timing	DECIDE	0.711	1 visits
14:25:46.393	94.242			timing	HTML	0.281	1 visits
14:25:46.394	94.243			timing	SETS	0.167	1 visits
14:25:46.394	94.244			timing	NWD	0.101	1 visits
14:25:46.396	94.244			timing	VIEWS	0.038	1 visits
14:25:46.397	94.245			timing	UNITS	0.033	1 visits
14:25:46.398	94.246			timing	CONFIRM	0.028	1 visits
14:25:46.451	94.300	1A0215	DECIDE	step started	DECIDE	0	
14:25:46.454	94.303	1A0215	DECIDE	census before	models	0	
14:25:46.455	94.303	1A0215	DECIDE	census before	sets	0	
14:25:46.455	94.304	1A0215	DECIDE	census before	tests	0	
14:25:46.456	94.305	1A0215	DECIDE	census before	results	0	
14:25:46.457	94.306	1A0215	DECIDE	census before	views	0	
14:25:47.521	95.370	1A0215		census after	models	3	
14:25:47.522	95.371	1A0215		census after	sets	62	
14:25:47.523	95.371	1A0215		census after	tests	1830	
14:25:47.523	95.372	1A0215		census after	results	0	
14:25:47.524	95.373	1A0215		census after	views	20	
14:25:47.526	95.376	1A0215		step finished	DECIDE	1.084	Weekly run plus XML
14:25:47.534	95.384	1A0215	UNITS	step started	UNITS	0	
14:25:47.538	95.388	1A0215	UNITS	census before	models	3	
14:25:47.540	95.389	1A0215	UNITS	census before	sets	62	
14:25:47.540	95.389	1A0215	UNITS	census before	tests	1830	
14:25:47.541	95.390	1A0215	UNITS	census before	results	0	
14:25:47.542	95.391	1A0215	UNITS	census before	views	20	
14:25:47.764	95.613	1A0215		census after	models	3	
14:25:47.765	95.613	1A0215		census after	sets	62	
14:25:47.765	95.614	1A0215		census after	tests	1830	
14:25:47.766	95.615	1A0215		census after	results	0	
14:25:47.767	95.615	1A0215		census after	views	20	
14:25:47.769	95.618	1A0215		step finished	UNITS	0.221	the document was asked for Meters
14:25:47.788	95.636	1A0215		model placement	1104-PAR-1A0215-ZZZ-LS-MOD-000001.nwc	675666.8	Mukaab
14:25:47.788	95.637	1A0215		model placement	1104-PAR-1A0215-ZZZ-LT-MOD-000001.nwc	675666.8	Default Site
14:25:47.789	95.638	1A0215		model placement	1104-PAR-1A0215-ZZZ-SW-MOD-000001.nwc	675666.8	Default Site
14:25:48.171	96.020	1A0215		model export	1104-PAR-1A0215-ZZZ-LS-MOD-000001.nwc	8674	4 workset(s), element id 100%
14:25:48.171	96.021	1A0215		model export	1104-PAR-1A0215-ZZZ-LT-MOD-000001.nwc	279	2 workset(s), element id 100%
14:25:48.173	96.021	1A0215		model export	1104-PAR-1A0215-ZZZ-SW-MOD-000001.nwc	229	1 workset(s), element id 100%
14:25:48.177	96.025	1A0215	SETS	step started	SETS	0	
14:25:48.184	96.033	1A0215	SETS	census before	models	3	
14:25:48.185	96.034	1A0215	SETS	census before	sets	62	
14:25:48.185	96.034	1A0215	SETS	census before	tests	1830	
14:25:48.186	96.035	1A0215	SETS	census before	results	0	
14:25:48.187	96.036	1A0215	SETS	census before	views	20	
14:25:49.863	97.712	1A0215		census after	models	3	
14:25:49.865	97.713	1A0215		census after	sets	62	
14:25:49.865	97.714	1A0215		census after	tests	1830	
14:25:49.865	97.715	1A0215		census after	results	0	
14:25:49.866	97.715	1A0215		census after	views	20	
14:25:49.869	97.718	1A0215		step finished	SETS	1.685	0 created, 61 already there, 0 finding items, 0 at zero.
14:25:50.307	98.156	1A0215	TESTS RUN	step started	TESTS RUN	0	
14:25:50.316	98.164	1A0215	TESTS RUN	census before	models	3	
14:25:50.317	98.166	1A0215	TESTS RUN	census before	sets	62	
14:25:50.318	98.166	1A0215	TESTS RUN	census before	tests	1830	
14:25:50.319	98.167	1A0215	TESTS RUN	census before	results	0	
14:25:50.319	98.168	1A0215	TESTS RUN	census before	views	20	
14:25:50.512	98.361	1A0215		census after	models	3	
14:25:50.514	98.362	1A0215		census after	sets	62	
14:25:50.514	98.363	1A0215		census after	tests	1830	
14:25:50.515	98.364	1A0215		census after	results	0	
14:25:50.516	98.364	1A0215		census after	views	20	
14:25:50.519	98.367	1A0215		step finished	TESTS RUN	0.203	BLD-EL-Lighting Fixtures-vs-BLD-AR-Furniture
14:25:50.526	98.374	1A0215	HARVEST	step started	HARVEST	0	
14:25:50.533	98.381	1A0215	HARVEST	census before	models	3	
14:25:50.533	98.382	1A0215	HARVEST	census before	sets	62	
14:25:50.534	98.383	1A0215	HARVEST	census before	tests	1830	
14:25:50.535	98.383	1A0215	HARVEST	census before	results	0	
14:25:50.535	98.384	1A0215	HARVEST	census before	views	20	
14:25:50.559	98.408	1A0215		census after	models	3	
14:25:50.560	98.408	1A0215		census after	sets	62	
14:25:50.560	98.409	1A0215		census after	tests	1830	
14:25:50.561	98.410	1A0215		census after	results	0	
14:25:50.562	98.410	1A0215		census after	views	20	
14:25:50.564	98.413	1A0215		step finished	HARVEST	0.025	BLD-EL-Lighting Fixtures-vs-BLD-AR-Furniture
14:25:50.566	98.414	1A0215		rows for the workbook	BLD-EL-Lighting Fixtures-vs-BLD-AR-Furniture	0	0 in the document
14:25:50.569	98.418	1A0215		test passed	BLD-EL-Lighting Fixtures-vs-BLD-AR-Furniture	0	ran and found nothing
14:25:50.883	98.731	1A0215	VIEWS	step started	VIEWS	0	
14:25:50.892	98.741	1A0215	VIEWS	census before	models	3	
14:25:50.893	98.742	1A0215	VIEWS	census before	sets	62	
14:25:50.894	98.743	1A0215	VIEWS	census before	tests	1830	
14:25:50.894	98.743	1A0215	VIEWS	census before	results	0	
14:25:50.895	98.744	1A0215	VIEWS	census before	views	20	
14:25:50.917	98.766	1A0215		census after	models	3	
14:25:50.918	98.767	1A0215		census after	sets	62	
14:25:50.918	98.767	1A0215		census after	tests	1830	
14:25:50.919	98.768	1A0215		census after	results	0	
14:25:50.920	98.769	1A0215		census after	views	20	
14:25:50.923	98.771	1A0215		step finished	VIEWS	0.036	No viewpoint was planned for this group.
14:25:50.960	98.809	1A0215	NWF SAVE	step started	NWF SAVE	0	
14:25:50.983	98.832	1A0215	NWF SAVE	census before	models	3	
14:25:50.984	98.832	1A0215	NWF SAVE	census before	sets	62	
14:25:50.984	98.833	1A0215	NWF SAVE	census before	tests	1830	
14:25:50.985	98.834	1A0215	NWF SAVE	census before	results	0	
14:25:50.986	98.835	1A0215	NWF SAVE	census before	views	20	
14:25:51.057	98.905	1A0215	NWF SAVE	written	NWF	78366	C:\\00-NM\\Federation Task\\C02 + 04\\C02\\NWF\\1104-PAR-1A0215-ZZZ-BM-MOD-000001.nwf
14:25:51.062	98.911	1A0215		census after	models	3	
14:25:51.063	98.912	1A0215		census after	sets	62	
14:25:51.064	98.912	1A0215		census after	tests	1830	
14:25:51.065	98.913	1A0215		census after	results	0	
14:25:51.065	98.914	1A0215		census after	views	20	
14:25:51.077	98.926	1A0215		step finished	NWF SAVE	0.1	saved 78366 bytes
14:25:51.083	98.931	1A0215	WORKBOOK	step started	WORKBOOK	0	
14:25:51.087	98.936	1A0215	WORKBOOK	census before	models	3	
14:25:51.088	98.937	1A0215	WORKBOOK	census before	sets	62	
14:25:51.089	98.938	1A0215	WORKBOOK	census before	tests	1830	
14:25:51.089	98.938	1A0215	WORKBOOK	census before	results	0	
14:25:51.090	98.939	1A0215	WORKBOOK	census before	views	20	
14:25:56.825	104.674	1A0215	WORKBOOK	written	XLSX	471846	C:\\00-NM\\Federation Task\\C02 + 04\\C02\\Clash Report\\1104-PAR-1A0215-ZZZ-BM-MOD-000001.xlsx
14:25:57.344	105.193	1A0215		census after	models	3	
14:25:57.345	105.194	1A0215		census after	sets	62	
14:25:57.346	105.194	1A0215		census after	tests	1830	
14:25:57.346	105.195	1A0215		census after	results	0	
14:25:57.347	105.196	1A0215		census after	views	20	
14:25:57.350	105.199	1A0215		step finished	WORKBOOK	6.259	wrote 471846 bytes
14:25:57.353	105.202	1A0215	HTML	step started	HTML	0	
14:25:57.373	105.222	1A0215	HTML	census before	models	3	
14:25:57.374	105.223	1A0215	HTML	census before	sets	62	
14:25:57.374	105.223	1A0215	HTML	census before	tests	1830	
14:25:57.375	105.224	1A0215	HTML	census before	results	0	
14:25:57.376	105.225	1A0215	HTML	census before	views	20	
14:25:57.482	105.331	1A0215	HTML	written	HTML	2683307	C:\\00-NM\\Federation Task\\C02 + 04\\C02\\Clash Report\\1104-PAR-1A0215-ZZZ-BM-MOD-000001.html
14:25:57.640	105.488	1A0215		census after	models	3	
14:25:57.640	105.489	1A0215		census after	sets	62	
14:25:57.641	105.490	1A0215		census after	tests	1830	
14:25:57.642	105.491	1A0215		census after	results	0	
14:25:57.642	105.491	1A0215		census after	views	20	
14:25:57.645	105.494	1A0215		step finished	HTML	0.281	wrote 2683307 bytes
14:25:57.650	105.499	1A0215	NWD	step started	NWD	0	
14:25:57.655	105.504	1A0215	NWD	census before	models	3	
14:25:57.656	105.505	1A0215	NWD	census before	sets	62	
14:25:57.656	105.505	1A0215	NWD	census before	tests	1830	
14:25:57.657	105.506	1A0215	NWD	census before	results	0	
14:25:57.658	105.507	1A0215	NWD	census before	views	20	
14:25:59.714	107.563	1A0215	NWD	written	NWD	14276235	C:\\00-NM\\Federation Task\\C02 + 04\\C02\\NWD\\1104-PAR-1A0215-ZZZ-BM-MOD-000001.nwd
14:25:59.768	107.618	1A0215		census after	models	3	
14:25:59.770	107.619	1A0215		census after	sets	62	
14:25:59.770	107.619	1A0215		census after	tests	1830	
14:25:59.772	107.620	1A0215		census after	results	0	
14:25:59.772	107.621	1A0215		census after	views	20	
14:25:59.775	107.624	1A0215		step finished	NWD	2.067	published 14276235 bytes
14:25:59.778	107.626	1A0215	CONFIRM	step started	CONFIRM	0	
14:25:59.786	107.634	1A0215	CONFIRM	census before	models	3	
14:25:59.787	107.635	1A0215	CONFIRM	census before	sets	62	
14:25:59.787	107.636	1A0215	CONFIRM	census before	tests	1830	
14:25:59.788	107.637	1A0215	CONFIRM	census before	results	0	
14:25:59.789	107.637	1A0215	CONFIRM	census before	views	20	
14:25:59.806	107.655	1A0215		census after	models	3	
14:25:59.807	107.656	1A0215		census after	sets	62	
14:25:59.808	107.656	1A0215		census after	tests	1830	
14:25:59.809	107.657	1A0215		census after	results	0	
14:25:59.809	107.658	1A0215		census after	views	20	
14:25:59.811	107.661	1A0215		step finished	CONFIRM	0.025	the NWF is 78366 bytes
14:25:59.987	107.836			group finished	1A0215	13.543	DONE Weekly run plus XML
14:26:00.295	108.144			timing	WORKBOOK	6.259	1 visits
14:26:00.313	108.161			timing	NWD	2.067	1 visits
14:26:00.326	108.175			timing	SETS	1.685	1 visits
14:26:00.341	108.189			timing	DECIDE	1.084	1 visits
14:26:00.354	108.202			timing	HTML	0.281	1 visits
14:26:00.367	108.216			timing	UNITS	0.221	1 visits
14:26:00.383	108.231			timing	TESTS RUN	0.203	1 visits
14:26:00.395	108.244			timing	NWF SAVE	0.1	1 visits
14:26:00.405	108.253			timing	VIEWS	0.036	1 visits
14:26:00.417	108.265			timing	HARVEST	0.025	1 visits
14:26:00.430	108.279			timing	CONFIRM	0.025	1 visits
14:26:00.639	108.488	1A02BS	DECIDE	step started	DECIDE	0	
14:26:00.668	108.517	1A02BS	DECIDE	census before	models	0	
14:26:00.683	108.532	1A02BS	DECIDE	census before	sets	0	
14:26:00.697	108.546	1A02BS	DECIDE	census before	tests	0	
14:26:00.709	108.557	1A02BS	DECIDE	census before	results	0	
14:26:00.722	108.571	1A02BS	DECIDE	census before	views	0	
14:26:01.792	109.640	1A02BS		census after	models	6	
14:26:01.804	109.653	1A02BS		census after	sets	61	
14:26:01.821	109.669	1A02BS		census after	tests	105	
14:26:01.836	109.686	1A02BS		census after	results	109	
14:26:01.851	109.701	1A02BS		census after	views	130	
14:26:01.880	109.729	1A02BS		step finished	DECIDE	1.159	Weekly run plus XML
14:26:01.953	109.802	1A02BS	UNITS	step started	UNITS	0	
14:26:01.983	109.832	1A02BS	UNITS	census before	models	6	
14:26:01.991	109.840	1A02BS	UNITS	census before	sets	61	
14:26:02.004	109.853	1A02BS	UNITS	census before	tests	105	
14:26:02.017	109.866	1A02BS	UNITS	census before	results	109	
14:26:02.026	109.874	1A02BS	UNITS	census before	views	130	
14:26:02.081	109.930	1A02BS		census after	models	6	
14:26:02.082	109.930	1A02BS		census after	sets	61	
14:26:02.082	109.931	1A02BS		census after	tests	105	
14:26:02.083	109.932	1A02BS		census after	results	109	
14:26:02.084	109.933	1A02BS		census after	views	130	
14:26:02.087	109.936	1A02BS		step finished	UNITS	0.142	the document was asked for Meters
14:26:02.147	109.997	1A02BS		model placement	1104-PAR-1A02BS-ZZZ-AR-MOD-001000.nwc	684688	Exhibition Pavilion
14:26:02.149	109.998	1A02BS		model placement	1104-PAR-1A02BS-ZZZ-AR-MOD-002000.nwc	684688	Exhibition Pavilion
14:26:02.150	110.000	1A02BS		model placement	1104-PAR-1A02BS-ZZZ-AR-MOD-003000.nwc	684688	Bus-3
14:26:02.152	110.001	1A02BS		model placement	1104-PAR-1A02BS-ZZZ-AR-MOD-004000.nwc	684688	Exhibition Pavilion
14:26:02.152	110.002	1A02BS		model placement	1104-PAR-1A02BS-ZZZ-EL-MOD-003000.nwc	684186.56	Community-2-BS1
14:26:02.154	110.003	1A02BS		model placement	1104-PAR-1A02BS-ZZZ-EL-MOD-003001.nwc	688356.56	Community-2-BS2
14:26:02.371	110.220	1A02BS		model export	1104-PAR-1A02BS-ZZZ-AR-MOD-001000.nwc	16	1 workset(s), element id 100%
14:26:02.383	110.232	1A02BS		model export	1104-PAR-1A02BS-ZZZ-AR-MOD-002000.nwc	21	1 workset(s), element id 100%
14:26:02.384	110.233	1A02BS		model export	1104-PAR-1A02BS-ZZZ-AR-MOD-003000.nwc	41	1 workset(s), element id 100%
14:26:02.385	110.234	1A02BS		model export	1104-PAR-1A02BS-ZZZ-AR-MOD-004000.nwc	10	1 workset(s), element id 100%
14:26:02.387	110.236	1A02BS		model export	1104-PAR-1A02BS-ZZZ-EL-MOD-003000.nwc	55	5 workset(s), element id 100%
14:26:02.400	110.249	1A02BS		model export	1104-PAR-1A02BS-ZZZ-EL-MOD-003001.nwc	55	5 workset(s), element id 100%
14:26:02.458	110.307	1A02BS	SETS	step started	SETS	0	
14:26:02.487	110.336	1A02BS	SETS	census before	models	6	
14:26:02.491	110.340	1A02BS	SETS	census before	sets	61	
14:26:02.506	110.355	1A02BS	SETS	census before	tests	105	
14:26:02.528	110.377	1A02BS	SETS	census before	results	109	
14:26:02.542	110.391	1A02BS	SETS	census before	views	130	
14:26:03.668	111.517	1A02BS		census after	models	6	
14:26:03.681	111.530	1A02BS		census after	sets	61	
14:26:03.695	111.545	1A02BS		census after	tests	105	
14:26:03.703	111.552	1A02BS		census after	results	109	
14:26:03.717	111.566	1A02BS		census after	views	130	
14:26:03.742	111.592	1A02BS		step finished	SETS	1.22	0 created, 61 already there, 0 finding items, 0 at zero.
14:26:04.052	111.900	1A02BS	TESTS RUN	step started	TESTS RUN	0	
14:26:04.080	111.929	1A02BS	TESTS RUN	census before	models	6	
14:26:04.096	111.944	1A02BS	TESTS RUN	census before	sets	61	
14:26:04.102	111.951	1A02BS	TESTS RUN	census before	tests	105	
14:26:04.116	111.965	1A02BS	TESTS RUN	census before	results	109	
14:26:04.130	111.979	1A02BS	TESTS RUN	census before	views	130	
14:26:04.359	112.208	1A02BS		census after	models	6	
14:26:04.361	112.209	1A02BS		census after	sets	61	
14:26:04.361	112.210	1A02BS		census after	tests	105	
14:26:04.362	112.211	1A02BS		census after	results	109	
14:26:04.363	112.212	1A02BS		census after	views	130	
14:26:04.366	112.215	1A02BS		step finished	TESTS RUN	0.329	BLD-AR-Walls-vs-BLD-AR-Floors
14:26:05.312	113.161	1A02BS	HARVEST	step started	HARVEST	0	
14:26:05.317	113.166	1A02BS	HARVEST	census before	models	6	
14:26:05.317	113.167	1A02BS	HARVEST	census before	sets	61	
14:26:05.318	113.168	1A02BS	HARVEST	census before	tests	105	
14:26:05.319	113.168	1A02BS	HARVEST	census before	results	109	
14:26:05.319	113.169	1A02BS	HARVEST	census before	views	130	
14:26:05.376	113.225	1A02BS	IMAGES	step started	IMAGES	0	
14:26:05.389	113.238	1A02BS	IMAGES	census before	models	6	
14:26:05.390	113.239	1A02BS	IMAGES	census before	sets	61	
14:26:05.390	113.239	1A02BS	IMAGES	census before	tests	105	
14:26:05.391	113.240	1A02BS	IMAGES	census before	results	109	
14:26:05.392	113.241	1A02BS	IMAGES	census before	views	130	
14:26:05.426	113.275	1A02BS	HARVEST	census after	models	6	
14:26:05.427	113.276	1A02BS	HARVEST	census after	sets	61	
14:26:05.427	113.276	1A02BS	HARVEST	census after	tests	105	
14:26:05.428	113.277	1A02BS	HARVEST	census after	results	109	
14:26:05.429	113.278	1A02BS	HARVEST	census after	views	130	
14:26:05.432	113.281	1A02BS	HARVEST	step finished	IMAGES	0.05	BLD-AR-Walls-vs-BLD-AR-Floors
14:26:07.865	115.714	1A02BS		census after	models	6	
14:26:07.866	115.715	1A02BS		census after	sets	61	
14:26:07.866	115.716	1A02BS		census after	tests	105	
14:26:07.867	115.716	1A02BS		census after	results	109	
14:26:07.868	115.717	1A02BS		census after	views	130	
14:26:07.871	115.720	1A02BS		step finished	HARVEST	2.557	BLD-AR-Walls-vs-BLD-AR-Floors
14:26:07.872	115.721	1A02BS		rows for the workbook	BLD-AR-Walls-vs-BLD-AR-Floors	78	78 in the document
14:26:07.875	115.724	1A02BS		test found clashes	BLD-AR-Walls-vs-BLD-AR-Floors	78	ran and found clashes
14:26:08.129	115.978	1A02BS		rows for the workbook	BLD-AR-Curtain Panels-vs-BLD-AR-Floors	0	0 in the document
14:26:08.133	115.982	1A02BS		test passed	BLD-AR-Curtain Panels-vs-BLD-AR-Floors	0	ran and found nothing
14:26:08.392	116.241	1A02BS		rows for the workbook	BLD-AR-Curtain Panels-vs-BLD-AR-Walls	0	0 in the document
14:26:08.396	116.245	1A02BS		test passed	BLD-AR-Curtain Panels-vs-BLD-AR-Walls	0	ran and found nothing
14:26:08.611	116.460	1A02BS		rows for the workbook	BLD-AR-Curtain Mullions-vs-BLD-AR-Floors	0	0 in the document
14:26:08.615	116.464	1A02BS		test passed	BLD-AR-Curtain Mullions-vs-BLD-AR-Floors	0	ran and found nothing
14:26:08.873	116.722	1A02BS		rows for the workbook	BLD-AR-Curtain Mullions-vs-BLD-AR-Walls	0	0 in the document
14:26:08.877	116.726	1A02BS		test passed	BLD-AR-Curtain Mullions-vs-BLD-AR-Walls	0	ran and found nothing
14:26:09.272	117.121	1A02BS		rows for the workbook	BLD-AR-Curtain Mullions-vs-BLD-AR-Curtain Panels	4	4 in the document
14:26:09.273	117.122	1A02BS		test found clashes	BLD-AR-Curtain Mullions-vs-BLD-AR-Curtain Panels	4	ran and found clashes
14:26:09.500	117.350	1A02BS		rows for the workbook	BLD-AR-Doors-vs-BLD-AR-Floors	0	0 in the document
14:26:09.502	117.350	1A02BS		test passed	BLD-AR-Doors-vs-BLD-AR-Floors	0	ran and found nothing
14:26:09.779	117.627	1A02BS		rows for the workbook	BLD-AR-Doors-vs-BLD-AR-Walls	1	1 in the document
14:26:09.780	117.628	1A02BS		test found clashes	BLD-AR-Doors-vs-BLD-AR-Walls	1	ran and found clashes
14:26:10.102	117.951	1A02BS		rows for the workbook	BLD-AR-Doors-vs-BLD-AR-Curtain Panels	2	2 in the document
14:26:10.102	117.951	1A02BS		test found clashes	BLD-AR-Doors-vs-BLD-AR-Curtain Panels	2	ran and found clashes
14:26:10.421	118.270	1A02BS		rows for the workbook	BLD-AR-Doors-vs-BLD-AR-Curtain Mullions	2	2 in the document
14:26:10.422	118.271	1A02BS		test found clashes	BLD-AR-Doors-vs-BLD-AR-Curtain Mullions	2	ran and found clashes
14:26:10.681	118.530	1A02BS		rows for the workbook	BLD-AR-Furniture-vs-BLD-AR-Floors	0	0 in the document
14:26:10.682	118.531	1A02BS		test passed	BLD-AR-Furniture-vs-BLD-AR-Floors	0	ran and found nothing
14:26:11.004	118.853	1A02BS		rows for the workbook	BLD-AR-Furniture-vs-BLD-AR-Walls	2	2 in the document
14:26:11.004	118.854	1A02BS		test found clashes	BLD-AR-Furniture-vs-BLD-AR-Walls	2	ran and found clashes
14:26:11.252	119.100	1A02BS		rows for the workbook	BLD-AR-Furniture-vs-BLD-AR-Curtain Panels	0	0 in the document
14:26:11.253	119.101	1A02BS		test passed	BLD-AR-Furniture-vs-BLD-AR-Curtain Panels	0	ran and found nothing
14:26:11.471	119.319	1A02BS		rows for the workbook	BLD-AR-Furniture-vs-BLD-AR-Curtain Mullions	0	0 in the document
14:26:11.472	119.320	1A02BS		test passed	BLD-AR-Furniture-vs-BLD-AR-Curtain Mullions	0	ran and found nothing
14:26:11.704	119.552	1A02BS		rows for the workbook	BLD-AR-Furniture-vs-BLD-AR-Doors	0	0 in the document
14:26:11.704	119.553	1A02BS		test passed	BLD-AR-Furniture-vs-BLD-AR-Doors	0	ran and found nothing
14:26:11.964	119.813	1A02BS		rows for the workbook	BLD-AR-Site-vs-BLD-AR-Floors	0	0 in the document
14:26:11.964	119.813	1A02BS		test passed	BLD-AR-Site-vs-BLD-AR-Floors	0	ran and found nothing
14:26:12.216	120.065	1A02BS		rows for the workbook	BLD-AR-Site-vs-BLD-AR-Walls	0	0 in the document
14:26:12.217	120.066	1A02BS		test passed	BLD-AR-Site-vs-BLD-AR-Walls	0	ran and found nothing
14:26:12.461	120.310	1A02BS		rows for the workbook	BLD-AR-Site-vs-BLD-AR-Curtain Panels	0	0 in the document
14:26:12.462	120.311	1A02BS		test passed	BLD-AR-Site-vs-BLD-AR-Curtain Panels	0	ran and found nothing
14:26:12.757	120.606	1A02BS		rows for the workbook	BLD-AR-Site-vs-BLD-AR-Curtain Mullions	1	1 in the document
14:26:12.758	120.606	1A02BS		test found clashes	BLD-AR-Site-vs-BLD-AR-Curtain Mullions	1	ran and found clashes
14:26:13.025	120.874	1A02BS		rows for the workbook	BLD-AR-Site-vs-BLD-AR-Doors	0	0 in the document
14:26:13.026	120.875	1A02BS		test passed	BLD-AR-Site-vs-BLD-AR-Doors	0	ran and found nothing
14:26:13.358	121.206	1A02BS		rows for the workbook	BLD-AR-Site-vs-BLD-AR-Furniture	3	3 in the document
14:26:13.359	121.207	1A02BS		test found clashes	BLD-AR-Site-vs-BLD-AR-Furniture	3	ran and found clashes
14:26:13.601	121.450	1A02BS		rows for the workbook	BLD-EL-Electrical Equipment-vs-BLD-AR-Floors	0	0 in the document
14:26:13.602	121.451	1A02BS		test passed	BLD-EL-Electrical Equipment-vs-BLD-AR-Floors	0	ran and found nothing
14:26:13.834	121.683	1A02BS		rows for the workbook	BLD-EL-Electrical Equipment-vs-BLD-AR-Walls	0	0 in the document
14:26:13.834	121.683	1A02BS		test passed	BLD-EL-Electrical Equipment-vs-BLD-AR-Walls	0	ran and found nothing
14:26:14.085	121.934	1A02BS		rows for the workbook	BLD-EL-Electrical Equipment-vs-BLD-AR-Curtain Panels	0	0 in the document
14:26:14.086	121.935	1A02BS		test passed	BLD-EL-Electrical Equipment-vs-BLD-AR-Curtain Panels	0	ran and found nothing
14:26:14.317	122.166	1A02BS		rows for the workbook	BLD-EL-Electrical Equipment-vs-BLD-AR-Curtain Mullions	0	0 in the document
14:26:14.318	122.167	1A02BS		test passed	BLD-EL-Electrical Equipment-vs-BLD-AR-Curtain Mullions	0	ran and found nothing
14:26:14.555	122.404	1A02BS		rows for the workbook	BLD-EL-Electrical Equipment-vs-BLD-AR-Doors	0	0 in the document
14:26:14.556	122.405	1A02BS		test passed	BLD-EL-Electrical Equipment-vs-BLD-AR-Doors	0	ran and found nothing
14:26:14.787	122.636	1A02BS		rows for the workbook	BLD-EL-Electrical Equipment-vs-BLD-AR-Furniture	0	0 in the document
14:26:14.788	122.637	1A02BS		test passed	BLD-EL-Electrical Equipment-vs-BLD-AR-Furniture	0	ran and found nothing
14:26:15.015	122.864	1A02BS		rows for the workbook	BLD-EL-Electrical Equipment-vs-BLD-AR-Site	0	0 in the document
14:26:15.016	122.865	1A02BS		test passed	BLD-EL-Electrical Equipment-vs-BLD-AR-Site	0	ran and found nothing
14:26:15.240	123.088	1A02BS		rows for the workbook	BLD-EL-Electrical Fixtures-vs-BLD-AR-Floors	0	0 in the document
14:26:15.240	123.089	1A02BS		test passed	BLD-EL-Electrical Fixtures-vs-BLD-AR-Floors	0	ran and found nothing
14:26:15.466	123.315	1A02BS		rows for the workbook	BLD-EL-Electrical Fixtures-vs-BLD-AR-Walls	0	0 in the document
14:26:15.467	123.316	1A02BS		test passed	BLD-EL-Electrical Fixtures-vs-BLD-AR-Walls	0	ran and found nothing
14:26:15.709	123.558	1A02BS		rows for the workbook	BLD-EL-Electrical Fixtures-vs-BLD-AR-Curtain Panels	0	0 in the document
14:26:15.710	123.559	1A02BS		test passed	BLD-EL-Electrical Fixtures-vs-BLD-AR-Curtain Panels	0	ran and found nothing
14:26:15.928	123.777	1A02BS		rows for the workbook	BLD-EL-Electrical Fixtures-vs-BLD-AR-Curtain Mullions	0	0 in the document
14:26:15.929	123.778	1A02BS		test passed	BLD-EL-Electrical Fixtures-vs-BLD-AR-Curtain Mullions	0	ran and found nothing
14:26:16.177	124.025	1A02BS		rows for the workbook	BLD-EL-Electrical Fixtures-vs-BLD-AR-Doors	0	0 in the document
14:26:16.178	124.026	1A02BS		test passed	BLD-EL-Electrical Fixtures-vs-BLD-AR-Doors	0	ran and found nothing
14:26:16.398	124.247	1A02BS		rows for the workbook	BLD-EL-Electrical Fixtures-vs-BLD-AR-Furniture	0	0 in the document
14:26:16.399	124.247	1A02BS		test passed	BLD-EL-Electrical Fixtures-vs-BLD-AR-Furniture	0	ran and found nothing
14:26:16.615	124.464	1A02BS		rows for the workbook	BLD-EL-Electrical Fixtures-vs-BLD-AR-Site	0	0 in the document
14:26:16.616	124.465	1A02BS		test passed	BLD-EL-Electrical Fixtures-vs-BLD-AR-Site	0	ran and found nothing
14:26:16.831	124.680	1A02BS		rows for the workbook	BLD-EL-Electrical Fixtures-vs-BLD-EL-Electrical Equipment	0	0 in the document
14:26:16.832	124.680	1A02BS		test passed	BLD-EL-Electrical Fixtures-vs-BLD-EL-Electrical Equipment	0	ran and found nothing
14:26:17.053	124.902	1A02BS		rows for the workbook	BLD-EL-Conduits & Conduit Fittings-vs-BLD-AR-Floors	0	0 in the document
14:26:17.054	124.903	1A02BS		test passed	BLD-EL-Conduits & Conduit Fittings-vs-BLD-AR-Floors	0	ran and found nothing
14:26:17.273	125.122	1A02BS		rows for the workbook	BLD-EL-Conduits & Conduit Fittings-vs-BLD-AR-Walls	0	0 in the document
14:26:17.274	125.123	1A02BS		test passed	BLD-EL-Conduits & Conduit Fittings-vs-BLD-AR-Walls	0	ran and found nothing
14:26:17.505	125.353	1A02BS		rows for the workbook	BLD-EL-Conduits & Conduit Fittings-vs-BLD-AR-Curtain Panels	0	0 in the document
14:26:17.506	125.354	1A02BS		test passed	BLD-EL-Conduits & Conduit Fittings-vs-BLD-AR-Curtain Panels	0	ran and found nothing
14:26:17.725	125.574	1A02BS		rows for the workbook	BLD-EL-Conduits & Conduit Fittings-vs-BLD-AR-Curtain Mullions	0	0 in the document
14:26:17.726	125.575	1A02BS		test passed	BLD-EL-Conduits & Conduit Fittings-vs-BLD-AR-Curtain Mullions	0	ran and found nothing
14:26:17.943	125.792	1A02BS		rows for the workbook	BLD-EL-Conduits & Conduit Fittings-vs-BLD-AR-Doors	0	0 in the document
14:26:17.945	125.793	1A02BS		test passed	BLD-EL-Conduits & Conduit Fittings-vs-BLD-AR-Doors	0	ran and found nothing
14:26:18.161	126.010	1A02BS		rows for the workbook	BLD-EL-Conduits & Conduit Fittings-vs-BLD-AR-Furniture	0	0 in the document
14:26:18.161	126.011	1A02BS		test passed	BLD-EL-Conduits & Conduit Fittings-vs-BLD-AR-Furniture	0	ran and found nothing
14:26:18.378	126.227	1A02BS		rows for the workbook	BLD-EL-Conduits & Conduit Fittings-vs-BLD-AR-Site	0	0 in the document
14:26:18.379	126.228	1A02BS		test passed	BLD-EL-Conduits & Conduit Fittings-vs-BLD-AR-Site	0	ran and found nothing
14:26:19.010	126.858	1A02BS		rows for the workbook	BLD-EL-Conduits & Conduit Fittings-vs-BLD-EL-Electrical Equipment	12	12 in the document
14:26:19.011	126.859	1A02BS		test found clashes	BLD-EL-Conduits & Conduit Fittings-vs-BLD-EL-Electrical Equipment	12	ran and found clashes
14:26:19.222	127.071	1A02BS		rows for the workbook	BLD-EL-Conduits & Conduit Fittings-vs-BLD-EL-Electrical Fixtures	0	0 in the document
14:26:19.223	127.071	1A02BS		test passed	BLD-EL-Conduits & Conduit Fittings-vs-BLD-EL-Electrical Fixtures	0	ran and found nothing
14:26:19.441	127.290	1A02BS		rows for the workbook	BLD-EL-Lighting Fixtures-vs-BLD-AR-Floors	0	0 in the document
14:26:19.442	127.291	1A02BS		test passed	BLD-EL-Lighting Fixtures-vs-BLD-AR-Floors	0	ran and found nothing
14:26:19.663	127.512	1A02BS		rows for the workbook	BLD-EL-Lighting Fixtures-vs-BLD-AR-Walls	0	0 in the document
14:26:19.664	127.513	1A02BS		test passed	BLD-EL-Lighting Fixtures-vs-BLD-AR-Walls	0	ran and found nothing
14:26:19.890	127.738	1A02BS		rows for the workbook	BLD-EL-Lighting Fixtures-vs-BLD-AR-Curtain Panels	0	0 in the document
14:26:19.891	127.739	1A02BS		test passed	BLD-EL-Lighting Fixtures-vs-BLD-AR-Curtain Panels	0	ran and found nothing
14:26:20.116	127.964	1A02BS		rows for the workbook	BLD-EL-Lighting Fixtures-vs-BLD-AR-Curtain Mullions	0	0 in the document
14:26:20.117	127.965	1A02BS		test passed	BLD-EL-Lighting Fixtures-vs-BLD-AR-Curtain Mullions	0	ran and found nothing
14:26:20.334	128.183	1A02BS		rows for the workbook	BLD-EL-Lighting Fixtures-vs-BLD-AR-Doors	0	0 in the document
14:26:20.335	128.184	1A02BS		test passed	BLD-EL-Lighting Fixtures-vs-BLD-AR-Doors	0	ran and found nothing
14:26:20.550	128.399	1A02BS		rows for the workbook	BLD-EL-Lighting Fixtures-vs-BLD-AR-Furniture	0	0 in the document
14:26:20.551	128.400	1A02BS		test passed	BLD-EL-Lighting Fixtures-vs-BLD-AR-Furniture	0	ran and found nothing
14:26:20.772	128.621	1A02BS		rows for the workbook	BLD-EL-Lighting Fixtures-vs-BLD-AR-Site	0	0 in the document
14:26:20.773	128.622	1A02BS		test passed	BLD-EL-Lighting Fixtures-vs-BLD-AR-Site	0	ran and found nothing
14:26:20.990	128.839	1A02BS		rows for the workbook	BLD-EL-Lighting Fixtures-vs-BLD-EL-Electrical Equipment	0	0 in the document
14:26:20.991	128.840	1A02BS		test passed	BLD-EL-Lighting Fixtures-vs-BLD-EL-Electrical Equipment	0	ran and found nothing
14:26:21.207	129.056	1A02BS		rows for the workbook	BLD-EL-Lighting Fixtures-vs-BLD-EL-Electrical Fixtures	0	0 in the document
14:26:21.208	129.057	1A02BS		test passed	BLD-EL-Lighting Fixtures-vs-BLD-EL-Electrical Fixtures	0	ran and found nothing
14:26:21.435	129.284	1A02BS		rows for the workbook	BLD-EL-Lighting Fixtures-vs-BLD-EL-Conduits & Conduit Fittings	0	0 in the document
14:26:21.436	129.285	1A02BS		test passed	BLD-EL-Lighting Fixtures-vs-BLD-EL-Conduits & Conduit Fittings	0	ran and found nothing
14:26:21.683	129.532	1A02BS		rows for the workbook	BLD-EL-Lighting Devices-vs-BLD-AR-Floors	0	0 in the document
14:26:21.684	129.533	1A02BS		test passed	BLD-EL-Lighting Devices-vs-BLD-AR-Floors	0	ran and found nothing
14:26:21.945	129.794	1A02BS		rows for the workbook	BLD-EL-Lighting Devices-vs-BLD-AR-Walls	0	0 in the document
14:26:21.946	129.794	1A02BS		test passed	BLD-EL-Lighting Devices-vs-BLD-AR-Walls	0	ran and found nothing
14:26:22.198	130.047	1A02BS		rows for the workbook	BLD-EL-Lighting Devices-vs-BLD-AR-Curtain Panels	0	0 in the document
14:26:22.200	130.048	1A02BS		test passed	BLD-EL-Lighting Devices-vs-BLD-AR-Curtain Panels	0	ran and found nothing
14:26:22.463	130.312	1A02BS		rows for the workbook	BLD-EL-Lighting Devices-vs-BLD-AR-Curtain Mullions	0	0 in the document
14:26:22.465	130.313	1A02BS		test passed	BLD-EL-Lighting Devices-vs-BLD-AR-Curtain Mullions	0	ran and found nothing
14:26:22.713	130.562	1A02BS		rows for the workbook	BLD-EL-Lighting Devices-vs-BLD-AR-Doors	0	0 in the document
14:26:22.714	130.562	1A02BS		test passed	BLD-EL-Lighting Devices-vs-BLD-AR-Doors	0	ran and found nothing
14:26:22.962	130.811	1A02BS		rows for the workbook	BLD-EL-Lighting Devices-vs-BLD-AR-Furniture	0	0 in the document
14:26:22.963	130.811	1A02BS		test passed	BLD-EL-Lighting Devices-vs-BLD-AR-Furniture	0	ran and found nothing
14:26:23.196	131.045	1A02BS		rows for the workbook	BLD-EL-Lighting Devices-vs-BLD-AR-Site	0	0 in the document
14:26:23.197	131.046	1A02BS		test passed	BLD-EL-Lighting Devices-vs-BLD-AR-Site	0	ran and found nothing
14:26:23.431	131.280	1A02BS		rows for the workbook	BLD-EL-Lighting Devices-vs-BLD-EL-Electrical Equipment	0	0 in the document
14:26:23.432	131.281	1A02BS		test passed	BLD-EL-Lighting Devices-vs-BLD-EL-Electrical Equipment	0	ran and found nothing
14:26:23.665	131.514	1A02BS		rows for the workbook	BLD-EL-Lighting Devices-vs-BLD-EL-Electrical Fixtures	0	0 in the document
14:26:23.666	131.515	1A02BS		test passed	BLD-EL-Lighting Devices-vs-BLD-EL-Electrical Fixtures	0	ran and found nothing
14:26:23.914	131.763	1A02BS		rows for the workbook	BLD-EL-Lighting Devices-vs-BLD-EL-Conduits & Conduit Fittings	0	0 in the document
14:26:23.915	131.764	1A02BS		test passed	BLD-EL-Lighting Devices-vs-BLD-EL-Conduits & Conduit Fittings	0	ran and found nothing
14:26:24.149	131.998	1A02BS		rows for the workbook	BLD-EL-Lighting Devices-vs-BLD-EL-Lighting Fixtures	0	0 in the document
14:26:24.149	131.998	1A02BS		test passed	BLD-EL-Lighting Devices-vs-BLD-EL-Lighting Fixtures	0	ran and found nothing
14:26:24.382	132.231	1A02BS		rows for the workbook	BLD-Security Devices-vs-BLD-AR-Floors	0	0 in the document
14:26:24.384	132.232	1A02BS		test passed	BLD-Security Devices-vs-BLD-AR-Floors	0	ran and found nothing
14:26:24.615	132.464	1A02BS		rows for the workbook	BLD-Security Devices-vs-BLD-AR-Walls	0	0 in the document
14:26:24.616	132.464	1A02BS		test passed	BLD-Security Devices-vs-BLD-AR-Walls	0	ran and found nothing
14:26:24.835	132.684	1A02BS		rows for the workbook	BLD-Security Devices-vs-BLD-AR-Curtain Panels	0	0 in the document
14:26:24.836	132.685	1A02BS		test passed	BLD-Security Devices-vs-BLD-AR-Curtain Panels	0	ran and found nothing
14:26:25.054	132.903	1A02BS		rows for the workbook	BLD-Security Devices-vs-BLD-AR-Curtain Mullions	0	0 in the document
14:26:25.055	132.904	1A02BS		test passed	BLD-Security Devices-vs-BLD-AR-Curtain Mullions	0	ran and found nothing
14:26:25.269	133.118	1A02BS		rows for the workbook	BLD-Security Devices-vs-BLD-AR-Doors	0	0 in the document
14:26:25.270	133.119	1A02BS		test passed	BLD-Security Devices-vs-BLD-AR-Doors	0	ran and found nothing
14:26:25.492	133.341	1A02BS		rows for the workbook	BLD-Security Devices-vs-BLD-AR-Furniture	0	0 in the document
14:26:25.493	133.342	1A02BS		test passed	BLD-Security Devices-vs-BLD-AR-Furniture	0	ran and found nothing
14:26:25.726	133.575	1A02BS		rows for the workbook	BLD-Security Devices-vs-BLD-AR-Site	0	0 in the document
14:26:25.728	133.576	1A02BS		test passed	BLD-Security Devices-vs-BLD-AR-Site	0	ran and found nothing
14:26:25.944	133.793	1A02BS		rows for the workbook	BLD-Security Devices-vs-BLD-EL-Electrical Equipment	0	0 in the document
14:26:25.946	133.794	1A02BS		test passed	BLD-Security Devices-vs-BLD-EL-Electrical Equipment	0	ran and found nothing
14:26:26.163	134.011	1A02BS		rows for the workbook	BLD-Security Devices-vs-BLD-EL-Electrical Fixtures	0	0 in the document
14:26:26.164	134.012	1A02BS		test passed	BLD-Security Devices-vs-BLD-EL-Electrical Fixtures	0	ran and found nothing
14:26:26.381	134.230	1A02BS		rows for the workbook	BLD-Security Devices-vs-BLD-EL-Conduits & Conduit Fittings	0	0 in the document
14:26:26.382	134.231	1A02BS		test passed	BLD-Security Devices-vs-BLD-EL-Conduits & Conduit Fittings	0	ran and found nothing
14:26:26.600	134.448	1A02BS		rows for the workbook	BLD-Security Devices-vs-BLD-EL-Lighting Fixtures	0	0 in the document
14:26:26.601	134.449	1A02BS		test passed	BLD-Security Devices-vs-BLD-EL-Lighting Fixtures	0	ran and found nothing
14:26:26.834	134.683	1A02BS		rows for the workbook	BLD-Security Devices-vs-BLD-EL-Lighting Devices	0	0 in the document
14:26:26.834	134.684	1A02BS		test passed	BLD-Security Devices-vs-BLD-EL-Lighting Devices	0	ran and found nothing
14:26:27.053	134.902	1A02BS		rows for the workbook	BLD-EL-Communication Devices-vs-BLD-AR-Floors	0	0 in the document
14:26:27.054	134.903	1A02BS		test passed	BLD-EL-Communication Devices-vs-BLD-AR-Floors	0	ran and found nothing
14:26:27.289	135.138	1A02BS		rows for the workbook	BLD-EL-Communication Devices-vs-BLD-AR-Walls	0	0 in the document
14:26:27.290	135.139	1A02BS		test passed	BLD-EL-Communication Devices-vs-BLD-AR-Walls	0	ran and found nothing
14:26:27.522	135.371	1A02BS		rows for the workbook	BLD-EL-Communication Devices-vs-BLD-AR-Curtain Panels	0	0 in the document
14:26:27.523	135.372	1A02BS		test passed	BLD-EL-Communication Devices-vs-BLD-AR-Curtain Panels	0	ran and found nothing
14:26:27.742	135.591	1A02BS		rows for the workbook	BLD-EL-Communication Devices-vs-BLD-AR-Curtain Mullions	0	0 in the document
14:26:27.743	135.592	1A02BS		test passed	BLD-EL-Communication Devices-vs-BLD-AR-Curtain Mullions	0	ran and found nothing
14:26:27.959	135.808	1A02BS		rows for the workbook	BLD-EL-Communication Devices-vs-BLD-AR-Doors	0	0 in the document
14:26:27.960	135.809	1A02BS		test passed	BLD-EL-Communication Devices-vs-BLD-AR-Doors	0	ran and found nothing
14:26:28.179	136.027	1A02BS		rows for the workbook	BLD-EL-Communication Devices-vs-BLD-AR-Furniture	0	0 in the document
14:26:28.179	136.028	1A02BS		test passed	BLD-EL-Communication Devices-vs-BLD-AR-Furniture	0	ran and found nothing
14:26:28.413	136.263	1A02BS		rows for the workbook	BLD-EL-Communication Devices-vs-BLD-AR-Site	0	0 in the document
14:26:28.414	136.264	1A02BS		test passed	BLD-EL-Communication Devices-vs-BLD-AR-Site	0	ran and found nothing
14:26:28.717	136.566	1A02BS		rows for the workbook	BLD-EL-Communication Devices-vs-BLD-EL-Electrical Equipment	2	2 in the document
14:26:28.718	136.567	1A02BS		test found clashes	BLD-EL-Communication Devices-vs-BLD-EL-Electrical Equipment	2	ran and found clashes
14:26:28.969	136.817	1A02BS		rows for the workbook	BLD-EL-Communication Devices-vs-BLD-EL-Electrical Fixtures	0	0 in the document
14:26:28.970	136.818	1A02BS		test passed	BLD-EL-Communication Devices-vs-BLD-EL-Electrical Fixtures	0	ran and found nothing
14:26:29.264	137.113	1A02BS		rows for the workbook	BLD-EL-Communication Devices-vs-BLD-EL-Conduits & Conduit Fittings	2	2 in the document
14:26:29.265	137.115	1A02BS		test found clashes	BLD-EL-Communication Devices-vs-BLD-EL-Conduits & Conduit Fittings	2	ran and found clashes
14:26:29.516	137.365	1A02BS		rows for the workbook	BLD-EL-Communication Devices-vs-BLD-EL-Lighting Fixtures	0	0 in the document
14:26:29.517	137.365	1A02BS		test passed	BLD-EL-Communication Devices-vs-BLD-EL-Lighting Fixtures	0	ran and found nothing
14:26:29.770	137.619	1A02BS		rows for the workbook	BLD-EL-Communication Devices-vs-BLD-EL-Lighting Devices	0	0 in the document
14:26:29.771	137.620	1A02BS		test passed	BLD-EL-Communication Devices-vs-BLD-EL-Lighting Devices	0	ran and found nothing
14:26:30.059	137.908	1A02BS		rows for the workbook	BLD-EL-Communication Devices-vs-BLD-Security Devices	0	0 in the document
14:26:30.060	137.909	1A02BS		test passed	BLD-EL-Communication Devices-vs-BLD-Security Devices	0	ran and found nothing
14:26:30.312	138.161	1A02BS		rows for the workbook	BLD-EL-Data Devices-vs-BLD-AR-Floors	0	0 in the document
14:26:30.313	138.162	1A02BS		test passed	BLD-EL-Data Devices-vs-BLD-AR-Floors	0	ran and found nothing
14:26:30.569	138.418	1A02BS		rows for the workbook	BLD-EL-Data Devices-vs-BLD-AR-Walls	0	0 in the document
14:26:30.570	138.419	1A02BS		test passed	BLD-EL-Data Devices-vs-BLD-AR-Walls	0	ran and found nothing
14:26:30.814	138.662	1A02BS		rows for the workbook	BLD-EL-Data Devices-vs-BLD-AR-Curtain Panels	0	0 in the document
14:26:30.815	138.663	1A02BS		test passed	BLD-EL-Data Devices-vs-BLD-AR-Curtain Panels	0	ran and found nothing
14:26:31.060	138.909	1A02BS		rows for the workbook	BLD-EL-Data Devices-vs-BLD-AR-Curtain Mullions	0	0 in the document
14:26:31.061	138.910	1A02BS		test passed	BLD-EL-Data Devices-vs-BLD-AR-Curtain Mullions	0	ran and found nothing
14:26:31.281	139.130	1A02BS		rows for the workbook	BLD-EL-Data Devices-vs-BLD-AR-Doors	0	0 in the document
14:26:31.282	139.130	1A02BS		test passed	BLD-EL-Data Devices-vs-BLD-AR-Doors	0	ran and found nothing
14:26:31.502	139.350	1A02BS		rows for the workbook	BLD-EL-Data Devices-vs-BLD-AR-Furniture	0	0 in the document
14:26:31.502	139.351	1A02BS		test passed	BLD-EL-Data Devices-vs-BLD-AR-Furniture	0	ran and found nothing
14:26:31.736	139.584	1A02BS		rows for the workbook	BLD-EL-Data Devices-vs-BLD-AR-Site	0	0 in the document
14:26:31.736	139.585	1A02BS		test passed	BLD-EL-Data Devices-vs-BLD-AR-Site	0	ran and found nothing
14:26:31.960	139.808	1A02BS		rows for the workbook	BLD-EL-Data Devices-vs-BLD-EL-Electrical Equipment	0	0 in the document
14:26:31.961	139.809	1A02BS		test passed	BLD-EL-Data Devices-vs-BLD-EL-Electrical Equipment	0	ran and found nothing
14:26:32.177	140.026	1A02BS		rows for the workbook	BLD-EL-Data Devices-vs-BLD-EL-Electrical Fixtures	0	0 in the document
14:26:32.178	140.027	1A02BS		test passed	BLD-EL-Data Devices-vs-BLD-EL-Electrical Fixtures	0	ran and found nothing
14:26:32.396	140.244	1A02BS		rows for the workbook	BLD-EL-Data Devices-vs-BLD-EL-Conduits & Conduit Fittings	0	0 in the document
14:26:32.397	140.245	1A02BS		test passed	BLD-EL-Data Devices-vs-BLD-EL-Conduits & Conduit Fittings	0	ran and found nothing
14:26:32.629	140.478	1A02BS		rows for the workbook	BLD-EL-Data Devices-vs-BLD-EL-Lighting Fixtures	0	0 in the document
14:26:32.630	140.479	1A02BS		test passed	BLD-EL-Data Devices-vs-BLD-EL-Lighting Fixtures	0	ran and found nothing
14:26:32.850	140.699	1A02BS		rows for the workbook	BLD-EL-Data Devices-vs-BLD-EL-Lighting Devices	0	0 in the document
14:26:32.851	140.700	1A02BS		test passed	BLD-EL-Data Devices-vs-BLD-EL-Lighting Devices	0	ran and found nothing
14:26:33.071	140.920	1A02BS		rows for the workbook	BLD-EL-Data Devices-vs-BLD-Security Devices	0	0 in the document
14:26:33.072	140.921	1A02BS		test passed	BLD-EL-Data Devices-vs-BLD-Security Devices	0	ran and found nothing
14:26:33.288	141.136	1A02BS		rows for the workbook	BLD-EL-Data Devices-vs-BLD-EL-Communication Devices	0	0 in the document
14:26:33.289	141.137	1A02BS		test passed	BLD-EL-Data Devices-vs-BLD-EL-Communication Devices	0	ran and found nothing
14:26:33.595	141.443	1A02BS	VIEWS	step started	VIEWS	0	
14:26:33.599	141.447	1A02BS	VIEWS	census before	models	6	
14:26:33.599	141.448	1A02BS	VIEWS	census before	sets	61	
14:26:33.600	141.448	1A02BS	VIEWS	census before	tests	105	
14:26:33.601	141.449	1A02BS	VIEWS	census before	results	109	
14:26:33.601	141.450	1A02BS	VIEWS	census before	views	130	
14:26:36.029	143.879	1A02BS		census after	models	6	
14:26:36.031	143.880	1A02BS		census after	sets	61	
14:26:36.031	143.880	1A02BS		census after	tests	105	
14:26:36.032	143.881	1A02BS		census after	results	109	
14:26:36.033	143.882	1A02BS		census after	views	136	
14:26:36.036	143.885	1A02BS		step finished	VIEWS	2.435	6 created, 95 already there.
14:26:36.101	143.950	1A02BS	NWF SAVE	step started	NWF SAVE	0	
14:26:36.106	143.954	1A02BS	NWF SAVE	census before	models	6	
14:26:36.106	143.955	1A02BS	NWF SAVE	census before	sets	61	
14:26:36.113	143.962	1A02BS	NWF SAVE	census before	tests	105	
14:26:36.114	143.963	1A02BS	NWF SAVE	census before	results	109	
14:26:36.114	143.964	1A02BS	NWF SAVE	census before	views	136	
14:26:36.333	144.182	1A02BS	NWF SAVE	written	NWF	1296720	C:\\00-NM\\Federation Task\\C02 + 04\\C02\\NWF\\1104-PAR-1A02BS-ZZZ-BM-MOD-000001.nwf
14:26:36.337	144.186	1A02BS		census after	models	6	
14:26:36.338	144.187	1A02BS		census after	sets	61	
14:26:36.339	144.188	1A02BS		census after	tests	105	
14:26:36.340	144.189	1A02BS		census after	results	109	
14:26:36.341	144.190	1A02BS		census after	views	136	
14:26:36.344	144.193	1A02BS		step finished	NWF SAVE	0.235	saved 1296720 bytes
14:26:36.350	144.199	1A02BS	WORKBOOK	step started	WORKBOOK	0	
14:26:36.355	144.203	1A02BS	WORKBOOK	census before	models	6	
14:26:36.355	144.204	1A02BS	WORKBOOK	census before	sets	61	
14:26:36.355	144.205	1A02BS	WORKBOOK	census before	tests	105	
14:26:36.357	144.206	1A02BS	WORKBOOK	census before	results	109	
14:26:36.358	144.206	1A02BS	WORKBOOK	census before	views	136	
14:26:41.878	149.727	1A02BS	WORKBOOK	written	XLSX	487767	C:\\00-NM\\Federation Task\\C02 + 04\\C02\\Clash Report\\1104-PAR-1A02BS-ZZZ-BM-MOD-000001.xlsx
14:26:42.439	150.288	1A02BS		census after	models	6	
14:26:42.440	150.289	1A02BS		census after	sets	61	
14:26:42.441	150.290	1A02BS		census after	tests	105	
14:26:42.441	150.290	1A02BS		census after	results	109	
14:26:42.443	150.291	1A02BS		census after	views	136	
14:26:42.446	150.295	1A02BS		step finished	WORKBOOK	6.088	wrote 487767 bytes
14:26:42.449	150.298	1A02BS	HTML	step started	HTML	0	
14:26:42.453	150.302	1A02BS	HTML	census before	models	6	
14:26:42.454	150.303	1A02BS	HTML	census before	sets	61	
14:26:42.455	150.303	1A02BS	HTML	census before	tests	105	
14:26:42.455	150.304	1A02BS	HTML	census before	results	109	
14:26:42.456	150.305	1A02BS	HTML	census before	views	136	
14:26:42.593	150.441	1A02BS	HTML	written	HTML	3972854	C:\\00-NM\\Federation Task\\C02 + 04\\C02\\Clash Report\\1104-PAR-1A02BS-ZZZ-BM-MOD-000001.html
14:26:42.769	150.618	1A02BS		census after	models	6	
14:26:42.769	150.619	1A02BS		census after	sets	61	
14:26:42.770	150.619	1A02BS		census after	tests	105	
14:26:42.771	150.620	1A02BS		census after	results	109	
14:26:42.771	150.621	1A02BS		census after	views	136	
14:26:42.775	150.624	1A02BS		step finished	HTML	0.318	wrote 3972854 bytes
14:26:42.781	150.630	1A02BS	NWD	step started	NWD	0	
14:26:42.785	150.634	1A02BS	NWD	census before	models	6	
14:26:42.785	150.635	1A02BS	NWD	census before	sets	61	
14:26:42.786	150.636	1A02BS	NWD	census before	tests	105	
14:26:42.787	150.636	1A02BS	NWD	census before	results	109	
14:26:42.788	150.637	1A02BS	NWD	census before	views	136	
14:26:43.118	150.967	1A02BS	NWD	written	NWD	2781934	C:\\00-NM\\Federation Task\\C02 + 04\\C02\\NWD\\1104-PAR-1A02BS-ZZZ-BM-MOD-000001.nwd
14:26:43.122	150.971	1A02BS		census after	models	6	
14:26:43.123	150.972	1A02BS		census after	sets	61	
14:26:43.124	150.973	1A02BS		census after	tests	105	
14:26:43.125	150.973	1A02BS		census after	results	109	
14:26:43.126	150.974	1A02BS		census after	views	136	
14:26:43.129	150.978	1A02BS		step finished	NWD	0.34	published 2781934 bytes
14:26:43.132	150.981	1A02BS	CONFIRM	step started	CONFIRM	0	
14:26:43.136	150.985	1A02BS	CONFIRM	census before	models	6	
14:26:43.137	150.986	1A02BS	CONFIRM	census before	sets	61	
14:26:43.138	150.986	1A02BS	CONFIRM	census before	tests	105	
14:26:43.138	150.987	1A02BS	CONFIRM	census before	results	109	
14:26:43.139	150.988	1A02BS	CONFIRM	census before	views	136	
14:26:43.169	151.018	1A02BS		census after	models	6	
14:26:43.170	151.018	1A02BS		census after	sets	61	
14:26:43.170	151.019	1A02BS		census after	tests	105	
14:26:43.171	151.020	1A02BS		census after	results	109	
14:26:43.172	151.020	1A02BS		census after	views	136	
14:26:43.175	151.024	1A02BS		step finished	CONFIRM	0.035	the NWF is 1296720 bytes
14:26:43.214	151.063	1A02BS		gap	Family	218	it would belong in a workbook column of ours, which is Q25
14:26:43.215	151.064	1A02BS		gap	Type Name	218	it would belong in a workbook column of ours, which is Q25
14:26:43.216	151.065	1A02BS		gap	Material	192	it would belong in a workbook column of ours, which is Q25
14:26:43.217	151.066	1A02BS		gap	Id From	218	the ITEM IDS block counts it per property and no output names it per item
14:26:43.227	151.076	1A02BS		step total	TESTS RUN	20.624	
14:26:43.228	151.076	1A02BS		step total	HARVEST	5.214	
14:26:43.229	151.077	1A02BS		step total	IMAGES	2.609	
14:26:43.234	151.083			group finished	1A02BS	42.767	DONE Weekly run plus XML
14:26:43.295	151.145			timing	TESTS RUN	20.624	105 visits
14:26:43.296	151.145			timing	WORKBOOK	6.088	1 visits
14:26:43.298	151.146			timing	HARVEST	5.214	105 visits
14:26:43.298	151.147			timing	VIEWS	2.435	1 visits
14:26:43.299	151.147			timing	SETS	1.22	1 visits
14:26:43.300	151.148			timing	DECIDE	1.159	1 visits
14:26:43.300	151.149			timing	NWD	0.34	1 visits
14:26:43.301	151.150			timing	HTML	0.318	1 visits
14:26:43.302	151.150			timing	NWF SAVE	0.235	1 visits
14:26:43.303	151.151			timing	UNITS	0.142	1 visits
14:26:43.304	151.152			timing	CONFIRM	0.035	1 visits
14:26:43.304	151.153			timing nested	IMAGES	2.609	109 visits
14:26:43.376	151.226	1A02MM	DECIDE	step started	DECIDE	0	
14:26:43.380	151.229	1A02MM	DECIDE	census before	models	0	
14:26:43.381	151.230	1A02MM	DECIDE	census before	sets	0	
14:26:43.382	151.231	1A02MM	DECIDE	census before	tests	0	
14:26:43.382	151.231	1A02MM	DECIDE	census before	results	0	
14:26:43.383	151.232	1A02MM	DECIDE	census before	views	0	
14:26:45.006	152.855	1A02MM		census after	models	4	
14:26:45.007	152.856	1A02MM		census after	sets	62	
14:26:45.007	152.857	1A02MM		census after	tests	1830	
14:26:45.008	152.857	1A02MM		census after	results	526	
14:26:45.008	152.858	1A02MM		census after	views	455	
14:26:45.012	152.861	1A02MM		step finished	DECIDE	1.628	Weekly run plus XML
14:26:45.029	152.878	1A02MM	UNITS	step started	UNITS	0	
14:26:45.041	152.890	1A02MM	UNITS	census before	models	4	
14:26:45.042	152.891	1A02MM	UNITS	census before	sets	62	
14:26:45.042	152.892	1A02MM	UNITS	census before	tests	1830	
14:26:45.043	152.892	1A02MM	UNITS	census before	results	526	
14:26:45.044	152.893	1A02MM	UNITS	census before	views	455	
14:26:45.090	152.938	1A02MM		census after	models	4	
14:26:45.091	152.939	1A02MM		census after	sets	62	
14:26:45.091	152.940	1A02MM		census after	tests	1830	
14:26:45.091	152.941	1A02MM		census after	results	526	
14:26:45.092	152.942	1A02MM		census after	views	455	
14:26:45.096	152.945	1A02MM		step finished	UNITS	0.06	the document was asked for Meters
14:26:45.148	152.997	1A02MM		model placement	1104-PAR-1A02MM-ZZZ-AR-MOD-000001.nwc	-155	SWLS-02-SharedCoordinate
14:26:45.149	152.998	1A02MM		model placement	1104-PAR-1A02MM-ZZZ-EL-MOD-000001.nwc	-60	LTB2
14:26:45.150	152.999	1A02MM		model placement	1104-PAR-1A02MM-ZZZ-ME-MOD-000001.nwc	-150	PW3_Shared_Location
14:26:45.151	153.000	1A02MM		model placement	1104-PAR-1A02MM-ZZZ-ST-MOD-000001.nwc	-77.5	Internal
14:26:45.210	153.059	1A02MM		model export	1104-PAR-1A02MM-ZZZ-AR-MOD-000001.nwc	86	2 workset(s), element id 100%
14:26:45.211	153.060	1A02MM		model export	1104-PAR-1A02MM-ZZZ-EL-MOD-000001.nwc	308	9 workset(s), element id 100%
14:26:45.211	153.061	1A02MM		model export	1104-PAR-1A02MM-ZZZ-ME-MOD-000001.nwc	236	6 workset(s), element id 100%
14:26:45.212	153.061	1A02MM		model export	1104-PAR-1A02MM-ZZZ-ST-MOD-000001.nwc	53	2 workset(s), element id 100%
14:26:45.226	153.075	1A02MM	SETS	step started	SETS	0	
14:26:45.240	153.089	1A02MM	SETS	census before	models	4	
14:26:45.241	153.090	1A02MM	SETS	census before	sets	62	
14:26:45.242	153.091	1A02MM	SETS	census before	tests	1830	
14:26:45.243	153.091	1A02MM	SETS	census before	results	526	
14:26:45.243	153.092	1A02MM	SETS	census before	views	455	
14:26:45.625	153.475	1A02MM		census after	models	4	
14:26:45.626	153.476	1A02MM		census after	sets	62	
14:26:45.627	153.476	1A02MM		census after	tests	1830	
14:26:45.628	153.477	1A02MM		census after	results	526	
14:26:45.628	153.478	1A02MM		census after	views	455	
14:26:45.637	153.486	1A02MM		step finished	SETS	0.402	0 created, 61 already there, 0 finding items, 0 at zero.
14:26:45.799	153.648	1A02MM	TESTS RUN	step started	TESTS RUN	0	
14:26:45.804	153.653	1A02MM	TESTS RUN	census before	models	4	
14:26:45.806	153.654	1A02MM	TESTS RUN	census before	sets	62	
14:26:45.806	153.655	1A02MM	TESTS RUN	census before	tests	1830	
14:26:45.806	153.656	1A02MM	TESTS RUN	census before	results	526	
14:26:45.807	153.656	1A02MM	TESTS RUN	census before	views	455	
14:26:47.406	155.255	1A02MM		census after	models	4	
14:26:47.407	155.256	1A02MM		census after	sets	62	
14:26:47.408	155.256	1A02MM		census after	tests	1830	
14:26:47.408	155.257	1A02MM		census after	results	526	
14:26:47.409	155.258	1A02MM		census after	views	455	
14:26:47.413	155.262	1A02MM		step finished	TESTS RUN	1.598	BLD-AR-Walls-vs-BLD-AR-Floors
14:26:47.417	155.266	1A02MM	HARVEST	step started	HARVEST	0	
14:26:47.424	155.273	1A02MM	HARVEST	census before	models	4	
14:26:47.425	155.274	1A02MM	HARVEST	census before	sets	62	
14:26:47.426	155.275	1A02MM	HARVEST	census before	tests	1830	
14:26:47.427	155.275	1A02MM	HARVEST	census before	results	526	
14:26:47.428	155.276	1A02MM	HARVEST	census before	views	455	
14:26:47.444	155.293	1A02MM		census after	models	4	
14:26:47.445	155.294	1A02MM		census after	sets	62	
14:26:47.445	155.295	1A02MM		census after	tests	1830	
14:26:47.446	155.295	1A02MM		census after	results	526	
14:26:47.447	155.296	1A02MM		census after	views	455	
14:26:47.452	155.301	1A02MM		step finished	HARVEST	0.025	BLD-AR-Walls-vs-BLD-AR-Floors
14:26:47.453	155.302	1A02MM		rows for the workbook	BLD-AR-Walls-vs-BLD-AR-Floors	0	0 in the document
14:26:47.453	155.303	1A02MM		test passed	BLD-AR-Walls-vs-BLD-AR-Floors	0	ran and found nothing
14:26:49.220	157.069	1A02MM		rows for the workbook	BLD-AR-Doors-vs-BLD-AR-Floors	0	0 in the document
14:26:49.221	157.070	1A02MM		test passed	BLD-AR-Doors-vs-BLD-AR-Floors	0	ran and found nothing
14:26:50.923	158.771	1A02MM	IMAGES	step started	IMAGES	0	
14:26:50.936	158.785	1A02MM	IMAGES	census before	models	4	
14:26:50.937	158.786	1A02MM	IMAGES	census before	sets	62	
14:26:50.937	158.786	1A02MM	IMAGES	census before	tests	1830	
14:26:50.944	158.793	1A02MM	IMAGES	census before	results	526	
14:26:50.945	158.794	1A02MM	IMAGES	census before	views	455	
14:26:50.992	158.841	1A02MM	HARVEST	census after	models	4	
14:26:50.993	158.842	1A02MM	HARVEST	census after	sets	62	
14:26:50.994	158.843	1A02MM	HARVEST	census after	tests	1830	
14:26:50.995	158.844	1A02MM	HARVEST	census after	results	526	
14:26:50.995	158.844	1A02MM	HARVEST	census after	views	455	
14:26:50.999	158.848	1A02MM	HARVEST	step finished	IMAGES	0.063	BLD-AR-Doors-vs-BLD-AR-Walls
14:26:51.243	159.092	1A02MM		rows for the workbook	BLD-AR-Doors-vs-BLD-AR-Walls	13	13 in the document
14:26:51.244	159.093	1A02MM		test found clashes	BLD-AR-Doors-vs-BLD-AR-Walls	13	ran and found clashes
14:26:53.112	160.961	1A02MM		rows for the workbook	BLD-ST-Foundation-vs-BLD-AR-Floors	0	0 in the document
14:26:53.113	160.962	1A02MM		test passed	BLD-ST-Foundation-vs-BLD-AR-Floors	0	ran and found nothing
14:26:54.715	162.564	1A02MM		rows for the workbook	BLD-ST-Foundation-vs-BLD-AR-Walls	0	0 in the document
14:26:54.716	162.565	1A02MM		test passed	BLD-ST-Foundation-vs-BLD-AR-Walls	0	ran and found nothing
14:26:56.320	164.169	1A02MM		rows for the workbook	BLD-ST-Foundation-vs-BLD-AR-Doors	0	0 in the document
14:26:56.321	164.170	1A02MM		test passed	BLD-ST-Foundation-vs-BLD-AR-Doors	0	ran and found nothing
14:26:58.333	166.181	1A02MM		rows for the workbook	BLD-ST-Columns-vs-BLD-AR-Floors	12	12 in the document
14:26:58.333	166.182	1A02MM		test found clashes	BLD-ST-Columns-vs-BLD-AR-Floors	12	ran and found clashes
14:27:00.173	168.022	1A02MM		rows for the workbook	BLD-ST-Columns-vs-BLD-AR-Walls	0	0 in the document
14:27:00.184	168.033	1A02MM		test passed	BLD-ST-Columns-vs-BLD-AR-Walls	0	ran and found nothing
14:27:01.911	169.759	1A02MM		rows for the workbook	BLD-ST-Columns-vs-BLD-AR-Doors	0	0 in the document
14:27:01.924	169.773	1A02MM		test passed	BLD-ST-Columns-vs-BLD-AR-Doors	0	ran and found nothing
14:27:04.154	172.003	1A02MM		rows for the workbook	BLD-ST-Columns-vs-BLD-ST-Foundation	9	9 in the document
14:27:04.167	172.016	1A02MM		test found clashes	BLD-ST-Columns-vs-BLD-ST-Foundation	9	ran and found clashes
14:27:05.772	173.622	1A02MM		rows for the workbook	BLD-ST-Framing-vs-BLD-AR-Floors	0	0 in the document
14:27:05.774	173.622	1A02MM		test passed	BLD-ST-Framing-vs-BLD-AR-Floors	0	ran and found nothing
14:27:10.037	177.887	1A02MM		rows for the workbook	BLD-ST-Framing-vs-BLD-AR-Walls	65	65 in the document
14:27:10.038	177.888	1A02MM		test found clashes	BLD-ST-Framing-vs-BLD-AR-Walls	65	ran and found clashes
14:27:11.642	179.491	1A02MM		rows for the workbook	BLD-ST-Framing-vs-BLD-AR-Doors	0	0 in the document
14:27:11.643	179.491	1A02MM		test passed	BLD-ST-Framing-vs-BLD-AR-Doors	0	ran and found nothing
14:27:13.234	181.083	1A02MM		rows for the workbook	BLD-ST-Framing-vs-BLD-ST-Foundation	0	0 in the document
14:27:13.235	181.084	1A02MM		test passed	BLD-ST-Framing-vs-BLD-ST-Foundation	0	ran and found nothing
14:27:14.861	182.710	1A02MM		rows for the workbook	BLD-ST-Framing-vs-BLD-ST-Columns	1	1 in the document
14:27:14.861	182.711	1A02MM		test found clashes	BLD-ST-Framing-vs-BLD-ST-Columns	1	ran and found clashes
14:27:16.584	184.433	1A02MM		rows for the workbook	BLD-ST-Walls-vs-BLD-AR-Floors	0	0 in the document
14:27:16.585	184.434	1A02MM		test passed	BLD-ST-Walls-vs-BLD-AR-Floors	0	ran and found nothing
14:27:18.554	186.403	1A02MM		rows for the workbook	BLD-ST-Walls-vs-BLD-AR-Walls	8	8 in the document
14:27:18.556	186.404	1A02MM		test found clashes	BLD-ST-Walls-vs-BLD-AR-Walls	8	ran and found clashes
14:27:20.262	188.111	1A02MM		rows for the workbook	BLD-ST-Walls-vs-BLD-AR-Doors	0	0 in the document
14:27:20.263	188.112	1A02MM		test passed	BLD-ST-Walls-vs-BLD-AR-Doors	0	ran and found nothing
14:27:21.935	189.783	1A02MM		rows for the workbook	BLD-ST-Walls-vs-BLD-ST-Foundation	0	0 in the document
14:27:21.936	189.784	1A02MM		test passed	BLD-ST-Walls-vs-BLD-ST-Foundation	0	ran and found nothing
14:27:23.520	191.369	1A02MM		rows for the workbook	BLD-ST-Walls-vs-BLD-ST-Columns	0	0 in the document
14:27:23.521	191.370	1A02MM		test passed	BLD-ST-Walls-vs-BLD-ST-Columns	0	ran and found nothing
14:27:25.071	192.920	1A02MM		rows for the workbook	BLD-ST-Walls-vs-BLD-ST-Framing	0	0 in the document
14:27:25.072	192.921	1A02MM		test passed	BLD-ST-Walls-vs-BLD-ST-Framing	0	ran and found nothing
14:27:26.639	194.488	1A02MM		rows for the workbook	BLD-ST-Floors-vs-BLD-AR-Floors	0	0 in the document
14:27:26.641	194.489	1A02MM		test passed	BLD-ST-Floors-vs-BLD-AR-Floors	0	ran and found nothing
14:27:29.834	197.683	1A02MM		rows for the workbook	BLD-ST-Floors-vs-BLD-AR-Walls	38	38 in the document
14:27:29.834	197.684	1A02MM		test found clashes	BLD-ST-Floors-vs-BLD-AR-Walls	38	ran and found clashes
14:27:31.465	199.314	1A02MM		rows for the workbook	BLD-ST-Floors-vs-BLD-AR-Doors	0	0 in the document
14:27:31.466	199.315	1A02MM		test passed	BLD-ST-Floors-vs-BLD-AR-Doors	0	ran and found nothing
14:27:33.074	200.923	1A02MM		rows for the workbook	BLD-ST-Floors-vs-BLD-ST-Foundation	0	0 in the document
14:27:33.075	200.924	1A02MM		test passed	BLD-ST-Floors-vs-BLD-ST-Foundation	0	ran and found nothing
14:27:34.688	202.537	1A02MM		rows for the workbook	BLD-ST-Floors-vs-BLD-ST-Columns	9	9 in the document
14:27:34.689	202.538	1A02MM		test found clashes	BLD-ST-Floors-vs-BLD-ST-Columns	9	ran and found clashes
14:27:36.266	204.114	1A02MM		rows for the workbook	BLD-ST-Floors-vs-BLD-ST-Framing	0	0 in the document
14:27:36.267	204.115	1A02MM		test passed	BLD-ST-Floors-vs-BLD-ST-Framing	0	ran and found nothing
14:27:37.825	205.673	1A02MM		rows for the workbook	BLD-ST-Floors-vs-BLD-ST-Walls	0	0 in the document
14:27:37.825	205.674	1A02MM		test passed	BLD-ST-Floors-vs-BLD-ST-Walls	0	ran and found nothing
14:27:42.984	210.833	1A02MM		rows for the workbook	BLD-DR-Pipes & Pipe Fittings-vs-BLD-AR-Floors	6	6 in the document
14:27:42.994	210.843	1A02MM		test found clashes	BLD-DR-Pipes & Pipe Fittings-vs-BLD-AR-Floors	6	ran and found clashes
14:27:45.244	213.093	1A02MM		rows for the workbook	BLD-DR-Pipes & Pipe Fittings-vs-BLD-AR-Walls	7	7 in the document
14:27:45.264	213.113	1A02MM		test found clashes	BLD-DR-Pipes & Pipe Fittings-vs-BLD-AR-Walls	7	ran and found clashes
14:27:46.979	214.828	1A02MM		rows for the workbook	BLD-DR-Pipes & Pipe Fittings-vs-BLD-AR-Doors	0	0 in the document
14:27:46.992	214.841	1A02MM		test passed	BLD-DR-Pipes & Pipe Fittings-vs-BLD-AR-Doors	0	ran and found nothing
14:27:48.827	216.676	1A02MM		rows for the workbook	BLD-DR-Pipes & Pipe Fittings-vs-BLD-ST-Foundation	0	0 in the document
14:27:48.828	216.677	1A02MM		test passed	BLD-DR-Pipes & Pipe Fittings-vs-BLD-ST-Foundation	0	ran and found nothing
14:27:50.404	218.253	1A02MM		rows for the workbook	BLD-DR-Pipes & Pipe Fittings-vs-BLD-ST-Columns	0	0 in the document
14:27:50.405	218.254	1A02MM		test passed	BLD-DR-Pipes & Pipe Fittings-vs-BLD-ST-Columns	0	ran and found nothing
14:27:52.332	220.181	1A02MM		rows for the workbook	BLD-DR-Pipes & Pipe Fittings-vs-BLD-ST-Framing	6	6 in the document
14:27:52.333	220.182	1A02MM		test found clashes	BLD-DR-Pipes & Pipe Fittings-vs-BLD-ST-Framing	6	ran and found clashes
14:27:53.900	221.749	1A02MM		rows for the workbook	BLD-DR-Pipes & Pipe Fittings-vs-BLD-ST-Walls	0	0 in the document
14:27:53.901	221.750	1A02MM		test passed	BLD-DR-Pipes & Pipe Fittings-vs-BLD-ST-Walls	0	ran and found nothing
14:27:55.542	223.391	1A02MM		rows for the workbook	BLD-DR-Pipes & Pipe Fittings-vs-BLD-ST-Floors	1	1 in the document
14:27:55.543	223.392	1A02MM		test found clashes	BLD-DR-Pipes & Pipe Fittings-vs-BLD-ST-Floors	1	ran and found clashes
14:27:57.500	225.348	1A02MM		rows for the workbook	BLD-DR-Plumbing Fixtures-vs-BLD-AR-Floors	2	2 in the document
14:27:57.501	225.350	1A02MM		test found clashes	BLD-DR-Plumbing Fixtures-vs-BLD-AR-Floors	2	ran and found clashes
14:27:59.106	226.955	1A02MM		rows for the workbook	BLD-DR-Plumbing Fixtures-vs-BLD-AR-Walls	0	0 in the document
14:27:59.107	226.956	1A02MM		test passed	BLD-DR-Plumbing Fixtures-vs-BLD-AR-Walls	0	ran and found nothing
14:28:00.732	228.580	1A02MM		rows for the workbook	BLD-DR-Plumbing Fixtures-vs-BLD-AR-Doors	0	0 in the document
14:28:00.733	228.582	1A02MM		test passed	BLD-DR-Plumbing Fixtures-vs-BLD-AR-Doors	0	ran and found nothing
14:28:02.335	230.184	1A02MM		rows for the workbook	BLD-DR-Plumbing Fixtures-vs-BLD-ST-Foundation	0	0 in the document
14:28:02.336	230.185	1A02MM		test passed	BLD-DR-Plumbing Fixtures-vs-BLD-ST-Foundation	0	ran and found nothing
14:28:03.902	231.751	1A02MM		rows for the workbook	BLD-DR-Plumbing Fixtures-vs-BLD-ST-Columns	0	0 in the document
14:28:03.903	231.752	1A02MM		test passed	BLD-DR-Plumbing Fixtures-vs-BLD-ST-Columns	0	ran and found nothing
14:28:05.502	233.351	1A02MM		rows for the workbook	BLD-DR-Plumbing Fixtures-vs-BLD-ST-Framing	0	0 in the document
14:28:05.503	233.352	1A02MM		test passed	BLD-DR-Plumbing Fixtures-vs-BLD-ST-Framing	0	ran and found nothing
14:28:07.065	234.915	1A02MM		rows for the workbook	BLD-DR-Plumbing Fixtures-vs-BLD-ST-Walls	0	0 in the document
14:28:07.066	234.916	1A02MM		test passed	BLD-DR-Plumbing Fixtures-vs-BLD-ST-Walls	0	ran and found nothing
14:28:08.670	236.519	1A02MM		rows for the workbook	BLD-DR-Plumbing Fixtures-vs-BLD-ST-Floors	0	0 in the document
14:28:08.672	236.520	1A02MM		test passed	BLD-DR-Plumbing Fixtures-vs-BLD-ST-Floors	0	ran and found nothing
14:28:10.465	238.313	1A02MM		rows for the workbook	BLD-DR-Plumbing Fixtures-vs-BLD-DR-Pipes & Pipe Fittings	2	2 in the document
14:28:10.466	238.314	1A02MM		test found clashes	BLD-DR-Plumbing Fixtures-vs-BLD-DR-Pipes & Pipe Fittings	2	ran and found clashes
14:28:12.186	240.035	1A02MM		rows for the workbook	BLD-EL-Cable Tray&Cable Tray Fittings-vs-BLD-AR-Floors	7	7 in the document
14:28:12.187	240.036	1A02MM		test found clashes	BLD-EL-Cable Tray&Cable Tray Fittings-vs-BLD-AR-Floors	7	ran and found clashes
14:28:14.372	242.220	1A02MM		rows for the workbook	BLD-EL-Cable Tray&Cable Tray Fittings-vs-BLD-AR-Walls	23	23 in the document
14:28:14.373	242.221	1A02MM		test found clashes	BLD-EL-Cable Tray&Cable Tray Fittings-vs-BLD-AR-Walls	23	ran and found clashes
14:28:16.207	244.056	1A02MM		rows for the workbook	BLD-EL-Cable Tray&Cable Tray Fittings-vs-BLD-AR-Doors	0	0 in the document
14:28:16.221	244.069	1A02MM		test passed	BLD-EL-Cable Tray&Cable Tray Fittings-vs-BLD-AR-Doors	0	ran and found nothing
14:28:17.947	245.796	1A02MM		rows for the workbook	BLD-EL-Cable Tray&Cable Tray Fittings-vs-BLD-ST-Foundation	0	0 in the document
14:28:17.958	245.807	1A02MM		test passed	BLD-EL-Cable Tray&Cable Tray Fittings-vs-BLD-ST-Foundation	0	ran and found nothing
14:28:19.550	247.398	1A02MM		rows for the workbook	BLD-EL-Cable Tray&Cable Tray Fittings-vs-BLD-ST-Columns	0	0 in the document
14:28:19.551	247.400	1A02MM		test passed	BLD-EL-Cable Tray&Cable Tray Fittings-vs-BLD-ST-Columns	0	ran and found nothing
14:28:21.201	249.051	1A02MM		rows for the workbook	BLD-EL-Cable Tray&Cable Tray Fittings-vs-BLD-ST-Framing	2	2 in the document
14:28:21.203	249.052	1A02MM		test found clashes	BLD-EL-Cable Tray&Cable Tray Fittings-vs-BLD-ST-Framing	2	ran and found clashes
14:28:22.767	250.616	1A02MM		rows for the workbook	BLD-EL-Cable Tray&Cable Tray Fittings-vs-BLD-ST-Walls	0	0 in the document
14:28:22.772	250.621	1A02MM		test passed	BLD-EL-Cable Tray&Cable Tray Fittings-vs-BLD-ST-Walls	0	ran and found nothing
14:28:24.391	252.239	1A02MM		rows for the workbook	BLD-EL-Cable Tray&Cable Tray Fittings-vs-BLD-ST-Floors	3	3 in the document
14:28:24.392	252.240	1A02MM		test found clashes	BLD-EL-Cable Tray&Cable Tray Fittings-vs-BLD-ST-Floors	3	ran and found clashes
14:28:26.067	253.916	1A02MM		rows for the workbook	BLD-EL-Cable Tray&Cable Tray Fittings-vs-BLD-DR-Pipes & Pipe Fittings	0	0 in the document
14:28:26.070	253.918	1A02MM		test passed	BLD-EL-Cable Tray&Cable Tray Fittings-vs-BLD-DR-Pipes & Pipe Fittings	0	ran and found nothing
14:28:27.631	255.480	1A02MM		rows for the workbook	BLD-EL-Cable Tray&Cable Tray Fittings-vs-BLD-DR-Plumbing Fixtures	0	0 in the document
14:28:27.631	255.481	1A02MM		test passed	BLD-EL-Cable Tray&Cable Tray Fittings-vs-BLD-DR-Plumbing Fixtures	0	ran and found nothing
14:28:30.338	258.186	1A02MM		rows for the workbook	BLD-EL-Electrical Equipment-vs-BLD-AR-Floors	27	27 in the document
14:28:30.338	258.187	1A02MM		test found clashes	BLD-EL-Electrical Equipment-vs-BLD-AR-Floors	27	ran and found clashes
14:28:32.287	260.136	1A02MM		rows for the workbook	BLD-EL-Electrical Equipment-vs-BLD-AR-Walls	8	8 in the document
14:28:32.288	260.137	1A02MM		test found clashes	BLD-EL-Electrical Equipment-vs-BLD-AR-Walls	8	ran and found clashes
14:28:33.875	261.724	1A02MM		rows for the workbook	BLD-EL-Electrical Equipment-vs-BLD-AR-Doors	0	0 in the document
14:28:33.876	261.725	1A02MM		test passed	BLD-EL-Electrical Equipment-vs-BLD-AR-Doors	0	ran and found nothing
14:28:35.507	263.355	1A02MM		rows for the workbook	BLD-EL-Electrical Equipment-vs-BLD-ST-Foundation	0	0 in the document
14:28:35.507	263.356	1A02MM		test passed	BLD-EL-Electrical Equipment-vs-BLD-ST-Foundation	0	ran and found nothing
14:28:37.122	264.970	1A02MM		rows for the workbook	BLD-EL-Electrical Equipment-vs-BLD-ST-Columns	0	0 in the document
14:28:37.162	265.011	1A02MM		test passed	BLD-EL-Electrical Equipment-vs-BLD-ST-Columns	0	ran and found nothing
14:28:39.036	266.885	1A02MM		rows for the workbook	BLD-EL-Electrical Equipment-vs-BLD-ST-Framing	1	1 in the document
14:28:39.051	266.900	1A02MM		test found clashes	BLD-EL-Electrical Equipment-vs-BLD-ST-Framing	1	ran and found clashes
14:28:40.823	268.672	1A02MM		rows for the workbook	BLD-EL-Electrical Equipment-vs-BLD-ST-Walls	0	0 in the document
14:28:40.825	268.673	1A02MM		test passed	BLD-EL-Electrical Equipment-vs-BLD-ST-Walls	0	ran and found nothing
14:28:43.021	270.871	1A02MM		rows for the workbook	BLD-EL-Electrical Equipment-vs-BLD-ST-Floors	15	15 in the document
14:28:43.022	270.872	1A02MM		test found clashes	BLD-EL-Electrical Equipment-vs-BLD-ST-Floors	15	ran and found clashes
14:28:44.688	272.536	1A02MM		rows for the workbook	BLD-EL-Electrical Equipment-vs-BLD-DR-Pipes & Pipe Fittings	0	0 in the document
14:28:44.688	272.537	1A02MM		test passed	BLD-EL-Electrical Equipment-vs-BLD-DR-Pipes & Pipe Fittings	0	ran and found nothing
14:28:46.248	274.096	1A02MM		rows for the workbook	BLD-EL-Electrical Equipment-vs-BLD-DR-Plumbing Fixtures	0	0 in the document
14:28:46.249	274.097	1A02MM		test passed	BLD-EL-Electrical Equipment-vs-BLD-DR-Plumbing Fixtures	0	ran and found nothing
14:28:47.825	275.674	1A02MM		rows for the workbook	BLD-EL-Electrical Equipment-vs-BLD-EL-Cable Tray&Cable Tray Fittings	1	1 in the document
14:28:47.826	275.675	1A02MM		test found clashes	BLD-EL-Electrical Equipment-vs-BLD-EL-Cable Tray&Cable Tray Fittings	1	ran and found clashes
14:28:49.392	277.240	1A02MM		rows for the workbook	BLD-EL-Electrical Fixtures-vs-BLD-AR-Floors	2	2 in the document
14:28:49.393	277.241	1A02MM		test found clashes	BLD-EL-Electrical Fixtures-vs-BLD-AR-Floors	2	ran and found clashes
14:28:51.829	279.678	1A02MM		rows for the workbook	BLD-EL-Electrical Fixtures-vs-BLD-AR-Walls	19	19 in the document
14:28:51.830	279.679	1A02MM		test found clashes	BLD-EL-Electrical Fixtures-vs-BLD-AR-Walls	19	ran and found clashes
14:28:53.460	281.309	1A02MM		rows for the workbook	BLD-EL-Electrical Fixtures-vs-BLD-AR-Doors	0	0 in the document
14:28:53.461	281.310	1A02MM		test passed	BLD-EL-Electrical Fixtures-vs-BLD-AR-Doors	0	ran and found nothing
14:28:55.054	282.902	1A02MM		rows for the workbook	BLD-EL-Electrical Fixtures-vs-BLD-ST-Foundation	0	0 in the document
14:28:55.055	282.903	1A02MM		test passed	BLD-EL-Electrical Fixtures-vs-BLD-ST-Foundation	0	ran and found nothing
14:28:56.636	284.485	1A02MM		rows for the workbook	BLD-EL-Electrical Fixtures-vs-BLD-ST-Columns	0	0 in the document
14:28:56.636	284.486	1A02MM		test passed	BLD-EL-Electrical Fixtures-vs-BLD-ST-Columns	0	ran and found nothing
14:28:58.215	286.064	1A02MM		rows for the workbook	BLD-EL-Electrical Fixtures-vs-BLD-ST-Framing	0	0 in the document
14:28:58.216	286.065	1A02MM		test passed	BLD-EL-Electrical Fixtures-vs-BLD-ST-Framing	0	ran and found nothing
14:28:59.819	287.669	1A02MM		rows for the workbook	BLD-EL-Electrical Fixtures-vs-BLD-ST-Walls	0	0 in the document
14:28:59.820	287.670	1A02MM		test passed	BLD-EL-Electrical Fixtures-vs-BLD-ST-Walls	0	ran and found nothing
14:29:01.404	289.253	1A02MM		rows for the workbook	BLD-EL-Electrical Fixtures-vs-BLD-ST-Floors	2	2 in the document
14:29:01.406	289.254	1A02MM		test found clashes	BLD-EL-Electrical Fixtures-vs-BLD-ST-Floors	2	ran and found clashes
14:29:03.084	290.932	1A02MM		rows for the workbook	BLD-EL-Electrical Fixtures-vs-BLD-DR-Pipes & Pipe Fittings	0	0 in the document
14:29:03.085	290.934	1A02MM		test passed	BLD-EL-Electrical Fixtures-vs-BLD-DR-Pipes & Pipe Fittings	0	ran and found nothing
14:29:04.646	292.494	1A02MM		rows for the workbook	BLD-EL-Electrical Fixtures-vs-BLD-DR-Plumbing Fixtures	0	0 in the document
14:29:04.647	292.496	1A02MM		test passed	BLD-EL-Electrical Fixtures-vs-BLD-DR-Plumbing Fixtures	0	ran and found nothing
14:29:06.230	294.079	1A02MM		rows for the workbook	BLD-EL-Electrical Fixtures-vs-BLD-EL-Cable Tray&Cable Tray Fittings	2	2 in the document
14:29:06.231	294.080	1A02MM		test found clashes	BLD-EL-Electrical Fixtures-vs-BLD-EL-Cable Tray&Cable Tray Fittings	2	ran and found clashes
14:29:07.823	295.672	1A02MM		rows for the workbook	BLD-EL-Electrical Fixtures-vs-BLD-EL-Electrical Equipment	0	0 in the document
14:29:07.825	295.673	1A02MM		test passed	BLD-EL-Electrical Fixtures-vs-BLD-EL-Electrical Equipment	0	ran and found nothing
14:29:09.615	297.464	1A02MM		rows for the workbook	BLD-EL-Conduits & Conduit Fittings-vs-BLD-AR-Floors	4	4 in the document
14:29:09.616	297.465	1A02MM		test found clashes	BLD-EL-Conduits & Conduit Fittings-vs-BLD-AR-Floors	4	ran and found clashes
14:29:12.191	300.040	1A02MM		rows for the workbook	BLD-EL-Conduits & Conduit Fittings-vs-BLD-AR-Walls	38	38 in the document
14:29:12.192	300.041	1A02MM		test found clashes	BLD-EL-Conduits & Conduit Fittings-vs-BLD-AR-Walls	38	ran and found clashes
14:29:13.765	301.614	1A02MM		rows for the workbook	BLD-EL-Conduits & Conduit Fittings-vs-BLD-AR-Doors	0	0 in the document
14:29:13.766	301.615	1A02MM		test passed	BLD-EL-Conduits & Conduit Fittings-vs-BLD-AR-Doors	0	ran and found nothing
14:29:15.419	303.268	1A02MM		rows for the workbook	BLD-EL-Conduits & Conduit Fittings-vs-BLD-ST-Foundation	2	2 in the document
14:29:15.420	303.269	1A02MM		test found clashes	BLD-EL-Conduits & Conduit Fittings-vs-BLD-ST-Foundation	2	ran and found clashes
14:29:17.264	305.113	1A02MM		rows for the workbook	BLD-EL-Conduits & Conduit Fittings-vs-BLD-ST-Columns	20	20 in the document
14:29:17.265	305.114	1A02MM		test found clashes	BLD-EL-Conduits & Conduit Fittings-vs-BLD-ST-Columns	20	ran and found clashes
14:29:19.698	307.547	1A02MM		rows for the workbook	BLD-EL-Conduits & Conduit Fittings-vs-BLD-ST-Framing	25	25 in the document
14:29:19.698	307.548	1A02MM		test found clashes	BLD-EL-Conduits & Conduit Fittings-vs-BLD-ST-Framing	25	ran and found clashes
14:29:21.353	309.202	1A02MM		rows for the workbook	BLD-EL-Conduits & Conduit Fittings-vs-BLD-ST-Walls	2	2 in the document
14:29:21.353	309.203	1A02MM		test found clashes	BLD-EL-Conduits & Conduit Fittings-vs-BLD-ST-Walls	2	ran and found clashes
14:29:23.000	310.849	1A02MM		rows for the workbook	BLD-EL-Conduits & Conduit Fittings-vs-BLD-ST-Floors	12	12 in the document
14:29:23.001	310.851	1A02MM		test found clashes	BLD-EL-Conduits & Conduit Fittings-vs-BLD-ST-Floors	12	ran and found clashes
14:29:24.691	312.540	1A02MM		rows for the workbook	BLD-EL-Conduits & Conduit Fittings-vs-BLD-DR-Pipes & Pipe Fittings	0	0 in the document
14:29:24.691	312.541	1A02MM		test passed	BLD-EL-Conduits & Conduit Fittings-vs-BLD-DR-Pipes & Pipe Fittings	0	ran and found nothing
14:29:26.248	314.097	1A02MM		rows for the workbook	BLD-EL-Conduits & Conduit Fittings-vs-BLD-DR-Plumbing Fixtures	0	0 in the document
14:29:26.249	314.097	1A02MM		test passed	BLD-EL-Conduits & Conduit Fittings-vs-BLD-DR-Plumbing Fixtures	0	ran and found nothing
14:29:27.805	315.655	1A02MM		rows for the workbook	BLD-EL-Conduits & Conduit Fittings-vs-BLD-EL-Cable Tray&Cable Tray Fittings	0	0 in the document
14:29:27.807	315.656	1A02MM		test passed	BLD-EL-Conduits & Conduit Fittings-vs-BLD-EL-Cable Tray&Cable Tray Fittings	0	ran and found nothing
14:29:29.619	317.468	1A02MM		rows for the workbook	BLD-EL-Conduits & Conduit Fittings-vs-BLD-EL-Electrical Equipment	8	8 in the document
14:29:29.620	317.469	1A02MM		test found clashes	BLD-EL-Conduits & Conduit Fittings-vs-BLD-EL-Electrical Equipment	8	ran and found clashes
14:29:31.266	319.115	1A02MM		rows for the workbook	BLD-EL-Conduits & Conduit Fittings-vs-BLD-EL-Electrical Fixtures	1	1 in the document
14:29:31.268	319.117	1A02MM		test found clashes	BLD-EL-Conduits & Conduit Fittings-vs-BLD-EL-Electrical Fixtures	1	ran and found clashes
14:29:32.861	320.710	1A02MM		rows for the workbook	BLD-EL-Devices-vs-BLD-AR-Floors	2	2 in the document
14:29:32.862	320.711	1A02MM		test found clashes	BLD-EL-Devices-vs-BLD-AR-Floors	2	ran and found clashes
14:29:35.513	323.362	1A02MM		rows for the workbook	BLD-EL-Devices-vs-BLD-AR-Walls	19	19 in the document
14:29:35.532	323.381	1A02MM		test found clashes	BLD-EL-Devices-vs-BLD-AR-Walls	19	ran and found clashes
14:29:37.319	325.168	1A02MM		rows for the workbook	BLD-EL-Devices-vs-BLD-AR-Doors	0	0 in the document
14:29:37.328	325.177	1A02MM		test passed	BLD-EL-Devices-vs-BLD-AR-Doors	0	ran and found nothing
14:29:39.177	327.026	1A02MM		rows for the workbook	BLD-EL-Devices-vs-BLD-ST-Foundation	0	0 in the document
14:29:39.194	327.043	1A02MM		test passed	BLD-EL-Devices-vs-BLD-ST-Foundation	0	ran and found nothing
14:29:40.786	328.635	1A02MM		rows for the workbook	BLD-EL-Devices-vs-BLD-ST-Columns	0	0 in the document
14:29:40.788	328.636	1A02MM		test passed	BLD-EL-Devices-vs-BLD-ST-Columns	0	ran and found nothing
14:29:42.329	330.178	1A02MM		rows for the workbook	BLD-EL-Devices-vs-BLD-ST-Framing	0	0 in the document
14:29:42.331	330.179	1A02MM		test passed	BLD-EL-Devices-vs-BLD-ST-Framing	0	ran and found nothing
14:29:43.883	331.732	1A02MM		rows for the workbook	BLD-EL-Devices-vs-BLD-ST-Walls	0	0 in the document
14:29:43.884	331.733	1A02MM		test passed	BLD-EL-Devices-vs-BLD-ST-Walls	0	ran and found nothing
14:29:45.463	333.312	1A02MM		rows for the workbook	BLD-EL-Devices-vs-BLD-ST-Floors	2	2 in the document
14:29:45.464	333.313	1A02MM		test found clashes	BLD-EL-Devices-vs-BLD-ST-Floors	2	ran and found clashes
14:29:47.199	335.048	1A02MM		rows for the workbook	BLD-EL-Devices-vs-BLD-DR-Pipes & Pipe Fittings	0	0 in the document
14:29:47.200	335.049	1A02MM		test passed	BLD-EL-Devices-vs-BLD-DR-Pipes & Pipe Fittings	0	ran and found nothing
14:29:48.796	336.644	1A02MM		rows for the workbook	BLD-EL-Devices-vs-BLD-DR-Plumbing Fixtures	0	0 in the document
14:29:48.797	336.645	1A02MM		test passed	BLD-EL-Devices-vs-BLD-DR-Plumbing Fixtures	0	ran and found nothing
14:29:50.363	338.212	1A02MM		rows for the workbook	BLD-EL-Devices-vs-BLD-EL-Cable Tray&Cable Tray Fittings	2	2 in the document
14:29:50.364	338.213	1A02MM		test found clashes	BLD-EL-Devices-vs-BLD-EL-Cable Tray&Cable Tray Fittings	2	ran and found clashes
14:29:51.940	339.789	1A02MM		rows for the workbook	BLD-EL-Devices-vs-BLD-EL-Electrical Equipment	0	0 in the document
14:29:51.941	339.790	1A02MM		test passed	BLD-EL-Devices-vs-BLD-EL-Electrical Equipment	0	ran and found nothing
14:29:53.530	341.379	1A02MM		rows for the workbook	BLD-EL-Devices-vs-BLD-EL-Electrical Fixtures	0	0 in the document
14:29:53.531	341.379	1A02MM		test passed	BLD-EL-Devices-vs-BLD-EL-Electrical Fixtures	0	ran and found nothing
14:29:55.126	342.975	1A02MM		rows for the workbook	BLD-EL-Devices-vs-BLD-EL-Conduits & Conduit Fittings	1	1 in the document
14:29:55.127	342.976	1A02MM		test found clashes	BLD-EL-Devices-vs-BLD-EL-Conduits & Conduit Fittings	1	ran and found clashes
14:29:56.709	344.557	1A02MM		rows for the workbook	BLD-EL-Lighting Fixtures-vs-BLD-AR-Floors	0	0 in the document
14:29:56.710	344.558	1A02MM		test passed	BLD-EL-Lighting Fixtures-vs-BLD-AR-Floors	0	ran and found nothing
14:29:58.534	346.383	1A02MM		rows for the workbook	BLD-EL-Lighting Fixtures-vs-BLD-AR-Walls	5	5 in the document
14:29:58.547	346.396	1A02MM		test found clashes	BLD-EL-Lighting Fixtures-vs-BLD-AR-Walls	5	ran and found clashes
14:30:00.165	348.014	1A02MM		rows for the workbook	BLD-EL-Lighting Fixtures-vs-BLD-AR-Doors	0	0 in the document
14:30:00.166	348.015	1A02MM		test passed	BLD-EL-Lighting Fixtures-vs-BLD-AR-Doors	0	ran and found nothing
14:30:01.753	349.602	1A02MM		rows for the workbook	BLD-EL-Lighting Fixtures-vs-BLD-ST-Foundation	0	0 in the document
14:30:01.754	349.603	1A02MM		test passed	BLD-EL-Lighting Fixtures-vs-BLD-ST-Foundation	0	ran and found nothing
14:30:03.320	351.169	1A02MM		rows for the workbook	BLD-EL-Lighting Fixtures-vs-BLD-ST-Columns	0	0 in the document
14:30:03.321	351.170	1A02MM		test passed	BLD-EL-Lighting Fixtures-vs-BLD-ST-Columns	0	ran and found nothing
14:30:04.987	352.836	1A02MM		rows for the workbook	BLD-EL-Lighting Fixtures-vs-BLD-ST-Framing	2	2 in the document
14:30:04.988	352.837	1A02MM		test found clashes	BLD-EL-Lighting Fixtures-vs-BLD-ST-Framing	2	ran and found clashes
14:30:06.566	354.415	1A02MM		rows for the workbook	BLD-EL-Lighting Fixtures-vs-BLD-ST-Walls	0	0 in the document
14:30:06.567	354.416	1A02MM		test passed	BLD-EL-Lighting Fixtures-vs-BLD-ST-Walls	0	ran and found nothing
14:30:08.904	356.753	1A02MM		rows for the workbook	BLD-EL-Lighting Fixtures-vs-BLD-ST-Floors	36	36 in the document
14:30:08.905	356.754	1A02MM		test found clashes	BLD-EL-Lighting Fixtures-vs-BLD-ST-Floors	36	ran and found clashes
14:30:10.707	358.556	1A02MM		rows for the workbook	BLD-EL-Lighting Fixtures-vs-BLD-DR-Pipes & Pipe Fittings	0	0 in the document
14:30:10.708	358.557	1A02MM		test passed	BLD-EL-Lighting Fixtures-vs-BLD-DR-Pipes & Pipe Fittings	0	ran and found nothing
14:30:12.281	360.130	1A02MM		rows for the workbook	BLD-EL-Lighting Fixtures-vs-BLD-DR-Plumbing Fixtures	0	0 in the document
14:30:12.282	360.131	1A02MM		test passed	BLD-EL-Lighting Fixtures-vs-BLD-DR-Plumbing Fixtures	0	ran and found nothing
14:30:13.830	361.679	1A02MM		rows for the workbook	BLD-EL-Lighting Fixtures-vs-BLD-EL-Cable Tray&Cable Tray Fittings	0	0 in the document
14:30:13.854	361.703	1A02MM		test passed	BLD-EL-Lighting Fixtures-vs-BLD-EL-Cable Tray&Cable Tray Fittings	0	ran and found nothing
14:30:15.564	363.413	1A02MM		rows for the workbook	BLD-EL-Lighting Fixtures-vs-BLD-EL-Electrical Equipment	0	0 in the document
14:30:15.580	363.429	1A02MM		test passed	BLD-EL-Lighting Fixtures-vs-BLD-EL-Electrical Equipment	0	ran and found nothing
14:30:17.319	365.169	1A02MM		rows for the workbook	BLD-EL-Lighting Fixtures-vs-BLD-EL-Electrical Fixtures	0	0 in the document
14:30:17.331	365.180	1A02MM		test passed	BLD-EL-Lighting Fixtures-vs-BLD-EL-Electrical Fixtures	0	ran and found nothing
14:30:18.937	366.785	1A02MM		rows for the workbook	BLD-EL-Lighting Fixtures-vs-BLD-EL-Conduits & Conduit Fittings	0	0 in the document
14:30:18.937	366.786	1A02MM		test passed	BLD-EL-Lighting Fixtures-vs-BLD-EL-Conduits & Conduit Fittings	0	ran and found nothing
14:30:20.518	368.367	1A02MM		rows for the workbook	BLD-EL-Lighting Fixtures-vs-BLD-EL-Devices	0	0 in the document
14:30:20.518	368.368	1A02MM		test passed	BLD-EL-Lighting Fixtures-vs-BLD-EL-Devices	0	ran and found nothing
14:30:22.067	369.916	1A02MM		rows for the workbook	BLD-EL-Lighting Devices-vs-BLD-AR-Floors	0	0 in the document
14:30:22.068	369.917	1A02MM		test passed	BLD-EL-Lighting Devices-vs-BLD-AR-Floors	0	ran and found nothing
14:30:24.278	372.127	1A02MM		rows for the workbook	BLD-EL-Lighting Devices-vs-BLD-AR-Walls	16	16 in the document
14:30:24.279	372.128	1A02MM		test found clashes	BLD-EL-Lighting Devices-vs-BLD-AR-Walls	16	ran and found clashes
14:30:25.871	373.720	1A02MM		rows for the workbook	BLD-EL-Lighting Devices-vs-BLD-AR-Doors	0	0 in the document
14:30:25.871	373.721	1A02MM		test passed	BLD-EL-Lighting Devices-vs-BLD-AR-Doors	0	ran and found nothing
14:30:27.487	375.336	1A02MM		rows for the workbook	BLD-EL-Lighting Devices-vs-BLD-ST-Foundation	0	0 in the document
14:30:27.488	375.337	1A02MM		test passed	BLD-EL-Lighting Devices-vs-BLD-ST-Foundation	0	ran and found nothing
14:30:29.043	376.892	1A02MM		rows for the workbook	BLD-EL-Lighting Devices-vs-BLD-ST-Columns	0	0 in the document
14:30:29.044	376.893	1A02MM		test passed	BLD-EL-Lighting Devices-vs-BLD-ST-Columns	0	ran and found nothing
14:30:30.658	378.507	1A02MM		rows for the workbook	BLD-EL-Lighting Devices-vs-BLD-ST-Framing	0	0 in the document
14:30:30.658	378.508	1A02MM		test passed	BLD-EL-Lighting Devices-vs-BLD-ST-Framing	0	ran and found nothing
14:30:32.239	380.087	1A02MM		rows for the workbook	BLD-EL-Lighting Devices-vs-BLD-ST-Walls	0	0 in the document
14:30:32.239	380.088	1A02MM		test passed	BLD-EL-Lighting Devices-vs-BLD-ST-Walls	0	ran and found nothing
14:30:33.817	381.666	1A02MM		rows for the workbook	BLD-EL-Lighting Devices-vs-BLD-ST-Floors	0	0 in the document
14:30:33.817	381.667	1A02MM		test passed	BLD-EL-Lighting Devices-vs-BLD-ST-Floors	0	ran and found nothing
14:30:35.554	383.402	1A02MM		rows for the workbook	BLD-EL-Lighting Devices-vs-BLD-DR-Pipes & Pipe Fittings	0	0 in the document
14:30:35.554	383.403	1A02MM		test passed	BLD-EL-Lighting Devices-vs-BLD-DR-Pipes & Pipe Fittings	0	ran and found nothing
14:30:37.123	384.971	1A02MM		rows for the workbook	BLD-EL-Lighting Devices-vs-BLD-DR-Plumbing Fixtures	0	0 in the document
14:30:37.124	384.972	1A02MM		test passed	BLD-EL-Lighting Devices-vs-BLD-DR-Plumbing Fixtures	0	ran and found nothing
14:30:38.713	386.561	1A02MM		rows for the workbook	BLD-EL-Lighting Devices-vs-BLD-EL-Cable Tray&Cable Tray Fittings	0	0 in the document
14:30:38.714	386.562	1A02MM		test passed	BLD-EL-Lighting Devices-vs-BLD-EL-Cable Tray&Cable Tray Fittings	0	ran and found nothing
14:30:40.297	388.145	1A02MM		rows for the workbook	BLD-EL-Lighting Devices-vs-BLD-EL-Electrical Equipment	0	0 in the document
14:30:40.298	388.146	1A02MM		test passed	BLD-EL-Lighting Devices-vs-BLD-EL-Electrical Equipment	0	ran and found nothing
14:30:41.898	389.746	1A02MM		rows for the workbook	BLD-EL-Lighting Devices-vs-BLD-EL-Electrical Fixtures	0	0 in the document
14:30:41.898	389.747	1A02MM		test passed	BLD-EL-Lighting Devices-vs-BLD-EL-Electrical Fixtures	0	ran and found nothing
14:30:43.468	391.317	1A02MM		rows for the workbook	BLD-EL-Lighting Devices-vs-BLD-EL-Conduits & Conduit Fittings	0	0 in the document
14:30:43.469	391.318	1A02MM		test passed	BLD-EL-Lighting Devices-vs-BLD-EL-Conduits & Conduit Fittings	0	ran and found nothing
14:30:45.049	392.898	1A02MM		rows for the workbook	BLD-EL-Lighting Devices-vs-BLD-EL-Devices	0	0 in the document
14:30:45.050	392.899	1A02MM		test passed	BLD-EL-Lighting Devices-vs-BLD-EL-Devices	0	ran and found nothing
14:30:46.619	394.468	1A02MM		rows for the workbook	BLD-EL-Lighting Devices-vs-BLD-EL-Lighting Fixtures	0	0 in the document
14:30:46.620	394.469	1A02MM		test passed	BLD-EL-Lighting Devices-vs-BLD-EL-Lighting Fixtures	0	ran and found nothing
14:30:48.218	396.068	1A02MM		rows for the workbook	BLD-EL-Fire Alarm Devices-vs-BLD-AR-Floors	0	0 in the document
14:30:48.220	396.069	1A02MM		test passed	BLD-EL-Fire Alarm Devices-vs-BLD-AR-Floors	0	ran and found nothing
14:30:50.101	397.950	1A02MM		rows for the workbook	BLD-EL-Fire Alarm Devices-vs-BLD-AR-Walls	6	6 in the document
14:30:50.102	397.951	1A02MM		test found clashes	BLD-EL-Fire Alarm Devices-vs-BLD-AR-Walls	6	ran and found clashes
14:30:51.742	399.591	1A02MM		rows for the workbook	BLD-EL-Fire Alarm Devices-vs-BLD-AR-Doors	2	2 in the document
14:30:51.743	399.592	1A02MM		test found clashes	BLD-EL-Fire Alarm Devices-vs-BLD-AR-Doors	2	ran and found clashes
14:30:53.358	401.207	1A02MM		rows for the workbook	BLD-EL-Fire Alarm Devices-vs-BLD-ST-Foundation	0	0 in the document
14:30:53.359	401.208	1A02MM		test passed	BLD-EL-Fire Alarm Devices-vs-BLD-ST-Foundation	0	ran and found nothing
14:30:54.924	402.772	1A02MM		rows for the workbook	BLD-EL-Fire Alarm Devices-vs-BLD-ST-Columns	0	0 in the document
14:30:54.924	402.773	1A02MM		test passed	BLD-EL-Fire Alarm Devices-vs-BLD-ST-Columns	0	ran and found nothing
14:30:56.595	404.444	1A02MM		rows for the workbook	BLD-EL-Fire Alarm Devices-vs-BLD-ST-Framing	2	2 in the document
14:30:56.596	404.445	1A02MM		test found clashes	BLD-EL-Fire Alarm Devices-vs-BLD-ST-Framing	2	ran and found clashes
14:30:58.229	406.078	1A02MM		rows for the workbook	BLD-EL-Fire Alarm Devices-vs-BLD-ST-Walls	0	0 in the document
14:30:58.230	406.078	1A02MM		test passed	BLD-EL-Fire Alarm Devices-vs-BLD-ST-Walls	0	ran and found nothing
14:31:00.095	407.945	1A02MM		rows for the workbook	BLD-EL-Fire Alarm Devices-vs-BLD-ST-Floors	5	5 in the document
14:31:00.097	407.946	1A02MM		test found clashes	BLD-EL-Fire Alarm Devices-vs-BLD-ST-Floors	5	ran and found clashes
14:31:01.827	409.676	1A02MM		rows for the workbook	BLD-EL-Fire Alarm Devices-vs-BLD-DR-Pipes & Pipe Fittings	0	0 in the document
14:31:01.828	409.677	1A02MM		test passed	BLD-EL-Fire Alarm Devices-vs-BLD-DR-Pipes & Pipe Fittings	0	ran and found nothing
14:31:03.418	411.267	1A02MM		rows for the workbook	BLD-EL-Fire Alarm Devices-vs-BLD-DR-Plumbing Fixtures	0	0 in the document
14:31:03.419	411.268	1A02MM		test passed	BLD-EL-Fire Alarm Devices-vs-BLD-DR-Plumbing Fixtures	0	ran and found nothing
14:31:05.024	412.872	1A02MM		rows for the workbook	BLD-EL-Fire Alarm Devices-vs-BLD-EL-Cable Tray&Cable Tray Fittings	0	0 in the document
14:31:05.025	412.873	1A02MM		test passed	BLD-EL-Fire Alarm Devices-vs-BLD-EL-Cable Tray&Cable Tray Fittings	0	ran and found nothing
14:31:06.604	414.454	1A02MM		rows for the workbook	BLD-EL-Fire Alarm Devices-vs-BLD-EL-Electrical Equipment	0	0 in the document
14:31:06.605	414.455	1A02MM		test passed	BLD-EL-Fire Alarm Devices-vs-BLD-EL-Electrical Equipment	0	ran and found nothing
14:31:08.194	416.043	1A02MM		rows for the workbook	BLD-EL-Fire Alarm Devices-vs-BLD-EL-Electrical Fixtures	0	0 in the document
14:31:08.195	416.044	1A02MM		test passed	BLD-EL-Fire Alarm Devices-vs-BLD-EL-Electrical Fixtures	0	ran and found nothing
14:31:09.776	417.625	1A02MM		rows for the workbook	BLD-EL-Fire Alarm Devices-vs-BLD-EL-Conduits & Conduit Fittings	0	0 in the document
14:31:09.777	417.626	1A02MM		test passed	BLD-EL-Fire Alarm Devices-vs-BLD-EL-Conduits & Conduit Fittings	0	ran and found nothing
14:31:11.468	419.317	1A02MM		rows for the workbook	BLD-EL-Fire Alarm Devices-vs-BLD-EL-Devices	0	0 in the document
14:31:11.470	419.318	1A02MM		test passed	BLD-EL-Fire Alarm Devices-vs-BLD-EL-Devices	0	ran and found nothing
14:31:13.038	420.887	1A02MM		rows for the workbook	BLD-EL-Fire Alarm Devices-vs-BLD-EL-Lighting Fixtures	0	0 in the document
14:31:13.039	420.888	1A02MM		test passed	BLD-EL-Fire Alarm Devices-vs-BLD-EL-Lighting Fixtures	0	ran and found nothing
14:31:14.657	422.505	1A02MM		rows for the workbook	BLD-EL-Fire Alarm Devices-vs-BLD-EL-Lighting Devices	0	0 in the document
14:31:14.658	422.506	1A02MM		test passed	BLD-EL-Fire Alarm Devices-vs-BLD-EL-Lighting Devices	0	ran and found nothing
14:31:16.862	424.711	1A02MM		rows for the workbook	BLD-Security Devices-vs-BLD-AR-Floors	0	0 in the document
14:31:16.863	424.712	1A02MM		test passed	BLD-Security Devices-vs-BLD-AR-Floors	0	ran and found nothing
14:31:18.797	426.646	1A02MM		rows for the workbook	BLD-Security Devices-vs-BLD-AR-Walls	11	11 in the document
14:31:18.798	426.647	1A02MM		test found clashes	BLD-Security Devices-vs-BLD-AR-Walls	11	ran and found clashes
14:31:20.431	428.280	1A02MM		rows for the workbook	BLD-Security Devices-vs-BLD-AR-Doors	1	1 in the document
14:31:20.432	428.281	1A02MM		test found clashes	BLD-Security Devices-vs-BLD-AR-Doors	1	ran and found clashes
14:31:22.032	429.881	1A02MM		rows for the workbook	BLD-Security Devices-vs-BLD-ST-Foundation	0	0 in the document
14:31:22.033	429.882	1A02MM		test passed	BLD-Security Devices-vs-BLD-ST-Foundation	0	ran and found nothing
14:31:23.596	431.445	1A02MM		rows for the workbook	BLD-Security Devices-vs-BLD-ST-Columns	0	0 in the document
14:31:23.597	431.446	1A02MM		test passed	BLD-Security Devices-vs-BLD-ST-Columns	0	ran and found nothing
14:31:25.202	433.052	1A02MM		rows for the workbook	BLD-Security Devices-vs-BLD-ST-Framing	1	1 in the document
14:31:25.203	433.053	1A02MM		test found clashes	BLD-Security Devices-vs-BLD-ST-Framing	1	ran and found clashes
14:31:26.774	434.623	1A02MM		rows for the workbook	BLD-Security Devices-vs-BLD-ST-Walls	0	0 in the document
14:31:26.774	434.624	1A02MM		test passed	BLD-Security Devices-vs-BLD-ST-Walls	0	ran and found nothing
14:31:28.347	436.195	1A02MM		rows for the workbook	BLD-Security Devices-vs-BLD-ST-Floors	3	3 in the document
14:31:28.348	436.196	1A02MM		test found clashes	BLD-Security Devices-vs-BLD-ST-Floors	3	ran and found clashes
14:31:30.120	437.968	1A02MM		rows for the workbook	BLD-Security Devices-vs-BLD-DR-Pipes & Pipe Fittings	0	0 in the document
14:31:30.121	437.969	1A02MM		test passed	BLD-Security Devices-vs-BLD-DR-Pipes & Pipe Fittings	0	ran and found nothing
14:31:31.709	439.558	1A02MM		rows for the workbook	BLD-Security Devices-vs-BLD-DR-Plumbing Fixtures	0	0 in the document
14:31:31.710	439.559	1A02MM		test passed	BLD-Security Devices-vs-BLD-DR-Plumbing Fixtures	0	ran and found nothing
14:31:33.288	441.136	1A02MM		rows for the workbook	BLD-Security Devices-vs-BLD-EL-Cable Tray&Cable Tray Fittings	0	0 in the document
14:31:33.288	441.137	1A02MM		test passed	BLD-Security Devices-vs-BLD-EL-Cable Tray&Cable Tray Fittings	0	ran and found nothing
14:31:34.873	442.722	1A02MM		rows for the workbook	BLD-Security Devices-vs-BLD-EL-Electrical Equipment	0	0 in the document
14:31:34.874	442.723	1A02MM		test passed	BLD-Security Devices-vs-BLD-EL-Electrical Equipment	0	ran and found nothing
14:31:36.484	444.333	1A02MM		rows for the workbook	BLD-Security Devices-vs-BLD-EL-Electrical Fixtures	0	0 in the document
14:31:36.484	444.334	1A02MM		test passed	BLD-Security Devices-vs-BLD-EL-Electrical Fixtures	0	ran and found nothing
14:31:38.070	445.918	1A02MM		rows for the workbook	BLD-Security Devices-vs-BLD-EL-Conduits & Conduit Fittings	0	0 in the document
14:31:38.071	445.919	1A02MM		test passed	BLD-Security Devices-vs-BLD-EL-Conduits & Conduit Fittings	0	ran and found nothing
14:31:39.640	447.488	1A02MM		rows for the workbook	BLD-Security Devices-vs-BLD-EL-Devices	0	0 in the document
14:31:39.641	447.489	1A02MM		test passed	BLD-Security Devices-vs-BLD-EL-Devices	0	ran and found nothing
14:31:41.203	449.052	1A02MM		rows for the workbook	BLD-Security Devices-vs-BLD-EL-Lighting Fixtures	0	0 in the document
14:31:41.204	449.053	1A02MM		test passed	BLD-Security Devices-vs-BLD-EL-Lighting Fixtures	0	ran and found nothing
14:31:42.808	450.657	1A02MM		rows for the workbook	BLD-Security Devices-vs-BLD-EL-Lighting Devices	1	1 in the document
14:31:42.809	450.658	1A02MM		test found clashes	BLD-Security Devices-vs-BLD-EL-Lighting Devices	1	ran and found clashes
14:31:44.437	452.286	1A02MM		rows for the workbook	BLD-Security Devices-vs-BLD-EL-Fire Alarm Devices	2	2 in the document
14:31:44.438	452.287	1A02MM		test found clashes	BLD-Security Devices-vs-BLD-EL-Fire Alarm Devices	2	ran and found clashes
14:31:46.058	453.907	1A02MM		rows for the workbook	BLD-EL-Communication Devices-vs-BLD-AR-Floors	0	0 in the document
14:31:46.059	453.907	1A02MM		test passed	BLD-EL-Communication Devices-vs-BLD-AR-Floors	0	ran and found nothing
14:31:47.661	455.510	1A02MM		rows for the workbook	BLD-EL-Communication Devices-vs-BLD-AR-Walls	0	0 in the document
14:31:47.662	455.511	1A02MM		test passed	BLD-EL-Communication Devices-vs-BLD-AR-Walls	0	ran and found nothing
14:31:49.224	457.073	1A02MM		rows for the workbook	BLD-EL-Communication Devices-vs-BLD-AR-Doors	0	0 in the document
14:31:49.225	457.074	1A02MM		test passed	BLD-EL-Communication Devices-vs-BLD-AR-Doors	0	ran and found nothing
14:31:50.812	458.661	1A02MM		rows for the workbook	BLD-EL-Communication Devices-vs-BLD-ST-Foundation	0	0 in the document
14:31:50.813	458.662	1A02MM		test passed	BLD-EL-Communication Devices-vs-BLD-ST-Foundation	0	ran and found nothing
14:31:52.382	460.231	1A02MM		rows for the workbook	BLD-EL-Communication Devices-vs-BLD-ST-Columns	0	0 in the document
14:31:52.383	460.232	1A02MM		test passed	BLD-EL-Communication Devices-vs-BLD-ST-Columns	0	ran and found nothing
14:31:53.980	461.829	1A02MM		rows for the workbook	BLD-EL-Communication Devices-vs-BLD-ST-Framing	0	0 in the document
14:31:53.981	461.830	1A02MM		test passed	BLD-EL-Communication Devices-vs-BLD-ST-Framing	0	ran and found nothing
14:31:55.577	463.426	1A02MM		rows for the workbook	BLD-EL-Communication Devices-vs-BLD-ST-Walls	0	0 in the document
14:31:55.579	463.427	1A02MM		test passed	BLD-EL-Communication Devices-vs-BLD-ST-Walls	0	ran and found nothing
14:31:57.148	464.997	1A02MM		rows for the workbook	BLD-EL-Communication Devices-vs-BLD-ST-Floors	0	0 in the document
14:31:57.149	464.998	1A02MM		test passed	BLD-EL-Communication Devices-vs-BLD-ST-Floors	0	ran and found nothing
14:31:58.862	466.711	1A02MM		rows for the workbook	BLD-EL-Communication Devices-vs-BLD-DR-Pipes & Pipe Fittings	0	0 in the document
14:31:58.863	466.712	1A02MM		test passed	BLD-EL-Communication Devices-vs-BLD-DR-Pipes & Pipe Fittings	0	ran and found nothing
14:32:00.465	468.314	1A02MM		rows for the workbook	BLD-EL-Communication Devices-vs-BLD-DR-Plumbing Fixtures	0	0 in the document
14:32:00.466	468.315	1A02MM		test passed	BLD-EL-Communication Devices-vs-BLD-DR-Plumbing Fixtures	0	ran and found nothing
14:32:02.065	469.914	1A02MM		rows for the workbook	BLD-EL-Communication Devices-vs-BLD-EL-Cable Tray&Cable Tray Fittings	0	0 in the document
14:32:02.066	469.915	1A02MM		test passed	BLD-EL-Communication Devices-vs-BLD-EL-Cable Tray&Cable Tray Fittings	0	ran and found nothing
14:32:03.626	471.474	1A02MM		rows for the workbook	BLD-EL-Communication Devices-vs-BLD-EL-Electrical Equipment	0	0 in the document
14:32:03.627	471.475	1A02MM		test passed	BLD-EL-Communication Devices-vs-BLD-EL-Electrical Equipment	0	ran and found nothing
14:32:05.199	473.048	1A02MM		rows for the workbook	BLD-EL-Communication Devices-vs-BLD-EL-Electrical Fixtures	0	0 in the document
14:32:05.200	473.049	1A02MM		test passed	BLD-EL-Communication Devices-vs-BLD-EL-Electrical Fixtures	0	ran and found nothing
14:32:06.783	474.632	1A02MM		rows for the workbook	BLD-EL-Communication Devices-vs-BLD-EL-Conduits & Conduit Fittings	0	0 in the document
14:32:06.784	474.633	1A02MM		test passed	BLD-EL-Communication Devices-vs-BLD-EL-Conduits & Conduit Fittings	0	ran and found nothing
14:32:08.353	476.202	1A02MM		rows for the workbook	BLD-EL-Communication Devices-vs-BLD-EL-Devices	0	0 in the document
14:32:08.354	476.203	1A02MM		test passed	BLD-EL-Communication Devices-vs-BLD-EL-Devices	0	ran and found nothing
14:32:09.936	477.785	1A02MM		rows for the workbook	BLD-EL-Communication Devices-vs-BLD-EL-Lighting Fixtures	0	0 in the document
14:32:09.937	477.786	1A02MM		test passed	BLD-EL-Communication Devices-vs-BLD-EL-Lighting Fixtures	0	ran and found nothing
14:32:11.577	479.426	1A02MM		rows for the workbook	BLD-EL-Communication Devices-vs-BLD-EL-Lighting Devices	0	0 in the document
14:32:11.578	479.427	1A02MM		test passed	BLD-EL-Communication Devices-vs-BLD-EL-Lighting Devices	0	ran and found nothing
14:32:13.153	481.002	1A02MM		rows for the workbook	BLD-EL-Communication Devices-vs-BLD-EL-Fire Alarm Devices	0	0 in the document
14:32:13.154	481.003	1A02MM		test passed	BLD-EL-Communication Devices-vs-BLD-EL-Fire Alarm Devices	0	ran and found nothing
14:32:14.770	482.619	1A02MM		rows for the workbook	BLD-EL-Communication Devices-vs-BLD-Security Devices	0	0 in the document
14:32:14.771	482.620	1A02MM		test passed	BLD-EL-Communication Devices-vs-BLD-Security Devices	0	ran and found nothing
14:32:16.692	484.541	1A02MM		rows for the workbook	BLD-EL-Data Devices-vs-BLD-AR-Floors	0	0 in the document
14:32:16.693	484.542	1A02MM		test passed	BLD-EL-Data Devices-vs-BLD-AR-Floors	0	ran and found nothing
14:32:18.441	486.290	1A02MM		rows for the workbook	BLD-EL-Data Devices-vs-BLD-AR-Walls	4	4 in the document
14:32:18.442	486.291	1A02MM		test found clashes	BLD-EL-Data Devices-vs-BLD-AR-Walls	4	ran and found clashes
14:32:20.004	487.853	1A02MM		rows for the workbook	BLD-EL-Data Devices-vs-BLD-AR-Doors	0	0 in the document
14:32:20.005	487.854	1A02MM		test passed	BLD-EL-Data Devices-vs-BLD-AR-Doors	0	ran and found nothing
14:32:21.617	489.466	1A02MM		rows for the workbook	BLD-EL-Data Devices-vs-BLD-ST-Foundation	0	0 in the document
14:32:21.620	489.468	1A02MM		test passed	BLD-EL-Data Devices-vs-BLD-ST-Foundation	0	ran and found nothing
14:32:23.193	491.041	1A02MM		rows for the workbook	BLD-EL-Data Devices-vs-BLD-ST-Columns	0	0 in the document
14:32:23.194	491.042	1A02MM		test passed	BLD-EL-Data Devices-vs-BLD-ST-Columns	0	ran and found nothing
14:32:24.737	492.586	1A02MM		rows for the workbook	BLD-EL-Data Devices-vs-BLD-ST-Framing	0	0 in the document
14:32:24.738	492.587	1A02MM		test passed	BLD-EL-Data Devices-vs-BLD-ST-Framing	0	ran and found nothing
14:32:26.299	494.148	1A02MM		rows for the workbook	BLD-EL-Data Devices-vs-BLD-ST-Walls	0	0 in the document
14:32:26.300	494.149	1A02MM		test passed	BLD-EL-Data Devices-vs-BLD-ST-Walls	0	ran and found nothing
14:32:27.865	495.715	1A02MM		rows for the workbook	BLD-EL-Data Devices-vs-BLD-ST-Floors	0	0 in the document
14:32:27.866	495.716	1A02MM		test passed	BLD-EL-Data Devices-vs-BLD-ST-Floors	0	ran and found nothing
14:32:29.625	497.474	1A02MM		rows for the workbook	BLD-EL-Data Devices-vs-BLD-DR-Pipes & Pipe Fittings	0	0 in the document
14:32:29.626	497.475	1A02MM		test passed	BLD-EL-Data Devices-vs-BLD-DR-Pipes & Pipe Fittings	0	ran and found nothing
14:32:31.265	499.114	1A02MM		rows for the workbook	BLD-EL-Data Devices-vs-BLD-DR-Plumbing Fixtures	0	0 in the document
14:32:31.266	499.115	1A02MM		test passed	BLD-EL-Data Devices-vs-BLD-DR-Plumbing Fixtures	0	ran and found nothing
14:32:32.905	500.753	1A02MM		rows for the workbook	BLD-EL-Data Devices-vs-BLD-EL-Cable Tray&Cable Tray Fittings	0	0 in the document
14:32:32.914	500.763	1A02MM		test passed	BLD-EL-Data Devices-vs-BLD-EL-Cable Tray&Cable Tray Fittings	0	ran and found nothing
14:32:34.645	502.494	1A02MM		rows for the workbook	BLD-EL-Data Devices-vs-BLD-EL-Electrical Equipment	0	0 in the document
14:32:34.646	502.495	1A02MM		test passed	BLD-EL-Data Devices-vs-BLD-EL-Electrical Equipment	0	ran and found nothing
14:32:36.368	504.217	1A02MM		rows for the workbook	BLD-EL-Data Devices-vs-BLD-EL-Electrical Fixtures	0	0 in the document
14:32:36.394	504.243	1A02MM		test passed	BLD-EL-Data Devices-vs-BLD-EL-Electrical Fixtures	0	ran and found nothing
14:32:38.238	506.087	1A02MM		rows for the workbook	BLD-EL-Data Devices-vs-BLD-EL-Conduits & Conduit Fittings	0	0 in the document
14:32:38.250	506.100	1A02MM		test passed	BLD-EL-Data Devices-vs-BLD-EL-Conduits & Conduit Fittings	0	ran and found nothing
14:32:39.830	507.678	1A02MM		rows for the workbook	BLD-EL-Data Devices-vs-BLD-EL-Devices	0	0 in the document
14:32:39.831	507.679	1A02MM		test passed	BLD-EL-Data Devices-vs-BLD-EL-Devices	0	ran and found nothing
14:32:41.383	509.232	1A02MM		rows for the workbook	BLD-EL-Data Devices-vs-BLD-EL-Lighting Fixtures	0	0 in the document
14:32:41.384	509.233	1A02MM		test passed	BLD-EL-Data Devices-vs-BLD-EL-Lighting Fixtures	0	ran and found nothing
14:32:42.956	510.804	1A02MM		rows for the workbook	BLD-EL-Data Devices-vs-BLD-EL-Lighting Devices	0	0 in the document
14:32:42.957	510.805	1A02MM		test passed	BLD-EL-Data Devices-vs-BLD-EL-Lighting Devices	0	ran and found nothing
14:32:44.516	512.365	1A02MM		rows for the workbook	BLD-EL-Data Devices-vs-BLD-EL-Fire Alarm Devices	0	0 in the document
14:32:44.517	512.366	1A02MM		test passed	BLD-EL-Data Devices-vs-BLD-EL-Fire Alarm Devices	0	ran and found nothing
14:32:46.106	513.955	1A02MM		rows for the workbook	BLD-EL-Data Devices-vs-BLD-Security Devices	0	0 in the document
14:32:46.107	513.956	1A02MM		test passed	BLD-EL-Data Devices-vs-BLD-Security Devices	0	ran and found nothing
14:32:47.714	515.563	1A02MM		rows for the workbook	BLD-EL-Data Devices-vs-BLD-EL-Communication Devices	0	0 in the document
14:32:47.715	515.564	1A02MM		test passed	BLD-EL-Data Devices-vs-BLD-EL-Communication Devices	0	ran and found nothing
14:32:48.926	516.775	1A02MM	VIEWS	step started	VIEWS	0	
14:32:48.944	516.793	1A02MM	VIEWS	census before	models	4	
14:32:48.945	516.793	1A02MM	VIEWS	census before	sets	62	
14:32:48.945	516.794	1A02MM	VIEWS	census before	tests	1830	
14:32:48.946	516.795	1A02MM	VIEWS	census before	results	526	
14:32:48.947	516.795	1A02MM	VIEWS	census before	views	455	
14:34:08.516	596.365	1A02MM		census after	models	4	
14:34:08.517	596.366	1A02MM		census after	sets	62	
14:34:08.518	596.367	1A02MM		census after	tests	1830	
14:34:08.519	596.368	1A02MM		census after	results	526	
14:34:08.520	596.369	1A02MM		census after	views	500	
14:34:08.528	596.377	1A02MM		step finished	VIEWS	79.576	45 created, 385 already there.
14:34:08.679	596.528	1A02MM	NWF SAVE	step started	NWF SAVE	0	
14:34:08.691	596.540	1A02MM	NWF SAVE	census before	models	4	
14:34:08.692	596.541	1A02MM	NWF SAVE	census before	sets	62	
14:34:08.693	596.541	1A02MM	NWF SAVE	census before	tests	1830	
14:34:08.693	596.542	1A02MM	NWF SAVE	census before	results	526	
14:34:08.694	596.543	1A02MM	NWF SAVE	census before	views	500	
14:34:10.388	598.238	1A02MM	NWF SAVE	written	NWF	24642386	C:\\00-NM\\Federation Task\\C02 + 04\\C02\\NWF\\1104-PAR-1A02MM-ZZZ-BM-MOD-000001.nwf
14:34:10.403	598.252	1A02MM		census after	models	4	
14:34:10.403	598.253	1A02MM		census after	sets	62	
14:34:10.405	598.253	1A02MM		census after	tests	1830	
14:34:10.405	598.254	1A02MM		census after	results	526	
14:34:10.406	598.255	1A02MM		census after	views	500	
14:34:10.413	598.262	1A02MM		step finished	NWF SAVE	1.716	saved 24642386 bytes
14:34:10.425	598.274	1A02MM	WORKBOOK	step started	WORKBOOK	0	
14:34:10.452	598.301	1A02MM	WORKBOOK	census before	models	4	
14:34:10.453	598.302	1A02MM	WORKBOOK	census before	sets	62	
14:34:10.453	598.302	1A02MM	WORKBOOK	census before	tests	1830	
14:34:10.454	598.303	1A02MM	WORKBOOK	census before	results	526	
14:34:10.455	598.304	1A02MM	WORKBOOK	census before	views	500	
14:34:17.063	604.912	1A02MM	WORKBOOK	written	XLSX	546245	C:\\00-NM\\Federation Task\\C02 + 04\\C02\\Clash Report\\1104-PAR-1A02MM-ZZZ-BM-MOD-000001.xlsx
14:34:17.749	605.598	1A02MM		census after	models	4	
14:34:17.750	605.598	1A02MM		census after	sets	62	
14:34:17.751	605.599	1A02MM		census after	tests	1830	
14:34:17.752	605.600	1A02MM		census after	results	526	
14:34:17.752	605.601	1A02MM		census after	views	500	
14:34:17.758	605.607	1A02MM		step finished	WORKBOOK	7.301	wrote 546245 bytes
14:34:17.764	605.613	1A02MM	HTML	step started	HTML	0	
14:34:17.775	605.624	1A02MM	HTML	census before	models	4	
14:34:17.776	605.625	1A02MM	HTML	census before	sets	62	
14:34:17.777	605.625	1A02MM	HTML	census before	tests	1830	
14:34:17.777	605.626	1A02MM	HTML	census before	results	526	
14:34:17.778	605.627	1A02MM	HTML	census before	views	500	
14:34:17.966	605.815	1A02MM	HTML	written	HTML	4418605	C:\\00-NM\\Federation Task\\C02 + 04\\C02\\Clash Report\\1104-PAR-1A02MM-ZZZ-BM-MOD-000001.html
14:34:18.244	606.093	1A02MM		census after	models	4	
14:34:18.245	606.094	1A02MM		census after	sets	62	
14:34:18.245	606.095	1A02MM		census after	tests	1830	
14:34:18.246	606.096	1A02MM		census after	results	526	
14:34:18.248	606.096	1A02MM		census after	views	500	
14:34:18.253	606.102	1A02MM		step finished	HTML	0.475	wrote 4418605 bytes
14:34:18.266	606.115	1A02MM	NWD	step started	NWD	0	
14:34:18.296	606.145	1A02MM	NWD	census before	models	4	
14:34:18.297	606.146	1A02MM	NWD	census before	sets	62	
14:34:18.297	606.147	1A02MM	NWD	census before	tests	1830	
14:34:18.298	606.147	1A02MM	NWD	census before	results	526	
14:34:18.299	606.148	1A02MM	NWD	census before	views	500	
14:34:20.161	608.011	1A02MM	NWD	written	NWD	26556402	C:\\00-NM\\Federation Task\\C02 + 04\\C02\\NWD\\1104-PAR-1A02MM-ZZZ-BM-MOD-000001.nwd
14:34:20.173	608.022	1A02MM		census after	models	4	
14:34:20.174	608.023	1A02MM		census after	sets	62	
14:34:20.175	608.024	1A02MM		census after	tests	1830	
14:34:20.175	608.024	1A02MM		census after	results	526	
14:34:20.176	608.025	1A02MM		census after	views	500	
14:34:20.183	608.032	1A02MM		step finished	NWD	1.903	published 26556402 bytes
14:34:20.194	608.043	1A02MM	CONFIRM	step started	CONFIRM	0	
14:34:20.236	608.085	1A02MM	CONFIRM	census before	models	4	
14:34:20.237	608.086	1A02MM	CONFIRM	census before	sets	62	
14:34:20.237	608.086	1A02MM	CONFIRM	census before	tests	1830	
14:34:20.238	608.087	1A02MM	CONFIRM	census before	results	526	
14:34:20.239	608.088	1A02MM	CONFIRM	census before	views	500	
14:34:20.272	608.122	1A02MM		census after	models	4	
14:34:20.274	608.123	1A02MM		census after	sets	62	
14:34:20.275	608.123	1A02MM		census after	tests	1830	
14:34:20.275	608.124	1A02MM		census after	results	526	
14:34:20.276	608.125	1A02MM		census after	views	500	
14:34:20.283	608.132	1A02MM		step finished	CONFIRM	0.077	the NWF is 24642386 bytes
14:34:20.350	608.198	1A02MM		gap	Family	860	it would belong in a workbook column of ours, which is Q25
14:34:20.350	608.199	1A02MM		gap	Type Name	860	it would belong in a workbook column of ours, which is Q25
14:34:20.352	608.200	1A02MM		gap	Material	723	it would belong in a workbook column of ours, which is Q25
14:34:20.352	608.201	1A02MM		gap	Id From	860	the ITEM IDS block counts it per property and no output names it per item
14:34:20.372	608.221	1A02MM		step total	TESTS RUN	325.571	
14:34:20.373	608.222	1A02MM		step total	HARVEST	17.414	
14:34:20.373	608.222	1A02MM		step total	IMAGES	10.36	
14:34:20.389	608.237			group finished	1A02MM	457.035	DONE Weekly run plus XML
14:34:20.529	608.378			timing	TESTS RUN	325.571	210 visits
14:34:20.530	608.379			timing	VIEWS	79.576	1 visits
14:34:20.530	608.379			timing	HARVEST	17.414	210 visits
14:34:20.531	608.380			timing	WORKBOOK	7.301	1 visits
14:34:20.532	608.381			timing	NWD	1.903	1 visits
14:34:20.533	608.382			timing	NWF SAVE	1.716	1 visits
14:34:20.533	608.382			timing	DECIDE	1.628	1 visits
14:34:20.534	608.383			timing	HTML	0.475	1 visits
14:34:20.534	608.384			timing	SETS	0.402	1 visits
14:34:20.536	608.385			timing	CONFIRM	0.077	1 visits
14:34:20.536	608.385			timing	UNITS	0.06	1 visits
14:34:20.537	608.386			timing nested	IMAGES	10.36	526 visits
14:34:20.725	608.574	1A02MS	DECIDE	step started	DECIDE	0	
14:34:20.731	608.580	1A02MS	DECIDE	census before	models	0	
14:34:20.732	608.581	1A02MS	DECIDE	census before	sets	0	
14:34:20.734	608.582	1A02MS	DECIDE	census before	tests	0	
14:34:20.734	608.583	1A02MS	DECIDE	census before	results	0	
14:34:20.734	608.584	1A02MS	DECIDE	census before	views	0	
14:34:21.857	609.706	1A02MS		census after	models	1	
14:34:21.858	609.706	1A02MS		census after	sets	61	
14:34:21.858	609.707	1A02MS		census after	tests	15	
14:34:21.859	609.708	1A02MS		census after	results	0	
14:34:21.860	609.709	1A02MS		census after	views	6	
14:34:21.866	609.715	1A02MS		step finished	DECIDE	1.132	Weekly run plus XML
14:34:21.899	609.749	1A02MS	UNITS	step started	UNITS	0	
14:34:21.906	609.755	1A02MS	UNITS	census before	models	1	
14:34:21.908	609.756	1A02MS	UNITS	census before	sets	61	
14:34:21.908	609.757	1A02MS	UNITS	census before	tests	15	
14:34:21.909	609.758	1A02MS	UNITS	census before	results	0	
14:34:21.910	609.759	1A02MS	UNITS	census before	views	6	
14:34:22.108	609.957	1A02MS		census after	models	1	
14:34:22.109	609.958	1A02MS		census after	sets	61	
14:34:22.109	609.959	1A02MS		census after	tests	15	
14:34:22.111	609.959	1A02MS		census after	results	0	
14:34:22.111	609.960	1A02MS		census after	views	6	
14:34:22.118	609.967	1A02MS		step finished	UNITS	0.208	the document was asked for Meters
14:34:22.160	610.009	1A02MS		model placement	1104-PAR-1A02MS-ZZZ-ST-MOD-000001.nwc	2247887.95	Default Site
14:34:22.332	610.181	1A02MS		model export	1104-PAR-1A02MS-ZZZ-ST-MOD-000001.nwc	2139	1 workset(s), element id 100%
14:34:22.344	610.193	1A02MS	SETS	step started	SETS	0	
14:34:22.351	610.200	1A02MS	SETS	census before	models	1	
14:34:22.352	610.201	1A02MS	SETS	census before	sets	61	
14:34:22.352	610.201	1A02MS	SETS	census before	tests	15	
14:34:22.353	610.202	1A02MS	SETS	census before	results	0	
14:34:22.354	610.203	1A02MS	SETS	census before	views	6	
14:34:22.920	610.769	1A02MS		census after	models	1	
14:34:22.921	610.770	1A02MS		census after	sets	61	
14:34:22.921	610.771	1A02MS		census after	tests	15	
14:34:22.922	610.771	1A02MS		census after	results	0	
14:34:22.923	610.772	1A02MS		census after	views	6	
14:34:22.934	610.783	1A02MS		step finished	SETS	0.576	0 created, 61 already there, 0 finding items, 0 at zero.
14:34:23.642	611.491	1A02MS	VIEWS	step started	VIEWS	0	
14:34:23.649	611.499	1A02MS	VIEWS	census before	models	1	
14:34:23.651	611.500	1A02MS	VIEWS	census before	sets	61	
14:34:23.651	611.500	1A02MS	VIEWS	census before	tests	15	
14:34:23.652	611.501	1A02MS	VIEWS	census before	results	0	
14:34:23.652	611.502	1A02MS	VIEWS	census before	views	6	
14:34:23.723	611.572	1A02MS		census after	models	1	
14:34:23.724	611.573	1A02MS		census after	sets	61	
14:34:23.725	611.574	1A02MS		census after	tests	15	
14:34:23.725	611.574	1A02MS		census after	results	0	
14:34:23.726	611.575	1A02MS		census after	views	6	
14:34:23.733	611.582	1A02MS		step finished	VIEWS	0.083	No viewpoint was planned for this group.
14:34:23.853	611.702	1A02MS	WORKBOOK	step started	WORKBOOK	0	
14:34:23.861	611.709	1A02MS	WORKBOOK	census before	models	1	
14:34:23.861	611.710	1A02MS	WORKBOOK	census before	sets	61	
14:34:23.862	611.711	1A02MS	WORKBOOK	census before	tests	15	
14:34:23.862	611.711	1A02MS	WORKBOOK	census before	results	0	
14:34:23.863	611.712	1A02MS	WORKBOOK	census before	views	6	
14:34:29.301	617.151	1A02MS	WORKBOOK	written	XLSX	471822	C:\\00-NM\\Federation Task\\C02 + 04\\C02\\Clash Report\\1104-PAR-1A02MS-ZZZ-BM-MOD-000001.xlsx
14:34:30.813	618.662	1A02MS		census after	models	1	
14:34:30.814	618.663	1A02MS		census after	sets	61	
14:34:30.814	618.663	1A02MS		census after	tests	15	
14:34:30.815	618.664	1A02MS		census after	results	0	
14:34:30.816	618.665	1A02MS		census after	views	6	
14:34:30.826	618.675	1A02MS		step finished	WORKBOOK	6.955	wrote 471822 bytes
14:34:30.835	618.684	1A02MS	HTML	step started	HTML	0	
14:34:30.845	618.694	1A02MS	HTML	census before	models	1	
14:34:30.846	618.695	1A02MS	HTML	census before	sets	61	
14:34:30.847	618.695	1A02MS	HTML	census before	tests	15	
14:34:30.848	618.696	1A02MS	HTML	census before	results	0	
14:34:30.848	618.697	1A02MS	HTML	census before	views	6	
14:34:30.998	618.847	1A02MS	HTML	written	HTML	2683307	C:\\00-NM\\Federation Task\\C02 + 04\\C02\\Clash Report\\1104-PAR-1A02MS-ZZZ-BM-MOD-000001.html
14:34:31.225	619.074	1A02MS		census after	models	1	
14:34:31.227	619.075	1A02MS		census after	sets	61	
14:34:31.227	619.076	1A02MS		census after	tests	15	
14:34:31.227	619.077	1A02MS		census after	results	0	
14:34:31.228	619.077	1A02MS		census after	views	6	
14:34:31.239	619.088	1A02MS		step finished	HTML	0.39	wrote 2683307 bytes
14:34:31.256	619.105	1A02MS	NWD	step started	NWD	0	
14:34:31.263	619.113	1A02MS	NWD	census before	models	1	
14:34:31.264	619.113	1A02MS	NWD	census before	sets	61	
14:34:31.265	619.114	1A02MS	NWD	census before	tests	15	
14:34:31.265	619.115	1A02MS	NWD	census before	results	0	
14:34:31.266	619.115	1A02MS	NWD	census before	views	6	
14:34:32.786	620.634	1A02MS	NWD	written	NWD	12752989	C:\\00-NM\\Federation Task\\C02 + 04\\C02\\NWD\\1104-PAR-1A02MS-ZZZ-BM-MOD-000001.nwd
14:34:32.794	620.643	1A02MS		census after	models	1	
14:34:32.795	620.644	1A02MS		census after	sets	61	
14:34:32.795	620.644	1A02MS		census after	tests	15	
14:34:32.797	620.645	1A02MS		census after	results	0	
14:34:32.797	620.646	1A02MS		census after	views	6	
14:34:32.806	620.655	1A02MS		step finished	NWD	1.537	published 12752989 bytes
14:34:32.814	620.663	1A02MS	CONFIRM	step started	CONFIRM	0	
14:34:32.824	620.672	1A02MS	CONFIRM	census before	models	1	
14:34:32.825	620.673	1A02MS	CONFIRM	census before	sets	61	
14:34:32.825	620.674	1A02MS	CONFIRM	census before	tests	15	
14:34:32.826	620.675	1A02MS	CONFIRM	census before	results	0	
14:34:32.827	620.675	1A02MS	CONFIRM	census before	views	6	
14:34:32.863	620.712	1A02MS		census after	models	1	
14:34:32.864	620.713	1A02MS		census after	sets	61	
14:34:32.865	620.714	1A02MS		census after	tests	15	
14:34:32.866	620.715	1A02MS		census after	results	0	
14:34:32.866	620.715	1A02MS		census after	views	6	
14:34:32.873	620.722	1A02MS		step finished	CONFIRM	0.05	the NWF is 81957 bytes
14:34:32.926	620.774			group finished	1A02MS	12.362	DONE Weekly run plus XML
14:34:33.037	620.886			timing	WORKBOOK	6.955	1 visits
14:34:33.038	620.887			timing	NWD	1.537	1 visits
14:34:33.039	620.888			timing	DECIDE	1.132	1 visits
14:34:33.039	620.888			timing	SETS	0.576	1 visits
14:34:33.040	620.889			timing	HTML	0.39	1 visits
14:34:33.041	620.890			timing	UNITS	0.208	1 visits
14:34:33.041	620.890			timing	VIEWS	0.083	1 visits
14:34:33.042	620.891			timing	CONFIRM	0.05	1 visits
14:34:33.139	620.988	1A02WE	DECIDE	step started	DECIDE	0	
14:34:33.145	620.994	1A02WE	DECIDE	census before	models	0	
14:34:33.146	620.995	1A02WE	DECIDE	census before	sets	0	
14:34:33.147	620.996	1A02WE	DECIDE	census before	tests	0	
14:34:33.148	620.997	1A02WE	DECIDE	census before	results	0	
14:34:33.148	620.997	1A02WE	DECIDE	census before	views	0	
14:34:34.038	621.887	1A02WE		census after	models	4	
14:34:34.038	621.888	1A02WE		census after	sets	62	
14:34:34.040	621.889	1A02WE		census after	tests	1830	
14:34:34.041	621.890	1A02WE		census after	results	29	
14:34:34.042	621.891	1A02WE		census after	views	51	
14:34:34.051	621.899	1A02WE		step finished	DECIDE	0.881	Weekly run plus XML
14:34:34.078	621.926	1A02WE	UNITS	step started	UNITS	0	
14:34:34.088	621.937	1A02WE	UNITS	census before	models	4	
14:34:34.090	621.938	1A02WE	UNITS	census before	sets	62	
14:34:34.090	621.939	1A02WE	UNITS	census before	tests	1830	
14:34:34.091	621.940	1A02WE	UNITS	census before	results	29	
14:34:34.091	621.940	1A02WE	UNITS	census before	views	51	
14:34:34.145	621.994	1A02WE		census after	models	4	
14:34:34.145	621.995	1A02WE		census after	sets	62	
14:34:34.147	621.996	1A02WE		census after	tests	1830	
14:34:34.148	621.997	1A02WE		census after	results	29	
14:34:34.148	621.997	1A02WE		census after	views	51	
14:34:34.156	622.005	1A02WE		step finished	UNITS	0.064	the document was asked for Meters
14:34:34.258	622.107	1A02WE		model placement	1104-PAR-1A02WE-ZZZ-AR-MOD-000001.nwc	-1	IRPS-SharedCoordinate
14:34:34.259	622.108	1A02WE		model placement	1104-PAR-1A02WE-ZZZ-EL-MOD-000001.nwc	150	BUL_0105_SharedCoordinate
14:34:34.259	622.108	1A02WE		model placement	1104-PAR-1A02WE-ZZZ-ME-MOD-000001.nwc	632.3	PW5_Shared_Location
14:34:34.260	622.109	1A02WE		model placement	1104-PAR-1A02WE-ZZZ-ST-MOD-000001.nwc	-1	BUL_0105_SharedCoordinate
14:34:34.348	622.197	1A02WE		model export	1104-PAR-1A02WE-ZZZ-AR-MOD-000001.nwc	26	2 workset(s), element id 100%
14:34:34.348	622.198	1A02WE		model export	1104-PAR-1A02WE-ZZZ-EL-MOD-000001.nwc	77	5 workset(s), element id 100%
14:34:34.349	622.198	1A02WE		model export	1104-PAR-1A02WE-ZZZ-ME-MOD-000001.nwc	14	4 workset(s), element id 100%
14:34:34.350	622.199	1A02WE		model export	1104-PAR-1A02WE-ZZZ-ST-MOD-000001.nwc	36	2 workset(s), element id 100%
14:34:34.365	622.214	1A02WE	SETS	step started	SETS	0	
14:34:34.385	622.234	1A02WE	SETS	census before	models	4	
14:34:34.385	622.235	1A02WE	SETS	census before	sets	62	
14:34:34.387	622.236	1A02WE	SETS	census before	tests	1830	
14:34:34.387	622.236	1A02WE	SETS	census before	results	29	
14:34:34.388	622.237	1A02WE	SETS	census before	views	51	
14:34:34.958	622.808	1A02WE		census after	models	4	
14:34:34.959	622.809	1A02WE		census after	sets	62	
14:34:34.960	622.809	1A02WE		census after	tests	1830	
14:34:34.961	622.810	1A02WE		census after	results	29	
14:34:34.961	622.811	1A02WE		census after	views	51	
14:34:34.969	622.819	1A02WE		step finished	SETS	0.59	0 created, 61 already there, 0 finding items, 0 at zero.
14:34:35.138	622.987	1A02WE	TESTS RUN	step started	TESTS RUN	0	
14:34:35.152	623.000	1A02WE	TESTS RUN	census before	models	4	
14:34:35.153	623.001	1A02WE	TESTS RUN	census before	sets	62	
14:34:35.153	623.002	1A02WE	TESTS RUN	census before	tests	1830	
14:34:35.154	623.003	1A02WE	TESTS RUN	census before	results	29	
14:34:35.155	623.003	1A02WE	TESTS RUN	census before	views	51	
14:34:35.284	623.134	1A02WE		census after	models	4	
14:34:35.286	623.135	1A02WE		census after	sets	62	
14:34:35.286	623.135	1A02WE		census after	tests	1830	
14:34:35.287	623.136	1A02WE		census after	results	29	
14:34:35.288	623.137	1A02WE		census after	views	51	
14:34:35.295	623.144	1A02WE		step finished	TESTS RUN	0.147	BLD-AR-Walls-vs-BLD-AR-Floors
14:34:35.304	623.152	1A02WE	HARVEST	step started	HARVEST	0	
14:34:35.327	623.175	1A02WE	HARVEST	census before	models	4	
14:34:35.328	623.176	1A02WE	HARVEST	census before	sets	62	
14:34:35.328	623.177	1A02WE	HARVEST	census before	tests	1830	
14:34:35.329	623.178	1A02WE	HARVEST	census before	results	29	
14:34:35.330	623.178	1A02WE	HARVEST	census before	views	51	
14:34:35.373	623.223	1A02WE		census after	models	4	
14:34:35.374	623.223	1A02WE		census after	sets	62	
14:34:35.375	623.224	1A02WE		census after	tests	1830	
14:34:35.376	623.225	1A02WE		census after	results	29	
14:34:35.376	623.226	1A02WE		census after	views	51	
14:34:35.383	623.233	1A02WE		step finished	HARVEST	0.067	BLD-AR-Walls-vs-BLD-AR-Floors
14:34:35.384	623.234	1A02WE		rows for the workbook	BLD-AR-Walls-vs-BLD-AR-Floors	0	0 in the document
14:34:35.385	623.234	1A02WE		test passed	BLD-AR-Walls-vs-BLD-AR-Floors	0	ran and found nothing
14:34:35.567	623.416	1A02WE		rows for the workbook	BLD-AR-Windows-vs-BLD-AR-Floors	0	0 in the document
14:34:35.568	623.417	1A02WE		test passed	BLD-AR-Windows-vs-BLD-AR-Floors	0	ran and found nothing
14:34:35.787	623.636	1A02WE	IMAGES	step started	IMAGES	0	
14:34:35.805	623.655	1A02WE	IMAGES	census before	models	4	
14:34:35.806	623.656	1A02WE	IMAGES	census before	sets	62	
14:34:35.806	623.656	1A02WE	IMAGES	census before	tests	1830	
14:34:35.808	623.657	1A02WE	IMAGES	census before	results	29	
14:34:35.808	623.658	1A02WE	IMAGES	census before	views	51	
14:34:35.854	623.703	1A02WE	HARVEST	census after	models	4	
14:34:35.855	623.704	1A02WE	HARVEST	census after	sets	62	
14:34:35.856	623.705	1A02WE	HARVEST	census after	tests	1830	
14:34:35.857	623.705	1A02WE	HARVEST	census after	results	29	
14:34:35.857	623.706	1A02WE	HARVEST	census after	views	51	
14:34:35.865	623.713	1A02WE	HARVEST	step finished	IMAGES	0.058	BLD-AR-Windows-vs-BLD-AR-Walls
14:34:35.936	623.785	1A02WE		rows for the workbook	BLD-AR-Windows-vs-BLD-AR-Walls	3	3 in the document
14:34:35.936	623.785	1A02WE		test found clashes	BLD-AR-Windows-vs-BLD-AR-Walls	3	ran and found clashes
14:34:36.113	623.962	1A02WE		rows for the workbook	BLD-AR-Doors-vs-BLD-AR-Floors	0	0 in the document
14:34:36.114	623.963	1A02WE		test passed	BLD-AR-Doors-vs-BLD-AR-Floors	0	ran and found nothing
14:34:36.366	624.215	1A02WE		rows for the workbook	BLD-AR-Doors-vs-BLD-AR-Walls	2	2 in the document
14:34:36.367	624.217	1A02WE		test found clashes	BLD-AR-Doors-vs-BLD-AR-Walls	2	ran and found clashes
14:34:36.520	624.369	1A02WE		rows for the workbook	BLD-AR-Doors-vs-BLD-AR-Windows	0	0 in the document
14:34:36.521	624.370	1A02WE		test passed	BLD-AR-Doors-vs-BLD-AR-Windows	0	ran and found nothing
14:34:36.721	624.570	1A02WE		rows for the workbook	BLD-ST-Foundation-vs-BLD-AR-Floors	0	0 in the document
14:34:36.722	624.570	1A02WE		test passed	BLD-ST-Foundation-vs-BLD-AR-Floors	0	ran and found nothing
14:34:36.878	624.727	1A02WE		rows for the workbook	BLD-ST-Foundation-vs-BLD-AR-Walls	0	0 in the document
14:34:36.879	624.728	1A02WE		test passed	BLD-ST-Foundation-vs-BLD-AR-Walls	0	ran and found nothing
14:34:37.035	624.884	1A02WE		rows for the workbook	BLD-ST-Foundation-vs-BLD-AR-Windows	0	0 in the document
14:34:37.035	624.885	1A02WE		test passed	BLD-ST-Foundation-vs-BLD-AR-Windows	0	ran and found nothing
14:34:37.190	625.038	1A02WE		rows for the workbook	BLD-ST-Foundation-vs-BLD-AR-Doors	0	0 in the document
14:34:37.191	625.039	1A02WE		test passed	BLD-ST-Foundation-vs-BLD-AR-Doors	0	ran and found nothing
14:34:37.347	625.196	1A02WE		rows for the workbook	BLD-ST-Columns-vs-BLD-AR-Floors	0	0 in the document
14:34:37.348	625.196	1A02WE		test passed	BLD-ST-Columns-vs-BLD-AR-Floors	0	ran and found nothing
14:34:37.505	625.354	1A02WE		rows for the workbook	BLD-ST-Columns-vs-BLD-AR-Walls	0	0 in the document
14:34:37.506	625.355	1A02WE		test passed	BLD-ST-Columns-vs-BLD-AR-Walls	0	ran and found nothing
14:34:37.663	625.512	1A02WE		rows for the workbook	BLD-ST-Columns-vs-BLD-AR-Windows	0	0 in the document
14:34:37.664	625.513	1A02WE		test passed	BLD-ST-Columns-vs-BLD-AR-Windows	0	ran and found nothing
14:34:37.820	625.669	1A02WE		rows for the workbook	BLD-ST-Columns-vs-BLD-AR-Doors	0	0 in the document
14:34:37.821	625.669	1A02WE		test passed	BLD-ST-Columns-vs-BLD-AR-Doors	0	ran and found nothing
14:34:37.996	625.845	1A02WE		rows for the workbook	BLD-ST-Columns-vs-BLD-ST-Foundation	0	0 in the document
14:34:37.997	625.846	1A02WE		test passed	BLD-ST-Columns-vs-BLD-ST-Foundation	0	ran and found nothing
14:34:38.184	626.033	1A02WE		rows for the workbook	BLD-ST-Framing-vs-BLD-AR-Floors	0	0 in the document
14:34:38.185	626.034	1A02WE		test passed	BLD-ST-Framing-vs-BLD-AR-Floors	0	ran and found nothing
14:34:38.372	626.221	1A02WE		rows for the workbook	BLD-ST-Framing-vs-BLD-AR-Walls	0	0 in the document
14:34:38.373	626.222	1A02WE		test passed	BLD-ST-Framing-vs-BLD-AR-Walls	0	ran and found nothing
14:34:38.539	626.387	1A02WE		rows for the workbook	BLD-ST-Framing-vs-BLD-AR-Windows	0	0 in the document
14:34:38.540	626.388	1A02WE		test passed	BLD-ST-Framing-vs-BLD-AR-Windows	0	ran and found nothing
14:34:38.693	626.542	1A02WE		rows for the workbook	BLD-ST-Framing-vs-BLD-AR-Doors	0	0 in the document
14:34:38.694	626.543	1A02WE		test passed	BLD-ST-Framing-vs-BLD-AR-Doors	0	ran and found nothing
14:34:38.854	626.703	1A02WE		rows for the workbook	BLD-ST-Framing-vs-BLD-ST-Foundation	0	0 in the document
14:34:38.855	626.704	1A02WE		test passed	BLD-ST-Framing-vs-BLD-ST-Foundation	0	ran and found nothing
14:34:38.998	626.847	1A02WE		rows for the workbook	BLD-ST-Framing-vs-BLD-ST-Columns	0	0 in the document
14:34:39.000	626.848	1A02WE		test passed	BLD-ST-Framing-vs-BLD-ST-Columns	0	ran and found nothing
14:34:39.164	627.013	1A02WE		rows for the workbook	BLD-ST-Walls-vs-BLD-AR-Floors	0	0 in the document
14:34:39.165	627.013	1A02WE		test passed	BLD-ST-Walls-vs-BLD-AR-Floors	0	ran and found nothing
14:34:39.340	627.189	1A02WE		rows for the workbook	BLD-ST-Walls-vs-BLD-AR-Walls	0	0 in the document
14:34:39.342	627.190	1A02WE		test passed	BLD-ST-Walls-vs-BLD-AR-Walls	0	ran and found nothing
14:34:39.528	627.377	1A02WE		rows for the workbook	BLD-ST-Walls-vs-BLD-AR-Windows	0	0 in the document
14:34:39.530	627.378	1A02WE		test passed	BLD-ST-Walls-vs-BLD-AR-Windows	0	ran and found nothing
14:34:39.702	627.551	1A02WE		rows for the workbook	BLD-ST-Walls-vs-BLD-AR-Doors	0	0 in the document
14:34:39.704	627.553	1A02WE		test passed	BLD-ST-Walls-vs-BLD-AR-Doors	0	ran and found nothing
14:34:39.971	627.820	1A02WE		rows for the workbook	BLD-ST-Walls-vs-BLD-ST-Foundation	3	3 in the document
14:34:39.972	627.821	1A02WE		test found clashes	BLD-ST-Walls-vs-BLD-ST-Foundation	3	ran and found clashes
14:34:40.139	627.988	1A02WE		rows for the workbook	BLD-ST-Walls-vs-BLD-ST-Columns	0	0 in the document
14:34:40.140	627.988	1A02WE		test passed	BLD-ST-Walls-vs-BLD-ST-Columns	0	ran and found nothing
14:34:40.294	628.143	1A02WE		rows for the workbook	BLD-ST-Walls-vs-BLD-ST-Framing	0	0 in the document
14:34:40.295	628.144	1A02WE		test passed	BLD-ST-Walls-vs-BLD-ST-Framing	0	ran and found nothing
14:34:40.436	628.285	1A02WE		rows for the workbook	BLD-ST-Floors-vs-BLD-AR-Floors	0	0 in the document
14:34:40.437	628.286	1A02WE		test passed	BLD-ST-Floors-vs-BLD-AR-Floors	0	ran and found nothing
14:34:40.623	628.472	1A02WE		rows for the workbook	BLD-ST-Floors-vs-BLD-AR-Walls	0	0 in the document
14:34:40.624	628.472	1A02WE		test passed	BLD-ST-Floors-vs-BLD-AR-Walls	0	ran and found nothing
14:34:40.808	628.657	1A02WE		rows for the workbook	BLD-ST-Floors-vs-BLD-AR-Windows	0	0 in the document
14:34:40.809	628.657	1A02WE		test passed	BLD-ST-Floors-vs-BLD-AR-Windows	0	ran and found nothing
14:34:40.980	628.829	1A02WE		rows for the workbook	BLD-ST-Floors-vs-BLD-AR-Doors	0	0 in the document
14:34:40.981	628.829	1A02WE		test passed	BLD-ST-Floors-vs-BLD-AR-Doors	0	ran and found nothing
14:34:41.167	629.015	1A02WE		rows for the workbook	BLD-ST-Floors-vs-BLD-ST-Foundation	0	0 in the document
14:34:41.168	629.016	1A02WE		test passed	BLD-ST-Floors-vs-BLD-ST-Foundation	0	ran and found nothing
14:34:41.318	629.167	1A02WE		rows for the workbook	BLD-ST-Floors-vs-BLD-ST-Columns	0	0 in the document
14:34:41.319	629.168	1A02WE		test passed	BLD-ST-Floors-vs-BLD-ST-Columns	0	ran and found nothing
14:34:41.476	629.325	1A02WE		rows for the workbook	BLD-ST-Floors-vs-BLD-ST-Framing	0	0 in the document
14:34:41.476	629.326	1A02WE		test passed	BLD-ST-Floors-vs-BLD-ST-Framing	0	ran and found nothing
14:34:41.633	629.482	1A02WE		rows for the workbook	BLD-ST-Floors-vs-BLD-ST-Walls	0	0 in the document
14:34:41.634	629.482	1A02WE		test passed	BLD-ST-Floors-vs-BLD-ST-Walls	0	ran and found nothing
14:34:42.106	629.955	1A02WE		rows for the workbook	BLD-DR-Pipes & Pipe Fittings-vs-BLD-AR-Floors	0	0 in the document
14:34:42.107	629.956	1A02WE		test passed	BLD-DR-Pipes & Pipe Fittings-vs-BLD-AR-Floors	0	ran and found nothing
14:34:42.292	630.141	1A02WE		rows for the workbook	BLD-DR-Pipes & Pipe Fittings-vs-BLD-AR-Walls	0	0 in the document
14:34:42.293	630.142	1A02WE		test passed	BLD-DR-Pipes & Pipe Fittings-vs-BLD-AR-Walls	0	ran and found nothing
14:34:42.444	630.293	1A02WE		rows for the workbook	BLD-DR-Pipes & Pipe Fittings-vs-BLD-AR-Windows	0	0 in the document
14:34:42.445	630.294	1A02WE		test passed	BLD-DR-Pipes & Pipe Fittings-vs-BLD-AR-Windows	0	ran and found nothing
14:34:42.621	630.469	1A02WE		rows for the workbook	BLD-DR-Pipes & Pipe Fittings-vs-BLD-AR-Doors	0	0 in the document
14:34:42.622	630.470	1A02WE		test passed	BLD-DR-Pipes & Pipe Fittings-vs-BLD-AR-Doors	0	ran and found nothing
14:34:42.808	630.657	1A02WE		rows for the workbook	BLD-DR-Pipes & Pipe Fittings-vs-BLD-ST-Foundation	0	0 in the document
14:34:42.809	630.657	1A02WE		test passed	BLD-DR-Pipes & Pipe Fittings-vs-BLD-ST-Foundation	0	ran and found nothing
14:34:42.960	630.809	1A02WE		rows for the workbook	BLD-DR-Pipes & Pipe Fittings-vs-BLD-ST-Columns	0	0 in the document
14:34:42.962	630.810	1A02WE		test passed	BLD-DR-Pipes & Pipe Fittings-vs-BLD-ST-Columns	0	ran and found nothing
14:34:43.118	630.967	1A02WE		rows for the workbook	BLD-DR-Pipes & Pipe Fittings-vs-BLD-ST-Framing	0	0 in the document
14:34:43.119	630.968	1A02WE		test passed	BLD-DR-Pipes & Pipe Fittings-vs-BLD-ST-Framing	0	ran and found nothing
14:34:43.294	631.143	1A02WE		rows for the workbook	BLD-DR-Pipes & Pipe Fittings-vs-BLD-ST-Walls	0	0 in the document
14:34:43.295	631.144	1A02WE		test passed	BLD-DR-Pipes & Pipe Fittings-vs-BLD-ST-Walls	0	ran and found nothing
14:34:43.543	631.392	1A02WE		rows for the workbook	BLD-DR-Pipes & Pipe Fittings-vs-BLD-ST-Floors	2	2 in the document
14:34:43.544	631.393	1A02WE		test found clashes	BLD-DR-Pipes & Pipe Fittings-vs-BLD-ST-Floors	2	ran and found clashes
14:34:43.761	631.610	1A02WE		rows for the workbook	BLD-DR-Plumbing Fixtures-vs-BLD-AR-Floors	0	0 in the document
14:34:43.762	631.611	1A02WE		test passed	BLD-DR-Plumbing Fixtures-vs-BLD-AR-Floors	0	ran and found nothing
14:34:43.928	631.777	1A02WE		rows for the workbook	BLD-DR-Plumbing Fixtures-vs-BLD-AR-Walls	0	0 in the document
14:34:43.929	631.778	1A02WE		test passed	BLD-DR-Plumbing Fixtures-vs-BLD-AR-Walls	0	ran and found nothing
14:34:44.085	631.934	1A02WE		rows for the workbook	BLD-DR-Plumbing Fixtures-vs-BLD-AR-Windows	0	0 in the document
14:34:44.087	631.935	1A02WE		test passed	BLD-DR-Plumbing Fixtures-vs-BLD-AR-Windows	0	ran and found nothing
14:34:44.237	632.086	1A02WE		rows for the workbook	BLD-DR-Plumbing Fixtures-vs-BLD-AR-Doors	0	0 in the document
14:34:44.237	632.086	1A02WE		test passed	BLD-DR-Plumbing Fixtures-vs-BLD-AR-Doors	0	ran and found nothing
14:34:44.419	632.267	1A02WE		rows for the workbook	BLD-DR-Plumbing Fixtures-vs-BLD-ST-Foundation	0	0 in the document
14:34:44.420	632.268	1A02WE		test passed	BLD-DR-Plumbing Fixtures-vs-BLD-ST-Foundation	0	ran and found nothing
14:34:44.606	632.455	1A02WE		rows for the workbook	BLD-DR-Plumbing Fixtures-vs-BLD-ST-Columns	0	0 in the document
14:34:44.607	632.456	1A02WE		test passed	BLD-DR-Plumbing Fixtures-vs-BLD-ST-Columns	0	ran and found nothing
14:34:44.792	632.641	1A02WE		rows for the workbook	BLD-DR-Plumbing Fixtures-vs-BLD-ST-Framing	0	0 in the document
14:34:44.793	632.642	1A02WE		test passed	BLD-DR-Plumbing Fixtures-vs-BLD-ST-Framing	0	ran and found nothing
14:34:44.944	632.792	1A02WE		rows for the workbook	BLD-DR-Plumbing Fixtures-vs-BLD-ST-Walls	0	0 in the document
14:34:44.944	632.793	1A02WE		test passed	BLD-DR-Plumbing Fixtures-vs-BLD-ST-Walls	0	ran and found nothing
14:34:45.142	632.991	1A02WE		rows for the workbook	BLD-DR-Plumbing Fixtures-vs-BLD-ST-Floors	1	1 in the document
14:34:45.143	632.992	1A02WE		test found clashes	BLD-DR-Plumbing Fixtures-vs-BLD-ST-Floors	1	ran and found clashes
14:34:45.302	633.150	1A02WE		rows for the workbook	BLD-DR-Plumbing Fixtures-vs-BLD-DR-Pipes & Pipe Fittings	0	0 in the document
14:34:45.303	633.151	1A02WE		test passed	BLD-DR-Plumbing Fixtures-vs-BLD-DR-Pipes & Pipe Fittings	0	ran and found nothing
14:34:45.487	633.336	1A02WE		rows for the workbook	BLD-EL-Electrical Equipment-vs-BLD-AR-Floors	0	0 in the document
14:34:45.488	633.337	1A02WE		test passed	BLD-EL-Electrical Equipment-vs-BLD-AR-Floors	0	ran and found nothing
14:34:45.645	633.494	1A02WE		rows for the workbook	BLD-EL-Electrical Equipment-vs-BLD-AR-Walls	0	0 in the document
14:34:45.646	633.495	1A02WE		test passed	BLD-EL-Electrical Equipment-vs-BLD-AR-Walls	0	ran and found nothing
14:34:45.803	633.652	1A02WE		rows for the workbook	BLD-EL-Electrical Equipment-vs-BLD-AR-Windows	0	0 in the document
14:34:45.803	633.653	1A02WE		test passed	BLD-EL-Electrical Equipment-vs-BLD-AR-Windows	0	ran and found nothing
14:34:45.961	633.809	1A02WE		rows for the workbook	BLD-EL-Electrical Equipment-vs-BLD-AR-Doors	0	0 in the document
14:34:45.962	633.810	1A02WE		test passed	BLD-EL-Electrical Equipment-vs-BLD-AR-Doors	0	ran and found nothing
14:34:46.163	634.012	1A02WE		rows for the workbook	BLD-EL-Electrical Equipment-vs-BLD-ST-Foundation	1	1 in the document
14:34:46.164	634.013	1A02WE		test found clashes	BLD-EL-Electrical Equipment-vs-BLD-ST-Foundation	1	ran and found clashes
14:34:46.371	634.221	1A02WE		rows for the workbook	BLD-EL-Electrical Equipment-vs-BLD-ST-Columns	1	1 in the document
14:34:46.372	634.222	1A02WE		test found clashes	BLD-EL-Electrical Equipment-vs-BLD-ST-Columns	1	ran and found clashes
14:34:46.531	634.380	1A02WE		rows for the workbook	BLD-EL-Electrical Equipment-vs-BLD-ST-Framing	0	0 in the document
14:34:46.532	634.381	1A02WE		test passed	BLD-EL-Electrical Equipment-vs-BLD-ST-Framing	0	ran and found nothing
14:34:46.705	634.554	1A02WE		rows for the workbook	BLD-EL-Electrical Equipment-vs-BLD-ST-Walls	1	1 in the document
14:34:46.705	634.554	1A02WE		test found clashes	BLD-EL-Electrical Equipment-vs-BLD-ST-Walls	1	ran and found clashes
14:34:46.902	634.751	1A02WE		rows for the workbook	BLD-EL-Electrical Equipment-vs-BLD-ST-Floors	1	1 in the document
14:34:46.903	634.752	1A02WE		test found clashes	BLD-EL-Electrical Equipment-vs-BLD-ST-Floors	1	ran and found clashes
14:34:47.078	634.927	1A02WE		rows for the workbook	BLD-EL-Electrical Equipment-vs-BLD-DR-Pipes & Pipe Fittings	0	0 in the document
14:34:47.079	634.928	1A02WE		test passed	BLD-EL-Electrical Equipment-vs-BLD-DR-Pipes & Pipe Fittings	0	ran and found nothing
14:34:47.236	635.085	1A02WE		rows for the workbook	BLD-EL-Electrical Equipment-vs-BLD-DR-Plumbing Fixtures	0	0 in the document
14:34:47.237	635.086	1A02WE		test passed	BLD-EL-Electrical Equipment-vs-BLD-DR-Plumbing Fixtures	0	ran and found nothing
14:34:47.373	635.221	1A02WE		rows for the workbook	BLD-EL-Electrical Fixtures-vs-BLD-AR-Floors	0	0 in the document
14:34:47.374	635.222	1A02WE		test passed	BLD-EL-Electrical Fixtures-vs-BLD-AR-Floors	0	ran and found nothing
14:34:47.532	635.381	1A02WE		rows for the workbook	BLD-EL-Electrical Fixtures-vs-BLD-AR-Walls	0	0 in the document
14:34:47.533	635.382	1A02WE		test passed	BLD-EL-Electrical Fixtures-vs-BLD-AR-Walls	0	ran and found nothing
14:34:47.670	635.519	1A02WE		rows for the workbook	BLD-EL-Electrical Fixtures-vs-BLD-AR-Windows	0	0 in the document
14:34:47.671	635.519	1A02WE		test passed	BLD-EL-Electrical Fixtures-vs-BLD-AR-Windows	0	ran and found nothing
14:34:47.829	635.678	1A02WE		rows for the workbook	BLD-EL-Electrical Fixtures-vs-BLD-AR-Doors	0	0 in the document
14:34:47.830	635.679	1A02WE		test passed	BLD-EL-Electrical Fixtures-vs-BLD-AR-Doors	0	ran and found nothing
14:34:47.984	635.833	1A02WE		rows for the workbook	BLD-EL-Electrical Fixtures-vs-BLD-ST-Foundation	0	0 in the document
14:34:47.985	635.834	1A02WE		test passed	BLD-EL-Electrical Fixtures-vs-BLD-ST-Foundation	0	ran and found nothing
14:34:48.141	635.990	1A02WE		rows for the workbook	BLD-EL-Electrical Fixtures-vs-BLD-ST-Columns	0	0 in the document
14:34:48.142	635.991	1A02WE		test passed	BLD-EL-Electrical Fixtures-vs-BLD-ST-Columns	0	ran and found nothing
14:34:48.295	636.144	1A02WE		rows for the workbook	BLD-EL-Electrical Fixtures-vs-BLD-ST-Framing	0	0 in the document
14:34:48.296	636.145	1A02WE		test passed	BLD-EL-Electrical Fixtures-vs-BLD-ST-Framing	0	ran and found nothing
14:34:48.452	636.301	1A02WE		rows for the workbook	BLD-EL-Electrical Fixtures-vs-BLD-ST-Walls	0	0 in the document
14:34:48.453	636.302	1A02WE		test passed	BLD-EL-Electrical Fixtures-vs-BLD-ST-Walls	0	ran and found nothing
14:34:48.608	636.456	1A02WE		rows for the workbook	BLD-EL-Electrical Fixtures-vs-BLD-ST-Floors	0	0 in the document
14:34:48.609	636.457	1A02WE		test passed	BLD-EL-Electrical Fixtures-vs-BLD-ST-Floors	0	ran and found nothing
14:34:48.798	636.647	1A02WE		rows for the workbook	BLD-EL-Electrical Fixtures-vs-BLD-DR-Pipes & Pipe Fittings	0	0 in the document
14:34:48.799	636.648	1A02WE		test passed	BLD-EL-Electrical Fixtures-vs-BLD-DR-Pipes & Pipe Fittings	0	ran and found nothing
14:34:48.953	636.802	1A02WE		rows for the workbook	BLD-EL-Electrical Fixtures-vs-BLD-DR-Plumbing Fixtures	0	0 in the document
14:34:48.954	636.803	1A02WE		test passed	BLD-EL-Electrical Fixtures-vs-BLD-DR-Plumbing Fixtures	0	ran and found nothing
14:34:49.108	636.958	1A02WE		rows for the workbook	BLD-EL-Electrical Fixtures-vs-BLD-EL-Electrical Equipment	0	0 in the document
14:34:49.109	636.958	1A02WE		test passed	BLD-EL-Electrical Fixtures-vs-BLD-EL-Electrical Equipment	0	ran and found nothing
14:34:49.264	637.113	1A02WE		rows for the workbook	BLD-EL-Conduits & Conduit Fittings-vs-BLD-AR-Floors	0	0 in the document
14:34:49.265	637.114	1A02WE		test passed	BLD-EL-Conduits & Conduit Fittings-vs-BLD-AR-Floors	0	ran and found nothing
14:34:49.421	637.270	1A02WE		rows for the workbook	BLD-EL-Conduits & Conduit Fittings-vs-BLD-AR-Walls	0	0 in the document
14:34:49.422	637.270	1A02WE		test passed	BLD-EL-Conduits & Conduit Fittings-vs-BLD-AR-Walls	0	ran and found nothing
14:34:49.576	637.425	1A02WE		rows for the workbook	BLD-EL-Conduits & Conduit Fittings-vs-BLD-AR-Windows	0	0 in the document
14:34:49.577	637.426	1A02WE		test passed	BLD-EL-Conduits & Conduit Fittings-vs-BLD-AR-Windows	0	ran and found nothing
14:34:49.732	637.581	1A02WE		rows for the workbook	BLD-EL-Conduits & Conduit Fittings-vs-BLD-AR-Doors	0	0 in the document
14:34:49.734	637.582	1A02WE		test passed	BLD-EL-Conduits & Conduit Fittings-vs-BLD-AR-Doors	0	ran and found nothing
14:34:49.903	637.752	1A02WE		rows for the workbook	BLD-EL-Conduits & Conduit Fittings-vs-BLD-ST-Foundation	1	1 in the document
14:34:49.904	637.752	1A02WE		test found clashes	BLD-EL-Conduits & Conduit Fittings-vs-BLD-ST-Foundation	1	ran and found clashes
14:34:50.090	637.939	1A02WE		rows for the workbook	BLD-EL-Conduits & Conduit Fittings-vs-BLD-ST-Columns	0	0 in the document
14:34:50.091	637.940	1A02WE		test passed	BLD-EL-Conduits & Conduit Fittings-vs-BLD-ST-Columns	0	ran and found nothing
14:34:50.280	638.129	1A02WE		rows for the workbook	BLD-EL-Conduits & Conduit Fittings-vs-BLD-ST-Framing	0	0 in the document
14:34:50.281	638.129	1A02WE		test passed	BLD-EL-Conduits & Conduit Fittings-vs-BLD-ST-Framing	0	ran and found nothing
14:34:50.625	638.474	1A02WE		rows for the workbook	BLD-EL-Conduits & Conduit Fittings-vs-BLD-ST-Walls	4	4 in the document
14:34:50.625	638.475	1A02WE		test found clashes	BLD-EL-Conduits & Conduit Fittings-vs-BLD-ST-Walls	4	ran and found clashes
14:34:50.838	638.687	1A02WE		rows for the workbook	BLD-EL-Conduits & Conduit Fittings-vs-BLD-ST-Floors	2	2 in the document
14:34:50.839	638.688	1A02WE		test found clashes	BLD-EL-Conduits & Conduit Fittings-vs-BLD-ST-Floors	2	ran and found clashes
14:34:50.991	638.840	1A02WE		rows for the workbook	BLD-EL-Conduits & Conduit Fittings-vs-BLD-DR-Pipes & Pipe Fittings	0	0 in the document
14:34:50.992	638.841	1A02WE		test passed	BLD-EL-Conduits & Conduit Fittings-vs-BLD-DR-Pipes & Pipe Fittings	0	ran and found nothing
14:34:51.162	639.011	1A02WE		rows for the workbook	BLD-EL-Conduits & Conduit Fittings-vs-BLD-DR-Plumbing Fixtures	0	0 in the document
14:34:51.163	639.012	1A02WE		test passed	BLD-EL-Conduits & Conduit Fittings-vs-BLD-DR-Plumbing Fixtures	0	ran and found nothing
14:34:51.486	639.335	1A02WE		rows for the workbook	BLD-EL-Conduits & Conduit Fittings-vs-BLD-EL-Electrical Equipment	6	6 in the document
14:34:51.487	639.336	1A02WE		test found clashes	BLD-EL-Conduits & Conduit Fittings-vs-BLD-EL-Electrical Equipment	6	ran and found clashes
14:34:51.648	639.496	1A02WE		rows for the workbook	BLD-EL-Conduits & Conduit Fittings-vs-BLD-EL-Electrical Fixtures	0	0 in the document
14:34:51.649	639.497	1A02WE		test passed	BLD-EL-Conduits & Conduit Fittings-vs-BLD-EL-Electrical Fixtures	0	ran and found nothing
14:34:51.795	639.644	1A02WE		rows for the workbook	BLD-EL-Devices-vs-BLD-AR-Floors	0	0 in the document
14:34:51.796	639.645	1A02WE		test passed	BLD-EL-Devices-vs-BLD-AR-Floors	0	ran and found nothing
14:34:51.960	639.809	1A02WE		rows for the workbook	BLD-EL-Devices-vs-BLD-AR-Walls	0	0 in the document
14:34:51.961	639.810	1A02WE		test passed	BLD-EL-Devices-vs-BLD-AR-Walls	0	ran and found nothing
14:34:52.114	639.963	1A02WE		rows for the workbook	BLD-EL-Devices-vs-BLD-AR-Windows	0	0 in the document
14:34:52.115	639.964	1A02WE		test passed	BLD-EL-Devices-vs-BLD-AR-Windows	0	ran and found nothing
14:34:52.276	640.125	1A02WE		rows for the workbook	BLD-EL-Devices-vs-BLD-AR-Doors	0	0 in the document
14:34:52.277	640.125	1A02WE		test passed	BLD-EL-Devices-vs-BLD-AR-Doors	0	ran and found nothing
14:34:52.426	640.275	1A02WE		rows for the workbook	BLD-EL-Devices-vs-BLD-ST-Foundation	0	0 in the document
14:34:52.427	640.276	1A02WE		test passed	BLD-EL-Devices-vs-BLD-ST-Foundation	0	ran and found nothing
14:34:52.585	640.433	1A02WE		rows for the workbook	BLD-EL-Devices-vs-BLD-ST-Columns	0	0 in the document
14:34:52.586	640.434	1A02WE		test passed	BLD-EL-Devices-vs-BLD-ST-Columns	0	ran and found nothing
14:34:52.761	640.610	1A02WE		rows for the workbook	BLD-EL-Devices-vs-BLD-ST-Framing	0	0 in the document
14:34:52.762	640.611	1A02WE		test passed	BLD-EL-Devices-vs-BLD-ST-Framing	0	ran and found nothing
14:34:52.913	640.761	1A02WE		rows for the workbook	BLD-EL-Devices-vs-BLD-ST-Walls	0	0 in the document
14:34:52.914	640.762	1A02WE		test passed	BLD-EL-Devices-vs-BLD-ST-Walls	0	ran and found nothing
14:34:53.069	640.917	1A02WE		rows for the workbook	BLD-EL-Devices-vs-BLD-ST-Floors	0	0 in the document
14:34:53.070	640.918	1A02WE		test passed	BLD-EL-Devices-vs-BLD-ST-Floors	0	ran and found nothing
14:34:53.222	641.071	1A02WE		rows for the workbook	BLD-EL-Devices-vs-BLD-DR-Pipes & Pipe Fittings	0	0 in the document
14:34:53.223	641.071	1A02WE		test passed	BLD-EL-Devices-vs-BLD-DR-Pipes & Pipe Fittings	0	ran and found nothing
14:34:53.400	641.249	1A02WE		rows for the workbook	BLD-EL-Devices-vs-BLD-DR-Plumbing Fixtures	0	0 in the document
14:34:53.400	641.249	1A02WE		test passed	BLD-EL-Devices-vs-BLD-DR-Plumbing Fixtures	0	ran and found nothing
14:34:53.551	641.400	1A02WE		rows for the workbook	BLD-EL-Devices-vs-BLD-EL-Electrical Equipment	0	0 in the document
14:34:53.552	641.401	1A02WE		test passed	BLD-EL-Devices-vs-BLD-EL-Electrical Equipment	0	ran and found nothing
14:34:53.705	641.554	1A02WE		rows for the workbook	BLD-EL-Devices-vs-BLD-EL-Electrical Fixtures	0	0 in the document
14:34:53.706	641.555	1A02WE		test passed	BLD-EL-Devices-vs-BLD-EL-Electrical Fixtures	0	ran and found nothing
14:34:53.865	641.714	1A02WE		rows for the workbook	BLD-EL-Devices-vs-BLD-EL-Conduits & Conduit Fittings	0	0 in the document
14:34:53.866	641.715	1A02WE		test passed	BLD-EL-Devices-vs-BLD-EL-Conduits & Conduit Fittings	0	ran and found nothing
14:34:54.020	641.869	1A02WE		rows for the workbook	BLD-EL-Lighting Fixtures-vs-BLD-AR-Floors	0	0 in the document
14:34:54.021	641.870	1A02WE		test passed	BLD-EL-Lighting Fixtures-vs-BLD-AR-Floors	0	ran and found nothing
14:34:54.157	642.006	1A02WE		rows for the workbook	BLD-EL-Lighting Fixtures-vs-BLD-AR-Walls	0	0 in the document
14:34:54.158	642.007	1A02WE		test passed	BLD-EL-Lighting Fixtures-vs-BLD-AR-Walls	0	ran and found nothing
14:34:54.298	642.147	1A02WE		rows for the workbook	BLD-EL-Lighting Fixtures-vs-BLD-AR-Windows	0	0 in the document
14:34:54.299	642.148	1A02WE		test passed	BLD-EL-Lighting Fixtures-vs-BLD-AR-Windows	0	ran and found nothing
14:34:54.453	642.302	1A02WE		rows for the workbook	BLD-EL-Lighting Fixtures-vs-BLD-AR-Doors	0	0 in the document
14:34:54.454	642.303	1A02WE		test passed	BLD-EL-Lighting Fixtures-vs-BLD-AR-Doors	0	ran and found nothing
14:34:54.609	642.458	1A02WE		rows for the workbook	BLD-EL-Lighting Fixtures-vs-BLD-ST-Foundation	0	0 in the document
14:34:54.609	642.459	1A02WE		test passed	BLD-EL-Lighting Fixtures-vs-BLD-ST-Foundation	0	ran and found nothing
14:34:54.767	642.616	1A02WE		rows for the workbook	BLD-EL-Lighting Fixtures-vs-BLD-ST-Columns	0	0 in the document
14:34:54.768	642.617	1A02WE		test passed	BLD-EL-Lighting Fixtures-vs-BLD-ST-Columns	0	ran and found nothing
14:34:54.923	642.772	1A02WE		rows for the workbook	BLD-EL-Lighting Fixtures-vs-BLD-ST-Framing	0	0 in the document
14:34:54.924	642.773	1A02WE		test passed	BLD-EL-Lighting Fixtures-vs-BLD-ST-Framing	0	ran and found nothing
14:34:55.081	642.930	1A02WE		rows for the workbook	BLD-EL-Lighting Fixtures-vs-BLD-ST-Walls	0	0 in the document
14:34:55.082	642.931	1A02WE		test passed	BLD-EL-Lighting Fixtures-vs-BLD-ST-Walls	0	ran and found nothing
14:34:55.235	643.084	1A02WE		rows for the workbook	BLD-EL-Lighting Fixtures-vs-BLD-ST-Floors	0	0 in the document
14:34:55.236	643.085	1A02WE		test passed	BLD-EL-Lighting Fixtures-vs-BLD-ST-Floors	0	ran and found nothing
14:34:55.425	643.274	1A02WE		rows for the workbook	BLD-EL-Lighting Fixtures-vs-BLD-DR-Pipes & Pipe Fittings	1	1 in the document
14:34:55.425	643.275	1A02WE		test found clashes	BLD-EL-Lighting Fixtures-vs-BLD-DR-Pipes & Pipe Fittings	1	ran and found clashes
14:34:55.579	643.428	1A02WE		rows for the workbook	BLD-EL-Lighting Fixtures-vs-BLD-DR-Plumbing Fixtures	0	0 in the document
14:34:55.580	643.429	1A02WE		test passed	BLD-EL-Lighting Fixtures-vs-BLD-DR-Plumbing Fixtures	0	ran and found nothing
14:34:55.718	643.567	1A02WE		rows for the workbook	BLD-EL-Lighting Fixtures-vs-BLD-EL-Electrical Equipment	0	0 in the document
14:34:55.719	643.568	1A02WE		test passed	BLD-EL-Lighting Fixtures-vs-BLD-EL-Electrical Equipment	0	ran and found nothing
14:34:55.878	643.727	1A02WE		rows for the workbook	BLD-EL-Lighting Fixtures-vs-BLD-EL-Electrical Fixtures	0	0 in the document
14:34:55.879	643.728	1A02WE		test passed	BLD-EL-Lighting Fixtures-vs-BLD-EL-Electrical Fixtures	0	ran and found nothing
14:34:56.032	643.881	1A02WE		rows for the workbook	BLD-EL-Lighting Fixtures-vs-BLD-EL-Conduits & Conduit Fittings	0	0 in the document
14:34:56.033	643.881	1A02WE		test passed	BLD-EL-Lighting Fixtures-vs-BLD-EL-Conduits & Conduit Fittings	0	ran and found nothing
14:34:56.173	644.022	1A02WE		rows for the workbook	BLD-EL-Lighting Fixtures-vs-BLD-EL-Devices	0	0 in the document
14:34:56.174	644.023	1A02WE		test passed	BLD-EL-Lighting Fixtures-vs-BLD-EL-Devices	0	ran and found nothing
14:34:56.331	644.179	1A02WE		rows for the workbook	BLD-EL-Lighting Devices-vs-BLD-AR-Floors	0	0 in the document
14:34:56.332	644.180	1A02WE		test passed	BLD-EL-Lighting Devices-vs-BLD-AR-Floors	0	ran and found nothing
14:34:56.488	644.337	1A02WE		rows for the workbook	BLD-EL-Lighting Devices-vs-BLD-AR-Walls	0	0 in the document
14:34:56.490	644.338	1A02WE		test passed	BLD-EL-Lighting Devices-vs-BLD-AR-Walls	0	ran and found nothing
14:34:56.626	644.474	1A02WE		rows for the workbook	BLD-EL-Lighting Devices-vs-BLD-AR-Windows	0	0 in the document
14:34:56.626	644.475	1A02WE		test passed	BLD-EL-Lighting Devices-vs-BLD-AR-Windows	0	ran and found nothing
14:34:56.766	644.615	1A02WE		rows for the workbook	BLD-EL-Lighting Devices-vs-BLD-AR-Doors	0	0 in the document
14:34:56.767	644.616	1A02WE		test passed	BLD-EL-Lighting Devices-vs-BLD-AR-Doors	0	ran and found nothing
14:34:56.905	644.754	1A02WE		rows for the workbook	BLD-EL-Lighting Devices-vs-BLD-ST-Foundation	0	0 in the document
14:34:56.906	644.755	1A02WE		test passed	BLD-EL-Lighting Devices-vs-BLD-ST-Foundation	0	ran and found nothing
14:34:57.081	644.930	1A02WE		rows for the workbook	BLD-EL-Lighting Devices-vs-BLD-ST-Columns	0	0 in the document
14:34:57.082	644.931	1A02WE		test passed	BLD-EL-Lighting Devices-vs-BLD-ST-Columns	0	ran and found nothing
14:34:57.235	645.083	1A02WE		rows for the workbook	BLD-EL-Lighting Devices-vs-BLD-ST-Framing	0	0 in the document
14:34:57.236	645.084	1A02WE		test passed	BLD-EL-Lighting Devices-vs-BLD-ST-Framing	0	ran and found nothing
14:34:57.374	645.223	1A02WE		rows for the workbook	BLD-EL-Lighting Devices-vs-BLD-ST-Walls	0	0 in the document
14:34:57.376	645.224	1A02WE		test passed	BLD-EL-Lighting Devices-vs-BLD-ST-Walls	0	ran and found nothing
14:34:57.514	645.363	1A02WE		rows for the workbook	BLD-EL-Lighting Devices-vs-BLD-ST-Floors	0	0 in the document
14:34:57.515	645.364	1A02WE		test passed	BLD-EL-Lighting Devices-vs-BLD-ST-Floors	0	ran and found nothing
14:34:57.689	645.538	1A02WE		rows for the workbook	BLD-EL-Lighting Devices-vs-BLD-DR-Pipes & Pipe Fittings	0	0 in the document
14:34:57.690	645.539	1A02WE		test passed	BLD-EL-Lighting Devices-vs-BLD-DR-Pipes & Pipe Fittings	0	ran and found nothing
14:34:57.845	645.694	1A02WE		rows for the workbook	BLD-EL-Lighting Devices-vs-BLD-DR-Plumbing Fixtures	0	0 in the document
14:34:57.846	645.695	1A02WE		test passed	BLD-EL-Lighting Devices-vs-BLD-DR-Plumbing Fixtures	0	ran and found nothing
14:34:57.982	645.831	1A02WE		rows for the workbook	BLD-EL-Lighting Devices-vs-BLD-EL-Electrical Equipment	0	0 in the document
14:34:57.983	645.832	1A02WE		test passed	BLD-EL-Lighting Devices-vs-BLD-EL-Electrical Equipment	0	ran and found nothing
14:34:58.171	646.020	1A02WE		rows for the workbook	BLD-EL-Lighting Devices-vs-BLD-EL-Electrical Fixtures	0	0 in the document
14:34:58.174	646.024	1A02WE		test passed	BLD-EL-Lighting Devices-vs-BLD-EL-Electrical Fixtures	0	ran and found nothing
14:34:58.328	646.177	1A02WE		rows for the workbook	BLD-EL-Lighting Devices-vs-BLD-EL-Conduits & Conduit Fittings	0	0 in the document
14:34:58.329	646.178	1A02WE		test passed	BLD-EL-Lighting Devices-vs-BLD-EL-Conduits & Conduit Fittings	0	ran and found nothing
14:34:58.483	646.332	1A02WE		rows for the workbook	BLD-EL-Lighting Devices-vs-BLD-EL-Devices	0	0 in the document
14:34:58.484	646.332	1A02WE		test passed	BLD-EL-Lighting Devices-vs-BLD-EL-Devices	0	ran and found nothing
14:34:58.642	646.490	1A02WE		rows for the workbook	BLD-EL-Lighting Devices-vs-BLD-EL-Lighting Fixtures	0	0 in the document
14:34:58.643	646.491	1A02WE		test passed	BLD-EL-Lighting Devices-vs-BLD-EL-Lighting Fixtures	0	ran and found nothing
14:34:58.779	646.628	1A02WE		rows for the workbook	BLD-EL-Fire Alarm Devices-vs-BLD-AR-Floors	0	0 in the document
14:34:58.780	646.629	1A02WE		test passed	BLD-EL-Fire Alarm Devices-vs-BLD-AR-Floors	0	ran and found nothing
14:34:58.937	646.785	1A02WE		rows for the workbook	BLD-EL-Fire Alarm Devices-vs-BLD-AR-Walls	0	0 in the document
14:34:58.938	646.786	1A02WE		test passed	BLD-EL-Fire Alarm Devices-vs-BLD-AR-Walls	0	ran and found nothing
14:34:59.093	646.942	1A02WE		rows for the workbook	BLD-EL-Fire Alarm Devices-vs-BLD-AR-Windows	0	0 in the document
14:34:59.095	646.943	1A02WE		test passed	BLD-EL-Fire Alarm Devices-vs-BLD-AR-Windows	0	ran and found nothing
14:34:59.232	647.081	1A02WE		rows for the workbook	BLD-EL-Fire Alarm Devices-vs-BLD-AR-Doors	0	0 in the document
14:34:59.234	647.082	1A02WE		test passed	BLD-EL-Fire Alarm Devices-vs-BLD-AR-Doors	0	ran and found nothing
14:34:59.388	647.237	1A02WE		rows for the workbook	BLD-EL-Fire Alarm Devices-vs-BLD-ST-Foundation	0	0 in the document
14:34:59.389	647.238	1A02WE		test passed	BLD-EL-Fire Alarm Devices-vs-BLD-ST-Foundation	0	ran and found nothing
14:34:59.544	647.393	1A02WE		rows for the workbook	BLD-EL-Fire Alarm Devices-vs-BLD-ST-Columns	0	0 in the document
14:34:59.545	647.394	1A02WE		test passed	BLD-EL-Fire Alarm Devices-vs-BLD-ST-Columns	0	ran and found nothing
14:34:59.716	647.565	1A02WE		rows for the workbook	BLD-EL-Fire Alarm Devices-vs-BLD-ST-Framing	0	0 in the document
14:34:59.717	647.566	1A02WE		test passed	BLD-EL-Fire Alarm Devices-vs-BLD-ST-Framing	0	ran and found nothing
14:34:59.902	647.751	1A02WE		rows for the workbook	BLD-EL-Fire Alarm Devices-vs-BLD-ST-Walls	0	0 in the document
14:34:59.903	647.752	1A02WE		test passed	BLD-EL-Fire Alarm Devices-vs-BLD-ST-Walls	0	ran and found nothing
14:35:00.085	647.934	1A02WE		rows for the workbook	BLD-EL-Fire Alarm Devices-vs-BLD-ST-Floors	0	0 in the document
14:35:00.086	647.935	1A02WE		test passed	BLD-EL-Fire Alarm Devices-vs-BLD-ST-Floors	0	ran and found nothing
14:35:00.239	648.088	1A02WE		rows for the workbook	BLD-EL-Fire Alarm Devices-vs-BLD-DR-Pipes & Pipe Fittings	0	0 in the document
14:35:00.240	648.089	1A02WE		test passed	BLD-EL-Fire Alarm Devices-vs-BLD-DR-Pipes & Pipe Fittings	0	ran and found nothing
14:35:00.419	648.268	1A02WE		rows for the workbook	BLD-EL-Fire Alarm Devices-vs-BLD-DR-Plumbing Fixtures	0	0 in the document
14:35:00.420	648.268	1A02WE		test passed	BLD-EL-Fire Alarm Devices-vs-BLD-DR-Plumbing Fixtures	0	ran and found nothing
14:35:00.622	648.471	1A02WE		rows for the workbook	BLD-EL-Fire Alarm Devices-vs-BLD-EL-Electrical Equipment	0	0 in the document
14:35:00.623	648.472	1A02WE		test passed	BLD-EL-Fire Alarm Devices-vs-BLD-EL-Electrical Equipment	0	ran and found nothing
14:35:00.807	648.656	1A02WE		rows for the workbook	BLD-EL-Fire Alarm Devices-vs-BLD-EL-Electrical Fixtures	0	0 in the document
14:35:00.807	648.657	1A02WE		test passed	BLD-EL-Fire Alarm Devices-vs-BLD-EL-Electrical Fixtures	0	ran and found nothing
14:35:00.979	648.828	1A02WE		rows for the workbook	BLD-EL-Fire Alarm Devices-vs-BLD-EL-Conduits & Conduit Fittings	0	0 in the document
14:35:00.980	648.829	1A02WE		test passed	BLD-EL-Fire Alarm Devices-vs-BLD-EL-Conduits & Conduit Fittings	0	ran and found nothing
14:35:01.131	648.980	1A02WE		rows for the workbook	BLD-EL-Fire Alarm Devices-vs-BLD-EL-Devices	0	0 in the document
14:35:01.132	648.981	1A02WE		test passed	BLD-EL-Fire Alarm Devices-vs-BLD-EL-Devices	0	ran and found nothing
14:35:01.287	649.135	1A02WE		rows for the workbook	BLD-EL-Fire Alarm Devices-vs-BLD-EL-Lighting Fixtures	0	0 in the document
14:35:01.287	649.136	1A02WE		test passed	BLD-EL-Fire Alarm Devices-vs-BLD-EL-Lighting Fixtures	0	ran and found nothing
14:35:01.441	649.290	1A02WE		rows for the workbook	BLD-EL-Fire Alarm Devices-vs-BLD-EL-Lighting Devices	0	0 in the document
14:35:01.445	649.294	1A02WE		test passed	BLD-EL-Fire Alarm Devices-vs-BLD-EL-Lighting Devices	0	ran and found nothing
14:35:02.472	650.321	1A02WE	VIEWS	step started	VIEWS	0	
14:35:02.485	650.333	1A02WE	VIEWS	census before	models	4	
14:35:02.486	650.334	1A02WE	VIEWS	census before	sets	62	
14:35:02.486	650.335	1A02WE	VIEWS	census before	tests	1830	
14:35:02.487	650.336	1A02WE	VIEWS	census before	results	29	
14:35:02.488	650.336	1A02WE	VIEWS	census before	views	51	
14:35:02.910	650.759	1A02WE		census after	models	4	
14:35:02.911	650.759	1A02WE		census after	sets	62	
14:35:02.911	650.760	1A02WE		census after	tests	1830	
14:35:02.912	650.761	1A02WE		census after	results	29	
14:35:02.912	650.762	1A02WE		census after	views	52	
14:35:02.921	650.770	1A02WE		step finished	VIEWS	0.434	1 created, 22 already there.
14:35:03.146	650.995	1A02WE	NWF SAVE	step started	NWF SAVE	0	
14:35:03.166	651.015	1A02WE	NWF SAVE	census before	models	4	
14:35:03.167	651.015	1A02WE	NWF SAVE	census before	sets	62	
14:35:03.167	651.016	1A02WE	NWF SAVE	census before	tests	1830	
14:35:03.168	651.017	1A02WE	NWF SAVE	census before	results	29	
14:35:03.169	651.018	1A02WE	NWF SAVE	census before	views	52	
14:35:03.315	651.164	1A02WE	NWF SAVE	written	NWF	481534	C:\\00-NM\\Federation Task\\C02 + 04\\C02\\NWF\\1104-PAR-1A02WE-ZZZ-BM-MOD-000001.nwf
14:35:03.327	651.176	1A02WE		census after	models	4	
14:35:03.327	651.176	1A02WE		census after	sets	62	
14:35:03.328	651.177	1A02WE		census after	tests	1830	
14:35:03.329	651.178	1A02WE		census after	results	29	
14:35:03.330	651.178	1A02WE		census after	views	52	
14:35:03.337	651.186	1A02WE		step finished	NWF SAVE	0.177	saved 481534 bytes
14:35:03.353	651.202	1A02WE	WORKBOOK	step started	WORKBOOK	0	
14:35:03.389	651.238	1A02WE	WORKBOOK	census before	models	4	
14:35:03.389	651.239	1A02WE	WORKBOOK	census before	sets	62	
14:35:03.391	651.239	1A02WE	WORKBOOK	census before	tests	1830	
14:35:03.391	651.240	1A02WE	WORKBOOK	census before	results	29	
14:35:03.392	651.241	1A02WE	WORKBOOK	census before	views	52	
14:35:08.779	656.628	1A02WE	WORKBOOK	written	XLSX	479021	C:\\00-NM\\Federation Task\\C02 + 04\\C02\\Clash Report\\1104-PAR-1A02WE-ZZZ-BM-MOD-000001.xlsx
14:35:09.358	657.207	1A02WE		census after	models	4	
14:35:09.358	657.208	1A02WE		census after	sets	62	
14:35:09.359	657.208	1A02WE		census after	tests	1830	
14:35:09.359	657.209	1A02WE		census after	results	29	
14:35:09.362	657.210	1A02WE		census after	views	52	
14:35:09.369	657.218	1A02WE		step finished	WORKBOOK	5.99	wrote 479021 bytes
14:35:09.377	657.225	1A02WE	HTML	step started	HTML	0	
14:35:09.389	657.238	1A02WE	HTML	census before	models	4	
14:35:09.390	657.239	1A02WE	HTML	census before	sets	62	
14:35:09.390	657.239	1A02WE	HTML	census before	tests	1830	
14:35:09.391	657.240	1A02WE	HTML	census before	results	29	
14:35:09.392	657.241	1A02WE	HTML	census before	views	52	
14:35:09.534	657.384	1A02WE	HTML	written	HTML	3884523	C:\\00-NM\\Federation Task\\C02 + 04\\C02\\Clash Report\\1104-PAR-1A02WE-ZZZ-BM-MOD-000001.html
14:35:09.796	657.645	1A02WE		census after	models	4	
14:35:09.797	657.646	1A02WE		census after	sets	62	
14:35:09.797	657.646	1A02WE		census after	tests	1830	
14:35:09.798	657.647	1A02WE		census after	results	29	
14:35:09.799	657.648	1A02WE		census after	views	52	
14:35:09.807	657.656	1A02WE		step finished	HTML	0.403	wrote 3884523 bytes
14:35:09.822	657.672	1A02WE	NWD	step started	NWD	0	
14:35:09.836	657.685	1A02WE	NWD	census before	models	4	
14:35:09.837	657.686	1A02WE	NWD	census before	sets	62	
14:35:09.837	657.687	1A02WE	NWD	census before	tests	1830	
14:35:09.838	657.687	1A02WE	NWD	census before	results	29	
14:35:09.840	657.688	1A02WE	NWD	census before	views	52	
14:35:10.046	657.895	1A02WE	NWD	written	NWD	1115015	C:\\00-NM\\Federation Task\\C02 + 04\\C02\\NWD\\1104-PAR-1A02WE-ZZZ-BM-MOD-000001.nwd
14:35:10.060	657.908	1A02WE		census after	models	4	
14:35:10.060	657.909	1A02WE		census after	sets	62	
14:35:10.061	657.910	1A02WE		census after	tests	1830	
14:35:10.062	657.910	1A02WE		census after	results	29	
14:35:10.063	657.911	1A02WE		census after	views	52	
14:35:10.071	657.919	1A02WE		step finished	NWD	0.233	published 1115015 bytes
14:35:10.078	657.927	1A02WE	CONFIRM	step started	CONFIRM	0	
14:35:10.091	657.939	1A02WE	CONFIRM	census before	models	4	
14:35:10.092	657.940	1A02WE	CONFIRM	census before	sets	62	
14:35:10.092	657.941	1A02WE	CONFIRM	census before	tests	1830	
14:35:10.093	657.942	1A02WE	CONFIRM	census before	results	29	
14:35:10.094	657.943	1A02WE	CONFIRM	census before	views	52	
14:35:10.155	658.004	1A02WE		census after	models	4	
14:35:10.156	658.005	1A02WE		census after	sets	62	
14:35:10.156	658.006	1A02WE		census after	tests	1830	
14:35:10.157	658.006	1A02WE		census after	results	29	
14:35:10.159	658.007	1A02WE		census after	views	52	
14:35:10.166	658.015	1A02WE		step finished	CONFIRM	0.06	the NWF is 481534 bytes
14:35:10.248	658.097	1A02WE		gap	Family	58	it would belong in a workbook column of ours, which is Q25
14:35:10.249	658.098	1A02WE		gap	Type Name	58	it would belong in a workbook column of ours, which is Q25
14:35:10.250	658.098	1A02WE		gap	Material	38	it would belong in a workbook column of ours, which is Q25
14:35:10.250	658.099	1A02WE		gap	Id From	58	the ITEM IDS block counts it per property and no output names it per item
14:35:10.279	658.128	1A02WE		step total	TESTS RUN	17.213	
14:35:10.280	658.129	1A02WE		step total	HARVEST	3.911	
14:35:10.281	658.129	1A02WE		step total	IMAGES	0.676	
14:35:10.298	658.147			group finished	1A02WE	37.198	DONE Weekly run plus XML
14:35:10.477	658.326			timing	TESTS RUN	17.213	153 visits
14:35:10.478	658.327			timing	WORKBOOK	5.99	1 visits
14:35:10.478	658.327			timing	HARVEST	3.911	153 visits
14:35:10.480	658.328			timing	DECIDE	0.881	1 visits
14:35:10.480	658.329			timing	SETS	0.59	1 visits
14:35:10.481	658.329			timing	VIEWS	0.434	1 visits
14:35:10.482	658.330			timing	HTML	0.403	1 visits
14:35:10.482	658.331			timing	NWD	0.233	1 visits
14:35:10.483	658.332			timing	NWF SAVE	0.177	1 visits
14:35:10.484	658.332			timing	UNITS	0.064	1 visits
14:35:10.484	658.333			timing	CONFIRM	0.06	1 visits
14:35:10.485	658.334			timing nested	IMAGES	0.676	29 visits
14:35:10.630	658.480	1A02WL	DECIDE	step started	DECIDE	0	
14:35:10.643	658.492	1A02WL	DECIDE	census before	models	0	
14:35:10.644	658.493	1A02WL	DECIDE	census before	sets	0	
14:35:10.645	658.494	1A02WL	DECIDE	census before	tests	0	
14:35:10.646	658.494	1A02WL	DECIDE	census before	results	0	
14:35:10.646	658.495	1A02WL	DECIDE	census before	views	0	
14:35:11.793	659.642	1A02WL		census after	models	8	
14:35:11.794	659.643	1A02WL		census after	sets	62	
14:35:11.794	659.644	1A02WL		census after	tests	1830	
14:35:11.795	659.645	1A02WL		census after	results	16	
14:35:11.796	659.645	1A02WL		census after	views	83	
14:35:11.805	659.654	1A02WL		step finished	DECIDE	1.149	Weekly run plus XML
14:35:11.838	659.688	1A02WL	UNITS	step started	UNITS	0	
14:35:11.855	659.704	1A02WL	UNITS	census before	models	8	
14:35:11.856	659.705	1A02WL	UNITS	census before	sets	62	
14:35:11.856	659.706	1A02WL	UNITS	census before	tests	1830	
14:35:11.857	659.706	1A02WL	UNITS	census before	results	16	
14:35:11.859	659.707	1A02WL	UNITS	census before	views	83	
14:35:11.995	659.844	1A02WL		census after	models	8	
14:35:11.996	659.845	1A02WL		census after	sets	62	
14:35:11.997	659.845	1A02WL		census after	tests	1830	
14:35:11.997	659.846	1A02WL		census after	results	16	
14:35:11.998	659.847	1A02WL		census after	views	83	
14:35:12.008	659.857	1A02WL		step finished	UNITS	0.155	the document was asked for Meters
14:35:12.221	660.070	1A02WL		model placement	1104-PAR-1A02WL-ZZZ-ME-MOD-000001.nwc	0	PW3_Shared_Location
14:35:12.222	660.071	1A02WL		model placement	1104-PAR-1A02WL-ZZZ-ME-MOD-000002.nwc	0	SWLS-02 MECH
14:35:12.222	660.071	1A02WL		model placement	1104-PAR-1A02WL-ZZZ-ST-MOD-000001.nwc	200	LS
14:35:12.223	660.072	1A02WL		model placement	1104-PAR-1A02WL-ZZZ-ST-MOD-000002.nwc	0	PWPS_FUEL TANK 01
14:35:12.224	660.073	1A02WL		model placement	1104-PAR-1A02WL-ZZZ-ST-MOD-000003.nwc	1635.68	NHC-PUMP STATION
14:35:12.224	660.073	1A02WL		model placement	1104-PAR-1A02WL-ZZZ-ST-MOD-000004.nwc	-2750	Internal
14:35:12.225	660.074	1A02WL		model placement	1104-PAR-1A02WL-ZZZ-ST-MOD-000005.nwc	-2493.2	Internal
14:35:12.225	660.075	1A02WL		model placement	1104-PAR-1A02WL-ZZZ-ST-MOD-000007.nwc	1626.06	NHC-PUMP STATION
14:35:12.399	660.249	1A02WL		model export	1104-PAR-1A02WL-ZZZ-ME-MOD-000001.nwc	266	4 workset(s), element id 100%
14:35:12.400	660.249	1A02WL		model export	1104-PAR-1A02WL-ZZZ-ME-MOD-000002.nwc	443	3 workset(s), element id 100%
14:35:12.400	660.250	1A02WL		model export	1104-PAR-1A02WL-ZZZ-ST-MOD-000001.nwc	79	4 workset(s), element id 100%
14:35:12.402	660.251	1A02WL		model export	1104-PAR-1A02WL-ZZZ-ST-MOD-000002.nwc	4	1 workset(s), element id 100%
14:35:12.403	660.251	1A02WL		model export	1104-PAR-1A02WL-ZZZ-ST-MOD-000003.nwc	11	1 workset(s), element id 100%
14:35:12.403	660.252	1A02WL		model export	1104-PAR-1A02WL-ZZZ-ST-MOD-000004.nwc	2	1 workset(s), element id 100%
14:35:12.404	660.253	1A02WL		model export	1104-PAR-1A02WL-ZZZ-ST-MOD-000005.nwc	2	1 workset(s), element id 100%
14:35:12.404	660.253	1A02WL		model export	1104-PAR-1A02WL-ZZZ-ST-MOD-000007.nwc	11	2 workset(s), element id 100%
14:35:12.418	660.268	1A02WL	SETS	step started	SETS	0	
14:35:12.431	660.280	1A02WL	SETS	census before	models	8	
14:35:12.431	660.281	1A02WL	SETS	census before	sets	62	
14:35:12.432	660.281	1A02WL	SETS	census before	tests	1830	
14:35:12.433	660.282	1A02WL	SETS	census before	results	16	
14:35:12.433	660.282	1A02WL	SETS	census before	views	83	
14:35:13.186	661.035	1A02WL		census after	models	8	
14:35:13.187	661.035	1A02WL		census after	sets	62	
14:35:13.189	661.038	1A02WL		census after	tests	1830	
14:35:13.189	661.038	1A02WL		census after	results	16	
14:35:13.190	661.039	1A02WL		census after	views	83	
14:35:13.199	661.048	1A02WL		step finished	SETS	0.757	0 created, 61 already there, 0 finding items, 0 at zero.
14:35:13.429	661.278	1A02WL	TESTS RUN	step started	TESTS RUN	0	
14:35:13.443	661.291	1A02WL	TESTS RUN	census before	models	8	
14:35:13.443	661.292	1A02WL	TESTS RUN	census before	sets	62	
14:35:13.444	661.293	1A02WL	TESTS RUN	census before	tests	1830	
14:35:13.445	661.294	1A02WL	TESTS RUN	census before	results	16	
14:35:13.445	661.294	1A02WL	TESTS RUN	census before	views	83	
14:35:13.551	661.400	1A02WL		census after	models	8	
14:35:13.553	661.401	1A02WL		census after	sets	62	
14:35:13.553	661.402	1A02WL		census after	tests	1830	
14:35:13.554	661.403	1A02WL		census after	results	16	
14:35:13.554	661.403	1A02WL		census after	views	83	
14:35:13.562	661.411	1A02WL		step finished	TESTS RUN	0.117	BLD-ST-Columns-vs-BLD-ST-Foundation
14:35:13.600	661.448	1A02WL	HARVEST	step started	HARVEST	0	
14:35:13.613	661.462	1A02WL	HARVEST	census before	models	8	
14:35:13.614	661.462	1A02WL	HARVEST	census before	sets	62	
14:35:13.615	661.463	1A02WL	HARVEST	census before	tests	1830	
14:35:13.615	661.464	1A02WL	HARVEST	census before	results	16	
14:35:13.616	661.464	1A02WL	HARVEST	census before	views	83	
14:35:13.658	661.507	1A02WL	IMAGES	step started	IMAGES	0	
14:35:13.670	661.519	1A02WL	IMAGES	census before	models	8	
14:35:13.671	661.519	1A02WL	IMAGES	census before	sets	62	
14:35:13.671	661.520	1A02WL	IMAGES	census before	tests	1830	
14:35:13.672	661.521	1A02WL	IMAGES	census before	results	16	
14:35:13.673	661.522	1A02WL	IMAGES	census before	views	83	
14:35:13.723	661.572	1A02WL	HARVEST	census after	models	8	
14:35:13.724	661.573	1A02WL	HARVEST	census after	sets	62	
14:35:13.724	661.574	1A02WL	HARVEST	census after	tests	1830	
14:35:13.725	661.574	1A02WL	HARVEST	census after	results	16	
14:35:13.726	661.575	1A02WL	HARVEST	census after	views	83	
14:35:13.734	661.583	1A02WL	HARVEST	step finished	IMAGES	0.061	BLD-ST-Columns-vs-BLD-ST-Foundation
14:35:13.789	661.639	1A02WL		census after	models	8	
14:35:13.790	661.640	1A02WL		census after	sets	62	
14:35:13.791	661.640	1A02WL		census after	tests	1830	
14:35:13.791	661.641	1A02WL		census after	results	16	
14:35:13.792	661.641	1A02WL		census after	views	83	
14:35:13.801	661.651	1A02WL		step finished	HARVEST	0.186	BLD-ST-Columns-vs-BLD-ST-Foundation
14:35:13.802	661.651	1A02WL		rows for the workbook	BLD-ST-Columns-vs-BLD-ST-Foundation	2	2 in the document
14:35:13.804	661.654	1A02WL		test found clashes	BLD-ST-Columns-vs-BLD-ST-Foundation	2	ran and found clashes
14:35:13.969	661.817	1A02WL		rows for the workbook	BLD-ST-Framing-vs-BLD-ST-Foundation	0	0 in the document
14:35:13.969	661.818	1A02WL		test passed	BLD-ST-Framing-vs-BLD-ST-Foundation	0	ran and found nothing
14:35:14.084	661.933	1A02WL		rows for the workbook	BLD-ST-Framing-vs-BLD-ST-Columns	0	0 in the document
14:35:14.084	661.934	1A02WL		test passed	BLD-ST-Framing-vs-BLD-ST-Columns	0	ran and found nothing
14:35:14.405	662.255	1A02WL		rows for the workbook	BLD-ST-Walls-vs-BLD-ST-Foundation	4	4 in the document
14:35:14.406	662.256	1A02WL		test found clashes	BLD-ST-Walls-vs-BLD-ST-Foundation	4	ran and found clashes
14:35:14.554	662.403	1A02WL		rows for the workbook	BLD-ST-Walls-vs-BLD-ST-Columns	0	0 in the document
14:35:14.555	662.403	1A02WL		test passed	BLD-ST-Walls-vs-BLD-ST-Columns	0	ran and found nothing
14:35:14.663	662.512	1A02WL		rows for the workbook	BLD-ST-Walls-vs-BLD-ST-Framing	0	0 in the document
14:35:14.664	662.513	1A02WL		test passed	BLD-ST-Walls-vs-BLD-ST-Framing	0	ran and found nothing
14:35:14.785	662.634	1A02WL		rows for the workbook	BLD-ST-Floors-vs-BLD-ST-Foundation	0	0 in the document
14:35:14.786	662.635	1A02WL		test passed	BLD-ST-Floors-vs-BLD-ST-Foundation	0	ran and found nothing
14:35:14.896	662.745	1A02WL		rows for the workbook	BLD-ST-Floors-vs-BLD-ST-Columns	0	0 in the document
14:35:14.897	662.746	1A02WL		test passed	BLD-ST-Floors-vs-BLD-ST-Columns	0	ran and found nothing
14:35:15.004	662.853	1A02WL		rows for the workbook	BLD-ST-Floors-vs-BLD-ST-Framing	0	0 in the document
14:35:15.005	662.854	1A02WL		test passed	BLD-ST-Floors-vs-BLD-ST-Framing	0	ran and found nothing
14:35:15.339	663.188	1A02WL		rows for the workbook	BLD-ST-Floors-vs-BLD-ST-Walls	5	5 in the document
14:35:15.340	663.189	1A02WL		test found clashes	BLD-ST-Floors-vs-BLD-ST-Walls	5	ran and found clashes
14:35:15.787	663.636	1A02WL		rows for the workbook	BLD-DR-Pipes & Pipe Fittings-vs-BLD-ST-Foundation	0	0 in the document
14:35:15.788	663.636	1A02WL		test passed	BLD-DR-Pipes & Pipe Fittings-vs-BLD-ST-Foundation	0	ran and found nothing
14:35:15.896	663.745	1A02WL		rows for the workbook	BLD-DR-Pipes & Pipe Fittings-vs-BLD-ST-Columns	0	0 in the document
14:35:15.897	663.746	1A02WL		test passed	BLD-DR-Pipes & Pipe Fittings-vs-BLD-ST-Columns	0	ran and found nothing
14:35:16.005	663.854	1A02WL		rows for the workbook	BLD-DR-Pipes & Pipe Fittings-vs-BLD-ST-Framing	0	0 in the document
14:35:16.006	663.855	1A02WL		test passed	BLD-DR-Pipes & Pipe Fittings-vs-BLD-ST-Framing	0	ran and found nothing
14:35:16.116	663.965	1A02WL		rows for the workbook	BLD-DR-Pipes & Pipe Fittings-vs-BLD-ST-Walls	0	0 in the document
14:35:16.118	663.966	1A02WL		test passed	BLD-DR-Pipes & Pipe Fittings-vs-BLD-ST-Walls	0	ran and found nothing
14:35:16.225	664.073	1A02WL		rows for the workbook	BLD-DR-Pipes & Pipe Fittings-vs-BLD-ST-Floors	0	0 in the document
14:35:16.226	664.074	1A02WL		test passed	BLD-DR-Pipes & Pipe Fittings-vs-BLD-ST-Floors	0	ran and found nothing
14:35:16.408	664.257	1A02WL		rows for the workbook	BLD-DR-Plumbing Fixtures-vs-BLD-ST-Foundation	0	0 in the document
14:35:16.409	664.258	1A02WL		test passed	BLD-DR-Plumbing Fixtures-vs-BLD-ST-Foundation	0	ran and found nothing
14:35:16.519	664.367	1A02WL		rows for the workbook	BLD-DR-Plumbing Fixtures-vs-BLD-ST-Columns	0	0 in the document
14:35:16.520	664.368	1A02WL		test passed	BLD-DR-Plumbing Fixtures-vs-BLD-ST-Columns	0	ran and found nothing
14:35:16.627	664.476	1A02WL		rows for the workbook	BLD-DR-Plumbing Fixtures-vs-BLD-ST-Framing	0	0 in the document
14:35:16.628	664.477	1A02WL		test passed	BLD-DR-Plumbing Fixtures-vs-BLD-ST-Framing	0	ran and found nothing
14:35:16.736	664.585	1A02WL		rows for the workbook	BLD-DR-Plumbing Fixtures-vs-BLD-ST-Walls	0	0 in the document
14:35:16.737	664.586	1A02WL		test passed	BLD-DR-Plumbing Fixtures-vs-BLD-ST-Walls	0	ran and found nothing
14:35:16.846	664.695	1A02WL		rows for the workbook	BLD-DR-Plumbing Fixtures-vs-BLD-ST-Floors	0	0 in the document
14:35:16.847	664.696	1A02WL		test passed	BLD-DR-Plumbing Fixtures-vs-BLD-ST-Floors	0	ran and found nothing
14:35:17.141	664.990	1A02WL		rows for the workbook	BLD-DR-Plumbing Fixtures-vs-BLD-DR-Pipes & Pipe Fittings	5	5 in the document
14:35:17.142	664.991	1A02WL		test found clashes	BLD-DR-Plumbing Fixtures-vs-BLD-DR-Pipes & Pipe Fittings	5	ran and found clashes
14:35:18.324	666.173	1A02WL	VIEWS	step started	VIEWS	0	
14:35:18.345	666.195	1A02WL	VIEWS	census before	models	8	
14:35:18.346	666.195	1A02WL	VIEWS	census before	sets	62	
14:35:18.347	666.196	1A02WL	VIEWS	census before	tests	1830	
14:35:18.347	666.197	1A02WL	VIEWS	census before	results	16	
14:35:18.347	666.197	1A02WL	VIEWS	census before	views	83	
14:35:18.613	666.462	1A02WL		census after	models	8	
14:35:18.614	666.463	1A02WL		census after	sets	62	
14:35:18.615	666.464	1A02WL		census after	tests	1830	
14:35:18.615	666.464	1A02WL		census after	results	16	
14:35:18.616	666.465	1A02WL		census after	views	83	
14:35:18.625	666.474	1A02WL		step finished	VIEWS	0.288	0 created, 16 already there.
14:35:18.852	666.700	1A02WL	NWF SAVE	step started	NWF SAVE	0	
14:35:18.866	666.715	1A02WL	NWF SAVE	census before	models	8	
14:35:18.867	666.716	1A02WL	NWF SAVE	census before	sets	62	
14:35:18.867	666.717	1A02WL	NWF SAVE	census before	tests	1830	
14:35:18.868	666.717	1A02WL	NWF SAVE	census before	results	16	
14:35:18.870	666.719	1A02WL	NWF SAVE	census before	views	83	
14:35:19.005	666.854	1A02WL	NWF SAVE	written	NWF	249834	C:\\00-NM\\Federation Task\\C02 + 04\\C02\\NWF\\1104-PAR-1A02WL-ZZZ-BM-MOD-000001.nwf
14:35:19.021	666.870	1A02WL		census after	models	8	
14:35:19.025	666.874	1A02WL		census after	sets	62	
14:35:19.026	666.875	1A02WL		census after	tests	1830	
14:35:19.026	666.876	1A02WL		census after	results	16	
14:35:19.027	666.876	1A02WL		census after	views	83	
14:35:19.045	666.894	1A02WL		step finished	NWF SAVE	0.165	saved 249834 bytes
14:35:19.061	666.910	1A02WL	WORKBOOK	step started	WORKBOOK	0	
14:35:19.073	666.923	1A02WL	WORKBOOK	census before	models	8	
14:35:19.074	666.923	1A02WL	WORKBOOK	census before	sets	62	
14:35:19.075	666.924	1A02WL	WORKBOOK	census before	tests	1830	
14:35:19.076	666.925	1A02WL	WORKBOOK	census before	results	16	
14:35:19.076	666.925	1A02WL	WORKBOOK	census before	views	83	
14:35:24.888	672.737	1A02WL	WORKBOOK	written	XLSX	476384	C:\\00-NM\\Federation Task\\C02 + 04\\C02\\Clash Report\\1104-PAR-1A02WL-ZZZ-BM-MOD-000001.xlsx
14:35:25.508	673.357	1A02WL		census after	models	8	
14:35:25.508	673.357	1A02WL		census after	sets	62	
14:35:25.509	673.358	1A02WL		census after	tests	1830	
14:35:25.510	673.359	1A02WL		census after	results	16	
14:35:25.510	673.359	1A02WL		census after	views	83	
14:35:25.520	673.370	1A02WL		step finished	WORKBOOK	6.44	wrote 476384 bytes
14:35:25.529	673.378	1A02WL	HTML	step started	HTML	0	
14:35:25.542	673.391	1A02WL	HTML	census before	models	8	
14:35:25.542	673.391	1A02WL	HTML	census before	sets	62	
14:35:25.543	673.392	1A02WL	HTML	census before	tests	1830	
14:35:25.543	673.393	1A02WL	HTML	census before	results	16	
14:35:25.544	673.393	1A02WL	HTML	census before	views	83	
14:35:25.732	673.582	1A02WL	HTML	written	HTML	3870392	C:\\00-NM\\Federation Task\\C02 + 04\\C02\\Clash Report\\1104-PAR-1A02WL-ZZZ-BM-MOD-000001.html
14:35:26.077	673.926	1A02WL		census after	models	8	
14:35:26.078	673.927	1A02WL		census after	sets	62	
14:35:26.079	673.928	1A02WL		census after	tests	1830	
14:35:26.079	673.928	1A02WL		census after	results	16	
14:35:26.080	673.929	1A02WL		census after	views	83	
14:35:26.092	673.940	1A02WL		step finished	HTML	0.503	wrote 3870392 bytes
14:35:26.112	673.962	1A02WL	NWD	step started	NWD	0	
14:35:26.134	673.983	1A02WL	NWD	census before	models	8	
14:35:26.135	673.984	1A02WL	NWD	census before	sets	62	
14:35:26.136	673.984	1A02WL	NWD	census before	tests	1830	
14:35:26.136	673.985	1A02WL	NWD	census before	results	16	
14:35:26.137	673.986	1A02WL	NWD	census before	views	83	
14:35:26.607	674.456	1A02WL	NWD	written	NWD	4799843	C:\\00-NM\\Federation Task\\C02 + 04\\C02\\NWD\\1104-PAR-1A02WL-ZZZ-BM-MOD-000001.nwd
14:35:26.642	674.491	1A02WL		census after	models	8	
14:35:26.643	674.492	1A02WL		census after	sets	62	
14:35:26.643	674.492	1A02WL		census after	tests	1830	
14:35:26.644	674.493	1A02WL		census after	results	16	
14:35:26.645	674.494	1A02WL		census after	views	83	
14:35:26.657	674.505	1A02WL		step finished	NWD	0.506	published 4799843 bytes
14:35:26.665	674.514	1A02WL	CONFIRM	step started	CONFIRM	0	
14:35:26.677	674.526	1A02WL	CONFIRM	census before	models	8	
14:35:26.678	674.527	1A02WL	CONFIRM	census before	sets	62	
14:35:26.678	674.528	1A02WL	CONFIRM	census before	tests	1830	
14:35:26.680	674.529	1A02WL	CONFIRM	census before	results	16	
14:35:26.681	674.529	1A02WL	CONFIRM	census before	views	83	
14:35:26.719	674.568	1A02WL		census after	models	8	
14:35:26.719	674.569	1A02WL		census after	sets	62	
14:35:26.721	674.570	1A02WL		census after	tests	1830	
14:35:26.721	674.570	1A02WL		census after	results	16	
14:35:26.722	674.571	1A02WL		census after	views	83	
14:35:26.748	674.597	1A02WL		step finished	CONFIRM	0.048	the NWF is 249834 bytes
14:35:26.825	674.674	1A02WL		gap	Family	32	it would belong in a workbook column of ours, which is Q25
14:35:26.826	674.675	1A02WL		gap	Type Name	32	it would belong in a workbook column of ours, which is Q25
14:35:26.826	674.675	1A02WL		gap	Material	27	it would belong in a workbook column of ours, which is Q25
14:35:26.827	674.676	1A02WL		gap	Id From	32	the ITEM IDS block counts it per property and no output names it per item
14:35:26.852	674.701	1A02WL		step total	TESTS RUN	1.757	
14:35:26.853	674.702	1A02WL		step total	HARVEST	0.868	
14:35:26.853	674.702	1A02WL		step total	IMAGES	0.409	
14:35:26.871	674.720			group finished	1A02WL	16.318	DONE Weekly run plus XML
14:35:27.066	674.915			timing	WORKBOOK	6.44	1 visits
14:35:27.067	674.917			timing	TESTS RUN	1.757	21 visits
14:35:27.068	674.917			timing	DECIDE	1.149	1 visits
14:35:27.069	674.918			timing	HARVEST	0.868	21 visits
14:35:27.070	674.919			timing	SETS	0.757	1 visits
14:35:27.070	674.919			timing	NWD	0.506	1 visits
14:35:27.072	674.921			timing	HTML	0.503	1 visits
14:35:27.073	674.922			timing	VIEWS	0.288	1 visits
14:35:27.074	674.923			timing	NWF SAVE	0.165	1 visits
14:35:27.074	674.923			timing	UNITS	0.155	1 visits
14:35:27.075	674.924			timing	CONFIRM	0.048	1 visits
14:35:27.075	674.925			timing nested	IMAGES	0.409	16 visits
14:35:27.208	675.057	1A02WM	DECIDE	step started	DECIDE	0	
14:35:27.217	675.066	1A02WM	DECIDE	census before	models	0	
14:35:27.218	675.067	1A02WM	DECIDE	census before	sets	0	
14:35:27.219	675.068	1A02WM	DECIDE	census before	tests	0	
14:35:27.219	675.069	1A02WM	DECIDE	census before	results	0	
14:35:27.220	675.069	1A02WM	DECIDE	census before	views	0	
14:35:28.331	676.180	1A02WM		census after	models	4	
14:35:28.332	676.181	1A02WM		census after	sets	62	
14:35:28.332	676.182	1A02WM		census after	tests	1830	
14:35:28.333	676.182	1A02WM		census after	results	245	
14:35:28.333	676.183	1A02WM		census after	views	275	
14:35:28.343	676.192	1A02WM		step finished	DECIDE	1.119	Weekly run plus XML
14:35:28.378	676.228	1A02WM	UNITS	step started	UNITS	0	
14:35:28.390	676.239	1A02WM	UNITS	census before	models	4	
14:35:28.391	676.240	1A02WM	UNITS	census before	sets	62	
14:35:28.392	676.241	1A02WM	UNITS	census before	tests	1830	
14:35:28.393	676.242	1A02WM	UNITS	census before	results	245	
14:35:28.394	676.243	1A02WM	UNITS	census before	views	275	
14:35:28.468	676.317	1A02WM		census after	models	4	
14:35:28.469	676.318	1A02WM		census after	sets	62	
14:35:28.470	676.319	1A02WM		census after	tests	1830	
14:35:28.470	676.319	1A02WM		census after	results	245	
14:35:28.471	676.320	1A02WM		census after	views	275	
14:35:28.480	676.329	1A02WM		step finished	UNITS	0.065	the document was asked for Meters
14:35:28.588	676.437	1A02WM		model placement	1104-PAR-1A02WM-ZZZ-AR-MOD-000001.nwc	-155	SWLS-04-SharedCoordinate
14:35:28.590	676.438	1A02WM		model placement	1104-PAR-1A02WM-ZZZ-EL-MOD-000001.nwc	-155	LTB2
14:35:28.590	676.439	1A02WM		model placement	1104-PAR-1A02WM-ZZZ-ME-MOD-000001.nwc	-5	PW3_Shared_Location
14:35:28.591	676.440	1A02WM		model placement	1104-PAR-1A02WM-ZZZ-ST-MOD-000001.nwc	0	ST_PW5_CHLORINATION
14:35:28.728	676.577	1A02WM		model export	1104-PAR-1A02WM-ZZZ-AR-MOD-000001.nwc	54	2 workset(s), element id 100%
14:35:28.728	676.578	1A02WM		model export	1104-PAR-1A02WM-ZZZ-EL-MOD-000001.nwc	218	9 workset(s), element id 100%
14:35:28.729	676.578	1A02WM		model export	1104-PAR-1A02WM-ZZZ-ME-MOD-000001.nwc	392	5 workset(s), element id 100%
14:35:28.730	676.579	1A02WM		model export	1104-PAR-1A02WM-ZZZ-ST-MOD-000001.nwc	73	2 workset(s), element id 100%
14:35:28.747	676.596	1A02WM	SETS	step started	SETS	0	
14:35:28.758	676.607	1A02WM	SETS	census before	models	4	
14:35:28.759	676.608	1A02WM	SETS	census before	sets	62	
14:35:28.760	676.608	1A02WM	SETS	census before	tests	1830	
14:35:28.760	676.609	1A02WM	SETS	census before	results	245	
14:35:28.761	676.610	1A02WM	SETS	census before	views	275	
14:35:29.631	677.480	1A02WM		census after	models	4	
14:35:29.632	677.481	1A02WM		census after	sets	62	
14:35:29.633	677.482	1A02WM		census after	tests	1830	
14:35:29.634	677.483	1A02WM		census after	results	245	
14:35:29.634	677.483	1A02WM		census after	views	275	
14:35:29.643	677.492	1A02WM		step finished	SETS	0.875	0 created, 61 already there, 0 finding items, 0 at zero.
14:35:29.819	677.668	1A02WM	TESTS RUN	step started	TESTS RUN	0	
14:35:29.831	677.680	1A02WM	TESTS RUN	census before	models	4	
14:35:29.832	677.681	1A02WM	TESTS RUN	census before	sets	62	
14:35:29.833	677.681	1A02WM	TESTS RUN	census before	tests	1830	
14:35:29.833	677.682	1A02WM	TESTS RUN	census before	results	245	
14:35:29.834	677.683	1A02WM	TESTS RUN	census before	views	275	
14:35:30.537	678.386	1A02WM		census after	models	4	
14:35:30.538	678.387	1A02WM		census after	sets	62	
14:35:30.538	678.387	1A02WM		census after	tests	1830	
14:35:30.539	678.388	1A02WM		census after	results	245	
14:35:30.540	678.389	1A02WM		census after	views	275	
14:35:30.562	678.411	1A02WM		step finished	TESTS RUN	0.715	BLD-AR-Walls-vs-BLD-AR-Floors
14:35:30.589	678.437	1A02WM	HARVEST	step started	HARVEST	0	
14:35:30.601	678.450	1A02WM	HARVEST	census before	models	4	
14:35:30.602	678.451	1A02WM	HARVEST	census before	sets	62	
14:35:30.603	678.452	1A02WM	HARVEST	census before	tests	1830	
14:35:30.603	678.452	1A02WM	HARVEST	census before	results	245	
14:35:30.604	678.453	1A02WM	HARVEST	census before	views	275	
14:35:30.629	678.478	1A02WM		census after	models	4	
14:35:30.630	678.479	1A02WM		census after	sets	62	
14:35:30.631	678.479	1A02WM		census after	tests	1830	
14:35:30.631	678.480	1A02WM		census after	results	245	
14:35:30.632	678.481	1A02WM		census after	views	275	
14:35:30.643	678.492	1A02WM		step finished	HARVEST	0.052	BLD-AR-Walls-vs-BLD-AR-Floors
14:35:30.644	678.493	1A02WM		rows for the workbook	BLD-AR-Walls-vs-BLD-AR-Floors	0	0 in the document
14:35:30.645	678.494	1A02WM		test passed	BLD-AR-Walls-vs-BLD-AR-Floors	0	ran and found nothing
14:35:31.440	679.289	1A02WM		rows for the workbook	BLD-AR-Doors-vs-BLD-AR-Floors	0	0 in the document
14:35:31.441	679.289	1A02WM		test passed	BLD-AR-Doors-vs-BLD-AR-Floors	0	ran and found nothing
14:35:32.224	680.073	1A02WM	IMAGES	step started	IMAGES	0	
14:35:32.236	680.084	1A02WM	IMAGES	census before	models	4	
14:35:32.237	680.085	1A02WM	IMAGES	census before	sets	62	
14:35:32.237	680.086	1A02WM	IMAGES	census before	tests	1830	
14:35:32.238	680.087	1A02WM	IMAGES	census before	results	245	
14:35:32.239	680.087	1A02WM	IMAGES	census before	views	275	
14:35:32.275	680.125	1A02WM	HARVEST	census after	models	4	
14:35:32.277	680.126	1A02WM	HARVEST	census after	sets	62	
14:35:32.278	680.127	1A02WM	HARVEST	census after	tests	1830	
14:35:32.279	680.128	1A02WM	HARVEST	census after	results	245	
14:35:32.279	680.128	1A02WM	HARVEST	census after	views	275	
14:35:32.290	680.139	1A02WM	HARVEST	step finished	IMAGES	0.05	BLD-AR-Doors-vs-BLD-AR-Walls
14:35:32.291	680.140	1A02WM		rows for the workbook	BLD-AR-Doors-vs-BLD-AR-Walls	1	1 in the document
14:35:32.292	680.140	1A02WM		test found clashes	BLD-AR-Doors-vs-BLD-AR-Walls	1	ran and found clashes
14:35:33.088	680.937	1A02WM		rows for the workbook	BLD-ST-Foundation-vs-BLD-AR-Floors	0	0 in the document
14:35:33.089	680.938	1A02WM		test passed	BLD-ST-Foundation-vs-BLD-AR-Floors	0	ran and found nothing
14:35:33.813	681.662	1A02WM		rows for the workbook	BLD-ST-Foundation-vs-BLD-AR-Walls	0	0 in the document
14:35:33.814	681.663	1A02WM		test passed	BLD-ST-Foundation-vs-BLD-AR-Walls	0	ran and found nothing
14:35:34.517	682.366	1A02WM		rows for the workbook	BLD-ST-Foundation-vs-BLD-AR-Doors	0	0 in the document
14:35:34.517	682.367	1A02WM		test passed	BLD-ST-Foundation-vs-BLD-AR-Doors	0	ran and found nothing
14:35:35.405	683.254	1A02WM		rows for the workbook	BLD-ST-Columns-vs-BLD-AR-Floors	4	4 in the document
14:35:35.406	683.255	1A02WM		test found clashes	BLD-ST-Columns-vs-BLD-AR-Floors	4	ran and found clashes
14:35:36.114	683.963	1A02WM		rows for the workbook	BLD-ST-Columns-vs-BLD-AR-Walls	0	0 in the document
14:35:36.115	683.963	1A02WM		test passed	BLD-ST-Columns-vs-BLD-AR-Walls	0	ran and found nothing
14:35:36.889	684.738	1A02WM		rows for the workbook	BLD-ST-Columns-vs-BLD-AR-Doors	0	0 in the document
14:35:36.890	684.739	1A02WM		test passed	BLD-ST-Columns-vs-BLD-AR-Doors	0	ran and found nothing
14:35:37.654	685.504	1A02WM		rows for the workbook	BLD-ST-Columns-vs-BLD-ST-Foundation	0	0 in the document
14:35:37.655	685.505	1A02WM		test passed	BLD-ST-Columns-vs-BLD-ST-Foundation	0	ran and found nothing
14:35:38.380	686.229	1A02WM		rows for the workbook	BLD-ST-Framing-vs-BLD-AR-Floors	0	0 in the document
14:35:38.381	686.230	1A02WM		test passed	BLD-ST-Framing-vs-BLD-AR-Floors	0	ran and found nothing
14:35:39.585	687.433	1A02WM		rows for the workbook	BLD-ST-Framing-vs-BLD-AR-Walls	12	12 in the document
14:35:39.586	687.434	1A02WM		test found clashes	BLD-ST-Framing-vs-BLD-AR-Walls	12	ran and found clashes
14:35:40.298	688.147	1A02WM		rows for the workbook	BLD-ST-Framing-vs-BLD-AR-Doors	0	0 in the document
14:35:40.299	688.148	1A02WM		test passed	BLD-ST-Framing-vs-BLD-AR-Doors	0	ran and found nothing
14:35:41.016	688.865	1A02WM		rows for the workbook	BLD-ST-Framing-vs-BLD-ST-Foundation	0	0 in the document
14:35:41.017	688.866	1A02WM		test passed	BLD-ST-Framing-vs-BLD-ST-Foundation	0	ran and found nothing
14:35:41.753	689.602	1A02WM		rows for the workbook	BLD-ST-Framing-vs-BLD-ST-Columns	0	0 in the document
14:35:41.754	689.602	1A02WM		test passed	BLD-ST-Framing-vs-BLD-ST-Columns	0	ran and found nothing
14:35:42.560	690.409	1A02WM		rows for the workbook	BLD-ST-Walls-vs-BLD-AR-Floors	2	2 in the document
14:35:42.561	690.409	1A02WM		test found clashes	BLD-ST-Walls-vs-BLD-AR-Floors	2	ran and found clashes
14:35:43.519	691.368	1A02WM		rows for the workbook	BLD-ST-Walls-vs-BLD-AR-Walls	6	6 in the document
14:35:43.520	691.369	1A02WM		test found clashes	BLD-ST-Walls-vs-BLD-AR-Walls	6	ran and found clashes
14:35:44.237	692.086	1A02WM		rows for the workbook	BLD-ST-Walls-vs-BLD-AR-Doors	0	0 in the document
14:35:44.237	692.087	1A02WM		test passed	BLD-ST-Walls-vs-BLD-AR-Doors	0	ran and found nothing
14:35:44.987	692.836	1A02WM		rows for the workbook	BLD-ST-Walls-vs-BLD-ST-Foundation	0	0 in the document
14:35:44.988	692.836	1A02WM		test passed	BLD-ST-Walls-vs-BLD-ST-Foundation	0	ran and found nothing
14:35:45.717	693.566	1A02WM		rows for the workbook	BLD-ST-Walls-vs-BLD-ST-Columns	0	0 in the document
14:35:45.718	693.567	1A02WM		test passed	BLD-ST-Walls-vs-BLD-ST-Columns	0	ran and found nothing
14:35:46.412	694.261	1A02WM		rows for the workbook	BLD-ST-Walls-vs-BLD-ST-Framing	0	0 in the document
14:35:46.413	694.262	1A02WM		test passed	BLD-ST-Walls-vs-BLD-ST-Framing	0	ran and found nothing
14:35:47.114	694.963	1A02WM		rows for the workbook	BLD-ST-Floors-vs-BLD-AR-Floors	0	0 in the document
14:35:47.115	694.964	1A02WM		test passed	BLD-ST-Floors-vs-BLD-AR-Floors	0	ran and found nothing
14:35:48.461	696.310	1A02WM		rows for the workbook	BLD-ST-Floors-vs-BLD-AR-Walls	16	16 in the document
14:35:48.462	696.311	1A02WM		test found clashes	BLD-ST-Floors-vs-BLD-AR-Walls	16	ran and found clashes
14:35:49.175	697.023	1A02WM		rows for the workbook	BLD-ST-Floors-vs-BLD-AR-Doors	0	0 in the document
14:35:49.176	697.024	1A02WM		test passed	BLD-ST-Floors-vs-BLD-AR-Doors	0	ran and found nothing
14:35:49.861	697.710	1A02WM		rows for the workbook	BLD-ST-Floors-vs-BLD-ST-Foundation	0	0 in the document
14:35:49.862	697.711	1A02WM		test passed	BLD-ST-Floors-vs-BLD-ST-Foundation	0	ran and found nothing
14:35:50.546	698.395	1A02WM		rows for the workbook	BLD-ST-Floors-vs-BLD-ST-Columns	0	0 in the document
14:35:50.547	698.396	1A02WM		test passed	BLD-ST-Floors-vs-BLD-ST-Columns	0	ran and found nothing
14:35:51.251	699.100	1A02WM		rows for the workbook	BLD-ST-Floors-vs-BLD-ST-Framing	0	0 in the document
14:35:51.252	699.101	1A02WM		test passed	BLD-ST-Floors-vs-BLD-ST-Framing	0	ran and found nothing
14:35:52.606	700.455	1A02WM		rows for the workbook	BLD-ST-Floors-vs-BLD-ST-Walls	16	16 in the document
14:35:52.607	700.456	1A02WM		test found clashes	BLD-ST-Floors-vs-BLD-ST-Walls	16	ran and found clashes
14:35:53.816	701.666	1A02WM		rows for the workbook	BLD-DR-Pipes & Pipe Fittings-vs-BLD-AR-Floors	2	2 in the document
14:35:53.818	701.667	1A02WM		test found clashes	BLD-DR-Pipes & Pipe Fittings-vs-BLD-AR-Floors	2	ran and found clashes
14:35:54.567	702.416	1A02WM		rows for the workbook	BLD-DR-Pipes & Pipe Fittings-vs-BLD-AR-Walls	0	0 in the document
14:35:54.568	702.417	1A02WM		test passed	BLD-DR-Pipes & Pipe Fittings-vs-BLD-AR-Walls	0	ran and found nothing
14:35:55.299	703.147	1A02WM		rows for the workbook	BLD-DR-Pipes & Pipe Fittings-vs-BLD-AR-Doors	0	0 in the document
14:35:55.300	703.149	1A02WM		test passed	BLD-DR-Pipes & Pipe Fittings-vs-BLD-AR-Doors	0	ran and found nothing
14:35:56.004	703.853	1A02WM		rows for the workbook	BLD-DR-Pipes & Pipe Fittings-vs-BLD-ST-Foundation	0	0 in the document
14:35:56.005	703.853	1A02WM		test passed	BLD-DR-Pipes & Pipe Fittings-vs-BLD-ST-Foundation	0	ran and found nothing
14:35:56.822	704.671	1A02WM		rows for the workbook	BLD-DR-Pipes & Pipe Fittings-vs-BLD-ST-Columns	3	3 in the document
14:35:56.823	704.672	1A02WM		test found clashes	BLD-DR-Pipes & Pipe Fittings-vs-BLD-ST-Columns	3	ran and found clashes
14:35:57.581	705.430	1A02WM		rows for the workbook	BLD-DR-Pipes & Pipe Fittings-vs-BLD-ST-Framing	0	0 in the document
14:35:57.582	705.431	1A02WM		test passed	BLD-DR-Pipes & Pipe Fittings-vs-BLD-ST-Framing	0	ran and found nothing
14:35:58.561	706.410	1A02WM		rows for the workbook	BLD-DR-Pipes & Pipe Fittings-vs-BLD-ST-Walls	6	6 in the document
14:35:58.562	706.411	1A02WM		test found clashes	BLD-DR-Pipes & Pipe Fittings-vs-BLD-ST-Walls	6	ran and found clashes
14:35:59.730	707.579	1A02WM		rows for the workbook	BLD-DR-Pipes & Pipe Fittings-vs-BLD-ST-Floors	8	8 in the document
14:35:59.731	707.580	1A02WM		test found clashes	BLD-DR-Pipes & Pipe Fittings-vs-BLD-ST-Floors	8	ran and found clashes
14:36:00.585	708.434	1A02WM		rows for the workbook	BLD-DR-Plumbing Fixtures-vs-BLD-AR-Floors	0	0 in the document
14:36:00.586	708.435	1A02WM		test passed	BLD-DR-Plumbing Fixtures-vs-BLD-AR-Floors	0	ran and found nothing
14:36:01.373	709.222	1A02WM		rows for the workbook	BLD-DR-Plumbing Fixtures-vs-BLD-AR-Walls	0	0 in the document
14:36:01.374	709.223	1A02WM		test passed	BLD-DR-Plumbing Fixtures-vs-BLD-AR-Walls	0	ran and found nothing
14:36:02.126	709.975	1A02WM		rows for the workbook	BLD-DR-Plumbing Fixtures-vs-BLD-AR-Doors	0	0 in the document
14:36:02.127	709.976	1A02WM		test passed	BLD-DR-Plumbing Fixtures-vs-BLD-AR-Doors	0	ran and found nothing
14:36:02.910	710.759	1A02WM		rows for the workbook	BLD-DR-Plumbing Fixtures-vs-BLD-ST-Foundation	0	0 in the document
14:36:02.911	710.760	1A02WM		test passed	BLD-DR-Plumbing Fixtures-vs-BLD-ST-Foundation	0	ran and found nothing
14:36:03.670	711.518	1A02WM		rows for the workbook	BLD-DR-Plumbing Fixtures-vs-BLD-ST-Columns	0	0 in the document
14:36:03.671	711.519	1A02WM		test passed	BLD-DR-Plumbing Fixtures-vs-BLD-ST-Columns	0	ran and found nothing
14:36:04.478	712.327	1A02WM		rows for the workbook	BLD-DR-Plumbing Fixtures-vs-BLD-ST-Framing	0	0 in the document
14:36:04.478	712.327	1A02WM		test passed	BLD-DR-Plumbing Fixtures-vs-BLD-ST-Framing	0	ran and found nothing
14:36:05.232	713.081	1A02WM		rows for the workbook	BLD-DR-Plumbing Fixtures-vs-BLD-ST-Walls	0	0 in the document
14:36:05.233	713.082	1A02WM		test passed	BLD-DR-Plumbing Fixtures-vs-BLD-ST-Walls	0	ran and found nothing
14:36:06.004	713.852	1A02WM		rows for the workbook	BLD-DR-Plumbing Fixtures-vs-BLD-ST-Floors	0	0 in the document
14:36:06.005	713.853	1A02WM		test passed	BLD-DR-Plumbing Fixtures-vs-BLD-ST-Floors	0	ran and found nothing
14:36:06.785	714.634	1A02WM		rows for the workbook	BLD-DR-Plumbing Fixtures-vs-BLD-DR-Pipes & Pipe Fittings	0	0 in the document
14:36:06.786	714.634	1A02WM		test passed	BLD-DR-Plumbing Fixtures-vs-BLD-DR-Pipes & Pipe Fittings	0	ran and found nothing
14:36:07.559	715.408	1A02WM		rows for the workbook	BLD-EL-Cable Tray&Cable Tray Fittings-vs-BLD-AR-Floors	0	0 in the document
14:36:07.560	715.409	1A02WM		test passed	BLD-EL-Cable Tray&Cable Tray Fittings-vs-BLD-AR-Floors	0	ran and found nothing
14:36:08.350	716.199	1A02WM		rows for the workbook	BLD-EL-Cable Tray&Cable Tray Fittings-vs-BLD-AR-Walls	0	0 in the document
14:36:08.351	716.200	1A02WM		test passed	BLD-EL-Cable Tray&Cable Tray Fittings-vs-BLD-AR-Walls	0	ran and found nothing
14:36:09.101	716.950	1A02WM		rows for the workbook	BLD-EL-Cable Tray&Cable Tray Fittings-vs-BLD-AR-Doors	0	0 in the document
14:36:09.102	716.950	1A02WM		test passed	BLD-EL-Cable Tray&Cable Tray Fittings-vs-BLD-AR-Doors	0	ran and found nothing
14:36:09.861	717.710	1A02WM		rows for the workbook	BLD-EL-Cable Tray&Cable Tray Fittings-vs-BLD-ST-Foundation	0	0 in the document
14:36:09.862	717.711	1A02WM		test passed	BLD-EL-Cable Tray&Cable Tray Fittings-vs-BLD-ST-Foundation	0	ran and found nothing
14:36:10.638	718.487	1A02WM		rows for the workbook	BLD-EL-Cable Tray&Cable Tray Fittings-vs-BLD-ST-Columns	1	1 in the document
14:36:10.639	718.488	1A02WM		test found clashes	BLD-EL-Cable Tray&Cable Tray Fittings-vs-BLD-ST-Columns	1	ran and found clashes
14:36:11.493	719.342	1A02WM		rows for the workbook	BLD-EL-Cable Tray&Cable Tray Fittings-vs-BLD-ST-Framing	2	2 in the document
14:36:11.494	719.343	1A02WM		test found clashes	BLD-EL-Cable Tray&Cable Tray Fittings-vs-BLD-ST-Framing	2	ran and found clashes
14:36:12.214	720.063	1A02WM		rows for the workbook	BLD-EL-Cable Tray&Cable Tray Fittings-vs-BLD-ST-Walls	0	0 in the document
14:36:12.215	720.064	1A02WM		test passed	BLD-EL-Cable Tray&Cable Tray Fittings-vs-BLD-ST-Walls	0	ran and found nothing
14:36:12.944	720.793	1A02WM		rows for the workbook	BLD-EL-Cable Tray&Cable Tray Fittings-vs-BLD-ST-Floors	0	0 in the document
14:36:12.944	720.794	1A02WM		test passed	BLD-EL-Cable Tray&Cable Tray Fittings-vs-BLD-ST-Floors	0	ran and found nothing
14:36:13.672	721.521	1A02WM		rows for the workbook	BLD-EL-Cable Tray&Cable Tray Fittings-vs-BLD-DR-Pipes & Pipe Fittings	0	0 in the document
14:36:13.673	721.522	1A02WM		test passed	BLD-EL-Cable Tray&Cable Tray Fittings-vs-BLD-DR-Pipes & Pipe Fittings	0	ran and found nothing
14:36:14.376	722.225	1A02WM		rows for the workbook	BLD-EL-Cable Tray&Cable Tray Fittings-vs-BLD-DR-Plumbing Fixtures	0	0 in the document
14:36:14.377	722.226	1A02WM		test passed	BLD-EL-Cable Tray&Cable Tray Fittings-vs-BLD-DR-Plumbing Fixtures	0	ran and found nothing
14:36:15.184	723.033	1A02WM		rows for the workbook	BLD-EL-Electrical Equipment-vs-BLD-AR-Floors	2	2 in the document
14:36:15.185	723.034	1A02WM		test found clashes	BLD-EL-Electrical Equipment-vs-BLD-AR-Floors	2	ran and found clashes
14:36:16.090	723.940	1A02WM		rows for the workbook	BLD-EL-Electrical Equipment-vs-BLD-AR-Walls	5	5 in the document
14:36:16.092	723.941	1A02WM		test found clashes	BLD-EL-Electrical Equipment-vs-BLD-AR-Walls	5	ran and found clashes
14:36:16.828	724.677	1A02WM		rows for the workbook	BLD-EL-Electrical Equipment-vs-BLD-AR-Doors	0	0 in the document
14:36:16.829	724.678	1A02WM		test passed	BLD-EL-Electrical Equipment-vs-BLD-AR-Doors	0	ran and found nothing
14:36:17.549	725.398	1A02WM		rows for the workbook	BLD-EL-Electrical Equipment-vs-BLD-ST-Foundation	0	0 in the document
14:36:17.550	725.399	1A02WM		test passed	BLD-EL-Electrical Equipment-vs-BLD-ST-Foundation	0	ran and found nothing
14:36:18.255	726.104	1A02WM		rows for the workbook	BLD-EL-Electrical Equipment-vs-BLD-ST-Columns	0	0 in the document
14:36:18.256	726.105	1A02WM		test passed	BLD-EL-Electrical Equipment-vs-BLD-ST-Columns	0	ran and found nothing
14:36:19.007	726.856	1A02WM		rows for the workbook	BLD-EL-Electrical Equipment-vs-BLD-ST-Framing	0	0 in the document
14:36:19.008	726.857	1A02WM		test passed	BLD-EL-Electrical Equipment-vs-BLD-ST-Framing	0	ran and found nothing
14:36:19.726	727.575	1A02WM		rows for the workbook	BLD-EL-Electrical Equipment-vs-BLD-ST-Walls	0	0 in the document
14:36:19.727	727.576	1A02WM		test passed	BLD-EL-Electrical Equipment-vs-BLD-ST-Walls	0	ran and found nothing
14:36:20.437	728.285	1A02WM		rows for the workbook	BLD-EL-Electrical Equipment-vs-BLD-ST-Floors	0	0 in the document
14:36:20.438	728.286	1A02WM		test passed	BLD-EL-Electrical Equipment-vs-BLD-ST-Floors	0	ran and found nothing
14:36:21.163	729.012	1A02WM		rows for the workbook	BLD-EL-Electrical Equipment-vs-BLD-DR-Pipes & Pipe Fittings	0	0 in the document
14:36:21.164	729.013	1A02WM		test passed	BLD-EL-Electrical Equipment-vs-BLD-DR-Pipes & Pipe Fittings	0	ran and found nothing
14:36:21.865	729.713	1A02WM		rows for the workbook	BLD-EL-Electrical Equipment-vs-BLD-DR-Plumbing Fixtures	0	0 in the document
14:36:21.866	729.714	1A02WM		test passed	BLD-EL-Electrical Equipment-vs-BLD-DR-Plumbing Fixtures	0	ran and found nothing
14:36:22.778	730.628	1A02WM		rows for the workbook	BLD-EL-Electrical Equipment-vs-BLD-EL-Cable Tray&Cable Tray Fittings	6	6 in the document
14:36:22.779	730.628	1A02WM		test found clashes	BLD-EL-Electrical Equipment-vs-BLD-EL-Cable Tray&Cable Tray Fittings	6	ran and found clashes
14:36:23.500	731.349	1A02WM		rows for the workbook	BLD-EL-Electrical Fixtures-vs-BLD-AR-Floors	0	0 in the document
14:36:23.502	731.350	1A02WM		test passed	BLD-EL-Electrical Fixtures-vs-BLD-AR-Floors	0	ran and found nothing
14:36:25.021	732.870	1A02WM		rows for the workbook	BLD-EL-Electrical Fixtures-vs-BLD-AR-Walls	19	19 in the document
14:36:25.022	732.871	1A02WM		test found clashes	BLD-EL-Electrical Fixtures-vs-BLD-AR-Walls	19	ran and found clashes
14:36:25.710	733.559	1A02WM		rows for the workbook	BLD-EL-Electrical Fixtures-vs-BLD-AR-Doors	0	0 in the document
14:36:25.711	733.560	1A02WM		test passed	BLD-EL-Electrical Fixtures-vs-BLD-AR-Doors	0	ran and found nothing
14:36:26.435	734.284	1A02WM		rows for the workbook	BLD-EL-Electrical Fixtures-vs-BLD-ST-Foundation	0	0 in the document
14:36:26.436	734.285	1A02WM		test passed	BLD-EL-Electrical Fixtures-vs-BLD-ST-Foundation	0	ran and found nothing
14:36:27.182	735.031	1A02WM		rows for the workbook	BLD-EL-Electrical Fixtures-vs-BLD-ST-Columns	0	0 in the document
14:36:27.183	735.032	1A02WM		test passed	BLD-EL-Electrical Fixtures-vs-BLD-ST-Columns	0	ran and found nothing
14:36:27.920	735.769	1A02WM		rows for the workbook	BLD-EL-Electrical Fixtures-vs-BLD-ST-Framing	0	0 in the document
14:36:27.921	735.770	1A02WM		test passed	BLD-EL-Electrical Fixtures-vs-BLD-ST-Framing	0	ran and found nothing
14:36:28.654	736.503	1A02WM		rows for the workbook	BLD-EL-Electrical Fixtures-vs-BLD-ST-Walls	0	0 in the document
14:36:28.655	736.504	1A02WM		test passed	BLD-EL-Electrical Fixtures-vs-BLD-ST-Walls	0	ran and found nothing
14:36:29.421	737.270	1A02WM		rows for the workbook	BLD-EL-Electrical Fixtures-vs-BLD-ST-Floors	0	0 in the document
14:36:29.421	737.271	1A02WM		test passed	BLD-EL-Electrical Fixtures-vs-BLD-ST-Floors	0	ran and found nothing
14:36:30.204	738.053	1A02WM		rows for the workbook	BLD-EL-Electrical Fixtures-vs-BLD-DR-Pipes & Pipe Fittings	0	0 in the document
14:36:30.205	738.054	1A02WM		test passed	BLD-EL-Electrical Fixtures-vs-BLD-DR-Pipes & Pipe Fittings	0	ran and found nothing
14:36:30.912	738.761	1A02WM		rows for the workbook	BLD-EL-Electrical Fixtures-vs-BLD-DR-Plumbing Fixtures	0	0 in the document
14:36:30.913	738.761	1A02WM		test passed	BLD-EL-Electrical Fixtures-vs-BLD-DR-Plumbing Fixtures	0	ran and found nothing
14:36:31.680	739.529	1A02WM		rows for the workbook	BLD-EL-Electrical Fixtures-vs-BLD-EL-Cable Tray&Cable Tray Fittings	0	0 in the document
14:36:31.682	739.530	1A02WM		test passed	BLD-EL-Electrical Fixtures-vs-BLD-EL-Cable Tray&Cable Tray Fittings	0	ran and found nothing
14:36:32.473	740.322	1A02WM		rows for the workbook	BLD-EL-Electrical Fixtures-vs-BLD-EL-Electrical Equipment	2	2 in the document
14:36:32.474	740.323	1A02WM		test found clashes	BLD-EL-Electrical Fixtures-vs-BLD-EL-Electrical Equipment	2	ran and found clashes
14:36:33.634	741.483	1A02WM		rows for the workbook	BLD-EL-Conduits & Conduit Fittings-vs-BLD-AR-Floors	12	12 in the document
14:36:33.636	741.485	1A02WM		test found clashes	BLD-EL-Conduits & Conduit Fittings-vs-BLD-AR-Floors	12	ran and found clashes
14:36:36.021	743.870	1A02WM		rows for the workbook	BLD-EL-Conduits & Conduit Fittings-vs-BLD-AR-Walls	44	44 in the document
14:36:36.022	743.871	1A02WM		test found clashes	BLD-EL-Conduits & Conduit Fittings-vs-BLD-AR-Walls	44	ran and found clashes
14:36:36.723	744.571	1A02WM		rows for the workbook	BLD-EL-Conduits & Conduit Fittings-vs-BLD-AR-Doors	0	0 in the document
14:36:36.724	744.572	1A02WM		test passed	BLD-EL-Conduits & Conduit Fittings-vs-BLD-AR-Doors	0	ran and found nothing
14:36:37.438	745.286	1A02WM		rows for the workbook	BLD-EL-Conduits & Conduit Fittings-vs-BLD-ST-Foundation	0	0 in the document
14:36:37.439	745.287	1A02WM		test passed	BLD-EL-Conduits & Conduit Fittings-vs-BLD-ST-Foundation	0	ran and found nothing
14:36:38.159	746.008	1A02WM		rows for the workbook	BLD-EL-Conduits & Conduit Fittings-vs-BLD-ST-Columns	0	0 in the document
14:36:38.160	746.009	1A02WM		test passed	BLD-EL-Conduits & Conduit Fittings-vs-BLD-ST-Columns	0	ran and found nothing
14:36:38.873	746.722	1A02WM		rows for the workbook	BLD-EL-Conduits & Conduit Fittings-vs-BLD-ST-Framing	0	0 in the document
14:36:38.874	746.723	1A02WM		test passed	BLD-EL-Conduits & Conduit Fittings-vs-BLD-ST-Framing	0	ran and found nothing
14:36:39.841	747.690	1A02WM		rows for the workbook	BLD-EL-Conduits & Conduit Fittings-vs-BLD-ST-Walls	7	7 in the document
14:36:39.842	747.691	1A02WM		test found clashes	BLD-EL-Conduits & Conduit Fittings-vs-BLD-ST-Walls	7	ran and found clashes
14:36:40.566	748.415	1A02WM		rows for the workbook	BLD-EL-Conduits & Conduit Fittings-vs-BLD-ST-Floors	0	0 in the document
14:36:40.567	748.416	1A02WM		test passed	BLD-EL-Conduits & Conduit Fittings-vs-BLD-ST-Floors	0	ran and found nothing
14:36:41.390	749.238	1A02WM		rows for the workbook	BLD-EL-Conduits & Conduit Fittings-vs-BLD-DR-Pipes & Pipe Fittings	3	3 in the document
14:36:41.391	749.239	1A02WM		test found clashes	BLD-EL-Conduits & Conduit Fittings-vs-BLD-DR-Pipes & Pipe Fittings	3	ran and found clashes
14:36:42.112	749.961	1A02WM		rows for the workbook	BLD-EL-Conduits & Conduit Fittings-vs-BLD-DR-Plumbing Fixtures	0	0 in the document
14:36:42.113	749.961	1A02WM		test passed	BLD-EL-Conduits & Conduit Fittings-vs-BLD-DR-Plumbing Fixtures	0	ran and found nothing
14:36:42.843	750.692	1A02WM		rows for the workbook	BLD-EL-Conduits & Conduit Fittings-vs-BLD-EL-Cable Tray&Cable Tray Fittings	0	0 in the document
14:36:42.844	750.693	1A02WM		test passed	BLD-EL-Conduits & Conduit Fittings-vs-BLD-EL-Cable Tray&Cable Tray Fittings	0	ran and found nothing
14:36:43.869	751.718	1A02WM		rows for the workbook	BLD-EL-Conduits & Conduit Fittings-vs-BLD-EL-Electrical Equipment	12	12 in the document
14:36:43.870	751.719	1A02WM		test found clashes	BLD-EL-Conduits & Conduit Fittings-vs-BLD-EL-Electrical Equipment	12	ran and found clashes
14:36:44.625	752.474	1A02WM		rows for the workbook	BLD-EL-Conduits & Conduit Fittings-vs-BLD-EL-Electrical Fixtures	0	0 in the document
14:36:44.626	752.475	1A02WM		test passed	BLD-EL-Conduits & Conduit Fittings-vs-BLD-EL-Electrical Fixtures	0	ran and found nothing
14:36:45.318	753.167	1A02WM		rows for the workbook	BLD-EL-Devices-vs-BLD-AR-Floors	0	0 in the document
14:36:45.319	753.168	1A02WM		test passed	BLD-EL-Devices-vs-BLD-AR-Floors	0	ran and found nothing
14:36:46.824	754.673	1A02WM		rows for the workbook	BLD-EL-Devices-vs-BLD-AR-Walls	19	19 in the document
14:36:46.825	754.674	1A02WM		test found clashes	BLD-EL-Devices-vs-BLD-AR-Walls	19	ran and found clashes
14:36:47.520	755.369	1A02WM		rows for the workbook	BLD-EL-Devices-vs-BLD-AR-Doors	0	0 in the document
14:36:47.521	755.369	1A02WM		test passed	BLD-EL-Devices-vs-BLD-AR-Doors	0	ran and found nothing
14:36:48.250	756.099	1A02WM		rows for the workbook	BLD-EL-Devices-vs-BLD-ST-Foundation	0	0 in the document
14:36:48.251	756.100	1A02WM		test passed	BLD-EL-Devices-vs-BLD-ST-Foundation	0	ran and found nothing
14:36:48.939	756.788	1A02WM		rows for the workbook	BLD-EL-Devices-vs-BLD-ST-Columns	0	0 in the document
14:36:48.939	756.788	1A02WM		test passed	BLD-EL-Devices-vs-BLD-ST-Columns	0	ran and found nothing
14:36:49.644	757.493	1A02WM		rows for the workbook	BLD-EL-Devices-vs-BLD-ST-Framing	0	0 in the document
14:36:49.645	757.494	1A02WM		test passed	BLD-EL-Devices-vs-BLD-ST-Framing	0	ran and found nothing
14:36:50.331	758.180	1A02WM		rows for the workbook	BLD-EL-Devices-vs-BLD-ST-Walls	0	0 in the document
14:36:50.332	758.181	1A02WM		test passed	BLD-EL-Devices-vs-BLD-ST-Walls	0	ran and found nothing
14:36:51.064	758.913	1A02WM		rows for the workbook	BLD-EL-Devices-vs-BLD-ST-Floors	0	0 in the document
14:36:51.065	758.914	1A02WM		test passed	BLD-EL-Devices-vs-BLD-ST-Floors	0	ran and found nothing
14:36:51.767	759.616	1A02WM		rows for the workbook	BLD-EL-Devices-vs-BLD-DR-Pipes & Pipe Fittings	0	0 in the document
14:36:51.768	759.617	1A02WM		test passed	BLD-EL-Devices-vs-BLD-DR-Pipes & Pipe Fittings	0	ran and found nothing
14:36:52.473	760.321	1A02WM		rows for the workbook	BLD-EL-Devices-vs-BLD-DR-Plumbing Fixtures	0	0 in the document
14:36:52.474	760.322	1A02WM		test passed	BLD-EL-Devices-vs-BLD-DR-Plumbing Fixtures	0	ran and found nothing
14:36:53.209	761.058	1A02WM		rows for the workbook	BLD-EL-Devices-vs-BLD-EL-Cable Tray&Cable Tray Fittings	0	0 in the document
14:36:53.210	761.059	1A02WM		test passed	BLD-EL-Devices-vs-BLD-EL-Cable Tray&Cable Tray Fittings	0	ran and found nothing
14:36:54.005	761.853	1A02WM		rows for the workbook	BLD-EL-Devices-vs-BLD-EL-Electrical Equipment	2	2 in the document
14:36:54.006	761.854	1A02WM		test found clashes	BLD-EL-Devices-vs-BLD-EL-Electrical Equipment	2	ran and found clashes
14:36:54.725	762.574	1A02WM		rows for the workbook	BLD-EL-Devices-vs-BLD-EL-Electrical Fixtures	0	0 in the document
14:36:54.726	762.574	1A02WM		test passed	BLD-EL-Devices-vs-BLD-EL-Electrical Fixtures	0	ran and found nothing
14:36:55.443	763.291	1A02WM		rows for the workbook	BLD-EL-Devices-vs-BLD-EL-Conduits & Conduit Fittings	0	0 in the document
14:36:55.444	763.292	1A02WM		test passed	BLD-EL-Devices-vs-BLD-EL-Conduits & Conduit Fittings	0	ran and found nothing
14:36:56.161	764.010	1A02WM		rows for the workbook	BLD-EL-Lighting Fixtures-vs-BLD-AR-Floors	0	0 in the document
14:36:56.162	764.011	1A02WM		test passed	BLD-EL-Lighting Fixtures-vs-BLD-AR-Floors	0	ran and found nothing
14:36:56.953	764.803	1A02WM		rows for the workbook	BLD-EL-Lighting Fixtures-vs-BLD-AR-Walls	2	2 in the document
14:36:56.954	764.803	1A02WM		test found clashes	BLD-EL-Lighting Fixtures-vs-BLD-AR-Walls	2	ran and found clashes
14:36:57.712	765.561	1A02WM		rows for the workbook	BLD-EL-Lighting Fixtures-vs-BLD-AR-Doors	0	0 in the document
14:36:57.713	765.562	1A02WM		test passed	BLD-EL-Lighting Fixtures-vs-BLD-AR-Doors	0	ran and found nothing
14:36:58.410	766.259	1A02WM		rows for the workbook	BLD-EL-Lighting Fixtures-vs-BLD-ST-Foundation	0	0 in the document
14:36:58.411	766.260	1A02WM		test passed	BLD-EL-Lighting Fixtures-vs-BLD-ST-Foundation	0	ran and found nothing
14:36:59.115	766.964	1A02WM		rows for the workbook	BLD-EL-Lighting Fixtures-vs-BLD-ST-Columns	0	0 in the document
14:36:59.116	766.964	1A02WM		test passed	BLD-EL-Lighting Fixtures-vs-BLD-ST-Columns	0	ran and found nothing
14:37:00.066	767.915	1A02WM		rows for the workbook	BLD-EL-Lighting Fixtures-vs-BLD-ST-Framing	6	6 in the document
14:37:00.067	767.916	1A02WM		test found clashes	BLD-EL-Lighting Fixtures-vs-BLD-ST-Framing	6	ran and found clashes
14:37:00.790	768.638	1A02WM		rows for the workbook	BLD-EL-Lighting Fixtures-vs-BLD-ST-Walls	0	0 in the document
14:37:00.791	768.639	1A02WM		test passed	BLD-EL-Lighting Fixtures-vs-BLD-ST-Walls	0	ran and found nothing
14:37:01.867	769.716	1A02WM		rows for the workbook	BLD-EL-Lighting Fixtures-vs-BLD-ST-Floors	9	9 in the document
14:37:01.869	769.717	1A02WM		test found clashes	BLD-EL-Lighting Fixtures-vs-BLD-ST-Floors	9	ran and found clashes
14:37:02.581	770.430	1A02WM		rows for the workbook	BLD-EL-Lighting Fixtures-vs-BLD-DR-Pipes & Pipe Fittings	0	0 in the document
14:37:02.582	770.430	1A02WM		test passed	BLD-EL-Lighting Fixtures-vs-BLD-DR-Pipes & Pipe Fittings	0	ran and found nothing
14:37:03.269	771.118	1A02WM		rows for the workbook	BLD-EL-Lighting Fixtures-vs-BLD-DR-Plumbing Fixtures	0	0 in the document
14:37:03.270	771.119	1A02WM		test passed	BLD-EL-Lighting Fixtures-vs-BLD-DR-Plumbing Fixtures	0	ran and found nothing
14:37:03.975	771.824	1A02WM		rows for the workbook	BLD-EL-Lighting Fixtures-vs-BLD-EL-Cable Tray&Cable Tray Fittings	0	0 in the document
14:37:03.976	771.824	1A02WM		test passed	BLD-EL-Lighting Fixtures-vs-BLD-EL-Cable Tray&Cable Tray Fittings	0	ran and found nothing
14:37:04.679	772.528	1A02WM		rows for the workbook	BLD-EL-Lighting Fixtures-vs-BLD-EL-Electrical Equipment	0	0 in the document
14:37:04.680	772.529	1A02WM		test passed	BLD-EL-Lighting Fixtures-vs-BLD-EL-Electrical Equipment	0	ran and found nothing
14:37:05.377	773.226	1A02WM		rows for the workbook	BLD-EL-Lighting Fixtures-vs-BLD-EL-Electrical Fixtures	0	0 in the document
14:37:05.378	773.227	1A02WM		test passed	BLD-EL-Lighting Fixtures-vs-BLD-EL-Electrical Fixtures	0	ran and found nothing
14:37:06.108	773.957	1A02WM		rows for the workbook	BLD-EL-Lighting Fixtures-vs-BLD-EL-Conduits & Conduit Fittings	0	0 in the document
14:37:06.109	773.958	1A02WM		test passed	BLD-EL-Lighting Fixtures-vs-BLD-EL-Conduits & Conduit Fittings	0	ran and found nothing
14:37:06.815	774.664	1A02WM		rows for the workbook	BLD-EL-Lighting Fixtures-vs-BLD-EL-Devices	0	0 in the document
14:37:06.816	774.665	1A02WM		test passed	BLD-EL-Lighting Fixtures-vs-BLD-EL-Devices	0	ran and found nothing
14:37:07.542	775.391	1A02WM		rows for the workbook	BLD-EL-Lighting Devices-vs-BLD-AR-Floors	0	0 in the document
14:37:07.543	775.392	1A02WM		test passed	BLD-EL-Lighting Devices-vs-BLD-AR-Floors	0	ran and found nothing
14:37:08.423	776.271	1A02WM		rows for the workbook	BLD-EL-Lighting Devices-vs-BLD-AR-Walls	4	4 in the document
14:37:08.424	776.273	1A02WM		test found clashes	BLD-EL-Lighting Devices-vs-BLD-AR-Walls	4	ran and found clashes
14:37:09.163	777.012	1A02WM		rows for the workbook	BLD-EL-Lighting Devices-vs-BLD-AR-Doors	0	0 in the document
14:37:09.164	777.012	1A02WM		test passed	BLD-EL-Lighting Devices-vs-BLD-AR-Doors	0	ran and found nothing
14:37:09.862	777.711	1A02WM		rows for the workbook	BLD-EL-Lighting Devices-vs-BLD-ST-Foundation	0	0 in the document
14:37:09.863	777.712	1A02WM		test passed	BLD-EL-Lighting Devices-vs-BLD-ST-Foundation	0	ran and found nothing
14:37:10.591	778.440	1A02WM		rows for the workbook	BLD-EL-Lighting Devices-vs-BLD-ST-Columns	0	0 in the document
14:37:10.592	778.441	1A02WM		test passed	BLD-EL-Lighting Devices-vs-BLD-ST-Columns	0	ran and found nothing
14:37:11.294	779.143	1A02WM		rows for the workbook	BLD-EL-Lighting Devices-vs-BLD-ST-Framing	0	0 in the document
14:37:11.294	779.143	1A02WM		test passed	BLD-EL-Lighting Devices-vs-BLD-ST-Framing	0	ran and found nothing
14:37:12.032	779.881	1A02WM		rows for the workbook	BLD-EL-Lighting Devices-vs-BLD-ST-Walls	0	0 in the document
14:37:12.032	779.881	1A02WM		test passed	BLD-EL-Lighting Devices-vs-BLD-ST-Walls	0	ran and found nothing
14:37:12.734	780.583	1A02WM		rows for the workbook	BLD-EL-Lighting Devices-vs-BLD-ST-Floors	0	0 in the document
14:37:12.734	780.584	1A02WM		test passed	BLD-EL-Lighting Devices-vs-BLD-ST-Floors	0	ran and found nothing
14:37:13.469	781.318	1A02WM		rows for the workbook	BLD-EL-Lighting Devices-vs-BLD-DR-Pipes & Pipe Fittings	0	0 in the document
14:37:13.470	781.319	1A02WM		test passed	BLD-EL-Lighting Devices-vs-BLD-DR-Pipes & Pipe Fittings	0	ran and found nothing
14:37:14.176	782.025	1A02WM		rows for the workbook	BLD-EL-Lighting Devices-vs-BLD-DR-Plumbing Fixtures	0	0 in the document
14:37:14.177	782.025	1A02WM		test passed	BLD-EL-Lighting Devices-vs-BLD-DR-Plumbing Fixtures	0	ran and found nothing
14:37:14.896	782.745	1A02WM		rows for the workbook	BLD-EL-Lighting Devices-vs-BLD-EL-Cable Tray&Cable Tray Fittings	0	0 in the document
14:37:14.897	782.746	1A02WM		test passed	BLD-EL-Lighting Devices-vs-BLD-EL-Cable Tray&Cable Tray Fittings	0	ran and found nothing
14:37:15.598	783.446	1A02WM		rows for the workbook	BLD-EL-Lighting Devices-vs-BLD-EL-Electrical Equipment	0	0 in the document
14:37:15.599	783.447	1A02WM		test passed	BLD-EL-Lighting Devices-vs-BLD-EL-Electrical Equipment	0	ran and found nothing
14:37:16.332	784.181	1A02WM		rows for the workbook	BLD-EL-Lighting Devices-vs-BLD-EL-Electrical Fixtures	0	0 in the document
14:37:16.333	784.181	1A02WM		test passed	BLD-EL-Lighting Devices-vs-BLD-EL-Electrical Fixtures	0	ran and found nothing
14:37:17.053	784.902	1A02WM		rows for the workbook	BLD-EL-Lighting Devices-vs-BLD-EL-Conduits & Conduit Fittings	0	0 in the document
14:37:17.054	784.902	1A02WM		test passed	BLD-EL-Lighting Devices-vs-BLD-EL-Conduits & Conduit Fittings	0	ran and found nothing
14:37:17.755	785.604	1A02WM		rows for the workbook	BLD-EL-Lighting Devices-vs-BLD-EL-Devices	0	0 in the document
14:37:17.756	785.605	1A02WM		test passed	BLD-EL-Lighting Devices-vs-BLD-EL-Devices	0	ran and found nothing
14:37:18.458	786.307	1A02WM		rows for the workbook	BLD-EL-Lighting Devices-vs-BLD-EL-Lighting Fixtures	0	0 in the document
14:37:18.459	786.307	1A02WM		test passed	BLD-EL-Lighting Devices-vs-BLD-EL-Lighting Fixtures	0	ran and found nothing
14:37:19.194	787.043	1A02WM		rows for the workbook	BLD-EL-Fire Alarm Devices-vs-BLD-AR-Floors	0	0 in the document
14:37:19.196	787.044	1A02WM		test passed	BLD-EL-Fire Alarm Devices-vs-BLD-AR-Floors	0	ran and found nothing
14:37:20.042	787.890	1A02WM		rows for the workbook	BLD-EL-Fire Alarm Devices-vs-BLD-AR-Walls	4	4 in the document
14:37:20.043	787.891	1A02WM		test found clashes	BLD-EL-Fire Alarm Devices-vs-BLD-AR-Walls	4	ran and found clashes
14:37:20.753	788.602	1A02WM		rows for the workbook	BLD-EL-Fire Alarm Devices-vs-BLD-AR-Doors	0	0 in the document
14:37:20.754	788.602	1A02WM		test passed	BLD-EL-Fire Alarm Devices-vs-BLD-AR-Doors	0	ran and found nothing
14:37:21.459	789.308	1A02WM		rows for the workbook	BLD-EL-Fire Alarm Devices-vs-BLD-ST-Foundation	0	0 in the document
14:37:21.460	789.309	1A02WM		test passed	BLD-EL-Fire Alarm Devices-vs-BLD-ST-Foundation	0	ran and found nothing
14:37:22.162	790.011	1A02WM		rows for the workbook	BLD-EL-Fire Alarm Devices-vs-BLD-ST-Columns	0	0 in the document
14:37:22.163	790.012	1A02WM		test passed	BLD-EL-Fire Alarm Devices-vs-BLD-ST-Columns	0	ran and found nothing
14:37:22.902	790.751	1A02WM		rows for the workbook	BLD-EL-Fire Alarm Devices-vs-BLD-ST-Framing	1	1 in the document
14:37:22.903	790.752	1A02WM		test found clashes	BLD-EL-Fire Alarm Devices-vs-BLD-ST-Framing	1	ran and found clashes
14:37:23.716	791.565	1A02WM		rows for the workbook	BLD-EL-Fire Alarm Devices-vs-BLD-ST-Walls	2	2 in the document
14:37:23.717	791.566	1A02WM		test found clashes	BLD-EL-Fire Alarm Devices-vs-BLD-ST-Walls	2	ran and found clashes
14:37:24.419	792.268	1A02WM		rows for the workbook	BLD-EL-Fire Alarm Devices-vs-BLD-ST-Floors	0	0 in the document
14:37:24.420	792.269	1A02WM		test passed	BLD-EL-Fire Alarm Devices-vs-BLD-ST-Floors	0	ran and found nothing
14:37:25.163	793.012	1A02WM		rows for the workbook	BLD-EL-Fire Alarm Devices-vs-BLD-DR-Pipes & Pipe Fittings	0	0 in the document
14:37:25.164	793.013	1A02WM		test passed	BLD-EL-Fire Alarm Devices-vs-BLD-DR-Pipes & Pipe Fittings	0	ran and found nothing
14:37:25.867	793.715	1A02WM		rows for the workbook	BLD-EL-Fire Alarm Devices-vs-BLD-DR-Plumbing Fixtures	0	0 in the document
14:37:25.868	793.716	1A02WM		test passed	BLD-EL-Fire Alarm Devices-vs-BLD-DR-Plumbing Fixtures	0	ran and found nothing
14:37:26.562	794.411	1A02WM		rows for the workbook	BLD-EL-Fire Alarm Devices-vs-BLD-EL-Cable Tray&Cable Tray Fittings	0	0 in the document
14:37:26.564	794.412	1A02WM		test passed	BLD-EL-Fire Alarm Devices-vs-BLD-EL-Cable Tray&Cable Tray Fittings	0	ran and found nothing
14:37:27.268	795.117	1A02WM		rows for the workbook	BLD-EL-Fire Alarm Devices-vs-BLD-EL-Electrical Equipment	0	0 in the document
14:37:27.269	795.118	1A02WM		test passed	BLD-EL-Fire Alarm Devices-vs-BLD-EL-Electrical Equipment	0	ran and found nothing
14:37:27.999	795.848	1A02WM		rows for the workbook	BLD-EL-Fire Alarm Devices-vs-BLD-EL-Electrical Fixtures	0	0 in the document
14:37:28.000	795.849	1A02WM		test passed	BLD-EL-Fire Alarm Devices-vs-BLD-EL-Electrical Fixtures	0	ran and found nothing
14:37:28.718	796.567	1A02WM		rows for the workbook	BLD-EL-Fire Alarm Devices-vs-BLD-EL-Conduits & Conduit Fittings	0	0 in the document
14:37:28.719	796.568	1A02WM		test passed	BLD-EL-Fire Alarm Devices-vs-BLD-EL-Conduits & Conduit Fittings	0	ran and found nothing
14:37:29.424	797.273	1A02WM		rows for the workbook	BLD-EL-Fire Alarm Devices-vs-BLD-EL-Devices	0	0 in the document
14:37:29.425	797.274	1A02WM		test passed	BLD-EL-Fire Alarm Devices-vs-BLD-EL-Devices	0	ran and found nothing
14:37:30.109	797.958	1A02WM		rows for the workbook	BLD-EL-Fire Alarm Devices-vs-BLD-EL-Lighting Fixtures	0	0 in the document
14:37:30.110	797.959	1A02WM		test passed	BLD-EL-Fire Alarm Devices-vs-BLD-EL-Lighting Fixtures	0	ran and found nothing
14:37:30.833	798.682	1A02WM		rows for the workbook	BLD-EL-Fire Alarm Devices-vs-BLD-EL-Lighting Devices	0	0 in the document
14:37:30.834	798.682	1A02WM		test passed	BLD-EL-Fire Alarm Devices-vs-BLD-EL-Lighting Devices	0	ran and found nothing
14:37:31.616	799.464	1A02WM		rows for the workbook	BLD-Security Devices-vs-BLD-AR-Floors	0	0 in the document
14:37:31.617	799.465	1A02WM		test passed	BLD-Security Devices-vs-BLD-AR-Floors	0	ran and found nothing
14:37:32.374	800.223	1A02WM		rows for the workbook	BLD-Security Devices-vs-BLD-AR-Walls	1	1 in the document
14:37:32.375	800.224	1A02WM		test found clashes	BLD-Security Devices-vs-BLD-AR-Walls	1	ran and found clashes
14:37:33.162	801.011	1A02WM		rows for the workbook	BLD-Security Devices-vs-BLD-AR-Doors	1	1 in the document
14:37:33.163	801.012	1A02WM		test found clashes	BLD-Security Devices-vs-BLD-AR-Doors	1	ran and found clashes
14:37:33.878	801.727	1A02WM		rows for the workbook	BLD-Security Devices-vs-BLD-ST-Foundation	0	0 in the document
14:37:33.879	801.728	1A02WM		test passed	BLD-Security Devices-vs-BLD-ST-Foundation	0	ran and found nothing
14:37:34.567	802.416	1A02WM		rows for the workbook	BLD-Security Devices-vs-BLD-ST-Columns	0	0 in the document
14:37:34.568	802.416	1A02WM		test passed	BLD-Security Devices-vs-BLD-ST-Columns	0	ran and found nothing
14:37:35.252	803.101	1A02WM		rows for the workbook	BLD-Security Devices-vs-BLD-ST-Framing	0	0 in the document
14:37:35.253	803.102	1A02WM		test passed	BLD-Security Devices-vs-BLD-ST-Framing	0	ran and found nothing
14:37:35.943	803.792	1A02WM		rows for the workbook	BLD-Security Devices-vs-BLD-ST-Walls	0	0 in the document
14:37:35.944	803.792	1A02WM		test passed	BLD-Security Devices-vs-BLD-ST-Walls	0	ran and found nothing
14:37:36.641	804.490	1A02WM		rows for the workbook	BLD-Security Devices-vs-BLD-ST-Floors	0	0 in the document
14:37:36.642	804.491	1A02WM		test passed	BLD-Security Devices-vs-BLD-ST-Floors	0	ran and found nothing
14:37:37.346	805.195	1A02WM		rows for the workbook	BLD-Security Devices-vs-BLD-DR-Pipes & Pipe Fittings	0	0 in the document
14:37:37.347	805.196	1A02WM		test passed	BLD-Security Devices-vs-BLD-DR-Pipes & Pipe Fittings	0	ran and found nothing
14:37:38.038	805.887	1A02WM		rows for the workbook	BLD-Security Devices-vs-BLD-DR-Plumbing Fixtures	0	0 in the document
14:37:38.038	805.888	1A02WM		test passed	BLD-Security Devices-vs-BLD-DR-Plumbing Fixtures	0	ran and found nothing
14:37:38.761	806.610	1A02WM		rows for the workbook	BLD-Security Devices-vs-BLD-EL-Cable Tray&Cable Tray Fittings	0	0 in the document
14:37:38.762	806.610	1A02WM		test passed	BLD-Security Devices-vs-BLD-EL-Cable Tray&Cable Tray Fittings	0	ran and found nothing
14:37:39.459	807.308	1A02WM		rows for the workbook	BLD-Security Devices-vs-BLD-EL-Electrical Equipment	0	0 in the document
14:37:39.460	807.308	1A02WM		test passed	BLD-Security Devices-vs-BLD-EL-Electrical Equipment	0	ran and found nothing
14:37:40.163	808.012	1A02WM		rows for the workbook	BLD-Security Devices-vs-BLD-EL-Electrical Fixtures	0	0 in the document
14:37:40.165	808.013	1A02WM		test passed	BLD-Security Devices-vs-BLD-EL-Electrical Fixtures	0	ran and found nothing
14:37:40.864	808.713	1A02WM		rows for the workbook	BLD-Security Devices-vs-BLD-EL-Conduits & Conduit Fittings	0	0 in the document
14:37:40.865	808.714	1A02WM		test passed	BLD-Security Devices-vs-BLD-EL-Conduits & Conduit Fittings	0	ran and found nothing
14:37:41.560	809.409	1A02WM		rows for the workbook	BLD-Security Devices-vs-BLD-EL-Devices	0	0 in the document
14:37:41.561	809.410	1A02WM		test passed	BLD-Security Devices-vs-BLD-EL-Devices	0	ran and found nothing
14:37:42.285	810.134	1A02WM		rows for the workbook	BLD-Security Devices-vs-BLD-EL-Lighting Fixtures	0	0 in the document
14:37:42.286	810.134	1A02WM		test passed	BLD-Security Devices-vs-BLD-EL-Lighting Fixtures	0	ran and found nothing
14:37:43.009	810.859	1A02WM		rows for the workbook	BLD-Security Devices-vs-BLD-EL-Lighting Devices	1	1 in the document
14:37:43.010	810.860	1A02WM		test found clashes	BLD-Security Devices-vs-BLD-EL-Lighting Devices	1	ran and found clashes
14:37:43.756	811.604	1A02WM		rows for the workbook	BLD-Security Devices-vs-BLD-EL-Fire Alarm Devices	1	1 in the document
14:37:43.757	811.605	1A02WM		test found clashes	BLD-Security Devices-vs-BLD-EL-Fire Alarm Devices	1	ran and found clashes
14:37:44.544	812.393	1A02WM		rows for the workbook	BLD-EL-Data Devices-vs-BLD-AR-Floors	0	0 in the document
14:37:44.546	812.394	1A02WM		test passed	BLD-EL-Data Devices-vs-BLD-AR-Floors	0	ran and found nothing
14:37:45.296	813.146	1A02WM		rows for the workbook	BLD-EL-Data Devices-vs-BLD-AR-Walls	1	1 in the document
14:37:45.297	813.147	1A02WM		test found clashes	BLD-EL-Data Devices-vs-BLD-AR-Walls	1	ran and found clashes
14:37:46.001	813.850	1A02WM		rows for the workbook	BLD-EL-Data Devices-vs-BLD-AR-Doors	0	0 in the document
14:37:46.002	813.851	1A02WM		test passed	BLD-EL-Data Devices-vs-BLD-AR-Doors	0	ran and found nothing
14:37:46.725	814.574	1A02WM		rows for the workbook	BLD-EL-Data Devices-vs-BLD-ST-Foundation	0	0 in the document
14:37:46.726	814.575	1A02WM		test passed	BLD-EL-Data Devices-vs-BLD-ST-Foundation	0	ran and found nothing
14:37:47.422	815.271	1A02WM		rows for the workbook	BLD-EL-Data Devices-vs-BLD-ST-Columns	0	0 in the document
14:37:47.423	815.272	1A02WM		test passed	BLD-EL-Data Devices-vs-BLD-ST-Columns	0	ran and found nothing
14:37:48.151	816.000	1A02WM		rows for the workbook	BLD-EL-Data Devices-vs-BLD-ST-Framing	0	0 in the document
14:37:48.152	816.001	1A02WM		test passed	BLD-EL-Data Devices-vs-BLD-ST-Framing	0	ran and found nothing
14:37:48.868	816.717	1A02WM		rows for the workbook	BLD-EL-Data Devices-vs-BLD-ST-Walls	0	0 in the document
14:37:48.868	816.717	1A02WM		test passed	BLD-EL-Data Devices-vs-BLD-ST-Walls	0	ran and found nothing
14:37:49.567	817.416	1A02WM		rows for the workbook	BLD-EL-Data Devices-vs-BLD-ST-Floors	0	0 in the document
14:37:49.568	817.417	1A02WM		test passed	BLD-EL-Data Devices-vs-BLD-ST-Floors	0	ran and found nothing
14:37:50.313	818.162	1A02WM		rows for the workbook	BLD-EL-Data Devices-vs-BLD-DR-Pipes & Pipe Fittings	0	0 in the document
14:37:50.314	818.163	1A02WM		test passed	BLD-EL-Data Devices-vs-BLD-DR-Pipes & Pipe Fittings	0	ran and found nothing
14:37:51.003	818.852	1A02WM		rows for the workbook	BLD-EL-Data Devices-vs-BLD-DR-Plumbing Fixtures	0	0 in the document
14:37:51.004	818.853	1A02WM		test passed	BLD-EL-Data Devices-vs-BLD-DR-Plumbing Fixtures	0	ran and found nothing
14:37:51.709	819.558	1A02WM		rows for the workbook	BLD-EL-Data Devices-vs-BLD-EL-Cable Tray&Cable Tray Fittings	0	0 in the document
14:37:51.710	819.559	1A02WM		test passed	BLD-EL-Data Devices-vs-BLD-EL-Cable Tray&Cable Tray Fittings	0	ran and found nothing
14:37:52.438	820.287	1A02WM		rows for the workbook	BLD-EL-Data Devices-vs-BLD-EL-Electrical Equipment	0	0 in the document
14:37:52.438	820.287	1A02WM		test passed	BLD-EL-Data Devices-vs-BLD-EL-Electrical Equipment	0	ran and found nothing
14:37:53.123	820.972	1A02WM		rows for the workbook	BLD-EL-Data Devices-vs-BLD-EL-Electrical Fixtures	0	0 in the document
14:37:53.124	820.973	1A02WM		test passed	BLD-EL-Data Devices-vs-BLD-EL-Electrical Fixtures	0	ran and found nothing
14:37:53.832	821.681	1A02WM		rows for the workbook	BLD-EL-Data Devices-vs-BLD-EL-Conduits & Conduit Fittings	0	0 in the document
14:37:53.833	821.681	1A02WM		test passed	BLD-EL-Data Devices-vs-BLD-EL-Conduits & Conduit Fittings	0	ran and found nothing
14:37:54.546	822.395	1A02WM		rows for the workbook	BLD-EL-Data Devices-vs-BLD-EL-Devices	0	0 in the document
14:37:54.547	822.396	1A02WM		test passed	BLD-EL-Data Devices-vs-BLD-EL-Devices	0	ran and found nothing
14:37:55.258	823.106	1A02WM		rows for the workbook	BLD-EL-Data Devices-vs-BLD-EL-Lighting Fixtures	0	0 in the document
14:37:55.258	823.107	1A02WM		test passed	BLD-EL-Data Devices-vs-BLD-EL-Lighting Fixtures	0	ran and found nothing
14:37:55.970	823.819	1A02WM		rows for the workbook	BLD-EL-Data Devices-vs-BLD-EL-Lighting Devices	0	0 in the document
14:37:55.971	823.819	1A02WM		test passed	BLD-EL-Data Devices-vs-BLD-EL-Lighting Devices	0	ran and found nothing
14:37:56.657	824.506	1A02WM		rows for the workbook	BLD-EL-Data Devices-vs-BLD-EL-Fire Alarm Devices	0	0 in the document
14:37:56.658	824.507	1A02WM		test passed	BLD-EL-Data Devices-vs-BLD-EL-Fire Alarm Devices	0	ran and found nothing
14:37:57.358	825.207	1A02WM		rows for the workbook	BLD-EL-Data Devices-vs-BLD-Security Devices	0	0 in the document
14:37:57.360	825.208	1A02WM		test passed	BLD-EL-Data Devices-vs-BLD-Security Devices	0	ran and found nothing
14:37:58.812	826.661	1A02WM	VIEWS	step started	VIEWS	0	
14:37:58.830	826.679	1A02WM	VIEWS	census before	models	4	
14:37:58.831	826.680	1A02WM	VIEWS	census before	sets	62	
14:37:58.831	826.680	1A02WM	VIEWS	census before	tests	1830	
14:37:58.832	826.681	1A02WM	VIEWS	census before	results	245	
14:37:58.833	826.682	1A02WM	VIEWS	census before	views	275	
14:38:41.372	869.220	1A02WM		census after	models	4	
14:38:41.372	869.221	1A02WM		census after	sets	62	
14:38:41.373	869.222	1A02WM		census after	tests	1830	
14:38:41.374	869.223	1A02WM		census after	results	245	
14:38:41.375	869.224	1A02WM		census after	views	327	
14:38:41.384	869.233	1A02WM		step finished	VIEWS	42.56	52 created, 191 already there.
14:38:41.670	869.519	1A02WM	NWF SAVE	step started	NWF SAVE	0	
14:38:41.688	869.537	1A02WM	NWF SAVE	census before	models	4	
14:38:41.689	869.538	1A02WM	NWF SAVE	census before	sets	62	
14:38:41.690	869.539	1A02WM	NWF SAVE	census before	tests	1830	
14:38:41.690	869.539	1A02WM	NWF SAVE	census before	results	245	
14:38:41.691	869.540	1A02WM	NWF SAVE	census before	views	327	
14:38:42.529	870.377	1A02WM	NWF SAVE	written	NWF	6256447	C:\\00-NM\\Federation Task\\C02 + 04\\C02\\NWF\\1104-PAR-1A02WM-ZZZ-BM-MOD-000001.nwf
14:38:42.543	870.393	1A02WM		census after	models	4	
14:38:42.544	870.393	1A02WM		census after	sets	62	
14:38:42.545	870.394	1A02WM		census after	tests	1830	
14:38:42.545	870.395	1A02WM		census after	results	245	
14:38:42.546	870.395	1A02WM		census after	views	327	
14:38:42.559	870.408	1A02WM		step finished	NWF SAVE	0.872	saved 6256447 bytes
14:38:42.586	870.435	1A02WM	WORKBOOK	step started	WORKBOOK	0	
14:38:42.600	870.449	1A02WM	WORKBOOK	census before	models	4	
14:38:42.600	870.449	1A02WM	WORKBOOK	census before	sets	62	
14:38:42.601	870.450	1A02WM	WORKBOOK	census before	tests	1830	
14:38:42.602	870.451	1A02WM	WORKBOOK	census before	results	245	
14:38:42.603	870.452	1A02WM	WORKBOOK	census before	views	327	
14:38:48.738	876.586	1A02WM	WORKBOOK	written	XLSX	512027	C:\\00-NM\\Federation Task\\C02 + 04\\C02\\Clash Report\\1104-PAR-1A02WM-ZZZ-BM-MOD-000001.xlsx
14:38:49.389	877.237	1A02WM		census after	models	4	
14:38:49.390	877.238	1A02WM		census after	sets	62	
14:38:49.390	877.239	1A02WM		census after	tests	1830	
14:38:49.391	877.240	1A02WM		census after	results	245	
14:38:49.392	877.240	1A02WM		census after	views	327	
14:38:49.401	877.250	1A02WM		step finished	WORKBOOK	6.783	wrote 512027 bytes
14:38:49.410	877.260	1A02WM	HTML	step started	HTML	0	
14:38:49.425	877.274	1A02WM	HTML	census before	models	4	
14:38:49.426	877.275	1A02WM	HTML	census before	sets	62	
14:38:49.427	877.276	1A02WM	HTML	census before	tests	1830	
14:38:49.428	877.276	1A02WM	HTML	census before	results	245	
14:38:49.428	877.277	1A02WM	HTML	census before	views	327	
14:38:49.576	877.426	1A02WM	HTML	written	HTML	4123140	C:\\00-NM\\Federation Task\\C02 + 04\\C02\\Clash Report\\1104-PAR-1A02WM-ZZZ-BM-MOD-000001.html
14:38:49.903	877.751	1A02WM		census after	models	4	
14:38:49.903	877.752	1A02WM		census after	sets	62	
14:38:49.904	877.753	1A02WM		census after	tests	1830	
14:38:49.905	877.754	1A02WM		census after	results	245	
14:38:49.905	877.755	1A02WM		census after	views	327	
14:38:49.915	877.764	1A02WM		step finished	HTML	0.487	wrote 4123140 bytes
14:38:49.934	877.783	1A02WM	NWD	step started	NWD	0	
14:38:49.951	877.800	1A02WM	NWD	census before	models	4	
14:38:49.951	877.801	1A02WM	NWD	census before	sets	62	
14:38:49.953	877.801	1A02WM	NWD	census before	tests	1830	
14:38:49.953	877.802	1A02WM	NWD	census before	results	245	
14:38:49.953	877.803	1A02WM	NWD	census before	views	327	
14:38:50.938	878.788	1A02WM	NWD	written	NWD	7791891	C:\\00-NM\\Federation Task\\C02 + 04\\C02\\NWD\\1104-PAR-1A02WM-ZZZ-BM-MOD-000001.nwd
14:38:50.953	878.802	1A02WM		census after	models	4	
14:38:50.954	878.803	1A02WM		census after	sets	62	
14:38:50.955	878.804	1A02WM		census after	tests	1830	
14:38:50.955	878.805	1A02WM		census after	results	245	
14:38:50.956	878.805	1A02WM		census after	views	327	
14:38:50.967	878.815	1A02WM		step finished	NWD	1.015	published 7791891 bytes
14:38:50.977	878.825	1A02WM	CONFIRM	step started	CONFIRM	0	
14:38:51.029	878.878	1A02WM	CONFIRM	census before	models	4	
14:38:51.030	878.879	1A02WM	CONFIRM	census before	sets	62	
14:38:51.031	878.880	1A02WM	CONFIRM	census before	tests	1830	
14:38:51.032	878.880	1A02WM	CONFIRM	census before	results	245	
14:38:51.033	878.881	1A02WM	CONFIRM	census before	views	327	
14:38:51.087	878.936	1A02WM		census after	models	4	
14:38:51.089	878.937	1A02WM		census after	sets	62	
14:38:51.089	878.938	1A02WM		census after	tests	1830	
14:38:51.090	878.939	1A02WM		census after	results	245	
14:38:51.091	878.939	1A02WM		census after	views	327	
14:38:51.100	878.950	1A02WM		step finished	CONFIRM	0.107	the NWF is 6256447 bytes
14:38:51.204	879.054	1A02WM		gap	Family	490	it would belong in a workbook column of ours, which is Q25
14:38:51.206	879.054	1A02WM		gap	Type Name	490	it would belong in a workbook column of ours, which is Q25
14:38:51.206	879.055	1A02WM		gap	Material	381	it would belong in a workbook column of ours, which is Q25
14:38:51.207	879.056	1A02WM		gap	Id From	490	the ITEM IDS block counts it per property and no output names it per item
14:38:51.236	879.085	1A02WM		step total	TESTS RUN	127.785	
14:38:51.237	879.086	1A02WM		step total	HARVEST	10.824	
14:38:51.237	879.086	1A02WM		step total	IMAGES	5.773	
14:38:51.259	879.108			group finished	1A02WM	204.104	DONE Weekly run plus XML
14:38:51.486	879.336			timing	TESTS RUN	127.785	190 visits
14:38:51.487	879.336			timing	VIEWS	42.56	1 visits
14:38:51.488	879.337			timing	HARVEST	10.824	190 visits
14:38:51.488	879.338			timing	WORKBOOK	6.783	1 visits
14:38:51.489	879.338			timing	DECIDE	1.119	1 visits
14:38:51.490	879.339			timing	NWD	1.015	1 visits
14:38:51.491	879.340			timing	SETS	0.875	1 visits
14:38:51.491	879.341			timing	NWF SAVE	0.872	1 visits
14:38:51.492	879.341			timing	HTML	0.487	1 visits
14:38:51.493	879.342			timing	CONFIRM	0.107	1 visits
14:38:51.493	879.343			timing	UNITS	0.065	1 visits
14:38:51.494	879.343			timing nested	IMAGES	5.773	245 visits
14:38:51.660	879.509	1A02WN	DECIDE	step started	DECIDE	0	
14:38:51.671	879.520	1A02WN	DECIDE	census before	models	0	
14:38:51.672	879.521	1A02WN	DECIDE	census before	sets	0	
14:38:51.672	879.521	1A02WN	DECIDE	census before	tests	0	
14:38:51.673	879.522	1A02WN	DECIDE	census before	results	0	
14:38:51.674	879.523	1A02WN	DECIDE	census before	views	0	
14:38:52.552	880.401	1A02WN		census after	models	4	
14:38:52.552	880.402	1A02WN		census after	sets	62	
14:38:52.553	880.402	1A02WN		census after	tests	1830	
14:38:52.554	880.403	1A02WN		census after	results	77	
14:38:52.555	880.404	1A02WN		census after	views	102	
14:38:52.564	880.413	1A02WN		step finished	DECIDE	0.888	Weekly run plus XML
14:38:52.603	880.451	1A02WN	UNITS	step started	UNITS	0	
14:38:52.625	880.474	1A02WN	UNITS	census before	models	4	
14:38:52.626	880.474	1A02WN	UNITS	census before	sets	62	
14:38:52.626	880.475	1A02WN	UNITS	census before	tests	1830	
14:38:52.627	880.476	1A02WN	UNITS	census before	results	77	
14:38:52.627	880.476	1A02WN	UNITS	census before	views	102	
14:38:52.674	880.523	1A02WN		census after	models	4	
14:38:52.675	880.524	1A02WN		census after	sets	62	
14:38:52.675	880.525	1A02WN		census after	tests	1830	
14:38:52.676	880.525	1A02WN		census after	results	77	
14:38:52.676	880.526	1A02WN		census after	views	102	
14:38:52.687	880.536	1A02WN		step finished	UNITS	0.068	the document was asked for Meters
14:38:52.824	880.673	1A02WN		model placement	1104-PAR-1A02WN-ZZZ-AR-MOD-000001.nwc	-156	SWLS-04-SharedCoordinate
14:38:52.824	880.674	1A02WN		model placement	1104-PAR-1A02WN-ZZZ-EL-MOD-000001.nwc	-299	IGN2
14:38:52.825	880.674	1A02WN		model placement	1104-PAR-1A02WN-ZZZ-ME-MOD-000001.nwc	44.98	PW5_Shared_Location
14:38:52.826	880.675	1A02WN		model placement	1104-PAR-1A02WN-ZZZ-ST-MOD-000001.nwc	-1	ST_PW5_CHLORINATION
14:38:52.956	880.805	1A02WN		model export	1104-PAR-1A02WN-ZZZ-AR-MOD-000001.nwc	34	2 workset(s), element id 100%
14:38:52.958	880.806	1A02WN		model export	1104-PAR-1A02WN-ZZZ-EL-MOD-000001.nwc	81	6 workset(s), element id 100%
14:38:52.958	880.807	1A02WN		model export	1104-PAR-1A02WN-ZZZ-ME-MOD-000001.nwc	18	4 workset(s), element id 100%
14:38:52.959	880.808	1A02WN		model export	1104-PAR-1A02WN-ZZZ-ST-MOD-000001.nwc	49	2 workset(s), element id 100%
14:38:52.983	880.832	1A02WN	SETS	step started	SETS	0	
14:38:53.009	880.858	1A02WN	SETS	census before	models	4	
14:38:53.010	880.859	1A02WN	SETS	census before	sets	62	
14:38:53.010	880.860	1A02WN	SETS	census before	tests	1830	
14:38:53.011	880.860	1A02WN	SETS	census before	results	77	
14:38:53.012	880.861	1A02WN	SETS	census before	views	102	
14:38:53.831	881.681	1A02WN		census after	models	4	
14:38:53.832	881.681	1A02WN		census after	sets	62	
14:38:53.833	881.682	1A02WN		census after	tests	1830	
14:38:53.833	881.683	1A02WN		census after	results	77	
14:38:53.834	881.683	1A02WN		census after	views	102	
14:38:53.844	881.693	1A02WN		step finished	SETS	0.847	0 created, 61 already there, 0 finding items, 0 at zero.
14:38:54.038	881.887	1A02WN	TESTS RUN	step started	TESTS RUN	0	
14:38:54.052	881.901	1A02WN	TESTS RUN	census before	models	4	
14:38:54.053	881.902	1A02WN	TESTS RUN	census before	sets	62	
14:38:54.053	881.903	1A02WN	TESTS RUN	census before	tests	1830	
14:38:54.055	881.903	1A02WN	TESTS RUN	census before	results	77	
14:38:54.055	881.904	1A02WN	TESTS RUN	census before	views	102	
14:38:54.235	882.083	1A02WN		census after	models	4	
14:38:54.236	882.084	1A02WN		census after	sets	62	
14:38:54.236	882.085	1A02WN		census after	tests	1830	
14:38:54.236	882.086	1A02WN		census after	results	77	
14:38:54.237	882.086	1A02WN		census after	views	102	
14:38:54.246	882.096	1A02WN		step finished	TESTS RUN	0.192	BLD-AR-Walls-vs-BLD-AR-Floors
14:38:54.271	882.120	1A02WN	HARVEST	step started	HARVEST	0	
14:38:54.288	882.138	1A02WN	HARVEST	census before	models	4	
14:38:54.289	882.138	1A02WN	HARVEST	census before	sets	62	
14:38:54.292	882.141	1A02WN	HARVEST	census before	tests	1830	
14:38:54.293	882.142	1A02WN	HARVEST	census before	results	77	
14:38:54.294	882.143	1A02WN	HARVEST	census before	views	102	
14:38:54.346	882.195	1A02WN	IMAGES	step started	IMAGES	0	
14:38:54.360	882.209	1A02WN	IMAGES	census before	models	4	
14:38:54.360	882.210	1A02WN	IMAGES	census before	sets	62	
14:38:54.362	882.211	1A02WN	IMAGES	census before	tests	1830	
14:38:54.363	882.211	1A02WN	IMAGES	census before	results	77	
14:38:54.364	882.212	1A02WN	IMAGES	census before	views	102	
14:38:54.430	882.279	1A02WN	HARVEST	census after	models	4	
14:38:54.431	882.280	1A02WN	HARVEST	census after	sets	62	
14:38:54.432	882.281	1A02WN	HARVEST	census after	tests	1830	
14:38:54.433	882.282	1A02WN	HARVEST	census after	results	77	
14:38:54.433	882.283	1A02WN	HARVEST	census after	views	102	
14:38:54.444	882.293	1A02WN	HARVEST	step finished	IMAGES	0.054	BLD-AR-Walls-vs-BLD-AR-Floors
14:38:54.458	882.307	1A02WN		census after	models	4	
14:38:54.458	882.308	1A02WN		census after	sets	62	
14:38:54.459	882.308	1A02WN		census after	tests	1830	
14:38:54.460	882.309	1A02WN		census after	results	77	
14:38:54.460	882.310	1A02WN		census after	views	102	
14:38:54.471	882.320	1A02WN		step finished	HARVEST	0.184	BLD-AR-Walls-vs-BLD-AR-Floors
14:38:54.472	882.321	1A02WN		rows for the workbook	BLD-AR-Walls-vs-BLD-AR-Floors	1	1 in the document
14:38:54.472	882.322	1A02WN		test found clashes	BLD-AR-Walls-vs-BLD-AR-Floors	1	ran and found clashes
14:38:54.708	882.557	1A02WN		rows for the workbook	BLD-AR-Windows-vs-BLD-AR-Floors	0	0 in the document
14:38:54.709	882.558	1A02WN		test passed	BLD-AR-Windows-vs-BLD-AR-Floors	0	ran and found nothing
14:38:55.368	883.217	1A02WN		rows for the workbook	BLD-AR-Windows-vs-BLD-AR-Walls	10	10 in the document
14:38:55.369	883.218	1A02WN		test found clashes	BLD-AR-Windows-vs-BLD-AR-Walls	10	ran and found clashes
14:38:55.611	883.460	1A02WN		rows for the workbook	BLD-AR-Doors-vs-BLD-AR-Floors	0	0 in the document
14:38:55.613	883.461	1A02WN		test passed	BLD-AR-Doors-vs-BLD-AR-Floors	0	ran and found nothing
14:38:55.938	883.787	1A02WN		rows for the workbook	BLD-AR-Doors-vs-BLD-AR-Walls	3	3 in the document
14:38:55.938	883.788	1A02WN		test found clashes	BLD-AR-Doors-vs-BLD-AR-Walls	3	ran and found clashes
14:38:56.186	884.034	1A02WN		rows for the workbook	BLD-AR-Doors-vs-BLD-AR-Windows	0	0 in the document
14:38:56.187	884.035	1A02WN		test passed	BLD-AR-Doors-vs-BLD-AR-Windows	0	ran and found nothing
14:38:56.438	884.286	1A02WN		rows for the workbook	BLD-ST-Foundation-vs-BLD-AR-Floors	0	0 in the document
14:38:56.439	884.287	1A02WN		test passed	BLD-ST-Foundation-vs-BLD-AR-Floors	0	ran and found nothing
14:38:56.660	884.509	1A02WN		rows for the workbook	BLD-ST-Foundation-vs-BLD-AR-Walls	0	0 in the document
14:38:56.661	884.510	1A02WN		test passed	BLD-ST-Foundation-vs-BLD-AR-Walls	0	ran and found nothing
14:38:56.875	884.723	1A02WN		rows for the workbook	BLD-ST-Foundation-vs-BLD-AR-Windows	0	0 in the document
14:38:56.876	884.724	1A02WN		test passed	BLD-ST-Foundation-vs-BLD-AR-Windows	0	ran and found nothing
14:38:57.140	884.988	1A02WN		rows for the workbook	BLD-ST-Foundation-vs-BLD-AR-Doors	0	0 in the document
14:38:57.141	884.989	1A02WN		test passed	BLD-ST-Foundation-vs-BLD-AR-Doors	0	ran and found nothing
14:38:57.406	885.255	1A02WN		rows for the workbook	BLD-ST-Columns-vs-BLD-AR-Floors	1	1 in the document
14:38:57.407	885.256	1A02WN		test found clashes	BLD-ST-Columns-vs-BLD-AR-Floors	1	ran and found clashes
14:38:57.642	885.491	1A02WN		rows for the workbook	BLD-ST-Columns-vs-BLD-AR-Walls	0	0 in the document
14:38:57.643	885.492	1A02WN		test passed	BLD-ST-Columns-vs-BLD-AR-Walls	0	ran and found nothing
14:38:57.863	885.712	1A02WN		rows for the workbook	BLD-ST-Columns-vs-BLD-AR-Windows	0	0 in the document
14:38:57.864	885.713	1A02WN		test passed	BLD-ST-Columns-vs-BLD-AR-Windows	0	ran and found nothing
14:38:58.078	885.927	1A02WN		rows for the workbook	BLD-ST-Columns-vs-BLD-AR-Doors	0	0 in the document
14:38:58.079	885.928	1A02WN		test passed	BLD-ST-Columns-vs-BLD-AR-Doors	0	ran and found nothing
14:38:58.296	886.145	1A02WN		rows for the workbook	BLD-ST-Columns-vs-BLD-ST-Foundation	0	0 in the document
14:38:58.298	886.146	1A02WN		test passed	BLD-ST-Columns-vs-BLD-ST-Foundation	0	ran and found nothing
14:38:58.518	886.367	1A02WN		rows for the workbook	BLD-ST-Framing-vs-BLD-AR-Floors	0	0 in the document
14:38:58.519	886.368	1A02WN		test passed	BLD-ST-Framing-vs-BLD-AR-Floors	0	ran and found nothing
14:38:59.091	886.940	1A02WN		rows for the workbook	BLD-ST-Framing-vs-BLD-AR-Walls	8	8 in the document
14:38:59.092	886.941	1A02WN		test found clashes	BLD-ST-Framing-vs-BLD-AR-Walls	8	ran and found clashes
14:38:59.314	887.163	1A02WN		rows for the workbook	BLD-ST-Framing-vs-BLD-AR-Windows	0	0 in the document
14:38:59.315	887.164	1A02WN		test passed	BLD-ST-Framing-vs-BLD-AR-Windows	0	ran and found nothing
14:38:59.587	887.436	1A02WN		rows for the workbook	BLD-ST-Framing-vs-BLD-AR-Doors	0	0 in the document
14:38:59.588	887.437	1A02WN		test passed	BLD-ST-Framing-vs-BLD-AR-Doors	0	ran and found nothing
14:38:59.800	887.649	1A02WN		rows for the workbook	BLD-ST-Framing-vs-BLD-ST-Foundation	0	0 in the document
14:38:59.801	887.650	1A02WN		test passed	BLD-ST-Framing-vs-BLD-ST-Foundation	0	ran and found nothing
14:39:00.127	887.975	1A02WN		rows for the workbook	BLD-ST-Framing-vs-BLD-ST-Columns	2	2 in the document
14:39:00.128	887.976	1A02WN		test found clashes	BLD-ST-Framing-vs-BLD-ST-Columns	2	ran and found clashes
14:39:00.351	888.200	1A02WN		rows for the workbook	BLD-ST-Walls-vs-BLD-AR-Floors	0	0 in the document
14:39:00.351	888.201	1A02WN		test passed	BLD-ST-Walls-vs-BLD-AR-Floors	0	ran and found nothing
14:39:00.928	888.777	1A02WN		rows for the workbook	BLD-ST-Walls-vs-BLD-AR-Walls	8	8 in the document
14:39:00.929	888.778	1A02WN		test found clashes	BLD-ST-Walls-vs-BLD-AR-Walls	8	ran and found clashes
14:39:01.143	888.992	1A02WN		rows for the workbook	BLD-ST-Walls-vs-BLD-AR-Windows	0	0 in the document
14:39:01.145	888.993	1A02WN		test passed	BLD-ST-Walls-vs-BLD-AR-Windows	0	ran and found nothing
14:39:01.366	889.214	1A02WN		rows for the workbook	BLD-ST-Walls-vs-BLD-AR-Doors	0	0 in the document
14:39:01.367	889.215	1A02WN		test passed	BLD-ST-Walls-vs-BLD-AR-Doors	0	ran and found nothing
14:39:01.601	889.450	1A02WN		rows for the workbook	BLD-ST-Walls-vs-BLD-ST-Foundation	0	0 in the document
14:39:01.602	889.451	1A02WN		test passed	BLD-ST-Walls-vs-BLD-ST-Foundation	0	ran and found nothing
14:39:01.820	889.669	1A02WN		rows for the workbook	BLD-ST-Walls-vs-BLD-ST-Columns	0	0 in the document
14:39:01.820	889.670	1A02WN		test passed	BLD-ST-Walls-vs-BLD-ST-Columns	0	ran and found nothing
14:39:02.034	889.883	1A02WN		rows for the workbook	BLD-ST-Walls-vs-BLD-ST-Framing	0	0 in the document
14:39:02.035	889.884	1A02WN		test passed	BLD-ST-Walls-vs-BLD-ST-Framing	0	ran and found nothing
14:39:02.250	890.099	1A02WN		rows for the workbook	BLD-ST-Floors-vs-BLD-AR-Floors	0	0 in the document
14:39:02.251	890.100	1A02WN		test passed	BLD-ST-Floors-vs-BLD-AR-Floors	0	ran and found nothing
14:39:02.826	890.675	1A02WN		rows for the workbook	BLD-ST-Floors-vs-BLD-AR-Walls	8	8 in the document
14:39:02.827	890.676	1A02WN		test found clashes	BLD-ST-Floors-vs-BLD-AR-Walls	8	ran and found clashes
14:39:03.050	890.899	1A02WN		rows for the workbook	BLD-ST-Floors-vs-BLD-AR-Windows	0	0 in the document
14:39:03.051	890.900	1A02WN		test passed	BLD-ST-Floors-vs-BLD-AR-Windows	0	ran and found nothing
14:39:03.266	891.115	1A02WN		rows for the workbook	BLD-ST-Floors-vs-BLD-AR-Doors	0	0 in the document
14:39:03.267	891.116	1A02WN		test passed	BLD-ST-Floors-vs-BLD-AR-Doors	0	ran and found nothing
14:39:03.539	891.388	1A02WN		rows for the workbook	BLD-ST-Floors-vs-BLD-ST-Foundation	0	0 in the document
14:39:03.541	891.389	1A02WN		test passed	BLD-ST-Floors-vs-BLD-ST-Foundation	0	ran and found nothing
14:39:03.859	891.708	1A02WN		rows for the workbook	BLD-ST-Floors-vs-BLD-ST-Columns	2	2 in the document
14:39:03.860	891.709	1A02WN		test found clashes	BLD-ST-Floors-vs-BLD-ST-Columns	2	ran and found clashes
14:39:04.126	891.975	1A02WN		rows for the workbook	BLD-ST-Floors-vs-BLD-ST-Framing	1	1 in the document
14:39:04.127	891.975	1A02WN		test found clashes	BLD-ST-Floors-vs-BLD-ST-Framing	1	ran and found clashes
14:39:04.343	892.192	1A02WN		rows for the workbook	BLD-ST-Floors-vs-BLD-ST-Walls	0	0 in the document
14:39:04.344	892.193	1A02WN		test passed	BLD-ST-Floors-vs-BLD-ST-Walls	0	ran and found nothing
14:39:04.970	892.819	1A02WN		rows for the workbook	BLD-DR-Pipes & Pipe Fittings-vs-BLD-AR-Floors	0	0 in the document
14:39:04.971	892.820	1A02WN		test passed	BLD-DR-Pipes & Pipe Fittings-vs-BLD-AR-Floors	0	ran and found nothing
14:39:05.188	893.037	1A02WN		rows for the workbook	BLD-DR-Pipes & Pipe Fittings-vs-BLD-AR-Walls	0	0 in the document
14:39:05.189	893.038	1A02WN		test passed	BLD-DR-Pipes & Pipe Fittings-vs-BLD-AR-Walls	0	ran and found nothing
14:39:05.422	893.270	1A02WN		rows for the workbook	BLD-DR-Pipes & Pipe Fittings-vs-BLD-AR-Windows	0	0 in the document
14:39:05.423	893.271	1A02WN		test passed	BLD-DR-Pipes & Pipe Fittings-vs-BLD-AR-Windows	0	ran and found nothing
14:39:05.640	893.489	1A02WN		rows for the workbook	BLD-DR-Pipes & Pipe Fittings-vs-BLD-AR-Doors	0	0 in the document
14:39:05.641	893.490	1A02WN		test passed	BLD-DR-Pipes & Pipe Fittings-vs-BLD-AR-Doors	0	ran and found nothing
14:39:05.906	893.754	1A02WN		rows for the workbook	BLD-DR-Pipes & Pipe Fittings-vs-BLD-ST-Foundation	1	1 in the document
14:39:05.906	893.755	1A02WN		test found clashes	BLD-DR-Pipes & Pipe Fittings-vs-BLD-ST-Foundation	1	ran and found clashes
14:39:06.129	893.978	1A02WN		rows for the workbook	BLD-DR-Pipes & Pipe Fittings-vs-BLD-ST-Columns	0	0 in the document
14:39:06.130	893.979	1A02WN		test passed	BLD-DR-Pipes & Pipe Fittings-vs-BLD-ST-Columns	0	ran and found nothing
14:39:06.348	894.197	1A02WN		rows for the workbook	BLD-DR-Pipes & Pipe Fittings-vs-BLD-ST-Framing	0	0 in the document
14:39:06.349	894.197	1A02WN		test passed	BLD-DR-Pipes & Pipe Fittings-vs-BLD-ST-Framing	0	ran and found nothing
14:39:06.562	894.411	1A02WN		rows for the workbook	BLD-DR-Pipes & Pipe Fittings-vs-BLD-ST-Walls	0	0 in the document
14:39:06.563	894.411	1A02WN		test passed	BLD-DR-Pipes & Pipe Fittings-vs-BLD-ST-Walls	0	ran and found nothing
14:39:06.816	894.665	1A02WN		rows for the workbook	BLD-DR-Pipes & Pipe Fittings-vs-BLD-ST-Floors	1	1 in the document
14:39:06.817	894.666	1A02WN		test found clashes	BLD-DR-Pipes & Pipe Fittings-vs-BLD-ST-Floors	1	ran and found clashes
14:39:07.079	894.927	1A02WN		rows for the workbook	BLD-DR-Plumbing Fixtures-vs-BLD-AR-Floors	0	0 in the document
14:39:07.079	894.928	1A02WN		test passed	BLD-DR-Plumbing Fixtures-vs-BLD-AR-Floors	0	ran and found nothing
14:39:07.315	895.164	1A02WN		rows for the workbook	BLD-DR-Plumbing Fixtures-vs-BLD-AR-Walls	0	0 in the document
14:39:07.315	895.165	1A02WN		test passed	BLD-DR-Plumbing Fixtures-vs-BLD-AR-Walls	0	ran and found nothing
14:39:07.534	895.383	1A02WN		rows for the workbook	BLD-DR-Plumbing Fixtures-vs-BLD-AR-Windows	0	0 in the document
14:39:07.534	895.384	1A02WN		test passed	BLD-DR-Plumbing Fixtures-vs-BLD-AR-Windows	0	ran and found nothing
14:39:07.767	895.616	1A02WN		rows for the workbook	BLD-DR-Plumbing Fixtures-vs-BLD-AR-Doors	0	0 in the document
14:39:07.768	895.617	1A02WN		test passed	BLD-DR-Plumbing Fixtures-vs-BLD-AR-Doors	0	ran and found nothing
14:39:07.986	895.835	1A02WN		rows for the workbook	BLD-DR-Plumbing Fixtures-vs-BLD-ST-Foundation	0	0 in the document
14:39:07.988	895.836	1A02WN		test passed	BLD-DR-Plumbing Fixtures-vs-BLD-ST-Foundation	0	ran and found nothing
14:39:08.205	896.054	1A02WN		rows for the workbook	BLD-DR-Plumbing Fixtures-vs-BLD-ST-Columns	0	0 in the document
14:39:08.206	896.055	1A02WN		test passed	BLD-DR-Plumbing Fixtures-vs-BLD-ST-Columns	0	ran and found nothing
14:39:08.426	896.275	1A02WN		rows for the workbook	BLD-DR-Plumbing Fixtures-vs-BLD-ST-Framing	0	0 in the document
14:39:08.427	896.276	1A02WN		test passed	BLD-DR-Plumbing Fixtures-vs-BLD-ST-Framing	0	ran and found nothing
14:39:08.646	896.495	1A02WN		rows for the workbook	BLD-DR-Plumbing Fixtures-vs-BLD-ST-Walls	0	0 in the document
14:39:08.647	896.496	1A02WN		test passed	BLD-DR-Plumbing Fixtures-vs-BLD-ST-Walls	0	ran and found nothing
14:39:08.861	896.710	1A02WN		rows for the workbook	BLD-DR-Plumbing Fixtures-vs-BLD-ST-Floors	0	0 in the document
14:39:08.863	896.711	1A02WN		test passed	BLD-DR-Plumbing Fixtures-vs-BLD-ST-Floors	0	ran and found nothing
14:39:09.110	896.959	1A02WN		rows for the workbook	BLD-DR-Plumbing Fixtures-vs-BLD-DR-Pipes & Pipe Fittings	0	0 in the document
14:39:09.111	896.960	1A02WN		test passed	BLD-DR-Plumbing Fixtures-vs-BLD-DR-Pipes & Pipe Fittings	0	ran and found nothing
14:39:09.383	897.232	1A02WN		rows for the workbook	BLD-EL-Electrical Equipment-vs-BLD-AR-Floors	1	1 in the document
14:39:09.385	897.233	1A02WN		test found clashes	BLD-EL-Electrical Equipment-vs-BLD-AR-Floors	1	ran and found clashes
14:39:09.841	897.690	1A02WN		rows for the workbook	BLD-EL-Electrical Equipment-vs-BLD-AR-Walls	6	6 in the document
14:39:09.842	897.691	1A02WN		test found clashes	BLD-EL-Electrical Equipment-vs-BLD-AR-Walls	6	ran and found clashes
14:39:10.074	897.923	1A02WN		rows for the workbook	BLD-EL-Electrical Equipment-vs-BLD-AR-Windows	1	1 in the document
14:39:10.075	897.924	1A02WN		test found clashes	BLD-EL-Electrical Equipment-vs-BLD-AR-Windows	1	ran and found clashes
14:39:10.296	898.145	1A02WN		rows for the workbook	BLD-EL-Electrical Equipment-vs-BLD-AR-Doors	0	0 in the document
14:39:10.297	898.146	1A02WN		test passed	BLD-EL-Electrical Equipment-vs-BLD-AR-Doors	0	ran and found nothing
14:39:10.516	898.365	1A02WN		rows for the workbook	BLD-EL-Electrical Equipment-vs-BLD-ST-Foundation	0	0 in the document
14:39:10.516	898.366	1A02WN		test passed	BLD-EL-Electrical Equipment-vs-BLD-ST-Foundation	0	ran and found nothing
14:39:10.767	898.616	1A02WN		rows for the workbook	BLD-EL-Electrical Equipment-vs-BLD-ST-Columns	1	1 in the document
14:39:10.768	898.617	1A02WN		test found clashes	BLD-EL-Electrical Equipment-vs-BLD-ST-Columns	1	ran and found clashes
14:39:10.983	898.832	1A02WN		rows for the workbook	BLD-EL-Electrical Equipment-vs-BLD-ST-Framing	0	0 in the document
14:39:10.984	898.833	1A02WN		test passed	BLD-EL-Electrical Equipment-vs-BLD-ST-Framing	0	ran and found nothing
14:39:11.185	899.034	1A02WN		rows for the workbook	BLD-EL-Electrical Equipment-vs-BLD-ST-Walls	0	0 in the document
14:39:11.185	899.035	1A02WN		test passed	BLD-EL-Electrical Equipment-vs-BLD-ST-Walls	0	ran and found nothing
14:39:11.439	899.287	1A02WN		rows for the workbook	BLD-EL-Electrical Equipment-vs-BLD-ST-Floors	1	1 in the document
14:39:11.439	899.288	1A02WN		test found clashes	BLD-EL-Electrical Equipment-vs-BLD-ST-Floors	1	ran and found clashes
14:39:11.657	899.506	1A02WN		rows for the workbook	BLD-EL-Electrical Equipment-vs-BLD-DR-Pipes & Pipe Fittings	0	0 in the document
14:39:11.658	899.507	1A02WN		test passed	BLD-EL-Electrical Equipment-vs-BLD-DR-Pipes & Pipe Fittings	0	ran and found nothing
14:39:11.876	899.725	1A02WN		rows for the workbook	BLD-EL-Electrical Equipment-vs-BLD-DR-Plumbing Fixtures	0	0 in the document
14:39:11.877	899.726	1A02WN		test passed	BLD-EL-Electrical Equipment-vs-BLD-DR-Plumbing Fixtures	0	ran and found nothing
14:39:12.094	899.943	1A02WN		rows for the workbook	BLD-EL-Electrical Fixtures-vs-BLD-AR-Floors	0	0 in the document
14:39:12.095	899.944	1A02WN		test passed	BLD-EL-Electrical Fixtures-vs-BLD-AR-Floors	0	ran and found nothing
14:39:12.315	900.164	1A02WN		rows for the workbook	BLD-EL-Electrical Fixtures-vs-BLD-AR-Walls	0	0 in the document
14:39:12.316	900.165	1A02WN		test passed	BLD-EL-Electrical Fixtures-vs-BLD-AR-Walls	0	ran and found nothing
14:39:12.531	900.379	1A02WN		rows for the workbook	BLD-EL-Electrical Fixtures-vs-BLD-AR-Windows	0	0 in the document
14:39:12.532	900.380	1A02WN		test passed	BLD-EL-Electrical Fixtures-vs-BLD-AR-Windows	0	ran and found nothing
14:39:12.749	900.598	1A02WN		rows for the workbook	BLD-EL-Electrical Fixtures-vs-BLD-AR-Doors	0	0 in the document
14:39:12.750	900.599	1A02WN		test passed	BLD-EL-Electrical Fixtures-vs-BLD-AR-Doors	0	ran and found nothing
14:39:12.968	900.817	1A02WN		rows for the workbook	BLD-EL-Electrical Fixtures-vs-BLD-ST-Foundation	0	0 in the document
14:39:12.969	900.817	1A02WN		test passed	BLD-EL-Electrical Fixtures-vs-BLD-ST-Foundation	0	ran and found nothing
14:39:13.186	901.035	1A02WN		rows for the workbook	BLD-EL-Electrical Fixtures-vs-BLD-ST-Columns	0	0 in the document
14:39:13.187	901.036	1A02WN		test passed	BLD-EL-Electrical Fixtures-vs-BLD-ST-Columns	0	ran and found nothing
14:39:13.407	901.256	1A02WN		rows for the workbook	BLD-EL-Electrical Fixtures-vs-BLD-ST-Framing	0	0 in the document
14:39:13.409	901.257	1A02WN		test passed	BLD-EL-Electrical Fixtures-vs-BLD-ST-Framing	0	ran and found nothing
14:39:13.624	901.473	1A02WN		rows for the workbook	BLD-EL-Electrical Fixtures-vs-BLD-ST-Walls	0	0 in the document
14:39:13.625	901.474	1A02WN		test passed	BLD-EL-Electrical Fixtures-vs-BLD-ST-Walls	0	ran and found nothing
14:39:13.846	901.695	1A02WN		rows for the workbook	BLD-EL-Electrical Fixtures-vs-BLD-ST-Floors	0	0 in the document
14:39:13.847	901.695	1A02WN		test passed	BLD-EL-Electrical Fixtures-vs-BLD-ST-Floors	0	ran and found nothing
14:39:14.084	901.933	1A02WN		rows for the workbook	BLD-EL-Electrical Fixtures-vs-BLD-DR-Pipes & Pipe Fittings	0	0 in the document
14:39:14.084	901.934	1A02WN		test passed	BLD-EL-Electrical Fixtures-vs-BLD-DR-Pipes & Pipe Fittings	0	ran and found nothing
14:39:14.296	902.145	1A02WN		rows for the workbook	BLD-EL-Electrical Fixtures-vs-BLD-DR-Plumbing Fixtures	0	0 in the document
14:39:14.297	902.146	1A02WN		test passed	BLD-EL-Electrical Fixtures-vs-BLD-DR-Plumbing Fixtures	0	ran and found nothing
14:39:14.516	902.365	1A02WN		rows for the workbook	BLD-EL-Electrical Fixtures-vs-BLD-EL-Electrical Equipment	0	0 in the document
14:39:14.517	902.366	1A02WN		test passed	BLD-EL-Electrical Fixtures-vs-BLD-EL-Electrical Equipment	0	ran and found nothing
14:39:14.737	902.586	1A02WN		rows for the workbook	BLD-EL-Conduits & Conduit Fittings-vs-BLD-AR-Floors	0	0 in the document
14:39:14.738	902.587	1A02WN		test passed	BLD-EL-Conduits & Conduit Fittings-vs-BLD-AR-Floors	0	ran and found nothing
14:39:14.956	902.804	1A02WN		rows for the workbook	BLD-EL-Conduits & Conduit Fittings-vs-BLD-AR-Walls	0	0 in the document
14:39:14.957	902.805	1A02WN		test passed	BLD-EL-Conduits & Conduit Fittings-vs-BLD-AR-Walls	0	ran and found nothing
14:39:15.170	903.019	1A02WN		rows for the workbook	BLD-EL-Conduits & Conduit Fittings-vs-BLD-AR-Windows	0	0 in the document
14:39:15.172	903.020	1A02WN		test passed	BLD-EL-Conduits & Conduit Fittings-vs-BLD-AR-Windows	0	ran and found nothing
14:39:15.389	903.238	1A02WN		rows for the workbook	BLD-EL-Conduits & Conduit Fittings-vs-BLD-AR-Doors	0	0 in the document
14:39:15.390	903.239	1A02WN		test passed	BLD-EL-Conduits & Conduit Fittings-vs-BLD-AR-Doors	0	ran and found nothing
14:39:15.639	903.488	1A02WN		rows for the workbook	BLD-EL-Conduits & Conduit Fittings-vs-BLD-ST-Foundation	1	1 in the document
14:39:15.640	903.489	1A02WN		test found clashes	BLD-EL-Conduits & Conduit Fittings-vs-BLD-ST-Foundation	1	ran and found clashes
14:39:15.969	903.818	1A02WN		rows for the workbook	BLD-EL-Conduits & Conduit Fittings-vs-BLD-ST-Columns	3	3 in the document
14:39:15.970	903.819	1A02WN		test found clashes	BLD-EL-Conduits & Conduit Fittings-vs-BLD-ST-Columns	3	ran and found clashes
14:39:16.243	904.092	1A02WN		rows for the workbook	BLD-EL-Conduits & Conduit Fittings-vs-BLD-ST-Framing	2	2 in the document
14:39:16.244	904.093	1A02WN		test found clashes	BLD-EL-Conduits & Conduit Fittings-vs-BLD-ST-Framing	2	ran and found clashes
14:39:16.453	904.302	1A02WN		rows for the workbook	BLD-EL-Conduits & Conduit Fittings-vs-BLD-ST-Walls	0	0 in the document
14:39:16.454	904.302	1A02WN		test passed	BLD-EL-Conduits & Conduit Fittings-vs-BLD-ST-Walls	0	ran and found nothing
14:39:16.673	904.522	1A02WN		rows for the workbook	BLD-EL-Conduits & Conduit Fittings-vs-BLD-ST-Floors	0	0 in the document
14:39:16.674	904.522	1A02WN		test passed	BLD-EL-Conduits & Conduit Fittings-vs-BLD-ST-Floors	0	ran and found nothing
14:39:16.894	904.743	1A02WN		rows for the workbook	BLD-EL-Conduits & Conduit Fittings-vs-BLD-DR-Pipes & Pipe Fittings	0	0 in the document
14:39:16.895	904.744	1A02WN		test passed	BLD-EL-Conduits & Conduit Fittings-vs-BLD-DR-Pipes & Pipe Fittings	0	ran and found nothing
14:39:17.111	904.959	1A02WN		rows for the workbook	BLD-EL-Conduits & Conduit Fittings-vs-BLD-DR-Plumbing Fixtures	0	0 in the document
14:39:17.112	904.960	1A02WN		test passed	BLD-EL-Conduits & Conduit Fittings-vs-BLD-DR-Plumbing Fixtures	0	ran and found nothing
14:39:17.520	905.368	1A02WN		rows for the workbook	BLD-EL-Conduits & Conduit Fittings-vs-BLD-EL-Electrical Equipment	7	7 in the document
14:39:17.520	905.369	1A02WN		test found clashes	BLD-EL-Conduits & Conduit Fittings-vs-BLD-EL-Electrical Equipment	7	ran and found clashes
14:39:17.739	905.587	1A02WN		rows for the workbook	BLD-EL-Conduits & Conduit Fittings-vs-BLD-EL-Electrical Fixtures	0	0 in the document
14:39:17.739	905.588	1A02WN		test passed	BLD-EL-Conduits & Conduit Fittings-vs-BLD-EL-Electrical Fixtures	0	ran and found nothing
14:39:17.973	905.822	1A02WN		rows for the workbook	BLD-EL-Devices-vs-BLD-AR-Floors	0	0 in the document
14:39:17.973	905.823	1A02WN		test passed	BLD-EL-Devices-vs-BLD-AR-Floors	0	ran and found nothing
14:39:18.207	906.056	1A02WN		rows for the workbook	BLD-EL-Devices-vs-BLD-AR-Walls	0	0 in the document
14:39:18.208	906.057	1A02WN		test passed	BLD-EL-Devices-vs-BLD-AR-Walls	0	ran and found nothing
14:39:18.423	906.272	1A02WN		rows for the workbook	BLD-EL-Devices-vs-BLD-AR-Windows	0	0 in the document
14:39:18.424	906.272	1A02WN		test passed	BLD-EL-Devices-vs-BLD-AR-Windows	0	ran and found nothing
14:39:18.640	906.488	1A02WN		rows for the workbook	BLD-EL-Devices-vs-BLD-AR-Doors	0	0 in the document
14:39:18.641	906.489	1A02WN		test passed	BLD-EL-Devices-vs-BLD-AR-Doors	0	ran and found nothing
14:39:18.857	906.706	1A02WN		rows for the workbook	BLD-EL-Devices-vs-BLD-ST-Foundation	0	0 in the document
14:39:18.858	906.707	1A02WN		test passed	BLD-EL-Devices-vs-BLD-ST-Foundation	0	ran and found nothing
14:39:19.095	906.944	1A02WN		rows for the workbook	BLD-EL-Devices-vs-BLD-ST-Columns	0	0 in the document
14:39:19.095	906.944	1A02WN		test passed	BLD-EL-Devices-vs-BLD-ST-Columns	0	ran and found nothing
14:39:19.315	907.164	1A02WN		rows for the workbook	BLD-EL-Devices-vs-BLD-ST-Framing	0	0 in the document
14:39:19.316	907.165	1A02WN		test passed	BLD-EL-Devices-vs-BLD-ST-Framing	0	ran and found nothing
14:39:19.530	907.379	1A02WN		rows for the workbook	BLD-EL-Devices-vs-BLD-ST-Walls	0	0 in the document
14:39:19.531	907.380	1A02WN		test passed	BLD-EL-Devices-vs-BLD-ST-Walls	0	ran and found nothing
14:39:19.768	907.617	1A02WN		rows for the workbook	BLD-EL-Devices-vs-BLD-ST-Floors	0	0 in the document
14:39:19.769	907.618	1A02WN		test passed	BLD-EL-Devices-vs-BLD-ST-Floors	0	ran and found nothing
14:39:19.986	907.835	1A02WN		rows for the workbook	BLD-EL-Devices-vs-BLD-DR-Pipes & Pipe Fittings	0	0 in the document
14:39:19.987	907.836	1A02WN		test passed	BLD-EL-Devices-vs-BLD-DR-Pipes & Pipe Fittings	0	ran and found nothing
14:39:20.227	908.076	1A02WN		rows for the workbook	BLD-EL-Devices-vs-BLD-DR-Plumbing Fixtures	0	0 in the document
14:39:20.229	908.077	1A02WN		test passed	BLD-EL-Devices-vs-BLD-DR-Plumbing Fixtures	0	ran and found nothing
14:39:20.439	908.288	1A02WN		rows for the workbook	BLD-EL-Devices-vs-BLD-EL-Electrical Equipment	0	0 in the document
14:39:20.440	908.289	1A02WN		test passed	BLD-EL-Devices-vs-BLD-EL-Electrical Equipment	0	ran and found nothing
14:39:20.657	908.506	1A02WN		rows for the workbook	BLD-EL-Devices-vs-BLD-EL-Electrical Fixtures	0	0 in the document
14:39:20.658	908.507	1A02WN		test passed	BLD-EL-Devices-vs-BLD-EL-Electrical Fixtures	0	ran and found nothing
14:39:20.877	908.726	1A02WN		rows for the workbook	BLD-EL-Devices-vs-BLD-EL-Conduits & Conduit Fittings	0	0 in the document
14:39:20.878	908.727	1A02WN		test passed	BLD-EL-Devices-vs-BLD-EL-Conduits & Conduit Fittings	0	ran and found nothing
14:39:21.098	908.947	1A02WN		rows for the workbook	BLD-EL-Lighting Fixtures-vs-BLD-AR-Floors	0	0 in the document
14:39:21.099	908.948	1A02WN		test passed	BLD-EL-Lighting Fixtures-vs-BLD-AR-Floors	0	ran and found nothing
14:39:21.438	909.287	1A02WN		rows for the workbook	BLD-EL-Lighting Fixtures-vs-BLD-AR-Walls	3	3 in the document
14:39:21.439	909.288	1A02WN		test found clashes	BLD-EL-Lighting Fixtures-vs-BLD-AR-Walls	3	ran and found clashes
14:39:21.684	909.533	1A02WN		rows for the workbook	BLD-EL-Lighting Fixtures-vs-BLD-AR-Windows	0	0 in the document
14:39:21.684	909.534	1A02WN		test passed	BLD-EL-Lighting Fixtures-vs-BLD-AR-Windows	0	ran and found nothing
14:39:21.912	909.760	1A02WN		rows for the workbook	BLD-EL-Lighting Fixtures-vs-BLD-AR-Doors	0	0 in the document
14:39:21.913	909.761	1A02WN		test passed	BLD-EL-Lighting Fixtures-vs-BLD-AR-Doors	0	ran and found nothing
14:39:22.133	909.981	1A02WN		rows for the workbook	BLD-EL-Lighting Fixtures-vs-BLD-ST-Foundation	0	0 in the document
14:39:22.134	909.982	1A02WN		test passed	BLD-EL-Lighting Fixtures-vs-BLD-ST-Foundation	0	ran and found nothing
14:39:22.370	910.219	1A02WN		rows for the workbook	BLD-EL-Lighting Fixtures-vs-BLD-ST-Columns	0	0 in the document
14:39:22.371	910.220	1A02WN		test passed	BLD-EL-Lighting Fixtures-vs-BLD-ST-Columns	0	ran and found nothing
14:39:22.646	910.496	1A02WN		rows for the workbook	BLD-EL-Lighting Fixtures-vs-BLD-ST-Framing	1	1 in the document
14:39:22.647	910.497	1A02WN		test found clashes	BLD-EL-Lighting Fixtures-vs-BLD-ST-Framing	1	ran and found clashes
14:39:22.869	910.718	1A02WN		rows for the workbook	BLD-EL-Lighting Fixtures-vs-BLD-ST-Walls	0	0 in the document
14:39:22.870	910.719	1A02WN		test passed	BLD-EL-Lighting Fixtures-vs-BLD-ST-Walls	0	ran and found nothing
14:39:23.179	911.028	1A02WN		rows for the workbook	BLD-EL-Lighting Fixtures-vs-BLD-ST-Floors	2	2 in the document
14:39:23.180	911.029	1A02WN		test found clashes	BLD-EL-Lighting Fixtures-vs-BLD-ST-Floors	2	ran and found clashes
14:39:23.412	911.261	1A02WN		rows for the workbook	BLD-EL-Lighting Fixtures-vs-BLD-DR-Pipes & Pipe Fittings	0	0 in the document
14:39:23.413	911.261	1A02WN		test passed	BLD-EL-Lighting Fixtures-vs-BLD-DR-Pipes & Pipe Fittings	0	ran and found nothing
14:39:23.656	911.504	1A02WN		rows for the workbook	BLD-EL-Lighting Fixtures-vs-BLD-DR-Plumbing Fixtures	0	0 in the document
14:39:23.656	911.505	1A02WN		test passed	BLD-EL-Lighting Fixtures-vs-BLD-DR-Plumbing Fixtures	0	ran and found nothing
14:39:23.875	911.724	1A02WN		rows for the workbook	BLD-EL-Lighting Fixtures-vs-BLD-EL-Electrical Equipment	0	0 in the document
14:39:23.877	911.725	1A02WN		test passed	BLD-EL-Lighting Fixtures-vs-BLD-EL-Electrical Equipment	0	ran and found nothing
14:39:24.096	911.945	1A02WN		rows for the workbook	BLD-EL-Lighting Fixtures-vs-BLD-EL-Electrical Fixtures	0	0 in the document
14:39:24.097	911.946	1A02WN		test passed	BLD-EL-Lighting Fixtures-vs-BLD-EL-Electrical Fixtures	0	ran and found nothing
14:39:24.312	912.160	1A02WN		rows for the workbook	BLD-EL-Lighting Fixtures-vs-BLD-EL-Conduits & Conduit Fittings	0	0 in the document
14:39:24.313	912.161	1A02WN		test passed	BLD-EL-Lighting Fixtures-vs-BLD-EL-Conduits & Conduit Fittings	0	ran and found nothing
14:39:24.530	912.379	1A02WN		rows for the workbook	BLD-EL-Lighting Fixtures-vs-BLD-EL-Devices	0	0 in the document
14:39:24.531	912.379	1A02WN		test passed	BLD-EL-Lighting Fixtures-vs-BLD-EL-Devices	0	ran and found nothing
14:39:24.800	912.649	1A02WN		rows for the workbook	BLD-EL-Lighting Devices-vs-BLD-AR-Floors	0	0 in the document
14:39:24.801	912.649	1A02WN		test passed	BLD-EL-Lighting Devices-vs-BLD-AR-Floors	0	ran and found nothing
14:39:25.019	912.868	1A02WN		rows for the workbook	BLD-EL-Lighting Devices-vs-BLD-AR-Walls	0	0 in the document
14:39:25.020	912.869	1A02WN		test passed	BLD-EL-Lighting Devices-vs-BLD-AR-Walls	0	ran and found nothing
14:39:25.236	913.085	1A02WN		rows for the workbook	BLD-EL-Lighting Devices-vs-BLD-AR-Windows	0	0 in the document
14:39:25.238	913.086	1A02WN		test passed	BLD-EL-Lighting Devices-vs-BLD-AR-Windows	0	ran and found nothing
14:39:25.455	913.304	1A02WN		rows for the workbook	BLD-EL-Lighting Devices-vs-BLD-AR-Doors	0	0 in the document
14:39:25.456	913.305	1A02WN		test passed	BLD-EL-Lighting Devices-vs-BLD-AR-Doors	0	ran and found nothing
14:39:25.676	913.525	1A02WN		rows for the workbook	BLD-EL-Lighting Devices-vs-BLD-ST-Foundation	0	0 in the document
14:39:25.677	913.526	1A02WN		test passed	BLD-EL-Lighting Devices-vs-BLD-ST-Foundation	0	ran and found nothing
14:39:25.893	913.742	1A02WN		rows for the workbook	BLD-EL-Lighting Devices-vs-BLD-ST-Columns	0	0 in the document
14:39:25.894	913.743	1A02WN		test passed	BLD-EL-Lighting Devices-vs-BLD-ST-Columns	0	ran and found nothing
14:39:26.114	913.963	1A02WN		rows for the workbook	BLD-EL-Lighting Devices-vs-BLD-ST-Framing	0	0 in the document
14:39:26.114	913.964	1A02WN		test passed	BLD-EL-Lighting Devices-vs-BLD-ST-Framing	0	ran and found nothing
14:39:26.329	914.178	1A02WN		rows for the workbook	BLD-EL-Lighting Devices-vs-BLD-ST-Walls	0	0 in the document
14:39:26.330	914.179	1A02WN		test passed	BLD-EL-Lighting Devices-vs-BLD-ST-Walls	0	ran and found nothing
14:39:26.546	914.395	1A02WN		rows for the workbook	BLD-EL-Lighting Devices-vs-BLD-ST-Floors	0	0 in the document
14:39:26.548	914.396	1A02WN		test passed	BLD-EL-Lighting Devices-vs-BLD-ST-Floors	0	ran and found nothing
14:39:26.769	914.618	1A02WN		rows for the workbook	BLD-EL-Lighting Devices-vs-BLD-DR-Pipes & Pipe Fittings	0	0 in the document
14:39:26.770	914.619	1A02WN		test passed	BLD-EL-Lighting Devices-vs-BLD-DR-Pipes & Pipe Fittings	0	ran and found nothing
14:39:26.987	914.836	1A02WN		rows for the workbook	BLD-EL-Lighting Devices-vs-BLD-DR-Plumbing Fixtures	0	0 in the document
14:39:26.988	914.837	1A02WN		test passed	BLD-EL-Lighting Devices-vs-BLD-DR-Plumbing Fixtures	0	ran and found nothing
14:39:27.202	915.051	1A02WN		rows for the workbook	BLD-EL-Lighting Devices-vs-BLD-EL-Electrical Equipment	0	0 in the document
14:39:27.202	915.052	1A02WN		test passed	BLD-EL-Lighting Devices-vs-BLD-EL-Electrical Equipment	0	ran and found nothing
14:39:27.435	915.284	1A02WN		rows for the workbook	BLD-EL-Lighting Devices-vs-BLD-EL-Electrical Fixtures	0	0 in the document
14:39:27.436	915.285	1A02WN		test passed	BLD-EL-Lighting Devices-vs-BLD-EL-Electrical Fixtures	0	ran and found nothing
14:39:27.659	915.508	1A02WN		rows for the workbook	BLD-EL-Lighting Devices-vs-BLD-EL-Conduits & Conduit Fittings	0	0 in the document
14:39:27.660	915.508	1A02WN		test passed	BLD-EL-Lighting Devices-vs-BLD-EL-Conduits & Conduit Fittings	0	ran and found nothing
14:39:27.873	915.721	1A02WN		rows for the workbook	BLD-EL-Lighting Devices-vs-BLD-EL-Devices	0	0 in the document
14:39:27.874	915.722	1A02WN		test passed	BLD-EL-Lighting Devices-vs-BLD-EL-Devices	0	ran and found nothing
14:39:28.128	915.977	1A02WN		rows for the workbook	BLD-EL-Lighting Devices-vs-BLD-EL-Lighting Fixtures	0	0 in the document
14:39:28.129	915.978	1A02WN		test passed	BLD-EL-Lighting Devices-vs-BLD-EL-Lighting Fixtures	0	ran and found nothing
14:39:28.342	916.190	1A02WN		rows for the workbook	BLD-EL-Fire Alarm Devices-vs-BLD-AR-Floors	0	0 in the document
14:39:28.343	916.191	1A02WN		test passed	BLD-EL-Fire Alarm Devices-vs-BLD-AR-Floors	0	ran and found nothing
14:39:28.562	916.410	1A02WN		rows for the workbook	BLD-EL-Fire Alarm Devices-vs-BLD-AR-Walls	0	0 in the document
14:39:28.563	916.411	1A02WN		test passed	BLD-EL-Fire Alarm Devices-vs-BLD-AR-Walls	0	ran and found nothing
14:39:28.782	916.631	1A02WN		rows for the workbook	BLD-EL-Fire Alarm Devices-vs-BLD-AR-Windows	0	0 in the document
14:39:28.783	916.632	1A02WN		test passed	BLD-EL-Fire Alarm Devices-vs-BLD-AR-Windows	0	ran and found nothing
14:39:29.000	916.849	1A02WN		rows for the workbook	BLD-EL-Fire Alarm Devices-vs-BLD-AR-Doors	0	0 in the document
14:39:29.001	916.850	1A02WN		test passed	BLD-EL-Fire Alarm Devices-vs-BLD-AR-Doors	0	ran and found nothing
14:39:29.237	917.085	1A02WN		rows for the workbook	BLD-EL-Fire Alarm Devices-vs-BLD-ST-Foundation	0	0 in the document
14:39:29.237	917.086	1A02WN		test passed	BLD-EL-Fire Alarm Devices-vs-BLD-ST-Foundation	0	ran and found nothing
14:39:29.451	917.300	1A02WN		rows for the workbook	BLD-EL-Fire Alarm Devices-vs-BLD-ST-Columns	0	0 in the document
14:39:29.452	917.300	1A02WN		test passed	BLD-EL-Fire Alarm Devices-vs-BLD-ST-Columns	0	ran and found nothing
14:39:29.671	917.519	1A02WN		rows for the workbook	BLD-EL-Fire Alarm Devices-vs-BLD-ST-Framing	0	0 in the document
14:39:29.672	917.520	1A02WN		test passed	BLD-EL-Fire Alarm Devices-vs-BLD-ST-Framing	0	ran and found nothing
14:39:29.893	917.742	1A02WN		rows for the workbook	BLD-EL-Fire Alarm Devices-vs-BLD-ST-Walls	0	0 in the document
14:39:29.895	917.743	1A02WN		test passed	BLD-EL-Fire Alarm Devices-vs-BLD-ST-Walls	0	ran and found nothing
14:39:30.112	917.961	1A02WN		rows for the workbook	BLD-EL-Fire Alarm Devices-vs-BLD-ST-Floors	0	0 in the document
14:39:30.113	917.961	1A02WN		test passed	BLD-EL-Fire Alarm Devices-vs-BLD-ST-Floors	0	ran and found nothing
14:39:30.346	918.195	1A02WN		rows for the workbook	BLD-EL-Fire Alarm Devices-vs-BLD-DR-Pipes & Pipe Fittings	0	0 in the document
14:39:30.347	918.196	1A02WN		test passed	BLD-EL-Fire Alarm Devices-vs-BLD-DR-Pipes & Pipe Fittings	0	ran and found nothing
14:39:30.592	918.441	1A02WN		rows for the workbook	BLD-EL-Fire Alarm Devices-vs-BLD-DR-Plumbing Fixtures	0	0 in the document
14:39:30.593	918.442	1A02WN		test passed	BLD-EL-Fire Alarm Devices-vs-BLD-DR-Plumbing Fixtures	0	ran and found nothing
14:39:30.849	918.698	1A02WN		rows for the workbook	BLD-EL-Fire Alarm Devices-vs-BLD-EL-Electrical Equipment	0	0 in the document
14:39:30.850	918.699	1A02WN		test passed	BLD-EL-Fire Alarm Devices-vs-BLD-EL-Electrical Equipment	0	ran and found nothing
14:39:31.091	918.939	1A02WN		rows for the workbook	BLD-EL-Fire Alarm Devices-vs-BLD-EL-Electrical Fixtures	0	0 in the document
14:39:31.091	918.940	1A02WN		test passed	BLD-EL-Fire Alarm Devices-vs-BLD-EL-Electrical Fixtures	0	ran and found nothing
14:39:31.328	919.177	1A02WN		rows for the workbook	BLD-EL-Fire Alarm Devices-vs-BLD-EL-Conduits & Conduit Fittings	0	0 in the document
14:39:31.329	919.178	1A02WN		test passed	BLD-EL-Fire Alarm Devices-vs-BLD-EL-Conduits & Conduit Fittings	0	ran and found nothing
14:39:31.560	919.409	1A02WN		rows for the workbook	BLD-EL-Fire Alarm Devices-vs-BLD-EL-Devices	0	0 in the document
14:39:31.561	919.410	1A02WN		test passed	BLD-EL-Fire Alarm Devices-vs-BLD-EL-Devices	0	ran and found nothing
14:39:31.797	919.646	1A02WN		rows for the workbook	BLD-EL-Fire Alarm Devices-vs-BLD-EL-Lighting Fixtures	0	0 in the document
14:39:31.798	919.647	1A02WN		test passed	BLD-EL-Fire Alarm Devices-vs-BLD-EL-Lighting Fixtures	0	ran and found nothing
14:39:32.017	919.866	1A02WN		rows for the workbook	BLD-EL-Fire Alarm Devices-vs-BLD-EL-Lighting Devices	0	0 in the document
14:39:32.018	919.867	1A02WN		test passed	BLD-EL-Fire Alarm Devices-vs-BLD-EL-Lighting Devices	0	ran and found nothing
14:39:32.317	920.166	1A02WN		rows for the workbook	BLD-Security Devices-vs-BLD-AR-Floors	0	0 in the document
14:39:32.318	920.167	1A02WN		test passed	BLD-Security Devices-vs-BLD-AR-Floors	0	ran and found nothing
14:39:32.531	920.380	1A02WN		rows for the workbook	BLD-Security Devices-vs-BLD-AR-Walls	0	0 in the document
14:39:32.532	920.381	1A02WN		test passed	BLD-Security Devices-vs-BLD-AR-Walls	0	ran and found nothing
14:39:32.758	920.607	1A02WN		rows for the workbook	BLD-Security Devices-vs-BLD-AR-Windows	0	0 in the document
14:39:32.759	920.608	1A02WN		test passed	BLD-Security Devices-vs-BLD-AR-Windows	0	ran and found nothing
14:39:32.972	920.821	1A02WN		rows for the workbook	BLD-Security Devices-vs-BLD-AR-Doors	0	0 in the document
14:39:32.973	920.822	1A02WN		test passed	BLD-Security Devices-vs-BLD-AR-Doors	0	ran and found nothing
14:39:33.207	921.056	1A02WN		rows for the workbook	BLD-Security Devices-vs-BLD-ST-Foundation	0	0 in the document
14:39:33.208	921.056	1A02WN		test passed	BLD-Security Devices-vs-BLD-ST-Foundation	0	ran and found nothing
14:39:33.429	921.278	1A02WN		rows for the workbook	BLD-Security Devices-vs-BLD-ST-Columns	0	0 in the document
14:39:33.429	921.279	1A02WN		test passed	BLD-Security Devices-vs-BLD-ST-Columns	0	ran and found nothing
14:39:33.646	921.495	1A02WN		rows for the workbook	BLD-Security Devices-vs-BLD-ST-Framing	0	0 in the document
14:39:33.647	921.496	1A02WN		test passed	BLD-Security Devices-vs-BLD-ST-Framing	0	ran and found nothing
14:39:33.880	921.729	1A02WN		rows for the workbook	BLD-Security Devices-vs-BLD-ST-Walls	0	0 in the document
14:39:33.881	921.730	1A02WN		test passed	BLD-Security Devices-vs-BLD-ST-Walls	0	ran and found nothing
14:39:34.138	921.987	1A02WN		rows for the workbook	BLD-Security Devices-vs-BLD-ST-Floors	1	1 in the document
14:39:34.139	921.988	1A02WN		test found clashes	BLD-Security Devices-vs-BLD-ST-Floors	1	ran and found clashes
14:39:34.373	922.222	1A02WN		rows for the workbook	BLD-Security Devices-vs-BLD-DR-Pipes & Pipe Fittings	0	0 in the document
14:39:34.374	922.223	1A02WN		test passed	BLD-Security Devices-vs-BLD-DR-Pipes & Pipe Fittings	0	ran and found nothing
14:39:34.594	922.443	1A02WN		rows for the workbook	BLD-Security Devices-vs-BLD-DR-Plumbing Fixtures	0	0 in the document
14:39:34.595	922.443	1A02WN		test passed	BLD-Security Devices-vs-BLD-DR-Plumbing Fixtures	0	ran and found nothing
14:39:34.797	922.645	1A02WN		rows for the workbook	BLD-Security Devices-vs-BLD-EL-Electrical Equipment	0	0 in the document
14:39:34.797	922.646	1A02WN		test passed	BLD-Security Devices-vs-BLD-EL-Electrical Equipment	0	ran and found nothing
14:39:35.000	922.849	1A02WN		rows for the workbook	BLD-Security Devices-vs-BLD-EL-Electrical Fixtures	0	0 in the document
14:39:35.001	922.850	1A02WN		test passed	BLD-Security Devices-vs-BLD-EL-Electrical Fixtures	0	ran and found nothing
14:39:35.202	923.051	1A02WN		rows for the workbook	BLD-Security Devices-vs-BLD-EL-Conduits & Conduit Fittings	0	0 in the document
14:39:35.203	923.052	1A02WN		test passed	BLD-Security Devices-vs-BLD-EL-Conduits & Conduit Fittings	0	ran and found nothing
14:39:35.435	923.284	1A02WN		rows for the workbook	BLD-Security Devices-vs-BLD-EL-Devices	0	0 in the document
14:39:35.436	923.285	1A02WN		test passed	BLD-Security Devices-vs-BLD-EL-Devices	0	ran and found nothing
14:39:35.702	923.551	1A02WN		rows for the workbook	BLD-Security Devices-vs-BLD-EL-Lighting Fixtures	1	1 in the document
14:39:35.703	923.552	1A02WN		test found clashes	BLD-Security Devices-vs-BLD-EL-Lighting Fixtures	1	ran and found clashes
14:39:35.921	923.770	1A02WN		rows for the workbook	BLD-Security Devices-vs-BLD-EL-Lighting Devices	0	0 in the document
14:39:35.922	923.771	1A02WN		test passed	BLD-Security Devices-vs-BLD-EL-Lighting Devices	0	ran and found nothing
14:39:36.124	923.972	1A02WN		rows for the workbook	BLD-Security Devices-vs-BLD-EL-Fire Alarm Devices	0	0 in the document
14:39:36.125	923.973	1A02WN		test passed	BLD-Security Devices-vs-BLD-EL-Fire Alarm Devices	0	ran and found nothing
14:39:37.706	925.555	1A02WN	VIEWS	step started	VIEWS	0	
14:39:37.722	925.571	1A02WN	VIEWS	census before	models	4	
14:39:37.723	925.572	1A02WN	VIEWS	census before	sets	62	
14:39:37.724	925.573	1A02WN	VIEWS	census before	tests	1830	
14:39:37.724	925.573	1A02WN	VIEWS	census before	results	77	
14:39:37.725	925.574	1A02WN	VIEWS	census before	views	102	
14:39:38.715	926.564	1A02WN		census after	models	4	
14:39:38.716	926.565	1A02WN		census after	sets	62	
14:39:38.717	926.566	1A02WN		census after	tests	1830	
14:39:38.717	926.566	1A02WN		census after	results	77	
14:39:38.718	926.567	1A02WN		census after	views	103	
14:39:38.730	926.578	1A02WN		step finished	VIEWS	1.005	1 created, 72 already there.
14:39:38.995	926.844	1A02WN	NWF SAVE	step started	NWF SAVE	0	
14:39:39.012	926.861	1A02WN	NWF SAVE	census before	models	4	
14:39:39.013	926.862	1A02WN	NWF SAVE	census before	sets	62	
14:39:39.014	926.863	1A02WN	NWF SAVE	census before	tests	1830	
14:39:39.014	926.864	1A02WN	NWF SAVE	census before	results	77	
14:39:39.015	926.864	1A02WN	NWF SAVE	census before	views	103	
14:39:39.235	927.084	1A02WN	NWF SAVE	written	NWF	913096	C:\\00-NM\\Federation Task\\C02 + 04\\C02\\NWF\\1104-PAR-1A02WN-ZZZ-BM-MOD-000001.nwf
14:39:39.250	927.099	1A02WN		census after	models	4	
14:39:39.251	927.100	1A02WN		census after	sets	62	
14:39:39.252	927.101	1A02WN		census after	tests	1830	
14:39:39.253	927.102	1A02WN		census after	results	77	
14:39:39.253	927.102	1A02WN		census after	views	103	
14:39:39.264	927.113	1A02WN		step finished	NWF SAVE	0.25	saved 913096 bytes
14:39:39.289	927.138	1A02WN	WORKBOOK	step started	WORKBOOK	0	
14:39:39.303	927.152	1A02WN	WORKBOOK	census before	models	4	
14:39:39.304	927.153	1A02WN	WORKBOOK	census before	sets	62	
14:39:39.305	927.154	1A02WN	WORKBOOK	census before	tests	1830	
14:39:39.306	927.154	1A02WN	WORKBOOK	census before	results	77	
14:39:39.306	927.155	1A02WN	WORKBOOK	census before	views	103	
14:39:44.780	932.629	1A02WN	WORKBOOK	written	XLSX	486813	C:\\00-NM\\Federation Task\\C02 + 04\\C02\\Clash Report\\1104-PAR-1A02WN-ZZZ-BM-MOD-000001.xlsx
14:39:45.372	933.220	1A02WN		census after	models	4	
14:39:45.372	933.221	1A02WN		census after	sets	62	
14:39:45.373	933.222	1A02WN		census after	tests	1830	
14:39:45.374	933.222	1A02WN		census after	results	77	
14:39:45.375	933.223	1A02WN		census after	views	103	
14:39:45.384	933.233	1A02WN		step finished	WORKBOOK	6.078	wrote 486813 bytes
14:39:45.395	933.244	1A02WN	HTML	step started	HTML	0	
14:39:45.420	933.269	1A02WN	HTML	census before	models	4	
14:39:45.421	933.270	1A02WN	HTML	census before	sets	62	
14:39:45.422	933.270	1A02WN	HTML	census before	tests	1830	
14:39:45.422	933.271	1A02WN	HTML	census before	results	77	
14:39:45.423	933.272	1A02WN	HTML	census before	views	103	
14:39:45.592	933.441	1A02WN	HTML	written	HTML	3938325	C:\\00-NM\\Federation Task\\C02 + 04\\C02\\Clash Report\\1104-PAR-1A02WN-ZZZ-BM-MOD-000001.html
14:39:45.873	933.722	1A02WN		census after	models	4	
14:39:45.874	933.723	1A02WN		census after	sets	62	
14:39:45.875	933.723	1A02WN		census after	tests	1830	
14:39:45.875	933.724	1A02WN		census after	results	77	
14:39:45.876	933.725	1A02WN		census after	views	103	
14:39:45.889	933.737	1A02WN		step finished	HTML	0.461	wrote 3938325 bytes
14:39:45.910	933.758	1A02WN	NWD	step started	NWD	0	
14:39:45.923	933.772	1A02WN	NWD	census before	models	4	
14:39:45.925	933.773	1A02WN	NWD	census before	sets	62	
14:39:45.925	933.774	1A02WN	NWD	census before	tests	1830	
14:39:45.926	933.775	1A02WN	NWD	census before	results	77	
14:39:45.927	933.775	1A02WN	NWD	census before	views	103	
14:39:46.208	934.057	1A02WN	NWD	written	NWD	1707112	C:\\00-NM\\Federation Task\\C02 + 04\\C02\\NWD\\1104-PAR-1A02WN-ZZZ-BM-MOD-000001.nwd
14:39:46.224	934.072	1A02WN		census after	models	4	
14:39:46.225	934.073	1A02WN		census after	sets	62	
14:39:46.226	934.074	1A02WN		census after	tests	1830	
14:39:46.226	934.075	1A02WN		census after	results	77	
14:39:46.227	934.076	1A02WN		census after	views	103	
14:39:46.281	934.130	1A02WN		step finished	NWD	0.31	published 1707112 bytes
14:39:46.291	934.140	1A02WN	CONFIRM	step started	CONFIRM	0	
14:39:46.305	934.155	1A02WN	CONFIRM	census before	models	4	
14:39:46.306	934.155	1A02WN	CONFIRM	census before	sets	62	
14:39:46.308	934.156	1A02WN	CONFIRM	census before	tests	1830	
14:39:46.308	934.157	1A02WN	CONFIRM	census before	results	77	
14:39:46.309	934.158	1A02WN	CONFIRM	census before	views	103	
14:39:46.373	934.222	1A02WN		census after	models	4	
14:39:46.374	934.223	1A02WN		census after	sets	62	
14:39:46.374	934.224	1A02WN		census after	tests	1830	
14:39:46.375	934.224	1A02WN		census after	results	77	
14:39:46.375	934.225	1A02WN		census after	views	103	
14:39:46.389	934.238	1A02WN		step finished	CONFIRM	0.061	the NWF is 913096 bytes
14:39:46.488	934.337	1A02WN		gap	Family	154	it would belong in a workbook column of ours, which is Q25
14:39:46.489	934.338	1A02WN		gap	Type Name	154	it would belong in a workbook column of ours, which is Q25
14:39:46.489	934.338	1A02WN		gap	Material	131	it would belong in a workbook column of ours, which is Q25
14:39:46.490	934.339	1A02WN		gap	Id From	154	the ITEM IDS block counts it per property and no output names it per item
14:39:46.526	934.375	1A02WN		step total	TESTS RUN	29.942	
14:39:46.526	934.375	1A02WN		step total	HARVEST	5.129	
14:39:46.527	934.376	1A02WN		step total	IMAGES	1.759	
14:39:46.548	934.396			group finished	1A02WN	54.978	DONE Weekly run plus XML
14:39:46.780	934.629			timing	TESTS RUN	29.942	171 visits
14:39:46.780	934.630			timing	WORKBOOK	6.078	1 visits
14:39:46.781	934.630			timing	HARVEST	5.129	171 visits
14:39:46.781	934.631			timing	VIEWS	1.005	1 visits
14:39:46.783	934.632			timing	DECIDE	0.888	1 visits
14:39:46.784	934.633			timing	SETS	0.847	1 visits
14:39:46.784	934.633			timing	HTML	0.461	1 visits
14:39:46.785	934.634			timing	NWD	0.31	1 visits
14:39:46.785	934.635			timing	NWF SAVE	0.25	1 visits
14:39:46.786	934.635			timing	UNITS	0.068	1 visits
14:39:46.787	934.636			timing	CONFIRM	0.061	1 visits
14:39:46.787	934.636			timing nested	IMAGES	1.759	77 visits
14:39:46.912	934.761	1A02WO	DECIDE	step started	DECIDE	0	
14:39:46.922	934.771	1A02WO	DECIDE	census before	models	0	
14:39:46.923	934.772	1A02WO	DECIDE	census before	sets	0	
14:39:46.923	934.773	1A02WO	DECIDE	census before	tests	0	
14:39:46.924	934.773	1A02WO	DECIDE	census before	results	0	
14:39:46.925	934.774	1A02WO	DECIDE	census before	views	0	
14:39:47.972	935.820	1A02WO		census after	models	4	
14:39:47.974	935.823	1A02WO		census after	sets	62	
14:39:47.975	935.823	1A02WO		census after	tests	1830	
14:39:47.975	935.824	1A02WO		census after	results	69	
14:39:47.976	935.825	1A02WO		census after	views	93	
14:39:47.987	935.837	1A02WO		step finished	DECIDE	1.048	Weekly run plus XML
14:39:48.031	935.879	1A02WO	UNITS	step started	UNITS	0	
14:39:48.062	935.911	1A02WO	UNITS	census before	models	4	
14:39:48.063	935.912	1A02WO	UNITS	census before	sets	62	
14:39:48.063	935.913	1A02WO	UNITS	census before	tests	1830	
14:39:48.064	935.913	1A02WO	UNITS	census before	results	69	
14:39:48.065	935.914	1A02WO	UNITS	census before	views	93	
14:39:48.123	935.971	1A02WO		census after	models	4	
14:39:48.124	935.972	1A02WO		census after	sets	62	
14:39:48.124	935.973	1A02WO		census after	tests	1830	
14:39:48.125	935.973	1A02WO		census after	results	69	
14:39:48.125	935.974	1A02WO		census after	views	93	
14:39:48.154	936.003	1A02WO		step finished	UNITS	0.084	the document was asked for Meters
14:39:48.318	936.167	1A02WO		model placement	1104-PAR-1A02WO-ZZZ-AR-MOD-000001.nwc	-200	IRPS-SharedCoordinate
14:39:48.318	936.168	1A02WO		model placement	1104-PAR-1A02WO-ZZZ-EL-MOD-000001.nwc	-200	BUL_0004_SharedCoordiante
14:39:48.319	936.169	1A02WO		model placement	1104-PAR-1A02WO-ZZZ-ME-MOD-000001.nwc	-200	PW2_Shared_Location
14:39:48.320	936.169	1A02WO		model placement	1104-PAR-1A02WO-ZZZ-ST-MOD-000001.nwc	-50	ST_PW2_GUARD HOUSE
14:39:48.460	936.309	1A02WO		model export	1104-PAR-1A02WO-ZZZ-AR-MOD-000001.nwc	56	3 workset(s), element id 100%
14:39:48.461	936.310	1A02WO		model export	1104-PAR-1A02WO-ZZZ-EL-MOD-000001.nwc	28	6 workset(s), element id 100%
14:39:48.462	936.311	1A02WO		model export	1104-PAR-1A02WO-ZZZ-ME-MOD-000001.nwc	311	6 workset(s), element id 100%
14:39:48.462	936.312	1A02WO		model export	1104-PAR-1A02WO-ZZZ-ST-MOD-000001.nwc	23	2 workset(s), element id 100%
14:39:48.488	936.336	1A02WO	SETS	step started	SETS	0	
14:39:48.502	936.351	1A02WO	SETS	census before	models	4	
14:39:48.503	936.352	1A02WO	SETS	census before	sets	62	
14:39:48.504	936.353	1A02WO	SETS	census before	tests	1830	
14:39:48.505	936.353	1A02WO	SETS	census before	results	69	
14:39:48.505	936.354	1A02WO	SETS	census before	views	93	
14:39:49.439	937.288	1A02WO		census after	models	4	
14:39:49.440	937.289	1A02WO		census after	sets	62	
14:39:49.441	937.289	1A02WO		census after	tests	1830	
14:39:49.441	937.290	1A02WO		census after	results	69	
14:39:49.442	937.290	1A02WO		census after	views	93	
14:39:49.453	937.301	1A02WO		step finished	SETS	0.94	0 created, 61 already there, 0 finding items, 0 at zero.
14:39:49.666	937.514	1A02WO	TESTS RUN	step started	TESTS RUN	0	
14:39:49.680	937.529	1A02WO	TESTS RUN	census before	models	4	
14:39:49.681	937.529	1A02WO	TESTS RUN	census before	sets	62	
14:39:49.681	937.530	1A02WO	TESTS RUN	census before	tests	1830	
14:39:49.682	937.531	1A02WO	TESTS RUN	census before	results	69	
14:39:49.683	937.531	1A02WO	TESTS RUN	census before	views	93	
14:39:49.874	937.723	1A02WO		census after	models	4	
14:39:49.875	937.724	1A02WO		census after	sets	62	
14:39:49.876	937.724	1A02WO		census after	tests	1830	
14:39:49.877	937.725	1A02WO		census after	results	69	
14:39:49.877	937.726	1A02WO		census after	views	93	
14:39:49.889	937.738	1A02WO		step finished	TESTS RUN	0.202	BLD-AR-Walls-vs-BLD-AR-Floors
14:39:49.984	937.833	1A02WO	HARVEST	step started	HARVEST	0	
14:39:50.008	937.857	1A02WO	HARVEST	census before	models	4	
14:39:50.009	937.858	1A02WO	HARVEST	census before	sets	62	
14:39:50.010	937.859	1A02WO	HARVEST	census before	tests	1830	
14:39:50.010	937.860	1A02WO	HARVEST	census before	results	69	
14:39:50.011	937.860	1A02WO	HARVEST	census before	views	93	
14:39:50.060	937.909	1A02WO	IMAGES	step started	IMAGES	0	
14:39:50.079	937.927	1A02WO	IMAGES	census before	models	4	
14:39:50.084	937.932	1A02WO	IMAGES	census before	sets	62	
14:39:50.084	937.933	1A02WO	IMAGES	census before	tests	1830	
14:39:50.085	937.934	1A02WO	IMAGES	census before	results	69	
14:39:50.086	937.935	1A02WO	IMAGES	census before	views	93	
14:39:50.150	937.998	1A02WO	HARVEST	census after	models	4	
14:39:50.151	938.000	1A02WO	HARVEST	census after	sets	62	
14:39:50.152	938.001	1A02WO	HARVEST	census after	tests	1830	
14:39:50.153	938.002	1A02WO	HARVEST	census after	results	69	
14:39:50.154	938.002	1A02WO	HARVEST	census after	views	93	
14:39:50.166	938.015	1A02WO	HARVEST	step finished	IMAGES	0.061	BLD-AR-Walls-vs-BLD-AR-Floors
14:39:50.362	938.211	1A02WO		census after	models	4	
14:39:50.363	938.212	1A02WO		census after	sets	62	
14:39:50.363	938.212	1A02WO		census after	tests	1830	
14:39:50.364	938.213	1A02WO		census after	results	69	
14:39:50.365	938.214	1A02WO		census after	views	93	
14:39:50.375	938.224	1A02WO		step finished	HARVEST	0.384	BLD-AR-Walls-vs-BLD-AR-Floors
14:39:50.376	938.225	1A02WO		rows for the workbook	BLD-AR-Walls-vs-BLD-AR-Floors	7	7 in the document
14:39:50.377	938.226	1A02WO		test found clashes	BLD-AR-Walls-vs-BLD-AR-Floors	7	ran and found clashes
14:39:50.670	938.518	1A02WO		rows for the workbook	BLD-AR-Windows-vs-BLD-AR-Floors	0	0 in the document
14:39:50.670	938.519	1A02WO		test passed	BLD-AR-Windows-vs-BLD-AR-Floors	0	ran and found nothing
14:39:51.044	938.893	1A02WO		rows for the workbook	BLD-AR-Windows-vs-BLD-AR-Walls	3	3 in the document
14:39:51.045	938.894	1A02WO		test found clashes	BLD-AR-Windows-vs-BLD-AR-Walls	3	ran and found clashes
14:39:51.327	939.175	1A02WO		rows for the workbook	BLD-AR-Doors-vs-BLD-AR-Floors	1	1 in the document
14:39:51.328	939.176	1A02WO		test found clashes	BLD-AR-Doors-vs-BLD-AR-Floors	1	ran and found clashes
14:39:51.770	939.619	1A02WO		rows for the workbook	BLD-AR-Doors-vs-BLD-AR-Walls	5	5 in the document
14:39:51.771	939.620	1A02WO		test found clashes	BLD-AR-Doors-vs-BLD-AR-Walls	5	ran and found clashes
14:39:51.991	939.840	1A02WO		rows for the workbook	BLD-AR-Doors-vs-BLD-AR-Windows	0	0 in the document
14:39:51.992	939.841	1A02WO		test passed	BLD-AR-Doors-vs-BLD-AR-Windows	0	ran and found nothing
14:39:52.226	940.075	1A02WO		rows for the workbook	BLD-AR-Furniture-vs-BLD-AR-Floors	0	0 in the document
14:39:52.227	940.076	1A02WO		test passed	BLD-AR-Furniture-vs-BLD-AR-Floors	0	ran and found nothing
14:39:52.524	940.373	1A02WO		rows for the workbook	BLD-AR-Furniture-vs-BLD-AR-Walls	2	2 in the document
14:39:52.525	940.374	1A02WO		test found clashes	BLD-AR-Furniture-vs-BLD-AR-Walls	2	ran and found clashes
14:39:52.760	940.609	1A02WO		rows for the workbook	BLD-AR-Furniture-vs-BLD-AR-Windows	0	0 in the document
14:39:52.761	940.610	1A02WO		test passed	BLD-AR-Furniture-vs-BLD-AR-Windows	0	ran and found nothing
14:39:53.043	940.891	1A02WO		rows for the workbook	BLD-AR-Furniture-vs-BLD-AR-Doors	0	0 in the document
14:39:53.043	940.892	1A02WO		test passed	BLD-AR-Furniture-vs-BLD-AR-Doors	0	ran and found nothing
14:39:53.279	941.128	1A02WO		rows for the workbook	BLD-ST-Foundation-vs-BLD-AR-Floors	0	0 in the document
14:39:53.280	941.128	1A02WO		test passed	BLD-ST-Foundation-vs-BLD-AR-Floors	0	ran and found nothing
14:39:53.541	941.390	1A02WO		rows for the workbook	BLD-ST-Foundation-vs-BLD-AR-Walls	0	0 in the document
14:39:53.542	941.391	1A02WO		test passed	BLD-ST-Foundation-vs-BLD-AR-Walls	0	ran and found nothing
14:39:53.777	941.625	1A02WO		rows for the workbook	BLD-ST-Foundation-vs-BLD-AR-Windows	0	0 in the document
14:39:53.778	941.626	1A02WO		test passed	BLD-ST-Foundation-vs-BLD-AR-Windows	0	ran and found nothing
14:39:54.000	941.849	1A02WO		rows for the workbook	BLD-ST-Foundation-vs-BLD-AR-Doors	0	0 in the document
14:39:54.001	941.850	1A02WO		test passed	BLD-ST-Foundation-vs-BLD-AR-Doors	0	ran and found nothing
14:39:54.245	942.094	1A02WO		rows for the workbook	BLD-ST-Foundation-vs-BLD-AR-Furniture	0	0 in the document
14:39:54.246	942.095	1A02WO		test passed	BLD-ST-Foundation-vs-BLD-AR-Furniture	0	ran and found nothing
14:39:54.613	942.462	1A02WO		rows for the workbook	BLD-ST-Columns-vs-BLD-AR-Floors	4	4 in the document
14:39:54.614	942.463	1A02WO		test found clashes	BLD-ST-Columns-vs-BLD-AR-Floors	4	ran and found clashes
14:39:54.846	942.694	1A02WO		rows for the workbook	BLD-ST-Columns-vs-BLD-AR-Walls	0	0 in the document
14:39:54.846	942.695	1A02WO		test passed	BLD-ST-Columns-vs-BLD-AR-Walls	0	ran and found nothing
14:39:55.048	942.897	1A02WO		rows for the workbook	BLD-ST-Columns-vs-BLD-AR-Windows	0	0 in the document
14:39:55.048	942.898	1A02WO		test passed	BLD-ST-Columns-vs-BLD-AR-Windows	0	ran and found nothing
14:39:55.251	943.100	1A02WO		rows for the workbook	BLD-ST-Columns-vs-BLD-AR-Doors	0	0 in the document
14:39:55.252	943.101	1A02WO		test passed	BLD-ST-Columns-vs-BLD-AR-Doors	0	ran and found nothing
14:39:55.454	943.303	1A02WO		rows for the workbook	BLD-ST-Columns-vs-BLD-AR-Furniture	0	0 in the document
14:39:55.455	943.304	1A02WO		test passed	BLD-ST-Columns-vs-BLD-AR-Furniture	0	ran and found nothing
14:39:55.719	943.568	1A02WO		rows for the workbook	BLD-ST-Columns-vs-BLD-ST-Foundation	0	0 in the document
14:39:55.720	943.569	1A02WO		test passed	BLD-ST-Columns-vs-BLD-ST-Foundation	0	ran and found nothing
14:39:55.940	943.788	1A02WO		rows for the workbook	BLD-ST-Framing-vs-BLD-AR-Floors	0	0 in the document
14:39:55.940	943.789	1A02WO		test passed	BLD-ST-Framing-vs-BLD-AR-Floors	0	ran and found nothing
14:39:56.324	944.173	1A02WO		rows for the workbook	BLD-ST-Framing-vs-BLD-AR-Walls	4	4 in the document
14:39:56.325	944.174	1A02WO		test found clashes	BLD-ST-Framing-vs-BLD-AR-Walls	4	ran and found clashes
14:39:56.531	944.379	1A02WO		rows for the workbook	BLD-ST-Framing-vs-BLD-AR-Windows	0	0 in the document
14:39:56.531	944.380	1A02WO		test passed	BLD-ST-Framing-vs-BLD-AR-Windows	0	ran and found nothing
14:39:56.738	944.586	1A02WO		rows for the workbook	BLD-ST-Framing-vs-BLD-AR-Doors	0	0 in the document
14:39:56.739	944.587	1A02WO		test passed	BLD-ST-Framing-vs-BLD-AR-Doors	0	ran and found nothing
14:39:56.942	944.791	1A02WO		rows for the workbook	BLD-ST-Framing-vs-BLD-AR-Furniture	0	0 in the document
14:39:56.943	944.792	1A02WO		test passed	BLD-ST-Framing-vs-BLD-AR-Furniture	0	ran and found nothing
14:39:57.144	944.993	1A02WO		rows for the workbook	BLD-ST-Framing-vs-BLD-ST-Foundation	0	0 in the document
14:39:57.145	944.994	1A02WO		test passed	BLD-ST-Framing-vs-BLD-ST-Foundation	0	ran and found nothing
14:39:57.348	945.197	1A02WO		rows for the workbook	BLD-ST-Framing-vs-BLD-ST-Columns	0	0 in the document
14:39:57.348	945.198	1A02WO		test passed	BLD-ST-Framing-vs-BLD-ST-Columns	0	ran and found nothing
14:39:57.584	945.433	1A02WO		rows for the workbook	BLD-ST-Floors-vs-BLD-AR-Floors	0	0 in the document
14:39:57.585	945.433	1A02WO		test passed	BLD-ST-Floors-vs-BLD-AR-Floors	0	ran and found nothing
14:39:58.604	946.453	1A02WO		rows for the workbook	BLD-ST-Floors-vs-BLD-AR-Walls	20	20 in the document
14:39:58.617	946.466	1A02WO		test found clashes	BLD-ST-Floors-vs-BLD-AR-Walls	20	ran and found clashes
14:39:58.874	946.723	1A02WO		rows for the workbook	BLD-ST-Floors-vs-BLD-AR-Windows	0	0 in the document
14:39:58.884	946.733	1A02WO		test passed	BLD-ST-Floors-vs-BLD-AR-Windows	0	ran and found nothing
14:39:59.191	947.040	1A02WO		rows for the workbook	BLD-ST-Floors-vs-BLD-AR-Doors	0	0 in the document
14:39:59.204	947.052	1A02WO		test passed	BLD-ST-Floors-vs-BLD-AR-Doors	0	ran and found nothing
14:39:59.532	947.381	1A02WO		rows for the workbook	BLD-ST-Floors-vs-BLD-AR-Furniture	0	0 in the document
14:39:59.547	947.397	1A02WO		test passed	BLD-ST-Floors-vs-BLD-AR-Furniture	0	ran and found nothing
14:39:59.831	947.680	1A02WO		rows for the workbook	BLD-ST-Floors-vs-BLD-ST-Foundation	0	0 in the document
14:39:59.846	947.695	1A02WO		test passed	BLD-ST-Floors-vs-BLD-ST-Foundation	0	ran and found nothing
14:40:00.131	947.980	1A02WO		rows for the workbook	BLD-ST-Floors-vs-BLD-ST-Columns	0	0 in the document
14:40:00.146	947.994	1A02WO		test passed	BLD-ST-Floors-vs-BLD-ST-Columns	0	ran and found nothing
14:40:00.429	948.278	1A02WO		rows for the workbook	BLD-ST-Floors-vs-BLD-ST-Framing	0	0 in the document
14:40:00.432	948.280	1A02WO		test passed	BLD-ST-Floors-vs-BLD-ST-Framing	0	ran and found nothing
14:40:01.645	949.494	1A02WO		rows for the workbook	BLD-DR-Pipes & Pipe Fittings-vs-BLD-AR-Floors	5	5 in the document
14:40:01.661	949.510	1A02WO		test found clashes	BLD-DR-Pipes & Pipe Fittings-vs-BLD-AR-Floors	5	ran and found clashes
14:40:02.053	949.903	1A02WO		rows for the workbook	BLD-DR-Pipes & Pipe Fittings-vs-BLD-AR-Walls	3	3 in the document
14:40:02.068	949.917	1A02WO		test found clashes	BLD-DR-Pipes & Pipe Fittings-vs-BLD-AR-Walls	3	ran and found clashes
14:40:02.363	950.212	1A02WO		rows for the workbook	BLD-DR-Pipes & Pipe Fittings-vs-BLD-AR-Windows	0	0 in the document
14:40:02.377	950.226	1A02WO		test passed	BLD-DR-Pipes & Pipe Fittings-vs-BLD-AR-Windows	0	ran and found nothing
14:40:02.650	950.499	1A02WO		rows for the workbook	BLD-DR-Pipes & Pipe Fittings-vs-BLD-AR-Doors	0	0 in the document
14:40:02.651	950.500	1A02WO		test passed	BLD-DR-Pipes & Pipe Fittings-vs-BLD-AR-Doors	0	ran and found nothing
14:40:02.884	950.733	1A02WO		rows for the workbook	BLD-DR-Pipes & Pipe Fittings-vs-BLD-AR-Furniture	0	0 in the document
14:40:02.885	950.734	1A02WO		test passed	BLD-DR-Pipes & Pipe Fittings-vs-BLD-AR-Furniture	0	ran and found nothing
14:40:03.132	950.981	1A02WO		rows for the workbook	BLD-DR-Pipes & Pipe Fittings-vs-BLD-ST-Foundation	0	0 in the document
14:40:03.136	950.985	1A02WO		test passed	BLD-DR-Pipes & Pipe Fittings-vs-BLD-ST-Foundation	0	ran and found nothing
14:40:03.358	951.207	1A02WO		rows for the workbook	BLD-DR-Pipes & Pipe Fittings-vs-BLD-ST-Columns	0	0 in the document
14:40:03.359	951.208	1A02WO		test passed	BLD-DR-Pipes & Pipe Fittings-vs-BLD-ST-Columns	0	ran and found nothing
14:40:03.793	951.641	1A02WO		rows for the workbook	BLD-DR-Pipes & Pipe Fittings-vs-BLD-ST-Framing	5	5 in the document
14:40:03.794	951.642	1A02WO		test found clashes	BLD-DR-Pipes & Pipe Fittings-vs-BLD-ST-Framing	5	ran and found clashes
14:40:04.284	952.133	1A02WO		rows for the workbook	BLD-DR-Pipes & Pipe Fittings-vs-BLD-ST-Floors	6	6 in the document
14:40:04.284	952.134	1A02WO		test found clashes	BLD-DR-Pipes & Pipe Fittings-vs-BLD-ST-Floors	6	ran and found clashes
14:40:04.552	952.401	1A02WO		rows for the workbook	BLD-DR-Plumbing Fixtures-vs-BLD-AR-Floors	0	0 in the document
14:40:04.553	952.402	1A02WO		test passed	BLD-DR-Plumbing Fixtures-vs-BLD-AR-Floors	0	ran and found nothing
14:40:04.868	952.717	1A02WO		rows for the workbook	BLD-DR-Plumbing Fixtures-vs-BLD-AR-Walls	2	2 in the document
14:40:04.869	952.718	1A02WO		test found clashes	BLD-DR-Plumbing Fixtures-vs-BLD-AR-Walls	2	ran and found clashes
14:40:05.101	952.950	1A02WO		rows for the workbook	BLD-DR-Plumbing Fixtures-vs-BLD-AR-Windows	0	0 in the document
14:40:05.102	952.951	1A02WO		test passed	BLD-DR-Plumbing Fixtures-vs-BLD-AR-Windows	0	ran and found nothing
14:40:05.352	953.200	1A02WO		rows for the workbook	BLD-DR-Plumbing Fixtures-vs-BLD-AR-Doors	0	0 in the document
14:40:05.353	953.201	1A02WO		test passed	BLD-DR-Plumbing Fixtures-vs-BLD-AR-Doors	0	ran and found nothing
14:40:05.602	953.451	1A02WO		rows for the workbook	BLD-DR-Plumbing Fixtures-vs-BLD-AR-Furniture	0	0 in the document
14:40:05.603	953.452	1A02WO		test passed	BLD-DR-Plumbing Fixtures-vs-BLD-AR-Furniture	0	ran and found nothing
14:40:05.837	953.685	1A02WO		rows for the workbook	BLD-DR-Plumbing Fixtures-vs-BLD-ST-Foundation	0	0 in the document
14:40:05.837	953.686	1A02WO		test passed	BLD-DR-Plumbing Fixtures-vs-BLD-ST-Foundation	0	ran and found nothing
14:40:06.070	953.919	1A02WO		rows for the workbook	BLD-DR-Plumbing Fixtures-vs-BLD-ST-Columns	0	0 in the document
14:40:06.071	953.920	1A02WO		test passed	BLD-DR-Plumbing Fixtures-vs-BLD-ST-Columns	0	ran and found nothing
14:40:06.295	954.143	1A02WO		rows for the workbook	BLD-DR-Plumbing Fixtures-vs-BLD-ST-Framing	0	0 in the document
14:40:06.296	954.144	1A02WO		test passed	BLD-DR-Plumbing Fixtures-vs-BLD-ST-Framing	0	ran and found nothing
14:40:06.553	954.402	1A02WO		rows for the workbook	BLD-DR-Plumbing Fixtures-vs-BLD-ST-Floors	0	0 in the document
14:40:06.554	954.403	1A02WO		test passed	BLD-DR-Plumbing Fixtures-vs-BLD-ST-Floors	0	ran and found nothing
14:40:06.805	954.654	1A02WO		rows for the workbook	BLD-DR-Plumbing Fixtures-vs-BLD-DR-Pipes & Pipe Fittings	0	0 in the document
14:40:06.806	954.655	1A02WO		test passed	BLD-DR-Plumbing Fixtures-vs-BLD-DR-Pipes & Pipe Fittings	0	ran and found nothing
14:40:07.068	954.917	1A02WO		rows for the workbook	BLD-EL-Electrical Equipment-vs-BLD-AR-Floors	0	0 in the document
14:40:07.070	954.918	1A02WO		test passed	BLD-EL-Electrical Equipment-vs-BLD-AR-Floors	0	ran and found nothing
14:40:07.289	955.137	1A02WO		rows for the workbook	BLD-EL-Electrical Equipment-vs-BLD-AR-Walls	0	0 in the document
14:40:07.290	955.138	1A02WO		test passed	BLD-EL-Electrical Equipment-vs-BLD-AR-Walls	0	ran and found nothing
14:40:07.537	955.385	1A02WO		rows for the workbook	BLD-EL-Electrical Equipment-vs-BLD-AR-Windows	0	0 in the document
14:40:07.538	955.386	1A02WO		test passed	BLD-EL-Electrical Equipment-vs-BLD-AR-Windows	0	ran and found nothing
14:40:07.772	955.621	1A02WO		rows for the workbook	BLD-EL-Electrical Equipment-vs-BLD-AR-Doors	0	0 in the document
14:40:07.773	955.622	1A02WO		test passed	BLD-EL-Electrical Equipment-vs-BLD-AR-Doors	0	ran and found nothing
14:40:07.998	955.847	1A02WO		rows for the workbook	BLD-EL-Electrical Equipment-vs-BLD-AR-Furniture	0	0 in the document
14:40:08.000	955.848	1A02WO		test passed	BLD-EL-Electrical Equipment-vs-BLD-AR-Furniture	0	ran and found nothing
14:40:08.243	956.091	1A02WO		rows for the workbook	BLD-EL-Electrical Equipment-vs-BLD-ST-Foundation	0	0 in the document
14:40:08.244	956.092	1A02WO		test passed	BLD-EL-Electrical Equipment-vs-BLD-ST-Foundation	0	ran and found nothing
14:40:08.475	956.324	1A02WO		rows for the workbook	BLD-EL-Electrical Equipment-vs-BLD-ST-Columns	0	0 in the document
14:40:08.475	956.325	1A02WO		test passed	BLD-EL-Electrical Equipment-vs-BLD-ST-Columns	0	ran and found nothing
14:40:08.708	956.557	1A02WO		rows for the workbook	BLD-EL-Electrical Equipment-vs-BLD-ST-Framing	0	0 in the document
14:40:08.709	956.558	1A02WO		test passed	BLD-EL-Electrical Equipment-vs-BLD-ST-Framing	0	ran and found nothing
14:40:08.956	956.805	1A02WO		rows for the workbook	BLD-EL-Electrical Equipment-vs-BLD-ST-Floors	0	0 in the document
14:40:08.957	956.806	1A02WO		test passed	BLD-EL-Electrical Equipment-vs-BLD-ST-Floors	0	ran and found nothing
14:40:09.210	957.059	1A02WO		rows for the workbook	BLD-EL-Electrical Equipment-vs-BLD-DR-Pipes & Pipe Fittings	0	0 in the document
14:40:09.211	957.060	1A02WO		test passed	BLD-EL-Electrical Equipment-vs-BLD-DR-Pipes & Pipe Fittings	0	ran and found nothing
14:40:09.428	957.277	1A02WO		rows for the workbook	BLD-EL-Electrical Equipment-vs-BLD-DR-Plumbing Fixtures	0	0 in the document
14:40:09.430	957.278	1A02WO		test passed	BLD-EL-Electrical Equipment-vs-BLD-DR-Plumbing Fixtures	0	ran and found nothing
14:40:09.647	957.496	1A02WO		rows for the workbook	BLD-EL-Electrical Fixtures-vs-BLD-AR-Floors	0	0 in the document
14:40:09.648	957.496	1A02WO		test passed	BLD-EL-Electrical Fixtures-vs-BLD-AR-Floors	0	ran and found nothing
14:40:09.893	957.742	1A02WO		rows for the workbook	BLD-EL-Electrical Fixtures-vs-BLD-AR-Walls	0	0 in the document
14:40:09.894	957.743	1A02WO		test passed	BLD-EL-Electrical Fixtures-vs-BLD-AR-Walls	0	ran and found nothing
14:40:10.114	957.963	1A02WO		rows for the workbook	BLD-EL-Electrical Fixtures-vs-BLD-AR-Windows	0	0 in the document
14:40:10.115	957.964	1A02WO		test passed	BLD-EL-Electrical Fixtures-vs-BLD-AR-Windows	0	ran and found nothing
14:40:10.332	958.181	1A02WO		rows for the workbook	BLD-EL-Electrical Fixtures-vs-BLD-AR-Doors	0	0 in the document
14:40:10.333	958.182	1A02WO		test passed	BLD-EL-Electrical Fixtures-vs-BLD-AR-Doors	0	ran and found nothing
14:40:10.581	958.429	1A02WO		rows for the workbook	BLD-EL-Electrical Fixtures-vs-BLD-AR-Furniture	0	0 in the document
14:40:10.582	958.430	1A02WO		test passed	BLD-EL-Electrical Fixtures-vs-BLD-AR-Furniture	0	ran and found nothing
14:40:10.801	958.650	1A02WO		rows for the workbook	BLD-EL-Electrical Fixtures-vs-BLD-ST-Foundation	0	0 in the document
14:40:10.802	958.651	1A02WO		test passed	BLD-EL-Electrical Fixtures-vs-BLD-ST-Foundation	0	ran and found nothing
14:40:11.047	958.896	1A02WO		rows for the workbook	BLD-EL-Electrical Fixtures-vs-BLD-ST-Columns	0	0 in the document
14:40:11.049	958.897	1A02WO		test passed	BLD-EL-Electrical Fixtures-vs-BLD-ST-Columns	0	ran and found nothing
14:40:11.253	959.102	1A02WO		rows for the workbook	BLD-EL-Electrical Fixtures-vs-BLD-ST-Framing	0	0 in the document
14:40:11.254	959.103	1A02WO		test passed	BLD-EL-Electrical Fixtures-vs-BLD-ST-Framing	0	ran and found nothing
14:40:11.458	959.307	1A02WO		rows for the workbook	BLD-EL-Electrical Fixtures-vs-BLD-ST-Floors	0	0 in the document
14:40:11.459	959.307	1A02WO		test passed	BLD-EL-Electrical Fixtures-vs-BLD-ST-Floors	0	ran and found nothing
14:40:11.678	959.527	1A02WO		rows for the workbook	BLD-EL-Electrical Fixtures-vs-BLD-DR-Pipes & Pipe Fittings	0	0 in the document
14:40:11.679	959.528	1A02WO		test passed	BLD-EL-Electrical Fixtures-vs-BLD-DR-Pipes & Pipe Fittings	0	ran and found nothing
14:40:11.898	959.746	1A02WO		rows for the workbook	BLD-EL-Electrical Fixtures-vs-BLD-DR-Plumbing Fixtures	0	0 in the document
14:40:11.899	959.747	1A02WO		test passed	BLD-EL-Electrical Fixtures-vs-BLD-DR-Plumbing Fixtures	0	ran and found nothing
14:40:12.131	959.980	1A02WO		rows for the workbook	BLD-EL-Electrical Fixtures-vs-BLD-EL-Electrical Equipment	0	0 in the document
14:40:12.132	959.981	1A02WO		test passed	BLD-EL-Electrical Fixtures-vs-BLD-EL-Electrical Equipment	0	ran and found nothing
14:40:12.365	960.214	1A02WO		rows for the workbook	BLD-EL-Conduits & Conduit Fittings-vs-BLD-AR-Floors	0	0 in the document
14:40:12.366	960.215	1A02WO		test passed	BLD-EL-Conduits & Conduit Fittings-vs-BLD-AR-Floors	0	ran and found nothing
14:40:12.581	960.430	1A02WO		rows for the workbook	BLD-EL-Conduits & Conduit Fittings-vs-BLD-AR-Walls	0	0 in the document
14:40:12.582	960.431	1A02WO		test passed	BLD-EL-Conduits & Conduit Fittings-vs-BLD-AR-Walls	0	ran and found nothing
14:40:12.785	960.633	1A02WO		rows for the workbook	BLD-EL-Conduits & Conduit Fittings-vs-BLD-AR-Windows	0	0 in the document
14:40:12.786	960.634	1A02WO		test passed	BLD-EL-Conduits & Conduit Fittings-vs-BLD-AR-Windows	0	ran and found nothing
14:40:12.988	960.837	1A02WO		rows for the workbook	BLD-EL-Conduits & Conduit Fittings-vs-BLD-AR-Doors	0	0 in the document
14:40:12.989	960.837	1A02WO		test passed	BLD-EL-Conduits & Conduit Fittings-vs-BLD-AR-Doors	0	ran and found nothing
14:40:13.190	961.038	1A02WO		rows for the workbook	BLD-EL-Conduits & Conduit Fittings-vs-BLD-AR-Furniture	0	0 in the document
14:40:13.191	961.039	1A02WO		test passed	BLD-EL-Conduits & Conduit Fittings-vs-BLD-AR-Furniture	0	ran and found nothing
14:40:13.404	961.253	1A02WO		rows for the workbook	BLD-EL-Conduits & Conduit Fittings-vs-BLD-ST-Foundation	0	0 in the document
14:40:13.405	961.254	1A02WO		test passed	BLD-EL-Conduits & Conduit Fittings-vs-BLD-ST-Foundation	0	ran and found nothing
14:40:13.609	961.458	1A02WO		rows for the workbook	BLD-EL-Conduits & Conduit Fittings-vs-BLD-ST-Columns	0	0 in the document
14:40:13.610	961.459	1A02WO		test passed	BLD-EL-Conduits & Conduit Fittings-vs-BLD-ST-Columns	0	ran and found nothing
14:40:13.815	961.664	1A02WO		rows for the workbook	BLD-EL-Conduits & Conduit Fittings-vs-BLD-ST-Framing	0	0 in the document
14:40:13.816	961.665	1A02WO		test passed	BLD-EL-Conduits & Conduit Fittings-vs-BLD-ST-Framing	0	ran and found nothing
14:40:14.038	961.886	1A02WO		rows for the workbook	BLD-EL-Conduits & Conduit Fittings-vs-BLD-ST-Floors	0	0 in the document
14:40:14.039	961.887	1A02WO		test passed	BLD-EL-Conduits & Conduit Fittings-vs-BLD-ST-Floors	0	ran and found nothing
14:40:14.255	962.104	1A02WO		rows for the workbook	BLD-EL-Conduits & Conduit Fittings-vs-BLD-DR-Pipes & Pipe Fittings	0	0 in the document
14:40:14.256	962.105	1A02WO		test passed	BLD-EL-Conduits & Conduit Fittings-vs-BLD-DR-Pipes & Pipe Fittings	0	ran and found nothing
14:40:14.472	962.321	1A02WO		rows for the workbook	BLD-EL-Conduits & Conduit Fittings-vs-BLD-DR-Plumbing Fixtures	0	0 in the document
14:40:14.473	962.322	1A02WO		test passed	BLD-EL-Conduits & Conduit Fittings-vs-BLD-DR-Plumbing Fixtures	0	ran and found nothing
14:40:14.723	962.573	1A02WO		rows for the workbook	BLD-EL-Conduits & Conduit Fittings-vs-BLD-EL-Electrical Equipment	2	2 in the document
14:40:14.725	962.574	1A02WO		test found clashes	BLD-EL-Conduits & Conduit Fittings-vs-BLD-EL-Electrical Equipment	2	ran and found clashes
14:40:14.943	962.792	1A02WO		rows for the workbook	BLD-EL-Conduits & Conduit Fittings-vs-BLD-EL-Electrical Fixtures	0	0 in the document
14:40:14.944	962.793	1A02WO		test passed	BLD-EL-Conduits & Conduit Fittings-vs-BLD-EL-Electrical Fixtures	0	ran and found nothing
14:40:15.170	963.019	1A02WO		rows for the workbook	BLD-EL-Devices-vs-BLD-AR-Floors	0	0 in the document
14:40:15.171	963.019	1A02WO		test passed	BLD-EL-Devices-vs-BLD-AR-Floors	0	ran and found nothing
14:40:15.411	963.260	1A02WO		rows for the workbook	BLD-EL-Devices-vs-BLD-AR-Walls	0	0 in the document
14:40:15.413	963.261	1A02WO		test passed	BLD-EL-Devices-vs-BLD-AR-Walls	0	ran and found nothing
14:40:15.646	963.495	1A02WO		rows for the workbook	BLD-EL-Devices-vs-BLD-AR-Windows	0	0 in the document
14:40:15.647	963.496	1A02WO		test passed	BLD-EL-Devices-vs-BLD-AR-Windows	0	ran and found nothing
14:40:15.881	963.730	1A02WO		rows for the workbook	BLD-EL-Devices-vs-BLD-AR-Doors	0	0 in the document
14:40:15.882	963.731	1A02WO		test passed	BLD-EL-Devices-vs-BLD-AR-Doors	0	ran and found nothing
14:40:16.107	963.956	1A02WO		rows for the workbook	BLD-EL-Devices-vs-BLD-AR-Furniture	0	0 in the document
14:40:16.108	963.957	1A02WO		test passed	BLD-EL-Devices-vs-BLD-AR-Furniture	0	ran and found nothing
14:40:16.352	964.201	1A02WO		rows for the workbook	BLD-EL-Devices-vs-BLD-ST-Foundation	0	0 in the document
14:40:16.353	964.202	1A02WO		test passed	BLD-EL-Devices-vs-BLD-ST-Foundation	0	ran and found nothing
14:40:16.586	964.434	1A02WO		rows for the workbook	BLD-EL-Devices-vs-BLD-ST-Columns	0	0 in the document
14:40:16.587	964.435	1A02WO		test passed	BLD-EL-Devices-vs-BLD-ST-Columns	0	ran and found nothing
14:40:16.820	964.669	1A02WO		rows for the workbook	BLD-EL-Devices-vs-BLD-ST-Framing	0	0 in the document
14:40:16.821	964.669	1A02WO		test passed	BLD-EL-Devices-vs-BLD-ST-Framing	0	ran and found nothing
14:40:17.056	964.905	1A02WO		rows for the workbook	BLD-EL-Devices-vs-BLD-ST-Floors	0	0 in the document
14:40:17.057	964.906	1A02WO		test passed	BLD-EL-Devices-vs-BLD-ST-Floors	0	ran and found nothing
14:40:17.308	965.157	1A02WO		rows for the workbook	BLD-EL-Devices-vs-BLD-DR-Pipes & Pipe Fittings	0	0 in the document
14:40:17.309	965.157	1A02WO		test passed	BLD-EL-Devices-vs-BLD-DR-Pipes & Pipe Fittings	0	ran and found nothing
14:40:17.531	965.380	1A02WO		rows for the workbook	BLD-EL-Devices-vs-BLD-DR-Plumbing Fixtures	0	0 in the document
14:40:17.532	965.380	1A02WO		test passed	BLD-EL-Devices-vs-BLD-DR-Plumbing Fixtures	0	ran and found nothing
14:40:17.776	965.625	1A02WO		rows for the workbook	BLD-EL-Devices-vs-BLD-EL-Electrical Equipment	0	0 in the document
14:40:17.778	965.626	1A02WO		test passed	BLD-EL-Devices-vs-BLD-EL-Electrical Equipment	0	ran and found nothing
14:40:18.001	965.850	1A02WO		rows for the workbook	BLD-EL-Devices-vs-BLD-EL-Electrical Fixtures	0	0 in the document
14:40:18.002	965.850	1A02WO		test passed	BLD-EL-Devices-vs-BLD-EL-Electrical Fixtures	0	ran and found nothing
14:40:18.237	966.086	1A02WO		rows for the workbook	BLD-EL-Devices-vs-BLD-EL-Conduits & Conduit Fittings	0	0 in the document
14:40:18.238	966.087	1A02WO		test passed	BLD-EL-Devices-vs-BLD-EL-Conduits & Conduit Fittings	0	ran and found nothing
14:40:18.479	966.328	1A02WO		rows for the workbook	BLD-EL-Lighting Fixtures-vs-BLD-AR-Floors	0	0 in the document
14:40:18.480	966.329	1A02WO		test passed	BLD-EL-Lighting Fixtures-vs-BLD-AR-Floors	0	ran and found nothing
14:40:18.701	966.550	1A02WO		rows for the workbook	BLD-EL-Lighting Fixtures-vs-BLD-AR-Walls	0	0 in the document
14:40:18.702	966.550	1A02WO		test passed	BLD-EL-Lighting Fixtures-vs-BLD-AR-Walls	0	ran and found nothing
14:40:18.935	966.784	1A02WO		rows for the workbook	BLD-EL-Lighting Fixtures-vs-BLD-AR-Windows	0	0 in the document
14:40:18.936	966.785	1A02WO		test passed	BLD-EL-Lighting Fixtures-vs-BLD-AR-Windows	0	ran and found nothing
14:40:19.181	967.030	1A02WO		rows for the workbook	BLD-EL-Lighting Fixtures-vs-BLD-AR-Doors	0	0 in the document
14:40:19.181	967.031	1A02WO		test passed	BLD-EL-Lighting Fixtures-vs-BLD-AR-Doors	0	ran and found nothing
14:40:19.416	967.265	1A02WO		rows for the workbook	BLD-EL-Lighting Fixtures-vs-BLD-AR-Furniture	0	0 in the document
14:40:19.418	967.266	1A02WO		test passed	BLD-EL-Lighting Fixtures-vs-BLD-AR-Furniture	0	ran and found nothing
14:40:19.653	967.502	1A02WO		rows for the workbook	BLD-EL-Lighting Fixtures-vs-BLD-ST-Foundation	0	0 in the document
14:40:19.654	967.503	1A02WO		test passed	BLD-EL-Lighting Fixtures-vs-BLD-ST-Foundation	0	ran and found nothing
14:40:19.893	967.742	1A02WO		rows for the workbook	BLD-EL-Lighting Fixtures-vs-BLD-ST-Columns	0	0 in the document
14:40:19.894	967.743	1A02WO		test passed	BLD-EL-Lighting Fixtures-vs-BLD-ST-Columns	0	ran and found nothing
14:40:20.100	967.948	1A02WO		rows for the workbook	BLD-EL-Lighting Fixtures-vs-BLD-ST-Framing	0	0 in the document
14:40:20.101	967.949	1A02WO		test passed	BLD-EL-Lighting Fixtures-vs-BLD-ST-Framing	0	ran and found nothing
14:40:20.346	968.195	1A02WO		rows for the workbook	BLD-EL-Lighting Fixtures-vs-BLD-ST-Floors	0	0 in the document
14:40:20.348	968.196	1A02WO		test passed	BLD-EL-Lighting Fixtures-vs-BLD-ST-Floors	0	ran and found nothing
14:40:20.594	968.443	1A02WO		rows for the workbook	BLD-EL-Lighting Fixtures-vs-BLD-DR-Pipes & Pipe Fittings	0	0 in the document
14:40:20.595	968.443	1A02WO		test passed	BLD-EL-Lighting Fixtures-vs-BLD-DR-Pipes & Pipe Fittings	0	ran and found nothing
14:40:20.798	968.647	1A02WO		rows for the workbook	BLD-EL-Lighting Fixtures-vs-BLD-DR-Plumbing Fixtures	0	0 in the document
14:40:20.799	968.648	1A02WO		test passed	BLD-EL-Lighting Fixtures-vs-BLD-DR-Plumbing Fixtures	0	ran and found nothing
14:40:21.002	968.851	1A02WO		rows for the workbook	BLD-EL-Lighting Fixtures-vs-BLD-EL-Electrical Equipment	0	0 in the document
14:40:21.003	968.852	1A02WO		test passed	BLD-EL-Lighting Fixtures-vs-BLD-EL-Electrical Equipment	0	ran and found nothing
14:40:21.280	969.129	1A02WO		rows for the workbook	BLD-EL-Lighting Fixtures-vs-BLD-EL-Electrical Fixtures	0	0 in the document
14:40:21.281	969.130	1A02WO		test passed	BLD-EL-Lighting Fixtures-vs-BLD-EL-Electrical Fixtures	0	ran and found nothing
14:40:21.505	969.354	1A02WO		rows for the workbook	BLD-EL-Lighting Fixtures-vs-BLD-EL-Conduits & Conduit Fittings	0	0 in the document
14:40:21.506	969.355	1A02WO		test passed	BLD-EL-Lighting Fixtures-vs-BLD-EL-Conduits & Conduit Fittings	0	ran and found nothing
14:40:21.720	969.569	1A02WO		rows for the workbook	BLD-EL-Lighting Fixtures-vs-BLD-EL-Devices	0	0 in the document
14:40:21.721	969.570	1A02WO		test passed	BLD-EL-Lighting Fixtures-vs-BLD-EL-Devices	0	ran and found nothing
14:40:21.965	969.814	1A02WO		rows for the workbook	BLD-EL-Lighting Devices-vs-BLD-AR-Floors	0	0 in the document
14:40:21.966	969.815	1A02WO		test passed	BLD-EL-Lighting Devices-vs-BLD-AR-Floors	0	ran and found nothing
14:40:22.203	970.052	1A02WO		rows for the workbook	BLD-EL-Lighting Devices-vs-BLD-AR-Walls	0	0 in the document
14:40:22.204	970.053	1A02WO		test passed	BLD-EL-Lighting Devices-vs-BLD-AR-Walls	0	ran and found nothing
14:40:22.438	970.287	1A02WO		rows for the workbook	BLD-EL-Lighting Devices-vs-BLD-AR-Windows	0	0 in the document
14:40:22.439	970.288	1A02WO		test passed	BLD-EL-Lighting Devices-vs-BLD-AR-Windows	0	ran and found nothing
14:40:22.656	970.505	1A02WO		rows for the workbook	BLD-EL-Lighting Devices-vs-BLD-AR-Doors	0	0 in the document
14:40:22.657	970.506	1A02WO		test passed	BLD-EL-Lighting Devices-vs-BLD-AR-Doors	0	ran and found nothing
14:40:22.862	970.711	1A02WO		rows for the workbook	BLD-EL-Lighting Devices-vs-BLD-AR-Furniture	0	0 in the document
14:40:22.863	970.712	1A02WO		test passed	BLD-EL-Lighting Devices-vs-BLD-AR-Furniture	0	ran and found nothing
14:40:23.066	970.915	1A02WO		rows for the workbook	BLD-EL-Lighting Devices-vs-BLD-ST-Foundation	0	0 in the document
14:40:23.066	970.916	1A02WO		test passed	BLD-EL-Lighting Devices-vs-BLD-ST-Foundation	0	ran and found nothing
14:40:23.284	971.133	1A02WO		rows for the workbook	BLD-EL-Lighting Devices-vs-BLD-ST-Columns	0	0 in the document
14:40:23.284	971.133	1A02WO		test passed	BLD-EL-Lighting Devices-vs-BLD-ST-Columns	0	ran and found nothing
14:40:23.505	971.354	1A02WO		rows for the workbook	BLD-EL-Lighting Devices-vs-BLD-ST-Framing	0	0 in the document
14:40:23.505	971.354	1A02WO		test passed	BLD-EL-Lighting Devices-vs-BLD-ST-Framing	0	ran and found nothing
14:40:23.725	971.573	1A02WO		rows for the workbook	BLD-EL-Lighting Devices-vs-BLD-ST-Floors	0	0 in the document
14:40:23.726	971.574	1A02WO		test passed	BLD-EL-Lighting Devices-vs-BLD-ST-Floors	0	ran and found nothing
14:40:23.945	971.794	1A02WO		rows for the workbook	BLD-EL-Lighting Devices-vs-BLD-DR-Pipes & Pipe Fittings	0	0 in the document
14:40:23.946	971.795	1A02WO		test passed	BLD-EL-Lighting Devices-vs-BLD-DR-Pipes & Pipe Fittings	0	ran and found nothing
14:40:24.207	972.056	1A02WO		rows for the workbook	BLD-EL-Lighting Devices-vs-BLD-DR-Plumbing Fixtures	0	0 in the document
14:40:24.208	972.057	1A02WO		test passed	BLD-EL-Lighting Devices-vs-BLD-DR-Plumbing Fixtures	0	ran and found nothing
14:40:24.444	972.293	1A02WO		rows for the workbook	BLD-EL-Lighting Devices-vs-BLD-EL-Electrical Equipment	0	0 in the document
14:40:24.445	972.294	1A02WO		test passed	BLD-EL-Lighting Devices-vs-BLD-EL-Electrical Equipment	0	ran and found nothing
14:40:24.695	972.544	1A02WO		rows for the workbook	BLD-EL-Lighting Devices-vs-BLD-EL-Electrical Fixtures	0	0 in the document
14:40:24.697	972.545	1A02WO		test passed	BLD-EL-Lighting Devices-vs-BLD-EL-Electrical Fixtures	0	ran and found nothing
14:40:24.932	972.781	1A02WO		rows for the workbook	BLD-EL-Lighting Devices-vs-BLD-EL-Conduits & Conduit Fittings	0	0 in the document
14:40:24.933	972.782	1A02WO		test passed	BLD-EL-Lighting Devices-vs-BLD-EL-Conduits & Conduit Fittings	0	ran and found nothing
14:40:25.155	973.004	1A02WO		rows for the workbook	BLD-EL-Lighting Devices-vs-BLD-EL-Devices	0	0 in the document
14:40:25.156	973.005	1A02WO		test passed	BLD-EL-Lighting Devices-vs-BLD-EL-Devices	0	ran and found nothing
14:40:25.389	973.238	1A02WO		rows for the workbook	BLD-EL-Lighting Devices-vs-BLD-EL-Lighting Fixtures	0	0 in the document
14:40:25.390	973.238	1A02WO		test passed	BLD-EL-Lighting Devices-vs-BLD-EL-Lighting Fixtures	0	ran and found nothing
14:40:25.624	973.472	1A02WO		rows for the workbook	BLD-EL-Fire Alarm Devices-vs-BLD-AR-Floors	0	0 in the document
14:40:25.625	973.473	1A02WO		test passed	BLD-EL-Fire Alarm Devices-vs-BLD-AR-Floors	0	ran and found nothing
14:40:25.866	973.715	1A02WO		rows for the workbook	BLD-EL-Fire Alarm Devices-vs-BLD-AR-Walls	0	0 in the document
14:40:25.868	973.716	1A02WO		test passed	BLD-EL-Fire Alarm Devices-vs-BLD-AR-Walls	0	ran and found nothing
14:40:26.099	973.948	1A02WO		rows for the workbook	BLD-EL-Fire Alarm Devices-vs-BLD-AR-Windows	0	0 in the document
14:40:26.101	973.949	1A02WO		test passed	BLD-EL-Fire Alarm Devices-vs-BLD-AR-Windows	0	ran and found nothing
14:40:26.333	974.182	1A02WO		rows for the workbook	BLD-EL-Fire Alarm Devices-vs-BLD-AR-Doors	0	0 in the document
14:40:26.334	974.183	1A02WO		test passed	BLD-EL-Fire Alarm Devices-vs-BLD-AR-Doors	0	ran and found nothing
14:40:26.569	974.418	1A02WO		rows for the workbook	BLD-EL-Fire Alarm Devices-vs-BLD-AR-Furniture	0	0 in the document
14:40:26.570	974.419	1A02WO		test passed	BLD-EL-Fire Alarm Devices-vs-BLD-AR-Furniture	0	ran and found nothing
14:40:26.801	974.650	1A02WO		rows for the workbook	BLD-EL-Fire Alarm Devices-vs-BLD-ST-Foundation	0	0 in the document
14:40:26.802	974.651	1A02WO		test passed	BLD-EL-Fire Alarm Devices-vs-BLD-ST-Foundation	0	ran and found nothing
14:40:27.024	974.872	1A02WO		rows for the workbook	BLD-EL-Fire Alarm Devices-vs-BLD-ST-Columns	0	0 in the document
14:40:27.025	974.873	1A02WO		test passed	BLD-EL-Fire Alarm Devices-vs-BLD-ST-Columns	0	ran and found nothing
14:40:27.258	975.106	1A02WO		rows for the workbook	BLD-EL-Fire Alarm Devices-vs-BLD-ST-Framing	0	0 in the document
14:40:27.259	975.107	1A02WO		test passed	BLD-EL-Fire Alarm Devices-vs-BLD-ST-Framing	0	ran and found nothing
14:40:27.493	975.342	1A02WO		rows for the workbook	BLD-EL-Fire Alarm Devices-vs-BLD-ST-Floors	0	0 in the document
14:40:27.493	975.343	1A02WO		test passed	BLD-EL-Fire Alarm Devices-vs-BLD-ST-Floors	0	ran and found nothing
14:40:27.745	975.594	1A02WO		rows for the workbook	BLD-EL-Fire Alarm Devices-vs-BLD-DR-Pipes & Pipe Fittings	0	0 in the document
14:40:27.746	975.594	1A02WO		test passed	BLD-EL-Fire Alarm Devices-vs-BLD-DR-Pipes & Pipe Fittings	0	ran and found nothing
14:40:27.967	975.816	1A02WO		rows for the workbook	BLD-EL-Fire Alarm Devices-vs-BLD-DR-Plumbing Fixtures	0	0 in the document
14:40:27.968	975.817	1A02WO		test passed	BLD-EL-Fire Alarm Devices-vs-BLD-DR-Plumbing Fixtures	0	ran and found nothing
14:40:28.229	976.078	1A02WO		rows for the workbook	BLD-EL-Fire Alarm Devices-vs-BLD-EL-Electrical Equipment	0	0 in the document
14:40:28.230	976.078	1A02WO		test passed	BLD-EL-Fire Alarm Devices-vs-BLD-EL-Electrical Equipment	0	ran and found nothing
14:40:28.451	976.300	1A02WO		rows for the workbook	BLD-EL-Fire Alarm Devices-vs-BLD-EL-Electrical Fixtures	0	0 in the document
14:40:28.452	976.300	1A02WO		test passed	BLD-EL-Fire Alarm Devices-vs-BLD-EL-Electrical Fixtures	0	ran and found nothing
14:40:28.695	976.544	1A02WO		rows for the workbook	BLD-EL-Fire Alarm Devices-vs-BLD-EL-Conduits & Conduit Fittings	0	0 in the document
14:40:28.697	976.545	1A02WO		test passed	BLD-EL-Fire Alarm Devices-vs-BLD-EL-Conduits & Conduit Fittings	0	ran and found nothing
14:40:28.930	976.778	1A02WO		rows for the workbook	BLD-EL-Fire Alarm Devices-vs-BLD-EL-Devices	0	0 in the document
14:40:28.931	976.779	1A02WO		test passed	BLD-EL-Fire Alarm Devices-vs-BLD-EL-Devices	0	ran and found nothing
14:40:29.165	977.014	1A02WO		rows for the workbook	BLD-EL-Fire Alarm Devices-vs-BLD-EL-Lighting Fixtures	0	0 in the document
14:40:29.166	977.014	1A02WO		test passed	BLD-EL-Fire Alarm Devices-vs-BLD-EL-Lighting Fixtures	0	ran and found nothing
14:40:29.398	977.247	1A02WO		rows for the workbook	BLD-EL-Fire Alarm Devices-vs-BLD-EL-Lighting Devices	0	0 in the document
14:40:29.399	977.248	1A02WO		test passed	BLD-EL-Fire Alarm Devices-vs-BLD-EL-Lighting Devices	0	ran and found nothing
14:40:29.694	977.543	1A02WO		rows for the workbook	BLD-Security Devices-vs-BLD-AR-Floors	0	0 in the document
14:40:29.696	977.544	1A02WO		test passed	BLD-Security Devices-vs-BLD-AR-Floors	0	ran and found nothing
14:40:29.930	977.779	1A02WO		rows for the workbook	BLD-Security Devices-vs-BLD-AR-Walls	0	0 in the document
14:40:29.931	977.779	1A02WO		test passed	BLD-Security Devices-vs-BLD-AR-Walls	0	ran and found nothing
14:40:30.177	978.026	1A02WO		rows for the workbook	BLD-Security Devices-vs-BLD-AR-Windows	0	0 in the document
14:40:30.178	978.027	1A02WO		test passed	BLD-Security Devices-vs-BLD-AR-Windows	0	ran and found nothing
14:40:30.412	978.261	1A02WO		rows for the workbook	BLD-Security Devices-vs-BLD-AR-Doors	0	0 in the document
14:40:30.414	978.262	1A02WO		test passed	BLD-Security Devices-vs-BLD-AR-Doors	0	ran and found nothing
14:40:30.655	978.504	1A02WO		rows for the workbook	BLD-Security Devices-vs-BLD-AR-Furniture	0	0 in the document
14:40:30.656	978.504	1A02WO		test passed	BLD-Security Devices-vs-BLD-AR-Furniture	0	ran and found nothing
14:40:30.912	978.761	1A02WO		rows for the workbook	BLD-Security Devices-vs-BLD-ST-Foundation	0	0 in the document
14:40:30.913	978.762	1A02WO		test passed	BLD-Security Devices-vs-BLD-ST-Foundation	0	ran and found nothing
14:40:31.177	979.026	1A02WO		rows for the workbook	BLD-Security Devices-vs-BLD-ST-Columns	0	0 in the document
14:40:31.178	979.027	1A02WO		test passed	BLD-Security Devices-vs-BLD-ST-Columns	0	ran and found nothing
14:40:31.406	979.255	1A02WO		rows for the workbook	BLD-Security Devices-vs-BLD-ST-Framing	0	0 in the document
14:40:31.407	979.256	1A02WO		test passed	BLD-Security Devices-vs-BLD-ST-Framing	0	ran and found nothing
14:40:31.663	979.512	1A02WO		rows for the workbook	BLD-Security Devices-vs-BLD-ST-Floors	0	0 in the document
14:40:31.664	979.513	1A02WO		test passed	BLD-Security Devices-vs-BLD-ST-Floors	0	ran and found nothing
14:40:31.915	979.764	1A02WO		rows for the workbook	BLD-Security Devices-vs-BLD-DR-Pipes & Pipe Fittings	0	0 in the document
14:40:31.915	979.765	1A02WO		test passed	BLD-Security Devices-vs-BLD-DR-Pipes & Pipe Fittings	0	ran and found nothing
14:40:32.141	979.990	1A02WO		rows for the workbook	BLD-Security Devices-vs-BLD-DR-Plumbing Fixtures	0	0 in the document
14:40:32.142	979.991	1A02WO		test passed	BLD-Security Devices-vs-BLD-DR-Plumbing Fixtures	0	ran and found nothing
14:40:32.378	980.227	1A02WO		rows for the workbook	BLD-Security Devices-vs-BLD-EL-Electrical Equipment	0	0 in the document
14:40:32.379	980.228	1A02WO		test passed	BLD-Security Devices-vs-BLD-EL-Electrical Equipment	0	ran and found nothing
14:40:32.617	980.465	1A02WO		rows for the workbook	BLD-Security Devices-vs-BLD-EL-Electrical Fixtures	0	0 in the document
14:40:32.617	980.467	1A02WO		test passed	BLD-Security Devices-vs-BLD-EL-Electrical Fixtures	0	ran and found nothing
14:40:32.868	980.717	1A02WO		rows for the workbook	BLD-Security Devices-vs-BLD-EL-Conduits & Conduit Fittings	0	0 in the document
14:40:32.869	980.718	1A02WO		test passed	BLD-Security Devices-vs-BLD-EL-Conduits & Conduit Fittings	0	ran and found nothing
14:40:33.092	980.941	1A02WO		rows for the workbook	BLD-Security Devices-vs-BLD-EL-Devices	0	0 in the document
14:40:33.093	980.942	1A02WO		test passed	BLD-Security Devices-vs-BLD-EL-Devices	0	ran and found nothing
14:40:33.334	981.183	1A02WO		rows for the workbook	BLD-Security Devices-vs-BLD-EL-Lighting Fixtures	0	0 in the document
14:40:33.335	981.184	1A02WO		test passed	BLD-Security Devices-vs-BLD-EL-Lighting Fixtures	0	ran and found nothing
14:40:33.563	981.412	1A02WO		rows for the workbook	BLD-Security Devices-vs-BLD-EL-Lighting Devices	0	0 in the document
14:40:33.564	981.413	1A02WO		test passed	BLD-Security Devices-vs-BLD-EL-Lighting Devices	0	ran and found nothing
14:40:33.800	981.649	1A02WO		rows for the workbook	BLD-Security Devices-vs-BLD-EL-Fire Alarm Devices	0	0 in the document
14:40:33.801	981.650	1A02WO		test passed	BLD-Security Devices-vs-BLD-EL-Fire Alarm Devices	0	ran and found nothing
14:40:34.114	981.963	1A02WO		rows for the workbook	BLD-EL-Data Devices-vs-BLD-AR-Floors	0	0 in the document
14:40:34.115	981.964	1A02WO		test passed	BLD-EL-Data Devices-vs-BLD-AR-Floors	0	ran and found nothing
14:40:34.349	982.198	1A02WO		rows for the workbook	BLD-EL-Data Devices-vs-BLD-AR-Walls	0	0 in the document
14:40:34.350	982.199	1A02WO		test passed	BLD-EL-Data Devices-vs-BLD-AR-Walls	0	ran and found nothing
14:40:34.569	982.418	1A02WO		rows for the workbook	BLD-EL-Data Devices-vs-BLD-AR-Windows	0	0 in the document
14:40:34.570	982.418	1A02WO		test passed	BLD-EL-Data Devices-vs-BLD-AR-Windows	0	ran and found nothing
14:40:34.812	982.661	1A02WO		rows for the workbook	BLD-EL-Data Devices-vs-BLD-AR-Doors	0	0 in the document
14:40:34.813	982.662	1A02WO		test passed	BLD-EL-Data Devices-vs-BLD-AR-Doors	0	ran and found nothing
14:40:35.048	982.896	1A02WO		rows for the workbook	BLD-EL-Data Devices-vs-BLD-AR-Furniture	0	0 in the document
14:40:35.049	982.897	1A02WO		test passed	BLD-EL-Data Devices-vs-BLD-AR-Furniture	0	ran and found nothing
14:40:35.296	983.145	1A02WO		rows for the workbook	BLD-EL-Data Devices-vs-BLD-ST-Foundation	0	0 in the document
14:40:35.297	983.146	1A02WO		test passed	BLD-EL-Data Devices-vs-BLD-ST-Foundation	0	ran and found nothing
14:40:35.545	983.394	1A02WO		rows for the workbook	BLD-EL-Data Devices-vs-BLD-ST-Columns	0	0 in the document
14:40:35.546	983.395	1A02WO		test passed	BLD-EL-Data Devices-vs-BLD-ST-Columns	0	ran and found nothing
14:40:35.757	983.605	1A02WO		rows for the workbook	BLD-EL-Data Devices-vs-BLD-ST-Framing	0	0 in the document
14:40:35.758	983.606	1A02WO		test passed	BLD-EL-Data Devices-vs-BLD-ST-Framing	0	ran and found nothing
14:40:36.029	983.878	1A02WO		rows for the workbook	BLD-EL-Data Devices-vs-BLD-ST-Floors	0	0 in the document
14:40:36.030	983.879	1A02WO		test passed	BLD-EL-Data Devices-vs-BLD-ST-Floors	0	ran and found nothing
14:40:36.280	984.128	1A02WO		rows for the workbook	BLD-EL-Data Devices-vs-BLD-DR-Pipes & Pipe Fittings	0	0 in the document
14:40:36.281	984.129	1A02WO		test passed	BLD-EL-Data Devices-vs-BLD-DR-Pipes & Pipe Fittings	0	ran and found nothing
14:40:36.519	984.368	1A02WO		rows for the workbook	BLD-EL-Data Devices-vs-BLD-DR-Plumbing Fixtures	0	0 in the document
14:40:36.520	984.369	1A02WO		test passed	BLD-EL-Data Devices-vs-BLD-DR-Plumbing Fixtures	0	ran and found nothing
14:40:36.752	984.601	1A02WO		rows for the workbook	BLD-EL-Data Devices-vs-BLD-EL-Electrical Equipment	0	0 in the document
14:40:36.753	984.601	1A02WO		test passed	BLD-EL-Data Devices-vs-BLD-EL-Electrical Equipment	0	ran and found nothing
14:40:37.004	984.853	1A02WO		rows for the workbook	BLD-EL-Data Devices-vs-BLD-EL-Electrical Fixtures	0	0 in the document
14:40:37.005	984.854	1A02WO		test passed	BLD-EL-Data Devices-vs-BLD-EL-Electrical Fixtures	0	ran and found nothing
14:40:37.224	985.073	1A02WO		rows for the workbook	BLD-EL-Data Devices-vs-BLD-EL-Conduits & Conduit Fittings	0	0 in the document
14:40:37.225	985.074	1A02WO		test passed	BLD-EL-Data Devices-vs-BLD-EL-Conduits & Conduit Fittings	0	ran and found nothing
14:40:37.442	985.291	1A02WO		rows for the workbook	BLD-EL-Data Devices-vs-BLD-EL-Devices	0	0 in the document
14:40:37.443	985.291	1A02WO		test passed	BLD-EL-Data Devices-vs-BLD-EL-Devices	0	ran and found nothing
14:40:37.662	985.511	1A02WO		rows for the workbook	BLD-EL-Data Devices-vs-BLD-EL-Lighting Fixtures	0	0 in the document
14:40:37.663	985.512	1A02WO		test passed	BLD-EL-Data Devices-vs-BLD-EL-Lighting Fixtures	0	ran and found nothing
14:40:37.911	985.760	1A02WO		rows for the workbook	BLD-EL-Data Devices-vs-BLD-EL-Lighting Devices	0	0 in the document
14:40:37.911	985.761	1A02WO		test passed	BLD-EL-Data Devices-vs-BLD-EL-Lighting Devices	0	ran and found nothing
14:40:38.147	985.996	1A02WO		rows for the workbook	BLD-EL-Data Devices-vs-BLD-EL-Fire Alarm Devices	0	0 in the document
14:40:38.148	985.997	1A02WO		test passed	BLD-EL-Data Devices-vs-BLD-EL-Fire Alarm Devices	0	ran and found nothing
14:40:38.378	986.227	1A02WO		rows for the workbook	BLD-EL-Data Devices-vs-BLD-Security Devices	0	0 in the document
14:40:38.379	986.228	1A02WO		test passed	BLD-EL-Data Devices-vs-BLD-Security Devices	0	ran and found nothing
14:40:39.640	987.489	1A02WO	VIEWS	step started	VIEWS	0	
14:40:39.654	987.502	1A02WO	VIEWS	census before	models	4	
14:40:39.654	987.503	1A02WO	VIEWS	census before	sets	62	
14:40:39.655	987.504	1A02WO	VIEWS	census before	tests	1830	
14:40:39.656	987.505	1A02WO	VIEWS	census before	results	69	
14:40:39.657	987.505	1A02WO	VIEWS	census before	views	93	
14:40:40.456	988.305	1A02WO		census after	models	4	
14:40:40.457	988.306	1A02WO		census after	sets	62	
14:40:40.458	988.306	1A02WO		census after	tests	1830	
14:40:40.458	988.307	1A02WO		census after	results	69	
14:40:40.459	988.308	1A02WO		census after	views	93	
14:40:40.472	988.322	1A02WO		step finished	VIEWS	0.804	0 created, 69 already there.
14:40:40.789	988.638	1A02WO	NWF SAVE	step started	NWF SAVE	0	
14:40:40.803	988.652	1A02WO	NWF SAVE	census before	models	4	
14:40:40.804	988.653	1A02WO	NWF SAVE	census before	sets	62	
14:40:40.806	988.654	1A02WO	NWF SAVE	census before	tests	1830	
14:40:40.806	988.655	1A02WO	NWF SAVE	census before	results	69	
14:40:40.807	988.656	1A02WO	NWF SAVE	census before	views	93	
14:40:41.019	988.868	1A02WO	NWF SAVE	written	NWF	986849	C:\\00-NM\\Federation Task\\C02 + 04\\C02\\NWF\\1104-PAR-1A02WO-ZZZ-BM-MOD-000001.nwf
14:40:41.034	988.883	1A02WO		census after	models	4	
14:40:41.035	988.884	1A02WO		census after	sets	62	
14:40:41.036	988.885	1A02WO		census after	tests	1830	
14:40:41.036	988.885	1A02WO		census after	results	69	
14:40:41.037	988.886	1A02WO		census after	views	93	
14:40:41.055	988.904	1A02WO		step finished	NWF SAVE	0.241	saved 986849 bytes
14:40:41.087	988.936	1A02WO	WORKBOOK	step started	WORKBOOK	0	
14:40:41.105	988.954	1A02WO	WORKBOOK	census before	models	4	
14:40:41.106	988.955	1A02WO	WORKBOOK	census before	sets	62	
14:40:41.107	988.956	1A02WO	WORKBOOK	census before	tests	1830	
14:40:41.108	988.956	1A02WO	WORKBOOK	census before	results	69	
14:40:41.108	988.957	1A02WO	WORKBOOK	census before	views	93	
14:40:47.248	995.097	1A02WO	WORKBOOK	written	XLSX	484525	C:\\00-NM\\Federation Task\\C02 + 04\\C02\\Clash Report\\1104-PAR-1A02WO-ZZZ-BM-MOD-000001.xlsx
14:40:47.955	995.805	1A02WO		census after	models	4	
14:40:47.957	995.806	1A02WO		census after	sets	62	
14:40:47.957	995.806	1A02WO		census after	tests	1830	
14:40:47.958	995.807	1A02WO		census after	results	69	
14:40:47.959	995.808	1A02WO		census after	views	93	
14:40:47.982	995.831	1A02WO		step finished	WORKBOOK	6.86	wrote 484525 bytes
14:40:47.995	995.843	1A02WO	HTML	step started	HTML	0	
14:40:48.009	995.858	1A02WO	HTML	census before	models	4	
14:40:48.010	995.859	1A02WO	HTML	census before	sets	62	
14:40:48.011	995.860	1A02WO	HTML	census before	tests	1830	
14:40:48.012	995.861	1A02WO	HTML	census before	results	69	
14:40:48.012	995.861	1A02WO	HTML	census before	views	93	
14:40:48.170	996.019	1A02WO	HTML	written	HTML	3929621	C:\\00-NM\\Federation Task\\C02 + 04\\C02\\Clash Report\\1104-PAR-1A02WO-ZZZ-BM-MOD-000001.html
14:40:48.467	996.316	1A02WO		census after	models	4	
14:40:48.468	996.317	1A02WO		census after	sets	62	
14:40:48.469	996.318	1A02WO		census after	tests	1830	
14:40:48.470	996.319	1A02WO		census after	results	69	
14:40:48.471	996.319	1A02WO		census after	views	93	
14:40:48.485	996.334	1A02WO		step finished	HTML	0.457	wrote 3929621 bytes
14:40:48.512	996.362	1A02WO	NWD	step started	NWD	0	
14:40:48.530	996.379	1A02WO	NWD	census before	models	4	
14:40:48.531	996.380	1A02WO	NWD	census before	sets	62	
14:40:48.532	996.381	1A02WO	NWD	census before	tests	1830	
14:40:48.533	996.382	1A02WO	NWD	census before	results	69	
14:40:48.533	996.383	1A02WO	NWD	census before	views	93	
14:40:48.935	996.785	1A02WO	NWD	written	NWD	2796664	C:\\00-NM\\Federation Task\\C02 + 04\\C02\\NWD\\1104-PAR-1A02WO-ZZZ-BM-MOD-000001.nwd
14:40:48.954	996.803	1A02WO		census after	models	4	
14:40:48.955	996.804	1A02WO		census after	sets	62	
14:40:48.956	996.804	1A02WO		census after	tests	1830	
14:40:48.957	996.805	1A02WO		census after	results	69	
14:40:48.957	996.806	1A02WO		census after	views	93	
14:40:48.969	996.818	1A02WO		step finished	NWD	0.439	published 2796664 bytes
14:40:48.983	996.832	1A02WO	CONFIRM	step started	CONFIRM	0	
14:40:49.007	996.856	1A02WO	CONFIRM	census before	models	4	
14:40:49.008	996.857	1A02WO	CONFIRM	census before	sets	62	
14:40:49.009	996.857	1A02WO	CONFIRM	census before	tests	1830	
14:40:49.009	996.858	1A02WO	CONFIRM	census before	results	69	
14:40:49.010	996.859	1A02WO	CONFIRM	census before	views	93	
14:40:49.045	996.894	1A02WO		census after	models	4	
14:40:49.046	996.895	1A02WO		census after	sets	62	
14:40:49.047	996.896	1A02WO		census after	tests	1830	
14:40:49.047	996.896	1A02WO		census after	results	69	
14:40:49.048	996.897	1A02WO		census after	views	93	
14:40:49.061	996.910	1A02WO		step finished	CONFIRM	0.058	the NWF is 986849 bytes
14:40:49.168	997.016	1A02WO		gap	Family	138	it would belong in a workbook column of ours, which is Q25
14:40:49.169	997.017	1A02WO		gap	Type Name	138	it would belong in a workbook column of ours, which is Q25
14:40:49.170	997.019	1A02WO		gap	Material	134	it would belong in a workbook column of ours, which is Q25
14:40:49.171	997.020	1A02WO		gap	Id From	138	the ITEM IDS block counts it per property and no output names it per item
14:40:49.205	997.054	1A02WO		step total	TESTS RUN	34.752	
14:40:49.206	997.055	1A02WO		step total	HARVEST	5.866	
14:40:49.206	997.056	1A02WO		step total	IMAGES	1.628	
14:40:49.230	997.080			group finished	1A02WO	62.37	DONE Weekly run plus XML
14:40:49.498	997.348			timing	TESTS RUN	34.752	190 visits
14:40:49.499	997.348			timing	WORKBOOK	6.86	1 visits
14:40:49.500	997.349			timing	HARVEST	5.866	190 visits
14:40:49.500	997.350			timing	DECIDE	1.048	1 visits
14:40:49.501	997.351			timing	SETS	0.94	1 visits
14:40:49.502	997.351			timing	VIEWS	0.804	1 visits
14:40:49.503	997.352			timing	HTML	0.457	1 visits
14:40:49.503	997.353			timing	NWD	0.439	1 visits
14:40:49.505	997.353			timing	NWF SAVE	0.241	1 visits
14:40:49.506	997.354			timing	UNITS	0.084	1 visits
14:40:49.506	997.355			timing	CONFIRM	0.058	1 visits
14:40:49.507	997.356			timing nested	IMAGES	1.628	69 visits
14:40:50.208	998.057			set across the run	lcop_selection_set_tree/Architecture/BLD-AR-Floors	4	found nothing in 4 of 10 groups
14:40:50.210	998.058			set across the run	lcop_selection_set_tree/Architecture/BLD-AR-Stairs	10	found nothing in 10 of 10 groups
14:40:50.210	998.059			set across the run	lcop_selection_set_tree/Architecture/BLD-AR-Ramps	10	found nothing in 10 of 10 groups
14:40:50.211	998.060			set across the run	lcop_selection_set_tree/Architecture/BLD-AR-Roofs	10	found nothing in 10 of 10 groups
14:40:50.212	998.060			set across the run	lcop_selection_set_tree/Architecture/BLD-AR-Ceilings	9	found nothing in 9 of 10 groups
14:40:50.212	998.061			set across the run	lcop_selection_set_tree/Architecture/BLD-AR-Columns	10	found nothing in 10 of 10 groups
14:40:50.213	998.062			set across the run	lcop_selection_set_tree/Architecture/BLD-AR-Walls	3	found nothing in 3 of 10 groups
14:40:50.214	998.063			set across the run	lcop_selection_set_tree/Architecture/BLD-AR-Windows	7	found nothing in 7 of 10 groups
14:40:50.215	998.063			set across the run	lcop_selection_set_tree/Architecture/BLD-AR-Curtain Panels	8	found nothing in 8 of 10 groups
14:40:50.216	998.064			set across the run	lcop_selection_set_tree/Architecture/BLD-AR-Curtain Mullions	8	found nothing in 8 of 10 groups
14:40:50.216	998.065			set across the run	lcop_selection_set_tree/Architecture/BLD-AR-Doors	3	found nothing in 3 of 10 groups
14:40:50.217	998.066			set across the run	lcop_selection_set_tree/Architecture/BLD-AR-Casework	10	found nothing in 10 of 10 groups
14:40:50.218	998.067			set across the run	lcop_selection_set_tree/Architecture/BLD-AR-Furniture	6	found nothing in 6 of 10 groups
14:40:50.218	998.067			set across the run	lcop_selection_set_tree/Architecture/BLD-AR-Parking	10	found nothing in 10 of 10 groups
14:40:50.219	998.068			set across the run	lcop_selection_set_tree/Architecture/BLD-AR-Railings	10	found nothing in 10 of 10 groups
14:40:50.220	998.069			set across the run	lcop_selection_set_tree/Architecture/BLD-AR-Site	8	found nothing in 8 of 10 groups
14:40:50.220	998.069			set across the run	lcop_selection_set_tree/Structure/BLD-ST-Foundation	3	found nothing in 3 of 10 groups
14:40:50.221	998.070			set across the run	lcop_selection_set_tree/Structure/BLD-ST-Columns	3	found nothing in 3 of 10 groups
14:40:50.222	998.071			set across the run	lcop_selection_set_tree/Structure/BLD-ST-Framing	3	found nothing in 3 of 10 groups
14:40:50.222	998.071			set across the run	lcop_selection_set_tree/Structure/BLD-ST-Walls	4	found nothing in 4 of 10 groups
14:40:50.223	998.072			set across the run	lcop_selection_set_tree/Structure/BLD-ST-Floors	3	found nothing in 3 of 10 groups
14:40:50.224	998.073			set across the run	lcop_selection_set_tree/Structure/BLD-ST-Stair	9	found nothing in 9 of 10 groups
14:40:50.225	998.074			set across the run	lcop_selection_set_tree/Mechanical/Mechanical-HVAC/BLD-ME-Ducts&Duct Fittings	10	found nothing in 10 of 10 groups
14:40:50.225	998.074			set across the run	lcop_selection_set_tree/Mechanical/Mechanical-HVAC/BLD-ME-Duct Accessory	10	found nothing in 10 of 10 groups
14:40:50.227	998.075			set across the run	lcop_selection_set_tree/Mechanical/Mechanical-HVAC/BLD-ME-Mechanical Equipment	10	found nothing in 10 of 10 groups
14:40:50.227	998.076			set across the run	lcop_selection_set_tree/Mechanical/Mechanical-HVAC/BLD-ME-Flex Ducts	10	found nothing in 10 of 10 groups
14:40:50.227	998.077			set across the run	lcop_selection_set_tree/Mechanical/Mechanical-HVAC/BLD-ME-Air Terminals	10	found nothing in 10 of 10 groups
14:40:50.229	998.077			set across the run	lcop_selection_set_tree/Mechanical/Mechanical-HVAC/BLD-ME-Pipes&Pipe Fittings	10	found nothing in 10 of 10 groups
14:40:50.229	998.078			set across the run	lcop_selection_set_tree/Mechanical/Mechanical-HVAC/BLD-ME-Pipe Accessories	10	found nothing in 10 of 10 groups
14:40:50.230	998.079			set across the run	lcop_selection_set_tree/Mechanical/Mechanical-HVAC/BLD-ME-Plumbing Fixtures	10	found nothing in 10 of 10 groups
14:40:50.231	998.079			set across the run	lcop_selection_set_tree/Mechanical/Mechanical-HVAC/BLD-ME-Flex Pipes	10	found nothing in 10 of 10 groups
14:40:50.232	998.080			set across the run	lcop_selection_set_tree/Mechanical/Mechanical-Fire Fighting/BLD-FF-Mechanical Equipment	10	found nothing in 10 of 10 groups
14:40:50.232	998.081			set across the run	lcop_selection_set_tree/Mechanical/Mechanical-Fire Fighting/BLD-FF-Pipes & Pipe Fittings	10	found nothing in 10 of 10 groups
14:40:50.233	998.082			set across the run	lcop_selection_set_tree/Mechanical/Mechanical-Fire Fighting/BLD-FF-Pipe Accessories	10	found nothing in 10 of 10 groups
14:40:50.234	998.082			set across the run	lcop_selection_set_tree/Mechanical/Mechanical-Fire Fighting/BLD-FF-Pipe Insulations	10	found nothing in 10 of 10 groups
14:40:50.234	998.083			set across the run	lcop_selection_set_tree/Mechanical/Mechanical-Fire Fighting/BLD-FF-Plumbing Fixtures	10	found nothing in 10 of 10 groups
14:40:50.235	998.084			set across the run	lcop_selection_set_tree/Mechanical/Mechanical-Fire Fighting/BLD-FF-Sprinklers	10	found nothing in 10 of 10 groups
14:40:50.235	998.085			set across the run	lcop_selection_set_tree/Mechanical/Mechanical-Water Supply/BLD-PL-Mechanical Equipment	10	found nothing in 10 of 10 groups
14:40:50.235	998.085			set across the run	lcop_selection_set_tree/Mechanical/Mechanical-Water Supply/BLD-PL-Pipes & Pipe Fittings	10	found nothing in 10 of 10 groups
14:40:50.237	998.086			set across the run	lcop_selection_set_tree/Mechanical/Mechanical-Water Supply/BLD-PL-Pipe Accessories	10	found nothing in 10 of 10 groups
14:40:50.238	998.087			set across the run	lcop_selection_set_tree/Mechanical/Mechanical-Water Supply/BLD-PL-Pipe Insulations	10	found nothing in 10 of 10 groups
14:40:50.239	998.087			set across the run	lcop_selection_set_tree/Mechanical/Mechanical-Water Supply/BLD-PL-Plumbing Fixtures	10	found nothing in 10 of 10 groups
14:40:50.239	998.088			set across the run	lcop_selection_set_tree/Mechanical/Mechanical-Drainage/BLD-DR-Mechanical Equipment	10	found nothing in 10 of 10 groups
14:40:50.240	998.089			set across the run	lcop_selection_set_tree/Mechanical/Mechanical-Drainage/BLD-DR-Pipes & Pipe Fittings	4	found nothing in 4 of 10 groups
14:40:50.241	998.090			set across the run	lcop_selection_set_tree/Mechanical/Mechanical-Drainage/BLD-DR-Pipe Accessories	10	found nothing in 10 of 10 groups
14:40:50.242	998.090			set across the run	lcop_selection_set_tree/Mechanical/Mechanical-Drainage/BLD-DR-Pipe Insulations	10	found nothing in 10 of 10 groups
14:40:50.242	998.091			set across the run	lcop_selection_set_tree/Mechanical/Mechanical-Drainage/BLD-DR-Plumbing Fixtures	4	found nothing in 4 of 10 groups
14:40:50.243	998.092			set across the run	lcop_selection_set_tree/Electrical/BLD-EL-Cable Tray&Cable Tray Fittings	8	found nothing in 8 of 10 groups
14:40:50.243	998.093			set across the run	lcop_selection_set_tree/Electrical/BLD-EL-Electrical Equipment	4	found nothing in 4 of 10 groups
14:40:50.245	998.093			set across the run	lcop_selection_set_tree/Electrical/BLD-EL-Electrical Fixtures	4	found nothing in 4 of 10 groups
14:40:50.245	998.094			set across the run	lcop_selection_set_tree/Electrical/BLD-EL-Conduits & Conduit Fittings	4	found nothing in 4 of 10 groups
14:40:50.246	998.095			set across the run	lcop_selection_set_tree/Electrical/BLD-EL-Devices	5	found nothing in 5 of 10 groups
14:40:50.249	998.098			set across the run	lcop_selection_set_tree/Electrical/BLD-EL-Lighting Fixtures	3	found nothing in 3 of 10 groups
14:40:50.250	998.099			set across the run	lcop_selection_set_tree/Electrical/BLD-EL-Lighting Devices	4	found nothing in 4 of 10 groups
14:40:50.251	998.099			set across the run	lcop_selection_set_tree/Electrical/BLD-EL-Fire Alarm Devices	5	found nothing in 5 of 10 groups
14:40:50.251	998.100			set across the run	lcop_selection_set_tree/Electrical/BLD-EL-Telecom Equipment	10	found nothing in 10 of 10 groups
14:40:50.252	998.101			set across the run	lcop_selection_set_tree/Electrical/BLD-EL-Telecom Fixtures	10	found nothing in 10 of 10 groups
14:40:50.253	998.102			set across the run	lcop_selection_set_tree/Electrical/BLD-Security Devices	5	found nothing in 5 of 10 groups
14:40:50.253	998.102			set across the run	lcop_selection_set_tree/Electrical/BLD-EL-Communication Devices	8	found nothing in 8 of 10 groups
14:40:50.254	998.103			set across the run	lcop_selection_set_tree/Electrical/BLD-EL-Telephone Devices	10	found nothing in 10 of 10 groups
14:40:50.255	998.104			set across the run	lcop_selection_set_tree/Electrical/BLD-EL-Data Devices	6	found nothing in 6 of 10 groups
