time	seconds	group	step	event	name	number	text
18:57:09.734	17.483	1A02MM	DECIDE	step started	DECIDE	0	
18:57:09.737	17.486	1A02MM	DECIDE	census before	models	0	
18:57:09.737	17.486	1A02MM	DECIDE	census before	sets	0	
18:57:09.738	17.487	1A02MM	DECIDE	census before	tests	0	
18:57:09.738	17.487	1A02MM	DECIDE	census before	results	0	
18:57:09.738	17.487	1A02MM	DECIDE	census before	views	0	
18:57:09.754	17.503	1A02MM		census after	models	0	
18:57:09.754	17.503	1A02MM		census after	sets	0	
18:57:09.754	17.504	1A02MM		census after	tests	0	
18:57:09.755	17.504	1A02MM		census after	results	0	
18:57:09.755	17.504	1A02MM		census after	views	0	
18:57:09.760	17.508	1A02MM		step finished	DECIDE	0.02	First run
18:57:09.792	17.541	1A02MM	APPEND	step started	APPEND	0	
18:57:09.795	17.543	1A02MM	APPEND	census before	models	0	
18:57:09.795	17.544	1A02MM	APPEND	census before	sets	0	
18:57:09.795	17.544	1A02MM	APPEND	census before	tests	0	
18:57:09.795	17.544	1A02MM	APPEND	census before	results	0	
18:57:09.795	17.545	1A02MM	APPEND	census before	views	0	
18:57:11.606	19.355	1A02MM	APPEND	appended	APPEND	1361597	C:\\Users\\p003653k\\AppData\\Local\\NwcFederatorLoop\\runs\\04\\NMFed\\NWC\\C02\\1104-PAR-1A02MM-ZZZ-AR-MOD-000001.nwc
18:57:11.723	19.472	1A02MM	APPEND	appended	APPEND	2074714	C:\\Users\\p003653k\\AppData\\Local\\NwcFederatorLoop\\runs\\04\\NMFed\\NWC\\C02\\1104-PAR-1A02MM-ZZZ-EL-MOD-000001.nwc
18:57:11.843	19.592	1A02MM	APPEND	appended	APPEND	2006253	C:\\Users\\p003653k\\AppData\\Local\\NwcFederatorLoop\\runs\\04\\NMFed\\NWC\\C02\\1104-PAR-1A02MM-ZZZ-ME-MOD-000001.nwc
18:57:11.924	19.674	1A02MM	APPEND	appended	APPEND	51608	C:\\Users\\p003653k\\AppData\\Local\\NwcFederatorLoop\\runs\\04\\NMFed\\NWC\\C02\\1104-PAR-1A02MM-ZZZ-ST-MOD-000001.nwc
18:57:11.938	19.687	1A02MM		census after	models	4	
18:57:11.938	19.687	1A02MM		census after	sets	0	
18:57:11.938	19.687	1A02MM		census after	tests	0	
18:57:11.939	19.688	1A02MM		census after	results	0	
18:57:11.939	19.688	1A02MM		census after	views	34	
18:57:11.941	19.690	1A02MM		step finished	APPEND	2.146	4 of 4 appended
18:57:11.942	19.691	1A02MM	NWF SAVE	step started	NWF SAVE	0	
18:57:11.943	19.692	1A02MM	NWF SAVE	census before	models	4	
18:57:11.944	19.693	1A02MM	NWF SAVE	census before	sets	0	
18:57:11.944	19.693	1A02MM	NWF SAVE	census before	tests	0	
18:57:11.944	19.693	1A02MM	NWF SAVE	census before	results	0	
18:57:11.944	19.693	1A02MM	NWF SAVE	census before	views	34	
18:57:13.509	21.258	1A02MM	NWF SAVE	written	NWF	4185	C:\\Users\\p003653k\\AppData\\Local\\NwcFederatorLoop\\runs\\04\\NMFed\\NWF\\C02\\1104-PAR-1A02MM-ZZZ-BM-MOD-000001.nwf
18:57:13.513	21.262	1A02MM		census after	models	4	
18:57:13.513	21.262	1A02MM		census after	sets	0	
18:57:13.514	21.263	1A02MM		census after	tests	0	
18:57:13.514	21.263	1A02MM		census after	results	0	
18:57:13.514	21.264	1A02MM		census after	views	34	
18:57:13.517	21.266	1A02MM		step finished	NWF SAVE	1.568	saved 4185 bytes
18:57:13.521	21.270	1A02MM	UNITS	step started	UNITS	0	
18:57:13.523	21.272	1A02MM	UNITS	census before	models	4	
18:57:13.524	21.272	1A02MM	UNITS	census before	sets	0	
18:57:13.524	21.273	1A02MM	UNITS	census before	tests	0	
18:57:13.524	21.273	1A02MM	UNITS	census before	results	0	
18:57:13.525	21.273	1A02MM	UNITS	census before	views	34	
18:57:13.731	21.480	1A02MM		census after	models	4	
18:57:13.732	21.481	1A02MM		census after	sets	0	
18:57:13.732	21.481	1A02MM		census after	tests	0	
18:57:13.732	21.481	1A02MM		census after	results	0	
18:57:13.733	21.482	1A02MM		census after	views	34	
18:57:13.734	21.483	1A02MM		step finished	UNITS	0.211	the document was asked for Meters
18:57:13.771	21.519	1A02MM		model placement	1104-PAR-1A02MM-ZZZ-AR-MOD-000001.nwc	-155	SWLS-02-SharedCoordinate
18:57:13.771	21.520	1A02MM		model placement	1104-PAR-1A02MM-ZZZ-EL-MOD-000001.nwc	680673.83	LTB2
18:57:13.772	21.520	1A02MM		model placement	1104-PAR-1A02MM-ZZZ-ME-MOD-000001.nwc	-150	PW3_Shared_Location
18:57:13.772	21.521	1A02MM		model placement	1104-PAR-1A02MM-ZZZ-ST-MOD-000001.nwc	680656.33	Internal
18:57:14.024	21.773	1A02MM		model export	1104-PAR-1A02MM-ZZZ-AR-MOD-000001.nwc	3107	1 workset(s), element id 100%
18:57:14.024	21.773	1A02MM		model export	1104-PAR-1A02MM-ZZZ-EL-MOD-000001.nwc	722	10 workset(s), element id 100%
18:57:14.025	21.774	1A02MM		model export	1104-PAR-1A02MM-ZZZ-ME-MOD-000001.nwc	1141	7 workset(s), element id 100%
18:57:14.025	21.774	1A02MM		model export	1104-PAR-1A02MM-ZZZ-ST-MOD-000001.nwc	72	3 workset(s), element id 100%
18:57:14.029	21.778	1A02MM	SETS	step started	SETS	0	
18:57:14.030	21.779	1A02MM	SETS	census before	models	4	
18:57:14.030	21.779	1A02MM	SETS	census before	sets	0	
18:57:14.030	21.779	1A02MM	SETS	census before	tests	0	
18:57:14.030	21.779	1A02MM	SETS	census before	results	0	
18:57:14.031	21.780	1A02MM	SETS	census before	views	34	
18:57:14.941	22.690	1A02MM		census after	models	4	
18:57:14.942	22.691	1A02MM		census after	sets	61	
18:57:14.942	22.691	1A02MM		census after	tests	0	
18:57:14.942	22.691	1A02MM		census after	results	0	
18:57:14.942	22.692	1A02MM		census after	views	34	
18:57:14.944	22.693	1A02MM		step finished	SETS	0.912	61 created, 0 already there, 33 finding items, 28 at zero.
18:57:15.026	22.776	1A02MM	TESTS CREATE	step started	TESTS CREATE	0	
18:57:15.028	22.777	1A02MM	TESTS CREATE	census before	models	4	
18:57:15.028	22.778	1A02MM	TESTS CREATE	census before	sets	61	
18:57:15.030	22.778	1A02MM	TESTS CREATE	census before	tests	0	
18:57:15.030	22.778	1A02MM	TESTS CREATE	census before	results	0	
18:57:15.030	22.779	1A02MM	TESTS CREATE	census before	views	34	
18:57:15.100	22.849	1A02MM	TESTS CREATE	test created	BLD-AR-Walls-vs-BLD-AR-Floors	0.082	hard_conservative, 0.0820209974 ft is 0.0820209974 ft
18:57:15.133	22.882	1A02MM		census after	models	4	
18:57:15.133	22.882	1A02MM		census after	sets	61	
18:57:15.133	22.882	1A02MM		census after	tests	1	
18:57:15.134	22.883	1A02MM		census after	results	0	
18:57:15.134	22.883	1A02MM		census after	views	34	
18:57:15.135	22.884	1A02MM		step finished	TESTS CREATE	0.108	BLD-AR-Walls-vs-BLD-AR-Floors
18:57:15.138	22.887	1A02MM	TESTS RUN	step started	TESTS RUN	0	
18:57:15.139	22.888	1A02MM	TESTS RUN	census before	models	4	
18:57:15.139	22.888	1A02MM	TESTS RUN	census before	sets	61	
18:57:15.139	22.888	1A02MM	TESTS RUN	census before	tests	1	
18:57:15.140	22.889	1A02MM	TESTS RUN	census before	results	0	
18:57:15.140	22.889	1A02MM	TESTS RUN	census before	views	34	
18:57:15.287	23.036	1A02MM		census after	models	4	
18:57:15.287	23.036	1A02MM		census after	sets	61	
18:57:15.287	23.036	1A02MM		census after	tests	1	
18:57:15.288	23.036	1A02MM		census after	results	0	
18:57:15.288	23.037	1A02MM		census after	views	34	
18:57:15.292	23.041	1A02MM		step finished	TESTS RUN	0.148	BLD-AR-Walls-vs-BLD-AR-Floors
18:57:15.294	23.043	1A02MM	HARVEST	step started	HARVEST	0	
18:57:15.295	23.044	1A02MM	HARVEST	census before	models	4	
18:57:15.295	23.044	1A02MM	HARVEST	census before	sets	61	
18:57:15.296	23.045	1A02MM	HARVEST	census before	tests	1	
18:57:15.296	23.045	1A02MM	HARVEST	census before	results	0	
18:57:15.296	23.045	1A02MM	HARVEST	census before	views	34	
18:57:15.323	23.071	1A02MM		census after	models	4	
18:57:15.323	23.072	1A02MM		census after	sets	61	
18:57:15.323	23.072	1A02MM		census after	tests	1	
18:57:15.323	23.072	1A02MM		census after	results	0	
18:57:15.324	23.072	1A02MM		census after	views	34	
18:57:15.325	23.073	1A02MM		step finished	HARVEST	0.028	BLD-AR-Walls-vs-BLD-AR-Floors
18:57:15.326	23.075	1A02MM		rows for the workbook	BLD-AR-Walls-vs-BLD-AR-Floors	0	0 in the document
18:57:15.328	23.077	1A02MM		test passed	BLD-AR-Walls-vs-BLD-AR-Floors	0	ran and found nothing
18:57:15.364	23.113	1A02MM	TESTS CREATE	test created	BLD-AR-Windows-vs-BLD-AR-Floors	0.082	hard_conservative, 0.0820209974 ft is 0.0820209974 ft
18:57:15.507	23.256	1A02MM		rows for the workbook	BLD-AR-Windows-vs-BLD-AR-Floors	0	0 in the document
18:57:15.512	23.260	1A02MM		test passed	BLD-AR-Windows-vs-BLD-AR-Floors	0	ran and found nothing
18:57:15.553	23.302	1A02MM	TESTS CREATE	test created	BLD-AR-Windows-vs-BLD-AR-Walls	0.082	hard_conservative, 0.0820209974 ft is 0.0820209974 ft
18:57:15.728	23.477	1A02MM		rows for the workbook	BLD-AR-Windows-vs-BLD-AR-Walls	0	0 in the document
18:57:15.730	23.479	1A02MM		test passed	BLD-AR-Windows-vs-BLD-AR-Walls	0	ran and found nothing
18:57:15.774	23.523	1A02MM	TESTS CREATE	test created	BLD-AR-Curtain Mullions-vs-BLD-AR-Floors	0.082	hard_conservative, 0.0820209974 ft is 0.0820209974 ft
18:57:15.948	23.697	1A02MM		rows for the workbook	BLD-AR-Curtain Mullions-vs-BLD-AR-Floors	0	0 in the document
18:57:15.950	23.699	1A02MM		test passed	BLD-AR-Curtain Mullions-vs-BLD-AR-Floors	0	ran and found nothing
18:57:16.010	23.759	1A02MM	TESTS CREATE	test created	BLD-AR-Curtain Mullions-vs-BLD-AR-Walls	0.082	hard_conservative, 0.0820209974 ft is 0.0820209974 ft
18:57:16.255	24.003	1A02MM	IMAGES	step started	IMAGES	0	
18:57:16.256	24.005	1A02MM	IMAGES	census before	models	4	
18:57:16.257	24.005	1A02MM	IMAGES	census before	sets	61	
18:57:16.257	24.006	1A02MM	IMAGES	census before	tests	5	
18:57:16.258	24.006	1A02MM	IMAGES	census before	results	24	
18:57:16.258	24.006	1A02MM	IMAGES	census before	views	34	
18:57:16.359	24.108	1A02MM	HARVEST	census after	models	4	
18:57:16.360	24.108	1A02MM	HARVEST	census after	sets	61	
18:57:16.360	24.109	1A02MM	HARVEST	census after	tests	5	
18:57:16.361	24.109	1A02MM	HARVEST	census after	results	24	
18:57:16.361	24.109	1A02MM	HARVEST	census after	views	34	
18:57:16.362	24.111	1A02MM	HARVEST	step finished	IMAGES	0.105	BLD-AR-Curtain Mullions-vs-BLD-AR-Walls
18:57:19.391	27.140	1A02MM		rows for the workbook	BLD-AR-Curtain Mullions-vs-BLD-AR-Walls	24	24 in the document
18:57:19.404	27.153	1A02MM		test found clashes	BLD-AR-Curtain Mullions-vs-BLD-AR-Walls	24	ran and found clashes
18:57:19.457	27.206	1A02MM	TESTS CREATE	test created	BLD-AR-Curtain Mullions-vs-BLD-AR-Windows	0.082	hard_conservative, 0.0820209974 ft is 0.0820209974 ft
19:00:18.014	205.762	1A02MM		rows for the workbook	BLD-AR-Curtain Mullions-vs-BLD-AR-Windows	2568	2568 in the document
19:00:18.017	205.764	1A02MM		test found clashes	BLD-AR-Curtain Mullions-vs-BLD-AR-Windows	2568	ran and found clashes
19:00:18.190	205.938	1A02MM	TESTS CREATE	test created	BLD-AR-Doors-vs-BLD-AR-Floors	0.082	hard_conservative, 0.0820209974 ft is 0.0820209974 ft
19:00:18.520	206.267	1A02MM		rows for the workbook	BLD-AR-Doors-vs-BLD-AR-Floors	1	1 in the document
19:00:18.520	206.268	1A02MM		test found clashes	BLD-AR-Doors-vs-BLD-AR-Floors	1	ran and found clashes
19:00:18.563	206.311	1A02MM	TESTS CREATE	test created	BLD-AR-Doors-vs-BLD-AR-Walls	0.082	hard_conservative, 0.0820209974 ft is 0.0820209974 ft
19:00:20.202	207.950	1A02MM		rows for the workbook	BLD-AR-Doors-vs-BLD-AR-Walls	17	17 in the document
19:00:20.202	207.950	1A02MM		test found clashes	BLD-AR-Doors-vs-BLD-AR-Walls	17	ran and found clashes
19:00:20.253	208.000	1A02MM	TESTS CREATE	test created	BLD-AR-Doors-vs-BLD-AR-Windows	0.082	hard_conservative, 0.0820209974 ft is 0.0820209974 ft
19:00:20.471	208.219	1A02MM		rows for the workbook	BLD-AR-Doors-vs-BLD-AR-Windows	0	0 in the document
19:00:20.471	208.219	1A02MM		test passed	BLD-AR-Doors-vs-BLD-AR-Windows	0	ran and found nothing
19:00:20.503	208.250	1A02MM	TESTS CREATE	test created	BLD-AR-Doors-vs-BLD-AR-Curtain Mullions	0.082	hard_conservative, 0.0820209974 ft is 0.0820209974 ft
19:00:21.129	208.877	1A02MM		rows for the workbook	BLD-AR-Doors-vs-BLD-AR-Curtain Mullions	7	7 in the document
19:00:21.130	208.878	1A02MM		test found clashes	BLD-AR-Doors-vs-BLD-AR-Curtain Mullions	7	ran and found clashes
19:00:21.176	208.924	1A02MM	TESTS CREATE	test created	BLD-AR-Railings-vs-BLD-AR-Floors	0.082	hard_conservative, 0.0820209974 ft is 0.0820209974 ft
19:00:21.408	209.156	1A02MM		rows for the workbook	BLD-AR-Railings-vs-BLD-AR-Floors	0	0 in the document
19:00:21.409	209.156	1A02MM		test passed	BLD-AR-Railings-vs-BLD-AR-Floors	0	ran and found nothing
19:00:21.441	209.189	1A02MM	TESTS CREATE	test created	BLD-AR-Railings-vs-BLD-AR-Walls	0.082	hard_conservative, 0.0820209974 ft is 0.0820209974 ft
19:00:21.656	209.404	1A02MM		rows for the workbook	BLD-AR-Railings-vs-BLD-AR-Walls	0	0 in the document
19:00:21.657	209.404	1A02MM		test passed	BLD-AR-Railings-vs-BLD-AR-Walls	0	ran and found nothing
19:00:21.690	209.438	1A02MM	TESTS CREATE	test created	BLD-AR-Railings-vs-BLD-AR-Windows	0.082	hard_conservative, 0.0820209974 ft is 0.0820209974 ft
19:00:21.922	209.669	1A02MM		rows for the workbook	BLD-AR-Railings-vs-BLD-AR-Windows	0	0 in the document
19:00:21.923	209.670	1A02MM		test passed	BLD-AR-Railings-vs-BLD-AR-Windows	0	ran and found nothing
19:00:21.957	209.704	1A02MM	TESTS CREATE	test created	BLD-AR-Railings-vs-BLD-AR-Curtain Mullions	0.082	hard_conservative, 0.0820209974 ft is 0.0820209974 ft
19:00:22.187	209.934	1A02MM		rows for the workbook	BLD-AR-Railings-vs-BLD-AR-Curtain Mullions	0	0 in the document
19:00:22.187	209.935	1A02MM		test passed	BLD-AR-Railings-vs-BLD-AR-Curtain Mullions	0	ran and found nothing
19:00:22.221	209.969	1A02MM	TESTS CREATE	test created	BLD-AR-Railings-vs-BLD-AR-Doors	0.082	hard_conservative, 0.0820209974 ft is 0.0820209974 ft
19:00:22.486	210.233	1A02MM		rows for the workbook	BLD-AR-Railings-vs-BLD-AR-Doors	0	0 in the document
19:00:22.486	210.234	1A02MM		test passed	BLD-AR-Railings-vs-BLD-AR-Doors	0	ran and found nothing
19:00:22.520	210.267	1A02MM	TESTS CREATE	test created	BLD-ST-Foundation-vs-BLD-AR-Floors	0.082	hard_conservative, 0.0820209974 ft is 0.0820209974 ft
19:00:22.766	210.514	1A02MM		rows for the workbook	BLD-ST-Foundation-vs-BLD-AR-Floors	0	0 in the document
19:00:22.767	210.514	1A02MM		test passed	BLD-ST-Foundation-vs-BLD-AR-Floors	0	ran and found nothing
19:00:22.800	210.547	1A02MM	TESTS CREATE	test created	BLD-ST-Foundation-vs-BLD-AR-Walls	0.082	hard_conservative, 0.0820209974 ft is 0.0820209974 ft
19:00:23.018	210.765	1A02MM		rows for the workbook	BLD-ST-Foundation-vs-BLD-AR-Walls	0	0 in the document
19:00:23.019	210.766	1A02MM		test passed	BLD-ST-Foundation-vs-BLD-AR-Walls	0	ran and found nothing
19:00:23.052	210.799	1A02MM	TESTS CREATE	test created	BLD-ST-Foundation-vs-BLD-AR-Windows	0.082	hard_conservative, 0.0820209974 ft is 0.0820209974 ft
19:00:23.267	211.014	1A02MM		rows for the workbook	BLD-ST-Foundation-vs-BLD-AR-Windows	0	0 in the document
19:00:23.267	211.014	1A02MM		test passed	BLD-ST-Foundation-vs-BLD-AR-Windows	0	ran and found nothing
19:00:23.301	211.048	1A02MM	TESTS CREATE	test created	BLD-ST-Foundation-vs-BLD-AR-Curtain Mullions	0.082	hard_conservative, 0.0820209974 ft is 0.0820209974 ft
19:00:23.516	211.264	1A02MM		rows for the workbook	BLD-ST-Foundation-vs-BLD-AR-Curtain Mullions	0	0 in the document
19:00:23.517	211.264	1A02MM		test passed	BLD-ST-Foundation-vs-BLD-AR-Curtain Mullions	0	ran and found nothing
19:00:23.550	211.297	1A02MM	TESTS CREATE	test created	BLD-ST-Foundation-vs-BLD-AR-Doors	0.082	hard_conservative, 0.0820209974 ft is 0.0820209974 ft
19:00:23.753	211.501	1A02MM		rows for the workbook	BLD-ST-Foundation-vs-BLD-AR-Doors	0	0 in the document
19:00:23.754	211.501	1A02MM		test passed	BLD-ST-Foundation-vs-BLD-AR-Doors	0	ran and found nothing
19:00:23.787	211.534	1A02MM	TESTS CREATE	test created	BLD-ST-Foundation-vs-BLD-AR-Railings	0.082	hard_conservative, 0.0820209974 ft is 0.0820209974 ft
19:00:23.988	211.736	1A02MM		rows for the workbook	BLD-ST-Foundation-vs-BLD-AR-Railings	0	0 in the document
19:00:23.989	211.736	1A02MM		test passed	BLD-ST-Foundation-vs-BLD-AR-Railings	0	ran and found nothing
19:00:24.021	211.769	1A02MM	TESTS CREATE	test created	BLD-ST-Columns-vs-BLD-AR-Floors	0.082	hard_conservative, 0.0820209974 ft is 0.0820209974 ft
19:00:24.221	211.969	1A02MM		rows for the workbook	BLD-ST-Columns-vs-BLD-AR-Floors	0	0 in the document
19:00:24.222	211.969	1A02MM		test passed	BLD-ST-Columns-vs-BLD-AR-Floors	0	ran and found nothing
19:00:24.255	212.003	1A02MM	TESTS CREATE	test created	BLD-ST-Columns-vs-BLD-AR-Walls	0.082	hard_conservative, 0.0820209974 ft is 0.0820209974 ft
19:00:24.471	212.219	1A02MM		rows for the workbook	BLD-ST-Columns-vs-BLD-AR-Walls	0	0 in the document
19:00:24.471	212.219	1A02MM		test passed	BLD-ST-Columns-vs-BLD-AR-Walls	0	ran and found nothing
19:00:24.505	212.252	1A02MM	TESTS CREATE	test created	BLD-ST-Columns-vs-BLD-AR-Windows	0.082	hard_conservative, 0.0820209974 ft is 0.0820209974 ft
19:00:24.705	212.452	1A02MM		rows for the workbook	BLD-ST-Columns-vs-BLD-AR-Windows	0	0 in the document
19:00:24.706	212.453	1A02MM		test passed	BLD-ST-Columns-vs-BLD-AR-Windows	0	ran and found nothing
19:00:24.739	212.486	1A02MM	TESTS CREATE	test created	BLD-ST-Columns-vs-BLD-AR-Curtain Mullions	0.082	hard_conservative, 0.0820209974 ft is 0.0820209974 ft
19:00:24.956	212.704	1A02MM		rows for the workbook	BLD-ST-Columns-vs-BLD-AR-Curtain Mullions	0	0 in the document
19:00:24.957	212.704	1A02MM		test passed	BLD-ST-Columns-vs-BLD-AR-Curtain Mullions	0	ran and found nothing
19:00:24.989	212.737	1A02MM	TESTS CREATE	test created	BLD-ST-Columns-vs-BLD-AR-Doors	0.082	hard_conservative, 0.0820209974 ft is 0.0820209974 ft
19:00:25.190	212.937	1A02MM		rows for the workbook	BLD-ST-Columns-vs-BLD-AR-Doors	0	0 in the document
19:00:25.190	212.937	1A02MM		test passed	BLD-ST-Columns-vs-BLD-AR-Doors	0	ran and found nothing
19:00:25.224	212.971	1A02MM	TESTS CREATE	test created	BLD-ST-Columns-vs-BLD-AR-Railings	0.082	hard_conservative, 0.0820209974 ft is 0.0820209974 ft
19:00:25.439	213.187	1A02MM		rows for the workbook	BLD-ST-Columns-vs-BLD-AR-Railings	0	0 in the document
19:00:25.439	213.187	1A02MM		test passed	BLD-ST-Columns-vs-BLD-AR-Railings	0	ran and found nothing
19:00:25.473	213.221	1A02MM	TESTS CREATE	test created	BLD-ST-Columns-vs-BLD-ST-Foundation	0.082	hard_conservative, 0.0820209974 ft is 0.0820209974 ft
19:00:25.674	213.421	1A02MM		rows for the workbook	BLD-ST-Columns-vs-BLD-ST-Foundation	0	0 in the document
19:00:25.674	213.422	1A02MM		test passed	BLD-ST-Columns-vs-BLD-ST-Foundation	0	ran and found nothing
19:00:25.706	213.454	1A02MM	TESTS CREATE	test created	BLD-ST-Framing-vs-BLD-AR-Floors	0.082	hard_conservative, 0.0820209974 ft is 0.0820209974 ft
19:00:25.910	213.657	1A02MM		rows for the workbook	BLD-ST-Framing-vs-BLD-AR-Floors	0	0 in the document
19:00:25.910	213.657	1A02MM		test passed	BLD-ST-Framing-vs-BLD-AR-Floors	0	ran and found nothing
19:00:25.940	213.688	1A02MM	TESTS CREATE	test created	BLD-ST-Framing-vs-BLD-AR-Walls	0.082	hard_conservative, 0.0820209974 ft is 0.0820209974 ft
19:00:26.140	213.887	1A02MM		rows for the workbook	BLD-ST-Framing-vs-BLD-AR-Walls	0	0 in the document
19:00:26.140	213.888	1A02MM		test passed	BLD-ST-Framing-vs-BLD-AR-Walls	0	ran and found nothing
19:00:26.172	213.920	1A02MM	TESTS CREATE	test created	BLD-ST-Framing-vs-BLD-AR-Windows	0.082	hard_conservative, 0.0820209974 ft is 0.0820209974 ft
19:00:26.373	214.120	1A02MM		rows for the workbook	BLD-ST-Framing-vs-BLD-AR-Windows	0	0 in the document
19:00:26.374	214.121	1A02MM		test passed	BLD-ST-Framing-vs-BLD-AR-Windows	0	ran and found nothing
19:00:26.407	214.155	1A02MM	TESTS CREATE	test created	BLD-ST-Framing-vs-BLD-AR-Curtain Mullions	0.082	hard_conservative, 0.0820209974 ft is 0.0820209974 ft
19:00:26.607	214.355	1A02MM		rows for the workbook	BLD-ST-Framing-vs-BLD-AR-Curtain Mullions	0	0 in the document
19:00:26.608	214.355	1A02MM		test passed	BLD-ST-Framing-vs-BLD-AR-Curtain Mullions	0	ran and found nothing
19:00:26.641	214.389	1A02MM	TESTS CREATE	test created	BLD-ST-Framing-vs-BLD-AR-Doors	0.082	hard_conservative, 0.0820209974 ft is 0.0820209974 ft
19:00:26.859	214.606	1A02MM		rows for the workbook	BLD-ST-Framing-vs-BLD-AR-Doors	0	0 in the document
19:00:26.860	214.607	1A02MM		test passed	BLD-ST-Framing-vs-BLD-AR-Doors	0	ran and found nothing
19:00:26.893	214.640	1A02MM	TESTS CREATE	test created	BLD-ST-Framing-vs-BLD-AR-Railings	0.082	hard_conservative, 0.0820209974 ft is 0.0820209974 ft
19:00:27.107	214.855	1A02MM		rows for the workbook	BLD-ST-Framing-vs-BLD-AR-Railings	0	0 in the document
19:00:27.108	214.855	1A02MM		test passed	BLD-ST-Framing-vs-BLD-AR-Railings	0	ran and found nothing
19:00:27.141	214.889	1A02MM	TESTS CREATE	test created	BLD-ST-Framing-vs-BLD-ST-Foundation	0.082	hard_conservative, 0.0820209974 ft is 0.0820209974 ft
19:00:27.358	215.106	1A02MM		rows for the workbook	BLD-ST-Framing-vs-BLD-ST-Foundation	0	0 in the document
19:00:27.359	215.106	1A02MM		test passed	BLD-ST-Framing-vs-BLD-ST-Foundation	0	ran and found nothing
19:00:27.406	215.153	1A02MM	TESTS CREATE	test created	BLD-ST-Framing-vs-BLD-ST-Columns	0.082	hard_conservative, 0.0820209974 ft is 0.0820209974 ft
19:00:30.888	218.636	1A02MM		rows for the workbook	BLD-ST-Framing-vs-BLD-ST-Columns	25	25 in the document
19:00:30.889	218.637	1A02MM		test found clashes	BLD-ST-Framing-vs-BLD-ST-Columns	25	ran and found clashes
19:00:30.943	218.691	1A02MM	TESTS CREATE	test created	BLD-ST-Walls-vs-BLD-AR-Floors	0.082	hard_conservative, 0.0820209974 ft is 0.0820209974 ft
19:00:31.143	218.891	1A02MM		rows for the workbook	BLD-ST-Walls-vs-BLD-AR-Floors	0	0 in the document
19:00:31.144	218.891	1A02MM		test passed	BLD-ST-Walls-vs-BLD-AR-Floors	0	ran and found nothing
19:00:31.178	218.926	1A02MM	TESTS CREATE	test created	BLD-ST-Walls-vs-BLD-AR-Walls	0.082	hard_conservative, 0.0820209974 ft is 0.0820209974 ft
19:00:31.377	219.125	1A02MM		rows for the workbook	BLD-ST-Walls-vs-BLD-AR-Walls	0	0 in the document
19:00:31.377	219.125	1A02MM		test passed	BLD-ST-Walls-vs-BLD-AR-Walls	0	ran and found nothing
19:00:31.409	219.157	1A02MM	TESTS CREATE	test created	BLD-ST-Walls-vs-BLD-AR-Windows	0.082	hard_conservative, 0.0820209974 ft is 0.0820209974 ft
19:00:31.609	219.356	1A02MM		rows for the workbook	BLD-ST-Walls-vs-BLD-AR-Windows	0	0 in the document
19:00:31.610	219.357	1A02MM		test passed	BLD-ST-Walls-vs-BLD-AR-Windows	0	ran and found nothing
19:00:31.642	219.389	1A02MM	TESTS CREATE	test created	BLD-ST-Walls-vs-BLD-AR-Curtain Mullions	0.082	hard_conservative, 0.0820209974 ft is 0.0820209974 ft
19:00:31.870	219.618	1A02MM		rows for the workbook	BLD-ST-Walls-vs-BLD-AR-Curtain Mullions	0	0 in the document
19:00:31.871	219.618	1A02MM		test passed	BLD-ST-Walls-vs-BLD-AR-Curtain Mullions	0	ran and found nothing
19:00:31.904	219.651	1A02MM	TESTS CREATE	test created	BLD-ST-Walls-vs-BLD-AR-Doors	0.082	hard_conservative, 0.0820209974 ft is 0.0820209974 ft
19:00:32.139	219.886	1A02MM		rows for the workbook	BLD-ST-Walls-vs-BLD-AR-Doors	0	0 in the document
19:00:32.139	219.887	1A02MM		test passed	BLD-ST-Walls-vs-BLD-AR-Doors	0	ran and found nothing
19:00:32.187	219.934	1A02MM	TESTS CREATE	test created	BLD-ST-Walls-vs-BLD-AR-Railings	0.082	hard_conservative, 0.0820209974 ft is 0.0820209974 ft
19:00:32.418	220.166	1A02MM		rows for the workbook	BLD-ST-Walls-vs-BLD-AR-Railings	0	0 in the document
19:00:32.418	220.166	1A02MM		test passed	BLD-ST-Walls-vs-BLD-AR-Railings	0	ran and found nothing
19:00:32.466	220.214	1A02MM	TESTS CREATE	test created	BLD-ST-Walls-vs-BLD-ST-Foundation	0.082	hard_conservative, 0.0820209974 ft is 0.0820209974 ft
19:00:32.699	220.446	1A02MM		rows for the workbook	BLD-ST-Walls-vs-BLD-ST-Foundation	0	0 in the document
19:00:32.700	220.447	1A02MM		test passed	BLD-ST-Walls-vs-BLD-ST-Foundation	0	ran and found nothing
19:00:32.747	220.495	1A02MM	TESTS CREATE	test created	BLD-ST-Walls-vs-BLD-ST-Columns	0.082	hard_conservative, 0.0820209974 ft is 0.0820209974 ft
19:00:32.978	220.725	1A02MM		rows for the workbook	BLD-ST-Walls-vs-BLD-ST-Columns	0	0 in the document
19:00:32.978	220.726	1A02MM		test passed	BLD-ST-Walls-vs-BLD-ST-Columns	0	ran and found nothing
19:00:33.013	220.760	1A02MM	TESTS CREATE	test created	BLD-ST-Walls-vs-BLD-ST-Framing	0.082	hard_conservative, 0.0820209974 ft is 0.0820209974 ft
19:00:33.276	221.023	1A02MM		rows for the workbook	BLD-ST-Walls-vs-BLD-ST-Framing	0	0 in the document
19:00:33.276	221.023	1A02MM		test passed	BLD-ST-Walls-vs-BLD-ST-Framing	0	ran and found nothing
19:00:33.309	221.057	1A02MM	TESTS CREATE	test created	BLD-ST-Floors-vs-BLD-AR-Floors	0.082	hard_conservative, 0.0820209974 ft is 0.0820209974 ft
19:00:33.525	221.272	1A02MM		rows for the workbook	BLD-ST-Floors-vs-BLD-AR-Floors	0	0 in the document
19:00:33.526	221.273	1A02MM		test passed	BLD-ST-Floors-vs-BLD-AR-Floors	0	ran and found nothing
19:00:33.548	221.296	1A02MM	TESTS CREATE	test created	BLD-ST-Floors-vs-BLD-AR-Walls	0.082	hard_conservative, 0.0820209974 ft is 0.0820209974 ft
19:00:33.773	221.520	1A02MM		rows for the workbook	BLD-ST-Floors-vs-BLD-AR-Walls	0	0 in the document
19:00:33.774	221.521	1A02MM		test passed	BLD-ST-Floors-vs-BLD-AR-Walls	0	ran and found nothing
19:00:33.806	221.553	1A02MM	TESTS CREATE	test created	BLD-ST-Floors-vs-BLD-AR-Windows	0.082	hard_conservative, 0.0820209974 ft is 0.0820209974 ft
19:00:34.037	221.785	1A02MM		rows for the workbook	BLD-ST-Floors-vs-BLD-AR-Windows	0	0 in the document
19:00:34.037	221.785	1A02MM		test passed	BLD-ST-Floors-vs-BLD-AR-Windows	0	ran and found nothing
19:00:34.070	221.818	1A02MM	TESTS CREATE	test created	BLD-ST-Floors-vs-BLD-AR-Curtain Mullions	0.082	hard_conservative, 0.0820209974 ft is 0.0820209974 ft
19:00:34.318	222.066	1A02MM		rows for the workbook	BLD-ST-Floors-vs-BLD-AR-Curtain Mullions	0	0 in the document
19:00:34.319	222.066	1A02MM		test passed	BLD-ST-Floors-vs-BLD-AR-Curtain Mullions	0	ran and found nothing
19:00:34.352	222.100	1A02MM	TESTS CREATE	test created	BLD-ST-Floors-vs-BLD-AR-Doors	0.082	hard_conservative, 0.0820209974 ft is 0.0820209974 ft
19:00:34.585	222.333	1A02MM		rows for the workbook	BLD-ST-Floors-vs-BLD-AR-Doors	0	0 in the document
19:00:34.586	222.333	1A02MM		test passed	BLD-ST-Floors-vs-BLD-AR-Doors	0	ran and found nothing
19:00:34.619	222.367	1A02MM	TESTS CREATE	test created	BLD-ST-Floors-vs-BLD-AR-Railings	0.082	hard_conservative, 0.0820209974 ft is 0.0820209974 ft
19:00:34.854	222.602	1A02MM		rows for the workbook	BLD-ST-Floors-vs-BLD-AR-Railings	0	0 in the document
19:00:34.855	222.602	1A02MM		test passed	BLD-ST-Floors-vs-BLD-AR-Railings	0	ran and found nothing
19:00:34.887	222.635	1A02MM	TESTS CREATE	test created	BLD-ST-Floors-vs-BLD-ST-Foundation	0.082	hard_conservative, 0.0820209974 ft is 0.0820209974 ft
19:00:35.118	222.865	1A02MM		rows for the workbook	BLD-ST-Floors-vs-BLD-ST-Foundation	0	0 in the document
19:00:35.118	222.866	1A02MM		test passed	BLD-ST-Floors-vs-BLD-ST-Foundation	0	ran and found nothing
19:00:35.153	222.901	1A02MM	TESTS CREATE	test created	BLD-ST-Floors-vs-BLD-ST-Columns	0.082	hard_conservative, 0.0820209974 ft is 0.0820209974 ft
19:00:36.493	224.241	1A02MM		rows for the workbook	BLD-ST-Floors-vs-BLD-ST-Columns	6	6 in the document
19:00:36.493	224.241	1A02MM		test found clashes	BLD-ST-Floors-vs-BLD-ST-Columns	6	ran and found clashes
19:00:36.526	224.274	1A02MM	TESTS CREATE	test created	BLD-ST-Floors-vs-BLD-ST-Framing	0.082	hard_conservative, 0.0820209974 ft is 0.0820209974 ft
19:00:37.051	224.799	1A02MM		rows for the workbook	BLD-ST-Floors-vs-BLD-ST-Framing	2	2 in the document
19:00:37.051	224.799	1A02MM		test found clashes	BLD-ST-Floors-vs-BLD-ST-Framing	2	ran and found clashes
19:00:37.089	224.837	1A02MM	TESTS CREATE	test created	BLD-ST-Floors-vs-BLD-ST-Walls	0.082	hard_conservative, 0.0820209974 ft is 0.0820209974 ft
19:00:37.307	225.055	1A02MM		rows for the workbook	BLD-ST-Floors-vs-BLD-ST-Walls	0	0 in the document
19:00:37.308	225.055	1A02MM		test passed	BLD-ST-Floors-vs-BLD-ST-Walls	0	ran and found nothing
19:00:37.331	225.078	1A02MM	TESTS CREATE	test created	BLD-ST-Stair-vs-BLD-AR-Floors	0.082	hard_conservative, 0.0820209974 ft is 0.0820209974 ft
19:00:37.558	225.305	1A02MM		rows for the workbook	BLD-ST-Stair-vs-BLD-AR-Floors	0	0 in the document
19:00:37.558	225.306	1A02MM		test passed	BLD-ST-Stair-vs-BLD-AR-Floors	0	ran and found nothing
19:00:37.600	225.347	1A02MM	TESTS CREATE	test created	BLD-ST-Stair-vs-BLD-AR-Walls	0.082	hard_conservative, 0.0820209974 ft is 0.0820209974 ft
19:00:37.826	225.573	1A02MM		rows for the workbook	BLD-ST-Stair-vs-BLD-AR-Walls	0	0 in the document
19:00:37.826	225.573	1A02MM		test passed	BLD-ST-Stair-vs-BLD-AR-Walls	0	ran and found nothing
19:00:37.859	225.607	1A02MM	TESTS CREATE	test created	BLD-ST-Stair-vs-BLD-AR-Windows	0.082	hard_conservative, 0.0820209974 ft is 0.0820209974 ft
19:00:38.060	225.808	1A02MM		rows for the workbook	BLD-ST-Stair-vs-BLD-AR-Windows	0	0 in the document
19:00:38.061	225.808	1A02MM		test passed	BLD-ST-Stair-vs-BLD-AR-Windows	0	ran and found nothing
19:00:38.094	225.842	1A02MM	TESTS CREATE	test created	BLD-ST-Stair-vs-BLD-AR-Curtain Mullions	0.082	hard_conservative, 0.0820209974 ft is 0.0820209974 ft
19:00:38.325	226.072	1A02MM		rows for the workbook	BLD-ST-Stair-vs-BLD-AR-Curtain Mullions	0	0 in the document
19:00:38.326	226.073	1A02MM		test passed	BLD-ST-Stair-vs-BLD-AR-Curtain Mullions	0	ran and found nothing
19:00:38.360	226.107	1A02MM	TESTS CREATE	test created	BLD-ST-Stair-vs-BLD-AR-Doors	0.082	hard_conservative, 0.0820209974 ft is 0.0820209974 ft
19:00:38.590	226.338	1A02MM		rows for the workbook	BLD-ST-Stair-vs-BLD-AR-Doors	0	0 in the document
19:00:38.591	226.338	1A02MM		test passed	BLD-ST-Stair-vs-BLD-AR-Doors	0	ran and found nothing
19:00:38.643	226.391	1A02MM	TESTS CREATE	test created	BLD-ST-Stair-vs-BLD-AR-Railings	0.082	hard_conservative, 0.0820209974 ft is 0.0820209974 ft
19:00:38.889	226.637	1A02MM		rows for the workbook	BLD-ST-Stair-vs-BLD-AR-Railings	0	0 in the document
19:00:38.890	226.637	1A02MM		test passed	BLD-ST-Stair-vs-BLD-AR-Railings	0	ran and found nothing
19:00:38.924	226.671	1A02MM	TESTS CREATE	test created	BLD-ST-Stair-vs-BLD-ST-Foundation	0.082	hard_conservative, 0.0820209974 ft is 0.0820209974 ft
19:00:39.168	226.916	1A02MM		rows for the workbook	BLD-ST-Stair-vs-BLD-ST-Foundation	0	0 in the document
19:00:39.168	226.916	1A02MM		test passed	BLD-ST-Stair-vs-BLD-ST-Foundation	0	ran and found nothing
19:00:39.218	226.965	1A02MM	TESTS CREATE	test created	BLD-ST-Stair-vs-BLD-ST-Columns	0.082	hard_conservative, 0.0820209974 ft is 0.0820209974 ft
19:00:39.464	227.212	1A02MM		rows for the workbook	BLD-ST-Stair-vs-BLD-ST-Columns	0	0 in the document
19:00:39.465	227.212	1A02MM		test passed	BLD-ST-Stair-vs-BLD-ST-Columns	0	ran and found nothing
19:00:39.507	227.255	1A02MM	TESTS CREATE	test created	BLD-ST-Stair-vs-BLD-ST-Framing	0.082	hard_conservative, 0.0820209974 ft is 0.0820209974 ft
19:00:39.745	227.492	1A02MM		rows for the workbook	BLD-ST-Stair-vs-BLD-ST-Framing	0	0 in the document
19:00:39.745	227.493	1A02MM		test passed	BLD-ST-Stair-vs-BLD-ST-Framing	0	ran and found nothing
19:00:39.780	227.527	1A02MM	TESTS CREATE	test created	BLD-ST-Stair-vs-BLD-ST-Walls	0.082	hard_conservative, 0.0820209974 ft is 0.0820209974 ft
19:00:40.034	227.782	1A02MM		rows for the workbook	BLD-ST-Stair-vs-BLD-ST-Walls	0	0 in the document
19:00:40.035	227.783	1A02MM		test passed	BLD-ST-Stair-vs-BLD-ST-Walls	0	ran and found nothing
19:00:40.065	227.812	1A02MM	TESTS CREATE	test created	BLD-ST-Stair-vs-BLD-ST-Floors	0.082	hard_conservative, 0.0820209974 ft is 0.0820209974 ft
19:00:40.308	228.056	1A02MM		rows for the workbook	BLD-ST-Stair-vs-BLD-ST-Floors	0	0 in the document
19:00:40.308	228.056	1A02MM		test passed	BLD-ST-Stair-vs-BLD-ST-Floors	0	ran and found nothing
19:00:40.342	228.089	1A02MM	TESTS CREATE	test created	BLD-ME-Ducts&Duct Fittings-vs-BLD-AR-Floors	0.082	hard_conservative, 0.0820209974 ft is 0.0820209974 ft
19:00:40.571	228.319	1A02MM		rows for the workbook	BLD-ME-Ducts&Duct Fittings-vs-BLD-AR-Floors	0	0 in the document
19:00:40.572	228.319	1A02MM		test passed	BLD-ME-Ducts&Duct Fittings-vs-BLD-AR-Floors	0	ran and found nothing
19:00:40.606	228.353	1A02MM	TESTS CREATE	test created	BLD-ME-Ducts&Duct Fittings-vs-BLD-AR-Walls	0.082	hard_conservative, 0.0820209974 ft is 0.0820209974 ft
19:00:41.157	228.904	1A02MM		rows for the workbook	BLD-ME-Ducts&Duct Fittings-vs-BLD-AR-Walls	6	6 in the document
19:00:41.157	228.904	1A02MM		test found clashes	BLD-ME-Ducts&Duct Fittings-vs-BLD-AR-Walls	6	ran and found clashes
19:00:41.197	228.944	1A02MM	TESTS CREATE	test created	BLD-ME-Ducts&Duct Fittings-vs-BLD-AR-Windows	0.082	hard_conservative, 0.0820209974 ft is 0.0820209974 ft
19:00:41.427	229.175	1A02MM		rows for the workbook	BLD-ME-Ducts&Duct Fittings-vs-BLD-AR-Windows	0	0 in the document
19:00:41.428	229.175	1A02MM		test passed	BLD-ME-Ducts&Duct Fittings-vs-BLD-AR-Windows	0	ran and found nothing
19:00:41.462	229.209	1A02MM	TESTS CREATE	test created	BLD-ME-Ducts&Duct Fittings-vs-BLD-AR-Curtain Mullions	0.082	hard_conservative, 0.0820209974 ft is 0.0820209974 ft
19:00:41.692	229.439	1A02MM		rows for the workbook	BLD-ME-Ducts&Duct Fittings-vs-BLD-AR-Curtain Mullions	0	0 in the document
19:00:41.693	229.440	1A02MM		test passed	BLD-ME-Ducts&Duct Fittings-vs-BLD-AR-Curtain Mullions	0	ran and found nothing
19:00:41.724	229.472	1A02MM	TESTS CREATE	test created	BLD-ME-Ducts&Duct Fittings-vs-BLD-AR-Doors	0.082	hard_conservative, 0.0820209974 ft is 0.0820209974 ft
19:00:41.928	229.675	1A02MM		rows for the workbook	BLD-ME-Ducts&Duct Fittings-vs-BLD-AR-Doors	0	0 in the document
19:00:41.928	229.675	1A02MM		test passed	BLD-ME-Ducts&Duct Fittings-vs-BLD-AR-Doors	0	ran and found nothing
19:00:41.958	229.706	1A02MM	TESTS CREATE	test created	BLD-ME-Ducts&Duct Fittings-vs-BLD-AR-Railings	0.082	hard_conservative, 0.0820209974 ft is 0.0820209974 ft
19:00:42.174	229.922	1A02MM		rows for the workbook	BLD-ME-Ducts&Duct Fittings-vs-BLD-AR-Railings	0	0 in the document
19:00:42.175	229.922	1A02MM		test passed	BLD-ME-Ducts&Duct Fittings-vs-BLD-AR-Railings	0	ran and found nothing
19:00:42.208	229.956	1A02MM	TESTS CREATE	test created	BLD-ME-Ducts&Duct Fittings-vs-BLD-ST-Foundation	0.082	hard_conservative, 0.0820209974 ft is 0.0820209974 ft
19:00:42.440	230.188	1A02MM		rows for the workbook	BLD-ME-Ducts&Duct Fittings-vs-BLD-ST-Foundation	0	0 in the document
19:00:42.441	230.188	1A02MM		test passed	BLD-ME-Ducts&Duct Fittings-vs-BLD-ST-Foundation	0	ran and found nothing
19:00:42.474	230.222	1A02MM	TESTS CREATE	test created	BLD-ME-Ducts&Duct Fittings-vs-BLD-ST-Columns	0.082	hard_conservative, 0.0820209974 ft is 0.0820209974 ft
19:00:42.692	230.440	1A02MM		rows for the workbook	BLD-ME-Ducts&Duct Fittings-vs-BLD-ST-Columns	0	0 in the document
19:00:42.693	230.440	1A02MM		test passed	BLD-ME-Ducts&Duct Fittings-vs-BLD-ST-Columns	0	ran and found nothing
19:00:42.727	230.474	1A02MM	TESTS CREATE	test created	BLD-ME-Ducts&Duct Fittings-vs-BLD-ST-Framing	0.082	hard_conservative, 0.0820209974 ft is 0.0820209974 ft
19:00:42.941	230.689	1A02MM		rows for the workbook	BLD-ME-Ducts&Duct Fittings-vs-BLD-ST-Framing	0	0 in the document
19:00:42.942	230.689	1A02MM		test passed	BLD-ME-Ducts&Duct Fittings-vs-BLD-ST-Framing	0	ran and found nothing
19:00:42.974	230.722	1A02MM	TESTS CREATE	test created	BLD-ME-Ducts&Duct Fittings-vs-BLD-ST-Walls	0.082	hard_conservative, 0.0820209974 ft is 0.0820209974 ft
19:00:43.187	230.934	1A02MM		rows for the workbook	BLD-ME-Ducts&Duct Fittings-vs-BLD-ST-Walls	0	0 in the document
19:00:43.187	230.934	1A02MM		test passed	BLD-ME-Ducts&Duct Fittings-vs-BLD-ST-Walls	0	ran and found nothing
19:00:43.225	230.973	1A02MM	TESTS CREATE	test created	BLD-ME-Ducts&Duct Fittings-vs-BLD-ST-Floors	0.082	hard_conservative, 0.0820209974 ft is 0.0820209974 ft
19:00:43.441	231.189	1A02MM		rows for the workbook	BLD-ME-Ducts&Duct Fittings-vs-BLD-ST-Floors	0	0 in the document
19:00:43.441	231.189	1A02MM		test passed	BLD-ME-Ducts&Duct Fittings-vs-BLD-ST-Floors	0	ran and found nothing
19:00:43.475	231.222	1A02MM	TESTS CREATE	test created	BLD-ME-Ducts&Duct Fittings-vs-BLD-ST-Stair	0.082	hard_conservative, 0.0820209974 ft is 0.0820209974 ft
19:00:43.689	231.437	1A02MM		rows for the workbook	BLD-ME-Ducts&Duct Fittings-vs-BLD-ST-Stair	0	0 in the document
19:00:43.690	231.437	1A02MM		test passed	BLD-ME-Ducts&Duct Fittings-vs-BLD-ST-Stair	0	ran and found nothing
19:00:43.722	231.470	1A02MM	TESTS CREATE	test created	BLD-ME-Duct Accessory-vs-BLD-AR-Floors	0.082	hard_conservative, 0.0820209974 ft is 0.0820209974 ft
19:00:43.956	231.703	1A02MM		rows for the workbook	BLD-ME-Duct Accessory-vs-BLD-AR-Floors	0	0 in the document
19:00:43.957	231.704	1A02MM		test passed	BLD-ME-Duct Accessory-vs-BLD-AR-Floors	0	ran and found nothing
19:00:43.991	231.738	1A02MM	TESTS CREATE	test created	BLD-ME-Duct Accessory-vs-BLD-AR-Walls	0.082	hard_conservative, 0.0820209974 ft is 0.0820209974 ft
19:00:44.441	232.188	1A02MM		rows for the workbook	BLD-ME-Duct Accessory-vs-BLD-AR-Walls	4	4 in the document
19:00:44.442	232.189	1A02MM		test found clashes	BLD-ME-Duct Accessory-vs-BLD-AR-Walls	4	ran and found clashes
19:00:44.473	232.220	1A02MM	TESTS CREATE	test created	BLD-ME-Duct Accessory-vs-BLD-AR-Windows	0.082	hard_conservative, 0.0820209974 ft is 0.0820209974 ft
19:00:44.676	232.424	1A02MM		rows for the workbook	BLD-ME-Duct Accessory-vs-BLD-AR-Windows	0	0 in the document
19:00:44.677	232.424	1A02MM		test passed	BLD-ME-Duct Accessory-vs-BLD-AR-Windows	0	ran and found nothing
19:00:44.709	232.457	1A02MM	TESTS CREATE	test created	BLD-ME-Duct Accessory-vs-BLD-AR-Curtain Mullions	0.082	hard_conservative, 0.0820209974 ft is 0.0820209974 ft
19:00:44.943	232.690	1A02MM		rows for the workbook	BLD-ME-Duct Accessory-vs-BLD-AR-Curtain Mullions	0	0 in the document
19:00:44.944	232.691	1A02MM		test passed	BLD-ME-Duct Accessory-vs-BLD-AR-Curtain Mullions	0	ran and found nothing
19:00:44.977	232.724	1A02MM	TESTS CREATE	test created	BLD-ME-Duct Accessory-vs-BLD-AR-Doors	0.082	hard_conservative, 0.0820209974 ft is 0.0820209974 ft
19:00:45.193	232.941	1A02MM		rows for the workbook	BLD-ME-Duct Accessory-vs-BLD-AR-Doors	0	0 in the document
19:00:45.194	232.941	1A02MM		test passed	BLD-ME-Duct Accessory-vs-BLD-AR-Doors	0	ran and found nothing
19:00:45.228	232.975	1A02MM	TESTS CREATE	test created	BLD-ME-Duct Accessory-vs-BLD-AR-Railings	0.082	hard_conservative, 0.0820209974 ft is 0.0820209974 ft
19:00:45.443	233.191	1A02MM		rows for the workbook	BLD-ME-Duct Accessory-vs-BLD-AR-Railings	0	0 in the document
19:00:45.444	233.191	1A02MM		test passed	BLD-ME-Duct Accessory-vs-BLD-AR-Railings	0	ran and found nothing
19:00:45.475	233.223	1A02MM	TESTS CREATE	test created	BLD-ME-Duct Accessory-vs-BLD-ST-Foundation	0.082	hard_conservative, 0.0820209974 ft is 0.0820209974 ft
19:00:45.679	233.427	1A02MM		rows for the workbook	BLD-ME-Duct Accessory-vs-BLD-ST-Foundation	0	0 in the document
19:00:45.679	233.427	1A02MM		test passed	BLD-ME-Duct Accessory-vs-BLD-ST-Foundation	0	ran and found nothing
19:00:45.713	233.460	1A02MM	TESTS CREATE	test created	BLD-ME-Duct Accessory-vs-BLD-ST-Columns	0.082	hard_conservative, 0.0820209974 ft is 0.0820209974 ft
19:00:45.928	233.676	1A02MM		rows for the workbook	BLD-ME-Duct Accessory-vs-BLD-ST-Columns	0	0 in the document
19:00:45.929	233.676	1A02MM		test passed	BLD-ME-Duct Accessory-vs-BLD-ST-Columns	0	ran and found nothing
19:00:45.962	233.711	1A02MM	TESTS CREATE	test created	BLD-ME-Duct Accessory-vs-BLD-ST-Framing	0.082	hard_conservative, 0.0820209974 ft is 0.0820209974 ft
19:00:46.179	233.926	1A02MM		rows for the workbook	BLD-ME-Duct Accessory-vs-BLD-ST-Framing	0	0 in the document
19:00:46.180	233.927	1A02MM		test passed	BLD-ME-Duct Accessory-vs-BLD-ST-Framing	0	ran and found nothing
19:00:46.213	233.961	1A02MM	TESTS CREATE	test created	BLD-ME-Duct Accessory-vs-BLD-ST-Walls	0.082	hard_conservative, 0.0820209974 ft is 0.0820209974 ft
19:00:46.428	234.176	1A02MM		rows for the workbook	BLD-ME-Duct Accessory-vs-BLD-ST-Walls	0	0 in the document
19:00:46.429	234.176	1A02MM		test passed	BLD-ME-Duct Accessory-vs-BLD-ST-Walls	0	ran and found nothing
19:00:46.461	234.208	1A02MM	TESTS CREATE	test created	BLD-ME-Duct Accessory-vs-BLD-ST-Floors	0.082	hard_conservative, 0.0820209974 ft is 0.0820209974 ft
19:00:46.678	234.425	1A02MM		rows for the workbook	BLD-ME-Duct Accessory-vs-BLD-ST-Floors	0	0 in the document
19:00:46.679	234.426	1A02MM		test passed	BLD-ME-Duct Accessory-vs-BLD-ST-Floors	0	ran and found nothing
19:00:46.712	234.459	1A02MM	TESTS CREATE	test created	BLD-ME-Duct Accessory-vs-BLD-ST-Stair	0.082	hard_conservative, 0.0820209974 ft is 0.0820209974 ft
19:00:46.912	234.659	1A02MM		rows for the workbook	BLD-ME-Duct Accessory-vs-BLD-ST-Stair	0	0 in the document
19:00:46.912	234.660	1A02MM		test passed	BLD-ME-Duct Accessory-vs-BLD-ST-Stair	0	ran and found nothing
19:00:46.939	234.687	1A02MM	TESTS CREATE	test created	BLD-ME-Duct Accessory-vs-BLD-ME-Ducts&Duct Fittings	0.082	hard_conservative, 0.0820209974 ft is 0.0820209974 ft
19:00:47.509	235.257	1A02MM		rows for the workbook	BLD-ME-Duct Accessory-vs-BLD-ME-Ducts&Duct Fittings	6	6 in the document
19:00:47.510	235.257	1A02MM		test found clashes	BLD-ME-Duct Accessory-vs-BLD-ME-Ducts&Duct Fittings	6	ran and found clashes
19:00:47.555	235.302	1A02MM	TESTS CREATE	test created	BLD-ME-Mechanical Equipment-vs-BLD-AR-Floors	0.082	hard_conservative, 0.0820209974 ft is 0.0820209974 ft
19:00:47.771	235.519	1A02MM		rows for the workbook	BLD-ME-Mechanical Equipment-vs-BLD-AR-Floors	0	0 in the document
19:00:47.771	235.519	1A02MM		test passed	BLD-ME-Mechanical Equipment-vs-BLD-AR-Floors	0	ran and found nothing
19:00:47.806	235.553	1A02MM	TESTS CREATE	test created	BLD-ME-Mechanical Equipment-vs-BLD-AR-Walls	0.082	hard_conservative, 0.0820209974 ft is 0.0820209974 ft
19:00:48.183	235.930	1A02MM		rows for the workbook	BLD-ME-Mechanical Equipment-vs-BLD-AR-Walls	3	3 in the document
19:00:48.183	235.930	1A02MM		test found clashes	BLD-ME-Mechanical Equipment-vs-BLD-AR-Walls	3	ran and found clashes
19:00:48.228	235.975	1A02MM	TESTS CREATE	test created	BLD-ME-Mechanical Equipment-vs-BLD-AR-Windows	0.082	hard_conservative, 0.0820209974 ft is 0.0820209974 ft
19:00:48.428	236.175	1A02MM		rows for the workbook	BLD-ME-Mechanical Equipment-vs-BLD-AR-Windows	0	0 in the document
19:00:48.429	236.176	1A02MM		test passed	BLD-ME-Mechanical Equipment-vs-BLD-AR-Windows	0	ran and found nothing
19:00:48.462	236.209	1A02MM	TESTS CREATE	test created	BLD-ME-Mechanical Equipment-vs-BLD-AR-Curtain Mullions	0.082	hard_conservative, 0.0820209974 ft is 0.0820209974 ft
19:00:48.693	236.440	1A02MM		rows for the workbook	BLD-ME-Mechanical Equipment-vs-BLD-AR-Curtain Mullions	0	0 in the document
19:00:48.694	236.441	1A02MM		test passed	BLD-ME-Mechanical Equipment-vs-BLD-AR-Curtain Mullions	0	ran and found nothing
19:00:48.726	236.474	1A02MM	TESTS CREATE	test created	BLD-ME-Mechanical Equipment-vs-BLD-AR-Doors	0.082	hard_conservative, 0.0820209974 ft is 0.0820209974 ft
19:00:48.927	236.674	1A02MM		rows for the workbook	BLD-ME-Mechanical Equipment-vs-BLD-AR-Doors	0	0 in the document
19:00:48.927	236.675	1A02MM		test passed	BLD-ME-Mechanical Equipment-vs-BLD-AR-Doors	0	ran and found nothing
19:00:48.959	236.707	1A02MM	TESTS CREATE	test created	BLD-ME-Mechanical Equipment-vs-BLD-AR-Railings	0.082	hard_conservative, 0.0820209974 ft is 0.0820209974 ft
19:00:49.228	236.975	1A02MM		rows for the workbook	BLD-ME-Mechanical Equipment-vs-BLD-AR-Railings	0	0 in the document
19:00:49.228	236.976	1A02MM		test passed	BLD-ME-Mechanical Equipment-vs-BLD-AR-Railings	0	ran and found nothing
19:00:49.259	237.007	1A02MM	TESTS CREATE	test created	BLD-ME-Mechanical Equipment-vs-BLD-ST-Foundation	0.082	hard_conservative, 0.0820209974 ft is 0.0820209974 ft
19:00:49.474	237.221	1A02MM		rows for the workbook	BLD-ME-Mechanical Equipment-vs-BLD-ST-Foundation	0	0 in the document
19:00:49.474	237.222	1A02MM		test passed	BLD-ME-Mechanical Equipment-vs-BLD-ST-Foundation	0	ran and found nothing
19:00:49.508	237.255	1A02MM	TESTS CREATE	test created	BLD-ME-Mechanical Equipment-vs-BLD-ST-Columns	0.082	hard_conservative, 0.0820209974 ft is 0.0820209974 ft
19:00:49.756	237.503	1A02MM		rows for the workbook	BLD-ME-Mechanical Equipment-vs-BLD-ST-Columns	0	0 in the document
19:00:49.757	237.504	1A02MM		test passed	BLD-ME-Mechanical Equipment-vs-BLD-ST-Columns	0	ran and found nothing
19:00:49.790	237.537	1A02MM	TESTS CREATE	test created	BLD-ME-Mechanical Equipment-vs-BLD-ST-Framing	0.082	hard_conservative, 0.0820209974 ft is 0.0820209974 ft
19:00:50.004	237.752	1A02MM		rows for the workbook	BLD-ME-Mechanical Equipment-vs-BLD-ST-Framing	0	0 in the document
19:00:50.006	237.753	1A02MM		test passed	BLD-ME-Mechanical Equipment-vs-BLD-ST-Framing	0	ran and found nothing
19:00:50.040	237.787	1A02MM	TESTS CREATE	test created	BLD-ME-Mechanical Equipment-vs-BLD-ST-Walls	0.082	hard_conservative, 0.0820209974 ft is 0.0820209974 ft
19:00:50.254	238.001	1A02MM		rows for the workbook	BLD-ME-Mechanical Equipment-vs-BLD-ST-Walls	0	0 in the document
19:00:50.254	238.001	1A02MM		test passed	BLD-ME-Mechanical Equipment-vs-BLD-ST-Walls	0	ran and found nothing
19:00:50.288	238.034	1A02MM	TESTS CREATE	test created	BLD-ME-Mechanical Equipment-vs-BLD-ST-Floors	0.082	hard_conservative, 0.0820209974 ft is 0.0820209974 ft
19:00:50.501	238.249	1A02MM		rows for the workbook	BLD-ME-Mechanical Equipment-vs-BLD-ST-Floors	0	0 in the document
19:00:50.502	238.249	1A02MM		test passed	BLD-ME-Mechanical Equipment-vs-BLD-ST-Floors	0	ran and found nothing
19:00:50.536	238.283	1A02MM	TESTS CREATE	test created	BLD-ME-Mechanical Equipment-vs-BLD-ST-Stair	0.082	hard_conservative, 0.0820209974 ft is 0.0820209974 ft
19:00:50.737	238.484	1A02MM		rows for the workbook	BLD-ME-Mechanical Equipment-vs-BLD-ST-Stair	0	0 in the document
19:00:50.737	238.484	1A02MM		test passed	BLD-ME-Mechanical Equipment-vs-BLD-ST-Stair	0	ran and found nothing
19:00:50.770	238.517	1A02MM	TESTS CREATE	test created	BLD-ME-Mechanical Equipment-vs-BLD-ME-Ducts&Duct Fittings	0.082	hard_conservative, 0.0820209974 ft is 0.0820209974 ft
19:00:50.988	238.735	1A02MM		rows for the workbook	BLD-ME-Mechanical Equipment-vs-BLD-ME-Ducts&Duct Fittings	0	0 in the document
19:00:50.989	238.736	1A02MM		test passed	BLD-ME-Mechanical Equipment-vs-BLD-ME-Ducts&Duct Fittings	0	ran and found nothing
19:00:51.022	238.769	1A02MM	TESTS CREATE	test created	BLD-ME-Mechanical Equipment-vs-BLD-ME-Duct Accessory	0.082	hard_conservative, 0.0820209974 ft is 0.0820209974 ft
19:00:51.237	238.984	1A02MM		rows for the workbook	BLD-ME-Mechanical Equipment-vs-BLD-ME-Duct Accessory	0	0 in the document
19:00:51.238	238.985	1A02MM		test passed	BLD-ME-Mechanical Equipment-vs-BLD-ME-Duct Accessory	0	ran and found nothing
19:00:51.270	239.017	1A02MM	TESTS CREATE	test created	BLD-ME-Air Terminals-vs-BLD-AR-Floors	0.082	hard_conservative, 0.0820209974 ft is 0.0820209974 ft
19:00:51.518	239.266	1A02MM		rows for the workbook	BLD-ME-Air Terminals-vs-BLD-AR-Floors	0	0 in the document
19:00:51.518	239.267	1A02MM		test passed	BLD-ME-Air Terminals-vs-BLD-AR-Floors	0	ran and found nothing
19:00:51.555	239.302	1A02MM	TESTS CREATE	test created	BLD-ME-Air Terminals-vs-BLD-AR-Walls	0.082	hard_conservative, 0.0820209974 ft is 0.0820209974 ft
19:00:52.045	239.792	1A02MM		rows for the workbook	BLD-ME-Air Terminals-vs-BLD-AR-Walls	4	4 in the document
19:00:52.045	239.792	1A02MM		test found clashes	BLD-ME-Air Terminals-vs-BLD-AR-Walls	4	ran and found clashes
19:00:52.087	239.834	1A02MM	TESTS CREATE	test created	BLD-ME-Air Terminals-vs-BLD-AR-Windows	0.082	hard_conservative, 0.0820209974 ft is 0.0820209974 ft
19:00:52.301	240.048	1A02MM		rows for the workbook	BLD-ME-Air Terminals-vs-BLD-AR-Windows	0	0 in the document
19:00:52.301	240.048	1A02MM		test passed	BLD-ME-Air Terminals-vs-BLD-AR-Windows	0	ran and found nothing
19:00:52.334	240.081	1A02MM	TESTS CREATE	test created	BLD-ME-Air Terminals-vs-BLD-AR-Curtain Mullions	0.082	hard_conservative, 0.0820209974 ft is 0.0820209974 ft
19:00:52.552	240.299	1A02MM		rows for the workbook	BLD-ME-Air Terminals-vs-BLD-AR-Curtain Mullions	0	0 in the document
19:00:52.553	240.300	1A02MM		test passed	BLD-ME-Air Terminals-vs-BLD-AR-Curtain Mullions	0	ran and found nothing
19:00:52.586	240.333	1A02MM	TESTS CREATE	test created	BLD-ME-Air Terminals-vs-BLD-AR-Doors	0.082	hard_conservative, 0.0820209974 ft is 0.0820209974 ft
19:00:52.862	240.610	1A02MM		rows for the workbook	BLD-ME-Air Terminals-vs-BLD-AR-Doors	1	1 in the document
19:00:52.862	240.610	1A02MM		test found clashes	BLD-ME-Air Terminals-vs-BLD-AR-Doors	1	ran and found clashes
19:00:52.899	240.646	1A02MM	TESTS CREATE	test created	BLD-ME-Air Terminals-vs-BLD-AR-Railings	0.082	hard_conservative, 0.0820209974 ft is 0.0820209974 ft
19:00:53.099	240.846	1A02MM		rows for the workbook	BLD-ME-Air Terminals-vs-BLD-AR-Railings	0	0 in the document
19:00:53.099	240.847	1A02MM		test passed	BLD-ME-Air Terminals-vs-BLD-AR-Railings	0	ran and found nothing
19:00:53.132	240.879	1A02MM	TESTS CREATE	test created	BLD-ME-Air Terminals-vs-BLD-ST-Foundation	0.082	hard_conservative, 0.0820209974 ft is 0.0820209974 ft
19:00:53.348	241.095	1A02MM		rows for the workbook	BLD-ME-Air Terminals-vs-BLD-ST-Foundation	0	0 in the document
19:00:53.349	241.096	1A02MM		test passed	BLD-ME-Air Terminals-vs-BLD-ST-Foundation	0	ran and found nothing
19:00:53.382	241.129	1A02MM	TESTS CREATE	test created	BLD-ME-Air Terminals-vs-BLD-ST-Columns	0.082	hard_conservative, 0.0820209974 ft is 0.0820209974 ft
19:00:53.582	241.329	1A02MM		rows for the workbook	BLD-ME-Air Terminals-vs-BLD-ST-Columns	0	0 in the document
19:00:53.582	241.330	1A02MM		test passed	BLD-ME-Air Terminals-vs-BLD-ST-Columns	0	ran and found nothing
19:00:53.616	241.363	1A02MM	TESTS CREATE	test created	BLD-ME-Air Terminals-vs-BLD-ST-Framing	0.082	hard_conservative, 0.0820209974 ft is 0.0820209974 ft
19:00:53.832	241.579	1A02MM		rows for the workbook	BLD-ME-Air Terminals-vs-BLD-ST-Framing	0	0 in the document
19:00:53.833	241.580	1A02MM		test passed	BLD-ME-Air Terminals-vs-BLD-ST-Framing	0	ran and found nothing
19:00:53.865	241.613	1A02MM	TESTS CREATE	test created	BLD-ME-Air Terminals-vs-BLD-ST-Walls	0.082	hard_conservative, 0.0820209974 ft is 0.0820209974 ft
19:00:54.065	241.813	1A02MM		rows for the workbook	BLD-ME-Air Terminals-vs-BLD-ST-Walls	0	0 in the document
19:00:54.066	241.813	1A02MM		test passed	BLD-ME-Air Terminals-vs-BLD-ST-Walls	0	ran and found nothing
19:00:54.100	241.847	1A02MM	TESTS CREATE	test created	BLD-ME-Air Terminals-vs-BLD-ST-Floors	0.082	hard_conservative, 0.0820209974 ft is 0.0820209974 ft
19:00:54.315	242.062	1A02MM		rows for the workbook	BLD-ME-Air Terminals-vs-BLD-ST-Floors	0	0 in the document
19:00:54.315	242.062	1A02MM		test passed	BLD-ME-Air Terminals-vs-BLD-ST-Floors	0	ran and found nothing
19:00:54.348	242.095	1A02MM	TESTS CREATE	test created	BLD-ME-Air Terminals-vs-BLD-ST-Stair	0.082	hard_conservative, 0.0820209974 ft is 0.0820209974 ft
19:00:54.548	242.296	1A02MM		rows for the workbook	BLD-ME-Air Terminals-vs-BLD-ST-Stair	0	0 in the document
19:00:54.549	242.297	1A02MM		test passed	BLD-ME-Air Terminals-vs-BLD-ST-Stair	0	ran and found nothing
19:00:54.583	242.330	1A02MM	TESTS CREATE	test created	BLD-ME-Air Terminals-vs-BLD-ME-Ducts&Duct Fittings	0.082	hard_conservative, 0.0820209974 ft is 0.0820209974 ft
19:00:54.782	242.530	1A02MM		rows for the workbook	BLD-ME-Air Terminals-vs-BLD-ME-Ducts&Duct Fittings	0	0 in the document
19:00:54.783	242.530	1A02MM		test passed	BLD-ME-Air Terminals-vs-BLD-ME-Ducts&Duct Fittings	0	ran and found nothing
19:00:54.816	242.563	1A02MM	TESTS CREATE	test created	BLD-ME-Air Terminals-vs-BLD-ME-Duct Accessory	0.082	hard_conservative, 0.0820209974 ft is 0.0820209974 ft
19:00:55.034	242.781	1A02MM		rows for the workbook	BLD-ME-Air Terminals-vs-BLD-ME-Duct Accessory	0	0 in the document
19:00:55.035	242.782	1A02MM		test passed	BLD-ME-Air Terminals-vs-BLD-ME-Duct Accessory	0	ran and found nothing
19:00:55.068	242.815	1A02MM	TESTS CREATE	test created	BLD-ME-Air Terminals-vs-BLD-ME-Mechanical Equipment	0.082	hard_conservative, 0.0820209974 ft is 0.0820209974 ft
19:00:55.297	243.045	1A02MM		rows for the workbook	BLD-ME-Air Terminals-vs-BLD-ME-Mechanical Equipment	0	0 in the document
19:00:55.298	243.045	1A02MM		test passed	BLD-ME-Air Terminals-vs-BLD-ME-Mechanical Equipment	0	ran and found nothing
19:00:55.334	243.081	1A02MM	TESTS CREATE	test created	BLD-ME-Pipes&Pipe Fittings-vs-BLD-AR-Floors	0.082	hard_conservative, 0.0820209974 ft is 0.0820209974 ft
19:00:55.566	243.313	1A02MM		rows for the workbook	BLD-ME-Pipes&Pipe Fittings-vs-BLD-AR-Floors	0	0 in the document
19:00:55.566	243.313	1A02MM		test passed	BLD-ME-Pipes&Pipe Fittings-vs-BLD-AR-Floors	0	ran and found nothing
19:00:55.600	243.348	1A02MM	TESTS CREATE	test created	BLD-ME-Pipes&Pipe Fittings-vs-BLD-AR-Walls	0.082	hard_conservative, 0.0820209974 ft is 0.0820209974 ft
19:00:57.554	245.301	1A02MM		rows for the workbook	BLD-ME-Pipes&Pipe Fittings-vs-BLD-AR-Walls	16	16 in the document
19:00:57.554	245.301	1A02MM		test found clashes	BLD-ME-Pipes&Pipe Fittings-vs-BLD-AR-Walls	16	ran and found clashes
19:00:57.596	245.343	1A02MM	TESTS CREATE	test created	BLD-ME-Pipes&Pipe Fittings-vs-BLD-AR-Windows	0.082	hard_conservative, 0.0820209974 ft is 0.0820209974 ft
19:00:57.811	245.558	1A02MM		rows for the workbook	BLD-ME-Pipes&Pipe Fittings-vs-BLD-AR-Windows	0	0 in the document
19:00:57.812	245.559	1A02MM		test passed	BLD-ME-Pipes&Pipe Fittings-vs-BLD-AR-Windows	0	ran and found nothing
19:00:57.846	245.593	1A02MM	TESTS CREATE	test created	BLD-ME-Pipes&Pipe Fittings-vs-BLD-AR-Curtain Mullions	0.082	hard_conservative, 0.0820209974 ft is 0.0820209974 ft
19:00:58.078	245.826	1A02MM		rows for the workbook	BLD-ME-Pipes&Pipe Fittings-vs-BLD-AR-Curtain Mullions	0	0 in the document
19:00:58.079	245.826	1A02MM		test passed	BLD-ME-Pipes&Pipe Fittings-vs-BLD-AR-Curtain Mullions	0	ran and found nothing
19:00:58.117	245.863	1A02MM	TESTS CREATE	test created	BLD-ME-Pipes&Pipe Fittings-vs-BLD-AR-Doors	0.082	hard_conservative, 0.0820209974 ft is 0.0820209974 ft
19:00:58.349	246.097	1A02MM		rows for the workbook	BLD-ME-Pipes&Pipe Fittings-vs-BLD-AR-Doors	0	0 in the document
19:00:58.349	246.097	1A02MM		test passed	BLD-ME-Pipes&Pipe Fittings-vs-BLD-AR-Doors	0	ran and found nothing
19:00:58.383	246.130	1A02MM	TESTS CREATE	test created	BLD-ME-Pipes&Pipe Fittings-vs-BLD-AR-Railings	0.082	hard_conservative, 0.0820209974 ft is 0.0820209974 ft
19:00:58.608	246.355	1A02MM		rows for the workbook	BLD-ME-Pipes&Pipe Fittings-vs-BLD-AR-Railings	0	0 in the document
19:00:58.609	246.356	1A02MM		test passed	BLD-ME-Pipes&Pipe Fittings-vs-BLD-AR-Railings	0	ran and found nothing
19:00:58.647	246.395	1A02MM	TESTS CREATE	test created	BLD-ME-Pipes&Pipe Fittings-vs-BLD-ST-Foundation	0.082	hard_conservative, 0.0820209974 ft is 0.0820209974 ft
19:00:58.862	246.609	1A02MM		rows for the workbook	BLD-ME-Pipes&Pipe Fittings-vs-BLD-ST-Foundation	0	0 in the document
19:00:58.862	246.610	1A02MM		test passed	BLD-ME-Pipes&Pipe Fittings-vs-BLD-ST-Foundation	0	ran and found nothing
19:00:58.895	246.643	1A02MM	TESTS CREATE	test created	BLD-ME-Pipes&Pipe Fittings-vs-BLD-ST-Columns	0.082	hard_conservative, 0.0820209974 ft is 0.0820209974 ft
19:00:59.142	246.890	1A02MM		rows for the workbook	BLD-ME-Pipes&Pipe Fittings-vs-BLD-ST-Columns	0	0 in the document
19:00:59.143	246.890	1A02MM		test passed	BLD-ME-Pipes&Pipe Fittings-vs-BLD-ST-Columns	0	ran and found nothing
19:00:59.178	246.926	1A02MM	TESTS CREATE	test created	BLD-ME-Pipes&Pipe Fittings-vs-BLD-ST-Framing	0.082	hard_conservative, 0.0820209974 ft is 0.0820209974 ft
19:00:59.425	247.172	1A02MM		rows for the workbook	BLD-ME-Pipes&Pipe Fittings-vs-BLD-ST-Framing	0	0 in the document
19:00:59.425	247.172	1A02MM		test passed	BLD-ME-Pipes&Pipe Fittings-vs-BLD-ST-Framing	0	ran and found nothing
19:00:59.458	247.206	1A02MM	TESTS CREATE	test created	BLD-ME-Pipes&Pipe Fittings-vs-BLD-ST-Walls	0.082	hard_conservative, 0.0820209974 ft is 0.0820209974 ft
19:00:59.707	247.453	1A02MM		rows for the workbook	BLD-ME-Pipes&Pipe Fittings-vs-BLD-ST-Walls	0	0 in the document
19:00:59.707	247.454	1A02MM		test passed	BLD-ME-Pipes&Pipe Fittings-vs-BLD-ST-Walls	0	ran and found nothing
19:00:59.740	247.487	1A02MM	TESTS CREATE	test created	BLD-ME-Pipes&Pipe Fittings-vs-BLD-ST-Floors	0.082	hard_conservative, 0.0820209974 ft is 0.0820209974 ft
19:00:59.970	247.717	1A02MM		rows for the workbook	BLD-ME-Pipes&Pipe Fittings-vs-BLD-ST-Floors	0	0 in the document
19:00:59.970	247.718	1A02MM		test passed	BLD-ME-Pipes&Pipe Fittings-vs-BLD-ST-Floors	0	ran and found nothing
19:01:00.004	247.751	1A02MM	TESTS CREATE	test created	BLD-ME-Pipes&Pipe Fittings-vs-BLD-ST-Stair	0.082	hard_conservative, 0.0820209974 ft is 0.0820209974 ft
19:01:00.220	247.967	1A02MM		rows for the workbook	BLD-ME-Pipes&Pipe Fittings-vs-BLD-ST-Stair	0	0 in the document
19:01:00.221	247.968	1A02MM		test passed	BLD-ME-Pipes&Pipe Fittings-vs-BLD-ST-Stair	0	ran and found nothing
19:01:00.255	248.002	1A02MM	TESTS CREATE	test created	BLD-ME-Pipes&Pipe Fittings-vs-BLD-ME-Ducts&Duct Fittings	0.082	hard_conservative, 0.0820209974 ft is 0.0820209974 ft
19:01:00.470	248.217	1A02MM		rows for the workbook	BLD-ME-Pipes&Pipe Fittings-vs-BLD-ME-Ducts&Duct Fittings	0	0 in the document
19:01:00.470	248.218	1A02MM		test passed	BLD-ME-Pipes&Pipe Fittings-vs-BLD-ME-Ducts&Duct Fittings	0	ran and found nothing
19:01:00.504	248.251	1A02MM	TESTS CREATE	test created	BLD-ME-Pipes&Pipe Fittings-vs-BLD-ME-Duct Accessory	0.082	hard_conservative, 0.0820209974 ft is 0.0820209974 ft
19:01:00.721	248.468	1A02MM		rows for the workbook	BLD-ME-Pipes&Pipe Fittings-vs-BLD-ME-Duct Accessory	0	0 in the document
19:01:00.722	248.469	1A02MM		test passed	BLD-ME-Pipes&Pipe Fittings-vs-BLD-ME-Duct Accessory	0	ran and found nothing
19:01:00.755	248.502	1A02MM	TESTS CREATE	test created	BLD-ME-Pipes&Pipe Fittings-vs-BLD-ME-Mechanical Equipment	0.082	hard_conservative, 0.0820209974 ft is 0.0820209974 ft
19:01:01.289	249.037	1A02MM		rows for the workbook	BLD-ME-Pipes&Pipe Fittings-vs-BLD-ME-Mechanical Equipment	6	6 in the document
19:01:01.290	249.037	1A02MM		test found clashes	BLD-ME-Pipes&Pipe Fittings-vs-BLD-ME-Mechanical Equipment	6	ran and found clashes
19:01:01.333	249.080	1A02MM	TESTS CREATE	test created	BLD-ME-Pipes&Pipe Fittings-vs-BLD-ME-Air Terminals	0.082	hard_conservative, 0.0820209974 ft is 0.0820209974 ft
19:01:01.564	249.310	1A02MM		rows for the workbook	BLD-ME-Pipes&Pipe Fittings-vs-BLD-ME-Air Terminals	0	0 in the document
19:01:01.564	249.311	1A02MM		test passed	BLD-ME-Pipes&Pipe Fittings-vs-BLD-ME-Air Terminals	0	ran and found nothing
19:01:01.596	249.344	1A02MM	TESTS CREATE	test created	BLD-PL-Mechanical Equipment-vs-BLD-AR-Floors	0.082	hard_conservative, 0.0820209974 ft is 0.0820209974 ft
19:01:01.815	249.561	1A02MM		rows for the workbook	BLD-PL-Mechanical Equipment-vs-BLD-AR-Floors	0	0 in the document
19:01:01.815	249.562	1A02MM		test passed	BLD-PL-Mechanical Equipment-vs-BLD-AR-Floors	0	ran and found nothing
19:01:01.849	249.596	1A02MM	TESTS CREATE	test created	BLD-PL-Mechanical Equipment-vs-BLD-AR-Walls	0.082	hard_conservative, 0.0820209974 ft is 0.0820209974 ft
19:01:02.062	249.810	1A02MM		rows for the workbook	BLD-PL-Mechanical Equipment-vs-BLD-AR-Walls	0	0 in the document
19:01:02.063	249.810	1A02MM		test passed	BLD-PL-Mechanical Equipment-vs-BLD-AR-Walls	0	ran and found nothing
19:01:02.096	249.844	1A02MM	TESTS CREATE	test created	BLD-PL-Mechanical Equipment-vs-BLD-AR-Windows	0.082	hard_conservative, 0.0820209974 ft is 0.0820209974 ft
19:01:02.312	250.059	1A02MM		rows for the workbook	BLD-PL-Mechanical Equipment-vs-BLD-AR-Windows	0	0 in the document
19:01:02.312	250.060	1A02MM		test passed	BLD-PL-Mechanical Equipment-vs-BLD-AR-Windows	0	ran and found nothing
19:01:02.346	250.093	1A02MM	TESTS CREATE	test created	BLD-PL-Mechanical Equipment-vs-BLD-AR-Curtain Mullions	0.082	hard_conservative, 0.0820209974 ft is 0.0820209974 ft
19:01:02.548	250.295	1A02MM		rows for the workbook	BLD-PL-Mechanical Equipment-vs-BLD-AR-Curtain Mullions	0	0 in the document
19:01:02.549	250.296	1A02MM		test passed	BLD-PL-Mechanical Equipment-vs-BLD-AR-Curtain Mullions	0	ran and found nothing
19:01:02.581	250.329	1A02MM	TESTS CREATE	test created	BLD-PL-Mechanical Equipment-vs-BLD-AR-Doors	0.082	hard_conservative, 0.0820209974 ft is 0.0820209974 ft
19:01:02.796	250.543	1A02MM		rows for the workbook	BLD-PL-Mechanical Equipment-vs-BLD-AR-Doors	0	0 in the document
19:01:02.797	250.544	1A02MM		test passed	BLD-PL-Mechanical Equipment-vs-BLD-AR-Doors	0	ran and found nothing
19:01:02.830	250.577	1A02MM	TESTS CREATE	test created	BLD-PL-Mechanical Equipment-vs-BLD-AR-Railings	0.082	hard_conservative, 0.0820209974 ft is 0.0820209974 ft
19:01:03.029	250.777	1A02MM		rows for the workbook	BLD-PL-Mechanical Equipment-vs-BLD-AR-Railings	0	0 in the document
19:01:03.030	250.777	1A02MM		test passed	BLD-PL-Mechanical Equipment-vs-BLD-AR-Railings	0	ran and found nothing
19:01:03.094	250.841	1A02MM	TESTS CREATE	test created	BLD-PL-Mechanical Equipment-vs-BLD-ST-Foundation	0.082	hard_conservative, 0.0820209974 ft is 0.0820209974 ft
19:01:03.295	251.043	1A02MM		rows for the workbook	BLD-PL-Mechanical Equipment-vs-BLD-ST-Foundation	0	0 in the document
19:01:03.296	251.043	1A02MM		test passed	BLD-PL-Mechanical Equipment-vs-BLD-ST-Foundation	0	ran and found nothing
19:01:03.330	251.077	1A02MM	TESTS CREATE	test created	BLD-PL-Mechanical Equipment-vs-BLD-ST-Columns	0.082	hard_conservative, 0.0820209974 ft is 0.0820209974 ft
19:01:03.545	251.293	1A02MM		rows for the workbook	BLD-PL-Mechanical Equipment-vs-BLD-ST-Columns	0	0 in the document
19:01:03.546	251.293	1A02MM		test passed	BLD-PL-Mechanical Equipment-vs-BLD-ST-Columns	0	ran and found nothing
19:01:03.612	251.359	1A02MM	TESTS CREATE	test created	BLD-PL-Mechanical Equipment-vs-BLD-ST-Framing	0.082	hard_conservative, 0.0820209974 ft is 0.0820209974 ft
19:01:03.827	251.574	1A02MM		rows for the workbook	BLD-PL-Mechanical Equipment-vs-BLD-ST-Framing	0	0 in the document
19:01:03.828	251.575	1A02MM		test passed	BLD-PL-Mechanical Equipment-vs-BLD-ST-Framing	0	ran and found nothing
19:01:03.860	251.608	1A02MM	TESTS CREATE	test created	BLD-PL-Mechanical Equipment-vs-BLD-ST-Walls	0.082	hard_conservative, 0.0820209974 ft is 0.0820209974 ft
19:01:04.075	251.823	1A02MM		rows for the workbook	BLD-PL-Mechanical Equipment-vs-BLD-ST-Walls	0	0 in the document
19:01:04.076	251.824	1A02MM		test passed	BLD-PL-Mechanical Equipment-vs-BLD-ST-Walls	0	ran and found nothing
19:01:04.141	251.888	1A02MM	TESTS CREATE	test created	BLD-PL-Mechanical Equipment-vs-BLD-ST-Floors	0.082	hard_conservative, 0.0820209974 ft is 0.0820209974 ft
19:01:04.357	252.105	1A02MM		rows for the workbook	BLD-PL-Mechanical Equipment-vs-BLD-ST-Floors	0	0 in the document
19:01:04.358	252.105	1A02MM		test passed	BLD-PL-Mechanical Equipment-vs-BLD-ST-Floors	0	ran and found nothing
19:01:04.391	252.138	1A02MM	TESTS CREATE	test created	BLD-PL-Mechanical Equipment-vs-BLD-ST-Stair	0.082	hard_conservative, 0.0820209974 ft is 0.0820209974 ft
19:01:04.606	252.353	1A02MM		rows for the workbook	BLD-PL-Mechanical Equipment-vs-BLD-ST-Stair	0	0 in the document
19:01:04.607	252.354	1A02MM		test passed	BLD-PL-Mechanical Equipment-vs-BLD-ST-Stair	0	ran and found nothing
19:01:04.655	252.403	1A02MM	TESTS CREATE	test created	BLD-PL-Mechanical Equipment-vs-BLD-ME-Ducts&Duct Fittings	0.082	hard_conservative, 0.0820209974 ft is 0.0820209974 ft
19:01:04.887	252.634	1A02MM		rows for the workbook	BLD-PL-Mechanical Equipment-vs-BLD-ME-Ducts&Duct Fittings	0	0 in the document
19:01:04.888	252.635	1A02MM		test passed	BLD-PL-Mechanical Equipment-vs-BLD-ME-Ducts&Duct Fittings	0	ran and found nothing
19:01:04.951	252.699	1A02MM	TESTS CREATE	test created	BLD-PL-Mechanical Equipment-vs-BLD-ME-Duct Accessory	0.082	hard_conservative, 0.0820209974 ft is 0.0820209974 ft
19:01:05.182	252.930	1A02MM		rows for the workbook	BLD-PL-Mechanical Equipment-vs-BLD-ME-Duct Accessory	0	0 in the document
19:01:05.183	252.930	1A02MM		test passed	BLD-PL-Mechanical Equipment-vs-BLD-ME-Duct Accessory	0	ran and found nothing
19:01:05.216	252.964	1A02MM	TESTS CREATE	test created	BLD-PL-Mechanical Equipment-vs-BLD-ME-Mechanical Equipment	0.082	hard_conservative, 0.0820209974 ft is 0.0820209974 ft
19:01:05.449	253.196	1A02MM		rows for the workbook	BLD-PL-Mechanical Equipment-vs-BLD-ME-Mechanical Equipment	0	0 in the document
19:01:05.449	253.197	1A02MM		test passed	BLD-PL-Mechanical Equipment-vs-BLD-ME-Mechanical Equipment	0	ran and found nothing
19:01:05.483	253.231	1A02MM	TESTS CREATE	test created	BLD-PL-Mechanical Equipment-vs-BLD-ME-Air Terminals	0.082	hard_conservative, 0.0820209974 ft is 0.0820209974 ft
19:01:05.714	253.462	1A02MM		rows for the workbook	BLD-PL-Mechanical Equipment-vs-BLD-ME-Air Terminals	0	0 in the document
19:01:05.714	253.462	1A02MM		test passed	BLD-PL-Mechanical Equipment-vs-BLD-ME-Air Terminals	0	ran and found nothing
19:01:05.749	253.496	1A02MM	TESTS CREATE	test created	BLD-PL-Mechanical Equipment-vs-BLD-ME-Pipes&Pipe Fittings	0.082	hard_conservative, 0.0820209974 ft is 0.0820209974 ft
19:01:05.994	253.741	1A02MM		rows for the workbook	BLD-PL-Mechanical Equipment-vs-BLD-ME-Pipes&Pipe Fittings	0	0 in the document
19:01:05.995	253.742	1A02MM		test passed	BLD-PL-Mechanical Equipment-vs-BLD-ME-Pipes&Pipe Fittings	0	ran and found nothing
19:01:06.028	253.775	1A02MM	TESTS CREATE	test created	BLD-PL-Pipes & Pipe Fittings-vs-BLD-AR-Floors	0.082	hard_conservative, 0.0820209974 ft is 0.0820209974 ft
19:01:06.261	254.008	1A02MM		rows for the workbook	BLD-PL-Pipes & Pipe Fittings-vs-BLD-AR-Floors	0	0 in the document
19:01:06.262	254.009	1A02MM		test passed	BLD-PL-Pipes & Pipe Fittings-vs-BLD-AR-Floors	0	ran and found nothing
19:01:06.294	254.042	1A02MM	TESTS CREATE	test created	BLD-PL-Pipes & Pipe Fittings-vs-BLD-AR-Walls	0.082	hard_conservative, 0.0820209974 ft is 0.0820209974 ft
19:01:08.070	255.818	1A02MM		rows for the workbook	BLD-PL-Pipes & Pipe Fittings-vs-BLD-AR-Walls	17	17 in the document
19:01:08.071	255.818	1A02MM		test found clashes	BLD-PL-Pipes & Pipe Fittings-vs-BLD-AR-Walls	17	ran and found clashes
19:01:08.121	255.868	1A02MM	TESTS CREATE	test created	BLD-PL-Pipes & Pipe Fittings-vs-BLD-AR-Windows	0.082	hard_conservative, 0.0820209974 ft is 0.0820209974 ft
19:01:08.381	256.128	1A02MM		rows for the workbook	BLD-PL-Pipes & Pipe Fittings-vs-BLD-AR-Windows	0	0 in the document
19:01:08.381	256.128	1A02MM		test passed	BLD-PL-Pipes & Pipe Fittings-vs-BLD-AR-Windows	0	ran and found nothing
19:01:08.414	256.161	1A02MM	TESTS CREATE	test created	BLD-PL-Pipes & Pipe Fittings-vs-BLD-AR-Curtain Mullions	0.082	hard_conservative, 0.0820209974 ft is 0.0820209974 ft
19:01:08.691	256.438	1A02MM		rows for the workbook	BLD-PL-Pipes & Pipe Fittings-vs-BLD-AR-Curtain Mullions	0	0 in the document
19:01:08.692	256.439	1A02MM		test passed	BLD-PL-Pipes & Pipe Fittings-vs-BLD-AR-Curtain Mullions	0	ran and found nothing
19:01:08.723	256.470	1A02MM	TESTS CREATE	test created	BLD-PL-Pipes & Pipe Fittings-vs-BLD-AR-Doors	0.082	hard_conservative, 0.0820209974 ft is 0.0820209974 ft
19:01:08.974	256.721	1A02MM		rows for the workbook	BLD-PL-Pipes & Pipe Fittings-vs-BLD-AR-Doors	0	0 in the document
19:01:08.974	256.721	1A02MM		test passed	BLD-PL-Pipes & Pipe Fittings-vs-BLD-AR-Doors	0	ran and found nothing
19:01:09.006	256.754	1A02MM	TESTS CREATE	test created	BLD-PL-Pipes & Pipe Fittings-vs-BLD-AR-Railings	0.082	hard_conservative, 0.0820209974 ft is 0.0820209974 ft
19:01:09.319	257.065	1A02MM		rows for the workbook	BLD-PL-Pipes & Pipe Fittings-vs-BLD-AR-Railings	0	0 in the document
19:01:09.319	257.066	1A02MM		test passed	BLD-PL-Pipes & Pipe Fittings-vs-BLD-AR-Railings	0	ran and found nothing
19:01:09.355	257.101	1A02MM	TESTS CREATE	test created	BLD-PL-Pipes & Pipe Fittings-vs-BLD-ST-Foundation	0.082	hard_conservative, 0.0820209974 ft is 0.0820209974 ft
19:01:09.607	257.355	1A02MM		rows for the workbook	BLD-PL-Pipes & Pipe Fittings-vs-BLD-ST-Foundation	0	0 in the document
19:01:09.608	257.355	1A02MM		test passed	BLD-PL-Pipes & Pipe Fittings-vs-BLD-ST-Foundation	0	ran and found nothing
19:01:09.651	257.399	1A02MM	TESTS CREATE	test created	BLD-PL-Pipes & Pipe Fittings-vs-BLD-ST-Columns	0.082	hard_conservative, 0.0820209974 ft is 0.0820209974 ft
19:01:09.921	257.669	1A02MM		rows for the workbook	BLD-PL-Pipes & Pipe Fittings-vs-BLD-ST-Columns	0	0 in the document
19:01:09.922	257.669	1A02MM		test passed	BLD-PL-Pipes & Pipe Fittings-vs-BLD-ST-Columns	0	ran and found nothing
19:01:09.965	257.712	1A02MM	TESTS CREATE	test created	BLD-PL-Pipes & Pipe Fittings-vs-BLD-ST-Framing	0.082	hard_conservative, 0.0820209974 ft is 0.0820209974 ft
19:01:10.227	257.974	1A02MM		rows for the workbook	BLD-PL-Pipes & Pipe Fittings-vs-BLD-ST-Framing	0	0 in the document
19:01:10.228	257.975	1A02MM		test passed	BLD-PL-Pipes & Pipe Fittings-vs-BLD-ST-Framing	0	ran and found nothing
19:01:10.255	258.002	1A02MM	TESTS CREATE	test created	BLD-PL-Pipes & Pipe Fittings-vs-BLD-ST-Walls	0.082	hard_conservative, 0.0820209974 ft is 0.0820209974 ft
19:01:10.529	258.276	1A02MM		rows for the workbook	BLD-PL-Pipes & Pipe Fittings-vs-BLD-ST-Walls	0	0 in the document
19:01:10.530	258.277	1A02MM		test passed	BLD-PL-Pipes & Pipe Fittings-vs-BLD-ST-Walls	0	ran and found nothing
19:01:10.593	258.340	1A02MM	TESTS CREATE	test created	BLD-PL-Pipes & Pipe Fittings-vs-BLD-ST-Floors	0.082	hard_conservative, 0.0820209974 ft is 0.0820209974 ft
19:01:10.840	258.588	1A02MM		rows for the workbook	BLD-PL-Pipes & Pipe Fittings-vs-BLD-ST-Floors	0	0 in the document
19:01:10.841	258.588	1A02MM		test passed	BLD-PL-Pipes & Pipe Fittings-vs-BLD-ST-Floors	0	ran and found nothing
19:01:10.906	258.654	1A02MM	TESTS CREATE	test created	BLD-PL-Pipes & Pipe Fittings-vs-BLD-ST-Stair	0.082	hard_conservative, 0.0820209974 ft is 0.0820209974 ft
19:01:11.153	258.900	1A02MM		rows for the workbook	BLD-PL-Pipes & Pipe Fittings-vs-BLD-ST-Stair	0	0 in the document
19:01:11.154	258.900	1A02MM		test passed	BLD-PL-Pipes & Pipe Fittings-vs-BLD-ST-Stair	0	ran and found nothing
19:01:11.217	258.964	1A02MM	TESTS CREATE	test created	BLD-PL-Pipes & Pipe Fittings-vs-BLD-ME-Ducts&Duct Fittings	0.082	hard_conservative, 0.0820209974 ft is 0.0820209974 ft
19:01:11.561	259.308	1A02MM		rows for the workbook	BLD-PL-Pipes & Pipe Fittings-vs-BLD-ME-Ducts&Duct Fittings	1	1 in the document
19:01:11.561	259.308	1A02MM		test found clashes	BLD-PL-Pipes & Pipe Fittings-vs-BLD-ME-Ducts&Duct Fittings	1	ran and found clashes
19:01:11.607	259.355	1A02MM	TESTS CREATE	test created	BLD-PL-Pipes & Pipe Fittings-vs-BLD-ME-Duct Accessory	0.082	hard_conservative, 0.0820209974 ft is 0.0820209974 ft
19:01:11.853	259.601	1A02MM		rows for the workbook	BLD-PL-Pipes & Pipe Fittings-vs-BLD-ME-Duct Accessory	0	0 in the document
19:01:11.854	259.601	1A02MM		test passed	BLD-PL-Pipes & Pipe Fittings-vs-BLD-ME-Duct Accessory	0	ran and found nothing
19:01:11.888	259.635	1A02MM	TESTS CREATE	test created	BLD-PL-Pipes & Pipe Fittings-vs-BLD-ME-Mechanical Equipment	0.082	hard_conservative, 0.0820209974 ft is 0.0820209974 ft
19:01:12.429	260.176	1A02MM		rows for the workbook	BLD-PL-Pipes & Pipe Fittings-vs-BLD-ME-Mechanical Equipment	6	6 in the document
19:01:12.429	260.177	1A02MM		test found clashes	BLD-PL-Pipes & Pipe Fittings-vs-BLD-ME-Mechanical Equipment	6	ran and found clashes
19:01:12.471	260.219	1A02MM	TESTS CREATE	test created	BLD-PL-Pipes & Pipe Fittings-vs-BLD-ME-Air Terminals	0.082	hard_conservative, 0.0820209974 ft is 0.0820209974 ft
19:01:12.731	260.478	1A02MM		rows for the workbook	BLD-PL-Pipes & Pipe Fittings-vs-BLD-ME-Air Terminals	0	0 in the document
19:01:12.731	260.479	1A02MM		test passed	BLD-PL-Pipes & Pipe Fittings-vs-BLD-ME-Air Terminals	0	ran and found nothing
19:01:12.796	260.543	1A02MM	TESTS CREATE	test created	BLD-PL-Pipes & Pipe Fittings-vs-BLD-ME-Pipes&Pipe Fittings	0.082	hard_conservative, 0.0820209974 ft is 0.0820209974 ft
19:01:13.044	260.791	1A02MM		rows for the workbook	BLD-PL-Pipes & Pipe Fittings-vs-BLD-ME-Pipes&Pipe Fittings	0	0 in the document
19:01:13.044	260.792	1A02MM		test passed	BLD-PL-Pipes & Pipe Fittings-vs-BLD-ME-Pipes&Pipe Fittings	0	ran and found nothing
19:01:13.093	260.840	1A02MM	TESTS CREATE	test created	BLD-PL-Pipes & Pipe Fittings-vs-BLD-PL-Mechanical Equipment	0.082	hard_conservative, 0.0820209974 ft is 0.0820209974 ft
19:01:13.371	261.117	1A02MM		rows for the workbook	BLD-PL-Pipes & Pipe Fittings-vs-BLD-PL-Mechanical Equipment	0	0 in the document
19:01:13.371	261.118	1A02MM		test passed	BLD-PL-Pipes & Pipe Fittings-vs-BLD-PL-Mechanical Equipment	0	ran and found nothing
19:01:13.403	261.150	1A02MM	TESTS CREATE	test created	BLD-PL-Pipe Accessories-vs-BLD-AR-Floors	0.082	hard_conservative, 0.0820209974 ft is 0.0820209974 ft
19:01:13.650	261.397	1A02MM		rows for the workbook	BLD-PL-Pipe Accessories-vs-BLD-AR-Floors	0	0 in the document
19:01:13.650	261.398	1A02MM		test passed	BLD-PL-Pipe Accessories-vs-BLD-AR-Floors	0	ran and found nothing
19:01:13.683	261.430	1A02MM	TESTS CREATE	test created	BLD-PL-Pipe Accessories-vs-BLD-AR-Walls	0.082	hard_conservative, 0.0820209974 ft is 0.0820209974 ft
19:01:13.931	261.679	1A02MM		rows for the workbook	BLD-PL-Pipe Accessories-vs-BLD-AR-Walls	0	0 in the document
19:01:13.932	261.679	1A02MM		test passed	BLD-PL-Pipe Accessories-vs-BLD-AR-Walls	0	ran and found nothing
19:01:13.964	261.712	1A02MM	TESTS CREATE	test created	BLD-PL-Pipe Accessories-vs-BLD-AR-Windows	0.082	hard_conservative, 0.0820209974 ft is 0.0820209974 ft
19:01:14.214	261.961	1A02MM		rows for the workbook	BLD-PL-Pipe Accessories-vs-BLD-AR-Windows	0	0 in the document
19:01:14.215	261.962	1A02MM		test passed	BLD-PL-Pipe Accessories-vs-BLD-AR-Windows	0	ran and found nothing
19:01:14.264	262.011	1A02MM	TESTS CREATE	test created	BLD-PL-Pipe Accessories-vs-BLD-AR-Curtain Mullions	0.082	hard_conservative, 0.0820209974 ft is 0.0820209974 ft
19:01:14.544	262.291	1A02MM		rows for the workbook	BLD-PL-Pipe Accessories-vs-BLD-AR-Curtain Mullions	0	0 in the document
19:01:14.544	262.291	1A02MM		test passed	BLD-PL-Pipe Accessories-vs-BLD-AR-Curtain Mullions	0	ran and found nothing
19:01:14.592	262.339	1A02MM	TESTS CREATE	test created	BLD-PL-Pipe Accessories-vs-BLD-AR-Doors	0.082	hard_conservative, 0.0820209974 ft is 0.0820209974 ft
19:01:14.839	262.586	1A02MM		rows for the workbook	BLD-PL-Pipe Accessories-vs-BLD-AR-Doors	0	0 in the document
19:01:14.839	262.586	1A02MM		test passed	BLD-PL-Pipe Accessories-vs-BLD-AR-Doors	0	ran and found nothing
19:01:14.872	262.619	1A02MM	TESTS CREATE	test created	BLD-PL-Pipe Accessories-vs-BLD-AR-Railings	0.082	hard_conservative, 0.0820209974 ft is 0.0820209974 ft
19:01:15.120	262.868	1A02MM		rows for the workbook	BLD-PL-Pipe Accessories-vs-BLD-AR-Railings	0	0 in the document
19:01:15.121	262.868	1A02MM		test passed	BLD-PL-Pipe Accessories-vs-BLD-AR-Railings	0	ran and found nothing
19:01:15.154	262.902	1A02MM	TESTS CREATE	test created	BLD-PL-Pipe Accessories-vs-BLD-ST-Foundation	0.082	hard_conservative, 0.0820209974 ft is 0.0820209974 ft
19:01:15.404	263.150	1A02MM		rows for the workbook	BLD-PL-Pipe Accessories-vs-BLD-ST-Foundation	0	0 in the document
19:01:15.404	263.151	1A02MM		test passed	BLD-PL-Pipe Accessories-vs-BLD-ST-Foundation	0	ran and found nothing
19:01:15.452	263.199	1A02MM	TESTS CREATE	test created	BLD-PL-Pipe Accessories-vs-BLD-ST-Columns	0.082	hard_conservative, 0.0820209974 ft is 0.0820209974 ft
19:01:15.700	263.446	1A02MM		rows for the workbook	BLD-PL-Pipe Accessories-vs-BLD-ST-Columns	0	0 in the document
19:01:15.700	263.447	1A02MM		test passed	BLD-PL-Pipe Accessories-vs-BLD-ST-Columns	0	ran and found nothing
19:01:15.733	263.480	1A02MM	TESTS CREATE	test created	BLD-PL-Pipe Accessories-vs-BLD-ST-Framing	0.082	hard_conservative, 0.0820209974 ft is 0.0820209974 ft
19:01:15.997	263.744	1A02MM		rows for the workbook	BLD-PL-Pipe Accessories-vs-BLD-ST-Framing	0	0 in the document
19:01:15.997	263.744	1A02MM		test passed	BLD-PL-Pipe Accessories-vs-BLD-ST-Framing	0	ran and found nothing
19:01:16.063	263.810	1A02MM	TESTS CREATE	test created	BLD-PL-Pipe Accessories-vs-BLD-ST-Walls	0.082	hard_conservative, 0.0820209974 ft is 0.0820209974 ft
19:01:16.338	264.086	1A02MM		rows for the workbook	BLD-PL-Pipe Accessories-vs-BLD-ST-Walls	0	0 in the document
19:01:16.339	264.086	1A02MM		test passed	BLD-PL-Pipe Accessories-vs-BLD-ST-Walls	0	ran and found nothing
19:01:16.373	264.120	1A02MM	TESTS CREATE	test created	BLD-PL-Pipe Accessories-vs-BLD-ST-Floors	0.082	hard_conservative, 0.0820209974 ft is 0.0820209974 ft
19:01:16.623	264.370	1A02MM		rows for the workbook	BLD-PL-Pipe Accessories-vs-BLD-ST-Floors	0	0 in the document
19:01:16.623	264.370	1A02MM		test passed	BLD-PL-Pipe Accessories-vs-BLD-ST-Floors	0	ran and found nothing
19:01:16.671	264.418	1A02MM	TESTS CREATE	test created	BLD-PL-Pipe Accessories-vs-BLD-ST-Stair	0.082	hard_conservative, 0.0820209974 ft is 0.0820209974 ft
19:01:16.920	264.666	1A02MM		rows for the workbook	BLD-PL-Pipe Accessories-vs-BLD-ST-Stair	0	0 in the document
19:01:16.920	264.667	1A02MM		test passed	BLD-PL-Pipe Accessories-vs-BLD-ST-Stair	0	ran and found nothing
19:01:16.967	264.715	1A02MM	TESTS CREATE	test created	BLD-PL-Pipe Accessories-vs-BLD-ME-Ducts&Duct Fittings	0.082	hard_conservative, 0.0820209974 ft is 0.0820209974 ft
19:01:17.198	264.945	1A02MM		rows for the workbook	BLD-PL-Pipe Accessories-vs-BLD-ME-Ducts&Duct Fittings	0	0 in the document
19:01:17.198	264.945	1A02MM		test passed	BLD-PL-Pipe Accessories-vs-BLD-ME-Ducts&Duct Fittings	0	ran and found nothing
19:01:17.231	264.979	1A02MM	TESTS CREATE	test created	BLD-PL-Pipe Accessories-vs-BLD-ME-Duct Accessory	0.082	hard_conservative, 0.0820209974 ft is 0.0820209974 ft
19:01:17.498	265.245	1A02MM		rows for the workbook	BLD-PL-Pipe Accessories-vs-BLD-ME-Duct Accessory	0	0 in the document
19:01:17.498	265.245	1A02MM		test passed	BLD-PL-Pipe Accessories-vs-BLD-ME-Duct Accessory	0	ran and found nothing
19:01:17.544	265.291	1A02MM	TESTS CREATE	test created	BLD-PL-Pipe Accessories-vs-BLD-ME-Mechanical Equipment	0.082	hard_conservative, 0.0820209974 ft is 0.0820209974 ft
19:01:17.786	265.534	1A02MM		rows for the workbook	BLD-PL-Pipe Accessories-vs-BLD-ME-Mechanical Equipment	0	0 in the document
19:01:17.787	265.534	1A02MM		test passed	BLD-PL-Pipe Accessories-vs-BLD-ME-Mechanical Equipment	0	ran and found nothing
19:01:17.825	265.572	1A02MM	TESTS CREATE	test created	BLD-PL-Pipe Accessories-vs-BLD-ME-Air Terminals	0.082	hard_conservative, 0.0820209974 ft is 0.0820209974 ft
19:01:18.086	265.834	1A02MM		rows for the workbook	BLD-PL-Pipe Accessories-vs-BLD-ME-Air Terminals	0	0 in the document
19:01:18.087	265.834	1A02MM		test passed	BLD-PL-Pipe Accessories-vs-BLD-ME-Air Terminals	0	ran and found nothing
19:01:18.121	265.868	1A02MM	TESTS CREATE	test created	BLD-PL-Pipe Accessories-vs-BLD-ME-Pipes&Pipe Fittings	0.082	hard_conservative, 0.0820209974 ft is 0.0820209974 ft
19:01:18.352	266.099	1A02MM		rows for the workbook	BLD-PL-Pipe Accessories-vs-BLD-ME-Pipes&Pipe Fittings	0	0 in the document
19:01:18.353	266.100	1A02MM		test passed	BLD-PL-Pipe Accessories-vs-BLD-ME-Pipes&Pipe Fittings	0	ran and found nothing
19:01:18.385	266.132	1A02MM	TESTS CREATE	test created	BLD-PL-Pipe Accessories-vs-BLD-PL-Mechanical Equipment	0.082	hard_conservative, 0.0820209974 ft is 0.0820209974 ft
19:01:18.601	266.349	1A02MM		rows for the workbook	BLD-PL-Pipe Accessories-vs-BLD-PL-Mechanical Equipment	0	0 in the document
19:01:18.602	266.349	1A02MM		test passed	BLD-PL-Pipe Accessories-vs-BLD-PL-Mechanical Equipment	0	ran and found nothing
19:01:18.635	266.383	1A02MM	TESTS CREATE	test created	BLD-PL-Pipe Accessories-vs-BLD-PL-Pipes & Pipe Fittings	0.082	hard_conservative, 0.0820209974 ft is 0.0820209974 ft
19:01:19.111	266.858	1A02MM		rows for the workbook	BLD-PL-Pipe Accessories-vs-BLD-PL-Pipes & Pipe Fittings	5	5 in the document
19:01:19.111	266.859	1A02MM		test found clashes	BLD-PL-Pipe Accessories-vs-BLD-PL-Pipes & Pipe Fittings	5	ran and found clashes
19:01:19.168	266.915	1A02MM	TESTS CREATE	test created	BLD-PL-Plumbing Fixtures-vs-BLD-AR-Floors	0.082	hard_conservative, 0.0820209974 ft is 0.0820209974 ft
19:01:19.412	267.160	1A02MM		rows for the workbook	BLD-PL-Plumbing Fixtures-vs-BLD-AR-Floors	0	0 in the document
19:01:19.413	267.160	1A02MM		test passed	BLD-PL-Plumbing Fixtures-vs-BLD-AR-Floors	0	ran and found nothing
19:01:19.447	267.194	1A02MM	TESTS CREATE	test created	BLD-PL-Plumbing Fixtures-vs-BLD-AR-Walls	0.082	hard_conservative, 0.0820209974 ft is 0.0820209974 ft
19:01:19.678	267.425	1A02MM		rows for the workbook	BLD-PL-Plumbing Fixtures-vs-BLD-AR-Walls	0	0 in the document
19:01:19.679	267.426	1A02MM		test passed	BLD-PL-Plumbing Fixtures-vs-BLD-AR-Walls	0	ran and found nothing
19:01:19.711	267.458	1A02MM	TESTS CREATE	test created	BLD-PL-Plumbing Fixtures-vs-BLD-AR-Windows	0.082	hard_conservative, 0.0820209974 ft is 0.0820209974 ft
19:01:19.928	267.674	1A02MM		rows for the workbook	BLD-PL-Plumbing Fixtures-vs-BLD-AR-Windows	0	0 in the document
19:01:19.928	267.675	1A02MM		test passed	BLD-PL-Plumbing Fixtures-vs-BLD-AR-Windows	0	ran and found nothing
19:01:19.963	267.710	1A02MM	TESTS CREATE	test created	BLD-PL-Plumbing Fixtures-vs-BLD-AR-Curtain Mullions	0.082	hard_conservative, 0.0820209974 ft is 0.0820209974 ft
19:01:20.223	267.970	1A02MM		rows for the workbook	BLD-PL-Plumbing Fixtures-vs-BLD-AR-Curtain Mullions	0	0 in the document
19:01:20.224	267.971	1A02MM		test passed	BLD-PL-Plumbing Fixtures-vs-BLD-AR-Curtain Mullions	0	ran and found nothing
19:01:20.258	268.005	1A02MM	TESTS CREATE	test created	BLD-PL-Plumbing Fixtures-vs-BLD-AR-Doors	0.082	hard_conservative, 0.0820209974 ft is 0.0820209974 ft
19:01:20.522	268.269	1A02MM		rows for the workbook	BLD-PL-Plumbing Fixtures-vs-BLD-AR-Doors	0	0 in the document
19:01:20.523	268.270	1A02MM		test passed	BLD-PL-Plumbing Fixtures-vs-BLD-AR-Doors	0	ran and found nothing
19:01:20.552	268.300	1A02MM	TESTS CREATE	test created	BLD-PL-Plumbing Fixtures-vs-BLD-AR-Railings	0.082	hard_conservative, 0.0820209974 ft is 0.0820209974 ft
19:01:20.771	268.518	1A02MM		rows for the workbook	BLD-PL-Plumbing Fixtures-vs-BLD-AR-Railings	0	0 in the document
19:01:20.772	268.519	1A02MM		test passed	BLD-PL-Plumbing Fixtures-vs-BLD-AR-Railings	0	ran and found nothing
19:01:20.806	268.554	1A02MM	TESTS CREATE	test created	BLD-PL-Plumbing Fixtures-vs-BLD-ST-Foundation	0.082	hard_conservative, 0.0820209974 ft is 0.0820209974 ft
19:01:21.023	268.771	1A02MM		rows for the workbook	BLD-PL-Plumbing Fixtures-vs-BLD-ST-Foundation	0	0 in the document
19:01:21.024	268.771	1A02MM		test passed	BLD-PL-Plumbing Fixtures-vs-BLD-ST-Foundation	0	ran and found nothing
19:01:21.057	268.804	1A02MM	TESTS CREATE	test created	BLD-PL-Plumbing Fixtures-vs-BLD-ST-Columns	0.082	hard_conservative, 0.0820209974 ft is 0.0820209974 ft
19:01:21.274	269.021	1A02MM		rows for the workbook	BLD-PL-Plumbing Fixtures-vs-BLD-ST-Columns	0	0 in the document
19:01:21.275	269.022	1A02MM		test passed	BLD-PL-Plumbing Fixtures-vs-BLD-ST-Columns	0	ran and found nothing
19:01:21.309	269.056	1A02MM	TESTS CREATE	test created	BLD-PL-Plumbing Fixtures-vs-BLD-ST-Framing	0.082	hard_conservative, 0.0820209974 ft is 0.0820209974 ft
19:01:21.585	269.333	1A02MM		rows for the workbook	BLD-PL-Plumbing Fixtures-vs-BLD-ST-Framing	0	0 in the document
19:01:21.586	269.333	1A02MM		test passed	BLD-PL-Plumbing Fixtures-vs-BLD-ST-Framing	0	ran and found nothing
19:01:21.639	269.386	1A02MM	TESTS CREATE	test created	BLD-PL-Plumbing Fixtures-vs-BLD-ST-Walls	0.082	hard_conservative, 0.0820209974 ft is 0.0820209974 ft
19:01:21.900	269.647	1A02MM		rows for the workbook	BLD-PL-Plumbing Fixtures-vs-BLD-ST-Walls	0	0 in the document
19:01:21.901	269.648	1A02MM		test passed	BLD-PL-Plumbing Fixtures-vs-BLD-ST-Walls	0	ran and found nothing
19:01:21.951	269.698	1A02MM	TESTS CREATE	test created	BLD-PL-Plumbing Fixtures-vs-BLD-ST-Floors	0.082	hard_conservative, 0.0820209974 ft is 0.0820209974 ft
19:01:22.213	269.961	1A02MM		rows for the workbook	BLD-PL-Plumbing Fixtures-vs-BLD-ST-Floors	0	0 in the document
19:01:22.214	269.961	1A02MM		test passed	BLD-PL-Plumbing Fixtures-vs-BLD-ST-Floors	0	ran and found nothing
19:01:22.235	269.982	1A02MM	TESTS CREATE	test created	BLD-PL-Plumbing Fixtures-vs-BLD-ST-Stair	0.082	hard_conservative, 0.0820209974 ft is 0.0820209974 ft
19:01:22.478	270.225	1A02MM		rows for the workbook	BLD-PL-Plumbing Fixtures-vs-BLD-ST-Stair	0	0 in the document
19:01:22.478	270.225	1A02MM		test passed	BLD-PL-Plumbing Fixtures-vs-BLD-ST-Stair	0	ran and found nothing
19:01:22.511	270.258	1A02MM	TESTS CREATE	test created	BLD-PL-Plumbing Fixtures-vs-BLD-ME-Ducts&Duct Fittings	0.082	hard_conservative, 0.0820209974 ft is 0.0820209974 ft
19:01:22.773	270.520	1A02MM		rows for the workbook	BLD-PL-Plumbing Fixtures-vs-BLD-ME-Ducts&Duct Fittings	0	0 in the document
19:01:22.773	270.520	1A02MM		test passed	BLD-PL-Plumbing Fixtures-vs-BLD-ME-Ducts&Duct Fittings	0	ran and found nothing
19:01:22.806	270.553	1A02MM	TESTS CREATE	test created	BLD-PL-Plumbing Fixtures-vs-BLD-ME-Duct Accessory	0.082	hard_conservative, 0.0820209974 ft is 0.0820209974 ft
19:01:23.052	270.799	1A02MM		rows for the workbook	BLD-PL-Plumbing Fixtures-vs-BLD-ME-Duct Accessory	0	0 in the document
19:01:23.053	270.799	1A02MM		test passed	BLD-PL-Plumbing Fixtures-vs-BLD-ME-Duct Accessory	0	ran and found nothing
19:01:23.086	270.833	1A02MM	TESTS CREATE	test created	BLD-PL-Plumbing Fixtures-vs-BLD-ME-Mechanical Equipment	0.082	hard_conservative, 0.0820209974 ft is 0.0820209974 ft
19:01:23.318	271.065	1A02MM		rows for the workbook	BLD-PL-Plumbing Fixtures-vs-BLD-ME-Mechanical Equipment	0	0 in the document
19:01:23.319	271.066	1A02MM		test passed	BLD-PL-Plumbing Fixtures-vs-BLD-ME-Mechanical Equipment	0	ran and found nothing
19:01:23.353	271.099	1A02MM	TESTS CREATE	test created	BLD-PL-Plumbing Fixtures-vs-BLD-ME-Air Terminals	0.082	hard_conservative, 0.0820209974 ft is 0.0820209974 ft
19:01:23.586	271.334	1A02MM		rows for the workbook	BLD-PL-Plumbing Fixtures-vs-BLD-ME-Air Terminals	0	0 in the document
19:01:23.587	271.334	1A02MM		test passed	BLD-PL-Plumbing Fixtures-vs-BLD-ME-Air Terminals	0	ran and found nothing
19:01:23.621	271.368	1A02MM	TESTS CREATE	test created	BLD-PL-Plumbing Fixtures-vs-BLD-ME-Pipes&Pipe Fittings	0.082	hard_conservative, 0.0820209974 ft is 0.0820209974 ft
19:01:23.871	271.617	1A02MM		rows for the workbook	BLD-PL-Plumbing Fixtures-vs-BLD-ME-Pipes&Pipe Fittings	0	0 in the document
19:01:23.871	271.618	1A02MM		test passed	BLD-PL-Plumbing Fixtures-vs-BLD-ME-Pipes&Pipe Fittings	0	ran and found nothing
19:01:23.920	271.667	1A02MM	TESTS CREATE	test created	BLD-PL-Plumbing Fixtures-vs-BLD-PL-Mechanical Equipment	0.082	hard_conservative, 0.0820209974 ft is 0.0820209974 ft
19:01:24.165	271.913	1A02MM		rows for the workbook	BLD-PL-Plumbing Fixtures-vs-BLD-PL-Mechanical Equipment	0	0 in the document
19:01:24.166	271.913	1A02MM		test passed	BLD-PL-Plumbing Fixtures-vs-BLD-PL-Mechanical Equipment	0	ran and found nothing
19:01:24.200	271.947	1A02MM	TESTS CREATE	test created	BLD-PL-Plumbing Fixtures-vs-BLD-PL-Pipes & Pipe Fittings	0.082	hard_conservative, 0.0820209974 ft is 0.0820209974 ft
19:01:24.584	272.331	1A02MM		rows for the workbook	BLD-PL-Plumbing Fixtures-vs-BLD-PL-Pipes & Pipe Fittings	2	2 in the document
19:01:24.584	272.331	1A02MM		test found clashes	BLD-PL-Plumbing Fixtures-vs-BLD-PL-Pipes & Pipe Fittings	2	ran and found clashes
19:01:24.611	272.358	1A02MM	TESTS CREATE	test created	BLD-PL-Plumbing Fixtures-vs-BLD-PL-Pipe Accessories	0.082	hard_conservative, 0.0820209974 ft is 0.0820209974 ft
19:01:24.858	272.605	1A02MM		rows for the workbook	BLD-PL-Plumbing Fixtures-vs-BLD-PL-Pipe Accessories	0	0 in the document
19:01:24.858	272.605	1A02MM		test passed	BLD-PL-Plumbing Fixtures-vs-BLD-PL-Pipe Accessories	0	ran and found nothing
19:01:24.892	272.639	1A02MM	TESTS CREATE	test created	BLD-DR-Pipes & Pipe Fittings-vs-BLD-AR-Floors	0.082	hard_conservative, 0.0820209974 ft is 0.0820209974 ft
19:01:25.258	273.005	1A02MM		rows for the workbook	BLD-DR-Pipes & Pipe Fittings-vs-BLD-AR-Floors	1	1 in the document
19:01:25.258	273.005	1A02MM		test found clashes	BLD-DR-Pipes & Pipe Fittings-vs-BLD-AR-Floors	1	ran and found clashes
19:01:25.302	273.049	1A02MM	TESTS CREATE	test created	BLD-DR-Pipes & Pipe Fittings-vs-BLD-AR-Walls	0.082	hard_conservative, 0.0820209974 ft is 0.0820209974 ft
19:01:26.255	274.003	1A02MM		rows for the workbook	BLD-DR-Pipes & Pipe Fittings-vs-BLD-AR-Walls	11	11 in the document
19:01:26.255	274.003	1A02MM		test found clashes	BLD-DR-Pipes & Pipe Fittings-vs-BLD-AR-Walls	11	ran and found clashes
19:01:26.299	274.047	1A02MM	TESTS CREATE	test created	BLD-DR-Pipes & Pipe Fittings-vs-BLD-AR-Windows	0.082	hard_conservative, 0.0820209974 ft is 0.0820209974 ft
19:01:26.663	274.410	1A02MM		rows for the workbook	BLD-DR-Pipes & Pipe Fittings-vs-BLD-AR-Windows	2	2 in the document
19:01:26.664	274.411	1A02MM		test found clashes	BLD-DR-Pipes & Pipe Fittings-vs-BLD-AR-Windows	2	ran and found clashes
19:01:26.707	274.453	1A02MM	TESTS CREATE	test created	BLD-DR-Pipes & Pipe Fittings-vs-BLD-AR-Curtain Mullions	0.082	hard_conservative, 0.0820209974 ft is 0.0820209974 ft
19:01:26.982	274.730	1A02MM		rows for the workbook	BLD-DR-Pipes & Pipe Fittings-vs-BLD-AR-Curtain Mullions	0	0 in the document
19:01:26.983	274.730	1A02MM		test passed	BLD-DR-Pipes & Pipe Fittings-vs-BLD-AR-Curtain Mullions	0	ran and found nothing
19:01:27.017	274.764	1A02MM	TESTS CREATE	test created	BLD-DR-Pipes & Pipe Fittings-vs-BLD-AR-Doors	0.082	hard_conservative, 0.0820209974 ft is 0.0820209974 ft
19:01:27.268	275.015	1A02MM		rows for the workbook	BLD-DR-Pipes & Pipe Fittings-vs-BLD-AR-Doors	0	0 in the document
19:01:27.269	275.015	1A02MM		test passed	BLD-DR-Pipes & Pipe Fittings-vs-BLD-AR-Doors	0	ran and found nothing
19:01:27.303	275.050	1A02MM	TESTS CREATE	test created	BLD-DR-Pipes & Pipe Fittings-vs-BLD-AR-Railings	0.082	hard_conservative, 0.0820209974 ft is 0.0820209974 ft
19:01:27.578	275.325	1A02MM		rows for the workbook	BLD-DR-Pipes & Pipe Fittings-vs-BLD-AR-Railings	0	0 in the document
19:01:27.578	275.325	1A02MM		test passed	BLD-DR-Pipes & Pipe Fittings-vs-BLD-AR-Railings	0	ran and found nothing
19:01:27.618	275.364	1A02MM	TESTS CREATE	test created	BLD-DR-Pipes & Pipe Fittings-vs-BLD-ST-Foundation	0.082	hard_conservative, 0.0820209974 ft is 0.0820209974 ft
19:01:27.892	275.639	1A02MM		rows for the workbook	BLD-DR-Pipes & Pipe Fittings-vs-BLD-ST-Foundation	0	0 in the document
19:01:27.893	275.639	1A02MM		test passed	BLD-DR-Pipes & Pipe Fittings-vs-BLD-ST-Foundation	0	ran and found nothing
19:01:27.927	275.674	1A02MM	TESTS CREATE	test created	BLD-DR-Pipes & Pipe Fittings-vs-BLD-ST-Columns	0.082	hard_conservative, 0.0820209974 ft is 0.0820209974 ft
19:01:28.193	275.940	1A02MM		rows for the workbook	BLD-DR-Pipes & Pipe Fittings-vs-BLD-ST-Columns	0	0 in the document
19:01:28.193	275.941	1A02MM		test passed	BLD-DR-Pipes & Pipe Fittings-vs-BLD-ST-Columns	0	ran and found nothing
19:01:28.226	275.973	1A02MM	TESTS CREATE	test created	BLD-DR-Pipes & Pipe Fittings-vs-BLD-ST-Framing	0.082	hard_conservative, 0.0820209974 ft is 0.0820209974 ft
19:01:28.501	276.247	1A02MM		rows for the workbook	BLD-DR-Pipes & Pipe Fittings-vs-BLD-ST-Framing	0	0 in the document
19:01:28.502	276.248	1A02MM		test passed	BLD-DR-Pipes & Pipe Fittings-vs-BLD-ST-Framing	0	ran and found nothing
19:01:28.542	276.288	1A02MM	TESTS CREATE	test created	BLD-DR-Pipes & Pipe Fittings-vs-BLD-ST-Walls	0.082	hard_conservative, 0.0820209974 ft is 0.0820209974 ft
19:01:28.797	276.544	1A02MM		rows for the workbook	BLD-DR-Pipes & Pipe Fittings-vs-BLD-ST-Walls	0	0 in the document
19:01:28.798	276.545	1A02MM		test passed	BLD-DR-Pipes & Pipe Fittings-vs-BLD-ST-Walls	0	ran and found nothing
19:01:28.839	276.586	1A02MM	TESTS CREATE	test created	BLD-DR-Pipes & Pipe Fittings-vs-BLD-ST-Floors	0.082	hard_conservative, 0.0820209974 ft is 0.0820209974 ft
19:01:29.118	276.865	1A02MM		rows for the workbook	BLD-DR-Pipes & Pipe Fittings-vs-BLD-ST-Floors	0	0 in the document
19:01:29.118	276.866	1A02MM		test passed	BLD-DR-Pipes & Pipe Fittings-vs-BLD-ST-Floors	0	ran and found nothing
19:01:29.149	276.896	1A02MM	TESTS CREATE	test created	BLD-DR-Pipes & Pipe Fittings-vs-BLD-ST-Stair	0.082	hard_conservative, 0.0820209974 ft is 0.0820209974 ft
19:01:29.437	277.184	1A02MM		rows for the workbook	BLD-DR-Pipes & Pipe Fittings-vs-BLD-ST-Stair	0	0 in the document
19:01:29.437	277.185	1A02MM		test passed	BLD-DR-Pipes & Pipe Fittings-vs-BLD-ST-Stair	0	ran and found nothing
19:01:29.480	277.226	1A02MM	TESTS CREATE	test created	BLD-DR-Pipes & Pipe Fittings-vs-BLD-ME-Ducts&Duct Fittings	0.082	hard_conservative, 0.0820209974 ft is 0.0820209974 ft
19:01:29.725	277.472	1A02MM		rows for the workbook	BLD-DR-Pipes & Pipe Fittings-vs-BLD-ME-Ducts&Duct Fittings	0	0 in the document
19:01:29.726	277.473	1A02MM		test passed	BLD-DR-Pipes & Pipe Fittings-vs-BLD-ME-Ducts&Duct Fittings	0	ran and found nothing
19:01:29.758	277.506	1A02MM	TESTS CREATE	test created	BLD-DR-Pipes & Pipe Fittings-vs-BLD-ME-Duct Accessory	0.082	hard_conservative, 0.0820209974 ft is 0.0820209974 ft
19:01:30.021	277.768	1A02MM		rows for the workbook	BLD-DR-Pipes & Pipe Fittings-vs-BLD-ME-Duct Accessory	0	0 in the document
19:01:30.022	277.769	1A02MM		test passed	BLD-DR-Pipes & Pipe Fittings-vs-BLD-ME-Duct Accessory	0	ran and found nothing
19:01:30.055	277.802	1A02MM	TESTS CREATE	test created	BLD-DR-Pipes & Pipe Fittings-vs-BLD-ME-Mechanical Equipment	0.082	hard_conservative, 0.0820209974 ft is 0.0820209974 ft
19:01:30.718	278.466	1A02MM		rows for the workbook	BLD-DR-Pipes & Pipe Fittings-vs-BLD-ME-Mechanical Equipment	6	6 in the document
19:01:30.719	278.466	1A02MM		test found clashes	BLD-DR-Pipes & Pipe Fittings-vs-BLD-ME-Mechanical Equipment	6	ran and found clashes
19:01:30.759	278.506	1A02MM	TESTS CREATE	test created	BLD-DR-Pipes & Pipe Fittings-vs-BLD-ME-Air Terminals	0.082	hard_conservative, 0.0820209974 ft is 0.0820209974 ft
19:01:31.039	278.786	1A02MM		rows for the workbook	BLD-DR-Pipes & Pipe Fittings-vs-BLD-ME-Air Terminals	0	0 in the document
19:01:31.039	278.787	1A02MM		test passed	BLD-DR-Pipes & Pipe Fittings-vs-BLD-ME-Air Terminals	0	ran and found nothing
19:01:31.074	278.820	1A02MM	TESTS CREATE	test created	BLD-DR-Pipes & Pipe Fittings-vs-BLD-ME-Pipes&Pipe Fittings	0.082	hard_conservative, 0.0820209974 ft is 0.0820209974 ft
19:01:32.087	279.834	1A02MM		rows for the workbook	BLD-DR-Pipes & Pipe Fittings-vs-BLD-ME-Pipes&Pipe Fittings	3	3 in the document
19:01:32.088	279.835	1A02MM		test found clashes	BLD-DR-Pipes & Pipe Fittings-vs-BLD-ME-Pipes&Pipe Fittings	3	ran and found clashes
19:01:32.143	279.890	1A02MM	TESTS CREATE	test created	BLD-DR-Pipes & Pipe Fittings-vs-BLD-PL-Mechanical Equipment	0.082	hard_conservative, 0.0820209974 ft is 0.0820209974 ft
19:01:32.560	280.308	1A02MM		rows for the workbook	BLD-DR-Pipes & Pipe Fittings-vs-BLD-PL-Mechanical Equipment	0	0 in the document
19:01:32.561	280.308	1A02MM		test passed	BLD-DR-Pipes & Pipe Fittings-vs-BLD-PL-Mechanical Equipment	0	ran and found nothing
19:01:32.610	280.357	1A02MM	TESTS CREATE	test created	BLD-DR-Pipes & Pipe Fittings-vs-BLD-PL-Pipes & Pipe Fittings	0.082	hard_conservative, 0.0820209974 ft is 0.0820209974 ft
19:01:33.603	281.350	1A02MM		rows for the workbook	BLD-DR-Pipes & Pipe Fittings-vs-BLD-PL-Pipes & Pipe Fittings	7	7 in the document
19:01:33.604	281.351	1A02MM		test found clashes	BLD-DR-Pipes & Pipe Fittings-vs-BLD-PL-Pipes & Pipe Fittings	7	ran and found clashes
19:01:33.643	281.391	1A02MM	TESTS CREATE	test created	BLD-DR-Pipes & Pipe Fittings-vs-BLD-PL-Pipe Accessories	0.082	hard_conservative, 0.0820209974 ft is 0.0820209974 ft
19:01:33.955	281.702	1A02MM		rows for the workbook	BLD-DR-Pipes & Pipe Fittings-vs-BLD-PL-Pipe Accessories	0	0 in the document
19:01:33.956	281.703	1A02MM		test passed	BLD-DR-Pipes & Pipe Fittings-vs-BLD-PL-Pipe Accessories	0	ran and found nothing
19:01:33.991	281.737	1A02MM	TESTS CREATE	test created	BLD-DR-Pipes & Pipe Fittings-vs-BLD-PL-Plumbing Fixtures	0.082	hard_conservative, 0.0820209974 ft is 0.0820209974 ft
19:01:34.252	282.000	1A02MM		rows for the workbook	BLD-DR-Pipes & Pipe Fittings-vs-BLD-PL-Plumbing Fixtures	0	0 in the document
19:01:34.253	282.000	1A02MM		test passed	BLD-DR-Pipes & Pipe Fittings-vs-BLD-PL-Plumbing Fixtures	0	ran and found nothing
19:01:34.287	282.034	1A02MM	TESTS CREATE	test created	BLD-DR-Plumbing Fixtures-vs-BLD-AR-Floors	0.082	hard_conservative, 0.0820209974 ft is 0.0820209974 ft
19:01:34.691	282.438	1A02MM		rows for the workbook	BLD-DR-Plumbing Fixtures-vs-BLD-AR-Floors	2	2 in the document
19:01:34.691	282.438	1A02MM		test found clashes	BLD-DR-Plumbing Fixtures-vs-BLD-AR-Floors	2	ran and found clashes
19:01:34.741	282.488	1A02MM	TESTS CREATE	test created	BLD-DR-Plumbing Fixtures-vs-BLD-AR-Walls	0.082	hard_conservative, 0.0820209974 ft is 0.0820209974 ft
19:01:35.262	283.010	1A02MM		rows for the workbook	BLD-DR-Plumbing Fixtures-vs-BLD-AR-Walls	4	4 in the document
19:01:35.263	283.010	1A02MM		test found clashes	BLD-DR-Plumbing Fixtures-vs-BLD-AR-Walls	4	ran and found clashes
19:01:35.308	283.055	1A02MM	TESTS CREATE	test created	BLD-DR-Plumbing Fixtures-vs-BLD-AR-Windows	0.082	hard_conservative, 0.0820209974 ft is 0.0820209974 ft
19:01:35.540	283.287	1A02MM		rows for the workbook	BLD-DR-Plumbing Fixtures-vs-BLD-AR-Windows	0	0 in the document
19:01:35.541	283.288	1A02MM		test passed	BLD-DR-Plumbing Fixtures-vs-BLD-AR-Windows	0	ran and found nothing
19:01:35.575	283.322	1A02MM	TESTS CREATE	test created	BLD-DR-Plumbing Fixtures-vs-BLD-AR-Curtain Mullions	0.082	hard_conservative, 0.0820209974 ft is 0.0820209974 ft
19:01:35.807	283.554	1A02MM		rows for the workbook	BLD-DR-Plumbing Fixtures-vs-BLD-AR-Curtain Mullions	0	0 in the document
19:01:35.808	283.555	1A02MM		test passed	BLD-DR-Plumbing Fixtures-vs-BLD-AR-Curtain Mullions	0	ran and found nothing
19:01:35.841	283.588	1A02MM	TESTS CREATE	test created	BLD-DR-Plumbing Fixtures-vs-BLD-AR-Doors	0.082	hard_conservative, 0.0820209974 ft is 0.0820209974 ft
19:01:36.072	283.819	1A02MM		rows for the workbook	BLD-DR-Plumbing Fixtures-vs-BLD-AR-Doors	0	0 in the document
19:01:36.073	283.820	1A02MM		test passed	BLD-DR-Plumbing Fixtures-vs-BLD-AR-Doors	0	ran and found nothing
19:01:36.106	283.853	1A02MM	TESTS CREATE	test created	BLD-DR-Plumbing Fixtures-vs-BLD-AR-Railings	0.082	hard_conservative, 0.0820209974 ft is 0.0820209974 ft
19:01:36.385	284.132	1A02MM		rows for the workbook	BLD-DR-Plumbing Fixtures-vs-BLD-AR-Railings	0	0 in the document
19:01:36.386	284.132	1A02MM		test passed	BLD-DR-Plumbing Fixtures-vs-BLD-AR-Railings	0	ran and found nothing
19:01:36.419	284.166	1A02MM	TESTS CREATE	test created	BLD-DR-Plumbing Fixtures-vs-BLD-ST-Foundation	0.082	hard_conservative, 0.0820209974 ft is 0.0820209974 ft
19:01:36.665	284.412	1A02MM		rows for the workbook	BLD-DR-Plumbing Fixtures-vs-BLD-ST-Foundation	0	0 in the document
19:01:36.666	284.413	1A02MM		test passed	BLD-DR-Plumbing Fixtures-vs-BLD-ST-Foundation	0	ran and found nothing
19:01:36.698	284.446	1A02MM	TESTS CREATE	test created	BLD-DR-Plumbing Fixtures-vs-BLD-ST-Columns	0.082	hard_conservative, 0.0820209974 ft is 0.0820209974 ft
19:01:36.930	284.678	1A02MM		rows for the workbook	BLD-DR-Plumbing Fixtures-vs-BLD-ST-Columns	0	0 in the document
19:01:36.931	284.678	1A02MM		test passed	BLD-DR-Plumbing Fixtures-vs-BLD-ST-Columns	0	ran and found nothing
19:01:36.964	284.711	1A02MM	TESTS CREATE	test created	BLD-DR-Plumbing Fixtures-vs-BLD-ST-Framing	0.082	hard_conservative, 0.0820209974 ft is 0.0820209974 ft
19:01:37.196	284.943	1A02MM		rows for the workbook	BLD-DR-Plumbing Fixtures-vs-BLD-ST-Framing	0	0 in the document
19:01:37.197	284.944	1A02MM		test passed	BLD-DR-Plumbing Fixtures-vs-BLD-ST-Framing	0	ran and found nothing
19:01:37.229	284.977	1A02MM	TESTS CREATE	test created	BLD-DR-Plumbing Fixtures-vs-BLD-ST-Walls	0.082	hard_conservative, 0.0820209974 ft is 0.0820209974 ft
19:01:37.478	285.225	1A02MM		rows for the workbook	BLD-DR-Plumbing Fixtures-vs-BLD-ST-Walls	0	0 in the document
19:01:37.478	285.225	1A02MM		test passed	BLD-DR-Plumbing Fixtures-vs-BLD-ST-Walls	0	ran and found nothing
19:01:37.512	285.259	1A02MM	TESTS CREATE	test created	BLD-DR-Plumbing Fixtures-vs-BLD-ST-Floors	0.082	hard_conservative, 0.0820209974 ft is 0.0820209974 ft
19:01:37.771	285.519	1A02MM		rows for the workbook	BLD-DR-Plumbing Fixtures-vs-BLD-ST-Floors	0	0 in the document
19:01:37.772	285.519	1A02MM		test passed	BLD-DR-Plumbing Fixtures-vs-BLD-ST-Floors	0	ran and found nothing
19:01:37.807	285.554	1A02MM	TESTS CREATE	test created	BLD-DR-Plumbing Fixtures-vs-BLD-ST-Stair	0.082	hard_conservative, 0.0820209974 ft is 0.0820209974 ft
19:01:38.117	285.864	1A02MM		rows for the workbook	BLD-DR-Plumbing Fixtures-vs-BLD-ST-Stair	0	0 in the document
19:01:38.118	285.865	1A02MM		test passed	BLD-DR-Plumbing Fixtures-vs-BLD-ST-Stair	0	ran and found nothing
19:01:38.152	285.899	1A02MM	TESTS CREATE	test created	BLD-DR-Plumbing Fixtures-vs-BLD-ME-Ducts&Duct Fittings	0.082	hard_conservative, 0.0820209974 ft is 0.0820209974 ft
19:01:38.511	286.258	1A02MM		rows for the workbook	BLD-DR-Plumbing Fixtures-vs-BLD-ME-Ducts&Duct Fittings	0	0 in the document
19:01:38.512	286.259	1A02MM		test passed	BLD-DR-Plumbing Fixtures-vs-BLD-ME-Ducts&Duct Fittings	0	ran and found nothing
19:01:38.563	286.310	1A02MM	TESTS CREATE	test created	BLD-DR-Plumbing Fixtures-vs-BLD-ME-Duct Accessory	0.082	hard_conservative, 0.0820209974 ft is 0.0820209974 ft
19:01:38.902	286.649	1A02MM		rows for the workbook	BLD-DR-Plumbing Fixtures-vs-BLD-ME-Duct Accessory	0	0 in the document
19:01:38.902	286.649	1A02MM		test passed	BLD-DR-Plumbing Fixtures-vs-BLD-ME-Duct Accessory	0	ran and found nothing
19:01:38.937	286.683	1A02MM	TESTS CREATE	test created	BLD-DR-Plumbing Fixtures-vs-BLD-ME-Mechanical Equipment	0.082	hard_conservative, 0.0820209974 ft is 0.0820209974 ft
19:01:39.202	286.949	1A02MM		rows for the workbook	BLD-DR-Plumbing Fixtures-vs-BLD-ME-Mechanical Equipment	0	0 in the document
19:01:39.202	286.949	1A02MM		test passed	BLD-DR-Plumbing Fixtures-vs-BLD-ME-Mechanical Equipment	0	ran and found nothing
19:01:39.278	287.025	1A02MM	TESTS CREATE	test created	BLD-DR-Plumbing Fixtures-vs-BLD-ME-Air Terminals	0.082	hard_conservative, 0.0820209974 ft is 0.0820209974 ft
19:01:39.563	287.310	1A02MM		rows for the workbook	BLD-DR-Plumbing Fixtures-vs-BLD-ME-Air Terminals	0	0 in the document
19:01:39.563	287.310	1A02MM		test passed	BLD-DR-Plumbing Fixtures-vs-BLD-ME-Air Terminals	0	ran and found nothing
19:01:39.596	287.344	1A02MM	TESTS CREATE	test created	BLD-DR-Plumbing Fixtures-vs-BLD-ME-Pipes&Pipe Fittings	0.082	hard_conservative, 0.0820209974 ft is 0.0820209974 ft
19:01:39.889	287.637	1A02MM		rows for the workbook	BLD-DR-Plumbing Fixtures-vs-BLD-ME-Pipes&Pipe Fittings	0	0 in the document
19:01:39.890	287.638	1A02MM		test passed	BLD-DR-Plumbing Fixtures-vs-BLD-ME-Pipes&Pipe Fittings	0	ran and found nothing
19:01:39.924	287.671	1A02MM	TESTS CREATE	test created	BLD-DR-Plumbing Fixtures-vs-BLD-PL-Mechanical Equipment	0.082	hard_conservative, 0.0820209974 ft is 0.0820209974 ft
19:01:40.187	287.934	1A02MM		rows for the workbook	BLD-DR-Plumbing Fixtures-vs-BLD-PL-Mechanical Equipment	0	0 in the document
19:01:40.188	287.935	1A02MM		test passed	BLD-DR-Plumbing Fixtures-vs-BLD-PL-Mechanical Equipment	0	ran and found nothing
19:01:40.222	287.969	1A02MM	TESTS CREATE	test created	BLD-DR-Plumbing Fixtures-vs-BLD-PL-Pipes & Pipe Fittings	0.082	hard_conservative, 0.0820209974 ft is 0.0820209974 ft
19:01:40.485	288.232	1A02MM		rows for the workbook	BLD-DR-Plumbing Fixtures-vs-BLD-PL-Pipes & Pipe Fittings	0	0 in the document
19:01:40.485	288.232	1A02MM		test passed	BLD-DR-Plumbing Fixtures-vs-BLD-PL-Pipes & Pipe Fittings	0	ran and found nothing
19:01:40.518	288.265	1A02MM	TESTS CREATE	test created	BLD-DR-Plumbing Fixtures-vs-BLD-PL-Pipe Accessories	0.082	hard_conservative, 0.0820209974 ft is 0.0820209974 ft
19:01:40.780	288.527	1A02MM		rows for the workbook	BLD-DR-Plumbing Fixtures-vs-BLD-PL-Pipe Accessories	0	0 in the document
19:01:40.780	288.527	1A02MM		test passed	BLD-DR-Plumbing Fixtures-vs-BLD-PL-Pipe Accessories	0	ran and found nothing
19:01:40.814	288.561	1A02MM	TESTS CREATE	test created	BLD-DR-Plumbing Fixtures-vs-BLD-PL-Plumbing Fixtures	0.082	hard_conservative, 0.0820209974 ft is 0.0820209974 ft
19:01:41.046	288.793	1A02MM		rows for the workbook	BLD-DR-Plumbing Fixtures-vs-BLD-PL-Plumbing Fixtures	0	0 in the document
19:01:41.047	288.793	1A02MM		test passed	BLD-DR-Plumbing Fixtures-vs-BLD-PL-Plumbing Fixtures	0	ran and found nothing
19:01:41.080	288.827	1A02MM	TESTS CREATE	test created	BLD-DR-Plumbing Fixtures-vs-BLD-DR-Pipes & Pipe Fittings	0.082	hard_conservative, 0.0820209974 ft is 0.0820209974 ft
19:01:41.377	289.124	1A02MM		rows for the workbook	BLD-DR-Plumbing Fixtures-vs-BLD-DR-Pipes & Pipe Fittings	2	2 in the document
19:01:41.377	289.124	1A02MM		test found clashes	BLD-DR-Plumbing Fixtures-vs-BLD-DR-Pipes & Pipe Fittings	2	ran and found clashes
19:01:41.438	289.184	1A02MM	TESTS CREATE	test created	BLD-EL-Cable Tray&Cable Tray Fittings-vs-BLD-AR-Floors	0.082	hard_conservative, 0.0820209974 ft is 0.0820209974 ft
19:01:41.685	289.432	1A02MM		rows for the workbook	BLD-EL-Cable Tray&Cable Tray Fittings-vs-BLD-AR-Floors	0	0 in the document
19:01:41.686	289.432	1A02MM		test passed	BLD-EL-Cable Tray&Cable Tray Fittings-vs-BLD-AR-Floors	0	ran and found nothing
19:01:41.751	289.498	1A02MM	TESTS CREATE	test created	BLD-EL-Cable Tray&Cable Tray Fittings-vs-BLD-AR-Walls	0.082	hard_conservative, 0.0820209974 ft is 0.0820209974 ft
19:01:41.995	289.742	1A02MM		rows for the workbook	BLD-EL-Cable Tray&Cable Tray Fittings-vs-BLD-AR-Walls	0	0 in the document
19:01:41.996	289.743	1A02MM		test passed	BLD-EL-Cable Tray&Cable Tray Fittings-vs-BLD-AR-Walls	0	ran and found nothing
19:01:42.028	289.776	1A02MM	TESTS CREATE	test created	BLD-EL-Cable Tray&Cable Tray Fittings-vs-BLD-AR-Windows	0.082	hard_conservative, 0.0820209974 ft is 0.0820209974 ft
19:01:42.278	290.024	1A02MM		rows for the workbook	BLD-EL-Cable Tray&Cable Tray Fittings-vs-BLD-AR-Windows	0	0 in the document
19:01:42.278	290.025	1A02MM		test passed	BLD-EL-Cable Tray&Cable Tray Fittings-vs-BLD-AR-Windows	0	ran and found nothing
19:01:42.311	290.058	1A02MM	TESTS CREATE	test created	BLD-EL-Cable Tray&Cable Tray Fittings-vs-BLD-AR-Curtain Mullions	0.082	hard_conservative, 0.0820209974 ft is 0.0820209974 ft
19:01:42.576	290.323	1A02MM		rows for the workbook	BLD-EL-Cable Tray&Cable Tray Fittings-vs-BLD-AR-Curtain Mullions	0	0 in the document
19:01:42.577	290.323	1A02MM		test passed	BLD-EL-Cable Tray&Cable Tray Fittings-vs-BLD-AR-Curtain Mullions	0	ran and found nothing
19:01:42.626	290.373	1A02MM	TESTS CREATE	test created	BLD-EL-Cable Tray&Cable Tray Fittings-vs-BLD-AR-Doors	0.082	hard_conservative, 0.0820209974 ft is 0.0820209974 ft
19:01:42.858	290.605	1A02MM		rows for the workbook	BLD-EL-Cable Tray&Cable Tray Fittings-vs-BLD-AR-Doors	0	0 in the document
19:01:42.858	290.605	1A02MM		test passed	BLD-EL-Cable Tray&Cable Tray Fittings-vs-BLD-AR-Doors	0	ran and found nothing
19:01:42.891	290.638	1A02MM	TESTS CREATE	test created	BLD-EL-Cable Tray&Cable Tray Fittings-vs-BLD-AR-Railings	0.082	hard_conservative, 0.0820209974 ft is 0.0820209974 ft
19:01:43.109	290.857	1A02MM		rows for the workbook	BLD-EL-Cable Tray&Cable Tray Fittings-vs-BLD-AR-Railings	0	0 in the document
19:01:43.110	290.857	1A02MM		test passed	BLD-EL-Cable Tray&Cable Tray Fittings-vs-BLD-AR-Railings	0	ran and found nothing
19:01:43.143	290.890	1A02MM	TESTS CREATE	test created	BLD-EL-Cable Tray&Cable Tray Fittings-vs-BLD-ST-Foundation	0.082	hard_conservative, 0.0820209974 ft is 0.0820209974 ft
19:01:43.343	291.091	1A02MM		rows for the workbook	BLD-EL-Cable Tray&Cable Tray Fittings-vs-BLD-ST-Foundation	0	0 in the document
19:01:43.344	291.091	1A02MM		test passed	BLD-EL-Cable Tray&Cable Tray Fittings-vs-BLD-ST-Foundation	0	ran and found nothing
19:01:43.378	291.125	1A02MM	TESTS CREATE	test created	BLD-EL-Cable Tray&Cable Tray Fittings-vs-BLD-ST-Columns	0.082	hard_conservative, 0.0820209974 ft is 0.0820209974 ft
19:01:44.115	291.862	1A02MM		rows for the workbook	BLD-EL-Cable Tray&Cable Tray Fittings-vs-BLD-ST-Columns	4	4 in the document
19:01:44.115	291.862	1A02MM		test found clashes	BLD-EL-Cable Tray&Cable Tray Fittings-vs-BLD-ST-Columns	4	ran and found clashes
19:01:44.154	291.902	1A02MM	TESTS CREATE	test created	BLD-EL-Cable Tray&Cable Tray Fittings-vs-BLD-ST-Framing	0.082	hard_conservative, 0.0820209974 ft is 0.0820209974 ft
19:01:45.090	292.837	1A02MM		rows for the workbook	BLD-EL-Cable Tray&Cable Tray Fittings-vs-BLD-ST-Framing	5	5 in the document
19:01:45.091	292.838	1A02MM		test found clashes	BLD-EL-Cable Tray&Cable Tray Fittings-vs-BLD-ST-Framing	5	ran and found clashes
19:01:45.138	292.885	1A02MM	TESTS CREATE	test created	BLD-EL-Cable Tray&Cable Tray Fittings-vs-BLD-ST-Walls	0.082	hard_conservative, 0.0820209974 ft is 0.0820209974 ft
19:01:45.807	293.553	1A02MM		rows for the workbook	BLD-EL-Cable Tray&Cable Tray Fittings-vs-BLD-ST-Walls	4	4 in the document
19:01:45.807	293.554	1A02MM		test found clashes	BLD-EL-Cable Tray&Cable Tray Fittings-vs-BLD-ST-Walls	4	ran and found clashes
19:01:45.852	293.600	1A02MM	TESTS CREATE	test created	BLD-EL-Cable Tray&Cable Tray Fittings-vs-BLD-ST-Floors	0.082	hard_conservative, 0.0820209974 ft is 0.0820209974 ft
19:01:46.670	294.417	1A02MM		rows for the workbook	BLD-EL-Cable Tray&Cable Tray Fittings-vs-BLD-ST-Floors	4	4 in the document
19:01:46.670	294.417	1A02MM		test found clashes	BLD-EL-Cable Tray&Cable Tray Fittings-vs-BLD-ST-Floors	4	ran and found clashes
19:01:46.713	294.460	1A02MM	TESTS CREATE	test created	BLD-EL-Cable Tray&Cable Tray Fittings-vs-BLD-ST-Stair	0.082	hard_conservative, 0.0820209974 ft is 0.0820209974 ft
19:01:46.944	294.692	1A02MM		rows for the workbook	BLD-EL-Cable Tray&Cable Tray Fittings-vs-BLD-ST-Stair	0	0 in the document
19:01:46.945	294.692	1A02MM		test passed	BLD-EL-Cable Tray&Cable Tray Fittings-vs-BLD-ST-Stair	0	ran and found nothing
19:01:46.979	294.726	1A02MM	TESTS CREATE	test created	BLD-EL-Cable Tray&Cable Tray Fittings-vs-BLD-ME-Ducts&Duct Fittings	0.082	hard_conservative, 0.0820209974 ft is 0.0820209974 ft
19:01:47.226	294.972	1A02MM		rows for the workbook	BLD-EL-Cable Tray&Cable Tray Fittings-vs-BLD-ME-Ducts&Duct Fittings	0	0 in the document
19:01:47.226	294.973	1A02MM		test passed	BLD-EL-Cable Tray&Cable Tray Fittings-vs-BLD-ME-Ducts&Duct Fittings	0	ran and found nothing
19:01:47.259	295.006	1A02MM	TESTS CREATE	test created	BLD-EL-Cable Tray&Cable Tray Fittings-vs-BLD-ME-Duct Accessory	0.082	hard_conservative, 0.0820209974 ft is 0.0820209974 ft
19:01:47.474	295.221	1A02MM		rows for the workbook	BLD-EL-Cable Tray&Cable Tray Fittings-vs-BLD-ME-Duct Accessory	0	0 in the document
19:01:47.475	295.222	1A02MM		test passed	BLD-EL-Cable Tray&Cable Tray Fittings-vs-BLD-ME-Duct Accessory	0	ran and found nothing
19:01:47.508	295.255	1A02MM	TESTS CREATE	test created	BLD-EL-Cable Tray&Cable Tray Fittings-vs-BLD-ME-Mechanical Equipment	0.082	hard_conservative, 0.0820209974 ft is 0.0820209974 ft
19:01:47.740	295.488	1A02MM		rows for the workbook	BLD-EL-Cable Tray&Cable Tray Fittings-vs-BLD-ME-Mechanical Equipment	0	0 in the document
19:01:47.740	295.488	1A02MM		test passed	BLD-EL-Cable Tray&Cable Tray Fittings-vs-BLD-ME-Mechanical Equipment	0	ran and found nothing
19:01:47.774	295.520	1A02MM	TESTS CREATE	test created	BLD-EL-Cable Tray&Cable Tray Fittings-vs-BLD-ME-Air Terminals	0.082	hard_conservative, 0.0820209974 ft is 0.0820209974 ft
19:01:48.003	295.750	1A02MM		rows for the workbook	BLD-EL-Cable Tray&Cable Tray Fittings-vs-BLD-ME-Air Terminals	0	0 in the document
19:01:48.004	295.750	1A02MM		test passed	BLD-EL-Cable Tray&Cable Tray Fittings-vs-BLD-ME-Air Terminals	0	ran and found nothing
19:01:48.037	295.784	1A02MM	TESTS CREATE	test created	BLD-EL-Cable Tray&Cable Tray Fittings-vs-BLD-ME-Pipes&Pipe Fittings	0.082	hard_conservative, 0.0820209974 ft is 0.0820209974 ft
19:01:48.253	296.000	1A02MM		rows for the workbook	BLD-EL-Cable Tray&Cable Tray Fittings-vs-BLD-ME-Pipes&Pipe Fittings	0	0 in the document
19:01:48.254	296.000	1A02MM		test passed	BLD-EL-Cable Tray&Cable Tray Fittings-vs-BLD-ME-Pipes&Pipe Fittings	0	ran and found nothing
19:01:48.287	296.033	1A02MM	TESTS CREATE	test created	BLD-EL-Cable Tray&Cable Tray Fittings-vs-BLD-PL-Mechanical Equipment	0.082	hard_conservative, 0.0820209974 ft is 0.0820209974 ft
19:01:48.518	296.266	1A02MM		rows for the workbook	BLD-EL-Cable Tray&Cable Tray Fittings-vs-BLD-PL-Mechanical Equipment	0	0 in the document
19:01:48.519	296.266	1A02MM		test passed	BLD-EL-Cable Tray&Cable Tray Fittings-vs-BLD-PL-Mechanical Equipment	0	ran and found nothing
19:01:48.556	296.303	1A02MM	TESTS CREATE	test created	BLD-EL-Cable Tray&Cable Tray Fittings-vs-BLD-PL-Pipes & Pipe Fittings	0.082	hard_conservative, 0.0820209974 ft is 0.0820209974 ft
19:01:48.770	296.517	1A02MM		rows for the workbook	BLD-EL-Cable Tray&Cable Tray Fittings-vs-BLD-PL-Pipes & Pipe Fittings	0	0 in the document
19:01:48.771	296.517	1A02MM		test passed	BLD-EL-Cable Tray&Cable Tray Fittings-vs-BLD-PL-Pipes & Pipe Fittings	0	ran and found nothing
19:01:48.804	296.551	1A02MM	TESTS CREATE	test created	BLD-EL-Cable Tray&Cable Tray Fittings-vs-BLD-PL-Pipe Accessories	0.082	hard_conservative, 0.0820209974 ft is 0.0820209974 ft
19:01:49.022	296.769	1A02MM		rows for the workbook	BLD-EL-Cable Tray&Cable Tray Fittings-vs-BLD-PL-Pipe Accessories	0	0 in the document
19:01:49.022	296.769	1A02MM		test passed	BLD-EL-Cable Tray&Cable Tray Fittings-vs-BLD-PL-Pipe Accessories	0	ran and found nothing
19:01:49.055	296.801	1A02MM	TESTS CREATE	test created	BLD-EL-Cable Tray&Cable Tray Fittings-vs-BLD-PL-Plumbing Fixtures	0.082	hard_conservative, 0.0820209974 ft is 0.0820209974 ft
19:01:49.270	297.016	1A02MM		rows for the workbook	BLD-EL-Cable Tray&Cable Tray Fittings-vs-BLD-PL-Plumbing Fixtures	0	0 in the document
19:01:49.270	297.017	1A02MM		test passed	BLD-EL-Cable Tray&Cable Tray Fittings-vs-BLD-PL-Plumbing Fixtures	0	ran and found nothing
19:01:49.304	297.051	1A02MM	TESTS CREATE	test created	BLD-EL-Cable Tray&Cable Tray Fittings-vs-BLD-DR-Pipes & Pipe Fittings	0.082	hard_conservative, 0.0820209974 ft is 0.0820209974 ft
19:01:49.537	297.284	1A02MM		rows for the workbook	BLD-EL-Cable Tray&Cable Tray Fittings-vs-BLD-DR-Pipes & Pipe Fittings	0	0 in the document
19:01:49.537	297.284	1A02MM		test passed	BLD-EL-Cable Tray&Cable Tray Fittings-vs-BLD-DR-Pipes & Pipe Fittings	0	ran and found nothing
19:01:49.571	297.318	1A02MM	TESTS CREATE	test created	BLD-EL-Cable Tray&Cable Tray Fittings-vs-BLD-DR-Plumbing Fixtures	0.082	hard_conservative, 0.0820209974 ft is 0.0820209974 ft
19:01:49.800	297.547	1A02MM		rows for the workbook	BLD-EL-Cable Tray&Cable Tray Fittings-vs-BLD-DR-Plumbing Fixtures	0	0 in the document
19:01:49.801	297.547	1A02MM		test passed	BLD-EL-Cable Tray&Cable Tray Fittings-vs-BLD-DR-Plumbing Fixtures	0	ran and found nothing
19:01:49.834	297.581	1A02MM	TESTS CREATE	test created	BLD-EL-Electrical Equipment-vs-BLD-AR-Floors	0.082	hard_conservative, 0.0820209974 ft is 0.0820209974 ft
19:01:50.050	297.797	1A02MM		rows for the workbook	BLD-EL-Electrical Equipment-vs-BLD-AR-Floors	0	0 in the document
19:01:50.051	297.798	1A02MM		test passed	BLD-EL-Electrical Equipment-vs-BLD-AR-Floors	0	ran and found nothing
19:01:50.084	297.831	1A02MM	TESTS CREATE	test created	BLD-EL-Electrical Equipment-vs-BLD-AR-Walls	0.082	hard_conservative, 0.0820209974 ft is 0.0820209974 ft
19:01:50.316	298.062	1A02MM		rows for the workbook	BLD-EL-Electrical Equipment-vs-BLD-AR-Walls	0	0 in the document
19:01:50.316	298.063	1A02MM		test passed	BLD-EL-Electrical Equipment-vs-BLD-AR-Walls	0	ran and found nothing
19:01:50.349	298.096	1A02MM	TESTS CREATE	test created	BLD-EL-Electrical Equipment-vs-BLD-AR-Windows	0.082	hard_conservative, 0.0820209974 ft is 0.0820209974 ft
19:01:50.564	298.311	1A02MM		rows for the workbook	BLD-EL-Electrical Equipment-vs-BLD-AR-Windows	0	0 in the document
19:01:50.565	298.312	1A02MM		test passed	BLD-EL-Electrical Equipment-vs-BLD-AR-Windows	0	ran and found nothing
19:01:50.599	298.346	1A02MM	TESTS CREATE	test created	BLD-EL-Electrical Equipment-vs-BLD-AR-Curtain Mullions	0.082	hard_conservative, 0.0820209974 ft is 0.0820209974 ft
19:01:50.845	298.593	1A02MM		rows for the workbook	BLD-EL-Electrical Equipment-vs-BLD-AR-Curtain Mullions	0	0 in the document
19:01:50.845	298.593	1A02MM		test passed	BLD-EL-Electrical Equipment-vs-BLD-AR-Curtain Mullions	0	ran and found nothing
19:01:50.879	298.626	1A02MM	TESTS CREATE	test created	BLD-EL-Electrical Equipment-vs-BLD-AR-Doors	0.082	hard_conservative, 0.0820209974 ft is 0.0820209974 ft
19:01:51.095	298.842	1A02MM		rows for the workbook	BLD-EL-Electrical Equipment-vs-BLD-AR-Doors	0	0 in the document
19:01:51.095	298.843	1A02MM		test passed	BLD-EL-Electrical Equipment-vs-BLD-AR-Doors	0	ran and found nothing
19:01:51.128	298.875	1A02MM	TESTS CREATE	test created	BLD-EL-Electrical Equipment-vs-BLD-AR-Railings	0.082	hard_conservative, 0.0820209974 ft is 0.0820209974 ft
19:01:51.362	299.109	1A02MM		rows for the workbook	BLD-EL-Electrical Equipment-vs-BLD-AR-Railings	0	0 in the document
19:01:51.363	299.109	1A02MM		test passed	BLD-EL-Electrical Equipment-vs-BLD-AR-Railings	0	ran and found nothing
19:01:51.397	299.143	1A02MM	TESTS CREATE	test created	BLD-EL-Electrical Equipment-vs-BLD-ST-Foundation	0.082	hard_conservative, 0.0820209974 ft is 0.0820209974 ft
19:01:51.735	299.482	1A02MM		rows for the workbook	BLD-EL-Electrical Equipment-vs-BLD-ST-Foundation	2	2 in the document
19:01:51.736	299.482	1A02MM		test found clashes	BLD-EL-Electrical Equipment-vs-BLD-ST-Foundation	2	ran and found clashes
19:01:51.772	299.518	1A02MM	TESTS CREATE	test created	BLD-EL-Electrical Equipment-vs-BLD-ST-Columns	0.082	hard_conservative, 0.0820209974 ft is 0.0820209974 ft
19:01:52.205	299.951	1A02MM		rows for the workbook	BLD-EL-Electrical Equipment-vs-BLD-ST-Columns	3	3 in the document
19:01:52.205	299.952	1A02MM		test found clashes	BLD-EL-Electrical Equipment-vs-BLD-ST-Columns	3	ran and found clashes
19:01:52.237	299.983	1A02MM	TESTS CREATE	test created	BLD-EL-Electrical Equipment-vs-BLD-ST-Framing	0.082	hard_conservative, 0.0820209974 ft is 0.0820209974 ft
19:01:52.613	300.360	1A02MM		rows for the workbook	BLD-EL-Electrical Equipment-vs-BLD-ST-Framing	1	1 in the document
19:01:52.614	300.361	1A02MM		test found clashes	BLD-EL-Electrical Equipment-vs-BLD-ST-Framing	1	ran and found clashes
19:01:52.661	300.408	1A02MM	TESTS CREATE	test created	BLD-EL-Electrical Equipment-vs-BLD-ST-Walls	0.082	hard_conservative, 0.0820209974 ft is 0.0820209974 ft
19:01:52.891	300.638	1A02MM		rows for the workbook	BLD-EL-Electrical Equipment-vs-BLD-ST-Walls	0	0 in the document
19:01:52.892	300.639	1A02MM		test passed	BLD-EL-Electrical Equipment-vs-BLD-ST-Walls	0	ran and found nothing
19:01:52.926	300.672	1A02MM	TESTS CREATE	test created	BLD-EL-Electrical Equipment-vs-BLD-ST-Floors	0.082	hard_conservative, 0.0820209974 ft is 0.0820209974 ft
19:01:53.447	301.194	1A02MM		rows for the workbook	BLD-EL-Electrical Equipment-vs-BLD-ST-Floors	3	3 in the document
19:01:53.448	301.195	1A02MM		test found clashes	BLD-EL-Electrical Equipment-vs-BLD-ST-Floors	3	ran and found clashes
19:01:53.487	301.234	1A02MM	TESTS CREATE	test created	BLD-EL-Electrical Equipment-vs-BLD-ST-Stair	0.082	hard_conservative, 0.0820209974 ft is 0.0820209974 ft
19:01:53.736	301.483	1A02MM		rows for the workbook	BLD-EL-Electrical Equipment-vs-BLD-ST-Stair	0	0 in the document
19:01:53.736	301.483	1A02MM		test passed	BLD-EL-Electrical Equipment-vs-BLD-ST-Stair	0	ran and found nothing
19:01:53.770	301.517	1A02MM	TESTS CREATE	test created	BLD-EL-Electrical Equipment-vs-BLD-ME-Ducts&Duct Fittings	0.082	hard_conservative, 0.0820209974 ft is 0.0820209974 ft
19:01:54.032	301.779	1A02MM		rows for the workbook	BLD-EL-Electrical Equipment-vs-BLD-ME-Ducts&Duct Fittings	0	0 in the document
19:01:54.032	301.779	1A02MM		test passed	BLD-EL-Electrical Equipment-vs-BLD-ME-Ducts&Duct Fittings	0	ran and found nothing
19:01:54.066	301.813	1A02MM	TESTS CREATE	test created	BLD-EL-Electrical Equipment-vs-BLD-ME-Duct Accessory	0.082	hard_conservative, 0.0820209974 ft is 0.0820209974 ft
19:01:54.359	302.106	1A02MM		rows for the workbook	BLD-EL-Electrical Equipment-vs-BLD-ME-Duct Accessory	0	0 in the document
19:01:54.360	302.107	1A02MM		test passed	BLD-EL-Electrical Equipment-vs-BLD-ME-Duct Accessory	0	ran and found nothing
19:01:54.394	302.141	1A02MM	TESTS CREATE	test created	BLD-EL-Electrical Equipment-vs-BLD-ME-Mechanical Equipment	0.082	hard_conservative, 0.0820209974 ft is 0.0820209974 ft
19:01:54.641	302.388	1A02MM		rows for the workbook	BLD-EL-Electrical Equipment-vs-BLD-ME-Mechanical Equipment	0	0 in the document
19:01:54.641	302.388	1A02MM		test passed	BLD-EL-Electrical Equipment-vs-BLD-ME-Mechanical Equipment	0	ran and found nothing
19:01:54.674	302.420	1A02MM	TESTS CREATE	test created	BLD-EL-Electrical Equipment-vs-BLD-ME-Air Terminals	0.082	hard_conservative, 0.0820209974 ft is 0.0820209974 ft
19:01:54.905	302.652	1A02MM		rows for the workbook	BLD-EL-Electrical Equipment-vs-BLD-ME-Air Terminals	0	0 in the document
19:01:54.906	302.653	1A02MM		test passed	BLD-EL-Electrical Equipment-vs-BLD-ME-Air Terminals	0	ran and found nothing
19:01:54.939	302.686	1A02MM	TESTS CREATE	test created	BLD-EL-Electrical Equipment-vs-BLD-ME-Pipes&Pipe Fittings	0.082	hard_conservative, 0.0820209974 ft is 0.0820209974 ft
19:01:55.202	302.950	1A02MM		rows for the workbook	BLD-EL-Electrical Equipment-vs-BLD-ME-Pipes&Pipe Fittings	0	0 in the document
19:01:55.203	302.950	1A02MM		test passed	BLD-EL-Electrical Equipment-vs-BLD-ME-Pipes&Pipe Fittings	0	ran and found nothing
19:01:55.236	302.984	1A02MM	TESTS CREATE	test created	BLD-EL-Electrical Equipment-vs-BLD-PL-Mechanical Equipment	0.082	hard_conservative, 0.0820209974 ft is 0.0820209974 ft
19:01:55.544	303.291	1A02MM		rows for the workbook	BLD-EL-Electrical Equipment-vs-BLD-PL-Mechanical Equipment	0	0 in the document
19:01:55.545	303.291	1A02MM		test passed	BLD-EL-Electrical Equipment-vs-BLD-PL-Mechanical Equipment	0	ran and found nothing
19:01:55.610	303.357	1A02MM	TESTS CREATE	test created	BLD-EL-Electrical Equipment-vs-BLD-PL-Pipes & Pipe Fittings	0.082	hard_conservative, 0.0820209974 ft is 0.0820209974 ft
19:01:55.940	303.687	1A02MM		rows for the workbook	BLD-EL-Electrical Equipment-vs-BLD-PL-Pipes & Pipe Fittings	0	0 in the document
19:01:55.941	303.688	1A02MM		test passed	BLD-EL-Electrical Equipment-vs-BLD-PL-Pipes & Pipe Fittings	0	ran and found nothing
19:01:55.977	303.724	1A02MM	TESTS CREATE	test created	BLD-EL-Electrical Equipment-vs-BLD-PL-Pipe Accessories	0.082	hard_conservative, 0.0820209974 ft is 0.0820209974 ft
19:01:56.293	304.040	1A02MM		rows for the workbook	BLD-EL-Electrical Equipment-vs-BLD-PL-Pipe Accessories	0	0 in the document
19:01:56.293	304.040	1A02MM		test passed	BLD-EL-Electrical Equipment-vs-BLD-PL-Pipe Accessories	0	ran and found nothing
19:01:56.315	304.062	1A02MM	TESTS CREATE	test created	BLD-EL-Electrical Equipment-vs-BLD-PL-Plumbing Fixtures	0.082	hard_conservative, 0.0820209974 ft is 0.0820209974 ft
19:01:56.599	304.346	1A02MM		rows for the workbook	BLD-EL-Electrical Equipment-vs-BLD-PL-Plumbing Fixtures	0	0 in the document
19:01:56.600	304.347	1A02MM		test passed	BLD-EL-Electrical Equipment-vs-BLD-PL-Plumbing Fixtures	0	ran and found nothing
19:01:56.638	304.385	1A02MM	TESTS CREATE	test created	BLD-EL-Electrical Equipment-vs-BLD-DR-Pipes & Pipe Fittings	0.082	hard_conservative, 0.0820209974 ft is 0.0820209974 ft
19:01:56.925	304.672	1A02MM		rows for the workbook	BLD-EL-Electrical Equipment-vs-BLD-DR-Pipes & Pipe Fittings	0	0 in the document
19:01:56.926	304.673	1A02MM		test passed	BLD-EL-Electrical Equipment-vs-BLD-DR-Pipes & Pipe Fittings	0	ran and found nothing
19:01:56.964	304.711	1A02MM	TESTS CREATE	test created	BLD-EL-Electrical Equipment-vs-BLD-DR-Plumbing Fixtures	0.082	hard_conservative, 0.0820209974 ft is 0.0820209974 ft
19:01:57.217	304.964	1A02MM		rows for the workbook	BLD-EL-Electrical Equipment-vs-BLD-DR-Plumbing Fixtures	0	0 in the document
19:01:57.218	304.965	1A02MM		test passed	BLD-EL-Electrical Equipment-vs-BLD-DR-Plumbing Fixtures	0	ran and found nothing
19:01:57.256	305.003	1A02MM	TESTS CREATE	test created	BLD-EL-Electrical Equipment-vs-BLD-EL-Cable Tray&Cable Tray Fittings	0.082	hard_conservative, 0.0820209974 ft is 0.0820209974 ft
19:01:57.663	305.410	1A02MM		rows for the workbook	BLD-EL-Electrical Equipment-vs-BLD-EL-Cable Tray&Cable Tray Fittings	1	1 in the document
19:01:57.664	305.411	1A02MM		test found clashes	BLD-EL-Electrical Equipment-vs-BLD-EL-Cable Tray&Cable Tray Fittings	1	ran and found clashes
19:01:57.714	305.461	1A02MM	TESTS CREATE	test created	BLD-EL-Electrical Fixtures-vs-BLD-AR-Floors	0.082	hard_conservative, 0.0820209974 ft is 0.0820209974 ft
19:01:58.003	305.750	1A02MM		rows for the workbook	BLD-EL-Electrical Fixtures-vs-BLD-AR-Floors	0	0 in the document
19:01:58.004	305.750	1A02MM		test passed	BLD-EL-Electrical Fixtures-vs-BLD-AR-Floors	0	ran and found nothing
19:01:58.043	305.789	1A02MM	TESTS CREATE	test created	BLD-EL-Electrical Fixtures-vs-BLD-AR-Walls	0.082	hard_conservative, 0.0820209974 ft is 0.0820209974 ft
19:01:58.337	306.085	1A02MM		rows for the workbook	BLD-EL-Electrical Fixtures-vs-BLD-AR-Walls	0	0 in the document
19:01:58.338	306.085	1A02MM		test passed	BLD-EL-Electrical Fixtures-vs-BLD-AR-Walls	0	ran and found nothing
19:01:58.371	306.118	1A02MM	TESTS CREATE	test created	BLD-EL-Electrical Fixtures-vs-BLD-AR-Windows	0.082	hard_conservative, 0.0820209974 ft is 0.0820209974 ft
19:01:58.647	306.394	1A02MM		rows for the workbook	BLD-EL-Electrical Fixtures-vs-BLD-AR-Windows	0	0 in the document
19:01:58.648	306.394	1A02MM		test passed	BLD-EL-Electrical Fixtures-vs-BLD-AR-Windows	0	ran and found nothing
19:01:58.681	306.428	1A02MM	TESTS CREATE	test created	BLD-EL-Electrical Fixtures-vs-BLD-AR-Curtain Mullions	0.082	hard_conservative, 0.0820209974 ft is 0.0820209974 ft
19:01:58.974	306.721	1A02MM		rows for the workbook	BLD-EL-Electrical Fixtures-vs-BLD-AR-Curtain Mullions	0	0 in the document
19:01:58.974	306.722	1A02MM		test passed	BLD-EL-Electrical Fixtures-vs-BLD-AR-Curtain Mullions	0	ran and found nothing
19:01:59.004	306.751	1A02MM	TESTS CREATE	test created	BLD-EL-Electrical Fixtures-vs-BLD-AR-Doors	0.082	hard_conservative, 0.0820209974 ft is 0.0820209974 ft
19:01:59.272	307.019	1A02MM		rows for the workbook	BLD-EL-Electrical Fixtures-vs-BLD-AR-Doors	0	0 in the document
19:01:59.272	307.020	1A02MM		test passed	BLD-EL-Electrical Fixtures-vs-BLD-AR-Doors	0	ran and found nothing
19:01:59.306	307.053	1A02MM	TESTS CREATE	test created	BLD-EL-Electrical Fixtures-vs-BLD-AR-Railings	0.082	hard_conservative, 0.0820209974 ft is 0.0820209974 ft
19:01:59.554	307.301	1A02MM		rows for the workbook	BLD-EL-Electrical Fixtures-vs-BLD-AR-Railings	0	0 in the document
19:01:59.554	307.301	1A02MM		test passed	BLD-EL-Electrical Fixtures-vs-BLD-AR-Railings	0	ran and found nothing
19:01:59.588	307.335	1A02MM	TESTS CREATE	test created	BLD-EL-Electrical Fixtures-vs-BLD-ST-Foundation	0.082	hard_conservative, 0.0820209974 ft is 0.0820209974 ft
19:01:59.835	307.582	1A02MM		rows for the workbook	BLD-EL-Electrical Fixtures-vs-BLD-ST-Foundation	0	0 in the document
19:01:59.835	307.582	1A02MM		test passed	BLD-EL-Electrical Fixtures-vs-BLD-ST-Foundation	0	ran and found nothing
19:01:59.869	307.615	1A02MM	TESTS CREATE	test created	BLD-EL-Electrical Fixtures-vs-BLD-ST-Columns	0.082	hard_conservative, 0.0820209974 ft is 0.0820209974 ft
19:02:00.113	307.860	1A02MM		rows for the workbook	BLD-EL-Electrical Fixtures-vs-BLD-ST-Columns	0	0 in the document
19:02:00.114	307.860	1A02MM		test passed	BLD-EL-Electrical Fixtures-vs-BLD-ST-Columns	0	ran and found nothing
19:02:00.147	307.894	1A02MM	TESTS CREATE	test created	BLD-EL-Electrical Fixtures-vs-BLD-ST-Framing	0.082	hard_conservative, 0.0820209974 ft is 0.0820209974 ft
19:02:00.394	308.141	1A02MM		rows for the workbook	BLD-EL-Electrical Fixtures-vs-BLD-ST-Framing	0	0 in the document
19:02:00.395	308.142	1A02MM		test passed	BLD-EL-Electrical Fixtures-vs-BLD-ST-Framing	0	ran and found nothing
19:02:00.428	308.174	1A02MM	TESTS CREATE	test created	BLD-EL-Electrical Fixtures-vs-BLD-ST-Walls	0.082	hard_conservative, 0.0820209974 ft is 0.0820209974 ft
19:02:00.674	308.421	1A02MM		rows for the workbook	BLD-EL-Electrical Fixtures-vs-BLD-ST-Walls	0	0 in the document
19:02:00.674	308.421	1A02MM		test passed	BLD-EL-Electrical Fixtures-vs-BLD-ST-Walls	0	ran and found nothing
19:02:00.707	308.454	1A02MM	TESTS CREATE	test created	BLD-EL-Electrical Fixtures-vs-BLD-ST-Floors	0.082	hard_conservative, 0.0820209974 ft is 0.0820209974 ft
19:02:00.956	308.703	1A02MM		rows for the workbook	BLD-EL-Electrical Fixtures-vs-BLD-ST-Floors	0	0 in the document
19:02:00.957	308.704	1A02MM		test passed	BLD-EL-Electrical Fixtures-vs-BLD-ST-Floors	0	ran and found nothing
19:02:00.990	308.737	1A02MM	TESTS CREATE	test created	BLD-EL-Electrical Fixtures-vs-BLD-ST-Stair	0.082	hard_conservative, 0.0820209974 ft is 0.0820209974 ft
19:02:01.256	309.003	1A02MM		rows for the workbook	BLD-EL-Electrical Fixtures-vs-BLD-ST-Stair	0	0 in the document
19:02:01.258	309.004	1A02MM		test passed	BLD-EL-Electrical Fixtures-vs-BLD-ST-Stair	0	ran and found nothing
19:02:01.288	309.035	1A02MM	TESTS CREATE	test created	BLD-EL-Electrical Fixtures-vs-BLD-ME-Ducts&Duct Fittings	0.082	hard_conservative, 0.0820209974 ft is 0.0820209974 ft
19:02:01.553	309.300	1A02MM		rows for the workbook	BLD-EL-Electrical Fixtures-vs-BLD-ME-Ducts&Duct Fittings	0	0 in the document
19:02:01.554	309.300	1A02MM		test passed	BLD-EL-Electrical Fixtures-vs-BLD-ME-Ducts&Duct Fittings	0	ran and found nothing
19:02:01.587	309.334	1A02MM	TESTS CREATE	test created	BLD-EL-Electrical Fixtures-vs-BLD-ME-Duct Accessory	0.082	hard_conservative, 0.0820209974 ft is 0.0820209974 ft
19:02:01.852	309.599	1A02MM		rows for the workbook	BLD-EL-Electrical Fixtures-vs-BLD-ME-Duct Accessory	0	0 in the document
19:02:01.852	309.599	1A02MM		test passed	BLD-EL-Electrical Fixtures-vs-BLD-ME-Duct Accessory	0	ran and found nothing
19:02:01.885	309.632	1A02MM	TESTS CREATE	test created	BLD-EL-Electrical Fixtures-vs-BLD-ME-Mechanical Equipment	0.082	hard_conservative, 0.0820209974 ft is 0.0820209974 ft
19:02:02.148	309.895	1A02MM		rows for the workbook	BLD-EL-Electrical Fixtures-vs-BLD-ME-Mechanical Equipment	0	0 in the document
19:02:02.148	309.895	1A02MM		test passed	BLD-EL-Electrical Fixtures-vs-BLD-ME-Mechanical Equipment	0	ran and found nothing
19:02:02.182	309.929	1A02MM	TESTS CREATE	test created	BLD-EL-Electrical Fixtures-vs-BLD-ME-Air Terminals	0.082	hard_conservative, 0.0820209974 ft is 0.0820209974 ft
19:02:02.447	310.194	1A02MM		rows for the workbook	BLD-EL-Electrical Fixtures-vs-BLD-ME-Air Terminals	0	0 in the document
19:02:02.448	310.194	1A02MM		test passed	BLD-EL-Electrical Fixtures-vs-BLD-ME-Air Terminals	0	ran and found nothing
19:02:02.483	310.229	1A02MM	TESTS CREATE	test created	BLD-EL-Electrical Fixtures-vs-BLD-ME-Pipes&Pipe Fittings	0.082	hard_conservative, 0.0820209974 ft is 0.0820209974 ft
19:02:02.775	310.522	1A02MM		rows for the workbook	BLD-EL-Electrical Fixtures-vs-BLD-ME-Pipes&Pipe Fittings	0	0 in the document
19:02:02.776	310.523	1A02MM		test passed	BLD-EL-Electrical Fixtures-vs-BLD-ME-Pipes&Pipe Fittings	0	ran and found nothing
19:02:02.811	310.558	1A02MM	TESTS CREATE	test created	BLD-EL-Electrical Fixtures-vs-BLD-PL-Mechanical Equipment	0.082	hard_conservative, 0.0820209974 ft is 0.0820209974 ft
19:02:03.106	310.853	1A02MM		rows for the workbook	BLD-EL-Electrical Fixtures-vs-BLD-PL-Mechanical Equipment	0	0 in the document
19:02:03.107	310.853	1A02MM		test passed	BLD-EL-Electrical Fixtures-vs-BLD-PL-Mechanical Equipment	0	ran and found nothing
19:02:03.155	310.902	1A02MM	TESTS CREATE	test created	BLD-EL-Electrical Fixtures-vs-BLD-PL-Pipes & Pipe Fittings	0.082	hard_conservative, 0.0820209974 ft is 0.0820209974 ft
19:02:03.419	311.166	1A02MM		rows for the workbook	BLD-EL-Electrical Fixtures-vs-BLD-PL-Pipes & Pipe Fittings	0	0 in the document
19:02:03.419	311.166	1A02MM		test passed	BLD-EL-Electrical Fixtures-vs-BLD-PL-Pipes & Pipe Fittings	0	ran and found nothing
19:02:03.484	311.231	1A02MM	TESTS CREATE	test created	BLD-EL-Electrical Fixtures-vs-BLD-PL-Pipe Accessories	0.082	hard_conservative, 0.0820209974 ft is 0.0820209974 ft
19:02:03.747	311.494	1A02MM		rows for the workbook	BLD-EL-Electrical Fixtures-vs-BLD-PL-Pipe Accessories	0	0 in the document
19:02:03.748	311.495	1A02MM		test passed	BLD-EL-Electrical Fixtures-vs-BLD-PL-Pipe Accessories	0	ran and found nothing
19:02:03.813	311.560	1A02MM	TESTS CREATE	test created	BLD-EL-Electrical Fixtures-vs-BLD-PL-Plumbing Fixtures	0.082	hard_conservative, 0.0820209974 ft is 0.0820209974 ft
19:02:04.062	311.809	1A02MM		rows for the workbook	BLD-EL-Electrical Fixtures-vs-BLD-PL-Plumbing Fixtures	0	0 in the document
19:02:04.063	311.810	1A02MM		test passed	BLD-EL-Electrical Fixtures-vs-BLD-PL-Plumbing Fixtures	0	ran and found nothing
19:02:04.097	311.843	1A02MM	TESTS CREATE	test created	BLD-EL-Electrical Fixtures-vs-BLD-DR-Pipes & Pipe Fittings	0.082	hard_conservative, 0.0820209974 ft is 0.0820209974 ft
19:02:04.313	312.060	1A02MM		rows for the workbook	BLD-EL-Electrical Fixtures-vs-BLD-DR-Pipes & Pipe Fittings	0	0 in the document
19:02:04.313	312.060	1A02MM		test passed	BLD-EL-Electrical Fixtures-vs-BLD-DR-Pipes & Pipe Fittings	0	ran and found nothing
19:02:04.347	312.093	1A02MM	TESTS CREATE	test created	BLD-EL-Electrical Fixtures-vs-BLD-DR-Plumbing Fixtures	0.082	hard_conservative, 0.0820209974 ft is 0.0820209974 ft
19:02:04.580	312.327	1A02MM		rows for the workbook	BLD-EL-Electrical Fixtures-vs-BLD-DR-Plumbing Fixtures	0	0 in the document
19:02:04.580	312.328	1A02MM		test passed	BLD-EL-Electrical Fixtures-vs-BLD-DR-Plumbing Fixtures	0	ran and found nothing
19:02:04.615	312.362	1A02MM	TESTS CREATE	test created	BLD-EL-Electrical Fixtures-vs-BLD-EL-Cable Tray&Cable Tray Fittings	0.082	hard_conservative, 0.0820209974 ft is 0.0820209974 ft
19:02:04.846	312.593	1A02MM		rows for the workbook	BLD-EL-Electrical Fixtures-vs-BLD-EL-Cable Tray&Cable Tray Fittings	0	0 in the document
19:02:04.847	312.593	1A02MM		test passed	BLD-EL-Electrical Fixtures-vs-BLD-EL-Cable Tray&Cable Tray Fittings	0	ran and found nothing
19:02:04.880	312.626	1A02MM	TESTS CREATE	test created	BLD-EL-Electrical Fixtures-vs-BLD-EL-Electrical Equipment	0.082	hard_conservative, 0.0820209974 ft is 0.0820209974 ft
19:02:05.141	312.888	1A02MM		rows for the workbook	BLD-EL-Electrical Fixtures-vs-BLD-EL-Electrical Equipment	0	0 in the document
19:02:05.141	312.888	1A02MM		test passed	BLD-EL-Electrical Fixtures-vs-BLD-EL-Electrical Equipment	0	ran and found nothing
19:02:05.178	312.925	1A02MM	TESTS CREATE	test created	BLD-EL-Conduits & Conduit Fittings-vs-BLD-AR-Floors	0.082	hard_conservative, 0.0820209974 ft is 0.0820209974 ft
19:02:05.391	313.138	1A02MM		rows for the workbook	BLD-EL-Conduits & Conduit Fittings-vs-BLD-AR-Floors	0	0 in the document
19:02:05.392	313.139	1A02MM		test passed	BLD-EL-Conduits & Conduit Fittings-vs-BLD-AR-Floors	0	ran and found nothing
19:02:05.424	313.171	1A02MM	TESTS CREATE	test created	BLD-EL-Conduits & Conduit Fittings-vs-BLD-AR-Walls	0.082	hard_conservative, 0.0820209974 ft is 0.0820209974 ft
19:02:05.686	313.433	1A02MM		rows for the workbook	BLD-EL-Conduits & Conduit Fittings-vs-BLD-AR-Walls	0	0 in the document
19:02:05.686	313.433	1A02MM		test passed	BLD-EL-Conduits & Conduit Fittings-vs-BLD-AR-Walls	0	ran and found nothing
19:02:05.751	313.497	1A02MM	TESTS CREATE	test created	BLD-EL-Conduits & Conduit Fittings-vs-BLD-AR-Windows	0.082	hard_conservative, 0.0820209974 ft is 0.0820209974 ft
19:02:05.970	313.717	1A02MM		rows for the workbook	BLD-EL-Conduits & Conduit Fittings-vs-BLD-AR-Windows	0	0 in the document
19:02:05.971	313.718	1A02MM		test passed	BLD-EL-Conduits & Conduit Fittings-vs-BLD-AR-Windows	0	ran and found nothing
19:02:06.003	313.750	1A02MM	TESTS CREATE	test created	BLD-EL-Conduits & Conduit Fittings-vs-BLD-AR-Curtain Mullions	0.082	hard_conservative, 0.0820209974 ft is 0.0820209974 ft
19:02:06.234	313.981	1A02MM		rows for the workbook	BLD-EL-Conduits & Conduit Fittings-vs-BLD-AR-Curtain Mullions	0	0 in the document
19:02:06.234	313.981	1A02MM		test passed	BLD-EL-Conduits & Conduit Fittings-vs-BLD-AR-Curtain Mullions	0	ran and found nothing
19:02:06.268	314.015	1A02MM	TESTS CREATE	test created	BLD-EL-Conduits & Conduit Fittings-vs-BLD-AR-Doors	0.082	hard_conservative, 0.0820209974 ft is 0.0820209974 ft
19:02:06.500	314.247	1A02MM		rows for the workbook	BLD-EL-Conduits & Conduit Fittings-vs-BLD-AR-Doors	0	0 in the document
19:02:06.500	314.247	1A02MM		test passed	BLD-EL-Conduits & Conduit Fittings-vs-BLD-AR-Doors	0	ran and found nothing
19:02:06.533	314.280	1A02MM	TESTS CREATE	test created	BLD-EL-Conduits & Conduit Fittings-vs-BLD-AR-Railings	0.082	hard_conservative, 0.0820209974 ft is 0.0820209974 ft
19:02:06.768	314.514	1A02MM		rows for the workbook	BLD-EL-Conduits & Conduit Fittings-vs-BLD-AR-Railings	0	0 in the document
19:02:06.768	314.515	1A02MM		test passed	BLD-EL-Conduits & Conduit Fittings-vs-BLD-AR-Railings	0	ran and found nothing
19:02:06.802	314.549	1A02MM	TESTS CREATE	test created	BLD-EL-Conduits & Conduit Fittings-vs-BLD-ST-Foundation	0.082	hard_conservative, 0.0820209974 ft is 0.0820209974 ft
19:02:07.067	314.814	1A02MM		rows for the workbook	BLD-EL-Conduits & Conduit Fittings-vs-BLD-ST-Foundation	0	0 in the document
19:02:07.068	314.815	1A02MM		test passed	BLD-EL-Conduits & Conduit Fittings-vs-BLD-ST-Foundation	0	ran and found nothing
19:02:07.100	314.847	1A02MM	TESTS CREATE	test created	BLD-EL-Conduits & Conduit Fittings-vs-BLD-ST-Columns	0.082	hard_conservative, 0.0820209974 ft is 0.0820209974 ft
19:02:07.858	315.605	1A02MM		rows for the workbook	BLD-EL-Conduits & Conduit Fittings-vs-BLD-ST-Columns	6	6 in the document
19:02:07.858	315.605	1A02MM		test found clashes	BLD-EL-Conduits & Conduit Fittings-vs-BLD-ST-Columns	6	ran and found clashes
19:02:07.897	315.644	1A02MM	TESTS CREATE	test created	BLD-EL-Conduits & Conduit Fittings-vs-BLD-ST-Framing	0.082	hard_conservative, 0.0820209974 ft is 0.0820209974 ft
19:02:10.873	318.620	1A02MM		rows for the workbook	BLD-EL-Conduits & Conduit Fittings-vs-BLD-ST-Framing	40	40 in the document
19:02:10.873	318.620	1A02MM		test found clashes	BLD-EL-Conduits & Conduit Fittings-vs-BLD-ST-Framing	40	ran and found clashes
19:02:10.967	318.713	1A02MM	TESTS CREATE	test created	BLD-EL-Conduits & Conduit Fittings-vs-BLD-ST-Walls	0.082	hard_conservative, 0.0820209974 ft is 0.0820209974 ft
19:02:11.833	319.580	1A02MM		rows for the workbook	BLD-EL-Conduits & Conduit Fittings-vs-BLD-ST-Walls	6	6 in the document
19:02:11.833	319.581	1A02MM		test found clashes	BLD-EL-Conduits & Conduit Fittings-vs-BLD-ST-Walls	6	ran and found clashes
19:02:11.864	319.610	1A02MM	TESTS CREATE	test created	BLD-EL-Conduits & Conduit Fittings-vs-BLD-ST-Floors	0.082	hard_conservative, 0.0820209974 ft is 0.0820209974 ft
19:02:13.264	321.010	1A02MM		rows for the workbook	BLD-EL-Conduits & Conduit Fittings-vs-BLD-ST-Floors	17	17 in the document
19:02:13.264	321.011	1A02MM		test found clashes	BLD-EL-Conduits & Conduit Fittings-vs-BLD-ST-Floors	17	ran and found clashes
19:02:13.301	321.048	1A02MM	TESTS CREATE	test created	BLD-EL-Conduits & Conduit Fittings-vs-BLD-ST-Stair	0.082	hard_conservative, 0.0820209974 ft is 0.0820209974 ft
19:02:13.533	321.280	1A02MM		rows for the workbook	BLD-EL-Conduits & Conduit Fittings-vs-BLD-ST-Stair	0	0 in the document
19:02:13.534	321.280	1A02MM		test passed	BLD-EL-Conduits & Conduit Fittings-vs-BLD-ST-Stair	0	ran and found nothing
19:02:13.567	321.313	1A02MM	TESTS CREATE	test created	BLD-EL-Conduits & Conduit Fittings-vs-BLD-ME-Ducts&Duct Fittings	0.082	hard_conservative, 0.0820209974 ft is 0.0820209974 ft
19:02:13.798	321.545	1A02MM		rows for the workbook	BLD-EL-Conduits & Conduit Fittings-vs-BLD-ME-Ducts&Duct Fittings	0	0 in the document
19:02:13.799	321.545	1A02MM		test passed	BLD-EL-Conduits & Conduit Fittings-vs-BLD-ME-Ducts&Duct Fittings	0	ran and found nothing
19:02:13.832	321.579	1A02MM	TESTS CREATE	test created	BLD-EL-Conduits & Conduit Fittings-vs-BLD-ME-Duct Accessory	0.082	hard_conservative, 0.0820209974 ft is 0.0820209974 ft
19:02:14.046	321.793	1A02MM		rows for the workbook	BLD-EL-Conduits & Conduit Fittings-vs-BLD-ME-Duct Accessory	0	0 in the document
19:02:14.047	321.793	1A02MM		test passed	BLD-EL-Conduits & Conduit Fittings-vs-BLD-ME-Duct Accessory	0	ran and found nothing
19:02:14.080	321.826	1A02MM	TESTS CREATE	test created	BLD-EL-Conduits & Conduit Fittings-vs-BLD-ME-Mechanical Equipment	0.082	hard_conservative, 0.0820209974 ft is 0.0820209974 ft
19:02:14.296	322.043	1A02MM		rows for the workbook	BLD-EL-Conduits & Conduit Fittings-vs-BLD-ME-Mechanical Equipment	0	0 in the document
19:02:14.296	322.043	1A02MM		test passed	BLD-EL-Conduits & Conduit Fittings-vs-BLD-ME-Mechanical Equipment	0	ran and found nothing
19:02:14.328	322.076	1A02MM	TESTS CREATE	test created	BLD-EL-Conduits & Conduit Fittings-vs-BLD-ME-Air Terminals	0.082	hard_conservative, 0.0820209974 ft is 0.0820209974 ft
19:02:14.560	322.307	1A02MM		rows for the workbook	BLD-EL-Conduits & Conduit Fittings-vs-BLD-ME-Air Terminals	0	0 in the document
19:02:14.561	322.308	1A02MM		test passed	BLD-EL-Conduits & Conduit Fittings-vs-BLD-ME-Air Terminals	0	ran and found nothing
19:02:14.626	322.373	1A02MM	TESTS CREATE	test created	BLD-EL-Conduits & Conduit Fittings-vs-BLD-ME-Pipes&Pipe Fittings	0.082	hard_conservative, 0.0820209974 ft is 0.0820209974 ft
19:02:14.903	322.650	1A02MM		rows for the workbook	BLD-EL-Conduits & Conduit Fittings-vs-BLD-ME-Pipes&Pipe Fittings	0	0 in the document
19:02:14.904	322.650	1A02MM		test passed	BLD-EL-Conduits & Conduit Fittings-vs-BLD-ME-Pipes&Pipe Fittings	0	ran and found nothing
19:02:14.951	322.698	1A02MM	TESTS CREATE	test created	BLD-EL-Conduits & Conduit Fittings-vs-BLD-PL-Mechanical Equipment	0.082	hard_conservative, 0.0820209974 ft is 0.0820209974 ft
19:02:15.217	322.964	1A02MM		rows for the workbook	BLD-EL-Conduits & Conduit Fittings-vs-BLD-PL-Mechanical Equipment	0	0 in the document
19:02:15.217	322.964	1A02MM		test passed	BLD-EL-Conduits & Conduit Fittings-vs-BLD-PL-Mechanical Equipment	0	ran and found nothing
19:02:15.267	323.014	1A02MM	TESTS CREATE	test created	BLD-EL-Conduits & Conduit Fittings-vs-BLD-PL-Pipes & Pipe Fittings	0.082	hard_conservative, 0.0820209974 ft is 0.0820209974 ft
19:02:15.500	323.247	1A02MM		rows for the workbook	BLD-EL-Conduits & Conduit Fittings-vs-BLD-PL-Pipes & Pipe Fittings	0	0 in the document
19:02:15.501	323.247	1A02MM		test passed	BLD-EL-Conduits & Conduit Fittings-vs-BLD-PL-Pipes & Pipe Fittings	0	ran and found nothing
19:02:15.536	323.283	1A02MM	TESTS CREATE	test created	BLD-EL-Conduits & Conduit Fittings-vs-BLD-PL-Pipe Accessories	0.082	hard_conservative, 0.0820209974 ft is 0.0820209974 ft
19:02:15.796	323.543	1A02MM		rows for the workbook	BLD-EL-Conduits & Conduit Fittings-vs-BLD-PL-Pipe Accessories	0	0 in the document
19:02:15.797	323.544	1A02MM		test passed	BLD-EL-Conduits & Conduit Fittings-vs-BLD-PL-Pipe Accessories	0	ran and found nothing
19:02:15.830	323.577	1A02MM	TESTS CREATE	test created	BLD-EL-Conduits & Conduit Fittings-vs-BLD-PL-Plumbing Fixtures	0.082	hard_conservative, 0.0820209974 ft is 0.0820209974 ft
19:02:16.107	323.854	1A02MM		rows for the workbook	BLD-EL-Conduits & Conduit Fittings-vs-BLD-PL-Plumbing Fixtures	0	0 in the document
19:02:16.108	323.854	1A02MM		test passed	BLD-EL-Conduits & Conduit Fittings-vs-BLD-PL-Plumbing Fixtures	0	ran and found nothing
19:02:16.157	323.903	1A02MM	TESTS CREATE	test created	BLD-EL-Conduits & Conduit Fittings-vs-BLD-DR-Pipes & Pipe Fittings	0.082	hard_conservative, 0.0820209974 ft is 0.0820209974 ft
19:02:16.419	324.166	1A02MM		rows for the workbook	BLD-EL-Conduits & Conduit Fittings-vs-BLD-DR-Pipes & Pipe Fittings	0	0 in the document
19:02:16.420	324.167	1A02MM		test passed	BLD-EL-Conduits & Conduit Fittings-vs-BLD-DR-Pipes & Pipe Fittings	0	ran and found nothing
19:02:16.486	324.232	1A02MM	TESTS CREATE	test created	BLD-EL-Conduits & Conduit Fittings-vs-BLD-DR-Plumbing Fixtures	0.082	hard_conservative, 0.0820209974 ft is 0.0820209974 ft
19:02:16.717	324.464	1A02MM		rows for the workbook	BLD-EL-Conduits & Conduit Fittings-vs-BLD-DR-Plumbing Fixtures	0	0 in the document
19:02:16.718	324.464	1A02MM		test passed	BLD-EL-Conduits & Conduit Fittings-vs-BLD-DR-Plumbing Fixtures	0	ran and found nothing
19:02:16.767	324.513	1A02MM	TESTS CREATE	test created	BLD-EL-Conduits & Conduit Fittings-vs-BLD-EL-Cable Tray&Cable Tray Fittings	0.082	hard_conservative, 0.0820209974 ft is 0.0820209974 ft
19:02:17.133	324.880	1A02MM		rows for the workbook	BLD-EL-Conduits & Conduit Fittings-vs-BLD-EL-Cable Tray&Cable Tray Fittings	2	2 in the document
19:02:17.133	324.881	1A02MM		test found clashes	BLD-EL-Conduits & Conduit Fittings-vs-BLD-EL-Cable Tray&Cable Tray Fittings	2	ran and found clashes
19:02:17.159	324.906	1A02MM	TESTS CREATE	test created	BLD-EL-Conduits & Conduit Fittings-vs-BLD-EL-Electrical Equipment	0.082	hard_conservative, 0.0820209974 ft is 0.0820209974 ft
19:02:18.011	325.758	1A02MM		rows for the workbook	BLD-EL-Conduits & Conduit Fittings-vs-BLD-EL-Electrical Equipment	14	14 in the document
19:02:18.011	325.758	1A02MM		test found clashes	BLD-EL-Conduits & Conduit Fittings-vs-BLD-EL-Electrical Equipment	14	ran and found clashes
19:02:18.051	325.798	1A02MM	TESTS CREATE	test created	BLD-EL-Conduits & Conduit Fittings-vs-BLD-EL-Electrical Fixtures	0.082	hard_conservative, 0.0820209974 ft is 0.0820209974 ft
19:02:18.421	326.168	1A02MM		rows for the workbook	BLD-EL-Conduits & Conduit Fittings-vs-BLD-EL-Electrical Fixtures	3	3 in the document
19:02:18.421	326.168	1A02MM		test found clashes	BLD-EL-Conduits & Conduit Fittings-vs-BLD-EL-Electrical Fixtures	3	ran and found clashes
19:02:18.456	326.203	1A02MM	TESTS CREATE	test created	BLD-EL-Lighting Fixtures-vs-BLD-AR-Floors	0.082	hard_conservative, 0.0820209974 ft is 0.0820209974 ft
19:02:18.687	326.434	1A02MM		rows for the workbook	BLD-EL-Lighting Fixtures-vs-BLD-AR-Floors	0	0 in the document
19:02:18.688	326.435	1A02MM		test passed	BLD-EL-Lighting Fixtures-vs-BLD-AR-Floors	0	ran and found nothing
19:02:18.722	326.468	1A02MM	TESTS CREATE	test created	BLD-EL-Lighting Fixtures-vs-BLD-AR-Walls	0.082	hard_conservative, 0.0820209974 ft is 0.0820209974 ft
19:02:18.953	326.700	1A02MM		rows for the workbook	BLD-EL-Lighting Fixtures-vs-BLD-AR-Walls	0	0 in the document
19:02:18.953	326.700	1A02MM		test passed	BLD-EL-Lighting Fixtures-vs-BLD-AR-Walls	0	ran and found nothing
19:02:18.988	326.735	1A02MM	TESTS CREATE	test created	BLD-EL-Lighting Fixtures-vs-BLD-AR-Windows	0.082	hard_conservative, 0.0820209974 ft is 0.0820209974 ft
19:02:19.202	326.949	1A02MM		rows for the workbook	BLD-EL-Lighting Fixtures-vs-BLD-AR-Windows	0	0 in the document
19:02:19.203	326.950	1A02MM		test passed	BLD-EL-Lighting Fixtures-vs-BLD-AR-Windows	0	ran and found nothing
19:02:19.238	326.984	1A02MM	TESTS CREATE	test created	BLD-EL-Lighting Fixtures-vs-BLD-AR-Curtain Mullions	0.082	hard_conservative, 0.0820209974 ft is 0.0820209974 ft
19:02:19.454	327.201	1A02MM		rows for the workbook	BLD-EL-Lighting Fixtures-vs-BLD-AR-Curtain Mullions	0	0 in the document
19:02:19.454	327.201	1A02MM		test passed	BLD-EL-Lighting Fixtures-vs-BLD-AR-Curtain Mullions	0	ran and found nothing
19:02:19.488	327.236	1A02MM	TESTS CREATE	test created	BLD-EL-Lighting Fixtures-vs-BLD-AR-Doors	0.082	hard_conservative, 0.0820209974 ft is 0.0820209974 ft
19:02:19.705	327.451	1A02MM		rows for the workbook	BLD-EL-Lighting Fixtures-vs-BLD-AR-Doors	0	0 in the document
19:02:19.705	327.452	1A02MM		test passed	BLD-EL-Lighting Fixtures-vs-BLD-AR-Doors	0	ran and found nothing
19:02:19.739	327.486	1A02MM	TESTS CREATE	test created	BLD-EL-Lighting Fixtures-vs-BLD-AR-Railings	0.082	hard_conservative, 0.0820209974 ft is 0.0820209974 ft
19:02:19.971	327.718	1A02MM		rows for the workbook	BLD-EL-Lighting Fixtures-vs-BLD-AR-Railings	0	0 in the document
19:02:19.972	327.718	1A02MM		test passed	BLD-EL-Lighting Fixtures-vs-BLD-AR-Railings	0	ran and found nothing
19:02:20.004	327.751	1A02MM	TESTS CREATE	test created	BLD-EL-Lighting Fixtures-vs-BLD-ST-Foundation	0.082	hard_conservative, 0.0820209974 ft is 0.0820209974 ft
19:02:20.219	327.966	1A02MM		rows for the workbook	BLD-EL-Lighting Fixtures-vs-BLD-ST-Foundation	0	0 in the document
19:02:20.219	327.967	1A02MM		test passed	BLD-EL-Lighting Fixtures-vs-BLD-ST-Foundation	0	ran and found nothing
19:02:20.254	328.000	1A02MM	TESTS CREATE	test created	BLD-EL-Lighting Fixtures-vs-BLD-ST-Columns	0.082	hard_conservative, 0.0820209974 ft is 0.0820209974 ft
19:02:20.549	328.296	1A02MM		rows for the workbook	BLD-EL-Lighting Fixtures-vs-BLD-ST-Columns	1	1 in the document
19:02:20.550	328.297	1A02MM		test found clashes	BLD-EL-Lighting Fixtures-vs-BLD-ST-Columns	1	ran and found clashes
19:02:20.580	328.326	1A02MM	TESTS CREATE	test created	BLD-EL-Lighting Fixtures-vs-BLD-ST-Framing	0.082	hard_conservative, 0.0820209974 ft is 0.0820209974 ft
19:02:21.003	328.749	1A02MM		rows for the workbook	BLD-EL-Lighting Fixtures-vs-BLD-ST-Framing	3	3 in the document
19:02:21.003	328.749	1A02MM		test found clashes	BLD-EL-Lighting Fixtures-vs-BLD-ST-Framing	3	ran and found clashes
19:02:21.048	328.795	1A02MM	TESTS CREATE	test created	BLD-EL-Lighting Fixtures-vs-BLD-ST-Walls	0.082	hard_conservative, 0.0820209974 ft is 0.0820209974 ft
19:02:21.402	329.149	1A02MM		rows for the workbook	BLD-EL-Lighting Fixtures-vs-BLD-ST-Walls	3	3 in the document
19:02:21.403	329.149	1A02MM		test found clashes	BLD-EL-Lighting Fixtures-vs-BLD-ST-Walls	3	ran and found clashes
19:02:21.440	329.187	1A02MM	TESTS CREATE	test created	BLD-EL-Lighting Fixtures-vs-BLD-ST-Floors	0.082	hard_conservative, 0.0820209974 ft is 0.0820209974 ft
19:02:23.565	331.311	1A02MM		rows for the workbook	BLD-EL-Lighting Fixtures-vs-BLD-ST-Floors	23	23 in the document
19:02:23.565	331.311	1A02MM		test found clashes	BLD-EL-Lighting Fixtures-vs-BLD-ST-Floors	23	ran and found clashes
19:02:23.609	331.356	1A02MM	TESTS CREATE	test created	BLD-EL-Lighting Fixtures-vs-BLD-ST-Stair	0.082	hard_conservative, 0.0820209974 ft is 0.0820209974 ft
19:02:23.858	331.605	1A02MM		rows for the workbook	BLD-EL-Lighting Fixtures-vs-BLD-ST-Stair	0	0 in the document
19:02:23.859	331.606	1A02MM		test passed	BLD-EL-Lighting Fixtures-vs-BLD-ST-Stair	0	ran and found nothing
19:02:23.922	331.669	1A02MM	TESTS CREATE	test created	BLD-EL-Lighting Fixtures-vs-BLD-ME-Ducts&Duct Fittings	0.082	hard_conservative, 0.0820209974 ft is 0.0820209974 ft
19:02:24.170	331.917	1A02MM		rows for the workbook	BLD-EL-Lighting Fixtures-vs-BLD-ME-Ducts&Duct Fittings	0	0 in the document
19:02:24.170	331.917	1A02MM		test passed	BLD-EL-Lighting Fixtures-vs-BLD-ME-Ducts&Duct Fittings	0	ran and found nothing
19:02:24.220	331.967	1A02MM	TESTS CREATE	test created	BLD-EL-Lighting Fixtures-vs-BLD-ME-Duct Accessory	0.082	hard_conservative, 0.0820209974 ft is 0.0820209974 ft
19:02:24.452	332.200	1A02MM		rows for the workbook	BLD-EL-Lighting Fixtures-vs-BLD-ME-Duct Accessory	0	0 in the document
19:02:24.453	332.200	1A02MM		test passed	BLD-EL-Lighting Fixtures-vs-BLD-ME-Duct Accessory	0	ran and found nothing
19:02:24.487	332.234	1A02MM	TESTS CREATE	test created	BLD-EL-Lighting Fixtures-vs-BLD-ME-Mechanical Equipment	0.082	hard_conservative, 0.0820209974 ft is 0.0820209974 ft
19:02:24.706	332.453	1A02MM		rows for the workbook	BLD-EL-Lighting Fixtures-vs-BLD-ME-Mechanical Equipment	0	0 in the document
19:02:24.707	332.453	1A02MM		test passed	BLD-EL-Lighting Fixtures-vs-BLD-ME-Mechanical Equipment	0	ran and found nothing
19:02:24.739	332.486	1A02MM	TESTS CREATE	test created	BLD-EL-Lighting Fixtures-vs-BLD-ME-Air Terminals	0.082	hard_conservative, 0.0820209974 ft is 0.0820209974 ft
19:02:24.971	332.718	1A02MM		rows for the workbook	BLD-EL-Lighting Fixtures-vs-BLD-ME-Air Terminals	0	0 in the document
19:02:24.972	332.719	1A02MM		test passed	BLD-EL-Lighting Fixtures-vs-BLD-ME-Air Terminals	0	ran and found nothing
19:02:25.008	332.754	1A02MM	TESTS CREATE	test created	BLD-EL-Lighting Fixtures-vs-BLD-ME-Pipes&Pipe Fittings	0.082	hard_conservative, 0.0820209974 ft is 0.0820209974 ft
19:02:25.235	332.981	1A02MM		rows for the workbook	BLD-EL-Lighting Fixtures-vs-BLD-ME-Pipes&Pipe Fittings	0	0 in the document
19:02:25.235	332.982	1A02MM		test passed	BLD-EL-Lighting Fixtures-vs-BLD-ME-Pipes&Pipe Fittings	0	ran and found nothing
19:02:25.273	333.020	1A02MM	TESTS CREATE	test created	BLD-EL-Lighting Fixtures-vs-BLD-PL-Mechanical Equipment	0.082	hard_conservative, 0.0820209974 ft is 0.0820209974 ft
19:02:25.491	333.238	1A02MM		rows for the workbook	BLD-EL-Lighting Fixtures-vs-BLD-PL-Mechanical Equipment	0	0 in the document
19:02:25.492	333.238	1A02MM		test passed	BLD-EL-Lighting Fixtures-vs-BLD-PL-Mechanical Equipment	0	ran and found nothing
19:02:25.524	333.271	1A02MM	TESTS CREATE	test created	BLD-EL-Lighting Fixtures-vs-BLD-PL-Pipes & Pipe Fittings	0.082	hard_conservative, 0.0820209974 ft is 0.0820209974 ft
19:02:25.742	333.488	1A02MM		rows for the workbook	BLD-EL-Lighting Fixtures-vs-BLD-PL-Pipes & Pipe Fittings	0	0 in the document
19:02:25.742	333.489	1A02MM		test passed	BLD-EL-Lighting Fixtures-vs-BLD-PL-Pipes & Pipe Fittings	0	ran and found nothing
19:02:25.774	333.521	1A02MM	TESTS CREATE	test created	BLD-EL-Lighting Fixtures-vs-BLD-PL-Pipe Accessories	0.082	hard_conservative, 0.0820209974 ft is 0.0820209974 ft
19:02:26.022	333.768	1A02MM		rows for the workbook	BLD-EL-Lighting Fixtures-vs-BLD-PL-Pipe Accessories	0	0 in the document
19:02:26.022	333.769	1A02MM		test passed	BLD-EL-Lighting Fixtures-vs-BLD-PL-Pipe Accessories	0	ran and found nothing
19:02:26.056	333.802	1A02MM	TESTS CREATE	test created	BLD-EL-Lighting Fixtures-vs-BLD-PL-Plumbing Fixtures	0.082	hard_conservative, 0.0820209974 ft is 0.0820209974 ft
19:02:26.283	334.030	1A02MM		rows for the workbook	BLD-EL-Lighting Fixtures-vs-BLD-PL-Plumbing Fixtures	0	0 in the document
19:02:26.283	334.030	1A02MM		test passed	BLD-EL-Lighting Fixtures-vs-BLD-PL-Plumbing Fixtures	0	ran and found nothing
19:02:26.323	334.069	1A02MM	TESTS CREATE	test created	BLD-EL-Lighting Fixtures-vs-BLD-DR-Pipes & Pipe Fittings	0.082	hard_conservative, 0.0820209974 ft is 0.0820209974 ft
19:02:26.571	334.318	1A02MM		rows for the workbook	BLD-EL-Lighting Fixtures-vs-BLD-DR-Pipes & Pipe Fittings	0	0 in the document
19:02:26.572	334.318	1A02MM		test passed	BLD-EL-Lighting Fixtures-vs-BLD-DR-Pipes & Pipe Fittings	0	ran and found nothing
19:02:26.605	334.352	1A02MM	TESTS CREATE	test created	BLD-EL-Lighting Fixtures-vs-BLD-DR-Plumbing Fixtures	0.082	hard_conservative, 0.0820209974 ft is 0.0820209974 ft
19:02:26.855	334.602	1A02MM		rows for the workbook	BLD-EL-Lighting Fixtures-vs-BLD-DR-Plumbing Fixtures	0	0 in the document
19:02:26.855	334.602	1A02MM		test passed	BLD-EL-Lighting Fixtures-vs-BLD-DR-Plumbing Fixtures	0	ran and found nothing
19:02:26.905	334.651	1A02MM	TESTS CREATE	test created	BLD-EL-Lighting Fixtures-vs-BLD-EL-Cable Tray&Cable Tray Fittings	0.082	hard_conservative, 0.0820209974 ft is 0.0820209974 ft
19:02:27.184	334.931	1A02MM		rows for the workbook	BLD-EL-Lighting Fixtures-vs-BLD-EL-Cable Tray&Cable Tray Fittings	0	0 in the document
19:02:27.184	334.931	1A02MM		test passed	BLD-EL-Lighting Fixtures-vs-BLD-EL-Cable Tray&Cable Tray Fittings	0	ran and found nothing
19:02:27.218	334.965	1A02MM	TESTS CREATE	test created	BLD-EL-Lighting Fixtures-vs-BLD-EL-Electrical Equipment	0.082	hard_conservative, 0.0820209974 ft is 0.0820209974 ft
19:02:27.482	335.229	1A02MM		rows for the workbook	BLD-EL-Lighting Fixtures-vs-BLD-EL-Electrical Equipment	0	0 in the document
19:02:27.482	335.229	1A02MM		test passed	BLD-EL-Lighting Fixtures-vs-BLD-EL-Electrical Equipment	0	ran and found nothing
19:02:27.530	335.276	1A02MM	TESTS CREATE	test created	BLD-EL-Lighting Fixtures-vs-BLD-EL-Electrical Fixtures	0.082	hard_conservative, 0.0820209974 ft is 0.0820209974 ft
19:02:27.791	335.538	1A02MM		rows for the workbook	BLD-EL-Lighting Fixtures-vs-BLD-EL-Electrical Fixtures	0	0 in the document
19:02:27.791	335.538	1A02MM		test passed	BLD-EL-Lighting Fixtures-vs-BLD-EL-Electrical Fixtures	0	ran and found nothing
19:02:27.813	335.560	1A02MM	TESTS CREATE	test created	BLD-EL-Lighting Fixtures-vs-BLD-EL-Conduits & Conduit Fittings	0.082	hard_conservative, 0.0820209974 ft is 0.0820209974 ft
19:02:28.072	335.819	1A02MM		rows for the workbook	BLD-EL-Lighting Fixtures-vs-BLD-EL-Conduits & Conduit Fittings	0	0 in the document
19:02:28.072	335.819	1A02MM		test passed	BLD-EL-Lighting Fixtures-vs-BLD-EL-Conduits & Conduit Fittings	0	ran and found nothing
19:02:28.107	335.854	1A02MM	TESTS CREATE	test created	BLD-EL-Lighting Devices-vs-BLD-AR-Floors	0.082	hard_conservative, 0.0820209974 ft is 0.0820209974 ft
19:02:28.355	336.102	1A02MM		rows for the workbook	BLD-EL-Lighting Devices-vs-BLD-AR-Floors	0	0 in the document
19:02:28.355	336.102	1A02MM		test passed	BLD-EL-Lighting Devices-vs-BLD-AR-Floors	0	ran and found nothing
19:02:28.390	336.136	1A02MM	TESTS CREATE	test created	BLD-EL-Lighting Devices-vs-BLD-AR-Walls	0.082	hard_conservative, 0.0820209974 ft is 0.0820209974 ft
19:02:28.636	336.383	1A02MM		rows for the workbook	BLD-EL-Lighting Devices-vs-BLD-AR-Walls	0	0 in the document
19:02:28.637	336.383	1A02MM		test passed	BLD-EL-Lighting Devices-vs-BLD-AR-Walls	0	ran and found nothing
19:02:28.671	336.418	1A02MM	TESTS CREATE	test created	BLD-EL-Lighting Devices-vs-BLD-AR-Windows	0.082	hard_conservative, 0.0820209974 ft is 0.0820209974 ft
19:02:28.919	336.665	1A02MM		rows for the workbook	BLD-EL-Lighting Devices-vs-BLD-AR-Windows	0	0 in the document
19:02:28.919	336.665	1A02MM		test passed	BLD-EL-Lighting Devices-vs-BLD-AR-Windows	0	ran and found nothing
19:02:28.952	336.698	1A02MM	TESTS CREATE	test created	BLD-EL-Lighting Devices-vs-BLD-AR-Curtain Mullions	0.082	hard_conservative, 0.0820209974 ft is 0.0820209974 ft
19:02:29.200	336.947	1A02MM		rows for the workbook	BLD-EL-Lighting Devices-vs-BLD-AR-Curtain Mullions	0	0 in the document
19:02:29.201	336.947	1A02MM		test passed	BLD-EL-Lighting Devices-vs-BLD-AR-Curtain Mullions	0	ran and found nothing
19:02:29.264	337.010	1A02MM	TESTS CREATE	test created	BLD-EL-Lighting Devices-vs-BLD-AR-Doors	0.082	hard_conservative, 0.0820209974 ft is 0.0820209974 ft
19:02:29.511	337.258	1A02MM		rows for the workbook	BLD-EL-Lighting Devices-vs-BLD-AR-Doors	0	0 in the document
19:02:29.512	337.258	1A02MM		test passed	BLD-EL-Lighting Devices-vs-BLD-AR-Doors	0	ran and found nothing
19:02:29.544	337.292	1A02MM	TESTS CREATE	test created	BLD-EL-Lighting Devices-vs-BLD-AR-Railings	0.082	hard_conservative, 0.0820209974 ft is 0.0820209974 ft
19:02:29.792	337.539	1A02MM		rows for the workbook	BLD-EL-Lighting Devices-vs-BLD-AR-Railings	0	0 in the document
19:02:29.792	337.540	1A02MM		test passed	BLD-EL-Lighting Devices-vs-BLD-AR-Railings	0	ran and found nothing
19:02:29.827	337.573	1A02MM	TESTS CREATE	test created	BLD-EL-Lighting Devices-vs-BLD-ST-Foundation	0.082	hard_conservative, 0.0820209974 ft is 0.0820209974 ft
19:02:30.075	337.822	1A02MM		rows for the workbook	BLD-EL-Lighting Devices-vs-BLD-ST-Foundation	0	0 in the document
19:02:30.076	337.822	1A02MM		test passed	BLD-EL-Lighting Devices-vs-BLD-ST-Foundation	0	ran and found nothing
19:02:30.141	337.888	1A02MM	TESTS CREATE	test created	BLD-EL-Lighting Devices-vs-BLD-ST-Columns	0.082	hard_conservative, 0.0820209974 ft is 0.0820209974 ft
19:02:30.389	338.136	1A02MM		rows for the workbook	BLD-EL-Lighting Devices-vs-BLD-ST-Columns	0	0 in the document
19:02:30.390	338.137	1A02MM		test passed	BLD-EL-Lighting Devices-vs-BLD-ST-Columns	0	ran and found nothing
19:02:30.423	338.170	1A02MM	TESTS CREATE	test created	BLD-EL-Lighting Devices-vs-BLD-ST-Framing	0.082	hard_conservative, 0.0820209974 ft is 0.0820209974 ft
19:02:30.671	338.418	1A02MM		rows for the workbook	BLD-EL-Lighting Devices-vs-BLD-ST-Framing	0	0 in the document
19:02:30.672	338.419	1A02MM		test passed	BLD-EL-Lighting Devices-vs-BLD-ST-Framing	0	ran and found nothing
19:02:30.706	338.453	1A02MM	TESTS CREATE	test created	BLD-EL-Lighting Devices-vs-BLD-ST-Walls	0.082	hard_conservative, 0.0820209974 ft is 0.0820209974 ft
19:02:30.956	338.703	1A02MM		rows for the workbook	BLD-EL-Lighting Devices-vs-BLD-ST-Walls	0	0 in the document
19:02:30.957	338.703	1A02MM		test passed	BLD-EL-Lighting Devices-vs-BLD-ST-Walls	0	ran and found nothing
19:02:30.990	338.736	1A02MM	TESTS CREATE	test created	BLD-EL-Lighting Devices-vs-BLD-ST-Floors	0.082	hard_conservative, 0.0820209974 ft is 0.0820209974 ft
19:02:31.209	338.955	1A02MM		rows for the workbook	BLD-EL-Lighting Devices-vs-BLD-ST-Floors	0	0 in the document
19:02:31.209	338.956	1A02MM		test passed	BLD-EL-Lighting Devices-vs-BLD-ST-Floors	0	ran and found nothing
19:02:31.243	338.990	1A02MM	TESTS CREATE	test created	BLD-EL-Lighting Devices-vs-BLD-ST-Stair	0.082	hard_conservative, 0.0820209974 ft is 0.0820209974 ft
19:02:31.476	339.224	1A02MM		rows for the workbook	BLD-EL-Lighting Devices-vs-BLD-ST-Stair	0	0 in the document
19:02:31.477	339.224	1A02MM		test passed	BLD-EL-Lighting Devices-vs-BLD-ST-Stair	0	ran and found nothing
19:02:31.512	339.258	1A02MM	TESTS CREATE	test created	BLD-EL-Lighting Devices-vs-BLD-ME-Ducts&Duct Fittings	0.082	hard_conservative, 0.0820209974 ft is 0.0820209974 ft
19:02:31.744	339.491	1A02MM		rows for the workbook	BLD-EL-Lighting Devices-vs-BLD-ME-Ducts&Duct Fittings	0	0 in the document
19:02:31.745	339.491	1A02MM		test passed	BLD-EL-Lighting Devices-vs-BLD-ME-Ducts&Duct Fittings	0	ran and found nothing
19:02:31.779	339.525	1A02MM	TESTS CREATE	test created	BLD-EL-Lighting Devices-vs-BLD-ME-Duct Accessory	0.082	hard_conservative, 0.0820209974 ft is 0.0820209974 ft
19:02:32.041	339.788	1A02MM		rows for the workbook	BLD-EL-Lighting Devices-vs-BLD-ME-Duct Accessory	0	0 in the document
19:02:32.041	339.788	1A02MM		test passed	BLD-EL-Lighting Devices-vs-BLD-ME-Duct Accessory	0	ran and found nothing
19:02:32.076	339.823	1A02MM	TESTS CREATE	test created	BLD-EL-Lighting Devices-vs-BLD-ME-Mechanical Equipment	0.082	hard_conservative, 0.0820209974 ft is 0.0820209974 ft
19:02:32.340	340.087	1A02MM		rows for the workbook	BLD-EL-Lighting Devices-vs-BLD-ME-Mechanical Equipment	0	0 in the document
19:02:32.340	340.087	1A02MM		test passed	BLD-EL-Lighting Devices-vs-BLD-ME-Mechanical Equipment	0	ran and found nothing
19:02:32.374	340.120	1A02MM	TESTS CREATE	test created	BLD-EL-Lighting Devices-vs-BLD-ME-Air Terminals	0.082	hard_conservative, 0.0820209974 ft is 0.0820209974 ft
19:02:32.620	340.366	1A02MM		rows for the workbook	BLD-EL-Lighting Devices-vs-BLD-ME-Air Terminals	0	0 in the document
19:02:32.620	340.367	1A02MM		test passed	BLD-EL-Lighting Devices-vs-BLD-ME-Air Terminals	0	ran and found nothing
19:02:32.653	340.400	1A02MM	TESTS CREATE	test created	BLD-EL-Lighting Devices-vs-BLD-ME-Pipes&Pipe Fittings	0.082	hard_conservative, 0.0820209974 ft is 0.0820209974 ft
19:02:32.869	340.616	1A02MM		rows for the workbook	BLD-EL-Lighting Devices-vs-BLD-ME-Pipes&Pipe Fittings	0	0 in the document
19:02:32.870	340.616	1A02MM		test passed	BLD-EL-Lighting Devices-vs-BLD-ME-Pipes&Pipe Fittings	0	ran and found nothing
19:02:32.903	340.650	1A02MM	TESTS CREATE	test created	BLD-EL-Lighting Devices-vs-BLD-PL-Mechanical Equipment	0.082	hard_conservative, 0.0820209974 ft is 0.0820209974 ft
19:02:33.140	340.886	1A02MM		rows for the workbook	BLD-EL-Lighting Devices-vs-BLD-PL-Mechanical Equipment	0	0 in the document
19:02:33.140	340.887	1A02MM		test passed	BLD-EL-Lighting Devices-vs-BLD-PL-Mechanical Equipment	0	ran and found nothing
19:02:33.173	340.920	1A02MM	TESTS CREATE	test created	BLD-EL-Lighting Devices-vs-BLD-PL-Pipes & Pipe Fittings	0.082	hard_conservative, 0.0820209974 ft is 0.0820209974 ft
19:02:33.398	341.145	1A02MM		rows for the workbook	BLD-EL-Lighting Devices-vs-BLD-PL-Pipes & Pipe Fittings	0	0 in the document
19:02:33.398	341.146	1A02MM		test passed	BLD-EL-Lighting Devices-vs-BLD-PL-Pipes & Pipe Fittings	0	ran and found nothing
19:02:33.432	341.179	1A02MM	TESTS CREATE	test created	BLD-EL-Lighting Devices-vs-BLD-PL-Pipe Accessories	0.082	hard_conservative, 0.0820209974 ft is 0.0820209974 ft
19:02:33.680	341.427	1A02MM		rows for the workbook	BLD-EL-Lighting Devices-vs-BLD-PL-Pipe Accessories	0	0 in the document
19:02:33.681	341.428	1A02MM		test passed	BLD-EL-Lighting Devices-vs-BLD-PL-Pipe Accessories	0	ran and found nothing
19:02:33.713	341.461	1A02MM	TESTS CREATE	test created	BLD-EL-Lighting Devices-vs-BLD-PL-Plumbing Fixtures	0.082	hard_conservative, 0.0820209974 ft is 0.0820209974 ft
19:02:33.946	341.693	1A02MM		rows for the workbook	BLD-EL-Lighting Devices-vs-BLD-PL-Plumbing Fixtures	0	0 in the document
19:02:33.946	341.694	1A02MM		test passed	BLD-EL-Lighting Devices-vs-BLD-PL-Plumbing Fixtures	0	ran and found nothing
19:02:33.980	341.726	1A02MM	TESTS CREATE	test created	BLD-EL-Lighting Devices-vs-BLD-DR-Pipes & Pipe Fittings	0.082	hard_conservative, 0.0820209974 ft is 0.0820209974 ft
19:02:34.211	341.958	1A02MM		rows for the workbook	BLD-EL-Lighting Devices-vs-BLD-DR-Pipes & Pipe Fittings	0	0 in the document
19:02:34.212	341.958	1A02MM		test passed	BLD-EL-Lighting Devices-vs-BLD-DR-Pipes & Pipe Fittings	0	ran and found nothing
19:02:34.246	341.993	1A02MM	TESTS CREATE	test created	BLD-EL-Lighting Devices-vs-BLD-DR-Plumbing Fixtures	0.082	hard_conservative, 0.0820209974 ft is 0.0820209974 ft
19:02:34.477	342.224	1A02MM		rows for the workbook	BLD-EL-Lighting Devices-vs-BLD-DR-Plumbing Fixtures	0	0 in the document
19:02:34.478	342.224	1A02MM		test passed	BLD-EL-Lighting Devices-vs-BLD-DR-Plumbing Fixtures	0	ran and found nothing
19:02:34.511	342.257	1A02MM	TESTS CREATE	test created	BLD-EL-Lighting Devices-vs-BLD-EL-Cable Tray&Cable Tray Fittings	0.082	hard_conservative, 0.0820209974 ft is 0.0820209974 ft
19:02:34.756	342.502	1A02MM		rows for the workbook	BLD-EL-Lighting Devices-vs-BLD-EL-Cable Tray&Cable Tray Fittings	0	0 in the document
19:02:34.756	342.502	1A02MM		test passed	BLD-EL-Lighting Devices-vs-BLD-EL-Cable Tray&Cable Tray Fittings	0	ran and found nothing
19:02:34.789	342.535	1A02MM	TESTS CREATE	test created	BLD-EL-Lighting Devices-vs-BLD-EL-Electrical Equipment	0.082	hard_conservative, 0.0820209974 ft is 0.0820209974 ft
19:02:35.079	342.825	1A02MM		rows for the workbook	BLD-EL-Lighting Devices-vs-BLD-EL-Electrical Equipment	1	1 in the document
19:02:35.079	342.826	1A02MM		test found clashes	BLD-EL-Lighting Devices-vs-BLD-EL-Electrical Equipment	1	ran and found clashes
19:02:35.119	342.866	1A02MM	TESTS CREATE	test created	BLD-EL-Lighting Devices-vs-BLD-EL-Electrical Fixtures	0.082	hard_conservative, 0.0820209974 ft is 0.0820209974 ft
19:02:35.352	343.099	1A02MM		rows for the workbook	BLD-EL-Lighting Devices-vs-BLD-EL-Electrical Fixtures	0	0 in the document
19:02:35.352	343.099	1A02MM		test passed	BLD-EL-Lighting Devices-vs-BLD-EL-Electrical Fixtures	0	ran and found nothing
19:02:35.387	343.133	1A02MM	TESTS CREATE	test created	BLD-EL-Lighting Devices-vs-BLD-EL-Conduits & Conduit Fittings	0.082	hard_conservative, 0.0820209974 ft is 0.0820209974 ft
19:02:35.635	343.382	1A02MM		rows for the workbook	BLD-EL-Lighting Devices-vs-BLD-EL-Conduits & Conduit Fittings	0	0 in the document
19:02:35.636	343.382	1A02MM		test passed	BLD-EL-Lighting Devices-vs-BLD-EL-Conduits & Conduit Fittings	0	ran and found nothing
19:02:35.668	343.414	1A02MM	TESTS CREATE	test created	BLD-EL-Lighting Devices-vs-BLD-EL-Lighting Fixtures	0.082	hard_conservative, 0.0820209974 ft is 0.0820209974 ft
19:02:35.901	343.647	1A02MM		rows for the workbook	BLD-EL-Lighting Devices-vs-BLD-EL-Lighting Fixtures	0	0 in the document
19:02:35.902	343.648	1A02MM		test passed	BLD-EL-Lighting Devices-vs-BLD-EL-Lighting Fixtures	0	ran and found nothing
19:02:35.923	343.670	1A02MM	TESTS CREATE	test created	BLD-EL-Fire Alarm Devices-vs-BLD-AR-Floors	0.082	hard_conservative, 0.0820209974 ft is 0.0820209974 ft
19:02:36.185	343.932	1A02MM		rows for the workbook	BLD-EL-Fire Alarm Devices-vs-BLD-AR-Floors	0	0 in the document
19:02:36.186	343.933	1A02MM		test passed	BLD-EL-Fire Alarm Devices-vs-BLD-AR-Floors	0	ran and found nothing
19:02:36.251	343.998	1A02MM	TESTS CREATE	test created	BLD-EL-Fire Alarm Devices-vs-BLD-AR-Walls	0.082	hard_conservative, 0.0820209974 ft is 0.0820209974 ft
19:02:36.500	344.246	1A02MM		rows for the workbook	BLD-EL-Fire Alarm Devices-vs-BLD-AR-Walls	0	0 in the document
19:02:36.500	344.247	1A02MM		test passed	BLD-EL-Fire Alarm Devices-vs-BLD-AR-Walls	0	ran and found nothing
19:02:36.533	344.280	1A02MM	TESTS CREATE	test created	BLD-EL-Fire Alarm Devices-vs-BLD-AR-Windows	0.082	hard_conservative, 0.0820209974 ft is 0.0820209974 ft
19:02:36.782	344.529	1A02MM		rows for the workbook	BLD-EL-Fire Alarm Devices-vs-BLD-AR-Windows	0	0 in the document
19:02:36.783	344.530	1A02MM		test passed	BLD-EL-Fire Alarm Devices-vs-BLD-AR-Windows	0	ran and found nothing
19:02:36.816	344.563	1A02MM	TESTS CREATE	test created	BLD-EL-Fire Alarm Devices-vs-BLD-AR-Curtain Mullions	0.082	hard_conservative, 0.0820209974 ft is 0.0820209974 ft
19:02:37.065	344.812	1A02MM		rows for the workbook	BLD-EL-Fire Alarm Devices-vs-BLD-AR-Curtain Mullions	0	0 in the document
19:02:37.065	344.812	1A02MM		test passed	BLD-EL-Fire Alarm Devices-vs-BLD-AR-Curtain Mullions	0	ran and found nothing
19:02:37.099	344.846	1A02MM	TESTS CREATE	test created	BLD-EL-Fire Alarm Devices-vs-BLD-AR-Doors	0.082	hard_conservative, 0.0820209974 ft is 0.0820209974 ft
19:02:37.331	345.077	1A02MM		rows for the workbook	BLD-EL-Fire Alarm Devices-vs-BLD-AR-Doors	0	0 in the document
19:02:37.331	345.078	1A02MM		test passed	BLD-EL-Fire Alarm Devices-vs-BLD-AR-Doors	0	ran and found nothing
19:02:37.364	345.111	1A02MM	TESTS CREATE	test created	BLD-EL-Fire Alarm Devices-vs-BLD-AR-Railings	0.082	hard_conservative, 0.0820209974 ft is 0.0820209974 ft
19:02:37.596	345.343	1A02MM		rows for the workbook	BLD-EL-Fire Alarm Devices-vs-BLD-AR-Railings	0	0 in the document
19:02:37.597	345.343	1A02MM		test passed	BLD-EL-Fire Alarm Devices-vs-BLD-AR-Railings	0	ran and found nothing
19:02:37.630	345.377	1A02MM	TESTS CREATE	test created	BLD-EL-Fire Alarm Devices-vs-BLD-ST-Foundation	0.082	hard_conservative, 0.0820209974 ft is 0.0820209974 ft
19:02:37.846	345.593	1A02MM		rows for the workbook	BLD-EL-Fire Alarm Devices-vs-BLD-ST-Foundation	0	0 in the document
19:02:37.847	345.593	1A02MM		test passed	BLD-EL-Fire Alarm Devices-vs-BLD-ST-Foundation	0	ran and found nothing
19:02:37.881	345.627	1A02MM	TESTS CREATE	test created	BLD-EL-Fire Alarm Devices-vs-BLD-ST-Columns	0.082	hard_conservative, 0.0820209974 ft is 0.0820209974 ft
19:02:38.095	345.841	1A02MM		rows for the workbook	BLD-EL-Fire Alarm Devices-vs-BLD-ST-Columns	0	0 in the document
19:02:38.096	345.842	1A02MM		test passed	BLD-EL-Fire Alarm Devices-vs-BLD-ST-Columns	0	ran and found nothing
19:02:38.128	345.875	1A02MM	TESTS CREATE	test created	BLD-EL-Fire Alarm Devices-vs-BLD-ST-Framing	0.082	hard_conservative, 0.0820209974 ft is 0.0820209974 ft
19:02:38.344	346.091	1A02MM		rows for the workbook	BLD-EL-Fire Alarm Devices-vs-BLD-ST-Framing	0	0 in the document
19:02:38.344	346.091	1A02MM		test passed	BLD-EL-Fire Alarm Devices-vs-BLD-ST-Framing	0	ran and found nothing
19:02:38.377	346.124	1A02MM	TESTS CREATE	test created	BLD-EL-Fire Alarm Devices-vs-BLD-ST-Walls	0.082	hard_conservative, 0.0820209974 ft is 0.0820209974 ft
19:02:38.594	346.340	1A02MM		rows for the workbook	BLD-EL-Fire Alarm Devices-vs-BLD-ST-Walls	0	0 in the document
19:02:38.594	346.341	1A02MM		test passed	BLD-EL-Fire Alarm Devices-vs-BLD-ST-Walls	0	ran and found nothing
19:02:38.629	346.375	1A02MM	TESTS CREATE	test created	BLD-EL-Fire Alarm Devices-vs-BLD-ST-Floors	0.082	hard_conservative, 0.0820209974 ft is 0.0820209974 ft
19:02:39.183	346.930	1A02MM		rows for the workbook	BLD-EL-Fire Alarm Devices-vs-BLD-ST-Floors	8	8 in the document
19:02:39.184	346.930	1A02MM		test found clashes	BLD-EL-Fire Alarm Devices-vs-BLD-ST-Floors	8	ran and found clashes
19:02:39.222	346.969	1A02MM	TESTS CREATE	test created	BLD-EL-Fire Alarm Devices-vs-BLD-ST-Stair	0.082	hard_conservative, 0.0820209974 ft is 0.0820209974 ft
19:02:39.439	347.185	1A02MM		rows for the workbook	BLD-EL-Fire Alarm Devices-vs-BLD-ST-Stair	0	0 in the document
19:02:39.439	347.185	1A02MM		test passed	BLD-EL-Fire Alarm Devices-vs-BLD-ST-Stair	0	ran and found nothing
19:02:39.473	347.219	1A02MM	TESTS CREATE	test created	BLD-EL-Fire Alarm Devices-vs-BLD-ME-Ducts&Duct Fittings	0.082	hard_conservative, 0.0820209974 ft is 0.0820209974 ft
19:02:39.732	347.479	1A02MM		rows for the workbook	BLD-EL-Fire Alarm Devices-vs-BLD-ME-Ducts&Duct Fittings	0	0 in the document
19:02:39.733	347.479	1A02MM		test passed	BLD-EL-Fire Alarm Devices-vs-BLD-ME-Ducts&Duct Fittings	0	ran and found nothing
19:02:39.780	347.527	1A02MM	TESTS CREATE	test created	BLD-EL-Fire Alarm Devices-vs-BLD-ME-Duct Accessory	0.082	hard_conservative, 0.0820209974 ft is 0.0820209974 ft
19:02:40.045	347.792	1A02MM		rows for the workbook	BLD-EL-Fire Alarm Devices-vs-BLD-ME-Duct Accessory	0	0 in the document
19:02:40.045	347.792	1A02MM		test passed	BLD-EL-Fire Alarm Devices-vs-BLD-ME-Duct Accessory	0	ran and found nothing
19:02:40.110	347.856	1A02MM	TESTS CREATE	test created	BLD-EL-Fire Alarm Devices-vs-BLD-ME-Mechanical Equipment	0.082	hard_conservative, 0.0820209974 ft is 0.0820209974 ft
19:02:40.359	348.105	1A02MM		rows for the workbook	BLD-EL-Fire Alarm Devices-vs-BLD-ME-Mechanical Equipment	0	0 in the document
19:02:40.359	348.106	1A02MM		test passed	BLD-EL-Fire Alarm Devices-vs-BLD-ME-Mechanical Equipment	0	ran and found nothing
19:02:40.423	348.170	1A02MM	TESTS CREATE	test created	BLD-EL-Fire Alarm Devices-vs-BLD-ME-Air Terminals	0.082	hard_conservative, 0.0820209974 ft is 0.0820209974 ft
19:02:40.671	348.418	1A02MM		rows for the workbook	BLD-EL-Fire Alarm Devices-vs-BLD-ME-Air Terminals	0	0 in the document
19:02:40.672	348.418	1A02MM		test passed	BLD-EL-Fire Alarm Devices-vs-BLD-ME-Air Terminals	0	ran and found nothing
19:02:40.705	348.452	1A02MM	TESTS CREATE	test created	BLD-EL-Fire Alarm Devices-vs-BLD-ME-Pipes&Pipe Fittings	0.082	hard_conservative, 0.0820209974 ft is 0.0820209974 ft
19:02:40.970	348.717	1A02MM		rows for the workbook	BLD-EL-Fire Alarm Devices-vs-BLD-ME-Pipes&Pipe Fittings	0	0 in the document
19:02:40.970	348.717	1A02MM		test passed	BLD-EL-Fire Alarm Devices-vs-BLD-ME-Pipes&Pipe Fittings	0	ran and found nothing
19:02:41.005	348.752	1A02MM	TESTS CREATE	test created	BLD-EL-Fire Alarm Devices-vs-BLD-PL-Mechanical Equipment	0.082	hard_conservative, 0.0820209974 ft is 0.0820209974 ft
19:02:41.270	349.016	1A02MM		rows for the workbook	BLD-EL-Fire Alarm Devices-vs-BLD-PL-Mechanical Equipment	0	0 in the document
19:02:41.271	349.017	1A02MM		test passed	BLD-EL-Fire Alarm Devices-vs-BLD-PL-Mechanical Equipment	0	ran and found nothing
19:02:41.304	349.051	1A02MM	TESTS CREATE	test created	BLD-EL-Fire Alarm Devices-vs-BLD-PL-Pipes & Pipe Fittings	0.082	hard_conservative, 0.0820209974 ft is 0.0820209974 ft
19:02:41.554	349.300	1A02MM		rows for the workbook	BLD-EL-Fire Alarm Devices-vs-BLD-PL-Pipes & Pipe Fittings	0	0 in the document
19:02:41.554	349.301	1A02MM		test passed	BLD-EL-Fire Alarm Devices-vs-BLD-PL-Pipes & Pipe Fittings	0	ran and found nothing
19:02:41.588	349.335	1A02MM	TESTS CREATE	test created	BLD-EL-Fire Alarm Devices-vs-BLD-PL-Pipe Accessories	0.082	hard_conservative, 0.0820209974 ft is 0.0820209974 ft
19:02:41.834	349.581	1A02MM		rows for the workbook	BLD-EL-Fire Alarm Devices-vs-BLD-PL-Pipe Accessories	0	0 in the document
19:02:41.835	349.582	1A02MM		test passed	BLD-EL-Fire Alarm Devices-vs-BLD-PL-Pipe Accessories	0	ran and found nothing
19:02:41.869	349.615	1A02MM	TESTS CREATE	test created	BLD-EL-Fire Alarm Devices-vs-BLD-PL-Plumbing Fixtures	0.082	hard_conservative, 0.0820209974 ft is 0.0820209974 ft
19:02:42.100	349.847	1A02MM		rows for the workbook	BLD-EL-Fire Alarm Devices-vs-BLD-PL-Plumbing Fixtures	0	0 in the document
19:02:42.100	349.847	1A02MM		test passed	BLD-EL-Fire Alarm Devices-vs-BLD-PL-Plumbing Fixtures	0	ran and found nothing
19:02:42.134	349.880	1A02MM	TESTS CREATE	test created	BLD-EL-Fire Alarm Devices-vs-BLD-DR-Pipes & Pipe Fittings	0.082	hard_conservative, 0.0820209974 ft is 0.0820209974 ft
19:02:42.350	350.097	1A02MM		rows for the workbook	BLD-EL-Fire Alarm Devices-vs-BLD-DR-Pipes & Pipe Fittings	0	0 in the document
19:02:42.351	350.097	1A02MM		test passed	BLD-EL-Fire Alarm Devices-vs-BLD-DR-Pipes & Pipe Fittings	0	ran and found nothing
19:02:42.385	350.132	1A02MM	TESTS CREATE	test created	BLD-EL-Fire Alarm Devices-vs-BLD-DR-Plumbing Fixtures	0.082	hard_conservative, 0.0820209974 ft is 0.0820209974 ft
19:02:42.634	350.381	1A02MM		rows for the workbook	BLD-EL-Fire Alarm Devices-vs-BLD-DR-Plumbing Fixtures	0	0 in the document
19:02:42.635	350.382	1A02MM		test passed	BLD-EL-Fire Alarm Devices-vs-BLD-DR-Plumbing Fixtures	0	ran and found nothing
19:02:42.669	350.416	1A02MM	TESTS CREATE	test created	BLD-EL-Fire Alarm Devices-vs-BLD-EL-Cable Tray&Cable Tray Fittings	0.082	hard_conservative, 0.0820209974 ft is 0.0820209974 ft
19:02:42.914	350.661	1A02MM		rows for the workbook	BLD-EL-Fire Alarm Devices-vs-BLD-EL-Cable Tray&Cable Tray Fittings	0	0 in the document
19:02:42.915	350.661	1A02MM		test passed	BLD-EL-Fire Alarm Devices-vs-BLD-EL-Cable Tray&Cable Tray Fittings	0	ran and found nothing
19:02:42.953	350.699	1A02MM	TESTS CREATE	test created	BLD-EL-Fire Alarm Devices-vs-BLD-EL-Electrical Equipment	0.082	hard_conservative, 0.0820209974 ft is 0.0820209974 ft
19:02:43.230	350.977	1A02MM		rows for the workbook	BLD-EL-Fire Alarm Devices-vs-BLD-EL-Electrical Equipment	0	0 in the document
19:02:43.231	350.978	1A02MM		test passed	BLD-EL-Fire Alarm Devices-vs-BLD-EL-Electrical Equipment	0	ran and found nothing
19:02:43.263	351.010	1A02MM	TESTS CREATE	test created	BLD-EL-Fire Alarm Devices-vs-BLD-EL-Electrical Fixtures	0.082	hard_conservative, 0.0820209974 ft is 0.0820209974 ft
19:02:43.503	351.249	1A02MM		rows for the workbook	BLD-EL-Fire Alarm Devices-vs-BLD-EL-Electrical Fixtures	0	0 in the document
19:02:43.503	351.250	1A02MM		test passed	BLD-EL-Fire Alarm Devices-vs-BLD-EL-Electrical Fixtures	0	ran and found nothing
19:02:43.543	351.290	1A02MM	TESTS CREATE	test created	BLD-EL-Fire Alarm Devices-vs-BLD-EL-Conduits & Conduit Fittings	0.082	hard_conservative, 0.0820209974 ft is 0.0820209974 ft
19:02:43.797	351.544	1A02MM		rows for the workbook	BLD-EL-Fire Alarm Devices-vs-BLD-EL-Conduits & Conduit Fittings	0	0 in the document
19:02:43.798	351.544	1A02MM		test passed	BLD-EL-Fire Alarm Devices-vs-BLD-EL-Conduits & Conduit Fittings	0	ran and found nothing
19:02:43.840	351.587	1A02MM	TESTS CREATE	test created	BLD-EL-Fire Alarm Devices-vs-BLD-EL-Lighting Fixtures	0.082	hard_conservative, 0.0820209974 ft is 0.0820209974 ft
19:02:44.162	351.908	1A02MM		rows for the workbook	BLD-EL-Fire Alarm Devices-vs-BLD-EL-Lighting Fixtures	1	1 in the document
19:02:44.162	351.908	1A02MM		test found clashes	BLD-EL-Fire Alarm Devices-vs-BLD-EL-Lighting Fixtures	1	ran and found clashes
19:02:44.217	351.963	1A02MM	TESTS CREATE	test created	BLD-EL-Fire Alarm Devices-vs-BLD-EL-Lighting Devices	0.082	hard_conservative, 0.0820209974 ft is 0.0820209974 ft
19:02:44.471	352.218	1A02MM		rows for the workbook	BLD-EL-Fire Alarm Devices-vs-BLD-EL-Lighting Devices	0	0 in the document
19:02:44.472	352.219	1A02MM		test passed	BLD-EL-Fire Alarm Devices-vs-BLD-EL-Lighting Devices	0	ran and found nothing
19:02:44.514	352.260	1A02MM	TESTS CREATE	test created	BLD-Security Devices-vs-BLD-AR-Floors	0.082	hard_conservative, 0.0820209974 ft is 0.0820209974 ft
19:02:44.791	352.537	1A02MM		rows for the workbook	BLD-Security Devices-vs-BLD-AR-Floors	0	0 in the document
19:02:44.791	352.538	1A02MM		test passed	BLD-Security Devices-vs-BLD-AR-Floors	0	ran and found nothing
19:02:44.818	352.565	1A02MM	TESTS CREATE	test created	BLD-Security Devices-vs-BLD-AR-Walls	0.082	hard_conservative, 0.0820209974 ft is 0.0820209974 ft
19:02:45.161	352.907	1A02MM		rows for the workbook	BLD-Security Devices-vs-BLD-AR-Walls	0	0 in the document
19:02:45.161	352.908	1A02MM		test passed	BLD-Security Devices-vs-BLD-AR-Walls	0	ran and found nothing
19:02:45.205	352.951	1A02MM	TESTS CREATE	test created	BLD-Security Devices-vs-BLD-AR-Windows	0.082	hard_conservative, 0.0820209974 ft is 0.0820209974 ft
19:02:45.516	353.262	1A02MM		rows for the workbook	BLD-Security Devices-vs-BLD-AR-Windows	0	0 in the document
19:02:45.517	353.263	1A02MM		test passed	BLD-Security Devices-vs-BLD-AR-Windows	0	ran and found nothing
19:02:45.562	353.309	1A02MM	TESTS CREATE	test created	BLD-Security Devices-vs-BLD-AR-Curtain Mullions	0.082	hard_conservative, 0.0820209974 ft is 0.0820209974 ft
19:02:45.873	353.620	1A02MM		rows for the workbook	BLD-Security Devices-vs-BLD-AR-Curtain Mullions	0	0 in the document
19:02:45.874	353.620	1A02MM		test passed	BLD-Security Devices-vs-BLD-AR-Curtain Mullions	0	ran and found nothing
19:02:45.939	353.685	1A02MM	TESTS CREATE	test created	BLD-Security Devices-vs-BLD-AR-Doors	0.082	hard_conservative, 0.0820209974 ft is 0.0820209974 ft
19:02:46.233	353.980	1A02MM		rows for the workbook	BLD-Security Devices-vs-BLD-AR-Doors	0	0 in the document
19:02:46.234	353.980	1A02MM		test passed	BLD-Security Devices-vs-BLD-AR-Doors	0	ran and found nothing
19:02:46.297	354.044	1A02MM	TESTS CREATE	test created	BLD-Security Devices-vs-BLD-AR-Railings	0.082	hard_conservative, 0.0820209974 ft is 0.0820209974 ft
19:02:46.561	354.308	1A02MM		rows for the workbook	BLD-Security Devices-vs-BLD-AR-Railings	0	0 in the document
19:02:46.562	354.309	1A02MM		test passed	BLD-Security Devices-vs-BLD-AR-Railings	0	ran and found nothing
19:02:46.596	354.342	1A02MM	TESTS CREATE	test created	BLD-Security Devices-vs-BLD-ST-Foundation	0.082	hard_conservative, 0.0820209974 ft is 0.0820209974 ft
19:02:46.844	354.590	1A02MM		rows for the workbook	BLD-Security Devices-vs-BLD-ST-Foundation	0	0 in the document
19:02:46.845	354.591	1A02MM		test passed	BLD-Security Devices-vs-BLD-ST-Foundation	0	ran and found nothing
19:02:46.878	354.624	1A02MM	TESTS CREATE	test created	BLD-Security Devices-vs-BLD-ST-Columns	0.082	hard_conservative, 0.0820209974 ft is 0.0820209974 ft
19:02:47.111	354.858	1A02MM		rows for the workbook	BLD-Security Devices-vs-BLD-ST-Columns	0	0 in the document
19:02:47.112	354.858	1A02MM		test passed	BLD-Security Devices-vs-BLD-ST-Columns	0	ran and found nothing
19:02:47.145	354.892	1A02MM	TESTS CREATE	test created	BLD-Security Devices-vs-BLD-ST-Framing	0.082	hard_conservative, 0.0820209974 ft is 0.0820209974 ft
19:02:47.500	355.246	1A02MM		rows for the workbook	BLD-Security Devices-vs-BLD-ST-Framing	3	3 in the document
19:02:47.500	355.247	1A02MM		test found clashes	BLD-Security Devices-vs-BLD-ST-Framing	3	ran and found clashes
19:02:47.535	355.281	1A02MM	TESTS CREATE	test created	BLD-Security Devices-vs-BLD-ST-Walls	0.082	hard_conservative, 0.0820209974 ft is 0.0820209974 ft
19:02:47.765	355.512	1A02MM		rows for the workbook	BLD-Security Devices-vs-BLD-ST-Walls	0	0 in the document
19:02:47.766	355.512	1A02MM		test passed	BLD-Security Devices-vs-BLD-ST-Walls	0	ran and found nothing
19:02:47.798	355.546	1A02MM	TESTS CREATE	test created	BLD-Security Devices-vs-BLD-ST-Floors	0.082	hard_conservative, 0.0820209974 ft is 0.0820209974 ft
19:02:48.016	355.762	1A02MM		rows for the workbook	BLD-Security Devices-vs-BLD-ST-Floors	0	0 in the document
19:02:48.016	355.763	1A02MM		test passed	BLD-Security Devices-vs-BLD-ST-Floors	0	ran and found nothing
19:02:48.050	355.797	1A02MM	TESTS CREATE	test created	BLD-Security Devices-vs-BLD-ST-Stair	0.082	hard_conservative, 0.0820209974 ft is 0.0820209974 ft
19:02:48.295	356.041	1A02MM		rows for the workbook	BLD-Security Devices-vs-BLD-ST-Stair	0	0 in the document
19:02:48.295	356.042	1A02MM		test passed	BLD-Security Devices-vs-BLD-ST-Stair	0	ran and found nothing
19:02:48.362	356.109	1A02MM	TESTS CREATE	test created	BLD-Security Devices-vs-BLD-ME-Ducts&Duct Fittings	0.082	hard_conservative, 0.0820209974 ft is 0.0820209974 ft
19:02:48.626	356.372	1A02MM		rows for the workbook	BLD-Security Devices-vs-BLD-ME-Ducts&Duct Fittings	0	0 in the document
19:02:48.626	356.373	1A02MM		test passed	BLD-Security Devices-vs-BLD-ME-Ducts&Duct Fittings	0	ran and found nothing
19:02:48.660	356.406	1A02MM	TESTS CREATE	test created	BLD-Security Devices-vs-BLD-ME-Duct Accessory	0.082	hard_conservative, 0.0820209974 ft is 0.0820209974 ft
19:02:48.891	356.637	1A02MM		rows for the workbook	BLD-Security Devices-vs-BLD-ME-Duct Accessory	0	0 in the document
19:02:48.891	356.638	1A02MM		test passed	BLD-Security Devices-vs-BLD-ME-Duct Accessory	0	ran and found nothing
19:02:48.924	356.670	1A02MM	TESTS CREATE	test created	BLD-Security Devices-vs-BLD-ME-Mechanical Equipment	0.082	hard_conservative, 0.0820209974 ft is 0.0820209974 ft
19:02:49.155	356.902	1A02MM		rows for the workbook	BLD-Security Devices-vs-BLD-ME-Mechanical Equipment	0	0 in the document
19:02:49.155	356.902	1A02MM		test passed	BLD-Security Devices-vs-BLD-ME-Mechanical Equipment	0	ran and found nothing
19:02:49.189	356.936	1A02MM	TESTS CREATE	test created	BLD-Security Devices-vs-BLD-ME-Air Terminals	0.082	hard_conservative, 0.0820209974 ft is 0.0820209974 ft
19:02:49.450	357.197	1A02MM		rows for the workbook	BLD-Security Devices-vs-BLD-ME-Air Terminals	0	0 in the document
19:02:49.451	357.197	1A02MM		test passed	BLD-Security Devices-vs-BLD-ME-Air Terminals	0	ran and found nothing
19:02:49.499	357.246	1A02MM	TESTS CREATE	test created	BLD-Security Devices-vs-BLD-ME-Pipes&Pipe Fittings	0.082	hard_conservative, 0.0820209974 ft is 0.0820209974 ft
19:02:49.762	357.508	1A02MM		rows for the workbook	BLD-Security Devices-vs-BLD-ME-Pipes&Pipe Fittings	0	0 in the document
19:02:49.762	357.509	1A02MM		test passed	BLD-Security Devices-vs-BLD-ME-Pipes&Pipe Fittings	0	ran and found nothing
19:02:49.812	357.559	1A02MM	TESTS CREATE	test created	BLD-Security Devices-vs-BLD-PL-Mechanical Equipment	0.082	hard_conservative, 0.0820209974 ft is 0.0820209974 ft
19:02:50.075	357.821	1A02MM		rows for the workbook	BLD-Security Devices-vs-BLD-PL-Mechanical Equipment	0	0 in the document
19:02:50.075	357.822	1A02MM		test passed	BLD-Security Devices-vs-BLD-PL-Mechanical Equipment	0	ran and found nothing
19:02:50.108	357.856	1A02MM	TESTS CREATE	test created	BLD-Security Devices-vs-BLD-PL-Pipes & Pipe Fittings	0.082	hard_conservative, 0.0820209974 ft is 0.0820209974 ft
19:02:50.371	358.118	1A02MM		rows for the workbook	BLD-Security Devices-vs-BLD-PL-Pipes & Pipe Fittings	0	0 in the document
19:02:50.372	358.118	1A02MM		test passed	BLD-Security Devices-vs-BLD-PL-Pipes & Pipe Fittings	0	ran and found nothing
19:02:50.408	358.155	1A02MM	TESTS CREATE	test created	BLD-Security Devices-vs-BLD-PL-Pipe Accessories	0.082	hard_conservative, 0.0820209974 ft is 0.0820209974 ft
19:02:50.642	358.388	1A02MM		rows for the workbook	BLD-Security Devices-vs-BLD-PL-Pipe Accessories	0	0 in the document
19:02:50.642	358.389	1A02MM		test passed	BLD-Security Devices-vs-BLD-PL-Pipe Accessories	0	ran and found nothing
19:02:50.685	358.431	1A02MM	TESTS CREATE	test created	BLD-Security Devices-vs-BLD-PL-Plumbing Fixtures	0.082	hard_conservative, 0.0820209974 ft is 0.0820209974 ft
19:02:50.933	358.679	1A02MM		rows for the workbook	BLD-Security Devices-vs-BLD-PL-Plumbing Fixtures	0	0 in the document
19:02:50.933	358.680	1A02MM		test passed	BLD-Security Devices-vs-BLD-PL-Plumbing Fixtures	0	ran and found nothing
19:02:50.963	358.710	1A02MM	TESTS CREATE	test created	BLD-Security Devices-vs-BLD-DR-Pipes & Pipe Fittings	0.082	hard_conservative, 0.0820209974 ft is 0.0820209974 ft
19:02:51.214	358.960	1A02MM		rows for the workbook	BLD-Security Devices-vs-BLD-DR-Pipes & Pipe Fittings	0	0 in the document
19:02:51.215	358.961	1A02MM		test passed	BLD-Security Devices-vs-BLD-DR-Pipes & Pipe Fittings	0	ran and found nothing
19:02:51.248	358.995	1A02MM	TESTS CREATE	test created	BLD-Security Devices-vs-BLD-DR-Plumbing Fixtures	0.082	hard_conservative, 0.0820209974 ft is 0.0820209974 ft
19:02:51.496	359.243	1A02MM		rows for the workbook	BLD-Security Devices-vs-BLD-DR-Plumbing Fixtures	0	0 in the document
19:02:51.497	359.243	1A02MM		test passed	BLD-Security Devices-vs-BLD-DR-Plumbing Fixtures	0	ran and found nothing
19:02:51.531	359.278	1A02MM	TESTS CREATE	test created	BLD-Security Devices-vs-BLD-EL-Cable Tray&Cable Tray Fittings	0.082	hard_conservative, 0.0820209974 ft is 0.0820209974 ft
19:02:51.852	359.598	1A02MM		rows for the workbook	BLD-Security Devices-vs-BLD-EL-Cable Tray&Cable Tray Fittings	1	1 in the document
19:02:51.852	359.598	1A02MM		test found clashes	BLD-Security Devices-vs-BLD-EL-Cable Tray&Cable Tray Fittings	1	ran and found clashes
19:02:51.903	359.649	1A02MM	TESTS CREATE	test created	BLD-Security Devices-vs-BLD-EL-Electrical Equipment	0.082	hard_conservative, 0.0820209974 ft is 0.0820209974 ft
19:02:52.190	359.937	1A02MM		rows for the workbook	BLD-Security Devices-vs-BLD-EL-Electrical Equipment	1	1 in the document
19:02:52.191	359.937	1A02MM		test found clashes	BLD-Security Devices-vs-BLD-EL-Electrical Equipment	1	ran and found clashes
19:02:52.233	359.980	1A02MM	TESTS CREATE	test created	BLD-Security Devices-vs-BLD-EL-Electrical Fixtures	0.082	hard_conservative, 0.0820209974 ft is 0.0820209974 ft
19:02:52.498	360.245	1A02MM		rows for the workbook	BLD-Security Devices-vs-BLD-EL-Electrical Fixtures	0	0 in the document
19:02:52.499	360.245	1A02MM		test passed	BLD-Security Devices-vs-BLD-EL-Electrical Fixtures	0	ran and found nothing
19:02:52.533	360.280	1A02MM	TESTS CREATE	test created	BLD-Security Devices-vs-BLD-EL-Conduits & Conduit Fittings	0.082	hard_conservative, 0.0820209974 ft is 0.0820209974 ft
19:02:52.782	360.529	1A02MM		rows for the workbook	BLD-Security Devices-vs-BLD-EL-Conduits & Conduit Fittings	0	0 in the document
19:02:52.783	360.529	1A02MM		test passed	BLD-Security Devices-vs-BLD-EL-Conduits & Conduit Fittings	0	ran and found nothing
19:02:52.817	360.564	1A02MM	TESTS CREATE	test created	BLD-Security Devices-vs-BLD-EL-Lighting Fixtures	0.082	hard_conservative, 0.0820209974 ft is 0.0820209974 ft
19:02:53.049	360.795	1A02MM		rows for the workbook	BLD-Security Devices-vs-BLD-EL-Lighting Fixtures	0	0 in the document
19:02:53.049	360.796	1A02MM		test passed	BLD-Security Devices-vs-BLD-EL-Lighting Fixtures	0	ran and found nothing
19:02:53.083	360.829	1A02MM	TESTS CREATE	test created	BLD-Security Devices-vs-BLD-EL-Lighting Devices	0.082	hard_conservative, 0.0820209974 ft is 0.0820209974 ft
19:02:53.531	361.278	1A02MM		rows for the workbook	BLD-Security Devices-vs-BLD-EL-Lighting Devices	5	5 in the document
19:02:53.532	361.278	1A02MM		test found clashes	BLD-Security Devices-vs-BLD-EL-Lighting Devices	5	ran and found clashes
19:02:53.568	361.315	1A02MM	TESTS CREATE	test created	BLD-Security Devices-vs-BLD-EL-Fire Alarm Devices	0.082	hard_conservative, 0.0820209974 ft is 0.0820209974 ft
19:02:53.800	361.547	1A02MM		rows for the workbook	BLD-Security Devices-vs-BLD-EL-Fire Alarm Devices	0	0 in the document
19:02:53.801	361.548	1A02MM		test passed	BLD-Security Devices-vs-BLD-EL-Fire Alarm Devices	0	ran and found nothing
19:02:53.836	361.582	1A02MM	TESTS CREATE	test created	BLD-EL-Communication Devices-vs-BLD-AR-Floors	0.082	hard_conservative, 0.0820209974 ft is 0.0820209974 ft
19:02:54.069	361.815	1A02MM		rows for the workbook	BLD-EL-Communication Devices-vs-BLD-AR-Floors	0	0 in the document
19:02:54.069	361.815	1A02MM		test passed	BLD-EL-Communication Devices-vs-BLD-AR-Floors	0	ran and found nothing
19:02:54.102	361.849	1A02MM	TESTS CREATE	test created	BLD-EL-Communication Devices-vs-BLD-AR-Walls	0.082	hard_conservative, 0.0820209974 ft is 0.0820209974 ft
19:02:54.334	362.081	1A02MM		rows for the workbook	BLD-EL-Communication Devices-vs-BLD-AR-Walls	0	0 in the document
19:02:54.334	362.081	1A02MM		test passed	BLD-EL-Communication Devices-vs-BLD-AR-Walls	0	ran and found nothing
19:02:54.368	362.115	1A02MM	TESTS CREATE	test created	BLD-EL-Communication Devices-vs-BLD-AR-Windows	0.082	hard_conservative, 0.0820209974 ft is 0.0820209974 ft
19:02:54.644	362.391	1A02MM		rows for the workbook	BLD-EL-Communication Devices-vs-BLD-AR-Windows	0	0 in the document
19:02:54.644	362.391	1A02MM		test passed	BLD-EL-Communication Devices-vs-BLD-AR-Windows	0	ran and found nothing
19:02:54.679	362.426	1A02MM	TESTS CREATE	test created	BLD-EL-Communication Devices-vs-BLD-AR-Curtain Mullions	0.082	hard_conservative, 0.0820209974 ft is 0.0820209974 ft
19:02:54.942	362.689	1A02MM		rows for the workbook	BLD-EL-Communication Devices-vs-BLD-AR-Curtain Mullions	0	0 in the document
19:02:54.942	362.689	1A02MM		test passed	BLD-EL-Communication Devices-vs-BLD-AR-Curtain Mullions	0	ran and found nothing
19:02:54.971	362.718	1A02MM	TESTS CREATE	test created	BLD-EL-Communication Devices-vs-BLD-AR-Doors	0.082	hard_conservative, 0.0820209974 ft is 0.0820209974 ft
19:02:55.221	362.967	1A02MM		rows for the workbook	BLD-EL-Communication Devices-vs-BLD-AR-Doors	0	0 in the document
19:02:55.222	362.968	1A02MM		test passed	BLD-EL-Communication Devices-vs-BLD-AR-Doors	0	ran and found nothing
19:02:55.256	363.003	1A02MM	TESTS CREATE	test created	BLD-EL-Communication Devices-vs-BLD-AR-Railings	0.082	hard_conservative, 0.0820209974 ft is 0.0820209974 ft
19:02:55.533	363.280	1A02MM		rows for the workbook	BLD-EL-Communication Devices-vs-BLD-AR-Railings	0	0 in the document
19:02:55.534	363.280	1A02MM		test passed	BLD-EL-Communication Devices-vs-BLD-AR-Railings	0	ran and found nothing
19:02:55.569	363.316	1A02MM	TESTS CREATE	test created	BLD-EL-Communication Devices-vs-BLD-ST-Foundation	0.082	hard_conservative, 0.0820209974 ft is 0.0820209974 ft
19:02:55.838	363.584	1A02MM		rows for the workbook	BLD-EL-Communication Devices-vs-BLD-ST-Foundation	0	0 in the document
19:02:55.839	363.585	1A02MM		test passed	BLD-EL-Communication Devices-vs-BLD-ST-Foundation	0	ran and found nothing
19:02:55.869	363.616	1A02MM	TESTS CREATE	test created	BLD-EL-Communication Devices-vs-BLD-ST-Columns	0.082	hard_conservative, 0.0820209974 ft is 0.0820209974 ft
19:02:56.131	363.878	1A02MM		rows for the workbook	BLD-EL-Communication Devices-vs-BLD-ST-Columns	0	0 in the document
19:02:56.131	363.878	1A02MM		test passed	BLD-EL-Communication Devices-vs-BLD-ST-Columns	0	ran and found nothing
19:02:56.165	363.911	1A02MM	TESTS CREATE	test created	BLD-EL-Communication Devices-vs-BLD-ST-Framing	0.082	hard_conservative, 0.0820209974 ft is 0.0820209974 ft
19:02:56.459	364.206	1A02MM		rows for the workbook	BLD-EL-Communication Devices-vs-BLD-ST-Framing	0	0 in the document
19:02:56.460	364.206	1A02MM		test passed	BLD-EL-Communication Devices-vs-BLD-ST-Framing	0	ran and found nothing
19:02:56.489	364.236	1A02MM	TESTS CREATE	test created	BLD-EL-Communication Devices-vs-BLD-ST-Walls	0.082	hard_conservative, 0.0820209974 ft is 0.0820209974 ft
19:02:56.741	364.488	1A02MM		rows for the workbook	BLD-EL-Communication Devices-vs-BLD-ST-Walls	0	0 in the document
19:02:56.742	364.489	1A02MM		test passed	BLD-EL-Communication Devices-vs-BLD-ST-Walls	0	ran and found nothing
19:02:56.775	364.522	1A02MM	TESTS CREATE	test created	BLD-EL-Communication Devices-vs-BLD-ST-Floors	0.082	hard_conservative, 0.0820209974 ft is 0.0820209974 ft
19:02:57.054	364.801	1A02MM		rows for the workbook	BLD-EL-Communication Devices-vs-BLD-ST-Floors	0	0 in the document
19:02:57.054	364.801	1A02MM		test passed	BLD-EL-Communication Devices-vs-BLD-ST-Floors	0	ran and found nothing
19:02:57.088	364.834	1A02MM	TESTS CREATE	test created	BLD-EL-Communication Devices-vs-BLD-ST-Stair	0.082	hard_conservative, 0.0820209974 ft is 0.0820209974 ft
19:02:57.350	365.096	1A02MM		rows for the workbook	BLD-EL-Communication Devices-vs-BLD-ST-Stair	0	0 in the document
19:02:57.351	365.097	1A02MM		test passed	BLD-EL-Communication Devices-vs-BLD-ST-Stair	0	ran and found nothing
19:02:57.382	365.128	1A02MM	TESTS CREATE	test created	BLD-EL-Communication Devices-vs-BLD-ME-Ducts&Duct Fittings	0.082	hard_conservative, 0.0820209974 ft is 0.0820209974 ft
19:02:57.647	365.393	1A02MM		rows for the workbook	BLD-EL-Communication Devices-vs-BLD-ME-Ducts&Duct Fittings	0	0 in the document
19:02:57.647	365.394	1A02MM		test passed	BLD-EL-Communication Devices-vs-BLD-ME-Ducts&Duct Fittings	0	ran and found nothing
19:02:57.681	365.427	1A02MM	TESTS CREATE	test created	BLD-EL-Communication Devices-vs-BLD-ME-Duct Accessory	0.082	hard_conservative, 0.0820209974 ft is 0.0820209974 ft
19:02:57.939	365.686	1A02MM		rows for the workbook	BLD-EL-Communication Devices-vs-BLD-ME-Duct Accessory	0	0 in the document
19:02:57.941	365.687	1A02MM		test passed	BLD-EL-Communication Devices-vs-BLD-ME-Duct Accessory	0	ran and found nothing
19:02:57.975	365.722	1A02MM	TESTS CREATE	test created	BLD-EL-Communication Devices-vs-BLD-ME-Mechanical Equipment	0.082	hard_conservative, 0.0820209974 ft is 0.0820209974 ft
19:02:58.240	365.986	1A02MM		rows for the workbook	BLD-EL-Communication Devices-vs-BLD-ME-Mechanical Equipment	0	0 in the document
19:02:58.240	365.987	1A02MM		test passed	BLD-EL-Communication Devices-vs-BLD-ME-Mechanical Equipment	0	ran and found nothing
19:02:58.273	366.020	1A02MM	TESTS CREATE	test created	BLD-EL-Communication Devices-vs-BLD-ME-Air Terminals	0.082	hard_conservative, 0.0820209974 ft is 0.0820209974 ft
19:02:58.522	366.269	1A02MM		rows for the workbook	BLD-EL-Communication Devices-vs-BLD-ME-Air Terminals	0	0 in the document
19:02:58.523	366.269	1A02MM		test passed	BLD-EL-Communication Devices-vs-BLD-ME-Air Terminals	0	ran and found nothing
19:02:58.556	366.303	1A02MM	TESTS CREATE	test created	BLD-EL-Communication Devices-vs-BLD-ME-Pipes&Pipe Fittings	0.082	hard_conservative, 0.0820209974 ft is 0.0820209974 ft
19:02:58.805	366.552	1A02MM		rows for the workbook	BLD-EL-Communication Devices-vs-BLD-ME-Pipes&Pipe Fittings	0	0 in the document
19:02:58.806	366.552	1A02MM		test passed	BLD-EL-Communication Devices-vs-BLD-ME-Pipes&Pipe Fittings	0	ran and found nothing
19:02:58.839	366.586	1A02MM	TESTS CREATE	test created	BLD-EL-Communication Devices-vs-BLD-PL-Mechanical Equipment	0.082	hard_conservative, 0.0820209974 ft is 0.0820209974 ft
19:02:59.087	366.834	1A02MM		rows for the workbook	BLD-EL-Communication Devices-vs-BLD-PL-Mechanical Equipment	0	0 in the document
19:02:59.087	366.834	1A02MM		test passed	BLD-EL-Communication Devices-vs-BLD-PL-Mechanical Equipment	0	ran and found nothing
19:02:59.121	366.867	1A02MM	TESTS CREATE	test created	BLD-EL-Communication Devices-vs-BLD-PL-Pipes & Pipe Fittings	0.082	hard_conservative, 0.0820209974 ft is 0.0820209974 ft
19:02:59.385	367.131	1A02MM		rows for the workbook	BLD-EL-Communication Devices-vs-BLD-PL-Pipes & Pipe Fittings	0	0 in the document
19:02:59.385	367.132	1A02MM		test passed	BLD-EL-Communication Devices-vs-BLD-PL-Pipes & Pipe Fittings	0	ran and found nothing
19:02:59.421	367.167	1A02MM	TESTS CREATE	test created	BLD-EL-Communication Devices-vs-BLD-PL-Pipe Accessories	0.082	hard_conservative, 0.0820209974 ft is 0.0820209974 ft
19:02:59.682	367.429	1A02MM		rows for the workbook	BLD-EL-Communication Devices-vs-BLD-PL-Pipe Accessories	0	0 in the document
19:02:59.683	367.429	1A02MM		test passed	BLD-EL-Communication Devices-vs-BLD-PL-Pipe Accessories	0	ran and found nothing
19:02:59.715	367.462	1A02MM	TESTS CREATE	test created	BLD-EL-Communication Devices-vs-BLD-PL-Plumbing Fixtures	0.082	hard_conservative, 0.0820209974 ft is 0.0820209974 ft
19:02:59.965	367.712	1A02MM		rows for the workbook	BLD-EL-Communication Devices-vs-BLD-PL-Plumbing Fixtures	0	0 in the document
19:02:59.966	367.712	1A02MM		test passed	BLD-EL-Communication Devices-vs-BLD-PL-Plumbing Fixtures	0	ran and found nothing
19:02:59.998	367.745	1A02MM	TESTS CREATE	test created	BLD-EL-Communication Devices-vs-BLD-DR-Pipes & Pipe Fittings	0.082	hard_conservative, 0.0820209974 ft is 0.0820209974 ft
19:03:00.294	368.041	1A02MM		rows for the workbook	BLD-EL-Communication Devices-vs-BLD-DR-Pipes & Pipe Fittings	0	0 in the document
19:03:00.295	368.041	1A02MM		test passed	BLD-EL-Communication Devices-vs-BLD-DR-Pipes & Pipe Fittings	0	ran and found nothing
19:03:00.359	368.106	1A02MM	TESTS CREATE	test created	BLD-EL-Communication Devices-vs-BLD-DR-Plumbing Fixtures	0.082	hard_conservative, 0.0820209974 ft is 0.0820209974 ft
19:03:00.652	368.398	1A02MM		rows for the workbook	BLD-EL-Communication Devices-vs-BLD-DR-Plumbing Fixtures	0	0 in the document
19:03:00.653	368.399	1A02MM		test passed	BLD-EL-Communication Devices-vs-BLD-DR-Plumbing Fixtures	0	ran and found nothing
19:03:00.686	368.432	1A02MM	TESTS CREATE	test created	BLD-EL-Communication Devices-vs-BLD-EL-Cable Tray&Cable Tray Fittings	0.082	hard_conservative, 0.0820209974 ft is 0.0820209974 ft
19:03:00.997	368.744	1A02MM		rows for the workbook	BLD-EL-Communication Devices-vs-BLD-EL-Cable Tray&Cable Tray Fittings	0	0 in the document
19:03:00.998	368.745	1A02MM		test passed	BLD-EL-Communication Devices-vs-BLD-EL-Cable Tray&Cable Tray Fittings	0	ran and found nothing
19:03:01.063	368.810	1A02MM	TESTS CREATE	test created	BLD-EL-Communication Devices-vs-BLD-EL-Electrical Equipment	0.082	hard_conservative, 0.0820209974 ft is 0.0820209974 ft
19:03:01.328	369.075	1A02MM		rows for the workbook	BLD-EL-Communication Devices-vs-BLD-EL-Electrical Equipment	0	0 in the document
19:03:01.329	369.075	1A02MM		test passed	BLD-EL-Communication Devices-vs-BLD-EL-Electrical Equipment	0	ran and found nothing
19:03:01.361	369.108	1A02MM	TESTS CREATE	test created	BLD-EL-Communication Devices-vs-BLD-EL-Electrical Fixtures	0.082	hard_conservative, 0.0820209974 ft is 0.0820209974 ft
19:03:01.593	369.340	1A02MM		rows for the workbook	BLD-EL-Communication Devices-vs-BLD-EL-Electrical Fixtures	0	0 in the document
19:03:01.594	369.341	1A02MM		test passed	BLD-EL-Communication Devices-vs-BLD-EL-Electrical Fixtures	0	ran and found nothing
19:03:01.627	369.373	1A02MM	TESTS CREATE	test created	BLD-EL-Communication Devices-vs-BLD-EL-Conduits & Conduit Fittings	0.082	hard_conservative, 0.0820209974 ft is 0.0820209974 ft
19:03:01.859	369.606	1A02MM		rows for the workbook	BLD-EL-Communication Devices-vs-BLD-EL-Conduits & Conduit Fittings	0	0 in the document
19:03:01.860	369.606	1A02MM		test passed	BLD-EL-Communication Devices-vs-BLD-EL-Conduits & Conduit Fittings	0	ran and found nothing
19:03:01.893	369.640	1A02MM	TESTS CREATE	test created	BLD-EL-Communication Devices-vs-BLD-EL-Lighting Fixtures	0.082	hard_conservative, 0.0820209974 ft is 0.0820209974 ft
19:03:02.110	369.857	1A02MM		rows for the workbook	BLD-EL-Communication Devices-vs-BLD-EL-Lighting Fixtures	0	0 in the document
19:03:02.111	369.857	1A02MM		test passed	BLD-EL-Communication Devices-vs-BLD-EL-Lighting Fixtures	0	ran and found nothing
19:03:02.144	369.890	1A02MM	TESTS CREATE	test created	BLD-EL-Communication Devices-vs-BLD-EL-Lighting Devices	0.082	hard_conservative, 0.0820209974 ft is 0.0820209974 ft
19:03:02.377	370.124	1A02MM		rows for the workbook	BLD-EL-Communication Devices-vs-BLD-EL-Lighting Devices	0	0 in the document
19:03:02.378	370.124	1A02MM		test passed	BLD-EL-Communication Devices-vs-BLD-EL-Lighting Devices	0	ran and found nothing
19:03:02.412	370.158	1A02MM	TESTS CREATE	test created	BLD-EL-Communication Devices-vs-BLD-EL-Fire Alarm Devices	0.082	hard_conservative, 0.0820209974 ft is 0.0820209974 ft
19:03:02.644	370.391	1A02MM		rows for the workbook	BLD-EL-Communication Devices-vs-BLD-EL-Fire Alarm Devices	0	0 in the document
19:03:02.644	370.391	1A02MM		test passed	BLD-EL-Communication Devices-vs-BLD-EL-Fire Alarm Devices	0	ran and found nothing
19:03:02.679	370.425	1A02MM	TESTS CREATE	test created	BLD-EL-Communication Devices-vs-BLD-Security Devices	0.082	hard_conservative, 0.0820209974 ft is 0.0820209974 ft
19:03:02.909	370.655	1A02MM		rows for the workbook	BLD-EL-Communication Devices-vs-BLD-Security Devices	0	0 in the document
19:03:02.910	370.656	1A02MM		test passed	BLD-EL-Communication Devices-vs-BLD-Security Devices	0	ran and found nothing
19:03:02.945	370.691	1A02MM	TESTS CREATE	test created	BLD-EL-Data Devices-vs-BLD-AR-Floors	0.082	hard_conservative, 0.0820209974 ft is 0.0820209974 ft
19:03:03.190	370.936	1A02MM		rows for the workbook	BLD-EL-Data Devices-vs-BLD-AR-Floors	0	0 in the document
19:03:03.191	370.937	1A02MM		test passed	BLD-EL-Data Devices-vs-BLD-AR-Floors	0	ran and found nothing
19:03:03.223	370.970	1A02MM	TESTS CREATE	test created	BLD-EL-Data Devices-vs-BLD-AR-Walls	0.082	hard_conservative, 0.0820209974 ft is 0.0820209974 ft
19:03:03.468	371.215	1A02MM		rows for the workbook	BLD-EL-Data Devices-vs-BLD-AR-Walls	0	0 in the document
19:03:03.469	371.215	1A02MM		test passed	BLD-EL-Data Devices-vs-BLD-AR-Walls	0	ran and found nothing
19:03:03.503	371.249	1A02MM	TESTS CREATE	test created	BLD-EL-Data Devices-vs-BLD-AR-Windows	0.082	hard_conservative, 0.0820209974 ft is 0.0820209974 ft
19:03:03.748	371.495	1A02MM		rows for the workbook	BLD-EL-Data Devices-vs-BLD-AR-Windows	0	0 in the document
19:03:03.748	371.495	1A02MM		test passed	BLD-EL-Data Devices-vs-BLD-AR-Windows	0	ran and found nothing
19:03:03.783	371.530	1A02MM	TESTS CREATE	test created	BLD-EL-Data Devices-vs-BLD-AR-Curtain Mullions	0.082	hard_conservative, 0.0820209974 ft is 0.0820209974 ft
19:03:04.044	371.791	1A02MM		rows for the workbook	BLD-EL-Data Devices-vs-BLD-AR-Curtain Mullions	0	0 in the document
19:03:04.046	371.792	1A02MM		test passed	BLD-EL-Data Devices-vs-BLD-AR-Curtain Mullions	0	ran and found nothing
19:03:04.111	371.857	1A02MM	TESTS CREATE	test created	BLD-EL-Data Devices-vs-BLD-AR-Doors	0.082	hard_conservative, 0.0820209974 ft is 0.0820209974 ft
19:03:04.343	372.090	1A02MM		rows for the workbook	BLD-EL-Data Devices-vs-BLD-AR-Doors	0	0 in the document
19:03:04.343	372.090	1A02MM		test passed	BLD-EL-Data Devices-vs-BLD-AR-Doors	0	ran and found nothing
19:03:04.376	372.123	1A02MM	TESTS CREATE	test created	BLD-EL-Data Devices-vs-BLD-AR-Railings	0.082	hard_conservative, 0.0820209974 ft is 0.0820209974 ft
19:03:04.608	372.354	1A02MM		rows for the workbook	BLD-EL-Data Devices-vs-BLD-AR-Railings	0	0 in the document
19:03:04.608	372.355	1A02MM		test passed	BLD-EL-Data Devices-vs-BLD-AR-Railings	0	ran and found nothing
19:03:04.672	372.419	1A02MM	TESTS CREATE	test created	BLD-EL-Data Devices-vs-BLD-ST-Foundation	0.082	hard_conservative, 0.0820209974 ft is 0.0820209974 ft
19:03:04.922	372.668	1A02MM		rows for the workbook	BLD-EL-Data Devices-vs-BLD-ST-Foundation	0	0 in the document
19:03:04.922	372.669	1A02MM		test passed	BLD-EL-Data Devices-vs-BLD-ST-Foundation	0	ran and found nothing
19:03:04.971	372.717	1A02MM	TESTS CREATE	test created	BLD-EL-Data Devices-vs-BLD-ST-Columns	0.082	hard_conservative, 0.0820209974 ft is 0.0820209974 ft
19:03:05.204	372.950	1A02MM		rows for the workbook	BLD-EL-Data Devices-vs-BLD-ST-Columns	0	0 in the document
19:03:05.204	372.951	1A02MM		test passed	BLD-EL-Data Devices-vs-BLD-ST-Columns	0	ran and found nothing
19:03:05.237	372.984	1A02MM	TESTS CREATE	test created	BLD-EL-Data Devices-vs-BLD-ST-Framing	0.082	hard_conservative, 0.0820209974 ft is 0.0820209974 ft
19:03:05.559	373.306	1A02MM		rows for the workbook	BLD-EL-Data Devices-vs-BLD-ST-Framing	2	2 in the document
19:03:05.559	373.306	1A02MM		test found clashes	BLD-EL-Data Devices-vs-BLD-ST-Framing	2	ran and found clashes
19:03:05.598	373.344	1A02MM	TESTS CREATE	test created	BLD-EL-Data Devices-vs-BLD-ST-Walls	0.082	hard_conservative, 0.0820209974 ft is 0.0820209974 ft
19:03:05.827	373.574	1A02MM		rows for the workbook	BLD-EL-Data Devices-vs-BLD-ST-Walls	0	0 in the document
19:03:05.828	373.574	1A02MM		test passed	BLD-EL-Data Devices-vs-BLD-ST-Walls	0	ran and found nothing
19:03:05.861	373.607	1A02MM	TESTS CREATE	test created	BLD-EL-Data Devices-vs-BLD-ST-Floors	0.082	hard_conservative, 0.0820209974 ft is 0.0820209974 ft
19:03:06.405	374.152	1A02MM		rows for the workbook	BLD-EL-Data Devices-vs-BLD-ST-Floors	7	7 in the document
19:03:06.406	374.153	1A02MM		test found clashes	BLD-EL-Data Devices-vs-BLD-ST-Floors	7	ran and found clashes
19:03:06.439	374.186	1A02MM	TESTS CREATE	test created	BLD-EL-Data Devices-vs-BLD-ST-Stair	0.082	hard_conservative, 0.0820209974 ft is 0.0820209974 ft
19:03:06.672	374.419	1A02MM		rows for the workbook	BLD-EL-Data Devices-vs-BLD-ST-Stair	0	0 in the document
19:03:06.673	374.419	1A02MM		test passed	BLD-EL-Data Devices-vs-BLD-ST-Stair	0	ran and found nothing
19:03:06.706	374.452	1A02MM	TESTS CREATE	test created	BLD-EL-Data Devices-vs-BLD-ME-Ducts&Duct Fittings	0.082	hard_conservative, 0.0820209974 ft is 0.0820209974 ft
19:03:06.956	374.702	1A02MM		rows for the workbook	BLD-EL-Data Devices-vs-BLD-ME-Ducts&Duct Fittings	0	0 in the document
19:03:06.956	374.703	1A02MM		test passed	BLD-EL-Data Devices-vs-BLD-ME-Ducts&Duct Fittings	0	ran and found nothing
19:03:07.014	374.761	1A02MM	TESTS CREATE	test created	BLD-EL-Data Devices-vs-BLD-ME-Duct Accessory	0.082	hard_conservative, 0.0820209974 ft is 0.0820209974 ft
19:03:07.297	375.043	1A02MM		rows for the workbook	BLD-EL-Data Devices-vs-BLD-ME-Duct Accessory	0	0 in the document
19:03:07.297	375.043	1A02MM		test passed	BLD-EL-Data Devices-vs-BLD-ME-Duct Accessory	0	ran and found nothing
19:03:07.331	375.077	1A02MM	TESTS CREATE	test created	BLD-EL-Data Devices-vs-BLD-ME-Mechanical Equipment	0.082	hard_conservative, 0.0820209974 ft is 0.0820209974 ft
19:03:07.561	375.308	1A02MM		rows for the workbook	BLD-EL-Data Devices-vs-BLD-ME-Mechanical Equipment	0	0 in the document
19:03:07.561	375.308	1A02MM		test passed	BLD-EL-Data Devices-vs-BLD-ME-Mechanical Equipment	0	ran and found nothing
19:03:07.595	375.342	1A02MM	TESTS CREATE	test created	BLD-EL-Data Devices-vs-BLD-ME-Air Terminals	0.082	hard_conservative, 0.0820209974 ft is 0.0820209974 ft
19:03:07.827	375.574	1A02MM		rows for the workbook	BLD-EL-Data Devices-vs-BLD-ME-Air Terminals	0	0 in the document
19:03:07.828	375.574	1A02MM		test passed	BLD-EL-Data Devices-vs-BLD-ME-Air Terminals	0	ran and found nothing
19:03:07.860	375.607	1A02MM	TESTS CREATE	test created	BLD-EL-Data Devices-vs-BLD-ME-Pipes&Pipe Fittings	0.082	hard_conservative, 0.0820209974 ft is 0.0820209974 ft
19:03:08.170	375.917	1A02MM		rows for the workbook	BLD-EL-Data Devices-vs-BLD-ME-Pipes&Pipe Fittings	0	0 in the document
19:03:08.171	375.917	1A02MM		test passed	BLD-EL-Data Devices-vs-BLD-ME-Pipes&Pipe Fittings	0	ran and found nothing
19:03:08.222	375.969	1A02MM	TESTS CREATE	test created	BLD-EL-Data Devices-vs-BLD-PL-Mechanical Equipment	0.082	hard_conservative, 0.0820209974 ft is 0.0820209974 ft
19:03:08.468	376.214	1A02MM		rows for the workbook	BLD-EL-Data Devices-vs-BLD-PL-Mechanical Equipment	0	0 in the document
19:03:08.468	376.215	1A02MM		test passed	BLD-EL-Data Devices-vs-BLD-PL-Mechanical Equipment	0	ran and found nothing
19:03:08.507	376.253	1A02MM	TESTS CREATE	test created	BLD-EL-Data Devices-vs-BLD-PL-Pipes & Pipe Fittings	0.082	hard_conservative, 0.0820209974 ft is 0.0820209974 ft
19:03:08.787	376.533	1A02MM		rows for the workbook	BLD-EL-Data Devices-vs-BLD-PL-Pipes & Pipe Fittings	0	0 in the document
19:03:08.787	376.533	1A02MM		test passed	BLD-EL-Data Devices-vs-BLD-PL-Pipes & Pipe Fittings	0	ran and found nothing
19:03:08.816	376.562	1A02MM	TESTS CREATE	test created	BLD-EL-Data Devices-vs-BLD-PL-Pipe Accessories	0.082	hard_conservative, 0.0820209974 ft is 0.0820209974 ft
19:03:09.100	376.846	1A02MM		rows for the workbook	BLD-EL-Data Devices-vs-BLD-PL-Pipe Accessories	0	0 in the document
19:03:09.100	376.846	1A02MM		test passed	BLD-EL-Data Devices-vs-BLD-PL-Pipe Accessories	0	ran and found nothing
19:03:09.129	376.876	1A02MM	TESTS CREATE	test created	BLD-EL-Data Devices-vs-BLD-PL-Plumbing Fixtures	0.082	hard_conservative, 0.0820209974 ft is 0.0820209974 ft
19:03:09.409	377.155	1A02MM		rows for the workbook	BLD-EL-Data Devices-vs-BLD-PL-Plumbing Fixtures	0	0 in the document
19:03:09.409	377.156	1A02MM		test passed	BLD-EL-Data Devices-vs-BLD-PL-Plumbing Fixtures	0	ran and found nothing
19:03:09.447	377.194	1A02MM	TESTS CREATE	test created	BLD-EL-Data Devices-vs-BLD-DR-Pipes & Pipe Fittings	0.082	hard_conservative, 0.0820209974 ft is 0.0820209974 ft
19:03:09.830	377.577	1A02MM		rows for the workbook	BLD-EL-Data Devices-vs-BLD-DR-Pipes & Pipe Fittings	0	0 in the document
19:03:09.831	377.578	1A02MM		test passed	BLD-EL-Data Devices-vs-BLD-DR-Pipes & Pipe Fittings	0	ran and found nothing
19:03:09.868	377.615	1A02MM	TESTS CREATE	test created	BLD-EL-Data Devices-vs-BLD-DR-Plumbing Fixtures	0.082	hard_conservative, 0.0820209974 ft is 0.0820209974 ft
19:03:10.187	377.934	1A02MM		rows for the workbook	BLD-EL-Data Devices-vs-BLD-DR-Plumbing Fixtures	0	0 in the document
19:03:10.188	377.935	1A02MM		test passed	BLD-EL-Data Devices-vs-BLD-DR-Plumbing Fixtures	0	ran and found nothing
19:03:10.226	377.973	1A02MM	TESTS CREATE	test created	BLD-EL-Data Devices-vs-BLD-EL-Cable Tray&Cable Tray Fittings	0.082	hard_conservative, 0.0820209974 ft is 0.0820209974 ft
19:03:10.520	378.267	1A02MM		rows for the workbook	BLD-EL-Data Devices-vs-BLD-EL-Cable Tray&Cable Tray Fittings	0	0 in the document
19:03:10.521	378.268	1A02MM		test passed	BLD-EL-Data Devices-vs-BLD-EL-Cable Tray&Cable Tray Fittings	0	ran and found nothing
19:03:10.556	378.302	1A02MM	TESTS CREATE	test created	BLD-EL-Data Devices-vs-BLD-EL-Electrical Equipment	0.082	hard_conservative, 0.0820209974 ft is 0.0820209974 ft
19:03:10.847	378.594	1A02MM		rows for the workbook	BLD-EL-Data Devices-vs-BLD-EL-Electrical Equipment	0	0 in the document
19:03:10.848	378.594	1A02MM		test passed	BLD-EL-Data Devices-vs-BLD-EL-Electrical Equipment	0	ran and found nothing
19:03:10.883	378.629	1A02MM	TESTS CREATE	test created	BLD-EL-Data Devices-vs-BLD-EL-Electrical Fixtures	0.082	hard_conservative, 0.0820209974 ft is 0.0820209974 ft
19:03:11.188	378.935	1A02MM		rows for the workbook	BLD-EL-Data Devices-vs-BLD-EL-Electrical Fixtures	0	0 in the document
19:03:11.189	378.935	1A02MM		test passed	BLD-EL-Data Devices-vs-BLD-EL-Electrical Fixtures	0	ran and found nothing
19:03:11.224	378.970	1A02MM	TESTS CREATE	test created	BLD-EL-Data Devices-vs-BLD-EL-Conduits & Conduit Fittings	0.082	hard_conservative, 0.0820209974 ft is 0.0820209974 ft
19:03:11.545	379.291	1A02MM		rows for the workbook	BLD-EL-Data Devices-vs-BLD-EL-Conduits & Conduit Fittings	0	0 in the document
19:03:11.545	379.291	1A02MM		test passed	BLD-EL-Data Devices-vs-BLD-EL-Conduits & Conduit Fittings	0	ran and found nothing
19:03:11.610	379.357	1A02MM	TESTS CREATE	test created	BLD-EL-Data Devices-vs-BLD-EL-Lighting Fixtures	0.082	hard_conservative, 0.0820209974 ft is 0.0820209974 ft
19:03:11.913	379.660	1A02MM		rows for the workbook	BLD-EL-Data Devices-vs-BLD-EL-Lighting Fixtures	0	0 in the document
19:03:11.915	379.661	1A02MM		test passed	BLD-EL-Data Devices-vs-BLD-EL-Lighting Fixtures	0	ran and found nothing
19:03:11.951	379.698	1A02MM	TESTS CREATE	test created	BLD-EL-Data Devices-vs-BLD-EL-Lighting Devices	0.082	hard_conservative, 0.0820209974 ft is 0.0820209974 ft
19:03:12.220	379.966	1A02MM		rows for the workbook	BLD-EL-Data Devices-vs-BLD-EL-Lighting Devices	0	0 in the document
19:03:12.220	379.967	1A02MM		test passed	BLD-EL-Data Devices-vs-BLD-EL-Lighting Devices	0	ran and found nothing
19:03:12.260	380.006	1A02MM	TESTS CREATE	test created	BLD-EL-Data Devices-vs-BLD-EL-Fire Alarm Devices	0.082	hard_conservative, 0.0820209974 ft is 0.0820209974 ft
19:03:12.506	380.253	1A02MM		rows for the workbook	BLD-EL-Data Devices-vs-BLD-EL-Fire Alarm Devices	0	0 in the document
19:03:12.507	380.253	1A02MM		test passed	BLD-EL-Data Devices-vs-BLD-EL-Fire Alarm Devices	0	ran and found nothing
19:03:12.534	380.280	1A02MM	TESTS CREATE	test created	BLD-EL-Data Devices-vs-BLD-Security Devices	0.082	hard_conservative, 0.0820209974 ft is 0.0820209974 ft
19:03:12.773	380.520	1A02MM		rows for the workbook	BLD-EL-Data Devices-vs-BLD-Security Devices	0	0 in the document
19:03:12.774	380.521	1A02MM		test passed	BLD-EL-Data Devices-vs-BLD-Security Devices	0	ran and found nothing
19:03:12.808	380.554	1A02MM	TESTS CREATE	test created	BLD-EL-Data Devices-vs-BLD-EL-Communication Devices	0.082	hard_conservative, 0.0820209974 ft is 0.0820209974 ft
19:03:13.024	380.770	1A02MM		rows for the workbook	BLD-EL-Data Devices-vs-BLD-EL-Communication Devices	0	0 in the document
19:03:13.024	380.770	1A02MM		test passed	BLD-EL-Data Devices-vs-BLD-EL-Communication Devices	0	ran and found nothing
19:04:06.062	433.808	1A02MM	VIEWS	step started	VIEWS	0	
19:04:06.067	433.813	1A02MM	VIEWS	census before	models	4	
19:04:06.067	433.813	1A02MM	VIEWS	census before	sets	61	
19:04:06.067	433.814	1A02MM	VIEWS	census before	tests	528	
19:04:06.067	433.814	1A02MM	VIEWS	census before	results	2939	
19:04:06.067	433.814	1A02MM	VIEWS	census before	views	34	
21:08:53.251	7920.914	1A02MM		census after	models	4	
21:08:53.252	7920.915	1A02MM		census after	sets	61	
21:08:53.252	7920.915	1A02MM		census after	tests	528	
21:08:53.252	7920.915	1A02MM		census after	results	2939	
21:08:53.252	7920.916	1A02MM		census after	views	2847	
21:08:53.254	7920.917	1A02MM		step finished	VIEWS	7487.104	2813 created, 0 already there.
21:09:00.397	7928.059	1A02MM	NWF SAVE	written	NWF	41317271	C:\\Users\\p003653k\\AppData\\Local\\NwcFederatorLoop\\runs\\04\\NMFed\\NWF\\C02\\1104-PAR-1A02MM-ZZZ-BM-MOD-000001.nwf
21:09:00.405	7928.068	1A02MM	WORKBOOK	step started	WORKBOOK	0	
21:09:00.412	7928.074	1A02MM	WORKBOOK	census before	models	4	
21:09:00.412	7928.074	1A02MM	WORKBOOK	census before	sets	61	
21:09:00.412	7928.075	1A02MM	WORKBOOK	census before	tests	528	
21:09:00.412	7928.075	1A02MM	WORKBOOK	census before	results	2939	
21:09:00.413	7928.075	1A02MM	WORKBOOK	census before	views	2847	
21:09:05.992	7933.655	1A02MM	WORKBOOK	written	XLSX	423575	C:\\Users\\p003653k\\AppData\\Local\\NwcFederatorLoop\\runs\\04\\NMFed\\Clash Report\\C02\\1104-PAR-1A02MM-ZZZ-BM-MOD-000001.xlsx
21:09:07.478	7935.141	1A02MM		census after	models	4	
21:09:07.479	7935.141	1A02MM		census after	sets	61	
21:09:07.479	7935.141	1A02MM		census after	tests	528	
21:09:07.479	7935.142	1A02MM		census after	results	2939	
21:09:07.479	7935.142	1A02MM		census after	views	2847	
21:09:07.481	7935.144	1A02MM		step finished	WORKBOOK	7.069	wrote 423575 bytes
21:09:07.483	7935.145	1A02MM	HTML	step started	HTML	0	
21:09:07.486	7935.149	1A02MM	HTML	census before	models	4	
21:09:07.486	7935.150	1A02MM	HTML	census before	sets	61	
21:09:07.487	7935.150	1A02MM	HTML	census before	tests	528	
21:09:07.487	7935.150	1A02MM	HTML	census before	results	2939	
21:09:07.487	7935.150	1A02MM	HTML	census before	views	2847	
21:09:08.721	7936.384	1A02MM	HTML	written	HTML	7032556	C:\\Users\\p003653k\\AppData\\Local\\NwcFederatorLoop\\runs\\04\\NMFed\\Clash Report\\C02\\1104-PAR-1A02MM-ZZZ-BM-MOD-000001.html
21:09:09.665	7937.329	1A02MM		census after	models	4	
21:09:09.666	7937.329	1A02MM		census after	sets	61	
21:09:09.666	7937.329	1A02MM		census after	tests	528	
21:09:09.666	7937.329	1A02MM		census after	results	2939	
21:09:09.666	7937.330	1A02MM		census after	views	2847	
21:09:09.667	7937.331	1A02MM		step finished	HTML	2.182	wrote 7032556 bytes
21:09:09.670	7937.333	1A02MM	NWD	step started	NWD	0	
21:09:09.674	7937.336	1A02MM	NWD	census before	models	4	
21:09:09.674	7937.337	1A02MM	NWD	census before	sets	61	
21:09:09.674	7937.337	1A02MM	NWD	census before	tests	528	
21:09:09.675	7937.337	1A02MM	NWD	census before	results	2939	
21:09:09.675	7937.337	1A02MM	NWD	census before	views	2847	
21:09:15.408	7943.070	1A02MM	NWD	written	NWD	45436864	C:\\Users\\p003653k\\AppData\\Local\\NwcFederatorLoop\\runs\\04\\NMFed\\NWD\\C02\\1104-PAR-1A02MM-ZZZ-BM-MOD-000001.nwd
21:09:15.412	7943.075	1A02MM		census after	models	4	
21:09:15.412	7943.075	1A02MM		census after	sets	61	
21:09:15.412	7943.075	1A02MM		census after	tests	528	
21:09:15.413	7943.076	1A02MM		census after	results	2939	
21:09:15.413	7943.076	1A02MM		census after	views	2847	
21:09:15.415	7943.078	1A02MM		step finished	NWD	5.739	published 45436864 bytes
21:09:15.417	7943.080	1A02MM	CONFIRM	step started	CONFIRM	0	
21:09:15.421	7943.084	1A02MM	CONFIRM	census before	models	4	
21:09:15.421	7943.084	1A02MM	CONFIRM	census before	sets	61	
21:09:15.421	7943.084	1A02MM	CONFIRM	census before	tests	528	
21:09:15.421	7943.085	1A02MM	CONFIRM	census before	results	2939	
21:09:15.422	7943.085	1A02MM	CONFIRM	census before	views	2847	
21:09:15.504	7943.167	1A02MM		census after	models	4	
21:09:15.504	7943.168	1A02MM		census after	sets	61	
21:09:15.505	7943.168	1A02MM		census after	tests	528	
21:09:15.505	7943.168	1A02MM		census after	results	2939	
21:09:15.505	7943.168	1A02MM		census after	views	2847	
21:09:15.507	7943.170	1A02MM		step finished	CONFIRM	0.08	the NWF is 41317271 bytes
21:09:15.520	7943.184	1A02MM		gap	Family	5878	it would belong in a workbook column of ours, which is Q25
21:09:15.521	7943.184	1A02MM		gap	Type Name	5878	it would belong in a workbook column of ours, which is Q25
21:09:15.521	7943.184	1A02MM		gap	Material	3156	it would belong in a workbook column of ours, which is Q25
21:09:15.521	7943.184	1A02MM		gap	Id From	5878	the ITEM IDS block counts it per property and no output names it per item
21:09:15.533	7943.196	1A02MM		step total	NWF SAVE	8.681	
21:09:15.534	7943.197	1A02MM		step total	TESTS CREATE	10.765	
21:09:15.534	7943.197	1A02MM		step total	TESTS RUN	118.48	
21:09:15.534	7943.197	1A02MM		step total	HARVEST	218.845	
21:09:15.534	7943.197	1A02MM		step total	IMAGES	196.851	
21:09:15.538	7943.201			group finished	1A02MM	7925.763	FAILED First run
21:09:15.569	7943.232			timing	VIEWS	7487.104	1 visits
21:09:15.569	7943.232			timing	HARVEST	218.845	528 visits
21:09:15.569	7943.232			timing	TESTS RUN	118.48	528 visits
21:09:15.570	7943.232			timing	TESTS CREATE	10.765	528 visits
21:09:15.570	7943.233			timing	NWF SAVE	8.681	2 visits
21:09:15.570	7943.233			timing	WORKBOOK	7.069	1 visits
21:09:15.570	7943.233			timing	NWD	5.739	1 visits
21:09:15.570	7943.233			timing	HTML	2.182	1 visits
21:09:15.571	7943.233			timing	APPEND	2.146	1 visits
21:09:15.571	7943.234			timing	SETS	0.912	1 visits
21:09:15.571	7943.234			timing	UNITS	0.211	1 visits
21:09:15.571	7943.234			timing	CONFIRM	0.08	1 visits
21:09:15.571	7943.234			timing	DECIDE	0.02	1 visits
21:09:15.572	7943.234			timing nested	IMAGES	196.851	2939 visits
21:09:15.615	7943.277			set across the run	lcop_selection_set_tree/Architecture/BLD-AR-Floors	0	found nothing in 0 of 1 group
21:09:15.615	7943.278			set across the run	lcop_selection_set_tree/Architecture/BLD-AR-Stairs	1	found nothing in 1 of 1 group
21:09:15.616	7943.278			set across the run	lcop_selection_set_tree/Architecture/BLD-AR-Ramps	1	found nothing in 1 of 1 group
21:09:15.616	7943.278			set across the run	lcop_selection_set_tree/Architecture/BLD-AR-Roofs	1	found nothing in 1 of 1 group
21:09:15.616	7943.278			set across the run	lcop_selection_set_tree/Architecture/BLD-AR-Ceilings	1	found nothing in 1 of 1 group
21:09:15.616	7943.279			set across the run	lcop_selection_set_tree/Architecture/BLD-AR-Columns	1	found nothing in 1 of 1 group
21:09:15.616	7943.279			set across the run	lcop_selection_set_tree/Architecture/BLD-AR-Walls	0	found nothing in 0 of 1 group
21:09:15.617	7943.279			set across the run	lcop_selection_set_tree/Architecture/BLD-AR-Windows	0	found nothing in 0 of 1 group
21:09:15.617	7943.279			set across the run	lcop_selection_set_tree/Architecture/BLD-AR-Curtain Panels	1	found nothing in 1 of 1 group
21:09:15.617	7943.279			set across the run	lcop_selection_set_tree/Architecture/BLD-AR-Curtain Mullions	0	found nothing in 0 of 1 group
21:09:15.617	7943.280			set across the run	lcop_selection_set_tree/Architecture/BLD-AR-Doors	0	found nothing in 0 of 1 group
21:09:15.618	7943.280			set across the run	lcop_selection_set_tree/Architecture/BLD-AR-Casework	1	found nothing in 1 of 1 group
21:09:15.618	7943.280			set across the run	lcop_selection_set_tree/Architecture/BLD-AR-Furniture	1	found nothing in 1 of 1 group
21:09:15.618	7943.280			set across the run	lcop_selection_set_tree/Architecture/BLD-AR-Parking	1	found nothing in 1 of 1 group
21:09:15.618	7943.281			set across the run	lcop_selection_set_tree/Architecture/BLD-AR-Railings	0	found nothing in 0 of 1 group
21:09:15.618	7943.281			set across the run	lcop_selection_set_tree/Architecture/BLD-AR-Site	1	found nothing in 1 of 1 group
21:09:15.619	7943.281			set across the run	lcop_selection_set_tree/Structure/BLD-ST-Foundation	0	found nothing in 0 of 1 group
21:09:15.619	7943.281			set across the run	lcop_selection_set_tree/Structure/BLD-ST-Columns	0	found nothing in 0 of 1 group
21:09:15.619	7943.281			set across the run	lcop_selection_set_tree/Structure/BLD-ST-Framing	0	found nothing in 0 of 1 group
21:09:15.619	7943.282			set across the run	lcop_selection_set_tree/Structure/BLD-ST-Walls	0	found nothing in 0 of 1 group
21:09:15.619	7943.282			set across the run	lcop_selection_set_tree/Structure/BLD-ST-Floors	0	found nothing in 0 of 1 group
21:09:15.619	7943.282			set across the run	lcop_selection_set_tree/Structure/BLD-ST-Stair	0	found nothing in 0 of 1 group
21:09:15.620	7943.282			set across the run	lcop_selection_set_tree/Mechanical/Mechanical-HVAC/BLD-ME-Ducts&Duct Fittings	0	found nothing in 0 of 1 group
21:09:15.620	7943.282			set across the run	lcop_selection_set_tree/Mechanical/Mechanical-HVAC/BLD-ME-Duct Accessory	0	found nothing in 0 of 1 group
21:09:15.620	7943.282			set across the run	lcop_selection_set_tree/Mechanical/Mechanical-HVAC/BLD-ME-Mechanical Equipment	0	found nothing in 0 of 1 group
21:09:15.620	7943.283			set across the run	lcop_selection_set_tree/Mechanical/Mechanical-HVAC/BLD-ME-Flex Ducts	1	found nothing in 1 of 1 group
21:09:15.620	7943.283			set across the run	lcop_selection_set_tree/Mechanical/Mechanical-HVAC/BLD-ME-Air Terminals	0	found nothing in 0 of 1 group
21:09:15.621	7943.283			set across the run	lcop_selection_set_tree/Mechanical/Mechanical-HVAC/BLD-ME-Pipes&Pipe Fittings	0	found nothing in 0 of 1 group
21:09:15.621	7943.283			set across the run	lcop_selection_set_tree/Mechanical/Mechanical-HVAC/BLD-ME-Pipe Accessories	1	found nothing in 1 of 1 group
21:09:15.621	7943.283			set across the run	lcop_selection_set_tree/Mechanical/Mechanical-HVAC/BLD-ME-Plumbing Fixtures	1	found nothing in 1 of 1 group
21:09:15.621	7943.284			set across the run	lcop_selection_set_tree/Mechanical/Mechanical-HVAC/BLD-ME-Flex Pipes	1	found nothing in 1 of 1 group
21:09:15.621	7943.284			set across the run	lcop_selection_set_tree/Mechanical/Mechanical-Fire Fighting/BLD-FF-Mechanical Equipment	1	found nothing in 1 of 1 group
21:09:15.621	7943.284			set across the run	lcop_selection_set_tree/Mechanical/Mechanical-Fire Fighting/BLD-FF-Pipes & Pipe Fittings	1	found nothing in 1 of 1 group
21:09:15.622	7943.284			set across the run	lcop_selection_set_tree/Mechanical/Mechanical-Fire Fighting/BLD-FF-Pipe Accessories	1	found nothing in 1 of 1 group
21:09:15.622	7943.284			set across the run	lcop_selection_set_tree/Mechanical/Mechanical-Fire Fighting/BLD-FF-Pipe Insulations	1	found nothing in 1 of 1 group
21:09:15.622	7943.284			set across the run	lcop_selection_set_tree/Mechanical/Mechanical-Fire Fighting/BLD-FF-Plumbing Fixtures	1	found nothing in 1 of 1 group
21:09:15.622	7943.285			set across the run	lcop_selection_set_tree/Mechanical/Mechanical-Fire Fighting/BLD-FF-Sprinklers	1	found nothing in 1 of 1 group
21:09:15.622	7943.285			set across the run	lcop_selection_set_tree/Mechanical/Mechanical-Water Supply/BLD-PL-Mechanical Equipment	0	found nothing in 0 of 1 group
21:09:15.623	7943.285			set across the run	lcop_selection_set_tree/Mechanical/Mechanical-Water Supply/BLD-PL-Pipes & Pipe Fittings	0	found nothing in 0 of 1 group
21:09:15.623	7943.285			set across the run	lcop_selection_set_tree/Mechanical/Mechanical-Water Supply/BLD-PL-Pipe Accessories	0	found nothing in 0 of 1 group
21:09:15.623	7943.286			set across the run	lcop_selection_set_tree/Mechanical/Mechanical-Water Supply/BLD-PL-Pipe Insulations	1	found nothing in 1 of 1 group
21:09:15.623	7943.286			set across the run	lcop_selection_set_tree/Mechanical/Mechanical-Water Supply/BLD-PL-Plumbing Fixtures	0	found nothing in 0 of 1 group
21:09:15.624	7943.286			set across the run	lcop_selection_set_tree/Mechanical/Mechanical-Drainage/BLD-DR-Mechanical Equipment	1	found nothing in 1 of 1 group
21:09:15.624	7943.286			set across the run	lcop_selection_set_tree/Mechanical/Mechanical-Drainage/BLD-DR-Pipes & Pipe Fittings	0	found nothing in 0 of 1 group
21:09:15.624	7943.286			set across the run	lcop_selection_set_tree/Mechanical/Mechanical-Drainage/BLD-DR-Pipe Accessories	1	found nothing in 1 of 1 group
21:09:15.624	7943.287			set across the run	lcop_selection_set_tree/Mechanical/Mechanical-Drainage/BLD-DR-Pipe Insulations	1	found nothing in 1 of 1 group
21:09:15.624	7943.287			set across the run	lcop_selection_set_tree/Mechanical/Mechanical-Drainage/BLD-DR-Plumbing Fixtures	0	found nothing in 0 of 1 group
21:09:15.624	7943.287			set across the run	lcop_selection_set_tree/Electrical/BLD-EL-Cable Tray&Cable Tray Fittings	0	found nothing in 0 of 1 group
21:09:15.625	7943.287			set across the run	lcop_selection_set_tree/Electrical/BLD-EL-Electrical Equipment	0	found nothing in 0 of 1 group
21:09:15.625	7943.287			set across the run	lcop_selection_set_tree/Electrical/BLD-EL-Electrical Fixtures	0	found nothing in 0 of 1 group
21:09:15.625	7943.287			set across the run	lcop_selection_set_tree/Electrical/BLD-EL-Conduits & Conduit Fittings	0	found nothing in 0 of 1 group
21:09:15.625	7943.288			set across the run	lcop_selection_set_tree/Electrical/BLD-EL-Devices	1	found nothing in 1 of 1 group
21:09:15.625	7943.288			set across the run	lcop_selection_set_tree/Electrical/BLD-EL-Lighting Fixtures	0	found nothing in 0 of 1 group
21:09:15.625	7943.288			set across the run	lcop_selection_set_tree/Electrical/BLD-EL-Lighting Devices	0	found nothing in 0 of 1 group
21:09:15.626	7943.288			set across the run	lcop_selection_set_tree/Electrical/BLD-EL-Fire Alarm Devices	0	found nothing in 0 of 1 group
21:09:15.626	7943.288			set across the run	lcop_selection_set_tree/Electrical/BLD-EL-Telecom Equipment	1	found nothing in 1 of 1 group
21:09:15.626	7943.288			set across the run	lcop_selection_set_tree/Electrical/BLD-EL-Telecom Fixtures	1	found nothing in 1 of 1 group
21:09:15.626	7943.289			set across the run	lcop_selection_set_tree/Electrical/BLD-Security Devices	0	found nothing in 0 of 1 group
21:09:15.626	7943.289			set across the run	lcop_selection_set_tree/Electrical/BLD-EL-Communication Devices	0	found nothing in 0 of 1 group
21:09:15.626	7943.289			set across the run	lcop_selection_set_tree/Electrical/BLD-EL-Telephone Devices	1	found nothing in 1 of 1 group
21:09:15.627	7943.289			set across the run	lcop_selection_set_tree/Electrical/BLD-EL-Data Devices	0	found nothing in 0 of 1 group
