index_path	depth	kind	children	comments	redlines	guid	legacy	why	folder_path	name
0	0	folder	11	0		00000000-0000-0000-0000-000000000000	no	2 not a viewpoint		PAR-AR-VEW-3D View
0.0	1	viewpoint		0	0	00000000-0000-0000-0000-000000000000	no	1 no sorted code pair folder where one belongs	PAR-AR-VEW-3D View	Navisworks export
0.1	1	viewpoint		0	0	00000000-0000-0000-0000-000000000000	no	1 no sorted code pair folder where one belongs	PAR-AR-VEW-3D View	{3D - Ammarmarwanho.Homsi.Contractor}
0.2	1	viewpoint		0	0	00000000-0000-0000-0000-000000000000	no	1 no sorted code pair folder where one belongs	PAR-AR-VEW-3D View	{3D - Omar.Almahamee.Contractor}
0.3	1	viewpoint		0	0	00000000-0000-0000-0000-000000000000	no	1 no sorted code pair folder where one belongs	PAR-AR-VEW-3D View	{3D - anas.alqahtany}
0.4	1	viewpoint		0	0	00000000-0000-0000-0000-000000000000	no	1 no sorted code pair folder where one belongs	PAR-AR-VEW-3D View	{3D - p007186G}
0.5	1	viewpoint		0	0	00000000-0000-0000-0000-000000000000	no	1 no sorted code pair folder where one belongs	PAR-AR-VEW-3D View	{3D - ali.aljobarah}
0.6	1	viewpoint		0	0	00000000-0000-0000-0000-000000000000	no	1 no sorted code pair folder where one belongs	PAR-AR-VEW-3D View	{3D - Sarah.Albokhari}
0.7	1	viewpoint		0	0	00000000-0000-0000-0000-000000000000	no	1 no sorted code pair folder where one belongs	PAR-AR-VEW-3D View	{3D - alaa.alsasi}
0.8	1	viewpoint		0	0	00000000-0000-0000-0000-000000000000	no	1 no sorted code pair folder where one belongs	PAR-AR-VEW-3D View	{3D - Mohammed.AlsabbanEB8XR}
0.9	1	viewpoint		0	0	00000000-0000-0000-0000-000000000000	no	1 no sorted code pair folder where one belongs	PAR-AR-VEW-3D View	{3D - hazim.alghamdi6DVG4}
0.10	1	viewpoint		0	0	00000000-0000-0000-0000-000000000000	no	1 no sorted code pair folder where one belongs	PAR-AR-VEW-3D View	{3D - Ayah.Afeef}
1	0	folder	8	0		00000000-0000-0000-0000-000000000000	no	2 not a viewpoint		3D View
1.0	1	viewpoint		0	0	00000000-0000-0000-0000-000000000000	no	1 no sorted code pair folder where one belongs	3D View	ISOMETERIC VIEW
1.1	1	viewpoint		0	0	00000000-0000-0000-0000-000000000000	no	1 no sorted code pair folder where one belongs	3D View	Export_Navisworks
1.2	1	viewpoint		0	0	00000000-0000-0000-0000-000000000000	no	1 no sorted code pair folder where one belongs	3D View	{3D - ahmed.elbehidy}
1.3	1	viewpoint		0	0	00000000-0000-0000-0000-000000000000	no	1 no sorted code pair folder where one belongs	3D View	{3D - Omar.Alkhatib.contractor}
1.4	1	viewpoint		0	0	00000000-0000-0000-0000-000000000000	no	1 no sorted code pair folder where one belongs	3D View	{3D - khallad.Ibrahim}
1.5	1	viewpoint		0	0	00000000-0000-0000-0000-000000000000	no	1 no sorted code pair folder where one belongs	3D View	{3D - Mohammedtaher.Ali}
1.6	1	viewpoint		0	0	00000000-0000-0000-0000-000000000000	no	1 no sorted code pair folder where one belongs	3D View	ELEC ROOM ISOMETERIC VIEW
1.7	1	viewpoint		0	0	00000000-0000-0000-0000-000000000000	no	1 no sorted code pair folder where one belongs	3D View	GENERATOR ROOM ISOMETERIC VIEW
2	0	folder	9	0		00000000-0000-0000-0000-000000000000	no	2 not a viewpoint		MEC-MEC-3D VIEW-PAR
2.0	1	viewpoint		0	0	00000000-0000-0000-0000-000000000000	no	1 no sorted code pair folder where one belongs	MEC-MEC-3D VIEW-PAR	NAVISWORK
2.1	1	viewpoint		0	0	00000000-0000-0000-0000-000000000000	no	1 no sorted code pair folder where one belongs	MEC-MEC-3D VIEW-PAR	{3D - ramy.zidanRVAC6}
2.2	1	viewpoint		0	0	00000000-0000-0000-0000-000000000000	no	1 no sorted code pair folder where one belongs	MEC-MEC-3D VIEW-PAR	{3D - ramy.zidanRVAC6} Copy 1
2.3	1	viewpoint		0	0	00000000-0000-0000-0000-000000000000	no	1 no sorted code pair folder where one belongs	MEC-MEC-3D VIEW-PAR	{3D - Moamen.Abdo}
2.4	1	viewpoint		0	0	00000000-0000-0000-0000-000000000000	no	1 no sorted code pair folder where one belongs	MEC-MEC-3D VIEW-PAR	Analytical Spaces
2.5	1	viewpoint		0	0	00000000-0000-0000-0000-000000000000	no	1 no sorted code pair folder where one belongs	MEC-MEC-3D VIEW-PAR	System-Zones
2.6	1	viewpoint		0	0	00000000-0000-0000-0000-000000000000	no	1 no sorted code pair folder where one belongs	MEC-MEC-3D VIEW-PAR	{3D - ahmed.Khattab5275X}
2.7	1	viewpoint		0	0	00000000-0000-0000-0000-000000000000	no	1 no sorted code pair folder where one belongs	MEC-MEC-3D VIEW-PAR	AHU Isometric
2.8	1	viewpoint		0	0	00000000-0000-0000-0000-000000000000	no	1 no sorted code pair folder where one belongs	MEC-MEC-3D VIEW-PAR	{3D - Moamen.Abdo} Copy 1
3	0	folder	6	0		00000000-0000-0000-0000-000000000000	no	2 not a viewpoint		PAR-ST-3D View
3.0	1	viewpoint		0	0	00000000-0000-0000-0000-000000000000	no	1 no sorted code pair folder where one belongs	PAR-ST-3D View	ISOMETRIC VIEW
3.1	1	viewpoint		0	0	00000000-0000-0000-0000-000000000000	no	1 no sorted code pair folder where one belongs	PAR-ST-3D View	Navis
3.2	1	viewpoint		0	0	00000000-0000-0000-0000-000000000000	no	1 no sorted code pair folder where one belongs	PAR-ST-3D View	{3D - Amer.AlzahraniJ4GAB}
3.3	1	viewpoint		0	0	00000000-0000-0000-0000-000000000000	no	1 no sorted code pair folder where one belongs	PAR-ST-3D View	{3D - favas.palat}
3.4	1	viewpoint		0	0	00000000-0000-0000-0000-000000000000	no	1 no sorted code pair folder where one belongs	PAR-ST-3D View	{3D - mohdshoeb.Saifi}
3.5	1	viewpoint		0	0	00000000-0000-0000-0000-000000000000	no	1 no sorted code pair folder where one belongs	PAR-ST-3D View	{3D - Asif.SadiqJJ9CL}
4	0	folder	2617	0		00000000-0000-0000-0000-000000000000	no	2 not a viewpoint		AR vs AR
4.0	1	viewpoint		0	0	00000000-0000-0000-0000-000000000000	legacy		AR vs AR	BLD-AR-Curtain Mullions-vs-BLD-AR-Walls  Clash1
4.1	1	viewpoint		0	0	00000000-0000-0000-0000-000000000000	legacy		AR vs AR	BLD-AR-Curtain Mullions-vs-BLD-AR-Walls  Clash2
4.2	1	viewpoint		0	0	00000000-0000-0000-0000-000000000000	legacy		AR vs AR	BLD-AR-Curtain Mullions-vs-BLD-AR-Walls  Clash3
4.3	1	viewpoint		0	0	00000000-0000-0000-0000-000000000000	legacy		AR vs AR	BLD-AR-Curtain Mullions-vs-BLD-AR-Walls  Clash4
4.4	1	viewpoint		0	0	00000000-0000-0000-0000-000000000000	legacy		AR vs AR	BLD-AR-Curtain Mullions-vs-BLD-AR-Walls  Clash5
4.5	1	viewpoint		0	0	00000000-0000-0000-0000-000000000000	legacy		AR vs AR	BLD-AR-Curtain Mullions-vs-BLD-AR-Walls  Clash6
4.6	1	viewpoint		0	0	00000000-0000-0000-0000-000000000000	legacy		AR vs AR	BLD-AR-Curtain Mullions-vs-BLD-AR-Walls  Clash7
4.7	1	viewpoint		0	0	00000000-0000-0000-0000-000000000000	legacy		AR vs AR	BLD-AR-Curtain Mullions-vs-BLD-AR-Walls  Clash8
4.8	1	viewpoint		0	0	00000000-0000-0000-0000-000000000000	legacy		AR vs AR	BLD-AR-Curtain Mullions-vs-BLD-AR-Walls  Clash9
4.9	1	viewpoint		0	0	00000000-0000-0000-0000-000000000000	legacy		AR vs AR	BLD-AR-Curtain Mullions-vs-BLD-AR-Walls  Clash10
4.10	1	viewpoint		0	0	00000000-0000-0000-0000-000000000000	legacy		AR vs AR	BLD-AR-Curtain Mullions-vs-BLD-AR-Walls  Clash11
4.11	1	viewpoint		0	0	00000000-0000-0000-0000-000000000000	legacy		AR vs AR	BLD-AR-Curtain Mullions-vs-BLD-AR-Walls  Clash12
4.12	1	viewpoint		0	0	00000000-0000-0000-0000-000000000000	legacy		AR vs AR	BLD-AR-Curtain Mullions-vs-BLD-AR-Walls  Clash13
4.13	1	viewpoint		0	0	00000000-0000-0000-0000-000000000000	legacy		AR vs AR	BLD-AR-Curtain Mullions-vs-BLD-AR-Walls  Clash14
4.14	1	viewpoint		0	0	00000000-0000-0000-0000-000000000000	legacy		AR vs AR	BLD-AR-Curtain Mullions-vs-BLD-AR-Walls  Clash15
4.15	1	viewpoint		0	0	00000000-0000-0000-0000-000000000000	legacy		AR vs AR	BLD-AR-Curtain Mullions-vs-BLD-AR-Walls  Clash16
4.16	1	viewpoint		0	0	00000000-0000-0000-0000-000000000000	legacy		AR vs AR	BLD-AR-Curtain Mullions-vs-BLD-AR-Walls  Clash17
4.17	1	viewpoint		0	0	00000000-0000-0000-0000-000000000000	legacy		AR vs AR	BLD-AR-Curtain Mullions-vs-BLD-AR-Walls  Clash18
4.18	1	viewpoint		0	0	00000000-0000-0000-0000-000000000000	legacy		AR vs AR	BLD-AR-Curtain Mullions-vs-BLD-AR-Walls  Clash19
4.19	1	viewpoint		0	0	00000000-0000-0000-0000-000000000000	legacy		AR vs AR	BLD-AR-Curtain Mullions-vs-BLD-AR-Walls  Clash20
4.20	1	viewpoint		0	0	00000000-0000-0000-0000-000000000000	legacy		AR vs AR	BLD-AR-Curtain Mullions-vs-BLD-AR-Walls  Clash21
4.21	1	viewpoint		0	0	00000000-0000-0000-0000-000000000000	legacy		AR vs AR	BLD-AR-Curtain Mullions-vs-BLD-AR-Walls  Clash22
4.22	1	viewpoint		0	0	00000000-0000-0000-0000-000000000000	legacy		AR vs AR	BLD-AR-Curtain Mullions-vs-BLD-AR-Walls  Clash23
4.23	1	viewpoint		0	0	00000000-0000-0000-0000-000000000000	legacy		AR vs AR	BLD-AR-Curtain Mullions-vs-BLD-AR-Walls  Clash24
4.24	1	viewpoint		0	0	00000000-0000-0000-0000-000000000000	legacy		AR vs AR	BLD-AR-Curtain Mullions-vs-BLD-AR-Windows  Clash1
4.25	1	viewpoint		0	0	00000000-0000-0000-0000-000000000000	legacy		AR vs AR	BLD-AR-Curtain Mullions-vs-BLD-AR-Windows  Clash2
4.26	1	viewpoint		0	0	00000000-0000-0000-0000-000000000000	legacy		AR vs AR	BLD-AR-Curtain Mullions-vs-BLD-AR-Windows  Clash3
4.27	1	viewpoint		0	0	00000000-0000-0000-0000-000000000000	legacy		AR vs AR	BLD-AR-Curtain Mullions-vs-BLD-AR-Windows  Clash4
4.28	1	viewpoint		0	0	00000000-0000-0000-0000-000000000000	legacy		AR vs AR	BLD-AR-Curtain Mullions-vs-BLD-AR-Windows  Clash5
4.29	1	viewpoint		0	0	00000000-0000-0000-0000-000000000000	legacy		AR vs AR	BLD-AR-Curtain Mullions-vs-BLD-AR-Windows  Clash6
4.30	1	viewpoint		0	0	00000000-0000-0000-0000-000000000000	legacy		AR vs AR	BLD-AR-Curtain Mullions-vs-BLD-AR-Windows  Clash7
4.31	1	viewpoint		0	0	00000000-0000-0000-0000-000000000000	legacy		AR vs AR	BLD-AR-Curtain Mullions-vs-BLD-AR-Windows  Clash8
4.32	1	viewpoint		0	0	00000000-0000-0000-0000-000000000000	legacy		AR vs AR	BLD-AR-Curtain Mullions-vs-BLD-AR-Windows  Clash9
4.33	1	viewpoint		0	0	00000000-0000-0000-0000-000000000000	legacy		AR vs AR	BLD-AR-Curtain Mullions-vs-BLD-AR-Windows  Clash10
4.34	1	viewpoint		0	0	00000000-0000-0000-0000-000000000000	legacy		AR vs AR	BLD-AR-Curtain Mullions-vs-BLD-AR-Windows  Clash11
4.35	1	viewpoint		0	0	00000000-0000-0000-0000-000000000000	legacy		AR vs AR	BLD-AR-Curtain Mullions-vs-BLD-AR-Windows  Clash12
4.36	1	viewpoint		0	0	00000000-0000-0000-0000-000000000000	legacy		AR vs AR	BLD-AR-Curtain Mullions-vs-BLD-AR-Windows  Clash13
4.37	1	viewpoint		0	0	00000000-0000-0000-0000-000000000000	legacy		AR vs AR	BLD-AR-Curtain Mullions-vs-BLD-AR-Windows  Clash14
4.38	1	viewpoint		0	0	00000000-0000-0000-0000-000000000000	legacy		AR vs AR	BLD-AR-Curtain Mullions-vs-BLD-AR-Windows  Clash15
4.39	1	viewpoint		0	0	00000000-0000-0000-0000-000000000000	legacy		AR vs AR	BLD-AR-Curtain Mullions-vs-BLD-AR-Windows  Clash16
4.40	1	viewpoint		0	0	00000000-0000-0000-0000-000000000000	legacy		AR vs AR	BLD-AR-Curtain Mullions-vs-BLD-AR-Windows  Clash17
4.41	1	viewpoint		0	0	00000000-0000-0000-0000-000000000000	legacy		AR vs AR	BLD-AR-Curtain Mullions-vs-BLD-AR-Windows  Clash18
4.42	1	viewpoint		0	0	00000000-0000-0000-0000-000000000000	legacy		AR vs AR	BLD-AR-Curtain Mullions-vs-BLD-AR-Windows  Clash19
4.43	1	viewpoint		0	0	00000000-0000-0000-0000-000000000000	legacy		AR vs AR	BLD-AR-Curtain Mullions-vs-BLD-AR-Windows  Clash20
4.44	1	viewpoint		0	0	00000000-0000-0000-0000-000000000000	legacy		AR vs AR	BLD-AR-Curtain Mullions-vs-BLD-AR-Windows  Clash21
4.45	1	viewpoint		0	0	00000000-0000-0000-0000-000000000000	legacy		AR vs AR	BLD-AR-Curtain Mullions-vs-BLD-AR-Windows  Clash22
4.46	1	viewpoint		0	0	00000000-0000-0000-0000-000000000000	legacy		AR vs AR	BLD-AR-Curtain Mullions-vs-BLD-AR-Windows  Clash23
4.47	1	viewpoint		0	0	00000000-0000-0000-0000-000000000000	legacy		AR vs AR	BLD-AR-Curtain Mullions-vs-BLD-AR-Windows  Clash24
4.48	1	viewpoint		0	0	00000000-0000-0000-0000-000000000000	legacy		AR vs AR	BLD-AR-Curtain Mullions-vs-BLD-AR-Windows  Clash25
4.49	1	viewpoint		0	0	00000000-0000-0000-0000-000000000000	legacy		AR vs AR	BLD-AR-Curtain Mullions-vs-BLD-AR-Windows  Clash26
4.50	1	viewpoint		0	0	00000000-0000-0000-0000-000000000000	legacy		AR vs AR	BLD-AR-Curtain Mullions-vs-BLD-AR-Windows  Clash27
4.51	1	viewpoint		0	0	00000000-0000-0000-0000-000000000000	legacy		AR vs AR	BLD-AR-Curtain Mullions-vs-BLD-AR-Windows  Clash28
4.52	1	viewpoint		0	0	00000000-0000-0000-0000-000000000000	legacy		AR vs AR	BLD-AR-Curtain Mullions-vs-BLD-AR-Windows  Clash29
4.53	1	viewpoint		0	0	00000000-0000-0000-0000-000000000000	legacy		AR vs AR	BLD-AR-Curtain Mullions-vs-BLD-AR-Windows  Clash30
4.54	1	viewpoint		0	0	00000000-0000-0000-0000-000000000000	legacy		AR vs AR	BLD-AR-Curtain Mullions-vs-BLD-AR-Windows  Clash31
4.55	1	viewpoint		0	0	00000000-0000-0000-0000-000000000000	legacy		AR vs AR	BLD-AR-Curtain Mullions-vs-BLD-AR-Windows  Clash32
4.56	1	viewpoint		0	0	00000000-0000-0000-0000-000000000000	legacy		AR vs AR	BLD-AR-Curtain Mullions-vs-BLD-AR-Windows  Clash33
4.57	1	viewpoint		0	0	00000000-0000-0000-0000-000000000000	legacy		AR vs AR	BLD-AR-Curtain Mullions-vs-BLD-AR-Windows  Clash34
4.58	1	viewpoint		0	0	00000000-0000-0000-0000-000000000000	legacy		AR vs AR	BLD-AR-Curtain Mullions-vs-BLD-AR-Windows  Clash35
4.59	1	viewpoint		0	0	00000000-0000-0000-0000-000000000000	legacy		AR vs AR	BLD-AR-Curtain Mullions-vs-BLD-AR-Windows  Clash36
4.60	1	viewpoint		0	0	00000000-0000-0000-0000-000000000000	legacy		AR vs AR	BLD-AR-Curtain Mullions-vs-BLD-AR-Windows  Clash37
4.61	1	viewpoint		0	0	00000000-0000-0000-0000-000000000000	legacy		AR vs AR	BLD-AR-Curtain Mullions-vs-BLD-AR-Windows  Clash38
4.62	1	viewpoint		0	0	00000000-0000-0000-0000-000000000000	legacy		AR vs AR	BLD-AR-Curtain Mullions-vs-BLD-AR-Windows  Clash39
4.63	1	viewpoint		0	0	00000000-0000-0000-0000-000000000000	legacy		AR vs AR	BLD-AR-Curtain Mullions-vs-BLD-AR-Windows  Clash40
4.64	1	viewpoint		0	0	00000000-0000-0000-0000-000000000000	legacy		AR vs AR	BLD-AR-Curtain Mullions-vs-BLD-AR-Windows  Clash41
4.65	1	viewpoint		0	0	00000000-0000-0000-0000-000000000000	legacy		AR vs AR	BLD-AR-Curtain Mullions-vs-BLD-AR-Windows  Clash42
4.66	1	viewpoint		0	0	00000000-0000-0000-0000-000000000000	legacy		AR vs AR	BLD-AR-Curtain Mullions-vs-BLD-AR-Windows  Clash43
4.67	1	viewpoint		0	0	00000000-0000-0000-0000-000000000000	legacy		AR vs AR	BLD-AR-Curtain Mullions-vs-BLD-AR-Windows  Clash44
4.68	1	viewpoint		0	0	00000000-0000-0000-0000-000000000000	legacy		AR vs AR	BLD-AR-Curtain Mullions-vs-BLD-AR-Windows  Clash45
4.69	1	viewpoint		0	0	00000000-0000-0000-0000-000000000000	legacy		AR vs AR	BLD-AR-Curtain Mullions-vs-BLD-AR-Windows  Clash46
4.70	1	viewpoint		0	0	00000000-0000-0000-0000-000000000000	legacy		AR vs AR	BLD-AR-Curtain Mullions-vs-BLD-AR-Windows  Clash47
4.71	1	viewpoint		0	0	00000000-0000-0000-0000-000000000000	legacy		AR vs AR	BLD-AR-Curtain Mullions-vs-BLD-AR-Windows  Clash48
4.72	1	viewpoint		0	0	00000000-0000-0000-0000-000000000000	legacy		AR vs AR	BLD-AR-Curtain Mullions-vs-BLD-AR-Windows  Clash49
4.73	1	viewpoint		0	0	00000000-0000-0000-0000-000000000000	legacy		AR vs AR	BLD-AR-Curtain Mullions-vs-BLD-AR-Windows  Clash50
4.74	1	viewpoint		0	0	00000000-0000-0000-0000-000000000000	legacy		AR vs AR	BLD-AR-Curtain Mullions-vs-BLD-AR-Windows  Clash51
4.75	1	viewpoint		0	0	00000000-0000-0000-0000-000000000000	legacy		AR vs AR	BLD-AR-Curtain Mullions-vs-BLD-AR-Windows  Clash52
4.76	1	viewpoint		0	0	00000000-0000-0000-0000-000000000000	legacy		AR vs AR	BLD-AR-Curtain Mullions-vs-BLD-AR-Windows  Clash53
4.77	1	viewpoint		0	0	00000000-0000-0000-0000-000000000000	legacy		AR vs AR	BLD-AR-Curtain Mullions-vs-BLD-AR-Windows  Clash54
4.78	1	viewpoint		0	0	00000000-0000-0000-0000-000000000000	legacy		AR vs AR	BLD-AR-Curtain Mullions-vs-BLD-AR-Windows  Clash55
4.79	1	viewpoint		0	0	00000000-0000-0000-0000-000000000000	legacy		AR vs AR	BLD-AR-Curtain Mullions-vs-BLD-AR-Windows  Clash56
4.80	1	viewpoint		0	0	00000000-0000-0000-0000-000000000000	legacy		AR vs AR	BLD-AR-Curtain Mullions-vs-BLD-AR-Windows  Clash57
4.81	1	viewpoint		0	0	00000000-0000-0000-0000-000000000000	legacy		AR vs AR	BLD-AR-Curtain Mullions-vs-BLD-AR-Windows  Clash58
4.82	1	viewpoint		0	0	00000000-0000-0000-0000-000000000000	legacy		AR vs AR	BLD-AR-Curtain Mullions-vs-BLD-AR-Windows  Clash59
4.83	1	viewpoint		0	0	00000000-0000-0000-0000-000000000000	legacy		AR vs AR	BLD-AR-Curtain Mullions-vs-BLD-AR-Windows  Clash60
4.84	1	viewpoint		0	0	00000000-0000-0000-0000-000000000000	legacy		AR vs AR	BLD-AR-Curtain Mullions-vs-BLD-AR-Windows  Clash61
4.85	1	viewpoint		0	0	00000000-0000-0000-0000-000000000000	legacy		AR vs AR	BLD-AR-Curtain Mullions-vs-BLD-AR-Windows  Clash62
4.86	1	viewpoint		0	0	00000000-0000-0000-0000-000000000000	legacy		AR vs AR	BLD-AR-Curtain Mullions-vs-BLD-AR-Windows  Clash63
4.87	1	viewpoint		0	0	00000000-0000-0000-0000-000000000000	legacy		AR vs AR	BLD-AR-Curtain Mullions-vs-BLD-AR-Windows  Clash64
4.88	1	viewpoint		0	0	00000000-0000-0000-0000-000000000000	legacy		AR vs AR	BLD-AR-Curtain Mullions-vs-BLD-AR-Windows  Clash65
4.89	1	viewpoint		0	0	00000000-0000-0000-0000-000000000000	legacy		AR vs AR	BLD-AR-Curtain Mullions-vs-BLD-AR-Windows  Clash66
4.90	1	viewpoint		0	0	00000000-0000-0000-0000-000000000000	legacy		AR vs AR	BLD-AR-Curtain Mullions-vs-BLD-AR-Windows  Clash67
4.91	1	viewpoint		0	0	00000000-0000-0000-0000-000000000000	legacy		AR vs AR	BLD-AR-Curtain Mullions-vs-BLD-AR-Windows  Clash68
4.92	1	viewpoint		0	0	00000000-0000-0000-0000-000000000000	legacy		AR vs AR	BLD-AR-Curtain Mullions-vs-BLD-AR-Windows  Clash69
4.93	1	viewpoint		0	0	00000000-0000-0000-0000-000000000000	legacy		AR vs AR	BLD-AR-Curtain Mullions-vs-BLD-AR-Windows  Clash70
4.94	1	viewpoint		0	0	00000000-0000-0000-0000-000000000000	legacy		AR vs AR	BLD-AR-Curtain Mullions-vs-BLD-AR-Windows  Clash71
4.95	1	viewpoint		0	0	00000000-0000-0000-0000-000000000000	legacy		AR vs AR	BLD-AR-Curtain Mullions-vs-BLD-AR-Windows  Clash72
4.96	1	viewpoint		0	0	00000000-0000-0000-0000-000000000000	legacy		AR vs AR	BLD-AR-Curtain Mullions-vs-BLD-AR-Windows  Clash73
4.97	1	viewpoint		0	0	00000000-0000-0000-0000-000000000000	legacy		AR vs AR	BLD-AR-Curtain Mullions-vs-BLD-AR-Windows  Clash74
4.98	1	viewpoint		0	0	00000000-0000-0000-0000-000000000000	legacy		AR vs AR	BLD-AR-Curtain Mullions-vs-BLD-AR-Windows  Clash75
4.99	1	viewpoint		0	0	00000000-0000-0000-0000-000000000000	legacy		AR vs AR	BLD-AR-Curtain Mullions-vs-BLD-AR-Windows  Clash76
4.100	1	viewpoint		0	0	00000000-0000-0000-0000-000000000000	legacy		AR vs AR	BLD-AR-Curtain Mullions-vs-BLD-AR-Windows  Clash77
4.101	1	viewpoint		0	0	00000000-0000-0000-0000-000000000000	legacy		AR vs AR	BLD-AR-Curtain Mullions-vs-BLD-AR-Windows  Clash78
4.102	1	viewpoint		0	0	00000000-0000-0000-0000-000000000000	legacy		AR vs AR	BLD-AR-Curtain Mullions-vs-BLD-AR-Windows  Clash79
4.103	1	viewpoint		0	0	00000000-0000-0000-0000-000000000000	legacy		AR vs AR	BLD-AR-Curtain Mullions-vs-BLD-AR-Windows  Clash80
4.104	1	viewpoint		0	0	00000000-0000-0000-0000-000000000000	legacy		AR vs AR	BLD-AR-Curtain Mullions-vs-BLD-AR-Windows  Clash81
4.105	1	viewpoint		0	0	00000000-0000-0000-0000-000000000000	legacy		AR vs AR	BLD-AR-Curtain Mullions-vs-BLD-AR-Windows  Clash82
4.106	1	viewpoint		0	0	00000000-0000-0000-0000-000000000000	legacy		AR vs AR	BLD-AR-Curtain Mullions-vs-BLD-AR-Windows  Clash83
4.107	1	viewpoint		0	0	00000000-0000-0000-0000-000000000000	legacy		AR vs AR	BLD-AR-Curtain Mullions-vs-BLD-AR-Windows  Clash84
4.108	1	viewpoint		0	0	00000000-0000-0000-0000-000000000000	legacy		AR vs AR	BLD-AR-Curtain Mullions-vs-BLD-AR-Windows  Clash85
4.109	1	viewpoint		0	0	00000000-0000-0000-0000-000000000000	legacy		AR vs AR	BLD-AR-Curtain Mullions-vs-BLD-AR-Windows  Clash86
4.110	1	viewpoint		0	0	00000000-0000-0000-0000-000000000000	legacy		AR vs AR	BLD-AR-Curtain Mullions-vs-BLD-AR-Windows  Clash87
4.111	1	viewpoint		0	0	00000000-0000-0000-0000-000000000000	legacy		AR vs AR	BLD-AR-Curtain Mullions-vs-BLD-AR-Windows  Clash88
4.112	1	viewpoint		0	0	00000000-0000-0000-0000-000000000000	legacy		AR vs AR	BLD-AR-Curtain Mullions-vs-BLD-AR-Windows  Clash89
4.113	1	viewpoint		0	0	00000000-0000-0000-0000-000000000000	legacy		AR vs AR	BLD-AR-Curtain Mullions-vs-BLD-AR-Windows  Clash90
4.114	1	viewpoint		0	0	00000000-0000-0000-0000-000000000000	legacy		AR vs AR	BLD-AR-Curtain Mullions-vs-BLD-AR-Windows  Clash91
4.115	1	viewpoint		0	0	00000000-0000-0000-0000-000000000000	legacy		AR vs AR	BLD-AR-Curtain Mullions-vs-BLD-AR-Windows  Clash92
4.116	1	viewpoint		0	0	00000000-0000-0000-0000-000000000000	legacy		AR vs AR	BLD-AR-Curtain Mullions-vs-BLD-AR-Windows  Clash93
4.117	1	viewpoint		0	0	00000000-0000-0000-0000-000000000000	legacy		AR vs AR	BLD-AR-Curtain Mullions-vs-BLD-AR-Windows  Clash94
4.118	1	viewpoint		0	0	00000000-0000-0000-0000-000000000000	legacy		AR vs AR	BLD-AR-Curtain Mullions-vs-BLD-AR-Windows  Clash95
4.119	1	viewpoint		0	0	00000000-0000-0000-0000-000000000000	legacy		AR vs AR	BLD-AR-Curtain Mullions-vs-BLD-AR-Windows  Clash96
4.120	1	viewpoint		0	0	00000000-0000-0000-0000-000000000000	legacy		AR vs AR	BLD-AR-Curtain Mullions-vs-BLD-AR-Windows  Clash97
4.121	1	viewpoint		0	0	00000000-0000-0000-0000-000000000000	legacy		AR vs AR	BLD-AR-Curtain Mullions-vs-BLD-AR-Windows  Clash98
4.122	1	viewpoint		0	0	00000000-0000-0000-0000-000000000000	legacy		AR vs AR	BLD-AR-Curtain Mullions-vs-BLD-AR-Windows  Clash99
4.123	1	viewpoint		0	0	00000000-0000-0000-0000-000000000000	legacy		AR vs AR	BLD-AR-Curtain Mullions-vs-BLD-AR-Windows  Clash100
4.124	1	viewpoint		0	0	00000000-0000-0000-0000-000000000000	legacy		AR vs AR	BLD-AR-Curtain Mullions-vs-BLD-AR-Windows  Clash101
4.125	1	viewpoint		0	0	00000000-0000-0000-0000-000000000000	legacy		AR vs AR	BLD-AR-Curtain Mullions-vs-BLD-AR-Windows  Clash102
4.126	1	viewpoint		0	0	00000000-0000-0000-0000-000000000000	legacy		AR vs AR	BLD-AR-Curtain Mullions-vs-BLD-AR-Windows  Clash103
4.127	1	viewpoint		0	0	00000000-0000-0000-0000-000000000000	legacy		AR vs AR	BLD-AR-Curtain Mullions-vs-BLD-AR-Windows  Clash104
4.128	1	viewpoint		0	0	00000000-0000-0000-0000-000000000000	legacy		AR vs AR	BLD-AR-Curtain Mullions-vs-BLD-AR-Windows  Clash105
4.129	1	viewpoint		0	0	00000000-0000-0000-0000-000000000000	legacy		AR vs AR	BLD-AR-Curtain Mullions-vs-BLD-AR-Windows  Clash106
4.130	1	viewpoint		0	0	00000000-0000-0000-0000-000000000000	legacy		AR vs AR	BLD-AR-Curtain Mullions-vs-BLD-AR-Windows  Clash107
4.131	1	viewpoint		0	0	00000000-0000-0000-0000-000000000000	legacy		AR vs AR	BLD-AR-Curtain Mullions-vs-BLD-AR-Windows  Clash108
4.132	1	viewpoint		0	0	00000000-0000-0000-0000-000000000000	legacy		AR vs AR	BLD-AR-Curtain Mullions-vs-BLD-AR-Windows  Clash109
4.133	1	viewpoint		0	0	00000000-0000-0000-0000-000000000000	legacy		AR vs AR	BLD-AR-Curtain Mullions-vs-BLD-AR-Windows  Clash110
4.134	1	viewpoint		0	0	00000000-0000-0000-0000-000000000000	legacy		AR vs AR	BLD-AR-Curtain Mullions-vs-BLD-AR-Windows  Clash111
4.135	1	viewpoint		0	0	00000000-0000-0000-0000-000000000000	legacy		AR vs AR	BLD-AR-Curtain Mullions-vs-BLD-AR-Windows  Clash112
4.136	1	viewpoint		0	0	00000000-0000-0000-0000-000000000000	legacy		AR vs AR	BLD-AR-Curtain Mullions-vs-BLD-AR-Windows  Clash113
4.137	1	viewpoint		0	0	00000000-0000-0000-0000-000000000000	legacy		AR vs AR	BLD-AR-Curtain Mullions-vs-BLD-AR-Windows  Clash114
4.138	1	viewpoint		0	0	00000000-0000-0000-0000-000000000000	legacy		AR vs AR	BLD-AR-Curtain Mullions-vs-BLD-AR-Windows  Clash115
4.139	1	viewpoint		0	0	00000000-0000-0000-0000-000000000000	legacy		AR vs AR	BLD-AR-Curtain Mullions-vs-BLD-AR-Windows  Clash116
4.140	1	viewpoint		0	0	00000000-0000-0000-0000-000000000000	legacy		AR vs AR	BLD-AR-Curtain Mullions-vs-BLD-AR-Windows  Clash117
4.141	1	viewpoint		0	0	00000000-0000-0000-0000-000000000000	legacy		AR vs AR	BLD-AR-Curtain Mullions-vs-BLD-AR-Windows  Clash118
4.142	1	viewpoint		0	0	00000000-0000-0000-0000-000000000000	legacy		AR vs AR	BLD-AR-Curtain Mullions-vs-BLD-AR-Windows  Clash119
4.143	1	viewpoint		0	0	00000000-0000-0000-0000-000000000000	legacy		AR vs AR	BLD-AR-Curtain Mullions-vs-BLD-AR-Windows  Clash120
4.144	1	viewpoint		0	0	00000000-0000-0000-0000-000000000000	legacy		AR vs AR	BLD-AR-Curtain Mullions-vs-BLD-AR-Windows  Clash121
4.145	1	viewpoint		0	0	00000000-0000-0000-0000-000000000000	legacy		AR vs AR	BLD-AR-Curtain Mullions-vs-BLD-AR-Windows  Clash122
4.146	1	viewpoint		0	0	00000000-0000-0000-0000-000000000000	legacy		AR vs AR	BLD-AR-Curtain Mullions-vs-BLD-AR-Windows  Clash123
4.147	1	viewpoint		0	0	00000000-0000-0000-0000-000000000000	legacy		AR vs AR	BLD-AR-Curtain Mullions-vs-BLD-AR-Windows  Clash124
4.148	1	viewpoint		0	0	00000000-0000-0000-0000-000000000000	legacy		AR vs AR	BLD-AR-Curtain Mullions-vs-BLD-AR-Windows  Clash125
4.149	1	viewpoint		0	0	00000000-0000-0000-0000-000000000000	legacy		AR vs AR	BLD-AR-Curtain Mullions-vs-BLD-AR-Windows  Clash126
4.150	1	viewpoint		0	0	00000000-0000-0000-0000-000000000000	legacy		AR vs AR	BLD-AR-Curtain Mullions-vs-BLD-AR-Windows  Clash127
4.151	1	viewpoint		0	0	00000000-0000-0000-0000-000000000000	legacy		AR vs AR	BLD-AR-Curtain Mullions-vs-BLD-AR-Windows  Clash128
4.152	1	viewpoint		0	0	00000000-0000-0000-0000-000000000000	legacy		AR vs AR	BLD-AR-Curtain Mullions-vs-BLD-AR-Windows  Clash129
4.153	1	viewpoint		0	0	00000000-0000-0000-0000-000000000000	legacy		AR vs AR	BLD-AR-Curtain Mullions-vs-BLD-AR-Windows  Clash130
4.154	1	viewpoint		0	0	00000000-0000-0000-0000-000000000000	legacy		AR vs AR	BLD-AR-Curtain Mullions-vs-BLD-AR-Windows  Clash131
4.155	1	viewpoint		0	0	00000000-0000-0000-0000-000000000000	legacy		AR vs AR	BLD-AR-Curtain Mullions-vs-BLD-AR-Windows  Clash132
4.156	1	viewpoint		0	0	00000000-0000-0000-0000-000000000000	legacy		AR vs AR	BLD-AR-Curtain Mullions-vs-BLD-AR-Windows  Clash133
4.157	1	viewpoint		0	0	00000000-0000-0000-0000-000000000000	legacy		AR vs AR	BLD-AR-Curtain Mullions-vs-BLD-AR-Windows  Clash134
4.158	1	viewpoint		0	0	00000000-0000-0000-0000-000000000000	legacy		AR vs AR	BLD-AR-Curtain Mullions-vs-BLD-AR-Windows  Clash135
4.159	1	viewpoint		0	0	00000000-0000-0000-0000-000000000000	legacy		AR vs AR	BLD-AR-Curtain Mullions-vs-BLD-AR-Windows  Clash136
4.160	1	viewpoint		0	0	00000000-0000-0000-0000-000000000000	legacy		AR vs AR	BLD-AR-Curtain Mullions-vs-BLD-AR-Windows  Clash137
4.161	1	viewpoint		0	0	00000000-0000-0000-0000-000000000000	legacy		AR vs AR	BLD-AR-Curtain Mullions-vs-BLD-AR-Windows  Clash138
4.162	1	viewpoint		0	0	00000000-0000-0000-0000-000000000000	legacy		AR vs AR	BLD-AR-Curtain Mullions-vs-BLD-AR-Windows  Clash139
4.163	1	viewpoint		0	0	00000000-0000-0000-0000-000000000000	legacy		AR vs AR	BLD-AR-Curtain Mullions-vs-BLD-AR-Windows  Clash140
4.164	1	viewpoint		0	0	00000000-0000-0000-0000-000000000000	legacy		AR vs AR	BLD-AR-Curtain Mullions-vs-BLD-AR-Windows  Clash141
4.165	1	viewpoint		0	0	00000000-0000-0000-0000-000000000000	legacy		AR vs AR	BLD-AR-Curtain Mullions-vs-BLD-AR-Windows  Clash142
4.166	1	viewpoint		0	0	00000000-0000-0000-0000-000000000000	legacy		AR vs AR	BLD-AR-Curtain Mullions-vs-BLD-AR-Windows  Clash143
4.167	1	viewpoint		0	0	00000000-0000-0000-0000-000000000000	legacy		AR vs AR	BLD-AR-Curtain Mullions-vs-BLD-AR-Windows  Clash144
4.168	1	viewpoint		0	0	00000000-0000-0000-0000-000000000000	legacy		AR vs AR	BLD-AR-Curtain Mullions-vs-BLD-AR-Windows  Clash145
4.169	1	viewpoint		0	0	00000000-0000-0000-0000-000000000000	legacy		AR vs AR	BLD-AR-Curtain Mullions-vs-BLD-AR-Windows  Clash146
4.170	1	viewpoint		0	0	00000000-0000-0000-0000-000000000000	legacy		AR vs AR	BLD-AR-Curtain Mullions-vs-BLD-AR-Windows  Clash147
4.171	1	viewpoint		0	0	00000000-0000-0000-0000-000000000000	legacy		AR vs AR	BLD-AR-Curtain Mullions-vs-BLD-AR-Windows  Clash148
4.172	1	viewpoint		0	0	00000000-0000-0000-0000-000000000000	legacy		AR vs AR	BLD-AR-Curtain Mullions-vs-BLD-AR-Windows  Clash149
4.173	1	viewpoint		0	0	00000000-0000-0000-0000-000000000000	legacy		AR vs AR	BLD-AR-Curtain Mullions-vs-BLD-AR-Windows  Clash150
4.174	1	viewpoint		0	0	00000000-0000-0000-0000-000000000000	legacy		AR vs AR	BLD-AR-Curtain Mullions-vs-BLD-AR-Windows  Clash151
4.175	1	viewpoint		0	0	00000000-0000-0000-0000-000000000000	legacy		AR vs AR	BLD-AR-Curtain Mullions-vs-BLD-AR-Windows  Clash152
4.176	1	viewpoint		0	0	00000000-0000-0000-0000-000000000000	legacy		AR vs AR	BLD-AR-Curtain Mullions-vs-BLD-AR-Windows  Clash153
4.177	1	viewpoint		0	0	00000000-0000-0000-0000-000000000000	legacy		AR vs AR	BLD-AR-Curtain Mullions-vs-BLD-AR-Windows  Clash154
4.178	1	viewpoint		0	0	00000000-0000-0000-0000-000000000000	legacy		AR vs AR	BLD-AR-Curtain Mullions-vs-BLD-AR-Windows  Clash155
4.179	1	viewpoint		0	0	00000000-0000-0000-0000-000000000000	legacy		AR vs AR	BLD-AR-Curtain Mullions-vs-BLD-AR-Windows  Clash156
4.180	1	viewpoint		0	0	00000000-0000-0000-0000-000000000000	legacy		AR vs AR	BLD-AR-Curtain Mullions-vs-BLD-AR-Windows  Clash157
4.181	1	viewpoint		0	0	00000000-0000-0000-0000-000000000000	legacy		AR vs AR	BLD-AR-Curtain Mullions-vs-BLD-AR-Windows  Clash158
4.182	1	viewpoint		0	0	00000000-0000-0000-0000-000000000000	legacy		AR vs AR	BLD-AR-Curtain Mullions-vs-BLD-AR-Windows  Clash159
4.183	1	viewpoint		0	0	00000000-0000-0000-0000-000000000000	legacy		AR vs AR	BLD-AR-Curtain Mullions-vs-BLD-AR-Windows  Clash160
4.184	1	viewpoint		0	0	00000000-0000-0000-0000-000000000000	legacy		AR vs AR	BLD-AR-Curtain Mullions-vs-BLD-AR-Windows  Clash161
4.185	1	viewpoint		0	0	00000000-0000-0000-0000-000000000000	legacy		AR vs AR	BLD-AR-Curtain Mullions-vs-BLD-AR-Windows  Clash162
4.186	1	viewpoint		0	0	00000000-0000-0000-0000-000000000000	legacy		AR vs AR	BLD-AR-Curtain Mullions-vs-BLD-AR-Windows  Clash163
4.187	1	viewpoint		0	0	00000000-0000-0000-0000-000000000000	legacy		AR vs AR	BLD-AR-Curtain Mullions-vs-BLD-AR-Windows  Clash164
4.188	1	viewpoint		0	0	00000000-0000-0000-0000-000000000000	legacy		AR vs AR	BLD-AR-Curtain Mullions-vs-BLD-AR-Windows  Clash165
4.189	1	viewpoint		0	0	00000000-0000-0000-0000-000000000000	legacy		AR vs AR	BLD-AR-Curtain Mullions-vs-BLD-AR-Windows  Clash166
4.190	1	viewpoint		0	0	00000000-0000-0000-0000-000000000000	legacy		AR vs AR	BLD-AR-Curtain Mullions-vs-BLD-AR-Windows  Clash167
4.191	1	viewpoint		0	0	00000000-0000-0000-0000-000000000000	legacy		AR vs AR	BLD-AR-Curtain Mullions-vs-BLD-AR-Windows  Clash168
4.192	1	viewpoint		0	0	00000000-0000-0000-0000-000000000000	legacy		AR vs AR	BLD-AR-Curtain Mullions-vs-BLD-AR-Windows  Clash169
4.193	1	viewpoint		0	0	00000000-0000-0000-0000-000000000000	legacy		AR vs AR	BLD-AR-Curtain Mullions-vs-BLD-AR-Windows  Clash170
4.194	1	viewpoint		0	0	00000000-0000-0000-0000-000000000000	legacy		AR vs AR	BLD-AR-Curtain Mullions-vs-BLD-AR-Windows  Clash171
4.195	1	viewpoint		0	0	00000000-0000-0000-0000-000000000000	legacy		AR vs AR	BLD-AR-Curtain Mullions-vs-BLD-AR-Windows  Clash172
4.196	1	viewpoint		0	0	00000000-0000-0000-0000-000000000000	legacy		AR vs AR	BLD-AR-Curtain Mullions-vs-BLD-AR-Windows  Clash173
4.197	1	viewpoint		0	0	00000000-0000-0000-0000-000000000000	legacy		AR vs AR	BLD-AR-Curtain Mullions-vs-BLD-AR-Windows  Clash174
4.198	1	viewpoint		0	0	00000000-0000-0000-0000-000000000000	legacy		AR vs AR	BLD-AR-Curtain Mullions-vs-BLD-AR-Windows  Clash175
4.199	1	viewpoint		0	0	00000000-0000-0000-0000-000000000000	legacy		AR vs AR	BLD-AR-Curtain Mullions-vs-BLD-AR-Windows  Clash176
4.200	1	viewpoint		0	0	00000000-0000-0000-0000-000000000000	legacy		AR vs AR	BLD-AR-Curtain Mullions-vs-BLD-AR-Windows  Clash177
4.201	1	viewpoint		0	0	00000000-0000-0000-0000-000000000000	legacy		AR vs AR	BLD-AR-Curtain Mullions-vs-BLD-AR-Windows  Clash178
4.202	1	viewpoint		0	0	00000000-0000-0000-0000-000000000000	legacy		AR vs AR	BLD-AR-Curtain Mullions-vs-BLD-AR-Windows  Clash179
4.203	1	viewpoint		0	0	00000000-0000-0000-0000-000000000000	legacy		AR vs AR	BLD-AR-Curtain Mullions-vs-BLD-AR-Windows  Clash180
4.204	1	viewpoint		0	0	00000000-0000-0000-0000-000000000000	legacy		AR vs AR	BLD-AR-Curtain Mullions-vs-BLD-AR-Windows  Clash181
4.205	1	viewpoint		0	0	00000000-0000-0000-0000-000000000000	legacy		AR vs AR	BLD-AR-Curtain Mullions-vs-BLD-AR-Windows  Clash182
4.206	1	viewpoint		0	0	00000000-0000-0000-0000-000000000000	legacy		AR vs AR	BLD-AR-Curtain Mullions-vs-BLD-AR-Windows  Clash183
4.207	1	viewpoint		0	0	00000000-0000-0000-0000-000000000000	legacy		AR vs AR	BLD-AR-Curtain Mullions-vs-BLD-AR-Windows  Clash184
4.208	1	viewpoint		0	0	00000000-0000-0000-0000-000000000000	legacy		AR vs AR	BLD-AR-Curtain Mullions-vs-BLD-AR-Windows  Clash185
4.209	1	viewpoint		0	0	00000000-0000-0000-0000-000000000000	legacy		AR vs AR	BLD-AR-Curtain Mullions-vs-BLD-AR-Windows  Clash186
4.210	1	viewpoint		0	0	00000000-0000-0000-0000-000000000000	legacy		AR vs AR	BLD-AR-Curtain Mullions-vs-BLD-AR-Windows  Clash187
4.211	1	viewpoint		0	0	00000000-0000-0000-0000-000000000000	legacy		AR vs AR	BLD-AR-Curtain Mullions-vs-BLD-AR-Windows  Clash188
4.212	1	viewpoint		0	0	00000000-0000-0000-0000-000000000000	legacy		AR vs AR	BLD-AR-Curtain Mullions-vs-BLD-AR-Windows  Clash189
4.213	1	viewpoint		0	0	00000000-0000-0000-0000-000000000000	legacy		AR vs AR	BLD-AR-Curtain Mullions-vs-BLD-AR-Windows  Clash190
4.214	1	viewpoint		0	0	00000000-0000-0000-0000-000000000000	legacy		AR vs AR	BLD-AR-Curtain Mullions-vs-BLD-AR-Windows  Clash191
4.215	1	viewpoint		0	0	00000000-0000-0000-0000-000000000000	legacy		AR vs AR	BLD-AR-Curtain Mullions-vs-BLD-AR-Windows  Clash192
4.216	1	viewpoint		0	0	00000000-0000-0000-0000-000000000000	legacy		AR vs AR	BLD-AR-Curtain Mullions-vs-BLD-AR-Windows  Clash193
4.217	1	viewpoint		0	0	00000000-0000-0000-0000-000000000000	legacy		AR vs AR	BLD-AR-Curtain Mullions-vs-BLD-AR-Windows  Clash194
4.218	1	viewpoint		0	0	00000000-0000-0000-0000-000000000000	legacy		AR vs AR	BLD-AR-Curtain Mullions-vs-BLD-AR-Windows  Clash195
4.219	1	viewpoint		0	0	00000000-0000-0000-0000-000000000000	legacy		AR vs AR	BLD-AR-Curtain Mullions-vs-BLD-AR-Windows  Clash196
4.220	1	viewpoint		0	0	00000000-0000-0000-0000-000000000000	legacy		AR vs AR	BLD-AR-Curtain Mullions-vs-BLD-AR-Windows  Clash197
4.221	1	viewpoint		0	0	00000000-0000-0000-0000-000000000000	legacy		AR vs AR	BLD-AR-Curtain Mullions-vs-BLD-AR-Windows  Clash198
4.222	1	viewpoint		0	0	00000000-0000-0000-0000-000000000000	legacy		AR vs AR	BLD-AR-Curtain Mullions-vs-BLD-AR-Windows  Clash199
4.223	1	viewpoint		0	0	00000000-0000-0000-0000-000000000000	legacy		AR vs AR	BLD-AR-Curtain Mullions-vs-BLD-AR-Windows  Clash200
4.224	1	viewpoint		0	0	00000000-0000-0000-0000-000000000000	legacy		AR vs AR	BLD-AR-Curtain Mullions-vs-BLD-AR-Windows  Clash201
4.225	1	viewpoint		0	0	00000000-0000-0000-0000-000000000000	legacy		AR vs AR	BLD-AR-Curtain Mullions-vs-BLD-AR-Windows  Clash202
4.226	1	viewpoint		0	0	00000000-0000-0000-0000-000000000000	legacy		AR vs AR	BLD-AR-Curtain Mullions-vs-BLD-AR-Windows  Clash203
4.227	1	viewpoint		0	0	00000000-0000-0000-0000-000000000000	legacy		AR vs AR	BLD-AR-Curtain Mullions-vs-BLD-AR-Windows  Clash204
4.228	1	viewpoint		0	0	00000000-0000-0000-0000-000000000000	legacy		AR vs AR	BLD-AR-Curtain Mullions-vs-BLD-AR-Windows  Clash205
4.229	1	viewpoint		0	0	00000000-0000-0000-0000-000000000000	legacy		AR vs AR	BLD-AR-Curtain Mullions-vs-BLD-AR-Windows  Clash206
4.230	1	viewpoint		0	0	00000000-0000-0000-0000-000000000000	legacy		AR vs AR	BLD-AR-Curtain Mullions-vs-BLD-AR-Windows  Clash207
4.231	1	viewpoint		0	0	00000000-0000-0000-0000-000000000000	legacy		AR vs AR	BLD-AR-Curtain Mullions-vs-BLD-AR-Windows  Clash208
4.232	1	viewpoint		0	0	00000000-0000-0000-0000-000000000000	legacy		AR vs AR	BLD-AR-Curtain Mullions-vs-BLD-AR-Windows  Clash209
4.233	1	viewpoint		0	0	00000000-0000-0000-0000-000000000000	legacy		AR vs AR	BLD-AR-Curtain Mullions-vs-BLD-AR-Windows  Clash210
4.234	1	viewpoint		0	0	00000000-0000-0000-0000-000000000000	legacy		AR vs AR	BLD-AR-Curtain Mullions-vs-BLD-AR-Windows  Clash211
4.235	1	viewpoint		0	0	00000000-0000-0000-0000-000000000000	legacy		AR vs AR	BLD-AR-Curtain Mullions-vs-BLD-AR-Windows  Clash212
4.236	1	viewpoint		0	0	00000000-0000-0000-0000-000000000000	legacy		AR vs AR	BLD-AR-Curtain Mullions-vs-BLD-AR-Windows  Clash213
4.237	1	viewpoint		0	0	00000000-0000-0000-0000-000000000000	legacy		AR vs AR	BLD-AR-Curtain Mullions-vs-BLD-AR-Windows  Clash214
4.238	1	viewpoint		0	0	00000000-0000-0000-0000-000000000000	legacy		AR vs AR	BLD-AR-Curtain Mullions-vs-BLD-AR-Windows  Clash215
4.239	1	viewpoint		0	0	00000000-0000-0000-0000-000000000000	legacy		AR vs AR	BLD-AR-Curtain Mullions-vs-BLD-AR-Windows  Clash216
4.240	1	viewpoint		0	0	00000000-0000-0000-0000-000000000000	legacy		AR vs AR	BLD-AR-Curtain Mullions-vs-BLD-AR-Windows  Clash217
4.241	1	viewpoint		0	0	00000000-0000-0000-0000-000000000000	legacy		AR vs AR	BLD-AR-Curtain Mullions-vs-BLD-AR-Windows  Clash218
4.242	1	viewpoint		0	0	00000000-0000-0000-0000-000000000000	legacy		AR vs AR	BLD-AR-Curtain Mullions-vs-BLD-AR-Windows  Clash219
4.243	1	viewpoint		0	0	00000000-0000-0000-0000-000000000000	legacy		AR vs AR	BLD-AR-Curtain Mullions-vs-BLD-AR-Windows  Clash220
4.244	1	viewpoint		0	0	00000000-0000-0000-0000-000000000000	legacy		AR vs AR	BLD-AR-Curtain Mullions-vs-BLD-AR-Windows  Clash221
4.245	1	viewpoint		0	0	00000000-0000-0000-0000-000000000000	legacy		AR vs AR	BLD-AR-Curtain Mullions-vs-BLD-AR-Windows  Clash222
4.246	1	viewpoint		0	0	00000000-0000-0000-0000-000000000000	legacy		AR vs AR	BLD-AR-Curtain Mullions-vs-BLD-AR-Windows  Clash223
4.247	1	viewpoint		0	0	00000000-0000-0000-0000-000000000000	legacy		AR vs AR	BLD-AR-Curtain Mullions-vs-BLD-AR-Windows  Clash224
4.248	1	viewpoint		0	0	00000000-0000-0000-0000-000000000000	legacy		AR vs AR	BLD-AR-Curtain Mullions-vs-BLD-AR-Windows  Clash225
4.249	1	viewpoint		0	0	00000000-0000-0000-0000-000000000000	legacy		AR vs AR	BLD-AR-Curtain Mullions-vs-BLD-AR-Windows  Clash226
4.250	1	viewpoint		0	0	00000000-0000-0000-0000-000000000000	legacy		AR vs AR	BLD-AR-Curtain Mullions-vs-BLD-AR-Windows  Clash227
4.251	1	viewpoint		0	0	00000000-0000-0000-0000-000000000000	legacy		AR vs AR	BLD-AR-Curtain Mullions-vs-BLD-AR-Windows  Clash228
4.252	1	viewpoint		0	0	00000000-0000-0000-0000-000000000000	legacy		AR vs AR	BLD-AR-Curtain Mullions-vs-BLD-AR-Windows  Clash229
4.253	1	viewpoint		0	0	00000000-0000-0000-0000-000000000000	legacy		AR vs AR	BLD-AR-Curtain Mullions-vs-BLD-AR-Windows  Clash230
4.254	1	viewpoint		0	0	00000000-0000-0000-0000-000000000000	legacy		AR vs AR	BLD-AR-Curtain Mullions-vs-BLD-AR-Windows  Clash231
4.255	1	viewpoint		0	0	00000000-0000-0000-0000-000000000000	legacy		AR vs AR	BLD-AR-Curtain Mullions-vs-BLD-AR-Windows  Clash232
4.256	1	viewpoint		0	0	00000000-0000-0000-0000-000000000000	legacy		AR vs AR	BLD-AR-Curtain Mullions-vs-BLD-AR-Windows  Clash233
4.257	1	viewpoint		0	0	00000000-0000-0000-0000-000000000000	legacy		AR vs AR	BLD-AR-Curtain Mullions-vs-BLD-AR-Windows  Clash234
4.258	1	viewpoint		0	0	00000000-0000-0000-0000-000000000000	legacy		AR vs AR	BLD-AR-Curtain Mullions-vs-BLD-AR-Windows  Clash235
4.259	1	viewpoint		0	0	00000000-0000-0000-0000-000000000000	legacy		AR vs AR	BLD-AR-Curtain Mullions-vs-BLD-AR-Windows  Clash236
4.260	1	viewpoint		0	0	00000000-0000-0000-0000-000000000000	legacy		AR vs AR	BLD-AR-Curtain Mullions-vs-BLD-AR-Windows  Clash237
4.261	1	viewpoint		0	0	00000000-0000-0000-0000-000000000000	legacy		AR vs AR	BLD-AR-Curtain Mullions-vs-BLD-AR-Windows  Clash238
4.262	1	viewpoint		0	0	00000000-0000-0000-0000-000000000000	legacy		AR vs AR	BLD-AR-Curtain Mullions-vs-BLD-AR-Windows  Clash239
4.263	1	viewpoint		0	0	00000000-0000-0000-0000-000000000000	legacy		AR vs AR	BLD-AR-Curtain Mullions-vs-BLD-AR-Windows  Clash240
4.264	1	viewpoint		0	0	00000000-0000-0000-0000-000000000000	legacy		AR vs AR	BLD-AR-Curtain Mullions-vs-BLD-AR-Windows  Clash241
4.265	1	viewpoint		0	0	00000000-0000-0000-0000-000000000000	legacy		AR vs AR	BLD-AR-Curtain Mullions-vs-BLD-AR-Windows  Clash242
4.266	1	viewpoint		0	0	00000000-0000-0000-0000-000000000000	legacy		AR vs AR	BLD-AR-Curtain Mullions-vs-BLD-AR-Windows  Clash243
4.267	1	viewpoint		0	0	00000000-0000-0000-0000-000000000000	legacy		AR vs AR	BLD-AR-Curtain Mullions-vs-BLD-AR-Windows  Clash244
4.268	1	viewpoint		0	0	00000000-0000-0000-0000-000000000000	legacy		AR vs AR	BLD-AR-Curtain Mullions-vs-BLD-AR-Windows  Clash245
4.269	1	viewpoint		0	0	00000000-0000-0000-0000-000000000000	legacy		AR vs AR	BLD-AR-Curtain Mullions-vs-BLD-AR-Windows  Clash246
4.270	1	viewpoint		0	0	00000000-0000-0000-0000-000000000000	legacy		AR vs AR	BLD-AR-Curtain Mullions-vs-BLD-AR-Windows  Clash247
4.271	1	viewpoint		0	0	00000000-0000-0000-0000-000000000000	legacy		AR vs AR	BLD-AR-Curtain Mullions-vs-BLD-AR-Windows  Clash248
4.272	1	viewpoint		0	0	00000000-0000-0000-0000-000000000000	legacy		AR vs AR	BLD-AR-Curtain Mullions-vs-BLD-AR-Windows  Clash249
4.273	1	viewpoint		0	0	00000000-0000-0000-0000-000000000000	legacy		AR vs AR	BLD-AR-Curtain Mullions-vs-BLD-AR-Windows  Clash250
4.274	1	viewpoint		0	0	00000000-0000-0000-0000-000000000000	legacy		AR vs AR	BLD-AR-Curtain Mullions-vs-BLD-AR-Windows  Clash251
4.275	1	viewpoint		0	0	00000000-0000-0000-0000-000000000000	legacy		AR vs AR	BLD-AR-Curtain Mullions-vs-BLD-AR-Windows  Clash252
4.276	1	viewpoint		0	0	00000000-0000-0000-0000-000000000000	legacy		AR vs AR	BLD-AR-Curtain Mullions-vs-BLD-AR-Windows  Clash253
4.277	1	viewpoint		0	0	00000000-0000-0000-0000-000000000000	legacy		AR vs AR	BLD-AR-Curtain Mullions-vs-BLD-AR-Windows  Clash254
4.278	1	viewpoint		0	0	00000000-0000-0000-0000-000000000000	legacy		AR vs AR	BLD-AR-Curtain Mullions-vs-BLD-AR-Windows  Clash255
4.279	1	viewpoint		0	0	00000000-0000-0000-0000-000000000000	legacy		AR vs AR	BLD-AR-Curtain Mullions-vs-BLD-AR-Windows  Clash256
4.280	1	viewpoint		0	0	00000000-0000-0000-0000-000000000000	legacy		AR vs AR	BLD-AR-Curtain Mullions-vs-BLD-AR-Windows  Clash257
4.281	1	viewpoint		0	0	00000000-0000-0000-0000-000000000000	legacy		AR vs AR	BLD-AR-Curtain Mullions-vs-BLD-AR-Windows  Clash258
4.282	1	viewpoint		0	0	00000000-0000-0000-0000-000000000000	legacy		AR vs AR	BLD-AR-Curtain Mullions-vs-BLD-AR-Windows  Clash259
4.283	1	viewpoint		0	0	00000000-0000-0000-0000-000000000000	legacy		AR vs AR	BLD-AR-Curtain Mullions-vs-BLD-AR-Windows  Clash260
4.284	1	viewpoint		0	0	00000000-0000-0000-0000-000000000000	legacy		AR vs AR	BLD-AR-Curtain Mullions-vs-BLD-AR-Windows  Clash261
4.285	1	viewpoint		0	0	00000000-0000-0000-0000-000000000000	legacy		AR vs AR	BLD-AR-Curtain Mullions-vs-BLD-AR-Windows  Clash262
4.286	1	viewpoint		0	0	00000000-0000-0000-0000-000000000000	legacy		AR vs AR	BLD-AR-Curtain Mullions-vs-BLD-AR-Windows  Clash263
4.287	1	viewpoint		0	0	00000000-0000-0000-0000-000000000000	legacy		AR vs AR	BLD-AR-Curtain Mullions-vs-BLD-AR-Windows  Clash264
4.288	1	viewpoint		0	0	00000000-0000-0000-0000-000000000000	legacy		AR vs AR	BLD-AR-Curtain Mullions-vs-BLD-AR-Windows  Clash265
4.289	1	viewpoint		0	0	00000000-0000-0000-0000-000000000000	legacy		AR vs AR	BLD-AR-Curtain Mullions-vs-BLD-AR-Windows  Clash266
4.290	1	viewpoint		0	0	00000000-0000-0000-0000-000000000000	legacy		AR vs AR	BLD-AR-Curtain Mullions-vs-BLD-AR-Windows  Clash267
4.291	1	viewpoint		0	0	00000000-0000-0000-0000-000000000000	legacy		AR vs AR	BLD-AR-Curtain Mullions-vs-BLD-AR-Windows  Clash268
4.292	1	viewpoint		0	0	00000000-0000-0000-0000-000000000000	legacy		AR vs AR	BLD-AR-Curtain Mullions-vs-BLD-AR-Windows  Clash269
4.293	1	viewpoint		0	0	00000000-0000-0000-0000-000000000000	legacy		AR vs AR	BLD-AR-Curtain Mullions-vs-BLD-AR-Windows  Clash270
4.294	1	viewpoint		0	0	00000000-0000-0000-0000-000000000000	legacy		AR vs AR	BLD-AR-Curtain Mullions-vs-BLD-AR-Windows  Clash271
4.295	1	viewpoint		0	0	00000000-0000-0000-0000-000000000000	legacy		AR vs AR	BLD-AR-Curtain Mullions-vs-BLD-AR-Windows  Clash272
4.296	1	viewpoint		0	0	00000000-0000-0000-0000-000000000000	legacy		AR vs AR	BLD-AR-Curtain Mullions-vs-BLD-AR-Windows  Clash273
4.297	1	viewpoint		0	0	00000000-0000-0000-0000-000000000000	legacy		AR vs AR	BLD-AR-Curtain Mullions-vs-BLD-AR-Windows  Clash274
4.298	1	viewpoint		0	0	00000000-0000-0000-0000-000000000000	legacy		AR vs AR	BLD-AR-Curtain Mullions-vs-BLD-AR-Windows  Clash275
4.299	1	viewpoint		0	0	00000000-0000-0000-0000-000000000000	legacy		AR vs AR	BLD-AR-Curtain Mullions-vs-BLD-AR-Windows  Clash276
4.300	1	viewpoint		0	0	00000000-0000-0000-0000-000000000000	legacy		AR vs AR	BLD-AR-Curtain Mullions-vs-BLD-AR-Windows  Clash277
4.301	1	viewpoint		0	0	00000000-0000-0000-0000-000000000000	legacy		AR vs AR	BLD-AR-Curtain Mullions-vs-BLD-AR-Windows  Clash278
4.302	1	viewpoint		0	0	00000000-0000-0000-0000-000000000000	legacy		AR vs AR	BLD-AR-Curtain Mullions-vs-BLD-AR-Windows  Clash279
4.303	1	viewpoint		0	0	00000000-0000-0000-0000-000000000000	legacy		AR vs AR	BLD-AR-Curtain Mullions-vs-BLD-AR-Windows  Clash280
4.304	1	viewpoint		0	0	00000000-0000-0000-0000-000000000000	legacy		AR vs AR	BLD-AR-Curtain Mullions-vs-BLD-AR-Windows  Clash281
4.305	1	viewpoint		0	0	00000000-0000-0000-0000-000000000000	legacy		AR vs AR	BLD-AR-Curtain Mullions-vs-BLD-AR-Windows  Clash282
4.306	1	viewpoint		0	0	00000000-0000-0000-0000-000000000000	legacy		AR vs AR	BLD-AR-Curtain Mullions-vs-BLD-AR-Windows  Clash283
4.307	1	viewpoint		0	0	00000000-0000-0000-0000-000000000000	legacy		AR vs AR	BLD-AR-Curtain Mullions-vs-BLD-AR-Windows  Clash284
4.308	1	viewpoint		0	0	00000000-0000-0000-0000-000000000000	legacy		AR vs AR	BLD-AR-Curtain Mullions-vs-BLD-AR-Windows  Clash285
4.309	1	viewpoint		0	0	00000000-0000-0000-0000-000000000000	legacy		AR vs AR	BLD-AR-Curtain Mullions-vs-BLD-AR-Windows  Clash286
4.310	1	viewpoint		0	0	00000000-0000-0000-0000-000000000000	legacy		AR vs AR	BLD-AR-Curtain Mullions-vs-BLD-AR-Windows  Clash287
4.311	1	viewpoint		0	0	00000000-0000-0000-0000-000000000000	legacy		AR vs AR	BLD-AR-Curtain Mullions-vs-BLD-AR-Windows  Clash288
4.312	1	viewpoint		0	0	00000000-0000-0000-0000-000000000000	legacy		AR vs AR	BLD-AR-Curtain Mullions-vs-BLD-AR-Windows  Clash289
4.313	1	viewpoint		0	0	00000000-0000-0000-0000-000000000000	legacy		AR vs AR	BLD-AR-Curtain Mullions-vs-BLD-AR-Windows  Clash290
4.314	1	viewpoint		0	0	00000000-0000-0000-0000-000000000000	legacy		AR vs AR	BLD-AR-Curtain Mullions-vs-BLD-AR-Windows  Clash291
4.315	1	viewpoint		0	0	00000000-0000-0000-0000-000000000000	legacy		AR vs AR	BLD-AR-Curtain Mullions-vs-BLD-AR-Windows  Clash292
4.316	1	viewpoint		0	0	00000000-0000-0000-0000-000000000000	legacy		AR vs AR	BLD-AR-Curtain Mullions-vs-BLD-AR-Windows  Clash293
4.317	1	viewpoint		0	0	00000000-0000-0000-0000-000000000000	legacy		AR vs AR	BLD-AR-Curtain Mullions-vs-BLD-AR-Windows  Clash294
4.318	1	viewpoint		0	0	00000000-0000-0000-0000-000000000000	legacy		AR vs AR	BLD-AR-Curtain Mullions-vs-BLD-AR-Windows  Clash295
4.319	1	viewpoint		0	0	00000000-0000-0000-0000-000000000000	legacy		AR vs AR	BLD-AR-Curtain Mullions-vs-BLD-AR-Windows  Clash296
4.320	1	viewpoint		0	0	00000000-0000-0000-0000-000000000000	legacy		AR vs AR	BLD-AR-Curtain Mullions-vs-BLD-AR-Windows  Clash297
4.321	1	viewpoint		0	0	00000000-0000-0000-0000-000000000000	legacy		AR vs AR	BLD-AR-Curtain Mullions-vs-BLD-AR-Windows  Clash298
4.322	1	viewpoint		0	0	00000000-0000-0000-0000-000000000000	legacy		AR vs AR	BLD-AR-Curtain Mullions-vs-BLD-AR-Windows  Clash299
4.323	1	viewpoint		0	0	00000000-0000-0000-0000-000000000000	legacy		AR vs AR	BLD-AR-Curtain Mullions-vs-BLD-AR-Windows  Clash300
4.324	1	viewpoint		0	0	00000000-0000-0000-0000-000000000000	legacy		AR vs AR	BLD-AR-Curtain Mullions-vs-BLD-AR-Windows  Clash301
4.325	1	viewpoint		0	0	00000000-0000-0000-0000-000000000000	legacy		AR vs AR	BLD-AR-Curtain Mullions-vs-BLD-AR-Windows  Clash302
4.326	1	viewpoint		0	0	00000000-0000-0000-0000-000000000000	legacy		AR vs AR	BLD-AR-Curtain Mullions-vs-BLD-AR-Windows  Clash303
4.327	1	viewpoint		0	0	00000000-0000-0000-0000-000000000000	legacy		AR vs AR	BLD-AR-Curtain Mullions-vs-BLD-AR-Windows  Clash304
4.328	1	viewpoint		0	0	00000000-0000-0000-0000-000000000000	legacy		AR vs AR	BLD-AR-Curtain Mullions-vs-BLD-AR-Windows  Clash305
4.329	1	viewpoint		0	0	00000000-0000-0000-0000-000000000000	legacy		AR vs AR	BLD-AR-Curtain Mullions-vs-BLD-AR-Windows  Clash306
4.330	1	viewpoint		0	0	00000000-0000-0000-0000-000000000000	legacy		AR vs AR	BLD-AR-Curtain Mullions-vs-BLD-AR-Windows  Clash307
4.331	1	viewpoint		0	0	00000000-0000-0000-0000-000000000000	legacy		AR vs AR	BLD-AR-Curtain Mullions-vs-BLD-AR-Windows  Clash308
4.332	1	viewpoint		0	0	00000000-0000-0000-0000-000000000000	legacy		AR vs AR	BLD-AR-Curtain Mullions-vs-BLD-AR-Windows  Clash309
4.333	1	viewpoint		0	0	00000000-0000-0000-0000-000000000000	legacy		AR vs AR	BLD-AR-Curtain Mullions-vs-BLD-AR-Windows  Clash310
4.334	1	viewpoint		0	0	00000000-0000-0000-0000-000000000000	legacy		AR vs AR	BLD-AR-Curtain Mullions-vs-BLD-AR-Windows  Clash311
4.335	1	viewpoint		0	0	00000000-0000-0000-0000-000000000000	legacy		AR vs AR	BLD-AR-Curtain Mullions-vs-BLD-AR-Windows  Clash312
4.336	1	viewpoint		0	0	00000000-0000-0000-0000-000000000000	legacy		AR vs AR	BLD-AR-Curtain Mullions-vs-BLD-AR-Windows  Clash313
4.337	1	viewpoint		0	0	00000000-0000-0000-0000-000000000000	legacy		AR vs AR	BLD-AR-Curtain Mullions-vs-BLD-AR-Windows  Clash314
4.338	1	viewpoint		0	0	00000000-0000-0000-0000-000000000000	legacy		AR vs AR	BLD-AR-Curtain Mullions-vs-BLD-AR-Windows  Clash315
4.339	1	viewpoint		0	0	00000000-0000-0000-0000-000000000000	legacy		AR vs AR	BLD-AR-Curtain Mullions-vs-BLD-AR-Windows  Clash316
4.340	1	viewpoint		0	0	00000000-0000-0000-0000-000000000000	legacy		AR vs AR	BLD-AR-Curtain Mullions-vs-BLD-AR-Windows  Clash317
4.341	1	viewpoint		0	0	00000000-0000-0000-0000-000000000000	legacy		AR vs AR	BLD-AR-Curtain Mullions-vs-BLD-AR-Windows  Clash318
4.342	1	viewpoint		0	0	00000000-0000-0000-0000-000000000000	legacy		AR vs AR	BLD-AR-Curtain Mullions-vs-BLD-AR-Windows  Clash319
4.343	1	viewpoint		0	0	00000000-0000-0000-0000-000000000000	legacy		AR vs AR	BLD-AR-Curtain Mullions-vs-BLD-AR-Windows  Clash320
4.344	1	viewpoint		0	0	00000000-0000-0000-0000-000000000000	legacy		AR vs AR	BLD-AR-Curtain Mullions-vs-BLD-AR-Windows  Clash321
4.345	1	viewpoint		0	0	00000000-0000-0000-0000-000000000000	legacy		AR vs AR	BLD-AR-Curtain Mullions-vs-BLD-AR-Windows  Clash322
4.346	1	viewpoint		0	0	00000000-0000-0000-0000-000000000000	legacy		AR vs AR	BLD-AR-Curtain Mullions-vs-BLD-AR-Windows  Clash323
4.347	1	viewpoint		0	0	00000000-0000-0000-0000-000000000000	legacy		AR vs AR	BLD-AR-Curtain Mullions-vs-BLD-AR-Windows  Clash324
4.348	1	viewpoint		0	0	00000000-0000-0000-0000-000000000000	legacy		AR vs AR	BLD-AR-Curtain Mullions-vs-BLD-AR-Windows  Clash325
4.349	1	viewpoint		0	0	00000000-0000-0000-0000-000000000000	legacy		AR vs AR	BLD-AR-Curtain Mullions-vs-BLD-AR-Windows  Clash326
4.350	1	viewpoint		0	0	00000000-0000-0000-0000-000000000000	legacy		AR vs AR	BLD-AR-Curtain Mullions-vs-BLD-AR-Windows  Clash327
4.351	1	viewpoint		0	0	00000000-0000-0000-0000-000000000000	legacy		AR vs AR	BLD-AR-Curtain Mullions-vs-BLD-AR-Windows  Clash328
4.352	1	viewpoint		0	0	00000000-0000-0000-0000-000000000000	legacy		AR vs AR	BLD-AR-Curtain Mullions-vs-BLD-AR-Windows  Clash329
4.353	1	viewpoint		0	0	00000000-0000-0000-0000-000000000000	legacy		AR vs AR	BLD-AR-Curtain Mullions-vs-BLD-AR-Windows  Clash330
4.354	1	viewpoint		0	0	00000000-0000-0000-0000-000000000000	legacy		AR vs AR	BLD-AR-Curtain Mullions-vs-BLD-AR-Windows  Clash331
4.355	1	viewpoint		0	0	00000000-0000-0000-0000-000000000000	legacy		AR vs AR	BLD-AR-Curtain Mullions-vs-BLD-AR-Windows  Clash332
4.356	1	viewpoint		0	0	00000000-0000-0000-0000-000000000000	legacy		AR vs AR	BLD-AR-Curtain Mullions-vs-BLD-AR-Windows  Clash333
4.357	1	viewpoint		0	0	00000000-0000-0000-0000-000000000000	legacy		AR vs AR	BLD-AR-Curtain Mullions-vs-BLD-AR-Windows  Clash334
4.358	1	viewpoint		0	0	00000000-0000-0000-0000-000000000000	legacy		AR vs AR	BLD-AR-Curtain Mullions-vs-BLD-AR-Windows  Clash335
4.359	1	viewpoint		0	0	00000000-0000-0000-0000-000000000000	legacy		AR vs AR	BLD-AR-Curtain Mullions-vs-BLD-AR-Windows  Clash336
4.360	1	viewpoint		0	0	00000000-0000-0000-0000-000000000000	legacy		AR vs AR	BLD-AR-Curtain Mullions-vs-BLD-AR-Windows  Clash337
4.361	1	viewpoint		0	0	00000000-0000-0000-0000-000000000000	legacy		AR vs AR	BLD-AR-Curtain Mullions-vs-BLD-AR-Windows  Clash338
4.362	1	viewpoint		0	0	00000000-0000-0000-0000-000000000000	legacy		AR vs AR	BLD-AR-Curtain Mullions-vs-BLD-AR-Windows  Clash339
4.363	1	viewpoint		0	0	00000000-0000-0000-0000-000000000000	legacy		AR vs AR	BLD-AR-Curtain Mullions-vs-BLD-AR-Windows  Clash340
4.364	1	viewpoint		0	0	00000000-0000-0000-0000-000000000000	legacy		AR vs AR	BLD-AR-Curtain Mullions-vs-BLD-AR-Windows  Clash341
4.365	1	viewpoint		0	0	00000000-0000-0000-0000-000000000000	legacy		AR vs AR	BLD-AR-Curtain Mullions-vs-BLD-AR-Windows  Clash342
4.366	1	viewpoint		0	0	00000000-0000-0000-0000-000000000000	legacy		AR vs AR	BLD-AR-Curtain Mullions-vs-BLD-AR-Windows  Clash343
4.367	1	viewpoint		0	0	00000000-0000-0000-0000-000000000000	legacy		AR vs AR	BLD-AR-Curtain Mullions-vs-BLD-AR-Windows  Clash344
4.368	1	viewpoint		0	0	00000000-0000-0000-0000-000000000000	legacy		AR vs AR	BLD-AR-Curtain Mullions-vs-BLD-AR-Windows  Clash345
4.369	1	viewpoint		0	0	00000000-0000-0000-0000-000000000000	legacy		AR vs AR	BLD-AR-Curtain Mullions-vs-BLD-AR-Windows  Clash346
4.370	1	viewpoint		0	0	00000000-0000-0000-0000-000000000000	legacy		AR vs AR	BLD-AR-Curtain Mullions-vs-BLD-AR-Windows  Clash347
4.371	1	viewpoint		0	0	00000000-0000-0000-0000-000000000000	legacy		AR vs AR	BLD-AR-Curtain Mullions-vs-BLD-AR-Windows  Clash348
4.372	1	viewpoint		0	0	00000000-0000-0000-0000-000000000000	legacy		AR vs AR	BLD-AR-Curtain Mullions-vs-BLD-AR-Windows  Clash349
4.373	1	viewpoint		0	0	00000000-0000-0000-0000-000000000000	legacy		AR vs AR	BLD-AR-Curtain Mullions-vs-BLD-AR-Windows  Clash350
4.374	1	viewpoint		0	0	00000000-0000-0000-0000-000000000000	legacy		AR vs AR	BLD-AR-Curtain Mullions-vs-BLD-AR-Windows  Clash351
4.375	1	viewpoint		0	0	00000000-0000-0000-0000-000000000000	legacy		AR vs AR	BLD-AR-Curtain Mullions-vs-BLD-AR-Windows  Clash352
4.376	1	viewpoint		0	0	00000000-0000-0000-0000-000000000000	legacy		AR vs AR	BLD-AR-Curtain Mullions-vs-BLD-AR-Windows  Clash353
4.377	1	viewpoint		0	0	00000000-0000-0000-0000-000000000000	legacy		AR vs AR	BLD-AR-Curtain Mullions-vs-BLD-AR-Windows  Clash354
4.378	1	viewpoint		0	0	00000000-0000-0000-0000-000000000000	legacy		AR vs AR	BLD-AR-Curtain Mullions-vs-BLD-AR-Windows  Clash355
4.379	1	viewpoint		0	0	00000000-0000-0000-0000-000000000000	legacy		AR vs AR	BLD-AR-Curtain Mullions-vs-BLD-AR-Windows  Clash356
4.380	1	viewpoint		0	0	00000000-0000-0000-0000-000000000000	legacy		AR vs AR	BLD-AR-Curtain Mullions-vs-BLD-AR-Windows  Clash357
4.381	1	viewpoint		0	0	00000000-0000-0000-0000-000000000000	legacy		AR vs AR	BLD-AR-Curtain Mullions-vs-BLD-AR-Windows  Clash358
4.382	1	viewpoint		0	0	00000000-0000-0000-0000-000000000000	legacy		AR vs AR	BLD-AR-Curtain Mullions-vs-BLD-AR-Windows  Clash359
4.383	1	viewpoint		0	0	00000000-0000-0000-0000-000000000000	legacy		AR vs AR	BLD-AR-Curtain Mullions-vs-BLD-AR-Windows  Clash360
4.384	1	viewpoint		0	0	00000000-0000-0000-0000-000000000000	legacy		AR vs AR	BLD-AR-Curtain Mullions-vs-BLD-AR-Windows  Clash361
4.385	1	viewpoint		0	0	00000000-0000-0000-0000-000000000000	legacy		AR vs AR	BLD-AR-Curtain Mullions-vs-BLD-AR-Windows  Clash362
4.386	1	viewpoint		0	0	00000000-0000-0000-0000-000000000000	legacy		AR vs AR	BLD-AR-Curtain Mullions-vs-BLD-AR-Windows  Clash363
4.387	1	viewpoint		0	0	00000000-0000-0000-0000-000000000000	legacy		AR vs AR	BLD-AR-Curtain Mullions-vs-BLD-AR-Windows  Clash364
4.388	1	viewpoint		0	0	00000000-0000-0000-0000-000000000000	legacy		AR vs AR	BLD-AR-Curtain Mullions-vs-BLD-AR-Windows  Clash365
4.389	1	viewpoint		0	0	00000000-0000-0000-0000-000000000000	legacy		AR vs AR	BLD-AR-Curtain Mullions-vs-BLD-AR-Windows  Clash366
4.390	1	viewpoint		0	0	00000000-0000-0000-0000-000000000000	legacy		AR vs AR	BLD-AR-Curtain Mullions-vs-BLD-AR-Windows  Clash367
4.391	1	viewpoint		0	0	00000000-0000-0000-0000-000000000000	legacy		AR vs AR	BLD-AR-Curtain Mullions-vs-BLD-AR-Windows  Clash368
4.392	1	viewpoint		0	0	00000000-0000-0000-0000-000000000000	legacy		AR vs AR	BLD-AR-Curtain Mullions-vs-BLD-AR-Windows  Clash369
4.393	1	viewpoint		0	0	00000000-0000-0000-0000-000000000000	legacy		AR vs AR	BLD-AR-Curtain Mullions-vs-BLD-AR-Windows  Clash370
4.394	1	viewpoint		0	0	00000000-0000-0000-0000-000000000000	legacy		AR vs AR	BLD-AR-Curtain Mullions-vs-BLD-AR-Windows  Clash371
4.395	1	viewpoint		0	0	00000000-0000-0000-0000-000000000000	legacy		AR vs AR	BLD-AR-Curtain Mullions-vs-BLD-AR-Windows  Clash372
4.396	1	viewpoint		0	0	00000000-0000-0000-0000-000000000000	legacy		AR vs AR	BLD-AR-Curtain Mullions-vs-BLD-AR-Windows  Clash373
4.397	1	viewpoint		0	0	00000000-0000-0000-0000-000000000000	legacy		AR vs AR	BLD-AR-Curtain Mullions-vs-BLD-AR-Windows  Clash374
4.398	1	viewpoint		0	0	00000000-0000-0000-0000-000000000000	legacy		AR vs AR	BLD-AR-Curtain Mullions-vs-BLD-AR-Windows  Clash375
4.399	1	viewpoint		0	0	00000000-0000-0000-0000-000000000000	legacy		AR vs AR	BLD-AR-Curtain Mullions-vs-BLD-AR-Windows  Clash376
4.400	1	viewpoint		0	0	00000000-0000-0000-0000-000000000000	legacy		AR vs AR	BLD-AR-Curtain Mullions-vs-BLD-AR-Windows  Clash377
4.401	1	viewpoint		0	0	00000000-0000-0000-0000-000000000000	legacy		AR vs AR	BLD-AR-Curtain Mullions-vs-BLD-AR-Windows  Clash378
4.402	1	viewpoint		0	0	00000000-0000-0000-0000-000000000000	legacy		AR vs AR	BLD-AR-Curtain Mullions-vs-BLD-AR-Windows  Clash379
4.403	1	viewpoint		0	0	00000000-0000-0000-0000-000000000000	legacy		AR vs AR	BLD-AR-Curtain Mullions-vs-BLD-AR-Windows  Clash380
4.404	1	viewpoint		0	0	00000000-0000-0000-0000-000000000000	legacy		AR vs AR	BLD-AR-Curtain Mullions-vs-BLD-AR-Windows  Clash381
4.405	1	viewpoint		0	0	00000000-0000-0000-0000-000000000000	legacy		AR vs AR	BLD-AR-Curtain Mullions-vs-BLD-AR-Windows  Clash382
4.406	1	viewpoint		0	0	00000000-0000-0000-0000-000000000000	legacy		AR vs AR	BLD-AR-Curtain Mullions-vs-BLD-AR-Windows  Clash383
4.407	1	viewpoint		0	0	00000000-0000-0000-0000-000000000000	legacy		AR vs AR	BLD-AR-Curtain Mullions-vs-BLD-AR-Windows  Clash384
4.408	1	viewpoint		0	0	00000000-0000-0000-0000-000000000000	legacy		AR vs AR	BLD-AR-Curtain Mullions-vs-BLD-AR-Windows  Clash385
4.409	1	viewpoint		0	0	00000000-0000-0000-0000-000000000000	legacy		AR vs AR	BLD-AR-Curtain Mullions-vs-BLD-AR-Windows  Clash386
4.410	1	viewpoint		0	0	00000000-0000-0000-0000-000000000000	legacy		AR vs AR	BLD-AR-Curtain Mullions-vs-BLD-AR-Windows  Clash387
4.411	1	viewpoint		0	0	00000000-0000-0000-0000-000000000000	legacy		AR vs AR	BLD-AR-Curtain Mullions-vs-BLD-AR-Windows  Clash388
4.412	1	viewpoint		0	0	00000000-0000-0000-0000-000000000000	legacy		AR vs AR	BLD-AR-Curtain Mullions-vs-BLD-AR-Windows  Clash389
4.413	1	viewpoint		0	0	00000000-0000-0000-0000-000000000000	legacy		AR vs AR	BLD-AR-Curtain Mullions-vs-BLD-AR-Windows  Clash390
4.414	1	viewpoint		0	0	00000000-0000-0000-0000-000000000000	legacy		AR vs AR	BLD-AR-Curtain Mullions-vs-BLD-AR-Windows  Clash391
4.415	1	viewpoint		0	0	00000000-0000-0000-0000-000000000000	legacy		AR vs AR	BLD-AR-Curtain Mullions-vs-BLD-AR-Windows  Clash392
4.416	1	viewpoint		0	0	00000000-0000-0000-0000-000000000000	legacy		AR vs AR	BLD-AR-Curtain Mullions-vs-BLD-AR-Windows  Clash393
4.417	1	viewpoint		0	0	00000000-0000-0000-0000-000000000000	legacy		AR vs AR	BLD-AR-Curtain Mullions-vs-BLD-AR-Windows  Clash394
4.418	1	viewpoint		0	0	00000000-0000-0000-0000-000000000000	legacy		AR vs AR	BLD-AR-Curtain Mullions-vs-BLD-AR-Windows  Clash395
4.419	1	viewpoint		0	0	00000000-0000-0000-0000-000000000000	legacy		AR vs AR	BLD-AR-Curtain Mullions-vs-BLD-AR-Windows  Clash396
4.420	1	viewpoint		0	0	00000000-0000-0000-0000-000000000000	legacy		AR vs AR	BLD-AR-Curtain Mullions-vs-BLD-AR-Windows  Clash397
4.421	1	viewpoint		0	0	00000000-0000-0000-0000-000000000000	legacy		AR vs AR	BLD-AR-Curtain Mullions-vs-BLD-AR-Windows  Clash398
4.422	1	viewpoint		0	0	00000000-0000-0000-0000-000000000000	legacy		AR vs AR	BLD-AR-Curtain Mullions-vs-BLD-AR-Windows  Clash399
4.423	1	viewpoint		0	0	00000000-0000-0000-0000-000000000000	legacy		AR vs AR	BLD-AR-Curtain Mullions-vs-BLD-AR-Windows  Clash400
4.424	1	viewpoint		0	0	00000000-0000-0000-0000-000000000000	legacy		AR vs AR	BLD-AR-Curtain Mullions-vs-BLD-AR-Windows  Clash401
4.425	1	viewpoint		0	0	00000000-0000-0000-0000-000000000000	legacy		AR vs AR	BLD-AR-Curtain Mullions-vs-BLD-AR-Windows  Clash402
4.426	1	viewpoint		0	0	00000000-0000-0000-0000-000000000000	legacy		AR vs AR	BLD-AR-Curtain Mullions-vs-BLD-AR-Windows  Clash403
4.427	1	viewpoint		0	0	00000000-0000-0000-0000-000000000000	legacy		AR vs AR	BLD-AR-Curtain Mullions-vs-BLD-AR-Windows  Clash404
4.428	1	viewpoint		0	0	00000000-0000-0000-0000-000000000000	legacy		AR vs AR	BLD-AR-Curtain Mullions-vs-BLD-AR-Windows  Clash405
4.429	1	viewpoint		0	0	00000000-0000-0000-0000-000000000000	legacy		AR vs AR	BLD-AR-Curtain Mullions-vs-BLD-AR-Windows  Clash406
4.430	1	viewpoint		0	0	00000000-0000-0000-0000-000000000000	legacy		AR vs AR	BLD-AR-Curtain Mullions-vs-BLD-AR-Windows  Clash407
4.431	1	viewpoint		0	0	00000000-0000-0000-0000-000000000000	legacy		AR vs AR	BLD-AR-Curtain Mullions-vs-BLD-AR-Windows  Clash408
4.432	1	viewpoint		0	0	00000000-0000-0000-0000-000000000000	legacy		AR vs AR	BLD-AR-Curtain Mullions-vs-BLD-AR-Windows  Clash409
4.433	1	viewpoint		0	0	00000000-0000-0000-0000-000000000000	legacy		AR vs AR	BLD-AR-Curtain Mullions-vs-BLD-AR-Windows  Clash410
4.434	1	viewpoint		0	0	00000000-0000-0000-0000-000000000000	legacy		AR vs AR	BLD-AR-Curtain Mullions-vs-BLD-AR-Windows  Clash411
4.435	1	viewpoint		0	0	00000000-0000-0000-0000-000000000000	legacy		AR vs AR	BLD-AR-Curtain Mullions-vs-BLD-AR-Windows  Clash412
4.436	1	viewpoint		0	0	00000000-0000-0000-0000-000000000000	legacy		AR vs AR	BLD-AR-Curtain Mullions-vs-BLD-AR-Windows  Clash413
4.437	1	viewpoint		0	0	00000000-0000-0000-0000-000000000000	legacy		AR vs AR	BLD-AR-Curtain Mullions-vs-BLD-AR-Windows  Clash414
4.438	1	viewpoint		0	0	00000000-0000-0000-0000-000000000000	legacy		AR vs AR	BLD-AR-Curtain Mullions-vs-BLD-AR-Windows  Clash415
4.439	1	viewpoint		0	0	00000000-0000-0000-0000-000000000000	legacy		AR vs AR	BLD-AR-Curtain Mullions-vs-BLD-AR-Windows  Clash416
4.440	1	viewpoint		0	0	00000000-0000-0000-0000-000000000000	legacy		AR vs AR	BLD-AR-Curtain Mullions-vs-BLD-AR-Windows  Clash417
4.441	1	viewpoint		0	0	00000000-0000-0000-0000-000000000000	legacy		AR vs AR	BLD-AR-Curtain Mullions-vs-BLD-AR-Windows  Clash418
4.442	1	viewpoint		0	0	00000000-0000-0000-0000-000000000000	legacy		AR vs AR	BLD-AR-Curtain Mullions-vs-BLD-AR-Windows  Clash419
4.443	1	viewpoint		0	0	00000000-0000-0000-0000-000000000000	legacy		AR vs AR	BLD-AR-Curtain Mullions-vs-BLD-AR-Windows  Clash420
4.444	1	viewpoint		0	0	00000000-0000-0000-0000-000000000000	legacy		AR vs AR	BLD-AR-Curtain Mullions-vs-BLD-AR-Windows  Clash421
4.445	1	viewpoint		0	0	00000000-0000-0000-0000-000000000000	legacy		AR vs AR	BLD-AR-Curtain Mullions-vs-BLD-AR-Windows  Clash422
4.446	1	viewpoint		0	0	00000000-0000-0000-0000-000000000000	legacy		AR vs AR	BLD-AR-Curtain Mullions-vs-BLD-AR-Windows  Clash423
4.447	1	viewpoint		0	0	00000000-0000-0000-0000-000000000000	legacy		AR vs AR	BLD-AR-Curtain Mullions-vs-BLD-AR-Windows  Clash424
4.448	1	viewpoint		0	0	00000000-0000-0000-0000-000000000000	legacy		AR vs AR	BLD-AR-Curtain Mullions-vs-BLD-AR-Windows  Clash425
4.449	1	viewpoint		0	0	00000000-0000-0000-0000-000000000000	legacy		AR vs AR	BLD-AR-Curtain Mullions-vs-BLD-AR-Windows  Clash426
4.450	1	viewpoint		0	0	00000000-0000-0000-0000-000000000000	legacy		AR vs AR	BLD-AR-Curtain Mullions-vs-BLD-AR-Windows  Clash427
4.451	1	viewpoint		0	0	00000000-0000-0000-0000-000000000000	legacy		AR vs AR	BLD-AR-Curtain Mullions-vs-BLD-AR-Windows  Clash428
4.452	1	viewpoint		0	0	00000000-0000-0000-0000-000000000000	legacy		AR vs AR	BLD-AR-Curtain Mullions-vs-BLD-AR-Windows  Clash429
4.453	1	viewpoint		0	0	00000000-0000-0000-0000-000000000000	legacy		AR vs AR	BLD-AR-Curtain Mullions-vs-BLD-AR-Windows  Clash430
4.454	1	viewpoint		0	0	00000000-0000-0000-0000-000000000000	legacy		AR vs AR	BLD-AR-Curtain Mullions-vs-BLD-AR-Windows  Clash431
4.455	1	viewpoint		0	0	00000000-0000-0000-0000-000000000000	legacy		AR vs AR	BLD-AR-Curtain Mullions-vs-BLD-AR-Windows  Clash432
4.456	1	viewpoint		0	0	00000000-0000-0000-0000-000000000000	legacy		AR vs AR	BLD-AR-Curtain Mullions-vs-BLD-AR-Windows  Clash433
4.457	1	viewpoint		0	0	00000000-0000-0000-0000-000000000000	legacy		AR vs AR	BLD-AR-Curtain Mullions-vs-BLD-AR-Windows  Clash434
4.458	1	viewpoint		0	0	00000000-0000-0000-0000-000000000000	legacy		AR vs AR	BLD-AR-Curtain Mullions-vs-BLD-AR-Windows  Clash435
4.459	1	viewpoint		0	0	00000000-0000-0000-0000-000000000000	legacy		AR vs AR	BLD-AR-Curtain Mullions-vs-BLD-AR-Windows  Clash436
4.460	1	viewpoint		0	0	00000000-0000-0000-0000-000000000000	legacy		AR vs AR	BLD-AR-Curtain Mullions-vs-BLD-AR-Windows  Clash437
4.461	1	viewpoint		0	0	00000000-0000-0000-0000-000000000000	legacy		AR vs AR	BLD-AR-Curtain Mullions-vs-BLD-AR-Windows  Clash438
4.462	1	viewpoint		0	0	00000000-0000-0000-0000-000000000000	legacy		AR vs AR	BLD-AR-Curtain Mullions-vs-BLD-AR-Windows  Clash439
4.463	1	viewpoint		0	0	00000000-0000-0000-0000-000000000000	legacy		AR vs AR	BLD-AR-Curtain Mullions-vs-BLD-AR-Windows  Clash440
4.464	1	viewpoint		0	0	00000000-0000-0000-0000-000000000000	legacy		AR vs AR	BLD-AR-Curtain Mullions-vs-BLD-AR-Windows  Clash441
4.465	1	viewpoint		0	0	00000000-0000-0000-0000-000000000000	legacy		AR vs AR	BLD-AR-Curtain Mullions-vs-BLD-AR-Windows  Clash442
4.466	1	viewpoint		0	0	00000000-0000-0000-0000-000000000000	legacy		AR vs AR	BLD-AR-Curtain Mullions-vs-BLD-AR-Windows  Clash443
4.467	1	viewpoint		0	0	00000000-0000-0000-0000-000000000000	legacy		AR vs AR	BLD-AR-Curtain Mullions-vs-BLD-AR-Windows  Clash444
4.468	1	viewpoint		0	0	00000000-0000-0000-0000-000000000000	legacy		AR vs AR	BLD-AR-Curtain Mullions-vs-BLD-AR-Windows  Clash445
4.469	1	viewpoint		0	0	00000000-0000-0000-0000-000000000000	legacy		AR vs AR	BLD-AR-Curtain Mullions-vs-BLD-AR-Windows  Clash446
4.470	1	viewpoint		0	0	00000000-0000-0000-0000-000000000000	legacy		AR vs AR	BLD-AR-Curtain Mullions-vs-BLD-AR-Windows  Clash447
4.471	1	viewpoint		0	0	00000000-0000-0000-0000-000000000000	legacy		AR vs AR	BLD-AR-Curtain Mullions-vs-BLD-AR-Windows  Clash448
4.472	1	viewpoint		0	0	00000000-0000-0000-0000-000000000000	legacy		AR vs AR	BLD-AR-Curtain Mullions-vs-BLD-AR-Windows  Clash449
4.473	1	viewpoint		0	0	00000000-0000-0000-0000-000000000000	legacy		AR vs AR	BLD-AR-Curtain Mullions-vs-BLD-AR-Windows  Clash450
4.474	1	viewpoint		0	0	00000000-0000-0000-0000-000000000000	legacy		AR vs AR	BLD-AR-Curtain Mullions-vs-BLD-AR-Windows  Clash451
4.475	1	viewpoint		0	0	00000000-0000-0000-0000-000000000000	legacy		AR vs AR	BLD-AR-Curtain Mullions-vs-BLD-AR-Windows  Clash452
4.476	1	viewpoint		0	0	00000000-0000-0000-0000-000000000000	legacy		AR vs AR	BLD-AR-Curtain Mullions-vs-BLD-AR-Windows  Clash453
4.477	1	viewpoint		0	0	00000000-0000-0000-0000-000000000000	legacy		AR vs AR	BLD-AR-Curtain Mullions-vs-BLD-AR-Windows  Clash454
4.478	1	viewpoint		0	0	00000000-0000-0000-0000-000000000000	legacy		AR vs AR	BLD-AR-Curtain Mullions-vs-BLD-AR-Windows  Clash455
4.479	1	viewpoint		0	0	00000000-0000-0000-0000-000000000000	legacy		AR vs AR	BLD-AR-Curtain Mullions-vs-BLD-AR-Windows  Clash456
4.480	1	viewpoint		0	0	00000000-0000-0000-0000-000000000000	legacy		AR vs AR	BLD-AR-Curtain Mullions-vs-BLD-AR-Windows  Clash457
4.481	1	viewpoint		0	0	00000000-0000-0000-0000-000000000000	legacy		AR vs AR	BLD-AR-Curtain Mullions-vs-BLD-AR-Windows  Clash458
4.482	1	viewpoint		0	0	00000000-0000-0000-0000-000000000000	legacy		AR vs AR	BLD-AR-Curtain Mullions-vs-BLD-AR-Windows  Clash459
4.483	1	viewpoint		0	0	00000000-0000-0000-0000-000000000000	legacy		AR vs AR	BLD-AR-Curtain Mullions-vs-BLD-AR-Windows  Clash460
4.484	1	viewpoint		0	0	00000000-0000-0000-0000-000000000000	legacy		AR vs AR	BLD-AR-Curtain Mullions-vs-BLD-AR-Windows  Clash461
4.485	1	viewpoint		0	0	00000000-0000-0000-0000-000000000000	legacy		AR vs AR	BLD-AR-Curtain Mullions-vs-BLD-AR-Windows  Clash462
4.486	1	viewpoint		0	0	00000000-0000-0000-0000-000000000000	legacy		AR vs AR	BLD-AR-Curtain Mullions-vs-BLD-AR-Windows  Clash463
4.487	1	viewpoint		0	0	00000000-0000-0000-0000-000000000000	legacy		AR vs AR	BLD-AR-Curtain Mullions-vs-BLD-AR-Windows  Clash464
4.488	1	viewpoint		0	0	00000000-0000-0000-0000-000000000000	legacy		AR vs AR	BLD-AR-Curtain Mullions-vs-BLD-AR-Windows  Clash465
4.489	1	viewpoint		0	0	00000000-0000-0000-0000-000000000000	legacy		AR vs AR	BLD-AR-Curtain Mullions-vs-BLD-AR-Windows  Clash466
4.490	1	viewpoint		0	0	00000000-0000-0000-0000-000000000000	legacy		AR vs AR	BLD-AR-Curtain Mullions-vs-BLD-AR-Windows  Clash467
4.491	1	viewpoint		0	0	00000000-0000-0000-0000-000000000000	legacy		AR vs AR	BLD-AR-Curtain Mullions-vs-BLD-AR-Windows  Clash468
4.492	1	viewpoint		0	0	00000000-0000-0000-0000-000000000000	legacy		AR vs AR	BLD-AR-Curtain Mullions-vs-BLD-AR-Windows  Clash469
4.493	1	viewpoint		0	0	00000000-0000-0000-0000-000000000000	legacy		AR vs AR	BLD-AR-Curtain Mullions-vs-BLD-AR-Windows  Clash470
4.494	1	viewpoint		0	0	00000000-0000-0000-0000-000000000000	legacy		AR vs AR	BLD-AR-Curtain Mullions-vs-BLD-AR-Windows  Clash471
4.495	1	viewpoint		0	0	00000000-0000-0000-0000-000000000000	legacy		AR vs AR	BLD-AR-Curtain Mullions-vs-BLD-AR-Windows  Clash472
4.496	1	viewpoint		0	0	00000000-0000-0000-0000-000000000000	legacy		AR vs AR	BLD-AR-Curtain Mullions-vs-BLD-AR-Windows  Clash473
4.497	1	viewpoint		0	0	00000000-0000-0000-0000-000000000000	legacy		AR vs AR	BLD-AR-Curtain Mullions-vs-BLD-AR-Windows  Clash474
4.498	1	viewpoint		0	0	00000000-0000-0000-0000-000000000000	legacy		AR vs AR	BLD-AR-Curtain Mullions-vs-BLD-AR-Windows  Clash475
4.499	1	viewpoint		0	0	00000000-0000-0000-0000-000000000000	legacy		AR vs AR	BLD-AR-Curtain Mullions-vs-BLD-AR-Windows  Clash476
4.500	1	viewpoint		0	0	00000000-0000-0000-0000-000000000000	legacy		AR vs AR	BLD-AR-Curtain Mullions-vs-BLD-AR-Windows  Clash477
4.501	1	viewpoint		0	0	00000000-0000-0000-0000-000000000000	legacy		AR vs AR	BLD-AR-Curtain Mullions-vs-BLD-AR-Windows  Clash478
4.502	1	viewpoint		0	0	00000000-0000-0000-0000-000000000000	legacy		AR vs AR	BLD-AR-Curtain Mullions-vs-BLD-AR-Windows  Clash479
4.503	1	viewpoint		0	0	00000000-0000-0000-0000-000000000000	legacy		AR vs AR	BLD-AR-Curtain Mullions-vs-BLD-AR-Windows  Clash480
4.504	1	viewpoint		0	0	00000000-0000-0000-0000-000000000000	legacy		AR vs AR	BLD-AR-Curtain Mullions-vs-BLD-AR-Windows  Clash481
4.505	1	viewpoint		0	0	00000000-0000-0000-0000-000000000000	legacy		AR vs AR	BLD-AR-Curtain Mullions-vs-BLD-AR-Windows  Clash482
4.506	1	viewpoint		0	0	00000000-0000-0000-0000-000000000000	legacy		AR vs AR	BLD-AR-Curtain Mullions-vs-BLD-AR-Windows  Clash483
4.507	1	viewpoint		0	0	00000000-0000-0000-0000-000000000000	legacy		AR vs AR	BLD-AR-Curtain Mullions-vs-BLD-AR-Windows  Clash484
4.508	1	viewpoint		0	0	00000000-0000-0000-0000-000000000000	legacy		AR vs AR	BLD-AR-Curtain Mullions-vs-BLD-AR-Windows  Clash485
4.509	1	viewpoint		0	0	00000000-0000-0000-0000-000000000000	legacy		AR vs AR	BLD-AR-Curtain Mullions-vs-BLD-AR-Windows  Clash486
4.510	1	viewpoint		0	0	00000000-0000-0000-0000-000000000000	legacy		AR vs AR	BLD-AR-Curtain Mullions-vs-BLD-AR-Windows  Clash487
4.511	1	viewpoint		0	0	00000000-0000-0000-0000-000000000000	legacy		AR vs AR	BLD-AR-Curtain Mullions-vs-BLD-AR-Windows  Clash488
4.512	1	viewpoint		0	0	00000000-0000-0000-0000-000000000000	legacy		AR vs AR	BLD-AR-Curtain Mullions-vs-BLD-AR-Windows  Clash489
4.513	1	viewpoint		0	0	00000000-0000-0000-0000-000000000000	legacy		AR vs AR	BLD-AR-Curtain Mullions-vs-BLD-AR-Windows  Clash490
4.514	1	viewpoint		0	0	00000000-0000-0000-0000-000000000000	legacy		AR vs AR	BLD-AR-Curtain Mullions-vs-BLD-AR-Windows  Clash491
4.515	1	viewpoint		0	0	00000000-0000-0000-0000-000000000000	legacy		AR vs AR	BLD-AR-Curtain Mullions-vs-BLD-AR-Windows  Clash492
4.516	1	viewpoint		0	0	00000000-0000-0000-0000-000000000000	legacy		AR vs AR	BLD-AR-Curtain Mullions-vs-BLD-AR-Windows  Clash493
4.517	1	viewpoint		0	0	00000000-0000-0000-0000-000000000000	legacy		AR vs AR	BLD-AR-Curtain Mullions-vs-BLD-AR-Windows  Clash494
4.518	1	viewpoint		0	0	00000000-0000-0000-0000-000000000000	legacy		AR vs AR	BLD-AR-Curtain Mullions-vs-BLD-AR-Windows  Clash495
4.519	1	viewpoint		0	0	00000000-0000-0000-0000-000000000000	legacy		AR vs AR	BLD-AR-Curtain Mullions-vs-BLD-AR-Windows  Clash496
4.520	1	viewpoint		0	0	00000000-0000-0000-0000-000000000000	legacy		AR vs AR	BLD-AR-Curtain Mullions-vs-BLD-AR-Windows  Clash497
4.521	1	viewpoint		0	0	00000000-0000-0000-0000-000000000000	legacy		AR vs AR	BLD-AR-Curtain Mullions-vs-BLD-AR-Windows  Clash498
4.522	1	viewpoint		0	0	00000000-0000-0000-0000-000000000000	legacy		AR vs AR	BLD-AR-Curtain Mullions-vs-BLD-AR-Windows  Clash499
4.523	1	viewpoint		0	0	00000000-0000-0000-0000-000000000000	legacy		AR vs AR	BLD-AR-Curtain Mullions-vs-BLD-AR-Windows  Clash500
4.524	1	viewpoint		0	0	00000000-0000-0000-0000-000000000000	legacy		AR vs AR	BLD-AR-Curtain Mullions-vs-BLD-AR-Windows  Clash501
4.525	1	viewpoint		0	0	00000000-0000-0000-0000-000000000000	legacy		AR vs AR	BLD-AR-Curtain Mullions-vs-BLD-AR-Windows  Clash502
4.526	1	viewpoint		0	0	00000000-0000-0000-0000-000000000000	legacy		AR vs AR	BLD-AR-Curtain Mullions-vs-BLD-AR-Windows  Clash503
4.527	1	viewpoint		0	0	00000000-0000-0000-0000-000000000000	legacy		AR vs AR	BLD-AR-Curtain Mullions-vs-BLD-AR-Windows  Clash504
4.528	1	viewpoint		0	0	00000000-0000-0000-0000-000000000000	legacy		AR vs AR	BLD-AR-Curtain Mullions-vs-BLD-AR-Windows  Clash505
4.529	1	viewpoint		0	0	00000000-0000-0000-0000-000000000000	legacy		AR vs AR	BLD-AR-Curtain Mullions-vs-BLD-AR-Windows  Clash506
4.530	1	viewpoint		0	0	00000000-0000-0000-0000-000000000000	legacy		AR vs AR	BLD-AR-Curtain Mullions-vs-BLD-AR-Windows  Clash507
4.531	1	viewpoint		0	0	00000000-0000-0000-0000-000000000000	legacy		AR vs AR	BLD-AR-Curtain Mullions-vs-BLD-AR-Windows  Clash508
4.532	1	viewpoint		0	0	00000000-0000-0000-0000-000000000000	legacy		AR vs AR	BLD-AR-Curtain Mullions-vs-BLD-AR-Windows  Clash509
4.533	1	viewpoint		0	0	00000000-0000-0000-0000-000000000000	legacy		AR vs AR	BLD-AR-Curtain Mullions-vs-BLD-AR-Windows  Clash510
4.534	1	viewpoint		0	0	00000000-0000-0000-0000-000000000000	legacy		AR vs AR	BLD-AR-Curtain Mullions-vs-BLD-AR-Windows  Clash511
4.535	1	viewpoint		0	0	00000000-0000-0000-0000-000000000000	legacy		AR vs AR	BLD-AR-Curtain Mullions-vs-BLD-AR-Windows  Clash512
4.536	1	viewpoint		0	0	00000000-0000-0000-0000-000000000000	legacy		AR vs AR	BLD-AR-Curtain Mullions-vs-BLD-AR-Windows  Clash513
4.537	1	viewpoint		0	0	00000000-0000-0000-0000-000000000000	legacy		AR vs AR	BLD-AR-Curtain Mullions-vs-BLD-AR-Windows  Clash514
4.538	1	viewpoint		0	0	00000000-0000-0000-0000-000000000000	legacy		AR vs AR	BLD-AR-Curtain Mullions-vs-BLD-AR-Windows  Clash515
4.539	1	viewpoint		0	0	00000000-0000-0000-0000-000000000000	legacy		AR vs AR	BLD-AR-Curtain Mullions-vs-BLD-AR-Windows  Clash516
4.540	1	viewpoint		0	0	00000000-0000-0000-0000-000000000000	legacy		AR vs AR	BLD-AR-Curtain Mullions-vs-BLD-AR-Windows  Clash517
4.541	1	viewpoint		0	0	00000000-0000-0000-0000-000000000000	legacy		AR vs AR	BLD-AR-Curtain Mullions-vs-BLD-AR-Windows  Clash518
4.542	1	viewpoint		0	0	00000000-0000-0000-0000-000000000000	legacy		AR vs AR	BLD-AR-Curtain Mullions-vs-BLD-AR-Windows  Clash519
4.543	1	viewpoint		0	0	00000000-0000-0000-0000-000000000000	legacy		AR vs AR	BLD-AR-Curtain Mullions-vs-BLD-AR-Windows  Clash520
4.544	1	viewpoint		0	0	00000000-0000-0000-0000-000000000000	legacy		AR vs AR	BLD-AR-Curtain Mullions-vs-BLD-AR-Windows  Clash521
4.545	1	viewpoint		0	0	00000000-0000-0000-0000-000000000000	legacy		AR vs AR	BLD-AR-Curtain Mullions-vs-BLD-AR-Windows  Clash522
4.546	1	viewpoint		0	0	00000000-0000-0000-0000-000000000000	legacy		AR vs AR	BLD-AR-Curtain Mullions-vs-BLD-AR-Windows  Clash523
4.547	1	viewpoint		0	0	00000000-0000-0000-0000-000000000000	legacy		AR vs AR	BLD-AR-Curtain Mullions-vs-BLD-AR-Windows  Clash524
4.548	1	viewpoint		0	0	00000000-0000-0000-0000-000000000000	legacy		AR vs AR	BLD-AR-Curtain Mullions-vs-BLD-AR-Windows  Clash525
4.549	1	viewpoint		0	0	00000000-0000-0000-0000-000000000000	legacy		AR vs AR	BLD-AR-Curtain Mullions-vs-BLD-AR-Windows  Clash526
4.550	1	viewpoint		0	0	00000000-0000-0000-0000-000000000000	legacy		AR vs AR	BLD-AR-Curtain Mullions-vs-BLD-AR-Windows  Clash527
4.551	1	viewpoint		0	0	00000000-0000-0000-0000-000000000000	legacy		AR vs AR	BLD-AR-Curtain Mullions-vs-BLD-AR-Windows  Clash528
4.552	1	viewpoint		0	0	00000000-0000-0000-0000-000000000000	legacy		AR vs AR	BLD-AR-Curtain Mullions-vs-BLD-AR-Windows  Clash529
4.553	1	viewpoint		0	0	00000000-0000-0000-0000-000000000000	legacy		AR vs AR	BLD-AR-Curtain Mullions-vs-BLD-AR-Windows  Clash530
4.554	1	viewpoint		0	0	00000000-0000-0000-0000-000000000000	legacy		AR vs AR	BLD-AR-Curtain Mullions-vs-BLD-AR-Windows  Clash531
4.555	1	viewpoint		0	0	00000000-0000-0000-0000-000000000000	legacy		AR vs AR	BLD-AR-Curtain Mullions-vs-BLD-AR-Windows  Clash532
4.556	1	viewpoint		0	0	00000000-0000-0000-0000-000000000000	legacy		AR vs AR	BLD-AR-Curtain Mullions-vs-BLD-AR-Windows  Clash533
4.557	1	viewpoint		0	0	00000000-0000-0000-0000-000000000000	legacy		AR vs AR	BLD-AR-Curtain Mullions-vs-BLD-AR-Windows  Clash534
4.558	1	viewpoint		0	0	00000000-0000-0000-0000-000000000000	legacy		AR vs AR	BLD-AR-Curtain Mullions-vs-BLD-AR-Windows  Clash535
4.559	1	viewpoint		0	0	00000000-0000-0000-0000-000000000000	legacy		AR vs AR	BLD-AR-Curtain Mullions-vs-BLD-AR-Windows  Clash536
4.560	1	viewpoint		0	0	00000000-0000-0000-0000-000000000000	legacy		AR vs AR	BLD-AR-Curtain Mullions-vs-BLD-AR-Windows  Clash537
4.561	1	viewpoint		0	0	00000000-0000-0000-0000-000000000000	legacy		AR vs AR	BLD-AR-Curtain Mullions-vs-BLD-AR-Windows  Clash538
4.562	1	viewpoint		0	0	00000000-0000-0000-0000-000000000000	legacy		AR vs AR	BLD-AR-Curtain Mullions-vs-BLD-AR-Windows  Clash539
4.563	1	viewpoint		0	0	00000000-0000-0000-0000-000000000000	legacy		AR vs AR	BLD-AR-Curtain Mullions-vs-BLD-AR-Windows  Clash540
4.564	1	viewpoint		0	0	00000000-0000-0000-0000-000000000000	legacy		AR vs AR	BLD-AR-Curtain Mullions-vs-BLD-AR-Windows  Clash541
4.565	1	viewpoint		0	0	00000000-0000-0000-0000-000000000000	legacy		AR vs AR	BLD-AR-Curtain Mullions-vs-BLD-AR-Windows  Clash542
4.566	1	viewpoint		0	0	00000000-0000-0000-0000-000000000000	legacy		AR vs AR	BLD-AR-Curtain Mullions-vs-BLD-AR-Windows  Clash543
4.567	1	viewpoint		0	0	00000000-0000-0000-0000-000000000000	legacy		AR vs AR	BLD-AR-Curtain Mullions-vs-BLD-AR-Windows  Clash544
4.568	1	viewpoint		0	0	00000000-0000-0000-0000-000000000000	legacy		AR vs AR	BLD-AR-Curtain Mullions-vs-BLD-AR-Windows  Clash545
4.569	1	viewpoint		0	0	00000000-0000-0000-0000-000000000000	legacy		AR vs AR	BLD-AR-Curtain Mullions-vs-BLD-AR-Windows  Clash546
4.570	1	viewpoint		0	0	00000000-0000-0000-0000-000000000000	legacy		AR vs AR	BLD-AR-Curtain Mullions-vs-BLD-AR-Windows  Clash547
4.571	1	viewpoint		0	0	00000000-0000-0000-0000-000000000000	legacy		AR vs AR	BLD-AR-Curtain Mullions-vs-BLD-AR-Windows  Clash548
4.572	1	viewpoint		0	0	00000000-0000-0000-0000-000000000000	legacy		AR vs AR	BLD-AR-Curtain Mullions-vs-BLD-AR-Windows  Clash549
4.573	1	viewpoint		0	0	00000000-0000-0000-0000-000000000000	legacy		AR vs AR	BLD-AR-Curtain Mullions-vs-BLD-AR-Windows  Clash550
4.574	1	viewpoint		0	0	00000000-0000-0000-0000-000000000000	legacy		AR vs AR	BLD-AR-Curtain Mullions-vs-BLD-AR-Windows  Clash551
4.575	1	viewpoint		0	0	00000000-0000-0000-0000-000000000000	legacy		AR vs AR	BLD-AR-Curtain Mullions-vs-BLD-AR-Windows  Clash552
4.576	1	viewpoint		0	0	00000000-0000-0000-0000-000000000000	legacy		AR vs AR	BLD-AR-Curtain Mullions-vs-BLD-AR-Windows  Clash553
4.577	1	viewpoint		0	0	00000000-0000-0000-0000-000000000000	legacy		AR vs AR	BLD-AR-Curtain Mullions-vs-BLD-AR-Windows  Clash554
4.578	1	viewpoint		0	0	00000000-0000-0000-0000-000000000000	legacy		AR vs AR	BLD-AR-Curtain Mullions-vs-BLD-AR-Windows  Clash555
4.579	1	viewpoint		0	0	00000000-0000-0000-0000-000000000000	legacy		AR vs AR	BLD-AR-Curtain Mullions-vs-BLD-AR-Windows  Clash556
4.580	1	viewpoint		0	0	00000000-0000-0000-0000-000000000000	legacy		AR vs AR	BLD-AR-Curtain Mullions-vs-BLD-AR-Windows  Clash557
4.581	1	viewpoint		0	0	00000000-0000-0000-0000-000000000000	legacy		AR vs AR	BLD-AR-Curtain Mullions-vs-BLD-AR-Windows  Clash558
4.582	1	viewpoint		0	0	00000000-0000-0000-0000-000000000000	legacy		AR vs AR	BLD-AR-Curtain Mullions-vs-BLD-AR-Windows  Clash559
4.583	1	viewpoint		0	0	00000000-0000-0000-0000-000000000000	legacy		AR vs AR	BLD-AR-Curtain Mullions-vs-BLD-AR-Windows  Clash560
4.584	1	viewpoint		0	0	00000000-0000-0000-0000-000000000000	legacy		AR vs AR	BLD-AR-Curtain Mullions-vs-BLD-AR-Windows  Clash561
4.585	1	viewpoint		0	0	00000000-0000-0000-0000-000000000000	legacy		AR vs AR	BLD-AR-Curtain Mullions-vs-BLD-AR-Windows  Clash562
4.586	1	viewpoint		0	0	00000000-0000-0000-0000-000000000000	legacy		AR vs AR	BLD-AR-Curtain Mullions-vs-BLD-AR-Windows  Clash563
4.587	1	viewpoint		0	0	00000000-0000-0000-0000-000000000000	legacy		AR vs AR	BLD-AR-Curtain Mullions-vs-BLD-AR-Windows  Clash564
4.588	1	viewpoint		0	0	00000000-0000-0000-0000-000000000000	legacy		AR vs AR	BLD-AR-Curtain Mullions-vs-BLD-AR-Windows  Clash565
4.589	1	viewpoint		0	0	00000000-0000-0000-0000-000000000000	legacy		AR vs AR	BLD-AR-Curtain Mullions-vs-BLD-AR-Windows  Clash566
4.590	1	viewpoint		0	0	00000000-0000-0000-0000-000000000000	legacy		AR vs AR	BLD-AR-Curtain Mullions-vs-BLD-AR-Windows  Clash567
4.591	1	viewpoint		0	0	00000000-0000-0000-0000-000000000000	legacy		AR vs AR	BLD-AR-Curtain Mullions-vs-BLD-AR-Windows  Clash568
4.592	1	viewpoint		0	0	00000000-0000-0000-0000-000000000000	legacy		AR vs AR	BLD-AR-Curtain Mullions-vs-BLD-AR-Windows  Clash569
4.593	1	viewpoint		0	0	00000000-0000-0000-0000-000000000000	legacy		AR vs AR	BLD-AR-Curtain Mullions-vs-BLD-AR-Windows  Clash570
4.594	1	viewpoint		0	0	00000000-0000-0000-0000-000000000000	legacy		AR vs AR	BLD-AR-Curtain Mullions-vs-BLD-AR-Windows  Clash571
4.595	1	viewpoint		0	0	00000000-0000-0000-0000-000000000000	legacy		AR vs AR	BLD-AR-Curtain Mullions-vs-BLD-AR-Windows  Clash572
4.596	1	viewpoint		0	0	00000000-0000-0000-0000-000000000000	legacy		AR vs AR	BLD-AR-Curtain Mullions-vs-BLD-AR-Windows  Clash573
4.597	1	viewpoint		0	0	00000000-0000-0000-0000-000000000000	legacy		AR vs AR	BLD-AR-Curtain Mullions-vs-BLD-AR-Windows  Clash574
4.598	1	viewpoint		0	0	00000000-0000-0000-0000-000000000000	legacy		AR vs AR	BLD-AR-Curtain Mullions-vs-BLD-AR-Windows  Clash575
4.599	1	viewpoint		0	0	00000000-0000-0000-0000-000000000000	legacy		AR vs AR	BLD-AR-Curtain Mullions-vs-BLD-AR-Windows  Clash576
4.600	1	viewpoint		0	0	00000000-0000-0000-0000-000000000000	legacy		AR vs AR	BLD-AR-Curtain Mullions-vs-BLD-AR-Windows  Clash577
4.601	1	viewpoint		0	0	00000000-0000-0000-0000-000000000000	legacy		AR vs AR	BLD-AR-Curtain Mullions-vs-BLD-AR-Windows  Clash578
4.602	1	viewpoint		0	0	00000000-0000-0000-0000-000000000000	legacy		AR vs AR	BLD-AR-Curtain Mullions-vs-BLD-AR-Windows  Clash579
4.603	1	viewpoint		0	0	00000000-0000-0000-0000-000000000000	legacy		AR vs AR	BLD-AR-Curtain Mullions-vs-BLD-AR-Windows  Clash580
4.604	1	viewpoint		0	0	00000000-0000-0000-0000-000000000000	legacy		AR vs AR	BLD-AR-Curtain Mullions-vs-BLD-AR-Windows  Clash581
4.605	1	viewpoint		0	0	00000000-0000-0000-0000-000000000000	legacy		AR vs AR	BLD-AR-Curtain Mullions-vs-BLD-AR-Windows  Clash582
4.606	1	viewpoint		0	0	00000000-0000-0000-0000-000000000000	legacy		AR vs AR	BLD-AR-Curtain Mullions-vs-BLD-AR-Windows  Clash583
4.607	1	viewpoint		0	0	00000000-0000-0000-0000-000000000000	legacy		AR vs AR	BLD-AR-Curtain Mullions-vs-BLD-AR-Windows  Clash584
4.608	1	viewpoint		0	0	00000000-0000-0000-0000-000000000000	legacy		AR vs AR	BLD-AR-Curtain Mullions-vs-BLD-AR-Windows  Clash585
4.609	1	viewpoint		0	0	00000000-0000-0000-0000-000000000000	legacy		AR vs AR	BLD-AR-Curtain Mullions-vs-BLD-AR-Windows  Clash586
4.610	1	viewpoint		0	0	00000000-0000-0000-0000-000000000000	legacy		AR vs AR	BLD-AR-Curtain Mullions-vs-BLD-AR-Windows  Clash587
4.611	1	viewpoint		0	0	00000000-0000-0000-0000-000000000000	legacy		AR vs AR	BLD-AR-Curtain Mullions-vs-BLD-AR-Windows  Clash588
4.612	1	viewpoint		0	0	00000000-0000-0000-0000-000000000000	legacy		AR vs AR	BLD-AR-Curtain Mullions-vs-BLD-AR-Windows  Clash589
4.613	1	viewpoint		0	0	00000000-0000-0000-0000-000000000000	legacy		AR vs AR	BLD-AR-Curtain Mullions-vs-BLD-AR-Windows  Clash590
4.614	1	viewpoint		0	0	00000000-0000-0000-0000-000000000000	legacy		AR vs AR	BLD-AR-Curtain Mullions-vs-BLD-AR-Windows  Clash591
4.615	1	viewpoint		0	0	00000000-0000-0000-0000-000000000000	legacy		AR vs AR	BLD-AR-Curtain Mullions-vs-BLD-AR-Windows  Clash592
4.616	1	viewpoint		0	0	00000000-0000-0000-0000-000000000000	legacy		AR vs AR	BLD-AR-Curtain Mullions-vs-BLD-AR-Windows  Clash593
4.617	1	viewpoint		0	0	00000000-0000-0000-0000-000000000000	legacy		AR vs AR	BLD-AR-Curtain Mullions-vs-BLD-AR-Windows  Clash594
4.618	1	viewpoint		0	0	00000000-0000-0000-0000-000000000000	legacy		AR vs AR	BLD-AR-Curtain Mullions-vs-BLD-AR-Windows  Clash595
4.619	1	viewpoint		0	0	00000000-0000-0000-0000-000000000000	legacy		AR vs AR	BLD-AR-Curtain Mullions-vs-BLD-AR-Windows  Clash596
4.620	1	viewpoint		0	0	00000000-0000-0000-0000-000000000000	legacy		AR vs AR	BLD-AR-Curtain Mullions-vs-BLD-AR-Windows  Clash597
4.621	1	viewpoint		0	0	00000000-0000-0000-0000-000000000000	legacy		AR vs AR	BLD-AR-Curtain Mullions-vs-BLD-AR-Windows  Clash598
4.622	1	viewpoint		0	0	00000000-0000-0000-0000-000000000000	legacy		AR vs AR	BLD-AR-Curtain Mullions-vs-BLD-AR-Windows  Clash599
4.623	1	viewpoint		0	0	00000000-0000-0000-0000-000000000000	legacy		AR vs AR	BLD-AR-Curtain Mullions-vs-BLD-AR-Windows  Clash600
4.624	1	viewpoint		0	0	00000000-0000-0000-0000-000000000000	legacy		AR vs AR	BLD-AR-Curtain Mullions-vs-BLD-AR-Windows  Clash601
4.625	1	viewpoint		0	0	00000000-0000-0000-0000-000000000000	legacy		AR vs AR	BLD-AR-Curtain Mullions-vs-BLD-AR-Windows  Clash602
4.626	1	viewpoint		0	0	00000000-0000-0000-0000-000000000000	legacy		AR vs AR	BLD-AR-Curtain Mullions-vs-BLD-AR-Windows  Clash603
4.627	1	viewpoint		0	0	00000000-0000-0000-0000-000000000000	legacy		AR vs AR	BLD-AR-Curtain Mullions-vs-BLD-AR-Windows  Clash604
4.628	1	viewpoint		0	0	00000000-0000-0000-0000-000000000000	legacy		AR vs AR	BLD-AR-Curtain Mullions-vs-BLD-AR-Windows  Clash605
4.629	1	viewpoint		0	0	00000000-0000-0000-0000-000000000000	legacy		AR vs AR	BLD-AR-Curtain Mullions-vs-BLD-AR-Windows  Clash606
4.630	1	viewpoint		0	0	00000000-0000-0000-0000-000000000000	legacy		AR vs AR	BLD-AR-Curtain Mullions-vs-BLD-AR-Windows  Clash607
4.631	1	viewpoint		0	0	00000000-0000-0000-0000-000000000000	legacy		AR vs AR	BLD-AR-Curtain Mullions-vs-BLD-AR-Windows  Clash608
4.632	1	viewpoint		0	0	00000000-0000-0000-0000-000000000000	legacy		AR vs AR	BLD-AR-Curtain Mullions-vs-BLD-AR-Windows  Clash609
4.633	1	viewpoint		0	0	00000000-0000-0000-0000-000000000000	legacy		AR vs AR	BLD-AR-Curtain Mullions-vs-BLD-AR-Windows  Clash610
4.634	1	viewpoint		0	0	00000000-0000-0000-0000-000000000000	legacy		AR vs AR	BLD-AR-Curtain Mullions-vs-BLD-AR-Windows  Clash611
4.635	1	viewpoint		0	0	00000000-0000-0000-0000-000000000000	legacy		AR vs AR	BLD-AR-Curtain Mullions-vs-BLD-AR-Windows  Clash612
4.636	1	viewpoint		0	0	00000000-0000-0000-0000-000000000000	legacy		AR vs AR	BLD-AR-Curtain Mullions-vs-BLD-AR-Windows  Clash613
4.637	1	viewpoint		0	0	00000000-0000-0000-0000-000000000000	legacy		AR vs AR	BLD-AR-Curtain Mullions-vs-BLD-AR-Windows  Clash614
4.638	1	viewpoint		0	0	00000000-0000-0000-0000-000000000000	legacy		AR vs AR	BLD-AR-Curtain Mullions-vs-BLD-AR-Windows  Clash615
4.639	1	viewpoint		0	0	00000000-0000-0000-0000-000000000000	legacy		AR vs AR	BLD-AR-Curtain Mullions-vs-BLD-AR-Windows  Clash616
4.640	1	viewpoint		0	0	00000000-0000-0000-0000-000000000000	legacy		AR vs AR	BLD-AR-Curtain Mullions-vs-BLD-AR-Windows  Clash617
4.641	1	viewpoint		0	0	00000000-0000-0000-0000-000000000000	legacy		AR vs AR	BLD-AR-Curtain Mullions-vs-BLD-AR-Windows  Clash618
4.642	1	viewpoint		0	0	00000000-0000-0000-0000-000000000000	legacy		AR vs AR	BLD-AR-Curtain Mullions-vs-BLD-AR-Windows  Clash619
4.643	1	viewpoint		0	0	00000000-0000-0000-0000-000000000000	legacy		AR vs AR	BLD-AR-Curtain Mullions-vs-BLD-AR-Windows  Clash620
4.644	1	viewpoint		0	0	00000000-0000-0000-0000-000000000000	legacy		AR vs AR	BLD-AR-Curtain Mullions-vs-BLD-AR-Windows  Clash621
4.645	1	viewpoint		0	0	00000000-0000-0000-0000-000000000000	legacy		AR vs AR	BLD-AR-Curtain Mullions-vs-BLD-AR-Windows  Clash622
4.646	1	viewpoint		0	0	00000000-0000-0000-0000-000000000000	legacy		AR vs AR	BLD-AR-Curtain Mullions-vs-BLD-AR-Windows  Clash623
4.647	1	viewpoint		0	0	00000000-0000-0000-0000-000000000000	legacy		AR vs AR	BLD-AR-Curtain Mullions-vs-BLD-AR-Windows  Clash624
4.648	1	viewpoint		0	0	00000000-0000-0000-0000-000000000000	legacy		AR vs AR	BLD-AR-Curtain Mullions-vs-BLD-AR-Windows  Clash625
4.649	1	viewpoint		0	0	00000000-0000-0000-0000-000000000000	legacy		AR vs AR	BLD-AR-Curtain Mullions-vs-BLD-AR-Windows  Clash626
4.650	1	viewpoint		0	0	00000000-0000-0000-0000-000000000000	legacy		AR vs AR	BLD-AR-Curtain Mullions-vs-BLD-AR-Windows  Clash627
4.651	1	viewpoint		0	0	00000000-0000-0000-0000-000000000000	legacy		AR vs AR	BLD-AR-Curtain Mullions-vs-BLD-AR-Windows  Clash628
4.652	1	viewpoint		0	0	00000000-0000-0000-0000-000000000000	legacy		AR vs AR	BLD-AR-Curtain Mullions-vs-BLD-AR-Windows  Clash629
4.653	1	viewpoint		0	0	00000000-0000-0000-0000-000000000000	legacy		AR vs AR	BLD-AR-Curtain Mullions-vs-BLD-AR-Windows  Clash630
4.654	1	viewpoint		0	0	00000000-0000-0000-0000-000000000000	legacy		AR vs AR	BLD-AR-Curtain Mullions-vs-BLD-AR-Windows  Clash631
4.655	1	viewpoint		0	0	00000000-0000-0000-0000-000000000000	legacy		AR vs AR	BLD-AR-Curtain Mullions-vs-BLD-AR-Windows  Clash632
4.656	1	viewpoint		0	0	00000000-0000-0000-0000-000000000000	legacy		AR vs AR	BLD-AR-Curtain Mullions-vs-BLD-AR-Windows  Clash633
4.657	1	viewpoint		0	0	00000000-0000-0000-0000-000000000000	legacy		AR vs AR	BLD-AR-Curtain Mullions-vs-BLD-AR-Windows  Clash634
4.658	1	viewpoint		0	0	00000000-0000-0000-0000-000000000000	legacy		AR vs AR	BLD-AR-Curtain Mullions-vs-BLD-AR-Windows  Clash635
4.659	1	viewpoint		0	0	00000000-0000-0000-0000-000000000000	legacy		AR vs AR	BLD-AR-Curtain Mullions-vs-BLD-AR-Windows  Clash636
4.660	1	viewpoint		0	0	00000000-0000-0000-0000-000000000000	legacy		AR vs AR	BLD-AR-Curtain Mullions-vs-BLD-AR-Windows  Clash637
4.661	1	viewpoint		0	0	00000000-0000-0000-0000-000000000000	legacy		AR vs AR	BLD-AR-Curtain Mullions-vs-BLD-AR-Windows  Clash638
4.662	1	viewpoint		0	0	00000000-0000-0000-0000-000000000000	legacy		AR vs AR	BLD-AR-Curtain Mullions-vs-BLD-AR-Windows  Clash639
4.663	1	viewpoint		0	0	00000000-0000-0000-0000-000000000000	legacy		AR vs AR	BLD-AR-Curtain Mullions-vs-BLD-AR-Windows  Clash640
4.664	1	viewpoint		0	0	00000000-0000-0000-0000-000000000000	legacy		AR vs AR	BLD-AR-Curtain Mullions-vs-BLD-AR-Windows  Clash641
4.665	1	viewpoint		0	0	00000000-0000-0000-0000-000000000000	legacy		AR vs AR	BLD-AR-Curtain Mullions-vs-BLD-AR-Windows  Clash642
4.666	1	viewpoint		0	0	00000000-0000-0000-0000-000000000000	legacy		AR vs AR	BLD-AR-Curtain Mullions-vs-BLD-AR-Windows  Clash643
4.667	1	viewpoint		0	0	00000000-0000-0000-0000-000000000000	legacy		AR vs AR	BLD-AR-Curtain Mullions-vs-BLD-AR-Windows  Clash644
4.668	1	viewpoint		0	0	00000000-0000-0000-0000-000000000000	legacy		AR vs AR	BLD-AR-Curtain Mullions-vs-BLD-AR-Windows  Clash645
4.669	1	viewpoint		0	0	00000000-0000-0000-0000-000000000000	legacy		AR vs AR	BLD-AR-Curtain Mullions-vs-BLD-AR-Windows  Clash646
4.670	1	viewpoint		0	0	00000000-0000-0000-0000-000000000000	legacy		AR vs AR	BLD-AR-Curtain Mullions-vs-BLD-AR-Windows  Clash647
4.671	1	viewpoint		0	0	00000000-0000-0000-0000-000000000000	legacy		AR vs AR	BLD-AR-Curtain Mullions-vs-BLD-AR-Windows  Clash648
4.672	1	viewpoint		0	0	00000000-0000-0000-0000-000000000000	legacy		AR vs AR	BLD-AR-Curtain Mullions-vs-BLD-AR-Windows  Clash649
4.673	1	viewpoint		0	0	00000000-0000-0000-0000-000000000000	legacy		AR vs AR	BLD-AR-Curtain Mullions-vs-BLD-AR-Windows  Clash650
4.674	1	viewpoint		0	0	00000000-0000-0000-0000-000000000000	legacy		AR vs AR	BLD-AR-Curtain Mullions-vs-BLD-AR-Windows  Clash651
4.675	1	viewpoint		0	0	00000000-0000-0000-0000-000000000000	legacy		AR vs AR	BLD-AR-Curtain Mullions-vs-BLD-AR-Windows  Clash652
4.676	1	viewpoint		0	0	00000000-0000-0000-0000-000000000000	legacy		AR vs AR	BLD-AR-Curtain Mullions-vs-BLD-AR-Windows  Clash653
4.677	1	viewpoint		0	0	00000000-0000-0000-0000-000000000000	legacy		AR vs AR	BLD-AR-Curtain Mullions-vs-BLD-AR-Windows  Clash654
4.678	1	viewpoint		0	0	00000000-0000-0000-0000-000000000000	legacy		AR vs AR	BLD-AR-Curtain Mullions-vs-BLD-AR-Windows  Clash655
4.679	1	viewpoint		0	0	00000000-0000-0000-0000-000000000000	legacy		AR vs AR	BLD-AR-Curtain Mullions-vs-BLD-AR-Windows  Clash656
4.680	1	viewpoint		0	0	00000000-0000-0000-0000-000000000000	legacy		AR vs AR	BLD-AR-Curtain Mullions-vs-BLD-AR-Windows  Clash657
4.681	1	viewpoint		0	0	00000000-0000-0000-0000-000000000000	legacy		AR vs AR	BLD-AR-Curtain Mullions-vs-BLD-AR-Windows  Clash658
4.682	1	viewpoint		0	0	00000000-0000-0000-0000-000000000000	legacy		AR vs AR	BLD-AR-Curtain Mullions-vs-BLD-AR-Windows  Clash659
4.683	1	viewpoint		0	0	00000000-0000-0000-0000-000000000000	legacy		AR vs AR	BLD-AR-Curtain Mullions-vs-BLD-AR-Windows  Clash660
4.684	1	viewpoint		0	0	00000000-0000-0000-0000-000000000000	legacy		AR vs AR	BLD-AR-Curtain Mullions-vs-BLD-AR-Windows  Clash661
4.685	1	viewpoint		0	0	00000000-0000-0000-0000-000000000000	legacy		AR vs AR	BLD-AR-Curtain Mullions-vs-BLD-AR-Windows  Clash662
4.686	1	viewpoint		0	0	00000000-0000-0000-0000-000000000000	legacy		AR vs AR	BLD-AR-Curtain Mullions-vs-BLD-AR-Windows  Clash663
4.687	1	viewpoint		0	0	00000000-0000-0000-0000-000000000000	legacy		AR vs AR	BLD-AR-Curtain Mullions-vs-BLD-AR-Windows  Clash664
4.688	1	viewpoint		0	0	00000000-0000-0000-0000-000000000000	legacy		AR vs AR	BLD-AR-Curtain Mullions-vs-BLD-AR-Windows  Clash665
4.689	1	viewpoint		0	0	00000000-0000-0000-0000-000000000000	legacy		AR vs AR	BLD-AR-Curtain Mullions-vs-BLD-AR-Windows  Clash666
4.690	1	viewpoint		0	0	00000000-0000-0000-0000-000000000000	legacy		AR vs AR	BLD-AR-Curtain Mullions-vs-BLD-AR-Windows  Clash667
4.691	1	viewpoint		0	0	00000000-0000-0000-0000-000000000000	legacy		AR vs AR	BLD-AR-Curtain Mullions-vs-BLD-AR-Windows  Clash668
4.692	1	viewpoint		0	0	00000000-0000-0000-0000-000000000000	legacy		AR vs AR	BLD-AR-Curtain Mullions-vs-BLD-AR-Windows  Clash669
4.693	1	viewpoint		0	0	00000000-0000-0000-0000-000000000000	legacy		AR vs AR	BLD-AR-Curtain Mullions-vs-BLD-AR-Windows  Clash670
4.694	1	viewpoint		0	0	00000000-0000-0000-0000-000000000000	legacy		AR vs AR	BLD-AR-Curtain Mullions-vs-BLD-AR-Windows  Clash671
4.695	1	viewpoint		0	0	00000000-0000-0000-0000-000000000000	legacy		AR vs AR	BLD-AR-Curtain Mullions-vs-BLD-AR-Windows  Clash672
4.696	1	viewpoint		0	0	00000000-0000-0000-0000-000000000000	legacy		AR vs AR	BLD-AR-Curtain Mullions-vs-BLD-AR-Windows  Clash673
4.697	1	viewpoint		0	0	00000000-0000-0000-0000-000000000000	legacy		AR vs AR	BLD-AR-Curtain Mullions-vs-BLD-AR-Windows  Clash674
4.698	1	viewpoint		0	0	00000000-0000-0000-0000-000000000000	legacy		AR vs AR	BLD-AR-Curtain Mullions-vs-BLD-AR-Windows  Clash675
4.699	1	viewpoint		0	0	00000000-0000-0000-0000-000000000000	legacy		AR vs AR	BLD-AR-Curtain Mullions-vs-BLD-AR-Windows  Clash676
4.700	1	viewpoint		0	0	00000000-0000-0000-0000-000000000000	legacy		AR vs AR	BLD-AR-Curtain Mullions-vs-BLD-AR-Windows  Clash677
4.701	1	viewpoint		0	0	00000000-0000-0000-0000-000000000000	legacy		AR vs AR	BLD-AR-Curtain Mullions-vs-BLD-AR-Windows  Clash678
4.702	1	viewpoint		0	0	00000000-0000-0000-0000-000000000000	legacy		AR vs AR	BLD-AR-Curtain Mullions-vs-BLD-AR-Windows  Clash679
4.703	1	viewpoint		0	0	00000000-0000-0000-0000-000000000000	legacy		AR vs AR	BLD-AR-Curtain Mullions-vs-BLD-AR-Windows  Clash680
4.704	1	viewpoint		0	0	00000000-0000-0000-0000-000000000000	legacy		AR vs AR	BLD-AR-Curtain Mullions-vs-BLD-AR-Windows  Clash681
4.705	1	viewpoint		0	0	00000000-0000-0000-0000-000000000000	legacy		AR vs AR	BLD-AR-Curtain Mullions-vs-BLD-AR-Windows  Clash682
4.706	1	viewpoint		0	0	00000000-0000-0000-0000-000000000000	legacy		AR vs AR	BLD-AR-Curtain Mullions-vs-BLD-AR-Windows  Clash683
4.707	1	viewpoint		0	0	00000000-0000-0000-0000-000000000000	legacy		AR vs AR	BLD-AR-Curtain Mullions-vs-BLD-AR-Windows  Clash684
4.708	1	viewpoint		0	0	00000000-0000-0000-0000-000000000000	legacy		AR vs AR	BLD-AR-Curtain Mullions-vs-BLD-AR-Windows  Clash685
4.709	1	viewpoint		0	0	00000000-0000-0000-0000-000000000000	legacy		AR vs AR	BLD-AR-Curtain Mullions-vs-BLD-AR-Windows  Clash686
4.710	1	viewpoint		0	0	00000000-0000-0000-0000-000000000000	legacy		AR vs AR	BLD-AR-Curtain Mullions-vs-BLD-AR-Windows  Clash687
4.711	1	viewpoint		0	0	00000000-0000-0000-0000-000000000000	legacy		AR vs AR	BLD-AR-Curtain Mullions-vs-BLD-AR-Windows  Clash688
4.712	1	viewpoint		0	0	00000000-0000-0000-0000-000000000000	legacy		AR vs AR	BLD-AR-Curtain Mullions-vs-BLD-AR-Windows  Clash689
4.713	1	viewpoint		0	0	00000000-0000-0000-0000-000000000000	legacy		AR vs AR	BLD-AR-Curtain Mullions-vs-BLD-AR-Windows  Clash690
4.714	1	viewpoint		0	0	00000000-0000-0000-0000-000000000000	legacy		AR vs AR	BLD-AR-Curtain Mullions-vs-BLD-AR-Windows  Clash691
4.715	1	viewpoint		0	0	00000000-0000-0000-0000-000000000000	legacy		AR vs AR	BLD-AR-Curtain Mullions-vs-BLD-AR-Windows  Clash692
4.716	1	viewpoint		0	0	00000000-0000-0000-0000-000000000000	legacy		AR vs AR	BLD-AR-Curtain Mullions-vs-BLD-AR-Windows  Clash693
4.717	1	viewpoint		0	0	00000000-0000-0000-0000-000000000000	legacy		AR vs AR	BLD-AR-Curtain Mullions-vs-BLD-AR-Windows  Clash694
4.718	1	viewpoint		0	0	00000000-0000-0000-0000-000000000000	legacy		AR vs AR	BLD-AR-Curtain Mullions-vs-BLD-AR-Windows  Clash695
4.719	1	viewpoint		0	0	00000000-0000-0000-0000-000000000000	legacy		AR vs AR	BLD-AR-Curtain Mullions-vs-BLD-AR-Windows  Clash696
4.720	1	viewpoint		0	0	00000000-0000-0000-0000-000000000000	legacy		AR vs AR	BLD-AR-Curtain Mullions-vs-BLD-AR-Windows  Clash697
4.721	1	viewpoint		0	0	00000000-0000-0000-0000-000000000000	legacy		AR vs AR	BLD-AR-Curtain Mullions-vs-BLD-AR-Windows  Clash698
4.722	1	viewpoint		0	0	00000000-0000-0000-0000-000000000000	legacy		AR vs AR	BLD-AR-Curtain Mullions-vs-BLD-AR-Windows  Clash699
4.723	1	viewpoint		0	0	00000000-0000-0000-0000-000000000000	legacy		AR vs AR	BLD-AR-Curtain Mullions-vs-BLD-AR-Windows  Clash700
4.724	1	viewpoint		0	0	00000000-0000-0000-0000-000000000000	legacy		AR vs AR	BLD-AR-Curtain Mullions-vs-BLD-AR-Windows  Clash701
4.725	1	viewpoint		0	0	00000000-0000-0000-0000-000000000000	legacy		AR vs AR	BLD-AR-Curtain Mullions-vs-BLD-AR-Windows  Clash702
4.726	1	viewpoint		0	0	00000000-0000-0000-0000-000000000000	legacy		AR vs AR	BLD-AR-Curtain Mullions-vs-BLD-AR-Windows  Clash703
4.727	1	viewpoint		0	0	00000000-0000-0000-0000-000000000000	legacy		AR vs AR	BLD-AR-Curtain Mullions-vs-BLD-AR-Windows  Clash704
4.728	1	viewpoint		0	0	00000000-0000-0000-0000-000000000000	legacy		AR vs AR	BLD-AR-Curtain Mullions-vs-BLD-AR-Windows  Clash705
4.729	1	viewpoint		0	0	00000000-0000-0000-0000-000000000000	legacy		AR vs AR	BLD-AR-Curtain Mullions-vs-BLD-AR-Windows  Clash706
4.730	1	viewpoint		0	0	00000000-0000-0000-0000-000000000000	legacy		AR vs AR	BLD-AR-Curtain Mullions-vs-BLD-AR-Windows  Clash707
4.731	1	viewpoint		0	0	00000000-0000-0000-0000-000000000000	legacy		AR vs AR	BLD-AR-Curtain Mullions-vs-BLD-AR-Windows  Clash708
4.732	1	viewpoint		0	0	00000000-0000-0000-0000-000000000000	legacy		AR vs AR	BLD-AR-Curtain Mullions-vs-BLD-AR-Windows  Clash709
4.733	1	viewpoint		0	0	00000000-0000-0000-0000-000000000000	legacy		AR vs AR	BLD-AR-Curtain Mullions-vs-BLD-AR-Windows  Clash710
4.734	1	viewpoint		0	0	00000000-0000-0000-0000-000000000000	legacy		AR vs AR	BLD-AR-Curtain Mullions-vs-BLD-AR-Windows  Clash711
4.735	1	viewpoint		0	0	00000000-0000-0000-0000-000000000000	legacy		AR vs AR	BLD-AR-Curtain Mullions-vs-BLD-AR-Windows  Clash712
4.736	1	viewpoint		0	0	00000000-0000-0000-0000-000000000000	legacy		AR vs AR	BLD-AR-Curtain Mullions-vs-BLD-AR-Windows  Clash713
4.737	1	viewpoint		0	0	00000000-0000-0000-0000-000000000000	legacy		AR vs AR	BLD-AR-Curtain Mullions-vs-BLD-AR-Windows  Clash714
4.738	1	viewpoint		0	0	00000000-0000-0000-0000-000000000000	legacy		AR vs AR	BLD-AR-Curtain Mullions-vs-BLD-AR-Windows  Clash715
4.739	1	viewpoint		0	0	00000000-0000-0000-0000-000000000000	legacy		AR vs AR	BLD-AR-Curtain Mullions-vs-BLD-AR-Windows  Clash716
4.740	1	viewpoint		0	0	00000000-0000-0000-0000-000000000000	legacy		AR vs AR	BLD-AR-Curtain Mullions-vs-BLD-AR-Windows  Clash717
4.741	1	viewpoint		0	0	00000000-0000-0000-0000-000000000000	legacy		AR vs AR	BLD-AR-Curtain Mullions-vs-BLD-AR-Windows  Clash718
4.742	1	viewpoint		0	0	00000000-0000-0000-0000-000000000000	legacy		AR vs AR	BLD-AR-Curtain Mullions-vs-BLD-AR-Windows  Clash719
4.743	1	viewpoint		0	0	00000000-0000-0000-0000-000000000000	legacy		AR vs AR	BLD-AR-Curtain Mullions-vs-BLD-AR-Windows  Clash720
4.744	1	viewpoint		0	0	00000000-0000-0000-0000-000000000000	legacy		AR vs AR	BLD-AR-Curtain Mullions-vs-BLD-AR-Windows  Clash721
4.745	1	viewpoint		0	0	00000000-0000-0000-0000-000000000000	legacy		AR vs AR	BLD-AR-Curtain Mullions-vs-BLD-AR-Windows  Clash722
4.746	1	viewpoint		0	0	00000000-0000-0000-0000-000000000000	legacy		AR vs AR	BLD-AR-Curtain Mullions-vs-BLD-AR-Windows  Clash723
4.747	1	viewpoint		0	0	00000000-0000-0000-0000-000000000000	legacy		AR vs AR	BLD-AR-Curtain Mullions-vs-BLD-AR-Windows  Clash724
4.748	1	viewpoint		0	0	00000000-0000-0000-0000-000000000000	legacy		AR vs AR	BLD-AR-Curtain Mullions-vs-BLD-AR-Windows  Clash725
4.749	1	viewpoint		0	0	00000000-0000-0000-0000-000000000000	legacy		AR vs AR	BLD-AR-Curtain Mullions-vs-BLD-AR-Windows  Clash726
4.750	1	viewpoint		0	0	00000000-0000-0000-0000-000000000000	legacy		AR vs AR	BLD-AR-Curtain Mullions-vs-BLD-AR-Windows  Clash727
4.751	1	viewpoint		0	0	00000000-0000-0000-0000-000000000000	legacy		AR vs AR	BLD-AR-Curtain Mullions-vs-BLD-AR-Windows  Clash728
4.752	1	viewpoint		0	0	00000000-0000-0000-0000-000000000000	legacy		AR vs AR	BLD-AR-Curtain Mullions-vs-BLD-AR-Windows  Clash729
4.753	1	viewpoint		0	0	00000000-0000-0000-0000-000000000000	legacy		AR vs AR	BLD-AR-Curtain Mullions-vs-BLD-AR-Windows  Clash730
4.754	1	viewpoint		0	0	00000000-0000-0000-0000-000000000000	legacy		AR vs AR	BLD-AR-Curtain Mullions-vs-BLD-AR-Windows  Clash731
4.755	1	viewpoint		0	0	00000000-0000-0000-0000-000000000000	legacy		AR vs AR	BLD-AR-Curtain Mullions-vs-BLD-AR-Windows  Clash732
4.756	1	viewpoint		0	0	00000000-0000-0000-0000-000000000000	legacy		AR vs AR	BLD-AR-Curtain Mullions-vs-BLD-AR-Windows  Clash733
4.757	1	viewpoint		0	0	00000000-0000-0000-0000-000000000000	legacy		AR vs AR	BLD-AR-Curtain Mullions-vs-BLD-AR-Windows  Clash734
4.758	1	viewpoint		0	0	00000000-0000-0000-0000-000000000000	legacy		AR vs AR	BLD-AR-Curtain Mullions-vs-BLD-AR-Windows  Clash735
4.759	1	viewpoint		0	0	00000000-0000-0000-0000-000000000000	legacy		AR vs AR	BLD-AR-Curtain Mullions-vs-BLD-AR-Windows  Clash736
4.760	1	viewpoint		0	0	00000000-0000-0000-0000-000000000000	legacy		AR vs AR	BLD-AR-Curtain Mullions-vs-BLD-AR-Windows  Clash737
4.761	1	viewpoint		0	0	00000000-0000-0000-0000-000000000000	legacy		AR vs AR	BLD-AR-Curtain Mullions-vs-BLD-AR-Windows  Clash738
4.762	1	viewpoint		0	0	00000000-0000-0000-0000-000000000000	legacy		AR vs AR	BLD-AR-Curtain Mullions-vs-BLD-AR-Windows  Clash739
4.763	1	viewpoint		0	0	00000000-0000-0000-0000-000000000000	legacy		AR vs AR	BLD-AR-Curtain Mullions-vs-BLD-AR-Windows  Clash740
4.764	1	viewpoint		0	0	00000000-0000-0000-0000-000000000000	legacy		AR vs AR	BLD-AR-Curtain Mullions-vs-BLD-AR-Windows  Clash741
4.765	1	viewpoint		0	0	00000000-0000-0000-0000-000000000000	legacy		AR vs AR	BLD-AR-Curtain Mullions-vs-BLD-AR-Windows  Clash742
4.766	1	viewpoint		0	0	00000000-0000-0000-0000-000000000000	legacy		AR vs AR	BLD-AR-Curtain Mullions-vs-BLD-AR-Windows  Clash743
4.767	1	viewpoint		0	0	00000000-0000-0000-0000-000000000000	legacy		AR vs AR	BLD-AR-Curtain Mullions-vs-BLD-AR-Windows  Clash744
4.768	1	viewpoint		0	0	00000000-0000-0000-0000-000000000000	legacy		AR vs AR	BLD-AR-Curtain Mullions-vs-BLD-AR-Windows  Clash745
4.769	1	viewpoint		0	0	00000000-0000-0000-0000-000000000000	legacy		AR vs AR	BLD-AR-Curtain Mullions-vs-BLD-AR-Windows  Clash746
4.770	1	viewpoint		0	0	00000000-0000-0000-0000-000000000000	legacy		AR vs AR	BLD-AR-Curtain Mullions-vs-BLD-AR-Windows  Clash747
4.771	1	viewpoint		0	0	00000000-0000-0000-0000-000000000000	legacy		AR vs AR	BLD-AR-Curtain Mullions-vs-BLD-AR-Windows  Clash748
4.772	1	viewpoint		0	0	00000000-0000-0000-0000-000000000000	legacy		AR vs AR	BLD-AR-Curtain Mullions-vs-BLD-AR-Windows  Clash749
4.773	1	viewpoint		0	0	00000000-0000-0000-0000-000000000000	legacy		AR vs AR	BLD-AR-Curtain Mullions-vs-BLD-AR-Windows  Clash750
4.774	1	viewpoint		0	0	00000000-0000-0000-0000-000000000000	legacy		AR vs AR	BLD-AR-Curtain Mullions-vs-BLD-AR-Windows  Clash751
4.775	1	viewpoint		0	0	00000000-0000-0000-0000-000000000000	legacy		AR vs AR	BLD-AR-Curtain Mullions-vs-BLD-AR-Windows  Clash752
4.776	1	viewpoint		0	0	00000000-0000-0000-0000-000000000000	legacy		AR vs AR	BLD-AR-Curtain Mullions-vs-BLD-AR-Windows  Clash753
4.777	1	viewpoint		0	0	00000000-0000-0000-0000-000000000000	legacy		AR vs AR	BLD-AR-Curtain Mullions-vs-BLD-AR-Windows  Clash754
4.778	1	viewpoint		0	0	00000000-0000-0000-0000-000000000000	legacy		AR vs AR	BLD-AR-Curtain Mullions-vs-BLD-AR-Windows  Clash755
4.779	1	viewpoint		0	0	00000000-0000-0000-0000-000000000000	legacy		AR vs AR	BLD-AR-Curtain Mullions-vs-BLD-AR-Windows  Clash756
4.780	1	viewpoint		0	0	00000000-0000-0000-0000-000000000000	legacy		AR vs AR	BLD-AR-Curtain Mullions-vs-BLD-AR-Windows  Clash757
4.781	1	viewpoint		0	0	00000000-0000-0000-0000-000000000000	legacy		AR vs AR	BLD-AR-Curtain Mullions-vs-BLD-AR-Windows  Clash758
4.782	1	viewpoint		0	0	00000000-0000-0000-0000-000000000000	legacy		AR vs AR	BLD-AR-Curtain Mullions-vs-BLD-AR-Windows  Clash759
4.783	1	viewpoint		0	0	00000000-0000-0000-0000-000000000000	legacy		AR vs AR	BLD-AR-Curtain Mullions-vs-BLD-AR-Windows  Clash760
4.784	1	viewpoint		0	0	00000000-0000-0000-0000-000000000000	legacy		AR vs AR	BLD-AR-Curtain Mullions-vs-BLD-AR-Windows  Clash761
4.785	1	viewpoint		0	0	00000000-0000-0000-0000-000000000000	legacy		AR vs AR	BLD-AR-Curtain Mullions-vs-BLD-AR-Windows  Clash762
4.786	1	viewpoint		0	0	00000000-0000-0000-0000-000000000000	legacy		AR vs AR	BLD-AR-Curtain Mullions-vs-BLD-AR-Windows  Clash763
4.787	1	viewpoint		0	0	00000000-0000-0000-0000-000000000000	legacy		AR vs AR	BLD-AR-Curtain Mullions-vs-BLD-AR-Windows  Clash764
4.788	1	viewpoint		0	0	00000000-0000-0000-0000-000000000000	legacy		AR vs AR	BLD-AR-Curtain Mullions-vs-BLD-AR-Windows  Clash765
4.789	1	viewpoint		0	0	00000000-0000-0000-0000-000000000000	legacy		AR vs AR	BLD-AR-Curtain Mullions-vs-BLD-AR-Windows  Clash766
4.790	1	viewpoint		0	0	00000000-0000-0000-0000-000000000000	legacy		AR vs AR	BLD-AR-Curtain Mullions-vs-BLD-AR-Windows  Clash767
4.791	1	viewpoint		0	0	00000000-0000-0000-0000-000000000000	legacy		AR vs AR	BLD-AR-Curtain Mullions-vs-BLD-AR-Windows  Clash768
4.792	1	viewpoint		0	0	00000000-0000-0000-0000-000000000000	legacy		AR vs AR	BLD-AR-Curtain Mullions-vs-BLD-AR-Windows  Clash769
4.793	1	viewpoint		0	0	00000000-0000-0000-0000-000000000000	legacy		AR vs AR	BLD-AR-Curtain Mullions-vs-BLD-AR-Windows  Clash770
4.794	1	viewpoint		0	0	00000000-0000-0000-0000-000000000000	legacy		AR vs AR	BLD-AR-Curtain Mullions-vs-BLD-AR-Windows  Clash771
4.795	1	viewpoint		0	0	00000000-0000-0000-0000-000000000000	legacy		AR vs AR	BLD-AR-Curtain Mullions-vs-BLD-AR-Windows  Clash772
4.796	1	viewpoint		0	0	00000000-0000-0000-0000-000000000000	legacy		AR vs AR	BLD-AR-Curtain Mullions-vs-BLD-AR-Windows  Clash773
4.797	1	viewpoint		0	0	00000000-0000-0000-0000-000000000000	legacy		AR vs AR	BLD-AR-Curtain Mullions-vs-BLD-AR-Windows  Clash774
4.798	1	viewpoint		0	0	00000000-0000-0000-0000-000000000000	legacy		AR vs AR	BLD-AR-Curtain Mullions-vs-BLD-AR-Windows  Clash775
4.799	1	viewpoint		0	0	00000000-0000-0000-0000-000000000000	legacy		AR vs AR	BLD-AR-Curtain Mullions-vs-BLD-AR-Windows  Clash776
4.800	1	viewpoint		0	0	00000000-0000-0000-0000-000000000000	legacy		AR vs AR	BLD-AR-Curtain Mullions-vs-BLD-AR-Windows  Clash777
4.801	1	viewpoint		0	0	00000000-0000-0000-0000-000000000000	legacy		AR vs AR	BLD-AR-Curtain Mullions-vs-BLD-AR-Windows  Clash778
4.802	1	viewpoint		0	0	00000000-0000-0000-0000-000000000000	legacy		AR vs AR	BLD-AR-Curtain Mullions-vs-BLD-AR-Windows  Clash779
4.803	1	viewpoint		0	0	00000000-0000-0000-0000-000000000000	legacy		AR vs AR	BLD-AR-Curtain Mullions-vs-BLD-AR-Windows  Clash780
4.804	1	viewpoint		0	0	00000000-0000-0000-0000-000000000000	legacy		AR vs AR	BLD-AR-Curtain Mullions-vs-BLD-AR-Windows  Clash781
4.805	1	viewpoint		0	0	00000000-0000-0000-0000-000000000000	legacy		AR vs AR	BLD-AR-Curtain Mullions-vs-BLD-AR-Windows  Clash782
4.806	1	viewpoint		0	0	00000000-0000-0000-0000-000000000000	legacy		AR vs AR	BLD-AR-Curtain Mullions-vs-BLD-AR-Windows  Clash783
4.807	1	viewpoint		0	0	00000000-0000-0000-0000-000000000000	legacy		AR vs AR	BLD-AR-Curtain Mullions-vs-BLD-AR-Windows  Clash784
4.808	1	viewpoint		0	0	00000000-0000-0000-0000-000000000000	legacy		AR vs AR	BLD-AR-Curtain Mullions-vs-BLD-AR-Windows  Clash785
4.809	1	viewpoint		0	0	00000000-0000-0000-0000-000000000000	legacy		AR vs AR	BLD-AR-Curtain Mullions-vs-BLD-AR-Windows  Clash786
4.810	1	viewpoint		0	0	00000000-0000-0000-0000-000000000000	legacy		AR vs AR	BLD-AR-Curtain Mullions-vs-BLD-AR-Windows  Clash787
4.811	1	viewpoint		0	0	00000000-0000-0000-0000-000000000000	legacy		AR vs AR	BLD-AR-Curtain Mullions-vs-BLD-AR-Windows  Clash788
4.812	1	viewpoint		0	0	00000000-0000-0000-0000-000000000000	legacy		AR vs AR	BLD-AR-Curtain Mullions-vs-BLD-AR-Windows  Clash789
4.813	1	viewpoint		0	0	00000000-0000-0000-0000-000000000000	legacy		AR vs AR	BLD-AR-Curtain Mullions-vs-BLD-AR-Windows  Clash790
4.814	1	viewpoint		0	0	00000000-0000-0000-0000-000000000000	legacy		AR vs AR	BLD-AR-Curtain Mullions-vs-BLD-AR-Windows  Clash791
4.815	1	viewpoint		0	0	00000000-0000-0000-0000-000000000000	legacy		AR vs AR	BLD-AR-Curtain Mullions-vs-BLD-AR-Windows  Clash792
4.816	1	viewpoint		0	0	00000000-0000-0000-0000-000000000000	legacy		AR vs AR	BLD-AR-Curtain Mullions-vs-BLD-AR-Windows  Clash793
4.817	1	viewpoint		0	0	00000000-0000-0000-0000-000000000000	legacy		AR vs AR	BLD-AR-Curtain Mullions-vs-BLD-AR-Windows  Clash794
4.818	1	viewpoint		0	0	00000000-0000-0000-0000-000000000000	legacy		AR vs AR	BLD-AR-Curtain Mullions-vs-BLD-AR-Windows  Clash795
4.819	1	viewpoint		0	0	00000000-0000-0000-0000-000000000000	legacy		AR vs AR	BLD-AR-Curtain Mullions-vs-BLD-AR-Windows  Clash796
4.820	1	viewpoint		0	0	00000000-0000-0000-0000-000000000000	legacy		AR vs AR	BLD-AR-Curtain Mullions-vs-BLD-AR-Windows  Clash797
4.821	1	viewpoint		0	0	00000000-0000-0000-0000-000000000000	legacy		AR vs AR	BLD-AR-Curtain Mullions-vs-BLD-AR-Windows  Clash798
4.822	1	viewpoint		0	0	00000000-0000-0000-0000-000000000000	legacy		AR vs AR	BLD-AR-Curtain Mullions-vs-BLD-AR-Windows  Clash799
4.823	1	viewpoint		0	0	00000000-0000-0000-0000-000000000000	legacy		AR vs AR	BLD-AR-Curtain Mullions-vs-BLD-AR-Windows  Clash800
4.824	1	viewpoint		0	0	00000000-0000-0000-0000-000000000000	legacy		AR vs AR	BLD-AR-Curtain Mullions-vs-BLD-AR-Windows  Clash801
4.825	1	viewpoint		0	0	00000000-0000-0000-0000-000000000000	legacy		AR vs AR	BLD-AR-Curtain Mullions-vs-BLD-AR-Windows  Clash802
4.826	1	viewpoint		0	0	00000000-0000-0000-0000-000000000000	legacy		AR vs AR	BLD-AR-Curtain Mullions-vs-BLD-AR-Windows  Clash803
4.827	1	viewpoint		0	0	00000000-0000-0000-0000-000000000000	legacy		AR vs AR	BLD-AR-Curtain Mullions-vs-BLD-AR-Windows  Clash804
4.828	1	viewpoint		0	0	00000000-0000-0000-0000-000000000000	legacy		AR vs AR	BLD-AR-Curtain Mullions-vs-BLD-AR-Windows  Clash805
4.829	1	viewpoint		0	0	00000000-0000-0000-0000-000000000000	legacy		AR vs AR	BLD-AR-Curtain Mullions-vs-BLD-AR-Windows  Clash806
4.830	1	viewpoint		0	0	00000000-0000-0000-0000-000000000000	legacy		AR vs AR	BLD-AR-Curtain Mullions-vs-BLD-AR-Windows  Clash807
4.831	1	viewpoint		0	0	00000000-0000-0000-0000-000000000000	legacy		AR vs AR	BLD-AR-Curtain Mullions-vs-BLD-AR-Windows  Clash808
4.832	1	viewpoint		0	0	00000000-0000-0000-0000-000000000000	legacy		AR vs AR	BLD-AR-Curtain Mullions-vs-BLD-AR-Windows  Clash809
4.833	1	viewpoint		0	0	00000000-0000-0000-0000-000000000000	legacy		AR vs AR	BLD-AR-Curtain Mullions-vs-BLD-AR-Windows  Clash810
4.834	1	viewpoint		0	0	00000000-0000-0000-0000-000000000000	legacy		AR vs AR	BLD-AR-Curtain Mullions-vs-BLD-AR-Windows  Clash811
4.835	1	viewpoint		0	0	00000000-0000-0000-0000-000000000000	legacy		AR vs AR	BLD-AR-Curtain Mullions-vs-BLD-AR-Windows  Clash812
4.836	1	viewpoint		0	0	00000000-0000-0000-0000-000000000000	legacy		AR vs AR	BLD-AR-Curtain Mullions-vs-BLD-AR-Windows  Clash813
4.837	1	viewpoint		0	0	00000000-0000-0000-0000-000000000000	legacy		AR vs AR	BLD-AR-Curtain Mullions-vs-BLD-AR-Windows  Clash814
4.838	1	viewpoint		0	0	00000000-0000-0000-0000-000000000000	legacy		AR vs AR	BLD-AR-Curtain Mullions-vs-BLD-AR-Windows  Clash815
4.839	1	viewpoint		0	0	00000000-0000-0000-0000-000000000000	legacy		AR vs AR	BLD-AR-Curtain Mullions-vs-BLD-AR-Windows  Clash816
4.840	1	viewpoint		0	0	00000000-0000-0000-0000-000000000000	legacy		AR vs AR	BLD-AR-Curtain Mullions-vs-BLD-AR-Windows  Clash817
4.841	1	viewpoint		0	0	00000000-0000-0000-0000-000000000000	legacy		AR vs AR	BLD-AR-Curtain Mullions-vs-BLD-AR-Windows  Clash818
4.842	1	viewpoint		0	0	00000000-0000-0000-0000-000000000000	legacy		AR vs AR	BLD-AR-Curtain Mullions-vs-BLD-AR-Windows  Clash819
4.843	1	viewpoint		0	0	00000000-0000-0000-0000-000000000000	legacy		AR vs AR	BLD-AR-Curtain Mullions-vs-BLD-AR-Windows  Clash820
4.844	1	viewpoint		0	0	00000000-0000-0000-0000-000000000000	legacy		AR vs AR	BLD-AR-Curtain Mullions-vs-BLD-AR-Windows  Clash821
4.845	1	viewpoint		0	0	00000000-0000-0000-0000-000000000000	legacy		AR vs AR	BLD-AR-Curtain Mullions-vs-BLD-AR-Windows  Clash822
4.846	1	viewpoint		0	0	00000000-0000-0000-0000-000000000000	legacy		AR vs AR	BLD-AR-Curtain Mullions-vs-BLD-AR-Windows  Clash823
4.847	1	viewpoint		0	0	00000000-0000-0000-0000-000000000000	legacy		AR vs AR	BLD-AR-Curtain Mullions-vs-BLD-AR-Windows  Clash824
4.848	1	viewpoint		0	0	00000000-0000-0000-0000-000000000000	legacy		AR vs AR	BLD-AR-Curtain Mullions-vs-BLD-AR-Windows  Clash825
4.849	1	viewpoint		0	0	00000000-0000-0000-0000-000000000000	legacy		AR vs AR	BLD-AR-Curtain Mullions-vs-BLD-AR-Windows  Clash826
4.850	1	viewpoint		0	0	00000000-0000-0000-0000-000000000000	legacy		AR vs AR	BLD-AR-Curtain Mullions-vs-BLD-AR-Windows  Clash827
4.851	1	viewpoint		0	0	00000000-0000-0000-0000-000000000000	legacy		AR vs AR	BLD-AR-Curtain Mullions-vs-BLD-AR-Windows  Clash828
4.852	1	viewpoint		0	0	00000000-0000-0000-0000-000000000000	legacy		AR vs AR	BLD-AR-Curtain Mullions-vs-BLD-AR-Windows  Clash829
4.853	1	viewpoint		0	0	00000000-0000-0000-0000-000000000000	legacy		AR vs AR	BLD-AR-Curtain Mullions-vs-BLD-AR-Windows  Clash830
4.854	1	viewpoint		0	0	00000000-0000-0000-0000-000000000000	legacy		AR vs AR	BLD-AR-Curtain Mullions-vs-BLD-AR-Windows  Clash831
4.855	1	viewpoint		0	0	00000000-0000-0000-0000-000000000000	legacy		AR vs AR	BLD-AR-Curtain Mullions-vs-BLD-AR-Windows  Clash832
4.856	1	viewpoint		0	0	00000000-0000-0000-0000-000000000000	legacy		AR vs AR	BLD-AR-Curtain Mullions-vs-BLD-AR-Windows  Clash833
4.857	1	viewpoint		0	0	00000000-0000-0000-0000-000000000000	legacy		AR vs AR	BLD-AR-Curtain Mullions-vs-BLD-AR-Windows  Clash834
4.858	1	viewpoint		0	0	00000000-0000-0000-0000-000000000000	legacy		AR vs AR	BLD-AR-Curtain Mullions-vs-BLD-AR-Windows  Clash835
4.859	1	viewpoint		0	0	00000000-0000-0000-0000-000000000000	legacy		AR vs AR	BLD-AR-Curtain Mullions-vs-BLD-AR-Windows  Clash836
4.860	1	viewpoint		0	0	00000000-0000-0000-0000-000000000000	legacy		AR vs AR	BLD-AR-Curtain Mullions-vs-BLD-AR-Windows  Clash837
4.861	1	viewpoint		0	0	00000000-0000-0000-0000-000000000000	legacy		AR vs AR	BLD-AR-Curtain Mullions-vs-BLD-AR-Windows  Clash838
4.862	1	viewpoint		0	0	00000000-0000-0000-0000-000000000000	legacy		AR vs AR	BLD-AR-Curtain Mullions-vs-BLD-AR-Windows  Clash839
4.863	1	viewpoint		0	0	00000000-0000-0000-0000-000000000000	legacy		AR vs AR	BLD-AR-Curtain Mullions-vs-BLD-AR-Windows  Clash840
4.864	1	viewpoint		0	0	00000000-0000-0000-0000-000000000000	legacy		AR vs AR	BLD-AR-Curtain Mullions-vs-BLD-AR-Windows  Clash841
4.865	1	viewpoint		0	0	00000000-0000-0000-0000-000000000000	legacy		AR vs AR	BLD-AR-Curtain Mullions-vs-BLD-AR-Windows  Clash842
4.866	1	viewpoint		0	0	00000000-0000-0000-0000-000000000000	legacy		AR vs AR	BLD-AR-Curtain Mullions-vs-BLD-AR-Windows  Clash843
4.867	1	viewpoint		0	0	00000000-0000-0000-0000-000000000000	legacy		AR vs AR	BLD-AR-Curtain Mullions-vs-BLD-AR-Windows  Clash844
4.868	1	viewpoint		0	0	00000000-0000-0000-0000-000000000000	legacy		AR vs AR	BLD-AR-Curtain Mullions-vs-BLD-AR-Windows  Clash845
4.869	1	viewpoint		0	0	00000000-0000-0000-0000-000000000000	legacy		AR vs AR	BLD-AR-Curtain Mullions-vs-BLD-AR-Windows  Clash846
4.870	1	viewpoint		0	0	00000000-0000-0000-0000-000000000000	legacy		AR vs AR	BLD-AR-Curtain Mullions-vs-BLD-AR-Windows  Clash847
4.871	1	viewpoint		0	0	00000000-0000-0000-0000-000000000000	legacy		AR vs AR	BLD-AR-Curtain Mullions-vs-BLD-AR-Windows  Clash848
4.872	1	viewpoint		0	0	00000000-0000-0000-0000-000000000000	legacy		AR vs AR	BLD-AR-Curtain Mullions-vs-BLD-AR-Windows  Clash849
4.873	1	viewpoint		0	0	00000000-0000-0000-0000-000000000000	legacy		AR vs AR	BLD-AR-Curtain Mullions-vs-BLD-AR-Windows  Clash850
4.874	1	viewpoint		0	0	00000000-0000-0000-0000-000000000000	legacy		AR vs AR	BLD-AR-Curtain Mullions-vs-BLD-AR-Windows  Clash851
4.875	1	viewpoint		0	0	00000000-0000-0000-0000-000000000000	legacy		AR vs AR	BLD-AR-Curtain Mullions-vs-BLD-AR-Windows  Clash852
4.876	1	viewpoint		0	0	00000000-0000-0000-0000-000000000000	legacy		AR vs AR	BLD-AR-Curtain Mullions-vs-BLD-AR-Windows  Clash853
4.877	1	viewpoint		0	0	00000000-0000-0000-0000-000000000000	legacy		AR vs AR	BLD-AR-Curtain Mullions-vs-BLD-AR-Windows  Clash854
4.878	1	viewpoint		0	0	00000000-0000-0000-0000-000000000000	legacy		AR vs AR	BLD-AR-Curtain Mullions-vs-BLD-AR-Windows  Clash855
4.879	1	viewpoint		0	0	00000000-0000-0000-0000-000000000000	legacy		AR vs AR	BLD-AR-Curtain Mullions-vs-BLD-AR-Windows  Clash856
4.880	1	viewpoint		0	0	00000000-0000-0000-0000-000000000000	legacy		AR vs AR	BLD-AR-Curtain Mullions-vs-BLD-AR-Windows  Clash857
4.881	1	viewpoint		0	0	00000000-0000-0000-0000-000000000000	legacy		AR vs AR	BLD-AR-Curtain Mullions-vs-BLD-AR-Windows  Clash858
4.882	1	viewpoint		0	0	00000000-0000-0000-0000-000000000000	legacy		AR vs AR	BLD-AR-Curtain Mullions-vs-BLD-AR-Windows  Clash859
4.883	1	viewpoint		0	0	00000000-0000-0000-0000-000000000000	legacy		AR vs AR	BLD-AR-Curtain Mullions-vs-BLD-AR-Windows  Clash860
4.884	1	viewpoint		0	0	00000000-0000-0000-0000-000000000000	legacy		AR vs AR	BLD-AR-Curtain Mullions-vs-BLD-AR-Windows  Clash861
4.885	1	viewpoint		0	0	00000000-0000-0000-0000-000000000000	legacy		AR vs AR	BLD-AR-Curtain Mullions-vs-BLD-AR-Windows  Clash862
4.886	1	viewpoint		0	0	00000000-0000-0000-0000-000000000000	legacy		AR vs AR	BLD-AR-Curtain Mullions-vs-BLD-AR-Windows  Clash863
4.887	1	viewpoint		0	0	00000000-0000-0000-0000-000000000000	legacy		AR vs AR	BLD-AR-Curtain Mullions-vs-BLD-AR-Windows  Clash864
4.888	1	viewpoint		0	0	00000000-0000-0000-0000-000000000000	legacy		AR vs AR	BLD-AR-Curtain Mullions-vs-BLD-AR-Windows  Clash865
4.889	1	viewpoint		0	0	00000000-0000-0000-0000-000000000000	legacy		AR vs AR	BLD-AR-Curtain Mullions-vs-BLD-AR-Windows  Clash866
4.890	1	viewpoint		0	0	00000000-0000-0000-0000-000000000000	legacy		AR vs AR	BLD-AR-Curtain Mullions-vs-BLD-AR-Windows  Clash867
4.891	1	viewpoint		0	0	00000000-0000-0000-0000-000000000000	legacy		AR vs AR	BLD-AR-Curtain Mullions-vs-BLD-AR-Windows  Clash868
4.892	1	viewpoint		0	0	00000000-0000-0000-0000-000000000000	legacy		AR vs AR	BLD-AR-Curtain Mullions-vs-BLD-AR-Windows  Clash869
4.893	1	viewpoint		0	0	00000000-0000-0000-0000-000000000000	legacy		AR vs AR	BLD-AR-Curtain Mullions-vs-BLD-AR-Windows  Clash870
4.894	1	viewpoint		0	0	00000000-0000-0000-0000-000000000000	legacy		AR vs AR	BLD-AR-Curtain Mullions-vs-BLD-AR-Windows  Clash871
4.895	1	viewpoint		0	0	00000000-0000-0000-0000-000000000000	legacy		AR vs AR	BLD-AR-Curtain Mullions-vs-BLD-AR-Windows  Clash872
4.896	1	viewpoint		0	0	00000000-0000-0000-0000-000000000000	legacy		AR vs AR	BLD-AR-Curtain Mullions-vs-BLD-AR-Windows  Clash873
4.897	1	viewpoint		0	0	00000000-0000-0000-0000-000000000000	legacy		AR vs AR	BLD-AR-Curtain Mullions-vs-BLD-AR-Windows  Clash874
4.898	1	viewpoint		0	0	00000000-0000-0000-0000-000000000000	legacy		AR vs AR	BLD-AR-Curtain Mullions-vs-BLD-AR-Windows  Clash875
4.899	1	viewpoint		0	0	00000000-0000-0000-0000-000000000000	legacy		AR vs AR	BLD-AR-Curtain Mullions-vs-BLD-AR-Windows  Clash876
4.900	1	viewpoint		0	0	00000000-0000-0000-0000-000000000000	legacy		AR vs AR	BLD-AR-Curtain Mullions-vs-BLD-AR-Windows  Clash877
4.901	1	viewpoint		0	0	00000000-0000-0000-0000-000000000000	legacy		AR vs AR	BLD-AR-Curtain Mullions-vs-BLD-AR-Windows  Clash878
4.902	1	viewpoint		0	0	00000000-0000-0000-0000-000000000000	legacy		AR vs AR	BLD-AR-Curtain Mullions-vs-BLD-AR-Windows  Clash879
4.903	1	viewpoint		0	0	00000000-0000-0000-0000-000000000000	legacy		AR vs AR	BLD-AR-Curtain Mullions-vs-BLD-AR-Windows  Clash880
4.904	1	viewpoint		0	0	00000000-0000-0000-0000-000000000000	legacy		AR vs AR	BLD-AR-Curtain Mullions-vs-BLD-AR-Windows  Clash881
4.905	1	viewpoint		0	0	00000000-0000-0000-0000-000000000000	legacy		AR vs AR	BLD-AR-Curtain Mullions-vs-BLD-AR-Windows  Clash882
4.906	1	viewpoint		0	0	00000000-0000-0000-0000-000000000000	legacy		AR vs AR	BLD-AR-Curtain Mullions-vs-BLD-AR-Windows  Clash883
4.907	1	viewpoint		0	0	00000000-0000-0000-0000-000000000000	legacy		AR vs AR	BLD-AR-Curtain Mullions-vs-BLD-AR-Windows  Clash884
4.908	1	viewpoint		0	0	00000000-0000-0000-0000-000000000000	legacy		AR vs AR	BLD-AR-Curtain Mullions-vs-BLD-AR-Windows  Clash885
4.909	1	viewpoint		0	0	00000000-0000-0000-0000-000000000000	legacy		AR vs AR	BLD-AR-Curtain Mullions-vs-BLD-AR-Windows  Clash886
4.910	1	viewpoint		0	0	00000000-0000-0000-0000-000000000000	legacy		AR vs AR	BLD-AR-Curtain Mullions-vs-BLD-AR-Windows  Clash887
4.911	1	viewpoint		0	0	00000000-0000-0000-0000-000000000000	legacy		AR vs AR	BLD-AR-Curtain Mullions-vs-BLD-AR-Windows  Clash888
4.912	1	viewpoint		0	0	00000000-0000-0000-0000-000000000000	legacy		AR vs AR	BLD-AR-Curtain Mullions-vs-BLD-AR-Windows  Clash889
4.913	1	viewpoint		0	0	00000000-0000-0000-0000-000000000000	legacy		AR vs AR	BLD-AR-Curtain Mullions-vs-BLD-AR-Windows  Clash890
4.914	1	viewpoint		0	0	00000000-0000-0000-0000-000000000000	legacy		AR vs AR	BLD-AR-Curtain Mullions-vs-BLD-AR-Windows  Clash891
4.915	1	viewpoint		0	0	00000000-0000-0000-0000-000000000000	legacy		AR vs AR	BLD-AR-Curtain Mullions-vs-BLD-AR-Windows  Clash892
4.916	1	viewpoint		0	0	00000000-0000-0000-0000-000000000000	legacy		AR vs AR	BLD-AR-Curtain Mullions-vs-BLD-AR-Windows  Clash893
4.917	1	viewpoint		0	0	00000000-0000-0000-0000-000000000000	legacy		AR vs AR	BLD-AR-Curtain Mullions-vs-BLD-AR-Windows  Clash894
4.918	1	viewpoint		0	0	00000000-0000-0000-0000-000000000000	legacy		AR vs AR	BLD-AR-Curtain Mullions-vs-BLD-AR-Windows  Clash895
4.919	1	viewpoint		0	0	00000000-0000-0000-0000-000000000000	legacy		AR vs AR	BLD-AR-Curtain Mullions-vs-BLD-AR-Windows  Clash896
4.920	1	viewpoint		0	0	00000000-0000-0000-0000-000000000000	legacy		AR vs AR	BLD-AR-Curtain Mullions-vs-BLD-AR-Windows  Clash897
4.921	1	viewpoint		0	0	00000000-0000-0000-0000-000000000000	legacy		AR vs AR	BLD-AR-Curtain Mullions-vs-BLD-AR-Windows  Clash898
4.922	1	viewpoint		0	0	00000000-0000-0000-0000-000000000000	legacy		AR vs AR	BLD-AR-Curtain Mullions-vs-BLD-AR-Windows  Clash899
4.923	1	viewpoint		0	0	00000000-0000-0000-0000-000000000000	legacy		AR vs AR	BLD-AR-Curtain Mullions-vs-BLD-AR-Windows  Clash900
4.924	1	viewpoint		0	0	00000000-0000-0000-0000-000000000000	legacy		AR vs AR	BLD-AR-Curtain Mullions-vs-BLD-AR-Windows  Clash901
4.925	1	viewpoint		0	0	00000000-0000-0000-0000-000000000000	legacy		AR vs AR	BLD-AR-Curtain Mullions-vs-BLD-AR-Windows  Clash902
4.926	1	viewpoint		0	0	00000000-0000-0000-0000-000000000000	legacy		AR vs AR	BLD-AR-Curtain Mullions-vs-BLD-AR-Windows  Clash903
4.927	1	viewpoint		0	0	00000000-0000-0000-0000-000000000000	legacy		AR vs AR	BLD-AR-Curtain Mullions-vs-BLD-AR-Windows  Clash904
4.928	1	viewpoint		0	0	00000000-0000-0000-0000-000000000000	legacy		AR vs AR	BLD-AR-Curtain Mullions-vs-BLD-AR-Windows  Clash905
4.929	1	viewpoint		0	0	00000000-0000-0000-0000-000000000000	legacy		AR vs AR	BLD-AR-Curtain Mullions-vs-BLD-AR-Windows  Clash906
4.930	1	viewpoint		0	0	00000000-0000-0000-0000-000000000000	legacy		AR vs AR	BLD-AR-Curtain Mullions-vs-BLD-AR-Windows  Clash907
4.931	1	viewpoint		0	0	00000000-0000-0000-0000-000000000000	legacy		AR vs AR	BLD-AR-Curtain Mullions-vs-BLD-AR-Windows  Clash908
4.932	1	viewpoint		0	0	00000000-0000-0000-0000-000000000000	legacy		AR vs AR	BLD-AR-Curtain Mullions-vs-BLD-AR-Windows  Clash909
4.933	1	viewpoint		0	0	00000000-0000-0000-0000-000000000000	legacy		AR vs AR	BLD-AR-Curtain Mullions-vs-BLD-AR-Windows  Clash910
4.934	1	viewpoint		0	0	00000000-0000-0000-0000-000000000000	legacy		AR vs AR	BLD-AR-Curtain Mullions-vs-BLD-AR-Windows  Clash911
4.935	1	viewpoint		0	0	00000000-0000-0000-0000-000000000000	legacy		AR vs AR	BLD-AR-Curtain Mullions-vs-BLD-AR-Windows  Clash912
4.936	1	viewpoint		0	0	00000000-0000-0000-0000-000000000000	legacy		AR vs AR	BLD-AR-Curtain Mullions-vs-BLD-AR-Windows  Clash913
4.937	1	viewpoint		0	0	00000000-0000-0000-0000-000000000000	legacy		AR vs AR	BLD-AR-Curtain Mullions-vs-BLD-AR-Windows  Clash914
4.938	1	viewpoint		0	0	00000000-0000-0000-0000-000000000000	legacy		AR vs AR	BLD-AR-Curtain Mullions-vs-BLD-AR-Windows  Clash915
4.939	1	viewpoint		0	0	00000000-0000-0000-0000-000000000000	legacy		AR vs AR	BLD-AR-Curtain Mullions-vs-BLD-AR-Windows  Clash916
4.940	1	viewpoint		0	0	00000000-0000-0000-0000-000000000000	legacy		AR vs AR	BLD-AR-Curtain Mullions-vs-BLD-AR-Windows  Clash917
4.941	1	viewpoint		0	0	00000000-0000-0000-0000-000000000000	legacy		AR vs AR	BLD-AR-Curtain Mullions-vs-BLD-AR-Windows  Clash918
4.942	1	viewpoint		0	0	00000000-0000-0000-0000-000000000000	legacy		AR vs AR	BLD-AR-Curtain Mullions-vs-BLD-AR-Windows  Clash919
4.943	1	viewpoint		0	0	00000000-0000-0000-0000-000000000000	legacy		AR vs AR	BLD-AR-Curtain Mullions-vs-BLD-AR-Windows  Clash920
4.944	1	viewpoint		0	0	00000000-0000-0000-0000-000000000000	legacy		AR vs AR	BLD-AR-Curtain Mullions-vs-BLD-AR-Windows  Clash921
4.945	1	viewpoint		0	0	00000000-0000-0000-0000-000000000000	legacy		AR vs AR	BLD-AR-Curtain Mullions-vs-BLD-AR-Windows  Clash922
4.946	1	viewpoint		0	0	00000000-0000-0000-0000-000000000000	legacy		AR vs AR	BLD-AR-Curtain Mullions-vs-BLD-AR-Windows  Clash923
4.947	1	viewpoint		0	0	00000000-0000-0000-0000-000000000000	legacy		AR vs AR	BLD-AR-Curtain Mullions-vs-BLD-AR-Windows  Clash924
4.948	1	viewpoint		0	0	00000000-0000-0000-0000-000000000000	legacy		AR vs AR	BLD-AR-Curtain Mullions-vs-BLD-AR-Windows  Clash925
4.949	1	viewpoint		0	0	00000000-0000-0000-0000-000000000000	legacy		AR vs AR	BLD-AR-Curtain Mullions-vs-BLD-AR-Windows  Clash926
4.950	1	viewpoint		0	0	00000000-0000-0000-0000-000000000000	legacy		AR vs AR	BLD-AR-Curtain Mullions-vs-BLD-AR-Windows  Clash927
4.951	1	viewpoint		0	0	00000000-0000-0000-0000-000000000000	legacy		AR vs AR	BLD-AR-Curtain Mullions-vs-BLD-AR-Windows  Clash928
4.952	1	viewpoint		0	0	00000000-0000-0000-0000-000000000000	legacy		AR vs AR	BLD-AR-Curtain Mullions-vs-BLD-AR-Windows  Clash929
4.953	1	viewpoint		0	0	00000000-0000-0000-0000-000000000000	legacy		AR vs AR	BLD-AR-Curtain Mullions-vs-BLD-AR-Windows  Clash930
4.954	1	viewpoint		0	0	00000000-0000-0000-0000-000000000000	legacy		AR vs AR	BLD-AR-Curtain Mullions-vs-BLD-AR-Windows  Clash931
4.955	1	viewpoint		0	0	00000000-0000-0000-0000-000000000000	legacy		AR vs AR	BLD-AR-Curtain Mullions-vs-BLD-AR-Windows  Clash932
4.956	1	viewpoint		0	0	00000000-0000-0000-0000-000000000000	legacy		AR vs AR	BLD-AR-Curtain Mullions-vs-BLD-AR-Windows  Clash933
4.957	1	viewpoint		0	0	00000000-0000-0000-0000-000000000000	legacy		AR vs AR	BLD-AR-Curtain Mullions-vs-BLD-AR-Windows  Clash934
4.958	1	viewpoint		0	0	00000000-0000-0000-0000-000000000000	legacy		AR vs AR	BLD-AR-Curtain Mullions-vs-BLD-AR-Windows  Clash935
4.959	1	viewpoint		0	0	00000000-0000-0000-0000-000000000000	legacy		AR vs AR	BLD-AR-Curtain Mullions-vs-BLD-AR-Windows  Clash936
4.960	1	viewpoint		0	0	00000000-0000-0000-0000-000000000000	legacy		AR vs AR	BLD-AR-Curtain Mullions-vs-BLD-AR-Windows  Clash937
4.961	1	viewpoint		0	0	00000000-0000-0000-0000-000000000000	legacy		AR vs AR	BLD-AR-Curtain Mullions-vs-BLD-AR-Windows  Clash938
4.962	1	viewpoint		0	0	00000000-0000-0000-0000-000000000000	legacy		AR vs AR	BLD-AR-Curtain Mullions-vs-BLD-AR-Windows  Clash939
4.963	1	viewpoint		0	0	00000000-0000-0000-0000-000000000000	legacy		AR vs AR	BLD-AR-Curtain Mullions-vs-BLD-AR-Windows  Clash940
4.964	1	viewpoint		0	0	00000000-0000-0000-0000-000000000000	legacy		AR vs AR	BLD-AR-Curtain Mullions-vs-BLD-AR-Windows  Clash941
4.965	1	viewpoint		0	0	00000000-0000-0000-0000-000000000000	legacy		AR vs AR	BLD-AR-Curtain Mullions-vs-BLD-AR-Windows  Clash942
4.966	1	viewpoint		0	0	00000000-0000-0000-0000-000000000000	legacy		AR vs AR	BLD-AR-Curtain Mullions-vs-BLD-AR-Windows  Clash943
4.967	1	viewpoint		0	0	00000000-0000-0000-0000-000000000000	legacy		AR vs AR	BLD-AR-Curtain Mullions-vs-BLD-AR-Windows  Clash944
4.968	1	viewpoint		0	0	00000000-0000-0000-0000-000000000000	legacy		AR vs AR	BLD-AR-Curtain Mullions-vs-BLD-AR-Windows  Clash945
4.969	1	viewpoint		0	0	00000000-0000-0000-0000-000000000000	legacy		AR vs AR	BLD-AR-Curtain Mullions-vs-BLD-AR-Windows  Clash946
4.970	1	viewpoint		0	0	00000000-0000-0000-0000-000000000000	legacy		AR vs AR	BLD-AR-Curtain Mullions-vs-BLD-AR-Windows  Clash947
4.971	1	viewpoint		0	0	00000000-0000-0000-0000-000000000000	legacy		AR vs AR	BLD-AR-Curtain Mullions-vs-BLD-AR-Windows  Clash948
4.972	1	viewpoint		0	0	00000000-0000-0000-0000-000000000000	legacy		AR vs AR	BLD-AR-Curtain Mullions-vs-BLD-AR-Windows  Clash949
4.973	1	viewpoint		0	0	00000000-0000-0000-0000-000000000000	legacy		AR vs AR	BLD-AR-Curtain Mullions-vs-BLD-AR-Windows  Clash950
4.974	1	viewpoint		0	0	00000000-0000-0000-0000-000000000000	legacy		AR vs AR	BLD-AR-Curtain Mullions-vs-BLD-AR-Windows  Clash951
4.975	1	viewpoint		0	0	00000000-0000-0000-0000-000000000000	legacy		AR vs AR	BLD-AR-Curtain Mullions-vs-BLD-AR-Windows  Clash952
4.976	1	viewpoint		0	0	00000000-0000-0000-0000-000000000000	legacy		AR vs AR	BLD-AR-Curtain Mullions-vs-BLD-AR-Windows  Clash953
4.977	1	viewpoint		0	0	00000000-0000-0000-0000-000000000000	legacy		AR vs AR	BLD-AR-Curtain Mullions-vs-BLD-AR-Windows  Clash954
4.978	1	viewpoint		0	0	00000000-0000-0000-0000-000000000000	legacy		AR vs AR	BLD-AR-Curtain Mullions-vs-BLD-AR-Windows  Clash955
4.979	1	viewpoint		0	0	00000000-0000-0000-0000-000000000000	legacy		AR vs AR	BLD-AR-Curtain Mullions-vs-BLD-AR-Windows  Clash956
4.980	1	viewpoint		0	0	00000000-0000-0000-0000-000000000000	legacy		AR vs AR	BLD-AR-Curtain Mullions-vs-BLD-AR-Windows  Clash957
4.981	1	viewpoint		0	0	00000000-0000-0000-0000-000000000000	legacy		AR vs AR	BLD-AR-Curtain Mullions-vs-BLD-AR-Windows  Clash958
4.982	1	viewpoint		0	0	00000000-0000-0000-0000-000000000000	legacy		AR vs AR	BLD-AR-Curtain Mullions-vs-BLD-AR-Windows  Clash959
4.983	1	viewpoint		0	0	00000000-0000-0000-0000-000000000000	legacy		AR vs AR	BLD-AR-Curtain Mullions-vs-BLD-AR-Windows  Clash960
4.984	1	viewpoint		0	0	00000000-0000-0000-0000-000000000000	legacy		AR vs AR	BLD-AR-Curtain Mullions-vs-BLD-AR-Windows  Clash961
4.985	1	viewpoint		0	0	00000000-0000-0000-0000-000000000000	legacy		AR vs AR	BLD-AR-Curtain Mullions-vs-BLD-AR-Windows  Clash962
4.986	1	viewpoint		0	0	00000000-0000-0000-0000-000000000000	legacy		AR vs AR	BLD-AR-Curtain Mullions-vs-BLD-AR-Windows  Clash963
4.987	1	viewpoint		0	0	00000000-0000-0000-0000-000000000000	legacy		AR vs AR	BLD-AR-Curtain Mullions-vs-BLD-AR-Windows  Clash964
4.988	1	viewpoint		0	0	00000000-0000-0000-0000-000000000000	legacy		AR vs AR	BLD-AR-Curtain Mullions-vs-BLD-AR-Windows  Clash965
4.989	1	viewpoint		0	0	00000000-0000-0000-0000-000000000000	legacy		AR vs AR	BLD-AR-Curtain Mullions-vs-BLD-AR-Windows  Clash966
4.990	1	viewpoint		0	0	00000000-0000-0000-0000-000000000000	legacy		AR vs AR	BLD-AR-Curtain Mullions-vs-BLD-AR-Windows  Clash967
4.991	1	viewpoint		0	0	00000000-0000-0000-0000-000000000000	legacy		AR vs AR	BLD-AR-Curtain Mullions-vs-BLD-AR-Windows  Clash968
4.992	1	viewpoint		0	0	00000000-0000-0000-0000-000000000000	legacy		AR vs AR	BLD-AR-Curtain Mullions-vs-BLD-AR-Windows  Clash969
4.993	1	viewpoint		0	0	00000000-0000-0000-0000-000000000000	legacy		AR vs AR	BLD-AR-Curtain Mullions-vs-BLD-AR-Windows  Clash970
4.994	1	viewpoint		0	0	00000000-0000-0000-0000-000000000000	legacy		AR vs AR	BLD-AR-Curtain Mullions-vs-BLD-AR-Windows  Clash971
4.995	1	viewpoint		0	0	00000000-0000-0000-0000-000000000000	legacy		AR vs AR	BLD-AR-Curtain Mullions-vs-BLD-AR-Windows  Clash972
4.996	1	viewpoint		0	0	00000000-0000-0000-0000-000000000000	legacy		AR vs AR	BLD-AR-Curtain Mullions-vs-BLD-AR-Windows  Clash973
4.997	1	viewpoint		0	0	00000000-0000-0000-0000-000000000000	legacy		AR vs AR	BLD-AR-Curtain Mullions-vs-BLD-AR-Windows  Clash974
4.998	1	viewpoint		0	0	00000000-0000-0000-0000-000000000000	legacy		AR vs AR	BLD-AR-Curtain Mullions-vs-BLD-AR-Windows  Clash975
4.999	1	viewpoint		0	0	00000000-0000-0000-0000-000000000000	legacy		AR vs AR	BLD-AR-Curtain Mullions-vs-BLD-AR-Windows  Clash976
4.1000	1	viewpoint		0	0	00000000-0000-0000-0000-000000000000	legacy		AR vs AR	BLD-AR-Curtain Mullions-vs-BLD-AR-Windows  Clash977
4.1001	1	viewpoint		0	0	00000000-0000-0000-0000-000000000000	legacy		AR vs AR	BLD-AR-Curtain Mullions-vs-BLD-AR-Windows  Clash978
4.1002	1	viewpoint		0	0	00000000-0000-0000-0000-000000000000	legacy		AR vs AR	BLD-AR-Curtain Mullions-vs-BLD-AR-Windows  Clash979
4.1003	1	viewpoint		0	0	00000000-0000-0000-0000-000000000000	legacy		AR vs AR	BLD-AR-Curtain Mullions-vs-BLD-AR-Windows  Clash980
4.1004	1	viewpoint		0	0	00000000-0000-0000-0000-000000000000	legacy		AR vs AR	BLD-AR-Curtain Mullions-vs-BLD-AR-Windows  Clash981
4.1005	1	viewpoint		0	0	00000000-0000-0000-0000-000000000000	legacy		AR vs AR	BLD-AR-Curtain Mullions-vs-BLD-AR-Windows  Clash982
4.1006	1	viewpoint		0	0	00000000-0000-0000-0000-000000000000	legacy		AR vs AR	BLD-AR-Curtain Mullions-vs-BLD-AR-Windows  Clash983
4.1007	1	viewpoint		0	0	00000000-0000-0000-0000-000000000000	legacy		AR vs AR	BLD-AR-Curtain Mullions-vs-BLD-AR-Windows  Clash984
4.1008	1	viewpoint		0	0	00000000-0000-0000-0000-000000000000	legacy		AR vs AR	BLD-AR-Curtain Mullions-vs-BLD-AR-Windows  Clash985
4.1009	1	viewpoint		0	0	00000000-0000-0000-0000-000000000000	legacy		AR vs AR	BLD-AR-Curtain Mullions-vs-BLD-AR-Windows  Clash986
4.1010	1	viewpoint		0	0	00000000-0000-0000-0000-000000000000	legacy		AR vs AR	BLD-AR-Curtain Mullions-vs-BLD-AR-Windows  Clash987
4.1011	1	viewpoint		0	0	00000000-0000-0000-0000-000000000000	legacy		AR vs AR	BLD-AR-Curtain Mullions-vs-BLD-AR-Windows  Clash988
4.1012	1	viewpoint		0	0	00000000-0000-0000-0000-000000000000	legacy		AR vs AR	BLD-AR-Curtain Mullions-vs-BLD-AR-Windows  Clash989
4.1013	1	viewpoint		0	0	00000000-0000-0000-0000-000000000000	legacy		AR vs AR	BLD-AR-Curtain Mullions-vs-BLD-AR-Windows  Clash990
4.1014	1	viewpoint		0	0	00000000-0000-0000-0000-000000000000	legacy		AR vs AR	BLD-AR-Curtain Mullions-vs-BLD-AR-Windows  Clash991
4.1015	1	viewpoint		0	0	00000000-0000-0000-0000-000000000000	legacy		AR vs AR	BLD-AR-Curtain Mullions-vs-BLD-AR-Windows  Clash992
4.1016	1	viewpoint		0	0	00000000-0000-0000-0000-000000000000	legacy		AR vs AR	BLD-AR-Curtain Mullions-vs-BLD-AR-Windows  Clash993
4.1017	1	viewpoint		0	0	00000000-0000-0000-0000-000000000000	legacy		AR vs AR	BLD-AR-Curtain Mullions-vs-BLD-AR-Windows  Clash994
4.1018	1	viewpoint		0	0	00000000-0000-0000-0000-000000000000	legacy		AR vs AR	BLD-AR-Curtain Mullions-vs-BLD-AR-Windows  Clash995
4.1019	1	viewpoint		0	0	00000000-0000-0000-0000-000000000000	legacy		AR vs AR	BLD-AR-Curtain Mullions-vs-BLD-AR-Windows  Clash996
4.1020	1	viewpoint		0	0	00000000-0000-0000-0000-000000000000	legacy		AR vs AR	BLD-AR-Curtain Mullions-vs-BLD-AR-Windows  Clash997
4.1021	1	viewpoint		0	0	00000000-0000-0000-0000-000000000000	legacy		AR vs AR	BLD-AR-Curtain Mullions-vs-BLD-AR-Windows  Clash998
4.1022	1	viewpoint		0	0	00000000-0000-0000-0000-000000000000	legacy		AR vs AR	BLD-AR-Curtain Mullions-vs-BLD-AR-Windows  Clash999
4.1023	1	viewpoint		0	0	00000000-0000-0000-0000-000000000000	legacy		AR vs AR	BLD-AR-Curtain Mullions-vs-BLD-AR-Windows  Clash1000
4.1024	1	viewpoint		0	0	00000000-0000-0000-0000-000000000000	legacy		AR vs AR	BLD-AR-Curtain Mullions-vs-BLD-AR-Windows  Clash1001
4.1025	1	viewpoint		0	0	00000000-0000-0000-0000-000000000000	legacy		AR vs AR	BLD-AR-Curtain Mullions-vs-BLD-AR-Windows  Clash1002
4.1026	1	viewpoint		0	0	00000000-0000-0000-0000-000000000000	legacy		AR vs AR	BLD-AR-Curtain Mullions-vs-BLD-AR-Windows  Clash1003
4.1027	1	viewpoint		0	0	00000000-0000-0000-0000-000000000000	legacy		AR vs AR	BLD-AR-Curtain Mullions-vs-BLD-AR-Windows  Clash1004
4.1028	1	viewpoint		0	0	00000000-0000-0000-0000-000000000000	legacy		AR vs AR	BLD-AR-Curtain Mullions-vs-BLD-AR-Windows  Clash1005
4.1029	1	viewpoint		0	0	00000000-0000-0000-0000-000000000000	legacy		AR vs AR	BLD-AR-Curtain Mullions-vs-BLD-AR-Windows  Clash1006
4.1030	1	viewpoint		0	0	00000000-0000-0000-0000-000000000000	legacy		AR vs AR	BLD-AR-Curtain Mullions-vs-BLD-AR-Windows  Clash1007
4.1031	1	viewpoint		0	0	00000000-0000-0000-0000-000000000000	legacy		AR vs AR	BLD-AR-Curtain Mullions-vs-BLD-AR-Windows  Clash1008
4.1032	1	viewpoint		0	0	00000000-0000-0000-0000-000000000000	legacy		AR vs AR	BLD-AR-Curtain Mullions-vs-BLD-AR-Windows  Clash1009
4.1033	1	viewpoint		0	0	00000000-0000-0000-0000-000000000000	legacy		AR vs AR	BLD-AR-Curtain Mullions-vs-BLD-AR-Windows  Clash1010
4.1034	1	viewpoint		0	0	00000000-0000-0000-0000-000000000000	legacy		AR vs AR	BLD-AR-Curtain Mullions-vs-BLD-AR-Windows  Clash1011
4.1035	1	viewpoint		0	0	00000000-0000-0000-0000-000000000000	legacy		AR vs AR	BLD-AR-Curtain Mullions-vs-BLD-AR-Windows  Clash1012
4.1036	1	viewpoint		0	0	00000000-0000-0000-0000-000000000000	legacy		AR vs AR	BLD-AR-Curtain Mullions-vs-BLD-AR-Windows  Clash1013
4.1037	1	viewpoint		0	0	00000000-0000-0000-0000-000000000000	legacy		AR vs AR	BLD-AR-Curtain Mullions-vs-BLD-AR-Windows  Clash1014
4.1038	1	viewpoint		0	0	00000000-0000-0000-0000-000000000000	legacy		AR vs AR	BLD-AR-Curtain Mullions-vs-BLD-AR-Windows  Clash1015
4.1039	1	viewpoint		0	0	00000000-0000-0000-0000-000000000000	legacy		AR vs AR	BLD-AR-Curtain Mullions-vs-BLD-AR-Windows  Clash1016
4.1040	1	viewpoint		0	0	00000000-0000-0000-0000-000000000000	legacy		AR vs AR	BLD-AR-Curtain Mullions-vs-BLD-AR-Windows  Clash1017
4.1041	1	viewpoint		0	0	00000000-0000-0000-0000-000000000000	legacy		AR vs AR	BLD-AR-Curtain Mullions-vs-BLD-AR-Windows  Clash1018
4.1042	1	viewpoint		0	0	00000000-0000-0000-0000-000000000000	legacy		AR vs AR	BLD-AR-Curtain Mullions-vs-BLD-AR-Windows  Clash1019
4.1043	1	viewpoint		0	0	00000000-0000-0000-0000-000000000000	legacy		AR vs AR	BLD-AR-Curtain Mullions-vs-BLD-AR-Windows  Clash1020
4.1044	1	viewpoint		0	0	00000000-0000-0000-0000-000000000000	legacy		AR vs AR	BLD-AR-Curtain Mullions-vs-BLD-AR-Windows  Clash1021
4.1045	1	viewpoint		0	0	00000000-0000-0000-0000-000000000000	legacy		AR vs AR	BLD-AR-Curtain Mullions-vs-BLD-AR-Windows  Clash1022
4.1046	1	viewpoint		0	0	00000000-0000-0000-0000-000000000000	legacy		AR vs AR	BLD-AR-Curtain Mullions-vs-BLD-AR-Windows  Clash1023
4.1047	1	viewpoint		0	0	00000000-0000-0000-0000-000000000000	legacy		AR vs AR	BLD-AR-Curtain Mullions-vs-BLD-AR-Windows  Clash1024
4.1048	1	viewpoint		0	0	00000000-0000-0000-0000-000000000000	legacy		AR vs AR	BLD-AR-Curtain Mullions-vs-BLD-AR-Windows  Clash1025
4.1049	1	viewpoint		0	0	00000000-0000-0000-0000-000000000000	legacy		AR vs AR	BLD-AR-Curtain Mullions-vs-BLD-AR-Windows  Clash1026
4.1050	1	viewpoint		0	0	00000000-0000-0000-0000-000000000000	legacy		AR vs AR	BLD-AR-Curtain Mullions-vs-BLD-AR-Windows  Clash1027
4.1051	1	viewpoint		0	0	00000000-0000-0000-0000-000000000000	legacy		AR vs AR	BLD-AR-Curtain Mullions-vs-BLD-AR-Windows  Clash1028
4.1052	1	viewpoint		0	0	00000000-0000-0000-0000-000000000000	legacy		AR vs AR	BLD-AR-Curtain Mullions-vs-BLD-AR-Windows  Clash1029
4.1053	1	viewpoint		0	0	00000000-0000-0000-0000-000000000000	legacy		AR vs AR	BLD-AR-Curtain Mullions-vs-BLD-AR-Windows  Clash1030
4.1054	1	viewpoint		0	0	00000000-0000-0000-0000-000000000000	legacy		AR vs AR	BLD-AR-Curtain Mullions-vs-BLD-AR-Windows  Clash1031
4.1055	1	viewpoint		0	0	00000000-0000-0000-0000-000000000000	legacy		AR vs AR	BLD-AR-Curtain Mullions-vs-BLD-AR-Windows  Clash1032
4.1056	1	viewpoint		0	0	00000000-0000-0000-0000-000000000000	legacy		AR vs AR	BLD-AR-Curtain Mullions-vs-BLD-AR-Windows  Clash1033
4.1057	1	viewpoint		0	0	00000000-0000-0000-0000-000000000000	legacy		AR vs AR	BLD-AR-Curtain Mullions-vs-BLD-AR-Windows  Clash1034
4.1058	1	viewpoint		0	0	00000000-0000-0000-0000-000000000000	legacy		AR vs AR	BLD-AR-Curtain Mullions-vs-BLD-AR-Windows  Clash1035
4.1059	1	viewpoint		0	0	00000000-0000-0000-0000-000000000000	legacy		AR vs AR	BLD-AR-Curtain Mullions-vs-BLD-AR-Windows  Clash1036
4.1060	1	viewpoint		0	0	00000000-0000-0000-0000-000000000000	legacy		AR vs AR	BLD-AR-Curtain Mullions-vs-BLD-AR-Windows  Clash1037
4.1061	1	viewpoint		0	0	00000000-0000-0000-0000-000000000000	legacy		AR vs AR	BLD-AR-Curtain Mullions-vs-BLD-AR-Windows  Clash1038
4.1062	1	viewpoint		0	0	00000000-0000-0000-0000-000000000000	legacy		AR vs AR	BLD-AR-Curtain Mullions-vs-BLD-AR-Windows  Clash1039
4.1063	1	viewpoint		0	0	00000000-0000-0000-0000-000000000000	legacy		AR vs AR	BLD-AR-Curtain Mullions-vs-BLD-AR-Windows  Clash1040
4.1064	1	viewpoint		0	0	00000000-0000-0000-0000-000000000000	legacy		AR vs AR	BLD-AR-Curtain Mullions-vs-BLD-AR-Windows  Clash1041
4.1065	1	viewpoint		0	0	00000000-0000-0000-0000-000000000000	legacy		AR vs AR	BLD-AR-Curtain Mullions-vs-BLD-AR-Windows  Clash1042
4.1066	1	viewpoint		0	0	00000000-0000-0000-0000-000000000000	legacy		AR vs AR	BLD-AR-Curtain Mullions-vs-BLD-AR-Windows  Clash1043
4.1067	1	viewpoint		0	0	00000000-0000-0000-0000-000000000000	legacy		AR vs AR	BLD-AR-Curtain Mullions-vs-BLD-AR-Windows  Clash1044
4.1068	1	viewpoint		0	0	00000000-0000-0000-0000-000000000000	legacy		AR vs AR	BLD-AR-Curtain Mullions-vs-BLD-AR-Windows  Clash1045
4.1069	1	viewpoint		0	0	00000000-0000-0000-0000-000000000000	legacy		AR vs AR	BLD-AR-Curtain Mullions-vs-BLD-AR-Windows  Clash1046
4.1070	1	viewpoint		0	0	00000000-0000-0000-0000-000000000000	legacy		AR vs AR	BLD-AR-Curtain Mullions-vs-BLD-AR-Windows  Clash1047
4.1071	1	viewpoint		0	0	00000000-0000-0000-0000-000000000000	legacy		AR vs AR	BLD-AR-Curtain Mullions-vs-BLD-AR-Windows  Clash1048
4.1072	1	viewpoint		0	0	00000000-0000-0000-0000-000000000000	legacy		AR vs AR	BLD-AR-Curtain Mullions-vs-BLD-AR-Windows  Clash1049
4.1073	1	viewpoint		0	0	00000000-0000-0000-0000-000000000000	legacy		AR vs AR	BLD-AR-Curtain Mullions-vs-BLD-AR-Windows  Clash1050
4.1074	1	viewpoint		0	0	00000000-0000-0000-0000-000000000000	legacy		AR vs AR	BLD-AR-Curtain Mullions-vs-BLD-AR-Windows  Clash1051
4.1075	1	viewpoint		0	0	00000000-0000-0000-0000-000000000000	legacy		AR vs AR	BLD-AR-Curtain Mullions-vs-BLD-AR-Windows  Clash1052
4.1076	1	viewpoint		0	0	00000000-0000-0000-0000-000000000000	legacy		AR vs AR	BLD-AR-Curtain Mullions-vs-BLD-AR-Windows  Clash1053
4.1077	1	viewpoint		0	0	00000000-0000-0000-0000-000000000000	legacy		AR vs AR	BLD-AR-Curtain Mullions-vs-BLD-AR-Windows  Clash1054
4.1078	1	viewpoint		0	0	00000000-0000-0000-0000-000000000000	legacy		AR vs AR	BLD-AR-Curtain Mullions-vs-BLD-AR-Windows  Clash1055
4.1079	1	viewpoint		0	0	00000000-0000-0000-0000-000000000000	legacy		AR vs AR	BLD-AR-Curtain Mullions-vs-BLD-AR-Windows  Clash1056
4.1080	1	viewpoint		0	0	00000000-0000-0000-0000-000000000000	legacy		AR vs AR	BLD-AR-Curtain Mullions-vs-BLD-AR-Windows  Clash1057
4.1081	1	viewpoint		0	0	00000000-0000-0000-0000-000000000000	legacy		AR vs AR	BLD-AR-Curtain Mullions-vs-BLD-AR-Windows  Clash1058
4.1082	1	viewpoint		0	0	00000000-0000-0000-0000-000000000000	legacy		AR vs AR	BLD-AR-Curtain Mullions-vs-BLD-AR-Windows  Clash1059
4.1083	1	viewpoint		0	0	00000000-0000-0000-0000-000000000000	legacy		AR vs AR	BLD-AR-Curtain Mullions-vs-BLD-AR-Windows  Clash1060
4.1084	1	viewpoint		0	0	00000000-0000-0000-0000-000000000000	legacy		AR vs AR	BLD-AR-Curtain Mullions-vs-BLD-AR-Windows  Clash1061
4.1085	1	viewpoint		0	0	00000000-0000-0000-0000-000000000000	legacy		AR vs AR	BLD-AR-Curtain Mullions-vs-BLD-AR-Windows  Clash1062
4.1086	1	viewpoint		0	0	00000000-0000-0000-0000-000000000000	legacy		AR vs AR	BLD-AR-Curtain Mullions-vs-BLD-AR-Windows  Clash1063
4.1087	1	viewpoint		0	0	00000000-0000-0000-0000-000000000000	legacy		AR vs AR	BLD-AR-Curtain Mullions-vs-BLD-AR-Windows  Clash1064
4.1088	1	viewpoint		0	0	00000000-0000-0000-0000-000000000000	legacy		AR vs AR	BLD-AR-Curtain Mullions-vs-BLD-AR-Windows  Clash1065
4.1089	1	viewpoint		0	0	00000000-0000-0000-0000-000000000000	legacy		AR vs AR	BLD-AR-Curtain Mullions-vs-BLD-AR-Windows  Clash1066
4.1090	1	viewpoint		0	0	00000000-0000-0000-0000-000000000000	legacy		AR vs AR	BLD-AR-Curtain Mullions-vs-BLD-AR-Windows  Clash1067
4.1091	1	viewpoint		0	0	00000000-0000-0000-0000-000000000000	legacy		AR vs AR	BLD-AR-Curtain Mullions-vs-BLD-AR-Windows  Clash1068
4.1092	1	viewpoint		0	0	00000000-0000-0000-0000-000000000000	legacy		AR vs AR	BLD-AR-Curtain Mullions-vs-BLD-AR-Windows  Clash1069
4.1093	1	viewpoint		0	0	00000000-0000-0000-0000-000000000000	legacy		AR vs AR	BLD-AR-Curtain Mullions-vs-BLD-AR-Windows  Clash1070
4.1094	1	viewpoint		0	0	00000000-0000-0000-0000-000000000000	legacy		AR vs AR	BLD-AR-Curtain Mullions-vs-BLD-AR-Windows  Clash1071
4.1095	1	viewpoint		0	0	00000000-0000-0000-0000-000000000000	legacy		AR vs AR	BLD-AR-Curtain Mullions-vs-BLD-AR-Windows  Clash1072
4.1096	1	viewpoint		0	0	00000000-0000-0000-0000-000000000000	legacy		AR vs AR	BLD-AR-Curtain Mullions-vs-BLD-AR-Windows  Clash1073
4.1097	1	viewpoint		0	0	00000000-0000-0000-0000-000000000000	legacy		AR vs AR	BLD-AR-Curtain Mullions-vs-BLD-AR-Windows  Clash1074
4.1098	1	viewpoint		0	0	00000000-0000-0000-0000-000000000000	legacy		AR vs AR	BLD-AR-Curtain Mullions-vs-BLD-AR-Windows  Clash1075
4.1099	1	viewpoint		0	0	00000000-0000-0000-0000-000000000000	legacy		AR vs AR	BLD-AR-Curtain Mullions-vs-BLD-AR-Windows  Clash1076
4.1100	1	viewpoint		0	0	00000000-0000-0000-0000-000000000000	legacy		AR vs AR	BLD-AR-Curtain Mullions-vs-BLD-AR-Windows  Clash1077
4.1101	1	viewpoint		0	0	00000000-0000-0000-0000-000000000000	legacy		AR vs AR	BLD-AR-Curtain Mullions-vs-BLD-AR-Windows  Clash1078
4.1102	1	viewpoint		0	0	00000000-0000-0000-0000-000000000000	legacy		AR vs AR	BLD-AR-Curtain Mullions-vs-BLD-AR-Windows  Clash1079
4.1103	1	viewpoint		0	0	00000000-0000-0000-0000-000000000000	legacy		AR vs AR	BLD-AR-Curtain Mullions-vs-BLD-AR-Windows  Clash1080
4.1104	1	viewpoint		0	0	00000000-0000-0000-0000-000000000000	legacy		AR vs AR	BLD-AR-Curtain Mullions-vs-BLD-AR-Windows  Clash1081
4.1105	1	viewpoint		0	0	00000000-0000-0000-0000-000000000000	legacy		AR vs AR	BLD-AR-Curtain Mullions-vs-BLD-AR-Windows  Clash1082
4.1106	1	viewpoint		0	0	00000000-0000-0000-0000-000000000000	legacy		AR vs AR	BLD-AR-Curtain Mullions-vs-BLD-AR-Windows  Clash1083
4.1107	1	viewpoint		0	0	00000000-0000-0000-0000-000000000000	legacy		AR vs AR	BLD-AR-Curtain Mullions-vs-BLD-AR-Windows  Clash1084
4.1108	1	viewpoint		0	0	00000000-0000-0000-0000-000000000000	legacy		AR vs AR	BLD-AR-Curtain Mullions-vs-BLD-AR-Windows  Clash1085
4.1109	1	viewpoint		0	0	00000000-0000-0000-0000-000000000000	legacy		AR vs AR	BLD-AR-Curtain Mullions-vs-BLD-AR-Windows  Clash1086
4.1110	1	viewpoint		0	0	00000000-0000-0000-0000-000000000000	legacy		AR vs AR	BLD-AR-Curtain Mullions-vs-BLD-AR-Windows  Clash1087
4.1111	1	viewpoint		0	0	00000000-0000-0000-0000-000000000000	legacy		AR vs AR	BLD-AR-Curtain Mullions-vs-BLD-AR-Windows  Clash1088
4.1112	1	viewpoint		0	0	00000000-0000-0000-0000-000000000000	legacy		AR vs AR	BLD-AR-Curtain Mullions-vs-BLD-AR-Windows  Clash1089
4.1113	1	viewpoint		0	0	00000000-0000-0000-0000-000000000000	legacy		AR vs AR	BLD-AR-Curtain Mullions-vs-BLD-AR-Windows  Clash1090
4.1114	1	viewpoint		0	0	00000000-0000-0000-0000-000000000000	legacy		AR vs AR	BLD-AR-Curtain Mullions-vs-BLD-AR-Windows  Clash1091
4.1115	1	viewpoint		0	0	00000000-0000-0000-0000-000000000000	legacy		AR vs AR	BLD-AR-Curtain Mullions-vs-BLD-AR-Windows  Clash1092
4.1116	1	viewpoint		0	0	00000000-0000-0000-0000-000000000000	legacy		AR vs AR	BLD-AR-Curtain Mullions-vs-BLD-AR-Windows  Clash1093
4.1117	1	viewpoint		0	0	00000000-0000-0000-0000-000000000000	legacy		AR vs AR	BLD-AR-Curtain Mullions-vs-BLD-AR-Windows  Clash1094
4.1118	1	viewpoint		0	0	00000000-0000-0000-0000-000000000000	legacy		AR vs AR	BLD-AR-Curtain Mullions-vs-BLD-AR-Windows  Clash1095
4.1119	1	viewpoint		0	0	00000000-0000-0000-0000-000000000000	legacy		AR vs AR	BLD-AR-Curtain Mullions-vs-BLD-AR-Windows  Clash1096
4.1120	1	viewpoint		0	0	00000000-0000-0000-0000-000000000000	legacy		AR vs AR	BLD-AR-Curtain Mullions-vs-BLD-AR-Windows  Clash1097
4.1121	1	viewpoint		0	0	00000000-0000-0000-0000-000000000000	legacy		AR vs AR	BLD-AR-Curtain Mullions-vs-BLD-AR-Windows  Clash1098
4.1122	1	viewpoint		0	0	00000000-0000-0000-0000-000000000000	legacy		AR vs AR	BLD-AR-Curtain Mullions-vs-BLD-AR-Windows  Clash1099
4.1123	1	viewpoint		0	0	00000000-0000-0000-0000-000000000000	legacy		AR vs AR	BLD-AR-Curtain Mullions-vs-BLD-AR-Windows  Clash1100
4.1124	1	viewpoint		0	0	00000000-0000-0000-0000-000000000000	legacy		AR vs AR	BLD-AR-Curtain Mullions-vs-BLD-AR-Windows  Clash1101
4.1125	1	viewpoint		0	0	00000000-0000-0000-0000-000000000000	legacy		AR vs AR	BLD-AR-Curtain Mullions-vs-BLD-AR-Windows  Clash1102
4.1126	1	viewpoint		0	0	00000000-0000-0000-0000-000000000000	legacy		AR vs AR	BLD-AR-Curtain Mullions-vs-BLD-AR-Windows  Clash1103
4.1127	1	viewpoint		0	0	00000000-0000-0000-0000-000000000000	legacy		AR vs AR	BLD-AR-Curtain Mullions-vs-BLD-AR-Windows  Clash1104
4.1128	1	viewpoint		0	0	00000000-0000-0000-0000-000000000000	legacy		AR vs AR	BLD-AR-Curtain Mullions-vs-BLD-AR-Windows  Clash1105
4.1129	1	viewpoint		0	0	00000000-0000-0000-0000-000000000000	legacy		AR vs AR	BLD-AR-Curtain Mullions-vs-BLD-AR-Windows  Clash1106
4.1130	1	viewpoint		0	0	00000000-0000-0000-0000-000000000000	legacy		AR vs AR	BLD-AR-Curtain Mullions-vs-BLD-AR-Windows  Clash1107
4.1131	1	viewpoint		0	0	00000000-0000-0000-0000-000000000000	legacy		AR vs AR	BLD-AR-Curtain Mullions-vs-BLD-AR-Windows  Clash1108
4.1132	1	viewpoint		0	0	00000000-0000-0000-0000-000000000000	legacy		AR vs AR	BLD-AR-Curtain Mullions-vs-BLD-AR-Windows  Clash1109
4.1133	1	viewpoint		0	0	00000000-0000-0000-0000-000000000000	legacy		AR vs AR	BLD-AR-Curtain Mullions-vs-BLD-AR-Windows  Clash1110
4.1134	1	viewpoint		0	0	00000000-0000-0000-0000-000000000000	legacy		AR vs AR	BLD-AR-Curtain Mullions-vs-BLD-AR-Windows  Clash1111
4.1135	1	viewpoint		0	0	00000000-0000-0000-0000-000000000000	legacy		AR vs AR	BLD-AR-Curtain Mullions-vs-BLD-AR-Windows  Clash1112
4.1136	1	viewpoint		0	0	00000000-0000-0000-0000-000000000000	legacy		AR vs AR	BLD-AR-Curtain Mullions-vs-BLD-AR-Windows  Clash1113
4.1137	1	viewpoint		0	0	00000000-0000-0000-0000-000000000000	legacy		AR vs AR	BLD-AR-Curtain Mullions-vs-BLD-AR-Windows  Clash1114
4.1138	1	viewpoint		0	0	00000000-0000-0000-0000-000000000000	legacy		AR vs AR	BLD-AR-Curtain Mullions-vs-BLD-AR-Windows  Clash1115
4.1139	1	viewpoint		0	0	00000000-0000-0000-0000-000000000000	legacy		AR vs AR	BLD-AR-Curtain Mullions-vs-BLD-AR-Windows  Clash1116
4.1140	1	viewpoint		0	0	00000000-0000-0000-0000-000000000000	legacy		AR vs AR	BLD-AR-Curtain Mullions-vs-BLD-AR-Windows  Clash1117
4.1141	1	viewpoint		0	0	00000000-0000-0000-0000-000000000000	legacy		AR vs AR	BLD-AR-Curtain Mullions-vs-BLD-AR-Windows  Clash1118
4.1142	1	viewpoint		0	0	00000000-0000-0000-0000-000000000000	legacy		AR vs AR	BLD-AR-Curtain Mullions-vs-BLD-AR-Windows  Clash1119
4.1143	1	viewpoint		0	0	00000000-0000-0000-0000-000000000000	legacy		AR vs AR	BLD-AR-Curtain Mullions-vs-BLD-AR-Windows  Clash1120
4.1144	1	viewpoint		0	0	00000000-0000-0000-0000-000000000000	legacy		AR vs AR	BLD-AR-Curtain Mullions-vs-BLD-AR-Windows  Clash1121
4.1145	1	viewpoint		0	0	00000000-0000-0000-0000-000000000000	legacy		AR vs AR	BLD-AR-Curtain Mullions-vs-BLD-AR-Windows  Clash1122
4.1146	1	viewpoint		0	0	00000000-0000-0000-0000-000000000000	legacy		AR vs AR	BLD-AR-Curtain Mullions-vs-BLD-AR-Windows  Clash1123
4.1147	1	viewpoint		0	0	00000000-0000-0000-0000-000000000000	legacy		AR vs AR	BLD-AR-Curtain Mullions-vs-BLD-AR-Windows  Clash1124
4.1148	1	viewpoint		0	0	00000000-0000-0000-0000-000000000000	legacy		AR vs AR	BLD-AR-Curtain Mullions-vs-BLD-AR-Windows  Clash1125
4.1149	1	viewpoint		0	0	00000000-0000-0000-0000-000000000000	legacy		AR vs AR	BLD-AR-Curtain Mullions-vs-BLD-AR-Windows  Clash1126
4.1150	1	viewpoint		0	0	00000000-0000-0000-0000-000000000000	legacy		AR vs AR	BLD-AR-Curtain Mullions-vs-BLD-AR-Windows  Clash1127
4.1151	1	viewpoint		0	0	00000000-0000-0000-0000-000000000000	legacy		AR vs AR	BLD-AR-Curtain Mullions-vs-BLD-AR-Windows  Clash1128
4.1152	1	viewpoint		0	0	00000000-0000-0000-0000-000000000000	legacy		AR vs AR	BLD-AR-Curtain Mullions-vs-BLD-AR-Windows  Clash1129
4.1153	1	viewpoint		0	0	00000000-0000-0000-0000-000000000000	legacy		AR vs AR	BLD-AR-Curtain Mullions-vs-BLD-AR-Windows  Clash1130
4.1154	1	viewpoint		0	0	00000000-0000-0000-0000-000000000000	legacy		AR vs AR	BLD-AR-Curtain Mullions-vs-BLD-AR-Windows  Clash1131
4.1155	1	viewpoint		0	0	00000000-0000-0000-0000-000000000000	legacy		AR vs AR	BLD-AR-Curtain Mullions-vs-BLD-AR-Windows  Clash1132
4.1156	1	viewpoint		0	0	00000000-0000-0000-0000-000000000000	legacy		AR vs AR	BLD-AR-Curtain Mullions-vs-BLD-AR-Windows  Clash1133
4.1157	1	viewpoint		0	0	00000000-0000-0000-0000-000000000000	legacy		AR vs AR	BLD-AR-Curtain Mullions-vs-BLD-AR-Windows  Clash1134
4.1158	1	viewpoint		0	0	00000000-0000-0000-0000-000000000000	legacy		AR vs AR	BLD-AR-Curtain Mullions-vs-BLD-AR-Windows  Clash1135
4.1159	1	viewpoint		0	0	00000000-0000-0000-0000-000000000000	legacy		AR vs AR	BLD-AR-Curtain Mullions-vs-BLD-AR-Windows  Clash1136
4.1160	1	viewpoint		0	0	00000000-0000-0000-0000-000000000000	legacy		AR vs AR	BLD-AR-Curtain Mullions-vs-BLD-AR-Windows  Clash1137
4.1161	1	viewpoint		0	0	00000000-0000-0000-0000-000000000000	legacy		AR vs AR	BLD-AR-Curtain Mullions-vs-BLD-AR-Windows  Clash1138
4.1162	1	viewpoint		0	0	00000000-0000-0000-0000-000000000000	legacy		AR vs AR	BLD-AR-Curtain Mullions-vs-BLD-AR-Windows  Clash1139
4.1163	1	viewpoint		0	0	00000000-0000-0000-0000-000000000000	legacy		AR vs AR	BLD-AR-Curtain Mullions-vs-BLD-AR-Windows  Clash1140
4.1164	1	viewpoint		0	0	00000000-0000-0000-0000-000000000000	legacy		AR vs AR	BLD-AR-Curtain Mullions-vs-BLD-AR-Windows  Clash1141
4.1165	1	viewpoint		0	0	00000000-0000-0000-0000-000000000000	legacy		AR vs AR	BLD-AR-Curtain Mullions-vs-BLD-AR-Windows  Clash1142
4.1166	1	viewpoint		0	0	00000000-0000-0000-0000-000000000000	legacy		AR vs AR	BLD-AR-Curtain Mullions-vs-BLD-AR-Windows  Clash1143
4.1167	1	viewpoint		0	0	00000000-0000-0000-0000-000000000000	legacy		AR vs AR	BLD-AR-Curtain Mullions-vs-BLD-AR-Windows  Clash1144
4.1168	1	viewpoint		0	0	00000000-0000-0000-0000-000000000000	legacy		AR vs AR	BLD-AR-Curtain Mullions-vs-BLD-AR-Windows  Clash1145
4.1169	1	viewpoint		0	0	00000000-0000-0000-0000-000000000000	legacy		AR vs AR	BLD-AR-Curtain Mullions-vs-BLD-AR-Windows  Clash1146
4.1170	1	viewpoint		0	0	00000000-0000-0000-0000-000000000000	legacy		AR vs AR	BLD-AR-Curtain Mullions-vs-BLD-AR-Windows  Clash1147
4.1171	1	viewpoint		0	0	00000000-0000-0000-0000-000000000000	legacy		AR vs AR	BLD-AR-Curtain Mullions-vs-BLD-AR-Windows  Clash1148
4.1172	1	viewpoint		0	0	00000000-0000-0000-0000-000000000000	legacy		AR vs AR	BLD-AR-Curtain Mullions-vs-BLD-AR-Windows  Clash1149
4.1173	1	viewpoint		0	0	00000000-0000-0000-0000-000000000000	legacy		AR vs AR	BLD-AR-Curtain Mullions-vs-BLD-AR-Windows  Clash1150
4.1174	1	viewpoint		0	0	00000000-0000-0000-0000-000000000000	legacy		AR vs AR	BLD-AR-Curtain Mullions-vs-BLD-AR-Windows  Clash1151
4.1175	1	viewpoint		0	0	00000000-0000-0000-0000-000000000000	legacy		AR vs AR	BLD-AR-Curtain Mullions-vs-BLD-AR-Windows  Clash1152
4.1176	1	viewpoint		0	0	00000000-0000-0000-0000-000000000000	legacy		AR vs AR	BLD-AR-Curtain Mullions-vs-BLD-AR-Windows  Clash1153
4.1177	1	viewpoint		0	0	00000000-0000-0000-0000-000000000000	legacy		AR vs AR	BLD-AR-Curtain Mullions-vs-BLD-AR-Windows  Clash1154
4.1178	1	viewpoint		0	0	00000000-0000-0000-0000-000000000000	legacy		AR vs AR	BLD-AR-Curtain Mullions-vs-BLD-AR-Windows  Clash1155
4.1179	1	viewpoint		0	0	00000000-0000-0000-0000-000000000000	legacy		AR vs AR	BLD-AR-Curtain Mullions-vs-BLD-AR-Windows  Clash1156
4.1180	1	viewpoint		0	0	00000000-0000-0000-0000-000000000000	legacy		AR vs AR	BLD-AR-Curtain Mullions-vs-BLD-AR-Windows  Clash1157
4.1181	1	viewpoint		0	0	00000000-0000-0000-0000-000000000000	legacy		AR vs AR	BLD-AR-Curtain Mullions-vs-BLD-AR-Windows  Clash1158
4.1182	1	viewpoint		0	0	00000000-0000-0000-0000-000000000000	legacy		AR vs AR	BLD-AR-Curtain Mullions-vs-BLD-AR-Windows  Clash1159
4.1183	1	viewpoint		0	0	00000000-0000-0000-0000-000000000000	legacy		AR vs AR	BLD-AR-Curtain Mullions-vs-BLD-AR-Windows  Clash1160
4.1184	1	viewpoint		0	0	00000000-0000-0000-0000-000000000000	legacy		AR vs AR	BLD-AR-Curtain Mullions-vs-BLD-AR-Windows  Clash1161
4.1185	1	viewpoint		0	0	00000000-0000-0000-0000-000000000000	legacy		AR vs AR	BLD-AR-Curtain Mullions-vs-BLD-AR-Windows  Clash1162
4.1186	1	viewpoint		0	0	00000000-0000-0000-0000-000000000000	legacy		AR vs AR	BLD-AR-Curtain Mullions-vs-BLD-AR-Windows  Clash1163
4.1187	1	viewpoint		0	0	00000000-0000-0000-0000-000000000000	legacy		AR vs AR	BLD-AR-Curtain Mullions-vs-BLD-AR-Windows  Clash1164
4.1188	1	viewpoint		0	0	00000000-0000-0000-0000-000000000000	legacy		AR vs AR	BLD-AR-Curtain Mullions-vs-BLD-AR-Windows  Clash1165
4.1189	1	viewpoint		0	0	00000000-0000-0000-0000-000000000000	legacy		AR vs AR	BLD-AR-Curtain Mullions-vs-BLD-AR-Windows  Clash1166
4.1190	1	viewpoint		0	0	00000000-0000-0000-0000-000000000000	legacy		AR vs AR	BLD-AR-Curtain Mullions-vs-BLD-AR-Windows  Clash1167
4.1191	1	viewpoint		0	0	00000000-0000-0000-0000-000000000000	legacy		AR vs AR	BLD-AR-Curtain Mullions-vs-BLD-AR-Windows  Clash1168
4.1192	1	viewpoint		0	0	00000000-0000-0000-0000-000000000000	legacy		AR vs AR	BLD-AR-Curtain Mullions-vs-BLD-AR-Windows  Clash1169
4.1193	1	viewpoint		0	0	00000000-0000-0000-0000-000000000000	legacy		AR vs AR	BLD-AR-Curtain Mullions-vs-BLD-AR-Windows  Clash1170
4.1194	1	viewpoint		0	0	00000000-0000-0000-0000-000000000000	legacy		AR vs AR	BLD-AR-Curtain Mullions-vs-BLD-AR-Windows  Clash1171
4.1195	1	viewpoint		0	0	00000000-0000-0000-0000-000000000000	legacy		AR vs AR	BLD-AR-Curtain Mullions-vs-BLD-AR-Windows  Clash1172
4.1196	1	viewpoint		0	0	00000000-0000-0000-0000-000000000000	legacy		AR vs AR	BLD-AR-Curtain Mullions-vs-BLD-AR-Windows  Clash1173
4.1197	1	viewpoint		0	0	00000000-0000-0000-0000-000000000000	legacy		AR vs AR	BLD-AR-Curtain Mullions-vs-BLD-AR-Windows  Clash1174
4.1198	1	viewpoint		0	0	00000000-0000-0000-0000-000000000000	legacy		AR vs AR	BLD-AR-Curtain Mullions-vs-BLD-AR-Windows  Clash1175
4.1199	1	viewpoint		0	0	00000000-0000-0000-0000-000000000000	legacy		AR vs AR	BLD-AR-Curtain Mullions-vs-BLD-AR-Windows  Clash1176
4.1200	1	viewpoint		0	0	00000000-0000-0000-0000-000000000000	legacy		AR vs AR	BLD-AR-Curtain Mullions-vs-BLD-AR-Windows  Clash1177
4.1201	1	viewpoint		0	0	00000000-0000-0000-0000-000000000000	legacy		AR vs AR	BLD-AR-Curtain Mullions-vs-BLD-AR-Windows  Clash1178
4.1202	1	viewpoint		0	0	00000000-0000-0000-0000-000000000000	legacy		AR vs AR	BLD-AR-Curtain Mullions-vs-BLD-AR-Windows  Clash1179
4.1203	1	viewpoint		0	0	00000000-0000-0000-0000-000000000000	legacy		AR vs AR	BLD-AR-Curtain Mullions-vs-BLD-AR-Windows  Clash1180
4.1204	1	viewpoint		0	0	00000000-0000-0000-0000-000000000000	legacy		AR vs AR	BLD-AR-Curtain Mullions-vs-BLD-AR-Windows  Clash1181
4.1205	1	viewpoint		0	0	00000000-0000-0000-0000-000000000000	legacy		AR vs AR	BLD-AR-Curtain Mullions-vs-BLD-AR-Windows  Clash1182
4.1206	1	viewpoint		0	0	00000000-0000-0000-0000-000000000000	legacy		AR vs AR	BLD-AR-Curtain Mullions-vs-BLD-AR-Windows  Clash1183
4.1207	1	viewpoint		0	0	00000000-0000-0000-0000-000000000000	legacy		AR vs AR	BLD-AR-Curtain Mullions-vs-BLD-AR-Windows  Clash1184
4.1208	1	viewpoint		0	0	00000000-0000-0000-0000-000000000000	legacy		AR vs AR	BLD-AR-Curtain Mullions-vs-BLD-AR-Windows  Clash1185
4.1209	1	viewpoint		0	0	00000000-0000-0000-0000-000000000000	legacy		AR vs AR	BLD-AR-Curtain Mullions-vs-BLD-AR-Windows  Clash1186
4.1210	1	viewpoint		0	0	00000000-0000-0000-0000-000000000000	legacy		AR vs AR	BLD-AR-Curtain Mullions-vs-BLD-AR-Windows  Clash1187
4.1211	1	viewpoint		0	0	00000000-0000-0000-0000-000000000000	legacy		AR vs AR	BLD-AR-Curtain Mullions-vs-BLD-AR-Windows  Clash1188
4.1212	1	viewpoint		0	0	00000000-0000-0000-0000-000000000000	legacy		AR vs AR	BLD-AR-Curtain Mullions-vs-BLD-AR-Windows  Clash1189
4.1213	1	viewpoint		0	0	00000000-0000-0000-0000-000000000000	legacy		AR vs AR	BLD-AR-Curtain Mullions-vs-BLD-AR-Windows  Clash1190
4.1214	1	viewpoint		0	0	00000000-0000-0000-0000-000000000000	legacy		AR vs AR	BLD-AR-Curtain Mullions-vs-BLD-AR-Windows  Clash1191
4.1215	1	viewpoint		0	0	00000000-0000-0000-0000-000000000000	legacy		AR vs AR	BLD-AR-Curtain Mullions-vs-BLD-AR-Windows  Clash1192
4.1216	1	viewpoint		0	0	00000000-0000-0000-0000-000000000000	legacy		AR vs AR	BLD-AR-Curtain Mullions-vs-BLD-AR-Windows  Clash1193
4.1217	1	viewpoint		0	0	00000000-0000-0000-0000-000000000000	legacy		AR vs AR	BLD-AR-Curtain Mullions-vs-BLD-AR-Windows  Clash1194
4.1218	1	viewpoint		0	0	00000000-0000-0000-0000-000000000000	legacy		AR vs AR	BLD-AR-Curtain Mullions-vs-BLD-AR-Windows  Clash1195
4.1219	1	viewpoint		0	0	00000000-0000-0000-0000-000000000000	legacy		AR vs AR	BLD-AR-Curtain Mullions-vs-BLD-AR-Windows  Clash1196
4.1220	1	viewpoint		0	0	00000000-0000-0000-0000-000000000000	legacy		AR vs AR	BLD-AR-Curtain Mullions-vs-BLD-AR-Windows  Clash1197
4.1221	1	viewpoint		0	0	00000000-0000-0000-0000-000000000000	legacy		AR vs AR	BLD-AR-Curtain Mullions-vs-BLD-AR-Windows  Clash1198
4.1222	1	viewpoint		0	0	00000000-0000-0000-0000-000000000000	legacy		AR vs AR	BLD-AR-Curtain Mullions-vs-BLD-AR-Windows  Clash1199
4.1223	1	viewpoint		0	0	00000000-0000-0000-0000-000000000000	legacy		AR vs AR	BLD-AR-Curtain Mullions-vs-BLD-AR-Windows  Clash1200
4.1224	1	viewpoint		0	0	00000000-0000-0000-0000-000000000000	legacy		AR vs AR	BLD-AR-Curtain Mullions-vs-BLD-AR-Windows  Clash1201
4.1225	1	viewpoint		0	0	00000000-0000-0000-0000-000000000000	legacy		AR vs AR	BLD-AR-Curtain Mullions-vs-BLD-AR-Windows  Clash1202
4.1226	1	viewpoint		0	0	00000000-0000-0000-0000-000000000000	legacy		AR vs AR	BLD-AR-Curtain Mullions-vs-BLD-AR-Windows  Clash1203
4.1227	1	viewpoint		0	0	00000000-0000-0000-0000-000000000000	legacy		AR vs AR	BLD-AR-Curtain Mullions-vs-BLD-AR-Windows  Clash1204
4.1228	1	viewpoint		0	0	00000000-0000-0000-0000-000000000000	legacy		AR vs AR	BLD-AR-Curtain Mullions-vs-BLD-AR-Windows  Clash1205
4.1229	1	viewpoint		0	0	00000000-0000-0000-0000-000000000000	legacy		AR vs AR	BLD-AR-Curtain Mullions-vs-BLD-AR-Windows  Clash1206
4.1230	1	viewpoint		0	0	00000000-0000-0000-0000-000000000000	legacy		AR vs AR	BLD-AR-Curtain Mullions-vs-BLD-AR-Windows  Clash1207
4.1231	1	viewpoint		0	0	00000000-0000-0000-0000-000000000000	legacy		AR vs AR	BLD-AR-Curtain Mullions-vs-BLD-AR-Windows  Clash1208
4.1232	1	viewpoint		0	0	00000000-0000-0000-0000-000000000000	legacy		AR vs AR	BLD-AR-Curtain Mullions-vs-BLD-AR-Windows  Clash1209
4.1233	1	viewpoint		0	0	00000000-0000-0000-0000-000000000000	legacy		AR vs AR	BLD-AR-Curtain Mullions-vs-BLD-AR-Windows  Clash1210
4.1234	1	viewpoint		0	0	00000000-0000-0000-0000-000000000000	legacy		AR vs AR	BLD-AR-Curtain Mullions-vs-BLD-AR-Windows  Clash1211
4.1235	1	viewpoint		0	0	00000000-0000-0000-0000-000000000000	legacy		AR vs AR	BLD-AR-Curtain Mullions-vs-BLD-AR-Windows  Clash1212
4.1236	1	viewpoint		0	0	00000000-0000-0000-0000-000000000000	legacy		AR vs AR	BLD-AR-Curtain Mullions-vs-BLD-AR-Windows  Clash1213
4.1237	1	viewpoint		0	0	00000000-0000-0000-0000-000000000000	legacy		AR vs AR	BLD-AR-Curtain Mullions-vs-BLD-AR-Windows  Clash1214
4.1238	1	viewpoint		0	0	00000000-0000-0000-0000-000000000000	legacy		AR vs AR	BLD-AR-Curtain Mullions-vs-BLD-AR-Windows  Clash1215
4.1239	1	viewpoint		0	0	00000000-0000-0000-0000-000000000000	legacy		AR vs AR	BLD-AR-Curtain Mullions-vs-BLD-AR-Windows  Clash1216
4.1240	1	viewpoint		0	0	00000000-0000-0000-0000-000000000000	legacy		AR vs AR	BLD-AR-Curtain Mullions-vs-BLD-AR-Windows  Clash1217
4.1241	1	viewpoint		0	0	00000000-0000-0000-0000-000000000000	legacy		AR vs AR	BLD-AR-Curtain Mullions-vs-BLD-AR-Windows  Clash1218
4.1242	1	viewpoint		0	0	00000000-0000-0000-0000-000000000000	legacy		AR vs AR	BLD-AR-Curtain Mullions-vs-BLD-AR-Windows  Clash1219
4.1243	1	viewpoint		0	0	00000000-0000-0000-0000-000000000000	legacy		AR vs AR	BLD-AR-Curtain Mullions-vs-BLD-AR-Windows  Clash1220
4.1244	1	viewpoint		0	0	00000000-0000-0000-0000-000000000000	legacy		AR vs AR	BLD-AR-Curtain Mullions-vs-BLD-AR-Windows  Clash1221
4.1245	1	viewpoint		0	0	00000000-0000-0000-0000-000000000000	legacy		AR vs AR	BLD-AR-Curtain Mullions-vs-BLD-AR-Windows  Clash1222
4.1246	1	viewpoint		0	0	00000000-0000-0000-0000-000000000000	legacy		AR vs AR	BLD-AR-Curtain Mullions-vs-BLD-AR-Windows  Clash1223
4.1247	1	viewpoint		0	0	00000000-0000-0000-0000-000000000000	legacy		AR vs AR	BLD-AR-Curtain Mullions-vs-BLD-AR-Windows  Clash1224
4.1248	1	viewpoint		0	0	00000000-0000-0000-0000-000000000000	legacy		AR vs AR	BLD-AR-Curtain Mullions-vs-BLD-AR-Windows  Clash1225
4.1249	1	viewpoint		0	0	00000000-0000-0000-0000-000000000000	legacy		AR vs AR	BLD-AR-Curtain Mullions-vs-BLD-AR-Windows  Clash1226
4.1250	1	viewpoint		0	0	00000000-0000-0000-0000-000000000000	legacy		AR vs AR	BLD-AR-Curtain Mullions-vs-BLD-AR-Windows  Clash1227
4.1251	1	viewpoint		0	0	00000000-0000-0000-0000-000000000000	legacy		AR vs AR	BLD-AR-Curtain Mullions-vs-BLD-AR-Windows  Clash1228
4.1252	1	viewpoint		0	0	00000000-0000-0000-0000-000000000000	legacy		AR vs AR	BLD-AR-Curtain Mullions-vs-BLD-AR-Windows  Clash1229
4.1253	1	viewpoint		0	0	00000000-0000-0000-0000-000000000000	legacy		AR vs AR	BLD-AR-Curtain Mullions-vs-BLD-AR-Windows  Clash1230
4.1254	1	viewpoint		0	0	00000000-0000-0000-0000-000000000000	legacy		AR vs AR	BLD-AR-Curtain Mullions-vs-BLD-AR-Windows  Clash1231
4.1255	1	viewpoint		0	0	00000000-0000-0000-0000-000000000000	legacy		AR vs AR	BLD-AR-Curtain Mullions-vs-BLD-AR-Windows  Clash1232
4.1256	1	viewpoint		0	0	00000000-0000-0000-0000-000000000000	legacy		AR vs AR	BLD-AR-Curtain Mullions-vs-BLD-AR-Windows  Clash1233
4.1257	1	viewpoint		0	0	00000000-0000-0000-0000-000000000000	legacy		AR vs AR	BLD-AR-Curtain Mullions-vs-BLD-AR-Windows  Clash1234
4.1258	1	viewpoint		0	0	00000000-0000-0000-0000-000000000000	legacy		AR vs AR	BLD-AR-Curtain Mullions-vs-BLD-AR-Windows  Clash1235
4.1259	1	viewpoint		0	0	00000000-0000-0000-0000-000000000000	legacy		AR vs AR	BLD-AR-Curtain Mullions-vs-BLD-AR-Windows  Clash1236
4.1260	1	viewpoint		0	0	00000000-0000-0000-0000-000000000000	legacy		AR vs AR	BLD-AR-Curtain Mullions-vs-BLD-AR-Windows  Clash1237
4.1261	1	viewpoint		0	0	00000000-0000-0000-0000-000000000000	legacy		AR vs AR	BLD-AR-Curtain Mullions-vs-BLD-AR-Windows  Clash1238
4.1262	1	viewpoint		0	0	00000000-0000-0000-0000-000000000000	legacy		AR vs AR	BLD-AR-Curtain Mullions-vs-BLD-AR-Windows  Clash1239
4.1263	1	viewpoint		0	0	00000000-0000-0000-0000-000000000000	legacy		AR vs AR	BLD-AR-Curtain Mullions-vs-BLD-AR-Windows  Clash1240
4.1264	1	viewpoint		0	0	00000000-0000-0000-0000-000000000000	legacy		AR vs AR	BLD-AR-Curtain Mullions-vs-BLD-AR-Windows  Clash1241
4.1265	1	viewpoint		0	0	00000000-0000-0000-0000-000000000000	legacy		AR vs AR	BLD-AR-Curtain Mullions-vs-BLD-AR-Windows  Clash1242
4.1266	1	viewpoint		0	0	00000000-0000-0000-0000-000000000000	legacy		AR vs AR	BLD-AR-Curtain Mullions-vs-BLD-AR-Windows  Clash1243
4.1267	1	viewpoint		0	0	00000000-0000-0000-0000-000000000000	legacy		AR vs AR	BLD-AR-Curtain Mullions-vs-BLD-AR-Windows  Clash1244
4.1268	1	viewpoint		0	0	00000000-0000-0000-0000-000000000000	legacy		AR vs AR	BLD-AR-Curtain Mullions-vs-BLD-AR-Windows  Clash1245
4.1269	1	viewpoint		0	0	00000000-0000-0000-0000-000000000000	legacy		AR vs AR	BLD-AR-Curtain Mullions-vs-BLD-AR-Windows  Clash1246
4.1270	1	viewpoint		0	0	00000000-0000-0000-0000-000000000000	legacy		AR vs AR	BLD-AR-Curtain Mullions-vs-BLD-AR-Windows  Clash1247
4.1271	1	viewpoint		0	0	00000000-0000-0000-0000-000000000000	legacy		AR vs AR	BLD-AR-Curtain Mullions-vs-BLD-AR-Windows  Clash1248
4.1272	1	viewpoint		0	0	00000000-0000-0000-0000-000000000000	legacy		AR vs AR	BLD-AR-Curtain Mullions-vs-BLD-AR-Windows  Clash1249
4.1273	1	viewpoint		0	0	00000000-0000-0000-0000-000000000000	legacy		AR vs AR	BLD-AR-Curtain Mullions-vs-BLD-AR-Windows  Clash1250
4.1274	1	viewpoint		0	0	00000000-0000-0000-0000-000000000000	legacy		AR vs AR	BLD-AR-Curtain Mullions-vs-BLD-AR-Windows  Clash1251
4.1275	1	viewpoint		0	0	00000000-0000-0000-0000-000000000000	legacy		AR vs AR	BLD-AR-Curtain Mullions-vs-BLD-AR-Windows  Clash1252
4.1276	1	viewpoint		0	0	00000000-0000-0000-0000-000000000000	legacy		AR vs AR	BLD-AR-Curtain Mullions-vs-BLD-AR-Windows  Clash1253
4.1277	1	viewpoint		0	0	00000000-0000-0000-0000-000000000000	legacy		AR vs AR	BLD-AR-Curtain Mullions-vs-BLD-AR-Windows  Clash1254
4.1278	1	viewpoint		0	0	00000000-0000-0000-0000-000000000000	legacy		AR vs AR	BLD-AR-Curtain Mullions-vs-BLD-AR-Windows  Clash1255
4.1279	1	viewpoint		0	0	00000000-0000-0000-0000-000000000000	legacy		AR vs AR	BLD-AR-Curtain Mullions-vs-BLD-AR-Windows  Clash1256
4.1280	1	viewpoint		0	0	00000000-0000-0000-0000-000000000000	legacy		AR vs AR	BLD-AR-Curtain Mullions-vs-BLD-AR-Windows  Clash1257
4.1281	1	viewpoint		0	0	00000000-0000-0000-0000-000000000000	legacy		AR vs AR	BLD-AR-Curtain Mullions-vs-BLD-AR-Windows  Clash1258
4.1282	1	viewpoint		0	0	00000000-0000-0000-0000-000000000000	legacy		AR vs AR	BLD-AR-Curtain Mullions-vs-BLD-AR-Windows  Clash1259
4.1283	1	viewpoint		0	0	00000000-0000-0000-0000-000000000000	legacy		AR vs AR	BLD-AR-Curtain Mullions-vs-BLD-AR-Windows  Clash1260
4.1284	1	viewpoint		0	0	00000000-0000-0000-0000-000000000000	legacy		AR vs AR	BLD-AR-Curtain Mullions-vs-BLD-AR-Windows  Clash1261
4.1285	1	viewpoint		0	0	00000000-0000-0000-0000-000000000000	legacy		AR vs AR	BLD-AR-Curtain Mullions-vs-BLD-AR-Windows  Clash1262
4.1286	1	viewpoint		0	0	00000000-0000-0000-0000-000000000000	legacy		AR vs AR	BLD-AR-Curtain Mullions-vs-BLD-AR-Windows  Clash1263
4.1287	1	viewpoint		0	0	00000000-0000-0000-0000-000000000000	legacy		AR vs AR	BLD-AR-Curtain Mullions-vs-BLD-AR-Windows  Clash1264
4.1288	1	viewpoint		0	0	00000000-0000-0000-0000-000000000000	legacy		AR vs AR	BLD-AR-Curtain Mullions-vs-BLD-AR-Windows  Clash1265
4.1289	1	viewpoint		0	0	00000000-0000-0000-0000-000000000000	legacy		AR vs AR	BLD-AR-Curtain Mullions-vs-BLD-AR-Windows  Clash1266
4.1290	1	viewpoint		0	0	00000000-0000-0000-0000-000000000000	legacy		AR vs AR	BLD-AR-Curtain Mullions-vs-BLD-AR-Windows  Clash1267
4.1291	1	viewpoint		0	0	00000000-0000-0000-0000-000000000000	legacy		AR vs AR	BLD-AR-Curtain Mullions-vs-BLD-AR-Windows  Clash1268
4.1292	1	viewpoint		0	0	00000000-0000-0000-0000-000000000000	legacy		AR vs AR	BLD-AR-Curtain Mullions-vs-BLD-AR-Windows  Clash1269
4.1293	1	viewpoint		0	0	00000000-0000-0000-0000-000000000000	legacy		AR vs AR	BLD-AR-Curtain Mullions-vs-BLD-AR-Windows  Clash1270
4.1294	1	viewpoint		0	0	00000000-0000-0000-0000-000000000000	legacy		AR vs AR	BLD-AR-Curtain Mullions-vs-BLD-AR-Windows  Clash1271
4.1295	1	viewpoint		0	0	00000000-0000-0000-0000-000000000000	legacy		AR vs AR	BLD-AR-Curtain Mullions-vs-BLD-AR-Windows  Clash1272
4.1296	1	viewpoint		0	0	00000000-0000-0000-0000-000000000000	legacy		AR vs AR	BLD-AR-Curtain Mullions-vs-BLD-AR-Windows  Clash1273
4.1297	1	viewpoint		0	0	00000000-0000-0000-0000-000000000000	legacy		AR vs AR	BLD-AR-Curtain Mullions-vs-BLD-AR-Windows  Clash1274
4.1298	1	viewpoint		0	0	00000000-0000-0000-0000-000000000000	legacy		AR vs AR	BLD-AR-Curtain Mullions-vs-BLD-AR-Windows  Clash1275
4.1299	1	viewpoint		0	0	00000000-0000-0000-0000-000000000000	legacy		AR vs AR	BLD-AR-Curtain Mullions-vs-BLD-AR-Windows  Clash1276
4.1300	1	viewpoint		0	0	00000000-0000-0000-0000-000000000000	legacy		AR vs AR	BLD-AR-Curtain Mullions-vs-BLD-AR-Windows  Clash1277
4.1301	1	viewpoint		0	0	00000000-0000-0000-0000-000000000000	legacy		AR vs AR	BLD-AR-Curtain Mullions-vs-BLD-AR-Windows  Clash1278
4.1302	1	viewpoint		0	0	00000000-0000-0000-0000-000000000000	legacy		AR vs AR	BLD-AR-Curtain Mullions-vs-BLD-AR-Windows  Clash1279
4.1303	1	viewpoint		0	0	00000000-0000-0000-0000-000000000000	legacy		AR vs AR	BLD-AR-Curtain Mullions-vs-BLD-AR-Windows  Clash1280
4.1304	1	viewpoint		0	0	00000000-0000-0000-0000-000000000000	legacy		AR vs AR	BLD-AR-Curtain Mullions-vs-BLD-AR-Windows  Clash1281
4.1305	1	viewpoint		0	0	00000000-0000-0000-0000-000000000000	legacy		AR vs AR	BLD-AR-Curtain Mullions-vs-BLD-AR-Windows  Clash1282
4.1306	1	viewpoint		0	0	00000000-0000-0000-0000-000000000000	legacy		AR vs AR	BLD-AR-Curtain Mullions-vs-BLD-AR-Windows  Clash1283
4.1307	1	viewpoint		0	0	00000000-0000-0000-0000-000000000000	legacy		AR vs AR	BLD-AR-Curtain Mullions-vs-BLD-AR-Windows  Clash1284
4.1308	1	viewpoint		0	0	00000000-0000-0000-0000-000000000000	legacy		AR vs AR	BLD-AR-Curtain Mullions-vs-BLD-AR-Windows  Clash1285
4.1309	1	viewpoint		0	0	00000000-0000-0000-0000-000000000000	legacy		AR vs AR	BLD-AR-Curtain Mullions-vs-BLD-AR-Windows  Clash1286
4.1310	1	viewpoint		0	0	00000000-0000-0000-0000-000000000000	legacy		AR vs AR	BLD-AR-Curtain Mullions-vs-BLD-AR-Windows  Clash1287
4.1311	1	viewpoint		0	0	00000000-0000-0000-0000-000000000000	legacy		AR vs AR	BLD-AR-Curtain Mullions-vs-BLD-AR-Windows  Clash1288
4.1312	1	viewpoint		0	0	00000000-0000-0000-0000-000000000000	legacy		AR vs AR	BLD-AR-Curtain Mullions-vs-BLD-AR-Windows  Clash1289
4.1313	1	viewpoint		0	0	00000000-0000-0000-0000-000000000000	legacy		AR vs AR	BLD-AR-Curtain Mullions-vs-BLD-AR-Windows  Clash1290
4.1314	1	viewpoint		0	0	00000000-0000-0000-0000-000000000000	legacy		AR vs AR	BLD-AR-Curtain Mullions-vs-BLD-AR-Windows  Clash1291
4.1315	1	viewpoint		0	0	00000000-0000-0000-0000-000000000000	legacy		AR vs AR	BLD-AR-Curtain Mullions-vs-BLD-AR-Windows  Clash1292
4.1316	1	viewpoint		0	0	00000000-0000-0000-0000-000000000000	legacy		AR vs AR	BLD-AR-Curtain Mullions-vs-BLD-AR-Windows  Clash1293
4.1317	1	viewpoint		0	0	00000000-0000-0000-0000-000000000000	legacy		AR vs AR	BLD-AR-Curtain Mullions-vs-BLD-AR-Windows  Clash1294
4.1318	1	viewpoint		0	0	00000000-0000-0000-0000-000000000000	legacy		AR vs AR	BLD-AR-Curtain Mullions-vs-BLD-AR-Windows  Clash1295
4.1319	1	viewpoint		0	0	00000000-0000-0000-0000-000000000000	legacy		AR vs AR	BLD-AR-Curtain Mullions-vs-BLD-AR-Windows  Clash1296
4.1320	1	viewpoint		0	0	00000000-0000-0000-0000-000000000000	legacy		AR vs AR	BLD-AR-Curtain Mullions-vs-BLD-AR-Windows  Clash1297
4.1321	1	viewpoint		0	0	00000000-0000-0000-0000-000000000000	legacy		AR vs AR	BLD-AR-Curtain Mullions-vs-BLD-AR-Windows  Clash1298
4.1322	1	viewpoint		0	0	00000000-0000-0000-0000-000000000000	legacy		AR vs AR	BLD-AR-Curtain Mullions-vs-BLD-AR-Windows  Clash1299
4.1323	1	viewpoint		0	0	00000000-0000-0000-0000-000000000000	legacy		AR vs AR	BLD-AR-Curtain Mullions-vs-BLD-AR-Windows  Clash1300
4.1324	1	viewpoint		0	0	00000000-0000-0000-0000-000000000000	legacy		AR vs AR	BLD-AR-Curtain Mullions-vs-BLD-AR-Windows  Clash1301
4.1325	1	viewpoint		0	0	00000000-0000-0000-0000-000000000000	legacy		AR vs AR	BLD-AR-Curtain Mullions-vs-BLD-AR-Windows  Clash1302
4.1326	1	viewpoint		0	0	00000000-0000-0000-0000-000000000000	legacy		AR vs AR	BLD-AR-Curtain Mullions-vs-BLD-AR-Windows  Clash1303
4.1327	1	viewpoint		0	0	00000000-0000-0000-0000-000000000000	legacy		AR vs AR	BLD-AR-Curtain Mullions-vs-BLD-AR-Windows  Clash1304
4.1328	1	viewpoint		0	0	00000000-0000-0000-0000-000000000000	legacy		AR vs AR	BLD-AR-Curtain Mullions-vs-BLD-AR-Windows  Clash1305
4.1329	1	viewpoint		0	0	00000000-0000-0000-0000-000000000000	legacy		AR vs AR	BLD-AR-Curtain Mullions-vs-BLD-AR-Windows  Clash1306
4.1330	1	viewpoint		0	0	00000000-0000-0000-0000-000000000000	legacy		AR vs AR	BLD-AR-Curtain Mullions-vs-BLD-AR-Windows  Clash1307
4.1331	1	viewpoint		0	0	00000000-0000-0000-0000-000000000000	legacy		AR vs AR	BLD-AR-Curtain Mullions-vs-BLD-AR-Windows  Clash1308
4.1332	1	viewpoint		0	0	00000000-0000-0000-0000-000000000000	legacy		AR vs AR	BLD-AR-Curtain Mullions-vs-BLD-AR-Windows  Clash1309
4.1333	1	viewpoint		0	0	00000000-0000-0000-0000-000000000000	legacy		AR vs AR	BLD-AR-Curtain Mullions-vs-BLD-AR-Windows  Clash1310
4.1334	1	viewpoint		0	0	00000000-0000-0000-0000-000000000000	legacy		AR vs AR	BLD-AR-Curtain Mullions-vs-BLD-AR-Windows  Clash1311
4.1335	1	viewpoint		0	0	00000000-0000-0000-0000-000000000000	legacy		AR vs AR	BLD-AR-Curtain Mullions-vs-BLD-AR-Windows  Clash1312
4.1336	1	viewpoint		0	0	00000000-0000-0000-0000-000000000000	legacy		AR vs AR	BLD-AR-Curtain Mullions-vs-BLD-AR-Windows  Clash1313
4.1337	1	viewpoint		0	0	00000000-0000-0000-0000-000000000000	legacy		AR vs AR	BLD-AR-Curtain Mullions-vs-BLD-AR-Windows  Clash1314
4.1338	1	viewpoint		0	0	00000000-0000-0000-0000-000000000000	legacy		AR vs AR	BLD-AR-Curtain Mullions-vs-BLD-AR-Windows  Clash1315
4.1339	1	viewpoint		0	0	00000000-0000-0000-0000-000000000000	legacy		AR vs AR	BLD-AR-Curtain Mullions-vs-BLD-AR-Windows  Clash1316
4.1340	1	viewpoint		0	0	00000000-0000-0000-0000-000000000000	legacy		AR vs AR	BLD-AR-Curtain Mullions-vs-BLD-AR-Windows  Clash1317
4.1341	1	viewpoint		0	0	00000000-0000-0000-0000-000000000000	legacy		AR vs AR	BLD-AR-Curtain Mullions-vs-BLD-AR-Windows  Clash1318
4.1342	1	viewpoint		0	0	00000000-0000-0000-0000-000000000000	legacy		AR vs AR	BLD-AR-Curtain Mullions-vs-BLD-AR-Windows  Clash1319
4.1343	1	viewpoint		0	0	00000000-0000-0000-0000-000000000000	legacy		AR vs AR	BLD-AR-Curtain Mullions-vs-BLD-AR-Windows  Clash1320
4.1344	1	viewpoint		0	0	00000000-0000-0000-0000-000000000000	legacy		AR vs AR	BLD-AR-Curtain Mullions-vs-BLD-AR-Windows  Clash1321
4.1345	1	viewpoint		0	0	00000000-0000-0000-0000-000000000000	legacy		AR vs AR	BLD-AR-Curtain Mullions-vs-BLD-AR-Windows  Clash1322
4.1346	1	viewpoint		0	0	00000000-0000-0000-0000-000000000000	legacy		AR vs AR	BLD-AR-Curtain Mullions-vs-BLD-AR-Windows  Clash1323
4.1347	1	viewpoint		0	0	00000000-0000-0000-0000-000000000000	legacy		AR vs AR	BLD-AR-Curtain Mullions-vs-BLD-AR-Windows  Clash1324
4.1348	1	viewpoint		0	0	00000000-0000-0000-0000-000000000000	legacy		AR vs AR	BLD-AR-Curtain Mullions-vs-BLD-AR-Windows  Clash1325
4.1349	1	viewpoint		0	0	00000000-0000-0000-0000-000000000000	legacy		AR vs AR	BLD-AR-Curtain Mullions-vs-BLD-AR-Windows  Clash1326
4.1350	1	viewpoint		0	0	00000000-0000-0000-0000-000000000000	legacy		AR vs AR	BLD-AR-Curtain Mullions-vs-BLD-AR-Windows  Clash1327
4.1351	1	viewpoint		0	0	00000000-0000-0000-0000-000000000000	legacy		AR vs AR	BLD-AR-Curtain Mullions-vs-BLD-AR-Windows  Clash1328
4.1352	1	viewpoint		0	0	00000000-0000-0000-0000-000000000000	legacy		AR vs AR	BLD-AR-Curtain Mullions-vs-BLD-AR-Windows  Clash1329
4.1353	1	viewpoint		0	0	00000000-0000-0000-0000-000000000000	legacy		AR vs AR	BLD-AR-Curtain Mullions-vs-BLD-AR-Windows  Clash1330
4.1354	1	viewpoint		0	0	00000000-0000-0000-0000-000000000000	legacy		AR vs AR	BLD-AR-Curtain Mullions-vs-BLD-AR-Windows  Clash1331
4.1355	1	viewpoint		0	0	00000000-0000-0000-0000-000000000000	legacy		AR vs AR	BLD-AR-Curtain Mullions-vs-BLD-AR-Windows  Clash1332
4.1356	1	viewpoint		0	0	00000000-0000-0000-0000-000000000000	legacy		AR vs AR	BLD-AR-Curtain Mullions-vs-BLD-AR-Windows  Clash1333
4.1357	1	viewpoint		0	0	00000000-0000-0000-0000-000000000000	legacy		AR vs AR	BLD-AR-Curtain Mullions-vs-BLD-AR-Windows  Clash1334
4.1358	1	viewpoint		0	0	00000000-0000-0000-0000-000000000000	legacy		AR vs AR	BLD-AR-Curtain Mullions-vs-BLD-AR-Windows  Clash1335
4.1359	1	viewpoint		0	0	00000000-0000-0000-0000-000000000000	legacy		AR vs AR	BLD-AR-Curtain Mullions-vs-BLD-AR-Windows  Clash1336
4.1360	1	viewpoint		0	0	00000000-0000-0000-0000-000000000000	legacy		AR vs AR	BLD-AR-Curtain Mullions-vs-BLD-AR-Windows  Clash1337
4.1361	1	viewpoint		0	0	00000000-0000-0000-0000-000000000000	legacy		AR vs AR	BLD-AR-Curtain Mullions-vs-BLD-AR-Windows  Clash1338
4.1362	1	viewpoint		0	0	00000000-0000-0000-0000-000000000000	legacy		AR vs AR	BLD-AR-Curtain Mullions-vs-BLD-AR-Windows  Clash1339
4.1363	1	viewpoint		0	0	00000000-0000-0000-0000-000000000000	legacy		AR vs AR	BLD-AR-Curtain Mullions-vs-BLD-AR-Windows  Clash1340
4.1364	1	viewpoint		0	0	00000000-0000-0000-0000-000000000000	legacy		AR vs AR	BLD-AR-Curtain Mullions-vs-BLD-AR-Windows  Clash1341
4.1365	1	viewpoint		0	0	00000000-0000-0000-0000-000000000000	legacy		AR vs AR	BLD-AR-Curtain Mullions-vs-BLD-AR-Windows  Clash1342
4.1366	1	viewpoint		0	0	00000000-0000-0000-0000-000000000000	legacy		AR vs AR	BLD-AR-Curtain Mullions-vs-BLD-AR-Windows  Clash1343
4.1367	1	viewpoint		0	0	00000000-0000-0000-0000-000000000000	legacy		AR vs AR	BLD-AR-Curtain Mullions-vs-BLD-AR-Windows  Clash1344
4.1368	1	viewpoint		0	0	00000000-0000-0000-0000-000000000000	legacy		AR vs AR	BLD-AR-Curtain Mullions-vs-BLD-AR-Windows  Clash1345
4.1369	1	viewpoint		0	0	00000000-0000-0000-0000-000000000000	legacy		AR vs AR	BLD-AR-Curtain Mullions-vs-BLD-AR-Windows  Clash1346
4.1370	1	viewpoint		0	0	00000000-0000-0000-0000-000000000000	legacy		AR vs AR	BLD-AR-Curtain Mullions-vs-BLD-AR-Windows  Clash1347
4.1371	1	viewpoint		0	0	00000000-0000-0000-0000-000000000000	legacy		AR vs AR	BLD-AR-Curtain Mullions-vs-BLD-AR-Windows  Clash1348
4.1372	1	viewpoint		0	0	00000000-0000-0000-0000-000000000000	legacy		AR vs AR	BLD-AR-Curtain Mullions-vs-BLD-AR-Windows  Clash1349
4.1373	1	viewpoint		0	0	00000000-0000-0000-0000-000000000000	legacy		AR vs AR	BLD-AR-Curtain Mullions-vs-BLD-AR-Windows  Clash1350
4.1374	1	viewpoint		0	0	00000000-0000-0000-0000-000000000000	legacy		AR vs AR	BLD-AR-Curtain Mullions-vs-BLD-AR-Windows  Clash1351
4.1375	1	viewpoint		0	0	00000000-0000-0000-0000-000000000000	legacy		AR vs AR	BLD-AR-Curtain Mullions-vs-BLD-AR-Windows  Clash1352
4.1376	1	viewpoint		0	0	00000000-0000-0000-0000-000000000000	legacy		AR vs AR	BLD-AR-Curtain Mullions-vs-BLD-AR-Windows  Clash1353
4.1377	1	viewpoint		0	0	00000000-0000-0000-0000-000000000000	legacy		AR vs AR	BLD-AR-Curtain Mullions-vs-BLD-AR-Windows  Clash1354
4.1378	1	viewpoint		0	0	00000000-0000-0000-0000-000000000000	legacy		AR vs AR	BLD-AR-Curtain Mullions-vs-BLD-AR-Windows  Clash1355
4.1379	1	viewpoint		0	0	00000000-0000-0000-0000-000000000000	legacy		AR vs AR	BLD-AR-Curtain Mullions-vs-BLD-AR-Windows  Clash1356
4.1380	1	viewpoint		0	0	00000000-0000-0000-0000-000000000000	legacy		AR vs AR	BLD-AR-Curtain Mullions-vs-BLD-AR-Windows  Clash1357
4.1381	1	viewpoint		0	0	00000000-0000-0000-0000-000000000000	legacy		AR vs AR	BLD-AR-Curtain Mullions-vs-BLD-AR-Windows  Clash1358
4.1382	1	viewpoint		0	0	00000000-0000-0000-0000-000000000000	legacy		AR vs AR	BLD-AR-Curtain Mullions-vs-BLD-AR-Windows  Clash1359
4.1383	1	viewpoint		0	0	00000000-0000-0000-0000-000000000000	legacy		AR vs AR	BLD-AR-Curtain Mullions-vs-BLD-AR-Windows  Clash1360
4.1384	1	viewpoint		0	0	00000000-0000-0000-0000-000000000000	legacy		AR vs AR	BLD-AR-Curtain Mullions-vs-BLD-AR-Windows  Clash1361
4.1385	1	viewpoint		0	0	00000000-0000-0000-0000-000000000000	legacy		AR vs AR	BLD-AR-Curtain Mullions-vs-BLD-AR-Windows  Clash1362
4.1386	1	viewpoint		0	0	00000000-0000-0000-0000-000000000000	legacy		AR vs AR	BLD-AR-Curtain Mullions-vs-BLD-AR-Windows  Clash1363
4.1387	1	viewpoint		0	0	00000000-0000-0000-0000-000000000000	legacy		AR vs AR	BLD-AR-Curtain Mullions-vs-BLD-AR-Windows  Clash1364
4.1388	1	viewpoint		0	0	00000000-0000-0000-0000-000000000000	legacy		AR vs AR	BLD-AR-Curtain Mullions-vs-BLD-AR-Windows  Clash1365
4.1389	1	viewpoint		0	0	00000000-0000-0000-0000-000000000000	legacy		AR vs AR	BLD-AR-Curtain Mullions-vs-BLD-AR-Windows  Clash1366
4.1390	1	viewpoint		0	0	00000000-0000-0000-0000-000000000000	legacy		AR vs AR	BLD-AR-Curtain Mullions-vs-BLD-AR-Windows  Clash1367
4.1391	1	viewpoint		0	0	00000000-0000-0000-0000-000000000000	legacy		AR vs AR	BLD-AR-Curtain Mullions-vs-BLD-AR-Windows  Clash1368
4.1392	1	viewpoint		0	0	00000000-0000-0000-0000-000000000000	legacy		AR vs AR	BLD-AR-Curtain Mullions-vs-BLD-AR-Windows  Clash1369
4.1393	1	viewpoint		0	0	00000000-0000-0000-0000-000000000000	legacy		AR vs AR	BLD-AR-Curtain Mullions-vs-BLD-AR-Windows  Clash1370
4.1394	1	viewpoint		0	0	00000000-0000-0000-0000-000000000000	legacy		AR vs AR	BLD-AR-Curtain Mullions-vs-BLD-AR-Windows  Clash1371
4.1395	1	viewpoint		0	0	00000000-0000-0000-0000-000000000000	legacy		AR vs AR	BLD-AR-Curtain Mullions-vs-BLD-AR-Windows  Clash1372
4.1396	1	viewpoint		0	0	00000000-0000-0000-0000-000000000000	legacy		AR vs AR	BLD-AR-Curtain Mullions-vs-BLD-AR-Windows  Clash1373
4.1397	1	viewpoint		0	0	00000000-0000-0000-0000-000000000000	legacy		AR vs AR	BLD-AR-Curtain Mullions-vs-BLD-AR-Windows  Clash1374
4.1398	1	viewpoint		0	0	00000000-0000-0000-0000-000000000000	legacy		AR vs AR	BLD-AR-Curtain Mullions-vs-BLD-AR-Windows  Clash1375
4.1399	1	viewpoint		0	0	00000000-0000-0000-0000-000000000000	legacy		AR vs AR	BLD-AR-Curtain Mullions-vs-BLD-AR-Windows  Clash1376
4.1400	1	viewpoint		0	0	00000000-0000-0000-0000-000000000000	legacy		AR vs AR	BLD-AR-Curtain Mullions-vs-BLD-AR-Windows  Clash1377
4.1401	1	viewpoint		0	0	00000000-0000-0000-0000-000000000000	legacy		AR vs AR	BLD-AR-Curtain Mullions-vs-BLD-AR-Windows  Clash1378
4.1402	1	viewpoint		0	0	00000000-0000-0000-0000-000000000000	legacy		AR vs AR	BLD-AR-Curtain Mullions-vs-BLD-AR-Windows  Clash1379
4.1403	1	viewpoint		0	0	00000000-0000-0000-0000-000000000000	legacy		AR vs AR	BLD-AR-Curtain Mullions-vs-BLD-AR-Windows  Clash1380
4.1404	1	viewpoint		0	0	00000000-0000-0000-0000-000000000000	legacy		AR vs AR	BLD-AR-Curtain Mullions-vs-BLD-AR-Windows  Clash1381
4.1405	1	viewpoint		0	0	00000000-0000-0000-0000-000000000000	legacy		AR vs AR	BLD-AR-Curtain Mullions-vs-BLD-AR-Windows  Clash1382
4.1406	1	viewpoint		0	0	00000000-0000-0000-0000-000000000000	legacy		AR vs AR	BLD-AR-Curtain Mullions-vs-BLD-AR-Windows  Clash1383
4.1407	1	viewpoint		0	0	00000000-0000-0000-0000-000000000000	legacy		AR vs AR	BLD-AR-Curtain Mullions-vs-BLD-AR-Windows  Clash1384
4.1408	1	viewpoint		0	0	00000000-0000-0000-0000-000000000000	legacy		AR vs AR	BLD-AR-Curtain Mullions-vs-BLD-AR-Windows  Clash1385
4.1409	1	viewpoint		0	0	00000000-0000-0000-0000-000000000000	legacy		AR vs AR	BLD-AR-Curtain Mullions-vs-BLD-AR-Windows  Clash1386
4.1410	1	viewpoint		0	0	00000000-0000-0000-0000-000000000000	legacy		AR vs AR	BLD-AR-Curtain Mullions-vs-BLD-AR-Windows  Clash1387
4.1411	1	viewpoint		0	0	00000000-0000-0000-0000-000000000000	legacy		AR vs AR	BLD-AR-Curtain Mullions-vs-BLD-AR-Windows  Clash1388
4.1412	1	viewpoint		0	0	00000000-0000-0000-0000-000000000000	legacy		AR vs AR	BLD-AR-Curtain Mullions-vs-BLD-AR-Windows  Clash1389
4.1413	1	viewpoint		0	0	00000000-0000-0000-0000-000000000000	legacy		AR vs AR	BLD-AR-Curtain Mullions-vs-BLD-AR-Windows  Clash1390
4.1414	1	viewpoint		0	0	00000000-0000-0000-0000-000000000000	legacy		AR vs AR	BLD-AR-Curtain Mullions-vs-BLD-AR-Windows  Clash1391
4.1415	1	viewpoint		0	0	00000000-0000-0000-0000-000000000000	legacy		AR vs AR	BLD-AR-Curtain Mullions-vs-BLD-AR-Windows  Clash1392
4.1416	1	viewpoint		0	0	00000000-0000-0000-0000-000000000000	legacy		AR vs AR	BLD-AR-Curtain Mullions-vs-BLD-AR-Windows  Clash1393
4.1417	1	viewpoint		0	0	00000000-0000-0000-0000-000000000000	legacy		AR vs AR	BLD-AR-Curtain Mullions-vs-BLD-AR-Windows  Clash1394
4.1418	1	viewpoint		0	0	00000000-0000-0000-0000-000000000000	legacy		AR vs AR	BLD-AR-Curtain Mullions-vs-BLD-AR-Windows  Clash1395
4.1419	1	viewpoint		0	0	00000000-0000-0000-0000-000000000000	legacy		AR vs AR	BLD-AR-Curtain Mullions-vs-BLD-AR-Windows  Clash1396
4.1420	1	viewpoint		0	0	00000000-0000-0000-0000-000000000000	legacy		AR vs AR	BLD-AR-Curtain Mullions-vs-BLD-AR-Windows  Clash1397
4.1421	1	viewpoint		0	0	00000000-0000-0000-0000-000000000000	legacy		AR vs AR	BLD-AR-Curtain Mullions-vs-BLD-AR-Windows  Clash1398
4.1422	1	viewpoint		0	0	00000000-0000-0000-0000-000000000000	legacy		AR vs AR	BLD-AR-Curtain Mullions-vs-BLD-AR-Windows  Clash1399
4.1423	1	viewpoint		0	0	00000000-0000-0000-0000-000000000000	legacy		AR vs AR	BLD-AR-Curtain Mullions-vs-BLD-AR-Windows  Clash1400
4.1424	1	viewpoint		0	0	00000000-0000-0000-0000-000000000000	legacy		AR vs AR	BLD-AR-Curtain Mullions-vs-BLD-AR-Windows  Clash1401
4.1425	1	viewpoint		0	0	00000000-0000-0000-0000-000000000000	legacy		AR vs AR	BLD-AR-Curtain Mullions-vs-BLD-AR-Windows  Clash1402
4.1426	1	viewpoint		0	0	00000000-0000-0000-0000-000000000000	legacy		AR vs AR	BLD-AR-Curtain Mullions-vs-BLD-AR-Windows  Clash1403
4.1427	1	viewpoint		0	0	00000000-0000-0000-0000-000000000000	legacy		AR vs AR	BLD-AR-Curtain Mullions-vs-BLD-AR-Windows  Clash1404
4.1428	1	viewpoint		0	0	00000000-0000-0000-0000-000000000000	legacy		AR vs AR	BLD-AR-Curtain Mullions-vs-BLD-AR-Windows  Clash1405
4.1429	1	viewpoint		0	0	00000000-0000-0000-0000-000000000000	legacy		AR vs AR	BLD-AR-Curtain Mullions-vs-BLD-AR-Windows  Clash1406
4.1430	1	viewpoint		0	0	00000000-0000-0000-0000-000000000000	legacy		AR vs AR	BLD-AR-Curtain Mullions-vs-BLD-AR-Windows  Clash1407
4.1431	1	viewpoint		0	0	00000000-0000-0000-0000-000000000000	legacy		AR vs AR	BLD-AR-Curtain Mullions-vs-BLD-AR-Windows  Clash1408
4.1432	1	viewpoint		0	0	00000000-0000-0000-0000-000000000000	legacy		AR vs AR	BLD-AR-Curtain Mullions-vs-BLD-AR-Windows  Clash1409
4.1433	1	viewpoint		0	0	00000000-0000-0000-0000-000000000000	legacy		AR vs AR	BLD-AR-Curtain Mullions-vs-BLD-AR-Windows  Clash1410
4.1434	1	viewpoint		0	0	00000000-0000-0000-0000-000000000000	legacy		AR vs AR	BLD-AR-Curtain Mullions-vs-BLD-AR-Windows  Clash1411
4.1435	1	viewpoint		0	0	00000000-0000-0000-0000-000000000000	legacy		AR vs AR	BLD-AR-Curtain Mullions-vs-BLD-AR-Windows  Clash1412
4.1436	1	viewpoint		0	0	00000000-0000-0000-0000-000000000000	legacy		AR vs AR	BLD-AR-Curtain Mullions-vs-BLD-AR-Windows  Clash1413
4.1437	1	viewpoint		0	0	00000000-0000-0000-0000-000000000000	legacy		AR vs AR	BLD-AR-Curtain Mullions-vs-BLD-AR-Windows  Clash1414
4.1438	1	viewpoint		0	0	00000000-0000-0000-0000-000000000000	legacy		AR vs AR	BLD-AR-Curtain Mullions-vs-BLD-AR-Windows  Clash1415
4.1439	1	viewpoint		0	0	00000000-0000-0000-0000-000000000000	legacy		AR vs AR	BLD-AR-Curtain Mullions-vs-BLD-AR-Windows  Clash1416
4.1440	1	viewpoint		0	0	00000000-0000-0000-0000-000000000000	legacy		AR vs AR	BLD-AR-Curtain Mullions-vs-BLD-AR-Windows  Clash1417
4.1441	1	viewpoint		0	0	00000000-0000-0000-0000-000000000000	legacy		AR vs AR	BLD-AR-Curtain Mullions-vs-BLD-AR-Windows  Clash1418
4.1442	1	viewpoint		0	0	00000000-0000-0000-0000-000000000000	legacy		AR vs AR	BLD-AR-Curtain Mullions-vs-BLD-AR-Windows  Clash1419
4.1443	1	viewpoint		0	0	00000000-0000-0000-0000-000000000000	legacy		AR vs AR	BLD-AR-Curtain Mullions-vs-BLD-AR-Windows  Clash1420
4.1444	1	viewpoint		0	0	00000000-0000-0000-0000-000000000000	legacy		AR vs AR	BLD-AR-Curtain Mullions-vs-BLD-AR-Windows  Clash1421
4.1445	1	viewpoint		0	0	00000000-0000-0000-0000-000000000000	legacy		AR vs AR	BLD-AR-Curtain Mullions-vs-BLD-AR-Windows  Clash1422
4.1446	1	viewpoint		0	0	00000000-0000-0000-0000-000000000000	legacy		AR vs AR	BLD-AR-Curtain Mullions-vs-BLD-AR-Windows  Clash1423
4.1447	1	viewpoint		0	0	00000000-0000-0000-0000-000000000000	legacy		AR vs AR	BLD-AR-Curtain Mullions-vs-BLD-AR-Windows  Clash1424
4.1448	1	viewpoint		0	0	00000000-0000-0000-0000-000000000000	legacy		AR vs AR	BLD-AR-Curtain Mullions-vs-BLD-AR-Windows  Clash1425
4.1449	1	viewpoint		0	0	00000000-0000-0000-0000-000000000000	legacy		AR vs AR	BLD-AR-Curtain Mullions-vs-BLD-AR-Windows  Clash1426
4.1450	1	viewpoint		0	0	00000000-0000-0000-0000-000000000000	legacy		AR vs AR	BLD-AR-Curtain Mullions-vs-BLD-AR-Windows  Clash1427
4.1451	1	viewpoint		0	0	00000000-0000-0000-0000-000000000000	legacy		AR vs AR	BLD-AR-Curtain Mullions-vs-BLD-AR-Windows  Clash1428
4.1452	1	viewpoint		0	0	00000000-0000-0000-0000-000000000000	legacy		AR vs AR	BLD-AR-Curtain Mullions-vs-BLD-AR-Windows  Clash1429
4.1453	1	viewpoint		0	0	00000000-0000-0000-0000-000000000000	legacy		AR vs AR	BLD-AR-Curtain Mullions-vs-BLD-AR-Windows  Clash1430
4.1454	1	viewpoint		0	0	00000000-0000-0000-0000-000000000000	legacy		AR vs AR	BLD-AR-Curtain Mullions-vs-BLD-AR-Windows  Clash1431
4.1455	1	viewpoint		0	0	00000000-0000-0000-0000-000000000000	legacy		AR vs AR	BLD-AR-Curtain Mullions-vs-BLD-AR-Windows  Clash1432
4.1456	1	viewpoint		0	0	00000000-0000-0000-0000-000000000000	legacy		AR vs AR	BLD-AR-Curtain Mullions-vs-BLD-AR-Windows  Clash1433
4.1457	1	viewpoint		0	0	00000000-0000-0000-0000-000000000000	legacy		AR vs AR	BLD-AR-Curtain Mullions-vs-BLD-AR-Windows  Clash1434
4.1458	1	viewpoint		0	0	00000000-0000-0000-0000-000000000000	legacy		AR vs AR	BLD-AR-Curtain Mullions-vs-BLD-AR-Windows  Clash1435
4.1459	1	viewpoint		0	0	00000000-0000-0000-0000-000000000000	legacy		AR vs AR	BLD-AR-Curtain Mullions-vs-BLD-AR-Windows  Clash1436
4.1460	1	viewpoint		0	0	00000000-0000-0000-0000-000000000000	legacy		AR vs AR	BLD-AR-Curtain Mullions-vs-BLD-AR-Windows  Clash1437
4.1461	1	viewpoint		0	0	00000000-0000-0000-0000-000000000000	legacy		AR vs AR	BLD-AR-Curtain Mullions-vs-BLD-AR-Windows  Clash1438
4.1462	1	viewpoint		0	0	00000000-0000-0000-0000-000000000000	legacy		AR vs AR	BLD-AR-Curtain Mullions-vs-BLD-AR-Windows  Clash1439
4.1463	1	viewpoint		0	0	00000000-0000-0000-0000-000000000000	legacy		AR vs AR	BLD-AR-Curtain Mullions-vs-BLD-AR-Windows  Clash1440
4.1464	1	viewpoint		0	0	00000000-0000-0000-0000-000000000000	legacy		AR vs AR	BLD-AR-Curtain Mullions-vs-BLD-AR-Windows  Clash1441
4.1465	1	viewpoint		0	0	00000000-0000-0000-0000-000000000000	legacy		AR vs AR	BLD-AR-Curtain Mullions-vs-BLD-AR-Windows  Clash1442
4.1466	1	viewpoint		0	0	00000000-0000-0000-0000-000000000000	legacy		AR vs AR	BLD-AR-Curtain Mullions-vs-BLD-AR-Windows  Clash1443
4.1467	1	viewpoint		0	0	00000000-0000-0000-0000-000000000000	legacy		AR vs AR	BLD-AR-Curtain Mullions-vs-BLD-AR-Windows  Clash1444
4.1468	1	viewpoint		0	0	00000000-0000-0000-0000-000000000000	legacy		AR vs AR	BLD-AR-Curtain Mullions-vs-BLD-AR-Windows  Clash1445
4.1469	1	viewpoint		0	0	00000000-0000-0000-0000-000000000000	legacy		AR vs AR	BLD-AR-Curtain Mullions-vs-BLD-AR-Windows  Clash1446
4.1470	1	viewpoint		0	0	00000000-0000-0000-0000-000000000000	legacy		AR vs AR	BLD-AR-Curtain Mullions-vs-BLD-AR-Windows  Clash1447
4.1471	1	viewpoint		0	0	00000000-0000-0000-0000-000000000000	legacy		AR vs AR	BLD-AR-Curtain Mullions-vs-BLD-AR-Windows  Clash1448
4.1472	1	viewpoint		0	0	00000000-0000-0000-0000-000000000000	legacy		AR vs AR	BLD-AR-Curtain Mullions-vs-BLD-AR-Windows  Clash1449
4.1473	1	viewpoint		0	0	00000000-0000-0000-0000-000000000000	legacy		AR vs AR	BLD-AR-Curtain Mullions-vs-BLD-AR-Windows  Clash1450
4.1474	1	viewpoint		0	0	00000000-0000-0000-0000-000000000000	legacy		AR vs AR	BLD-AR-Curtain Mullions-vs-BLD-AR-Windows  Clash1451
4.1475	1	viewpoint		0	0	00000000-0000-0000-0000-000000000000	legacy		AR vs AR	BLD-AR-Curtain Mullions-vs-BLD-AR-Windows  Clash1452
4.1476	1	viewpoint		0	0	00000000-0000-0000-0000-000000000000	legacy		AR vs AR	BLD-AR-Curtain Mullions-vs-BLD-AR-Windows  Clash1453
4.1477	1	viewpoint		0	0	00000000-0000-0000-0000-000000000000	legacy		AR vs AR	BLD-AR-Curtain Mullions-vs-BLD-AR-Windows  Clash1454
4.1478	1	viewpoint		0	0	00000000-0000-0000-0000-000000000000	legacy		AR vs AR	BLD-AR-Curtain Mullions-vs-BLD-AR-Windows  Clash1455
4.1479	1	viewpoint		0	0	00000000-0000-0000-0000-000000000000	legacy		AR vs AR	BLD-AR-Curtain Mullions-vs-BLD-AR-Windows  Clash1456
4.1480	1	viewpoint		0	0	00000000-0000-0000-0000-000000000000	legacy		AR vs AR	BLD-AR-Curtain Mullions-vs-BLD-AR-Windows  Clash1457
4.1481	1	viewpoint		0	0	00000000-0000-0000-0000-000000000000	legacy		AR vs AR	BLD-AR-Curtain Mullions-vs-BLD-AR-Windows  Clash1458
4.1482	1	viewpoint		0	0	00000000-0000-0000-0000-000000000000	legacy		AR vs AR	BLD-AR-Curtain Mullions-vs-BLD-AR-Windows  Clash1459
4.1483	1	viewpoint		0	0	00000000-0000-0000-0000-000000000000	legacy		AR vs AR	BLD-AR-Curtain Mullions-vs-BLD-AR-Windows  Clash1460
4.1484	1	viewpoint		0	0	00000000-0000-0000-0000-000000000000	legacy		AR vs AR	BLD-AR-Curtain Mullions-vs-BLD-AR-Windows  Clash1461
4.1485	1	viewpoint		0	0	00000000-0000-0000-0000-000000000000	legacy		AR vs AR	BLD-AR-Curtain Mullions-vs-BLD-AR-Windows  Clash1462
4.1486	1	viewpoint		0	0	00000000-0000-0000-0000-000000000000	legacy		AR vs AR	BLD-AR-Curtain Mullions-vs-BLD-AR-Windows  Clash1463
4.1487	1	viewpoint		0	0	00000000-0000-0000-0000-000000000000	legacy		AR vs AR	BLD-AR-Curtain Mullions-vs-BLD-AR-Windows  Clash1464
4.1488	1	viewpoint		0	0	00000000-0000-0000-0000-000000000000	legacy		AR vs AR	BLD-AR-Curtain Mullions-vs-BLD-AR-Windows  Clash1465
4.1489	1	viewpoint		0	0	00000000-0000-0000-0000-000000000000	legacy		AR vs AR	BLD-AR-Curtain Mullions-vs-BLD-AR-Windows  Clash1466
4.1490	1	viewpoint		0	0	00000000-0000-0000-0000-000000000000	legacy		AR vs AR	BLD-AR-Curtain Mullions-vs-BLD-AR-Windows  Clash1467
4.1491	1	viewpoint		0	0	00000000-0000-0000-0000-000000000000	legacy		AR vs AR	BLD-AR-Curtain Mullions-vs-BLD-AR-Windows  Clash1468
4.1492	1	viewpoint		0	0	00000000-0000-0000-0000-000000000000	legacy		AR vs AR	BLD-AR-Curtain Mullions-vs-BLD-AR-Windows  Clash1469
4.1493	1	viewpoint		0	0	00000000-0000-0000-0000-000000000000	legacy		AR vs AR	BLD-AR-Curtain Mullions-vs-BLD-AR-Windows  Clash1470
4.1494	1	viewpoint		0	0	00000000-0000-0000-0000-000000000000	legacy		AR vs AR	BLD-AR-Curtain Mullions-vs-BLD-AR-Windows  Clash1471
4.1495	1	viewpoint		0	0	00000000-0000-0000-0000-000000000000	legacy		AR vs AR	BLD-AR-Curtain Mullions-vs-BLD-AR-Windows  Clash1472
4.1496	1	viewpoint		0	0	00000000-0000-0000-0000-000000000000	legacy		AR vs AR	BLD-AR-Curtain Mullions-vs-BLD-AR-Windows  Clash1473
4.1497	1	viewpoint		0	0	00000000-0000-0000-0000-000000000000	legacy		AR vs AR	BLD-AR-Curtain Mullions-vs-BLD-AR-Windows  Clash1474
4.1498	1	viewpoint		0	0	00000000-0000-0000-0000-000000000000	legacy		AR vs AR	BLD-AR-Curtain Mullions-vs-BLD-AR-Windows  Clash1475
4.1499	1	viewpoint		0	0	00000000-0000-0000-0000-000000000000	legacy		AR vs AR	BLD-AR-Curtain Mullions-vs-BLD-AR-Windows  Clash1476
4.1500	1	viewpoint		0	0	00000000-0000-0000-0000-000000000000	legacy		AR vs AR	BLD-AR-Curtain Mullions-vs-BLD-AR-Windows  Clash1477
4.1501	1	viewpoint		0	0	00000000-0000-0000-0000-000000000000	legacy		AR vs AR	BLD-AR-Curtain Mullions-vs-BLD-AR-Windows  Clash1478
4.1502	1	viewpoint		0	0	00000000-0000-0000-0000-000000000000	legacy		AR vs AR	BLD-AR-Curtain Mullions-vs-BLD-AR-Windows  Clash1479
4.1503	1	viewpoint		0	0	00000000-0000-0000-0000-000000000000	legacy		AR vs AR	BLD-AR-Curtain Mullions-vs-BLD-AR-Windows  Clash1480
4.1504	1	viewpoint		0	0	00000000-0000-0000-0000-000000000000	legacy		AR vs AR	BLD-AR-Curtain Mullions-vs-BLD-AR-Windows  Clash1481
4.1505	1	viewpoint		0	0	00000000-0000-0000-0000-000000000000	legacy		AR vs AR	BLD-AR-Curtain Mullions-vs-BLD-AR-Windows  Clash1482
4.1506	1	viewpoint		0	0	00000000-0000-0000-0000-000000000000	legacy		AR vs AR	BLD-AR-Curtain Mullions-vs-BLD-AR-Windows  Clash1483
4.1507	1	viewpoint		0	0	00000000-0000-0000-0000-000000000000	legacy		AR vs AR	BLD-AR-Curtain Mullions-vs-BLD-AR-Windows  Clash1484
4.1508	1	viewpoint		0	0	00000000-0000-0000-0000-000000000000	legacy		AR vs AR	BLD-AR-Curtain Mullions-vs-BLD-AR-Windows  Clash1485
4.1509	1	viewpoint		0	0	00000000-0000-0000-0000-000000000000	legacy		AR vs AR	BLD-AR-Curtain Mullions-vs-BLD-AR-Windows  Clash1486
4.1510	1	viewpoint		0	0	00000000-0000-0000-0000-000000000000	legacy		AR vs AR	BLD-AR-Curtain Mullions-vs-BLD-AR-Windows  Clash1487
4.1511	1	viewpoint		0	0	00000000-0000-0000-0000-000000000000	legacy		AR vs AR	BLD-AR-Curtain Mullions-vs-BLD-AR-Windows  Clash1488
4.1512	1	viewpoint		0	0	00000000-0000-0000-0000-000000000000	legacy		AR vs AR	BLD-AR-Curtain Mullions-vs-BLD-AR-Windows  Clash1489
4.1513	1	viewpoint		0	0	00000000-0000-0000-0000-000000000000	legacy		AR vs AR	BLD-AR-Curtain Mullions-vs-BLD-AR-Windows  Clash1490
4.1514	1	viewpoint		0	0	00000000-0000-0000-0000-000000000000	legacy		AR vs AR	BLD-AR-Curtain Mullions-vs-BLD-AR-Windows  Clash1491
4.1515	1	viewpoint		0	0	00000000-0000-0000-0000-000000000000	legacy		AR vs AR	BLD-AR-Curtain Mullions-vs-BLD-AR-Windows  Clash1492
4.1516	1	viewpoint		0	0	00000000-0000-0000-0000-000000000000	legacy		AR vs AR	BLD-AR-Curtain Mullions-vs-BLD-AR-Windows  Clash1493
4.1517	1	viewpoint		0	0	00000000-0000-0000-0000-000000000000	legacy		AR vs AR	BLD-AR-Curtain Mullions-vs-BLD-AR-Windows  Clash1494
4.1518	1	viewpoint		0	0	00000000-0000-0000-0000-000000000000	legacy		AR vs AR	BLD-AR-Curtain Mullions-vs-BLD-AR-Windows  Clash1495
4.1519	1	viewpoint		0	0	00000000-0000-0000-0000-000000000000	legacy		AR vs AR	BLD-AR-Curtain Mullions-vs-BLD-AR-Windows  Clash1496
4.1520	1	viewpoint		0	0	00000000-0000-0000-0000-000000000000	legacy		AR vs AR	BLD-AR-Curtain Mullions-vs-BLD-AR-Windows  Clash1497
4.1521	1	viewpoint		0	0	00000000-0000-0000-0000-000000000000	legacy		AR vs AR	BLD-AR-Curtain Mullions-vs-BLD-AR-Windows  Clash1498
4.1522	1	viewpoint		0	0	00000000-0000-0000-0000-000000000000	legacy		AR vs AR	BLD-AR-Curtain Mullions-vs-BLD-AR-Windows  Clash1499
4.1523	1	viewpoint		0	0	00000000-0000-0000-0000-000000000000	legacy		AR vs AR	BLD-AR-Curtain Mullions-vs-BLD-AR-Windows  Clash1500
4.1524	1	viewpoint		0	0	00000000-0000-0000-0000-000000000000	legacy		AR vs AR	BLD-AR-Curtain Mullions-vs-BLD-AR-Windows  Clash1501
4.1525	1	viewpoint		0	0	00000000-0000-0000-0000-000000000000	legacy		AR vs AR	BLD-AR-Curtain Mullions-vs-BLD-AR-Windows  Clash1502
4.1526	1	viewpoint		0	0	00000000-0000-0000-0000-000000000000	legacy		AR vs AR	BLD-AR-Curtain Mullions-vs-BLD-AR-Windows  Clash1503
4.1527	1	viewpoint		0	0	00000000-0000-0000-0000-000000000000	legacy		AR vs AR	BLD-AR-Curtain Mullions-vs-BLD-AR-Windows  Clash1504
4.1528	1	viewpoint		0	0	00000000-0000-0000-0000-000000000000	legacy		AR vs AR	BLD-AR-Curtain Mullions-vs-BLD-AR-Windows  Clash1505
4.1529	1	viewpoint		0	0	00000000-0000-0000-0000-000000000000	legacy		AR vs AR	BLD-AR-Curtain Mullions-vs-BLD-AR-Windows  Clash1506
4.1530	1	viewpoint		0	0	00000000-0000-0000-0000-000000000000	legacy		AR vs AR	BLD-AR-Curtain Mullions-vs-BLD-AR-Windows  Clash1507
4.1531	1	viewpoint		0	0	00000000-0000-0000-0000-000000000000	legacy		AR vs AR	BLD-AR-Curtain Mullions-vs-BLD-AR-Windows  Clash1508
4.1532	1	viewpoint		0	0	00000000-0000-0000-0000-000000000000	legacy		AR vs AR	BLD-AR-Curtain Mullions-vs-BLD-AR-Windows  Clash1509
4.1533	1	viewpoint		0	0	00000000-0000-0000-0000-000000000000	legacy		AR vs AR	BLD-AR-Curtain Mullions-vs-BLD-AR-Windows  Clash1510
4.1534	1	viewpoint		0	0	00000000-0000-0000-0000-000000000000	legacy		AR vs AR	BLD-AR-Curtain Mullions-vs-BLD-AR-Windows  Clash1511
4.1535	1	viewpoint		0	0	00000000-0000-0000-0000-000000000000	legacy		AR vs AR	BLD-AR-Curtain Mullions-vs-BLD-AR-Windows  Clash1512
4.1536	1	viewpoint		0	0	00000000-0000-0000-0000-000000000000	legacy		AR vs AR	BLD-AR-Curtain Mullions-vs-BLD-AR-Windows  Clash1513
4.1537	1	viewpoint		0	0	00000000-0000-0000-0000-000000000000	legacy		AR vs AR	BLD-AR-Curtain Mullions-vs-BLD-AR-Windows  Clash1514
4.1538	1	viewpoint		0	0	00000000-0000-0000-0000-000000000000	legacy		AR vs AR	BLD-AR-Curtain Mullions-vs-BLD-AR-Windows  Clash1515
4.1539	1	viewpoint		0	0	00000000-0000-0000-0000-000000000000	legacy		AR vs AR	BLD-AR-Curtain Mullions-vs-BLD-AR-Windows  Clash1516
4.1540	1	viewpoint		0	0	00000000-0000-0000-0000-000000000000	legacy		AR vs AR	BLD-AR-Curtain Mullions-vs-BLD-AR-Windows  Clash1517
4.1541	1	viewpoint		0	0	00000000-0000-0000-0000-000000000000	legacy		AR vs AR	BLD-AR-Curtain Mullions-vs-BLD-AR-Windows  Clash1518
4.1542	1	viewpoint		0	0	00000000-0000-0000-0000-000000000000	legacy		AR vs AR	BLD-AR-Curtain Mullions-vs-BLD-AR-Windows  Clash1519
4.1543	1	viewpoint		0	0	00000000-0000-0000-0000-000000000000	legacy		AR vs AR	BLD-AR-Curtain Mullions-vs-BLD-AR-Windows  Clash1520
4.1544	1	viewpoint		0	0	00000000-0000-0000-0000-000000000000	legacy		AR vs AR	BLD-AR-Curtain Mullions-vs-BLD-AR-Windows  Clash1521
4.1545	1	viewpoint		0	0	00000000-0000-0000-0000-000000000000	legacy		AR vs AR	BLD-AR-Curtain Mullions-vs-BLD-AR-Windows  Clash1522
4.1546	1	viewpoint		0	0	00000000-0000-0000-0000-000000000000	legacy		AR vs AR	BLD-AR-Curtain Mullions-vs-BLD-AR-Windows  Clash1523
4.1547	1	viewpoint		0	0	00000000-0000-0000-0000-000000000000	legacy		AR vs AR	BLD-AR-Curtain Mullions-vs-BLD-AR-Windows  Clash1524
4.1548	1	viewpoint		0	0	00000000-0000-0000-0000-000000000000	legacy		AR vs AR	BLD-AR-Curtain Mullions-vs-BLD-AR-Windows  Clash1525
4.1549	1	viewpoint		0	0	00000000-0000-0000-0000-000000000000	legacy		AR vs AR	BLD-AR-Curtain Mullions-vs-BLD-AR-Windows  Clash1526
4.1550	1	viewpoint		0	0	00000000-0000-0000-0000-000000000000	legacy		AR vs AR	BLD-AR-Curtain Mullions-vs-BLD-AR-Windows  Clash1527
4.1551	1	viewpoint		0	0	00000000-0000-0000-0000-000000000000	legacy		AR vs AR	BLD-AR-Curtain Mullions-vs-BLD-AR-Windows  Clash1528
4.1552	1	viewpoint		0	0	00000000-0000-0000-0000-000000000000	legacy		AR vs AR	BLD-AR-Curtain Mullions-vs-BLD-AR-Windows  Clash1529
4.1553	1	viewpoint		0	0	00000000-0000-0000-0000-000000000000	legacy		AR vs AR	BLD-AR-Curtain Mullions-vs-BLD-AR-Windows  Clash1530
4.1554	1	viewpoint		0	0	00000000-0000-0000-0000-000000000000	legacy		AR vs AR	BLD-AR-Curtain Mullions-vs-BLD-AR-Windows  Clash1531
4.1555	1	viewpoint		0	0	00000000-0000-0000-0000-000000000000	legacy		AR vs AR	BLD-AR-Curtain Mullions-vs-BLD-AR-Windows  Clash1532
4.1556	1	viewpoint		0	0	00000000-0000-0000-0000-000000000000	legacy		AR vs AR	BLD-AR-Curtain Mullions-vs-BLD-AR-Windows  Clash1533
4.1557	1	viewpoint		0	0	00000000-0000-0000-0000-000000000000	legacy		AR vs AR	BLD-AR-Curtain Mullions-vs-BLD-AR-Windows  Clash1534
4.1558	1	viewpoint		0	0	00000000-0000-0000-0000-000000000000	legacy		AR vs AR	BLD-AR-Curtain Mullions-vs-BLD-AR-Windows  Clash1535
4.1559	1	viewpoint		0	0	00000000-0000-0000-0000-000000000000	legacy		AR vs AR	BLD-AR-Curtain Mullions-vs-BLD-AR-Windows  Clash1536
4.1560	1	viewpoint		0	0	00000000-0000-0000-0000-000000000000	legacy		AR vs AR	BLD-AR-Curtain Mullions-vs-BLD-AR-Windows  Clash1537
4.1561	1	viewpoint		0	0	00000000-0000-0000-0000-000000000000	legacy		AR vs AR	BLD-AR-Curtain Mullions-vs-BLD-AR-Windows  Clash1538
4.1562	1	viewpoint		0	0	00000000-0000-0000-0000-000000000000	legacy		AR vs AR	BLD-AR-Curtain Mullions-vs-BLD-AR-Windows  Clash1539
4.1563	1	viewpoint		0	0	00000000-0000-0000-0000-000000000000	legacy		AR vs AR	BLD-AR-Curtain Mullions-vs-BLD-AR-Windows  Clash1540
4.1564	1	viewpoint		0	0	00000000-0000-0000-0000-000000000000	legacy		AR vs AR	BLD-AR-Curtain Mullions-vs-BLD-AR-Windows  Clash1541
4.1565	1	viewpoint		0	0	00000000-0000-0000-0000-000000000000	legacy		AR vs AR	BLD-AR-Curtain Mullions-vs-BLD-AR-Windows  Clash1542
4.1566	1	viewpoint		0	0	00000000-0000-0000-0000-000000000000	legacy		AR vs AR	BLD-AR-Curtain Mullions-vs-BLD-AR-Windows  Clash1543
4.1567	1	viewpoint		0	0	00000000-0000-0000-0000-000000000000	legacy		AR vs AR	BLD-AR-Curtain Mullions-vs-BLD-AR-Windows  Clash1544
4.1568	1	viewpoint		0	0	00000000-0000-0000-0000-000000000000	legacy		AR vs AR	BLD-AR-Curtain Mullions-vs-BLD-AR-Windows  Clash1545
4.1569	1	viewpoint		0	0	00000000-0000-0000-0000-000000000000	legacy		AR vs AR	BLD-AR-Curtain Mullions-vs-BLD-AR-Windows  Clash1546
4.1570	1	viewpoint		0	0	00000000-0000-0000-0000-000000000000	legacy		AR vs AR	BLD-AR-Curtain Mullions-vs-BLD-AR-Windows  Clash1547
4.1571	1	viewpoint		0	0	00000000-0000-0000-0000-000000000000	legacy		AR vs AR	BLD-AR-Curtain Mullions-vs-BLD-AR-Windows  Clash1548
4.1572	1	viewpoint		0	0	00000000-0000-0000-0000-000000000000	legacy		AR vs AR	BLD-AR-Curtain Mullions-vs-BLD-AR-Windows  Clash1549
4.1573	1	viewpoint		0	0	00000000-0000-0000-0000-000000000000	legacy		AR vs AR	BLD-AR-Curtain Mullions-vs-BLD-AR-Windows  Clash1550
4.1574	1	viewpoint		0	0	00000000-0000-0000-0000-000000000000	legacy		AR vs AR	BLD-AR-Curtain Mullions-vs-BLD-AR-Windows  Clash1551
4.1575	1	viewpoint		0	0	00000000-0000-0000-0000-000000000000	legacy		AR vs AR	BLD-AR-Curtain Mullions-vs-BLD-AR-Windows  Clash1552
4.1576	1	viewpoint		0	0	00000000-0000-0000-0000-000000000000	legacy		AR vs AR	BLD-AR-Curtain Mullions-vs-BLD-AR-Windows  Clash1553
4.1577	1	viewpoint		0	0	00000000-0000-0000-0000-000000000000	legacy		AR vs AR	BLD-AR-Curtain Mullions-vs-BLD-AR-Windows  Clash1554
4.1578	1	viewpoint		0	0	00000000-0000-0000-0000-000000000000	legacy		AR vs AR	BLD-AR-Curtain Mullions-vs-BLD-AR-Windows  Clash1555
4.1579	1	viewpoint		0	0	00000000-0000-0000-0000-000000000000	legacy		AR vs AR	BLD-AR-Curtain Mullions-vs-BLD-AR-Windows  Clash1556
4.1580	1	viewpoint		0	0	00000000-0000-0000-0000-000000000000	legacy		AR vs AR	BLD-AR-Curtain Mullions-vs-BLD-AR-Windows  Clash1557
4.1581	1	viewpoint		0	0	00000000-0000-0000-0000-000000000000	legacy		AR vs AR	BLD-AR-Curtain Mullions-vs-BLD-AR-Windows  Clash1558
4.1582	1	viewpoint		0	0	00000000-0000-0000-0000-000000000000	legacy		AR vs AR	BLD-AR-Curtain Mullions-vs-BLD-AR-Windows  Clash1559
4.1583	1	viewpoint		0	0	00000000-0000-0000-0000-000000000000	legacy		AR vs AR	BLD-AR-Curtain Mullions-vs-BLD-AR-Windows  Clash1560
4.1584	1	viewpoint		0	0	00000000-0000-0000-0000-000000000000	legacy		AR vs AR	BLD-AR-Curtain Mullions-vs-BLD-AR-Windows  Clash1561
4.1585	1	viewpoint		0	0	00000000-0000-0000-0000-000000000000	legacy		AR vs AR	BLD-AR-Curtain Mullions-vs-BLD-AR-Windows  Clash1562
4.1586	1	viewpoint		0	0	00000000-0000-0000-0000-000000000000	legacy		AR vs AR	BLD-AR-Curtain Mullions-vs-BLD-AR-Windows  Clash1563
4.1587	1	viewpoint		0	0	00000000-0000-0000-0000-000000000000	legacy		AR vs AR	BLD-AR-Curtain Mullions-vs-BLD-AR-Windows  Clash1564
4.1588	1	viewpoint		0	0	00000000-0000-0000-0000-000000000000	legacy		AR vs AR	BLD-AR-Curtain Mullions-vs-BLD-AR-Windows  Clash1565
4.1589	1	viewpoint		0	0	00000000-0000-0000-0000-000000000000	legacy		AR vs AR	BLD-AR-Curtain Mullions-vs-BLD-AR-Windows  Clash1566
4.1590	1	viewpoint		0	0	00000000-0000-0000-0000-000000000000	legacy		AR vs AR	BLD-AR-Curtain Mullions-vs-BLD-AR-Windows  Clash1567
4.1591	1	viewpoint		0	0	00000000-0000-0000-0000-000000000000	legacy		AR vs AR	BLD-AR-Curtain Mullions-vs-BLD-AR-Windows  Clash1568
4.1592	1	viewpoint		0	0	00000000-0000-0000-0000-000000000000	legacy		AR vs AR	BLD-AR-Curtain Mullions-vs-BLD-AR-Windows  Clash1569
4.1593	1	viewpoint		0	0	00000000-0000-0000-0000-000000000000	legacy		AR vs AR	BLD-AR-Curtain Mullions-vs-BLD-AR-Windows  Clash1570
4.1594	1	viewpoint		0	0	00000000-0000-0000-0000-000000000000	legacy		AR vs AR	BLD-AR-Curtain Mullions-vs-BLD-AR-Windows  Clash1571
4.1595	1	viewpoint		0	0	00000000-0000-0000-0000-000000000000	legacy		AR vs AR	BLD-AR-Curtain Mullions-vs-BLD-AR-Windows  Clash1572
4.1596	1	viewpoint		0	0	00000000-0000-0000-0000-000000000000	legacy		AR vs AR	BLD-AR-Curtain Mullions-vs-BLD-AR-Windows  Clash1573
4.1597	1	viewpoint		0	0	00000000-0000-0000-0000-000000000000	legacy		AR vs AR	BLD-AR-Curtain Mullions-vs-BLD-AR-Windows  Clash1574
4.1598	1	viewpoint		0	0	00000000-0000-0000-0000-000000000000	legacy		AR vs AR	BLD-AR-Curtain Mullions-vs-BLD-AR-Windows  Clash1575
4.1599	1	viewpoint		0	0	00000000-0000-0000-0000-000000000000	legacy		AR vs AR	BLD-AR-Curtain Mullions-vs-BLD-AR-Windows  Clash1576
4.1600	1	viewpoint		0	0	00000000-0000-0000-0000-000000000000	legacy		AR vs AR	BLD-AR-Curtain Mullions-vs-BLD-AR-Windows  Clash1577
4.1601	1	viewpoint		0	0	00000000-0000-0000-0000-000000000000	legacy		AR vs AR	BLD-AR-Curtain Mullions-vs-BLD-AR-Windows  Clash1578
4.1602	1	viewpoint		0	0	00000000-0000-0000-0000-000000000000	legacy		AR vs AR	BLD-AR-Curtain Mullions-vs-BLD-AR-Windows  Clash1579
4.1603	1	viewpoint		0	0	00000000-0000-0000-0000-000000000000	legacy		AR vs AR	BLD-AR-Curtain Mullions-vs-BLD-AR-Windows  Clash1580
4.1604	1	viewpoint		0	0	00000000-0000-0000-0000-000000000000	legacy		AR vs AR	BLD-AR-Curtain Mullions-vs-BLD-AR-Windows  Clash1581
4.1605	1	viewpoint		0	0	00000000-0000-0000-0000-000000000000	legacy		AR vs AR	BLD-AR-Curtain Mullions-vs-BLD-AR-Windows  Clash1582
4.1606	1	viewpoint		0	0	00000000-0000-0000-0000-000000000000	legacy		AR vs AR	BLD-AR-Curtain Mullions-vs-BLD-AR-Windows  Clash1583
4.1607	1	viewpoint		0	0	00000000-0000-0000-0000-000000000000	legacy		AR vs AR	BLD-AR-Curtain Mullions-vs-BLD-AR-Windows  Clash1584
4.1608	1	viewpoint		0	0	00000000-0000-0000-0000-000000000000	legacy		AR vs AR	BLD-AR-Curtain Mullions-vs-BLD-AR-Windows  Clash1585
4.1609	1	viewpoint		0	0	00000000-0000-0000-0000-000000000000	legacy		AR vs AR	BLD-AR-Curtain Mullions-vs-BLD-AR-Windows  Clash1586
4.1610	1	viewpoint		0	0	00000000-0000-0000-0000-000000000000	legacy		AR vs AR	BLD-AR-Curtain Mullions-vs-BLD-AR-Windows  Clash1587
4.1611	1	viewpoint		0	0	00000000-0000-0000-0000-000000000000	legacy		AR vs AR	BLD-AR-Curtain Mullions-vs-BLD-AR-Windows  Clash1588
4.1612	1	viewpoint		0	0	00000000-0000-0000-0000-000000000000	legacy		AR vs AR	BLD-AR-Curtain Mullions-vs-BLD-AR-Windows  Clash1589
4.1613	1	viewpoint		0	0	00000000-0000-0000-0000-000000000000	legacy		AR vs AR	BLD-AR-Curtain Mullions-vs-BLD-AR-Windows  Clash1590
4.1614	1	viewpoint		0	0	00000000-0000-0000-0000-000000000000	legacy		AR vs AR	BLD-AR-Curtain Mullions-vs-BLD-AR-Windows  Clash1591
4.1615	1	viewpoint		0	0	00000000-0000-0000-0000-000000000000	legacy		AR vs AR	BLD-AR-Curtain Mullions-vs-BLD-AR-Windows  Clash1592
4.1616	1	viewpoint		0	0	00000000-0000-0000-0000-000000000000	legacy		AR vs AR	BLD-AR-Curtain Mullions-vs-BLD-AR-Windows  Clash1593
4.1617	1	viewpoint		0	0	00000000-0000-0000-0000-000000000000	legacy		AR vs AR	BLD-AR-Curtain Mullions-vs-BLD-AR-Windows  Clash1594
4.1618	1	viewpoint		0	0	00000000-0000-0000-0000-000000000000	legacy		AR vs AR	BLD-AR-Curtain Mullions-vs-BLD-AR-Windows  Clash1595
4.1619	1	viewpoint		0	0	00000000-0000-0000-0000-000000000000	legacy		AR vs AR	BLD-AR-Curtain Mullions-vs-BLD-AR-Windows  Clash1596
4.1620	1	viewpoint		0	0	00000000-0000-0000-0000-000000000000	legacy		AR vs AR	BLD-AR-Curtain Mullions-vs-BLD-AR-Windows  Clash1597
4.1621	1	viewpoint		0	0	00000000-0000-0000-0000-000000000000	legacy		AR vs AR	BLD-AR-Curtain Mullions-vs-BLD-AR-Windows  Clash1598
4.1622	1	viewpoint		0	0	00000000-0000-0000-0000-000000000000	legacy		AR vs AR	BLD-AR-Curtain Mullions-vs-BLD-AR-Windows  Clash1599
4.1623	1	viewpoint		0	0	00000000-0000-0000-0000-000000000000	legacy		AR vs AR	BLD-AR-Curtain Mullions-vs-BLD-AR-Windows  Clash1600
4.1624	1	viewpoint		0	0	00000000-0000-0000-0000-000000000000	legacy		AR vs AR	BLD-AR-Curtain Mullions-vs-BLD-AR-Windows  Clash1601
4.1625	1	viewpoint		0	0	00000000-0000-0000-0000-000000000000	legacy		AR vs AR	BLD-AR-Curtain Mullions-vs-BLD-AR-Windows  Clash1602
4.1626	1	viewpoint		0	0	00000000-0000-0000-0000-000000000000	legacy		AR vs AR	BLD-AR-Curtain Mullions-vs-BLD-AR-Windows  Clash1603
4.1627	1	viewpoint		0	0	00000000-0000-0000-0000-000000000000	legacy		AR vs AR	BLD-AR-Curtain Mullions-vs-BLD-AR-Windows  Clash1604
4.1628	1	viewpoint		0	0	00000000-0000-0000-0000-000000000000	legacy		AR vs AR	BLD-AR-Curtain Mullions-vs-BLD-AR-Windows  Clash1605
4.1629	1	viewpoint		0	0	00000000-0000-0000-0000-000000000000	legacy		AR vs AR	BLD-AR-Curtain Mullions-vs-BLD-AR-Windows  Clash1606
4.1630	1	viewpoint		0	0	00000000-0000-0000-0000-000000000000	legacy		AR vs AR	BLD-AR-Curtain Mullions-vs-BLD-AR-Windows  Clash1607
4.1631	1	viewpoint		0	0	00000000-0000-0000-0000-000000000000	legacy		AR vs AR	BLD-AR-Curtain Mullions-vs-BLD-AR-Windows  Clash1608
4.1632	1	viewpoint		0	0	00000000-0000-0000-0000-000000000000	legacy		AR vs AR	BLD-AR-Curtain Mullions-vs-BLD-AR-Windows  Clash1609
4.1633	1	viewpoint		0	0	00000000-0000-0000-0000-000000000000	legacy		AR vs AR	BLD-AR-Curtain Mullions-vs-BLD-AR-Windows  Clash1610
4.1634	1	viewpoint		0	0	00000000-0000-0000-0000-000000000000	legacy		AR vs AR	BLD-AR-Curtain Mullions-vs-BLD-AR-Windows  Clash1611
4.1635	1	viewpoint		0	0	00000000-0000-0000-0000-000000000000	legacy		AR vs AR	BLD-AR-Curtain Mullions-vs-BLD-AR-Windows  Clash1612
4.1636	1	viewpoint		0	0	00000000-0000-0000-0000-000000000000	legacy		AR vs AR	BLD-AR-Curtain Mullions-vs-BLD-AR-Windows  Clash1613
4.1637	1	viewpoint		0	0	00000000-0000-0000-0000-000000000000	legacy		AR vs AR	BLD-AR-Curtain Mullions-vs-BLD-AR-Windows  Clash1614
4.1638	1	viewpoint		0	0	00000000-0000-0000-0000-000000000000	legacy		AR vs AR	BLD-AR-Curtain Mullions-vs-BLD-AR-Windows  Clash1615
4.1639	1	viewpoint		0	0	00000000-0000-0000-0000-000000000000	legacy		AR vs AR	BLD-AR-Curtain Mullions-vs-BLD-AR-Windows  Clash1616
4.1640	1	viewpoint		0	0	00000000-0000-0000-0000-000000000000	legacy		AR vs AR	BLD-AR-Curtain Mullions-vs-BLD-AR-Windows  Clash1617
4.1641	1	viewpoint		0	0	00000000-0000-0000-0000-000000000000	legacy		AR vs AR	BLD-AR-Curtain Mullions-vs-BLD-AR-Windows  Clash1618
4.1642	1	viewpoint		0	0	00000000-0000-0000-0000-000000000000	legacy		AR vs AR	BLD-AR-Curtain Mullions-vs-BLD-AR-Windows  Clash1619
4.1643	1	viewpoint		0	0	00000000-0000-0000-0000-000000000000	legacy		AR vs AR	BLD-AR-Curtain Mullions-vs-BLD-AR-Windows  Clash1620
4.1644	1	viewpoint		0	0	00000000-0000-0000-0000-000000000000	legacy		AR vs AR	BLD-AR-Curtain Mullions-vs-BLD-AR-Windows  Clash1621
4.1645	1	viewpoint		0	0	00000000-0000-0000-0000-000000000000	legacy		AR vs AR	BLD-AR-Curtain Mullions-vs-BLD-AR-Windows  Clash1622
4.1646	1	viewpoint		0	0	00000000-0000-0000-0000-000000000000	legacy		AR vs AR	BLD-AR-Curtain Mullions-vs-BLD-AR-Windows  Clash1623
4.1647	1	viewpoint		0	0	00000000-0000-0000-0000-000000000000	legacy		AR vs AR	BLD-AR-Curtain Mullions-vs-BLD-AR-Windows  Clash1624
4.1648	1	viewpoint		0	0	00000000-0000-0000-0000-000000000000	legacy		AR vs AR	BLD-AR-Curtain Mullions-vs-BLD-AR-Windows  Clash1625
4.1649	1	viewpoint		0	0	00000000-0000-0000-0000-000000000000	legacy		AR vs AR	BLD-AR-Curtain Mullions-vs-BLD-AR-Windows  Clash1626
4.1650	1	viewpoint		0	0	00000000-0000-0000-0000-000000000000	legacy		AR vs AR	BLD-AR-Curtain Mullions-vs-BLD-AR-Windows  Clash1627
4.1651	1	viewpoint		0	0	00000000-0000-0000-0000-000000000000	legacy		AR vs AR	BLD-AR-Curtain Mullions-vs-BLD-AR-Windows  Clash1628
4.1652	1	viewpoint		0	0	00000000-0000-0000-0000-000000000000	legacy		AR vs AR	BLD-AR-Curtain Mullions-vs-BLD-AR-Windows  Clash1629
4.1653	1	viewpoint		0	0	00000000-0000-0000-0000-000000000000	legacy		AR vs AR	BLD-AR-Curtain Mullions-vs-BLD-AR-Windows  Clash1630
4.1654	1	viewpoint		0	0	00000000-0000-0000-0000-000000000000	legacy		AR vs AR	BLD-AR-Curtain Mullions-vs-BLD-AR-Windows  Clash1631
4.1655	1	viewpoint		0	0	00000000-0000-0000-0000-000000000000	legacy		AR vs AR	BLD-AR-Curtain Mullions-vs-BLD-AR-Windows  Clash1632
4.1656	1	viewpoint		0	0	00000000-0000-0000-0000-000000000000	legacy		AR vs AR	BLD-AR-Curtain Mullions-vs-BLD-AR-Windows  Clash1633
4.1657	1	viewpoint		0	0	00000000-0000-0000-0000-000000000000	legacy		AR vs AR	BLD-AR-Curtain Mullions-vs-BLD-AR-Windows  Clash1634
4.1658	1	viewpoint		0	0	00000000-0000-0000-0000-000000000000	legacy		AR vs AR	BLD-AR-Curtain Mullions-vs-BLD-AR-Windows  Clash1635
4.1659	1	viewpoint		0	0	00000000-0000-0000-0000-000000000000	legacy		AR vs AR	BLD-AR-Curtain Mullions-vs-BLD-AR-Windows  Clash1636
4.1660	1	viewpoint		0	0	00000000-0000-0000-0000-000000000000	legacy		AR vs AR	BLD-AR-Curtain Mullions-vs-BLD-AR-Windows  Clash1637
4.1661	1	viewpoint		0	0	00000000-0000-0000-0000-000000000000	legacy		AR vs AR	BLD-AR-Curtain Mullions-vs-BLD-AR-Windows  Clash1638
4.1662	1	viewpoint		0	0	00000000-0000-0000-0000-000000000000	legacy		AR vs AR	BLD-AR-Curtain Mullions-vs-BLD-AR-Windows  Clash1639
4.1663	1	viewpoint		0	0	00000000-0000-0000-0000-000000000000	legacy		AR vs AR	BLD-AR-Curtain Mullions-vs-BLD-AR-Windows  Clash1640
4.1664	1	viewpoint		0	0	00000000-0000-0000-0000-000000000000	legacy		AR vs AR	BLD-AR-Curtain Mullions-vs-BLD-AR-Windows  Clash1641
4.1665	1	viewpoint		0	0	00000000-0000-0000-0000-000000000000	legacy		AR vs AR	BLD-AR-Curtain Mullions-vs-BLD-AR-Windows  Clash1642
4.1666	1	viewpoint		0	0	00000000-0000-0000-0000-000000000000	legacy		AR vs AR	BLD-AR-Curtain Mullions-vs-BLD-AR-Windows  Clash1643
4.1667	1	viewpoint		0	0	00000000-0000-0000-0000-000000000000	legacy		AR vs AR	BLD-AR-Curtain Mullions-vs-BLD-AR-Windows  Clash1644
4.1668	1	viewpoint		0	0	00000000-0000-0000-0000-000000000000	legacy		AR vs AR	BLD-AR-Curtain Mullions-vs-BLD-AR-Windows  Clash1645
4.1669	1	viewpoint		0	0	00000000-0000-0000-0000-000000000000	legacy		AR vs AR	BLD-AR-Curtain Mullions-vs-BLD-AR-Windows  Clash1646
4.1670	1	viewpoint		0	0	00000000-0000-0000-0000-000000000000	legacy		AR vs AR	BLD-AR-Curtain Mullions-vs-BLD-AR-Windows  Clash1647
4.1671	1	viewpoint		0	0	00000000-0000-0000-0000-000000000000	legacy		AR vs AR	BLD-AR-Curtain Mullions-vs-BLD-AR-Windows  Clash1648
4.1672	1	viewpoint		0	0	00000000-0000-0000-0000-000000000000	legacy		AR vs AR	BLD-AR-Curtain Mullions-vs-BLD-AR-Windows  Clash1649
4.1673	1	viewpoint		0	0	00000000-0000-0000-0000-000000000000	legacy		AR vs AR	BLD-AR-Curtain Mullions-vs-BLD-AR-Windows  Clash1650
4.1674	1	viewpoint		0	0	00000000-0000-0000-0000-000000000000	legacy		AR vs AR	BLD-AR-Curtain Mullions-vs-BLD-AR-Windows  Clash1651
4.1675	1	viewpoint		0	0	00000000-0000-0000-0000-000000000000	legacy		AR vs AR	BLD-AR-Curtain Mullions-vs-BLD-AR-Windows  Clash1652
4.1676	1	viewpoint		0	0	00000000-0000-0000-0000-000000000000	legacy		AR vs AR	BLD-AR-Curtain Mullions-vs-BLD-AR-Windows  Clash1653
4.1677	1	viewpoint		0	0	00000000-0000-0000-0000-000000000000	legacy		AR vs AR	BLD-AR-Curtain Mullions-vs-BLD-AR-Windows  Clash1654
4.1678	1	viewpoint		0	0	00000000-0000-0000-0000-000000000000	legacy		AR vs AR	BLD-AR-Curtain Mullions-vs-BLD-AR-Windows  Clash1655
4.1679	1	viewpoint		0	0	00000000-0000-0000-0000-000000000000	legacy		AR vs AR	BLD-AR-Curtain Mullions-vs-BLD-AR-Windows  Clash1656
4.1680	1	viewpoint		0	0	00000000-0000-0000-0000-000000000000	legacy		AR vs AR	BLD-AR-Curtain Mullions-vs-BLD-AR-Windows  Clash1657
4.1681	1	viewpoint		0	0	00000000-0000-0000-0000-000000000000	legacy		AR vs AR	BLD-AR-Curtain Mullions-vs-BLD-AR-Windows  Clash1658
4.1682	1	viewpoint		0	0	00000000-0000-0000-0000-000000000000	legacy		AR vs AR	BLD-AR-Curtain Mullions-vs-BLD-AR-Windows  Clash1659
4.1683	1	viewpoint		0	0	00000000-0000-0000-0000-000000000000	legacy		AR vs AR	BLD-AR-Curtain Mullions-vs-BLD-AR-Windows  Clash1660
4.1684	1	viewpoint		0	0	00000000-0000-0000-0000-000000000000	legacy		AR vs AR	BLD-AR-Curtain Mullions-vs-BLD-AR-Windows  Clash1661
4.1685	1	viewpoint		0	0	00000000-0000-0000-0000-000000000000	legacy		AR vs AR	BLD-AR-Curtain Mullions-vs-BLD-AR-Windows  Clash1662
4.1686	1	viewpoint		0	0	00000000-0000-0000-0000-000000000000	legacy		AR vs AR	BLD-AR-Curtain Mullions-vs-BLD-AR-Windows  Clash1663
4.1687	1	viewpoint		0	0	00000000-0000-0000-0000-000000000000	legacy		AR vs AR	BLD-AR-Curtain Mullions-vs-BLD-AR-Windows  Clash1664
4.1688	1	viewpoint		0	0	00000000-0000-0000-0000-000000000000	legacy		AR vs AR	BLD-AR-Curtain Mullions-vs-BLD-AR-Windows  Clash1665
4.1689	1	viewpoint		0	0	00000000-0000-0000-0000-000000000000	legacy		AR vs AR	BLD-AR-Curtain Mullions-vs-BLD-AR-Windows  Clash1666
4.1690	1	viewpoint		0	0	00000000-0000-0000-0000-000000000000	legacy		AR vs AR	BLD-AR-Curtain Mullions-vs-BLD-AR-Windows  Clash1667
4.1691	1	viewpoint		0	0	00000000-0000-0000-0000-000000000000	legacy		AR vs AR	BLD-AR-Curtain Mullions-vs-BLD-AR-Windows  Clash1668
4.1692	1	viewpoint		0	0	00000000-0000-0000-0000-000000000000	legacy		AR vs AR	BLD-AR-Curtain Mullions-vs-BLD-AR-Windows  Clash1669
4.1693	1	viewpoint		0	0	00000000-0000-0000-0000-000000000000	legacy		AR vs AR	BLD-AR-Curtain Mullions-vs-BLD-AR-Windows  Clash1670
4.1694	1	viewpoint		0	0	00000000-0000-0000-0000-000000000000	legacy		AR vs AR	BLD-AR-Curtain Mullions-vs-BLD-AR-Windows  Clash1671
4.1695	1	viewpoint		0	0	00000000-0000-0000-0000-000000000000	legacy		AR vs AR	BLD-AR-Curtain Mullions-vs-BLD-AR-Windows  Clash1672
4.1696	1	viewpoint		0	0	00000000-0000-0000-0000-000000000000	legacy		AR vs AR	BLD-AR-Curtain Mullions-vs-BLD-AR-Windows  Clash1673
4.1697	1	viewpoint		0	0	00000000-0000-0000-0000-000000000000	legacy		AR vs AR	BLD-AR-Curtain Mullions-vs-BLD-AR-Windows  Clash1674
4.1698	1	viewpoint		0	0	00000000-0000-0000-0000-000000000000	legacy		AR vs AR	BLD-AR-Curtain Mullions-vs-BLD-AR-Windows  Clash1675
4.1699	1	viewpoint		0	0	00000000-0000-0000-0000-000000000000	legacy		AR vs AR	BLD-AR-Curtain Mullions-vs-BLD-AR-Windows  Clash1676
4.1700	1	viewpoint		0	0	00000000-0000-0000-0000-000000000000	legacy		AR vs AR	BLD-AR-Curtain Mullions-vs-BLD-AR-Windows  Clash1677
4.1701	1	viewpoint		0	0	00000000-0000-0000-0000-000000000000	legacy		AR vs AR	BLD-AR-Curtain Mullions-vs-BLD-AR-Windows  Clash1678
4.1702	1	viewpoint		0	0	00000000-0000-0000-0000-000000000000	legacy		AR vs AR	BLD-AR-Curtain Mullions-vs-BLD-AR-Windows  Clash1679
4.1703	1	viewpoint		0	0	00000000-0000-0000-0000-000000000000	legacy		AR vs AR	BLD-AR-Curtain Mullions-vs-BLD-AR-Windows  Clash1680
4.1704	1	viewpoint		0	0	00000000-0000-0000-0000-000000000000	legacy		AR vs AR	BLD-AR-Curtain Mullions-vs-BLD-AR-Windows  Clash1681
4.1705	1	viewpoint		0	0	00000000-0000-0000-0000-000000000000	legacy		AR vs AR	BLD-AR-Curtain Mullions-vs-BLD-AR-Windows  Clash1682
4.1706	1	viewpoint		0	0	00000000-0000-0000-0000-000000000000	legacy		AR vs AR	BLD-AR-Curtain Mullions-vs-BLD-AR-Windows  Clash1683
4.1707	1	viewpoint		0	0	00000000-0000-0000-0000-000000000000	legacy		AR vs AR	BLD-AR-Curtain Mullions-vs-BLD-AR-Windows  Clash1684
4.1708	1	viewpoint		0	0	00000000-0000-0000-0000-000000000000	legacy		AR vs AR	BLD-AR-Curtain Mullions-vs-BLD-AR-Windows  Clash1685
4.1709	1	viewpoint		0	0	00000000-0000-0000-0000-000000000000	legacy		AR vs AR	BLD-AR-Curtain Mullions-vs-BLD-AR-Windows  Clash1686
4.1710	1	viewpoint		0	0	00000000-0000-0000-0000-000000000000	legacy		AR vs AR	BLD-AR-Curtain Mullions-vs-BLD-AR-Windows  Clash1687
4.1711	1	viewpoint		0	0	00000000-0000-0000-0000-000000000000	legacy		AR vs AR	BLD-AR-Curtain Mullions-vs-BLD-AR-Windows  Clash1688
4.1712	1	viewpoint		0	0	00000000-0000-0000-0000-000000000000	legacy		AR vs AR	BLD-AR-Curtain Mullions-vs-BLD-AR-Windows  Clash1689
4.1713	1	viewpoint		0	0	00000000-0000-0000-0000-000000000000	legacy		AR vs AR	BLD-AR-Curtain Mullions-vs-BLD-AR-Windows  Clash1690
4.1714	1	viewpoint		0	0	00000000-0000-0000-0000-000000000000	legacy		AR vs AR	BLD-AR-Curtain Mullions-vs-BLD-AR-Windows  Clash1691
4.1715	1	viewpoint		0	0	00000000-0000-0000-0000-000000000000	legacy		AR vs AR	BLD-AR-Curtain Mullions-vs-BLD-AR-Windows  Clash1692
4.1716	1	viewpoint		0	0	00000000-0000-0000-0000-000000000000	legacy		AR vs AR	BLD-AR-Curtain Mullions-vs-BLD-AR-Windows  Clash1693
4.1717	1	viewpoint		0	0	00000000-0000-0000-0000-000000000000	legacy		AR vs AR	BLD-AR-Curtain Mullions-vs-BLD-AR-Windows  Clash1694
4.1718	1	viewpoint		0	0	00000000-0000-0000-0000-000000000000	legacy		AR vs AR	BLD-AR-Curtain Mullions-vs-BLD-AR-Windows  Clash1695
4.1719	1	viewpoint		0	0	00000000-0000-0000-0000-000000000000	legacy		AR vs AR	BLD-AR-Curtain Mullions-vs-BLD-AR-Windows  Clash1696
4.1720	1	viewpoint		0	0	00000000-0000-0000-0000-000000000000	legacy		AR vs AR	BLD-AR-Curtain Mullions-vs-BLD-AR-Windows  Clash1697
4.1721	1	viewpoint		0	0	00000000-0000-0000-0000-000000000000	legacy		AR vs AR	BLD-AR-Curtain Mullions-vs-BLD-AR-Windows  Clash1698
4.1722	1	viewpoint		0	0	00000000-0000-0000-0000-000000000000	legacy		AR vs AR	BLD-AR-Curtain Mullions-vs-BLD-AR-Windows  Clash1699
4.1723	1	viewpoint		0	0	00000000-0000-0000-0000-000000000000	legacy		AR vs AR	BLD-AR-Curtain Mullions-vs-BLD-AR-Windows  Clash1700
4.1724	1	viewpoint		0	0	00000000-0000-0000-0000-000000000000	legacy		AR vs AR	BLD-AR-Curtain Mullions-vs-BLD-AR-Windows  Clash1701
4.1725	1	viewpoint		0	0	00000000-0000-0000-0000-000000000000	legacy		AR vs AR	BLD-AR-Curtain Mullions-vs-BLD-AR-Windows  Clash1702
4.1726	1	viewpoint		0	0	00000000-0000-0000-0000-000000000000	legacy		AR vs AR	BLD-AR-Curtain Mullions-vs-BLD-AR-Windows  Clash1703
4.1727	1	viewpoint		0	0	00000000-0000-0000-0000-000000000000	legacy		AR vs AR	BLD-AR-Curtain Mullions-vs-BLD-AR-Windows  Clash1704
4.1728	1	viewpoint		0	0	00000000-0000-0000-0000-000000000000	legacy		AR vs AR	BLD-AR-Curtain Mullions-vs-BLD-AR-Windows  Clash1705
4.1729	1	viewpoint		0	0	00000000-0000-0000-0000-000000000000	legacy		AR vs AR	BLD-AR-Curtain Mullions-vs-BLD-AR-Windows  Clash1706
4.1730	1	viewpoint		0	0	00000000-0000-0000-0000-000000000000	legacy		AR vs AR	BLD-AR-Curtain Mullions-vs-BLD-AR-Windows  Clash1707
4.1731	1	viewpoint		0	0	00000000-0000-0000-0000-000000000000	legacy		AR vs AR	BLD-AR-Curtain Mullions-vs-BLD-AR-Windows  Clash1708
4.1732	1	viewpoint		0	0	00000000-0000-0000-0000-000000000000	legacy		AR vs AR	BLD-AR-Curtain Mullions-vs-BLD-AR-Windows  Clash1709
4.1733	1	viewpoint		0	0	00000000-0000-0000-0000-000000000000	legacy		AR vs AR	BLD-AR-Curtain Mullions-vs-BLD-AR-Windows  Clash1710
4.1734	1	viewpoint		0	0	00000000-0000-0000-0000-000000000000	legacy		AR vs AR	BLD-AR-Curtain Mullions-vs-BLD-AR-Windows  Clash1711
4.1735	1	viewpoint		0	0	00000000-0000-0000-0000-000000000000	legacy		AR vs AR	BLD-AR-Curtain Mullions-vs-BLD-AR-Windows  Clash1712
4.1736	1	viewpoint		0	0	00000000-0000-0000-0000-000000000000	legacy		AR vs AR	BLD-AR-Curtain Mullions-vs-BLD-AR-Windows  Clash1713
4.1737	1	viewpoint		0	0	00000000-0000-0000-0000-000000000000	legacy		AR vs AR	BLD-AR-Curtain Mullions-vs-BLD-AR-Windows  Clash1714
4.1738	1	viewpoint		0	0	00000000-0000-0000-0000-000000000000	legacy		AR vs AR	BLD-AR-Curtain Mullions-vs-BLD-AR-Windows  Clash1715
4.1739	1	viewpoint		0	0	00000000-0000-0000-0000-000000000000	legacy		AR vs AR	BLD-AR-Curtain Mullions-vs-BLD-AR-Windows  Clash1716
4.1740	1	viewpoint		0	0	00000000-0000-0000-0000-000000000000	legacy		AR vs AR	BLD-AR-Curtain Mullions-vs-BLD-AR-Windows  Clash1717
4.1741	1	viewpoint		0	0	00000000-0000-0000-0000-000000000000	legacy		AR vs AR	BLD-AR-Curtain Mullions-vs-BLD-AR-Windows  Clash1718
4.1742	1	viewpoint		0	0	00000000-0000-0000-0000-000000000000	legacy		AR vs AR	BLD-AR-Curtain Mullions-vs-BLD-AR-Windows  Clash1719
4.1743	1	viewpoint		0	0	00000000-0000-0000-0000-000000000000	legacy		AR vs AR	BLD-AR-Curtain Mullions-vs-BLD-AR-Windows  Clash1720
4.1744	1	viewpoint		0	0	00000000-0000-0000-0000-000000000000	legacy		AR vs AR	BLD-AR-Curtain Mullions-vs-BLD-AR-Windows  Clash1721
4.1745	1	viewpoint		0	0	00000000-0000-0000-0000-000000000000	legacy		AR vs AR	BLD-AR-Curtain Mullions-vs-BLD-AR-Windows  Clash1722
4.1746	1	viewpoint		0	0	00000000-0000-0000-0000-000000000000	legacy		AR vs AR	BLD-AR-Curtain Mullions-vs-BLD-AR-Windows  Clash1723
4.1747	1	viewpoint		0	0	00000000-0000-0000-0000-000000000000	legacy		AR vs AR	BLD-AR-Curtain Mullions-vs-BLD-AR-Windows  Clash1724
4.1748	1	viewpoint		0	0	00000000-0000-0000-0000-000000000000	legacy		AR vs AR	BLD-AR-Curtain Mullions-vs-BLD-AR-Windows  Clash1725
4.1749	1	viewpoint		0	0	00000000-0000-0000-0000-000000000000	legacy		AR vs AR	BLD-AR-Curtain Mullions-vs-BLD-AR-Windows  Clash1726
4.1750	1	viewpoint		0	0	00000000-0000-0000-0000-000000000000	legacy		AR vs AR	BLD-AR-Curtain Mullions-vs-BLD-AR-Windows  Clash1727
4.1751	1	viewpoint		0	0	00000000-0000-0000-0000-000000000000	legacy		AR vs AR	BLD-AR-Curtain Mullions-vs-BLD-AR-Windows  Clash1728
4.1752	1	viewpoint		0	0	00000000-0000-0000-0000-000000000000	legacy		AR vs AR	BLD-AR-Curtain Mullions-vs-BLD-AR-Windows  Clash1729
4.1753	1	viewpoint		0	0	00000000-0000-0000-0000-000000000000	legacy		AR vs AR	BLD-AR-Curtain Mullions-vs-BLD-AR-Windows  Clash1730
4.1754	1	viewpoint		0	0	00000000-0000-0000-0000-000000000000	legacy		AR vs AR	BLD-AR-Curtain Mullions-vs-BLD-AR-Windows  Clash1731
4.1755	1	viewpoint		0	0	00000000-0000-0000-0000-000000000000	legacy		AR vs AR	BLD-AR-Curtain Mullions-vs-BLD-AR-Windows  Clash1732
4.1756	1	viewpoint		0	0	00000000-0000-0000-0000-000000000000	legacy		AR vs AR	BLD-AR-Curtain Mullions-vs-BLD-AR-Windows  Clash1733
4.1757	1	viewpoint		0	0	00000000-0000-0000-0000-000000000000	legacy		AR vs AR	BLD-AR-Curtain Mullions-vs-BLD-AR-Windows  Clash1734
4.1758	1	viewpoint		0	0	00000000-0000-0000-0000-000000000000	legacy		AR vs AR	BLD-AR-Curtain Mullions-vs-BLD-AR-Windows  Clash1735
4.1759	1	viewpoint		0	0	00000000-0000-0000-0000-000000000000	legacy		AR vs AR	BLD-AR-Curtain Mullions-vs-BLD-AR-Windows  Clash1736
4.1760	1	viewpoint		0	0	00000000-0000-0000-0000-000000000000	legacy		AR vs AR	BLD-AR-Curtain Mullions-vs-BLD-AR-Windows  Clash1737
4.1761	1	viewpoint		0	0	00000000-0000-0000-0000-000000000000	legacy		AR vs AR	BLD-AR-Curtain Mullions-vs-BLD-AR-Windows  Clash1738
4.1762	1	viewpoint		0	0	00000000-0000-0000-0000-000000000000	legacy		AR vs AR	BLD-AR-Curtain Mullions-vs-BLD-AR-Windows  Clash1739
4.1763	1	viewpoint		0	0	00000000-0000-0000-0000-000000000000	legacy		AR vs AR	BLD-AR-Curtain Mullions-vs-BLD-AR-Windows  Clash1740
4.1764	1	viewpoint		0	0	00000000-0000-0000-0000-000000000000	legacy		AR vs AR	BLD-AR-Curtain Mullions-vs-BLD-AR-Windows  Clash1741
4.1765	1	viewpoint		0	0	00000000-0000-0000-0000-000000000000	legacy		AR vs AR	BLD-AR-Curtain Mullions-vs-BLD-AR-Windows  Clash1742
4.1766	1	viewpoint		0	0	00000000-0000-0000-0000-000000000000	legacy		AR vs AR	BLD-AR-Curtain Mullions-vs-BLD-AR-Windows  Clash1743
4.1767	1	viewpoint		0	0	00000000-0000-0000-0000-000000000000	legacy		AR vs AR	BLD-AR-Curtain Mullions-vs-BLD-AR-Windows  Clash1744
4.1768	1	viewpoint		0	0	00000000-0000-0000-0000-000000000000	legacy		AR vs AR	BLD-AR-Curtain Mullions-vs-BLD-AR-Windows  Clash1745
4.1769	1	viewpoint		0	0	00000000-0000-0000-0000-000000000000	legacy		AR vs AR	BLD-AR-Curtain Mullions-vs-BLD-AR-Windows  Clash1746
4.1770	1	viewpoint		0	0	00000000-0000-0000-0000-000000000000	legacy		AR vs AR	BLD-AR-Curtain Mullions-vs-BLD-AR-Windows  Clash1747
4.1771	1	viewpoint		0	0	00000000-0000-0000-0000-000000000000	legacy		AR vs AR	BLD-AR-Curtain Mullions-vs-BLD-AR-Windows  Clash1748
4.1772	1	viewpoint		0	0	00000000-0000-0000-0000-000000000000	legacy		AR vs AR	BLD-AR-Curtain Mullions-vs-BLD-AR-Windows  Clash1749
4.1773	1	viewpoint		0	0	00000000-0000-0000-0000-000000000000	legacy		AR vs AR	BLD-AR-Curtain Mullions-vs-BLD-AR-Windows  Clash1750
4.1774	1	viewpoint		0	0	00000000-0000-0000-0000-000000000000	legacy		AR vs AR	BLD-AR-Curtain Mullions-vs-BLD-AR-Windows  Clash1751
4.1775	1	viewpoint		0	0	00000000-0000-0000-0000-000000000000	legacy		AR vs AR	BLD-AR-Curtain Mullions-vs-BLD-AR-Windows  Clash1752
4.1776	1	viewpoint		0	0	00000000-0000-0000-0000-000000000000	legacy		AR vs AR	BLD-AR-Curtain Mullions-vs-BLD-AR-Windows  Clash1753
4.1777	1	viewpoint		0	0	00000000-0000-0000-0000-000000000000	legacy		AR vs AR	BLD-AR-Curtain Mullions-vs-BLD-AR-Windows  Clash1754
4.1778	1	viewpoint		0	0	00000000-0000-0000-0000-000000000000	legacy		AR vs AR	BLD-AR-Curtain Mullions-vs-BLD-AR-Windows  Clash1755
4.1779	1	viewpoint		0	0	00000000-0000-0000-0000-000000000000	legacy		AR vs AR	BLD-AR-Curtain Mullions-vs-BLD-AR-Windows  Clash1756
4.1780	1	viewpoint		0	0	00000000-0000-0000-0000-000000000000	legacy		AR vs AR	BLD-AR-Curtain Mullions-vs-BLD-AR-Windows  Clash1757
4.1781	1	viewpoint		0	0	00000000-0000-0000-0000-000000000000	legacy		AR vs AR	BLD-AR-Curtain Mullions-vs-BLD-AR-Windows  Clash1758
4.1782	1	viewpoint		0	0	00000000-0000-0000-0000-000000000000	legacy		AR vs AR	BLD-AR-Curtain Mullions-vs-BLD-AR-Windows  Clash1759
4.1783	1	viewpoint		0	0	00000000-0000-0000-0000-000000000000	legacy		AR vs AR	BLD-AR-Curtain Mullions-vs-BLD-AR-Windows  Clash1760
4.1784	1	viewpoint		0	0	00000000-0000-0000-0000-000000000000	legacy		AR vs AR	BLD-AR-Curtain Mullions-vs-BLD-AR-Windows  Clash1761
4.1785	1	viewpoint		0	0	00000000-0000-0000-0000-000000000000	legacy		AR vs AR	BLD-AR-Curtain Mullions-vs-BLD-AR-Windows  Clash1762
4.1786	1	viewpoint		0	0	00000000-0000-0000-0000-000000000000	legacy		AR vs AR	BLD-AR-Curtain Mullions-vs-BLD-AR-Windows  Clash1763
4.1787	1	viewpoint		0	0	00000000-0000-0000-0000-000000000000	legacy		AR vs AR	BLD-AR-Curtain Mullions-vs-BLD-AR-Windows  Clash1764
4.1788	1	viewpoint		0	0	00000000-0000-0000-0000-000000000000	legacy		AR vs AR	BLD-AR-Curtain Mullions-vs-BLD-AR-Windows  Clash1765
4.1789	1	viewpoint		0	0	00000000-0000-0000-0000-000000000000	legacy		AR vs AR	BLD-AR-Curtain Mullions-vs-BLD-AR-Windows  Clash1766
4.1790	1	viewpoint		0	0	00000000-0000-0000-0000-000000000000	legacy		AR vs AR	BLD-AR-Curtain Mullions-vs-BLD-AR-Windows  Clash1767
4.1791	1	viewpoint		0	0	00000000-0000-0000-0000-000000000000	legacy		AR vs AR	BLD-AR-Curtain Mullions-vs-BLD-AR-Windows  Clash1768
4.1792	1	viewpoint		0	0	00000000-0000-0000-0000-000000000000	legacy		AR vs AR	BLD-AR-Curtain Mullions-vs-BLD-AR-Windows  Clash1769
4.1793	1	viewpoint		0	0	00000000-0000-0000-0000-000000000000	legacy		AR vs AR	BLD-AR-Curtain Mullions-vs-BLD-AR-Windows  Clash1770
4.1794	1	viewpoint		0	0	00000000-0000-0000-0000-000000000000	legacy		AR vs AR	BLD-AR-Curtain Mullions-vs-BLD-AR-Windows  Clash1771
4.1795	1	viewpoint		0	0	00000000-0000-0000-0000-000000000000	legacy		AR vs AR	BLD-AR-Curtain Mullions-vs-BLD-AR-Windows  Clash1772
4.1796	1	viewpoint		0	0	00000000-0000-0000-0000-000000000000	legacy		AR vs AR	BLD-AR-Curtain Mullions-vs-BLD-AR-Windows  Clash1773
4.1797	1	viewpoint		0	0	00000000-0000-0000-0000-000000000000	legacy		AR vs AR	BLD-AR-Curtain Mullions-vs-BLD-AR-Windows  Clash1774
4.1798	1	viewpoint		0	0	00000000-0000-0000-0000-000000000000	legacy		AR vs AR	BLD-AR-Curtain Mullions-vs-BLD-AR-Windows  Clash1775
4.1799	1	viewpoint		0	0	00000000-0000-0000-0000-000000000000	legacy		AR vs AR	BLD-AR-Curtain Mullions-vs-BLD-AR-Windows  Clash1776
4.1800	1	viewpoint		0	0	00000000-0000-0000-0000-000000000000	legacy		AR vs AR	BLD-AR-Curtain Mullions-vs-BLD-AR-Windows  Clash1777
4.1801	1	viewpoint		0	0	00000000-0000-0000-0000-000000000000	legacy		AR vs AR	BLD-AR-Curtain Mullions-vs-BLD-AR-Windows  Clash1778
4.1802	1	viewpoint		0	0	00000000-0000-0000-0000-000000000000	legacy		AR vs AR	BLD-AR-Curtain Mullions-vs-BLD-AR-Windows  Clash1779
4.1803	1	viewpoint		0	0	00000000-0000-0000-0000-000000000000	legacy		AR vs AR	BLD-AR-Curtain Mullions-vs-BLD-AR-Windows  Clash1780
4.1804	1	viewpoint		0	0	00000000-0000-0000-0000-000000000000	legacy		AR vs AR	BLD-AR-Curtain Mullions-vs-BLD-AR-Windows  Clash1781
4.1805	1	viewpoint		0	0	00000000-0000-0000-0000-000000000000	legacy		AR vs AR	BLD-AR-Curtain Mullions-vs-BLD-AR-Windows  Clash1782
4.1806	1	viewpoint		0	0	00000000-0000-0000-0000-000000000000	legacy		AR vs AR	BLD-AR-Curtain Mullions-vs-BLD-AR-Windows  Clash1783
4.1807	1	viewpoint		0	0	00000000-0000-0000-0000-000000000000	legacy		AR vs AR	BLD-AR-Curtain Mullions-vs-BLD-AR-Windows  Clash1784
4.1808	1	viewpoint		0	0	00000000-0000-0000-0000-000000000000	legacy		AR vs AR	BLD-AR-Curtain Mullions-vs-BLD-AR-Windows  Clash1785
4.1809	1	viewpoint		0	0	00000000-0000-0000-0000-000000000000	legacy		AR vs AR	BLD-AR-Curtain Mullions-vs-BLD-AR-Windows  Clash1786
4.1810	1	viewpoint		0	0	00000000-0000-0000-0000-000000000000	legacy		AR vs AR	BLD-AR-Curtain Mullions-vs-BLD-AR-Windows  Clash1787
4.1811	1	viewpoint		0	0	00000000-0000-0000-0000-000000000000	legacy		AR vs AR	BLD-AR-Curtain Mullions-vs-BLD-AR-Windows  Clash1788
4.1812	1	viewpoint		0	0	00000000-0000-0000-0000-000000000000	legacy		AR vs AR	BLD-AR-Curtain Mullions-vs-BLD-AR-Windows  Clash1789
4.1813	1	viewpoint		0	0	00000000-0000-0000-0000-000000000000	legacy		AR vs AR	BLD-AR-Curtain Mullions-vs-BLD-AR-Windows  Clash1790
4.1814	1	viewpoint		0	0	00000000-0000-0000-0000-000000000000	legacy		AR vs AR	BLD-AR-Curtain Mullions-vs-BLD-AR-Windows  Clash1791
4.1815	1	viewpoint		0	0	00000000-0000-0000-0000-000000000000	legacy		AR vs AR	BLD-AR-Curtain Mullions-vs-BLD-AR-Windows  Clash1792
4.1816	1	viewpoint		0	0	00000000-0000-0000-0000-000000000000	legacy		AR vs AR	BLD-AR-Curtain Mullions-vs-BLD-AR-Windows  Clash1793
4.1817	1	viewpoint		0	0	00000000-0000-0000-0000-000000000000	legacy		AR vs AR	BLD-AR-Curtain Mullions-vs-BLD-AR-Windows  Clash1794
4.1818	1	viewpoint		0	0	00000000-0000-0000-0000-000000000000	legacy		AR vs AR	BLD-AR-Curtain Mullions-vs-BLD-AR-Windows  Clash1795
4.1819	1	viewpoint		0	0	00000000-0000-0000-0000-000000000000	legacy		AR vs AR	BLD-AR-Curtain Mullions-vs-BLD-AR-Windows  Clash1796
4.1820	1	viewpoint		0	0	00000000-0000-0000-0000-000000000000	legacy		AR vs AR	BLD-AR-Curtain Mullions-vs-BLD-AR-Windows  Clash1797
4.1821	1	viewpoint		0	0	00000000-0000-0000-0000-000000000000	legacy		AR vs AR	BLD-AR-Curtain Mullions-vs-BLD-AR-Windows  Clash1798
4.1822	1	viewpoint		0	0	00000000-0000-0000-0000-000000000000	legacy		AR vs AR	BLD-AR-Curtain Mullions-vs-BLD-AR-Windows  Clash1799
4.1823	1	viewpoint		0	0	00000000-0000-0000-0000-000000000000	legacy		AR vs AR	BLD-AR-Curtain Mullions-vs-BLD-AR-Windows  Clash1800
4.1824	1	viewpoint		0	0	00000000-0000-0000-0000-000000000000	legacy		AR vs AR	BLD-AR-Curtain Mullions-vs-BLD-AR-Windows  Clash1801
4.1825	1	viewpoint		0	0	00000000-0000-0000-0000-000000000000	legacy		AR vs AR	BLD-AR-Curtain Mullions-vs-BLD-AR-Windows  Clash1802
4.1826	1	viewpoint		0	0	00000000-0000-0000-0000-000000000000	legacy		AR vs AR	BLD-AR-Curtain Mullions-vs-BLD-AR-Windows  Clash1803
4.1827	1	viewpoint		0	0	00000000-0000-0000-0000-000000000000	legacy		AR vs AR	BLD-AR-Curtain Mullions-vs-BLD-AR-Windows  Clash1804
4.1828	1	viewpoint		0	0	00000000-0000-0000-0000-000000000000	legacy		AR vs AR	BLD-AR-Curtain Mullions-vs-BLD-AR-Windows  Clash1805
4.1829	1	viewpoint		0	0	00000000-0000-0000-0000-000000000000	legacy		AR vs AR	BLD-AR-Curtain Mullions-vs-BLD-AR-Windows  Clash1806
4.1830	1	viewpoint		0	0	00000000-0000-0000-0000-000000000000	legacy		AR vs AR	BLD-AR-Curtain Mullions-vs-BLD-AR-Windows  Clash1807
4.1831	1	viewpoint		0	0	00000000-0000-0000-0000-000000000000	legacy		AR vs AR	BLD-AR-Curtain Mullions-vs-BLD-AR-Windows  Clash1808
4.1832	1	viewpoint		0	0	00000000-0000-0000-0000-000000000000	legacy		AR vs AR	BLD-AR-Curtain Mullions-vs-BLD-AR-Windows  Clash1809
4.1833	1	viewpoint		0	0	00000000-0000-0000-0000-000000000000	legacy		AR vs AR	BLD-AR-Curtain Mullions-vs-BLD-AR-Windows  Clash1810
4.1834	1	viewpoint		0	0	00000000-0000-0000-0000-000000000000	legacy		AR vs AR	BLD-AR-Curtain Mullions-vs-BLD-AR-Windows  Clash1811
4.1835	1	viewpoint		0	0	00000000-0000-0000-0000-000000000000	legacy		AR vs AR	BLD-AR-Curtain Mullions-vs-BLD-AR-Windows  Clash1812
4.1836	1	viewpoint		0	0	00000000-0000-0000-0000-000000000000	legacy		AR vs AR	BLD-AR-Curtain Mullions-vs-BLD-AR-Windows  Clash1813
4.1837	1	viewpoint		0	0	00000000-0000-0000-0000-000000000000	legacy		AR vs AR	BLD-AR-Curtain Mullions-vs-BLD-AR-Windows  Clash1814
4.1838	1	viewpoint		0	0	00000000-0000-0000-0000-000000000000	legacy		AR vs AR	BLD-AR-Curtain Mullions-vs-BLD-AR-Windows  Clash1815
4.1839	1	viewpoint		0	0	00000000-0000-0000-0000-000000000000	legacy		AR vs AR	BLD-AR-Curtain Mullions-vs-BLD-AR-Windows  Clash1816
4.1840	1	viewpoint		0	0	00000000-0000-0000-0000-000000000000	legacy		AR vs AR	BLD-AR-Curtain Mullions-vs-BLD-AR-Windows  Clash1817
4.1841	1	viewpoint		0	0	00000000-0000-0000-0000-000000000000	legacy		AR vs AR	BLD-AR-Curtain Mullions-vs-BLD-AR-Windows  Clash1818
4.1842	1	viewpoint		0	0	00000000-0000-0000-0000-000000000000	legacy		AR vs AR	BLD-AR-Curtain Mullions-vs-BLD-AR-Windows  Clash1819
4.1843	1	viewpoint		0	0	00000000-0000-0000-0000-000000000000	legacy		AR vs AR	BLD-AR-Curtain Mullions-vs-BLD-AR-Windows  Clash1820
4.1844	1	viewpoint		0	0	00000000-0000-0000-0000-000000000000	legacy		AR vs AR	BLD-AR-Curtain Mullions-vs-BLD-AR-Windows  Clash1821
4.1845	1	viewpoint		0	0	00000000-0000-0000-0000-000000000000	legacy		AR vs AR	BLD-AR-Curtain Mullions-vs-BLD-AR-Windows  Clash1822
4.1846	1	viewpoint		0	0	00000000-0000-0000-0000-000000000000	legacy		AR vs AR	BLD-AR-Curtain Mullions-vs-BLD-AR-Windows  Clash1823
4.1847	1	viewpoint		0	0	00000000-0000-0000-0000-000000000000	legacy		AR vs AR	BLD-AR-Curtain Mullions-vs-BLD-AR-Windows  Clash1824
4.1848	1	viewpoint		0	0	00000000-0000-0000-0000-000000000000	legacy		AR vs AR	BLD-AR-Curtain Mullions-vs-BLD-AR-Windows  Clash1825
4.1849	1	viewpoint		0	0	00000000-0000-0000-0000-000000000000	legacy		AR vs AR	BLD-AR-Curtain Mullions-vs-BLD-AR-Windows  Clash1826
4.1850	1	viewpoint		0	0	00000000-0000-0000-0000-000000000000	legacy		AR vs AR	BLD-AR-Curtain Mullions-vs-BLD-AR-Windows  Clash1827
4.1851	1	viewpoint		0	0	00000000-0000-0000-0000-000000000000	legacy		AR vs AR	BLD-AR-Curtain Mullions-vs-BLD-AR-Windows  Clash1828
4.1852	1	viewpoint		0	0	00000000-0000-0000-0000-000000000000	legacy		AR vs AR	BLD-AR-Curtain Mullions-vs-BLD-AR-Windows  Clash1829
4.1853	1	viewpoint		0	0	00000000-0000-0000-0000-000000000000	legacy		AR vs AR	BLD-AR-Curtain Mullions-vs-BLD-AR-Windows  Clash1830
4.1854	1	viewpoint		0	0	00000000-0000-0000-0000-000000000000	legacy		AR vs AR	BLD-AR-Curtain Mullions-vs-BLD-AR-Windows  Clash1831
4.1855	1	viewpoint		0	0	00000000-0000-0000-0000-000000000000	legacy		AR vs AR	BLD-AR-Curtain Mullions-vs-BLD-AR-Windows  Clash1832
4.1856	1	viewpoint		0	0	00000000-0000-0000-0000-000000000000	legacy		AR vs AR	BLD-AR-Curtain Mullions-vs-BLD-AR-Windows  Clash1833
4.1857	1	viewpoint		0	0	00000000-0000-0000-0000-000000000000	legacy		AR vs AR	BLD-AR-Curtain Mullions-vs-BLD-AR-Windows  Clash1834
4.1858	1	viewpoint		0	0	00000000-0000-0000-0000-000000000000	legacy		AR vs AR	BLD-AR-Curtain Mullions-vs-BLD-AR-Windows  Clash1835
4.1859	1	viewpoint		0	0	00000000-0000-0000-0000-000000000000	legacy		AR vs AR	BLD-AR-Curtain Mullions-vs-BLD-AR-Windows  Clash1836
4.1860	1	viewpoint		0	0	00000000-0000-0000-0000-000000000000	legacy		AR vs AR	BLD-AR-Curtain Mullions-vs-BLD-AR-Windows  Clash1837
4.1861	1	viewpoint		0	0	00000000-0000-0000-0000-000000000000	legacy		AR vs AR	BLD-AR-Curtain Mullions-vs-BLD-AR-Windows  Clash1838
4.1862	1	viewpoint		0	0	00000000-0000-0000-0000-000000000000	legacy		AR vs AR	BLD-AR-Curtain Mullions-vs-BLD-AR-Windows  Clash1839
4.1863	1	viewpoint		0	0	00000000-0000-0000-0000-000000000000	legacy		AR vs AR	BLD-AR-Curtain Mullions-vs-BLD-AR-Windows  Clash1840
4.1864	1	viewpoint		0	0	00000000-0000-0000-0000-000000000000	legacy		AR vs AR	BLD-AR-Curtain Mullions-vs-BLD-AR-Windows  Clash1841
4.1865	1	viewpoint		0	0	00000000-0000-0000-0000-000000000000	legacy		AR vs AR	BLD-AR-Curtain Mullions-vs-BLD-AR-Windows  Clash1842
4.1866	1	viewpoint		0	0	00000000-0000-0000-0000-000000000000	legacy		AR vs AR	BLD-AR-Curtain Mullions-vs-BLD-AR-Windows  Clash1843
4.1867	1	viewpoint		0	0	00000000-0000-0000-0000-000000000000	legacy		AR vs AR	BLD-AR-Curtain Mullions-vs-BLD-AR-Windows  Clash1844
4.1868	1	viewpoint		0	0	00000000-0000-0000-0000-000000000000	legacy		AR vs AR	BLD-AR-Curtain Mullions-vs-BLD-AR-Windows  Clash1845
4.1869	1	viewpoint		0	0	00000000-0000-0000-0000-000000000000	legacy		AR vs AR	BLD-AR-Curtain Mullions-vs-BLD-AR-Windows  Clash1846
4.1870	1	viewpoint		0	0	00000000-0000-0000-0000-000000000000	legacy		AR vs AR	BLD-AR-Curtain Mullions-vs-BLD-AR-Windows  Clash1847
4.1871	1	viewpoint		0	0	00000000-0000-0000-0000-000000000000	legacy		AR vs AR	BLD-AR-Curtain Mullions-vs-BLD-AR-Windows  Clash1848
4.1872	1	viewpoint		0	0	00000000-0000-0000-0000-000000000000	legacy		AR vs AR	BLD-AR-Curtain Mullions-vs-BLD-AR-Windows  Clash1849
4.1873	1	viewpoint		0	0	00000000-0000-0000-0000-000000000000	legacy		AR vs AR	BLD-AR-Curtain Mullions-vs-BLD-AR-Windows  Clash1850
4.1874	1	viewpoint		0	0	00000000-0000-0000-0000-000000000000	legacy		AR vs AR	BLD-AR-Curtain Mullions-vs-BLD-AR-Windows  Clash1851
4.1875	1	viewpoint		0	0	00000000-0000-0000-0000-000000000000	legacy		AR vs AR	BLD-AR-Curtain Mullions-vs-BLD-AR-Windows  Clash1852
4.1876	1	viewpoint		0	0	00000000-0000-0000-0000-000000000000	legacy		AR vs AR	BLD-AR-Curtain Mullions-vs-BLD-AR-Windows  Clash1853
4.1877	1	viewpoint		0	0	00000000-0000-0000-0000-000000000000	legacy		AR vs AR	BLD-AR-Curtain Mullions-vs-BLD-AR-Windows  Clash1854
4.1878	1	viewpoint		0	0	00000000-0000-0000-0000-000000000000	legacy		AR vs AR	BLD-AR-Curtain Mullions-vs-BLD-AR-Windows  Clash1855
4.1879	1	viewpoint		0	0	00000000-0000-0000-0000-000000000000	legacy		AR vs AR	BLD-AR-Curtain Mullions-vs-BLD-AR-Windows  Clash1856
4.1880	1	viewpoint		0	0	00000000-0000-0000-0000-000000000000	legacy		AR vs AR	BLD-AR-Curtain Mullions-vs-BLD-AR-Windows  Clash1857
4.1881	1	viewpoint		0	0	00000000-0000-0000-0000-000000000000	legacy		AR vs AR	BLD-AR-Curtain Mullions-vs-BLD-AR-Windows  Clash1858
4.1882	1	viewpoint		0	0	00000000-0000-0000-0000-000000000000	legacy		AR vs AR	BLD-AR-Curtain Mullions-vs-BLD-AR-Windows  Clash1859
4.1883	1	viewpoint		0	0	00000000-0000-0000-0000-000000000000	legacy		AR vs AR	BLD-AR-Curtain Mullions-vs-BLD-AR-Windows  Clash1860
4.1884	1	viewpoint		0	0	00000000-0000-0000-0000-000000000000	legacy		AR vs AR	BLD-AR-Curtain Mullions-vs-BLD-AR-Windows  Clash1861
4.1885	1	viewpoint		0	0	00000000-0000-0000-0000-000000000000	legacy		AR vs AR	BLD-AR-Curtain Mullions-vs-BLD-AR-Windows  Clash1862
4.1886	1	viewpoint		0	0	00000000-0000-0000-0000-000000000000	legacy		AR vs AR	BLD-AR-Curtain Mullions-vs-BLD-AR-Windows  Clash1863
4.1887	1	viewpoint		0	0	00000000-0000-0000-0000-000000000000	legacy		AR vs AR	BLD-AR-Curtain Mullions-vs-BLD-AR-Windows  Clash1864
4.1888	1	viewpoint		0	0	00000000-0000-0000-0000-000000000000	legacy		AR vs AR	BLD-AR-Curtain Mullions-vs-BLD-AR-Windows  Clash1865
4.1889	1	viewpoint		0	0	00000000-0000-0000-0000-000000000000	legacy		AR vs AR	BLD-AR-Curtain Mullions-vs-BLD-AR-Windows  Clash1866
4.1890	1	viewpoint		0	0	00000000-0000-0000-0000-000000000000	legacy		AR vs AR	BLD-AR-Curtain Mullions-vs-BLD-AR-Windows  Clash1867
4.1891	1	viewpoint		0	0	00000000-0000-0000-0000-000000000000	legacy		AR vs AR	BLD-AR-Curtain Mullions-vs-BLD-AR-Windows  Clash1868
4.1892	1	viewpoint		0	0	00000000-0000-0000-0000-000000000000	legacy		AR vs AR	BLD-AR-Curtain Mullions-vs-BLD-AR-Windows  Clash1869
4.1893	1	viewpoint		0	0	00000000-0000-0000-0000-000000000000	legacy		AR vs AR	BLD-AR-Curtain Mullions-vs-BLD-AR-Windows  Clash1870
4.1894	1	viewpoint		0	0	00000000-0000-0000-0000-000000000000	legacy		AR vs AR	BLD-AR-Curtain Mullions-vs-BLD-AR-Windows  Clash1871
4.1895	1	viewpoint		0	0	00000000-0000-0000-0000-000000000000	legacy		AR vs AR	BLD-AR-Curtain Mullions-vs-BLD-AR-Windows  Clash1872
4.1896	1	viewpoint		0	0	00000000-0000-0000-0000-000000000000	legacy		AR vs AR	BLD-AR-Curtain Mullions-vs-BLD-AR-Windows  Clash1873
4.1897	1	viewpoint		0	0	00000000-0000-0000-0000-000000000000	legacy		AR vs AR	BLD-AR-Curtain Mullions-vs-BLD-AR-Windows  Clash1874
4.1898	1	viewpoint		0	0	00000000-0000-0000-0000-000000000000	legacy		AR vs AR	BLD-AR-Curtain Mullions-vs-BLD-AR-Windows  Clash1875
4.1899	1	viewpoint		0	0	00000000-0000-0000-0000-000000000000	legacy		AR vs AR	BLD-AR-Curtain Mullions-vs-BLD-AR-Windows  Clash1876
4.1900	1	viewpoint		0	0	00000000-0000-0000-0000-000000000000	legacy		AR vs AR	BLD-AR-Curtain Mullions-vs-BLD-AR-Windows  Clash1877
4.1901	1	viewpoint		0	0	00000000-0000-0000-0000-000000000000	legacy		AR vs AR	BLD-AR-Curtain Mullions-vs-BLD-AR-Windows  Clash1878
4.1902	1	viewpoint		0	0	00000000-0000-0000-0000-000000000000	legacy		AR vs AR	BLD-AR-Curtain Mullions-vs-BLD-AR-Windows  Clash1879
4.1903	1	viewpoint		0	0	00000000-0000-0000-0000-000000000000	legacy		AR vs AR	BLD-AR-Curtain Mullions-vs-BLD-AR-Windows  Clash1880
4.1904	1	viewpoint		0	0	00000000-0000-0000-0000-000000000000	legacy		AR vs AR	BLD-AR-Curtain Mullions-vs-BLD-AR-Windows  Clash1881
4.1905	1	viewpoint		0	0	00000000-0000-0000-0000-000000000000	legacy		AR vs AR	BLD-AR-Curtain Mullions-vs-BLD-AR-Windows  Clash1882
4.1906	1	viewpoint		0	0	00000000-0000-0000-0000-000000000000	legacy		AR vs AR	BLD-AR-Curtain Mullions-vs-BLD-AR-Windows  Clash1883
4.1907	1	viewpoint		0	0	00000000-0000-0000-0000-000000000000	legacy		AR vs AR	BLD-AR-Curtain Mullions-vs-BLD-AR-Windows  Clash1884
4.1908	1	viewpoint		0	0	00000000-0000-0000-0000-000000000000	legacy		AR vs AR	BLD-AR-Curtain Mullions-vs-BLD-AR-Windows  Clash1885
4.1909	1	viewpoint		0	0	00000000-0000-0000-0000-000000000000	legacy		AR vs AR	BLD-AR-Curtain Mullions-vs-BLD-AR-Windows  Clash1886
4.1910	1	viewpoint		0	0	00000000-0000-0000-0000-000000000000	legacy		AR vs AR	BLD-AR-Curtain Mullions-vs-BLD-AR-Windows  Clash1887
4.1911	1	viewpoint		0	0	00000000-0000-0000-0000-000000000000	legacy		AR vs AR	BLD-AR-Curtain Mullions-vs-BLD-AR-Windows  Clash1888
4.1912	1	viewpoint		0	0	00000000-0000-0000-0000-000000000000	legacy		AR vs AR	BLD-AR-Curtain Mullions-vs-BLD-AR-Windows  Clash1889
4.1913	1	viewpoint		0	0	00000000-0000-0000-0000-000000000000	legacy		AR vs AR	BLD-AR-Curtain Mullions-vs-BLD-AR-Windows  Clash1890
4.1914	1	viewpoint		0	0	00000000-0000-0000-0000-000000000000	legacy		AR vs AR	BLD-AR-Curtain Mullions-vs-BLD-AR-Windows  Clash1891
4.1915	1	viewpoint		0	0	00000000-0000-0000-0000-000000000000	legacy		AR vs AR	BLD-AR-Curtain Mullions-vs-BLD-AR-Windows  Clash1892
4.1916	1	viewpoint		0	0	00000000-0000-0000-0000-000000000000	legacy		AR vs AR	BLD-AR-Curtain Mullions-vs-BLD-AR-Windows  Clash1893
4.1917	1	viewpoint		0	0	00000000-0000-0000-0000-000000000000	legacy		AR vs AR	BLD-AR-Curtain Mullions-vs-BLD-AR-Windows  Clash1894
4.1918	1	viewpoint		0	0	00000000-0000-0000-0000-000000000000	legacy		AR vs AR	BLD-AR-Curtain Mullions-vs-BLD-AR-Windows  Clash1895
4.1919	1	viewpoint		0	0	00000000-0000-0000-0000-000000000000	legacy		AR vs AR	BLD-AR-Curtain Mullions-vs-BLD-AR-Windows  Clash1896
4.1920	1	viewpoint		0	0	00000000-0000-0000-0000-000000000000	legacy		AR vs AR	BLD-AR-Curtain Mullions-vs-BLD-AR-Windows  Clash1897
4.1921	1	viewpoint		0	0	00000000-0000-0000-0000-000000000000	legacy		AR vs AR	BLD-AR-Curtain Mullions-vs-BLD-AR-Windows  Clash1898
4.1922	1	viewpoint		0	0	00000000-0000-0000-0000-000000000000	legacy		AR vs AR	BLD-AR-Curtain Mullions-vs-BLD-AR-Windows  Clash1899
4.1923	1	viewpoint		0	0	00000000-0000-0000-0000-000000000000	legacy		AR vs AR	BLD-AR-Curtain Mullions-vs-BLD-AR-Windows  Clash1900
4.1924	1	viewpoint		0	0	00000000-0000-0000-0000-000000000000	legacy		AR vs AR	BLD-AR-Curtain Mullions-vs-BLD-AR-Windows  Clash1901
4.1925	1	viewpoint		0	0	00000000-0000-0000-0000-000000000000	legacy		AR vs AR	BLD-AR-Curtain Mullions-vs-BLD-AR-Windows  Clash1902
4.1926	1	viewpoint		0	0	00000000-0000-0000-0000-000000000000	legacy		AR vs AR	BLD-AR-Curtain Mullions-vs-BLD-AR-Windows  Clash1903
4.1927	1	viewpoint		0	0	00000000-0000-0000-0000-000000000000	legacy		AR vs AR	BLD-AR-Curtain Mullions-vs-BLD-AR-Windows  Clash1904
4.1928	1	viewpoint		0	0	00000000-0000-0000-0000-000000000000	legacy		AR vs AR	BLD-AR-Curtain Mullions-vs-BLD-AR-Windows  Clash1905
4.1929	1	viewpoint		0	0	00000000-0000-0000-0000-000000000000	legacy		AR vs AR	BLD-AR-Curtain Mullions-vs-BLD-AR-Windows  Clash1906
4.1930	1	viewpoint		0	0	00000000-0000-0000-0000-000000000000	legacy		AR vs AR	BLD-AR-Curtain Mullions-vs-BLD-AR-Windows  Clash1907
4.1931	1	viewpoint		0	0	00000000-0000-0000-0000-000000000000	legacy		AR vs AR	BLD-AR-Curtain Mullions-vs-BLD-AR-Windows  Clash1908
4.1932	1	viewpoint		0	0	00000000-0000-0000-0000-000000000000	legacy		AR vs AR	BLD-AR-Curtain Mullions-vs-BLD-AR-Windows  Clash1909
4.1933	1	viewpoint		0	0	00000000-0000-0000-0000-000000000000	legacy		AR vs AR	BLD-AR-Curtain Mullions-vs-BLD-AR-Windows  Clash1910
4.1934	1	viewpoint		0	0	00000000-0000-0000-0000-000000000000	legacy		AR vs AR	BLD-AR-Curtain Mullions-vs-BLD-AR-Windows  Clash1911
4.1935	1	viewpoint		0	0	00000000-0000-0000-0000-000000000000	legacy		AR vs AR	BLD-AR-Curtain Mullions-vs-BLD-AR-Windows  Clash1912
4.1936	1	viewpoint		0	0	00000000-0000-0000-0000-000000000000	legacy		AR vs AR	BLD-AR-Curtain Mullions-vs-BLD-AR-Windows  Clash1913
4.1937	1	viewpoint		0	0	00000000-0000-0000-0000-000000000000	legacy		AR vs AR	BLD-AR-Curtain Mullions-vs-BLD-AR-Windows  Clash1914
4.1938	1	viewpoint		0	0	00000000-0000-0000-0000-000000000000	legacy		AR vs AR	BLD-AR-Curtain Mullions-vs-BLD-AR-Windows  Clash1915
4.1939	1	viewpoint		0	0	00000000-0000-0000-0000-000000000000	legacy		AR vs AR	BLD-AR-Curtain Mullions-vs-BLD-AR-Windows  Clash1916
4.1940	1	viewpoint		0	0	00000000-0000-0000-0000-000000000000	legacy		AR vs AR	BLD-AR-Curtain Mullions-vs-BLD-AR-Windows  Clash1917
4.1941	1	viewpoint		0	0	00000000-0000-0000-0000-000000000000	legacy		AR vs AR	BLD-AR-Curtain Mullions-vs-BLD-AR-Windows  Clash1918
4.1942	1	viewpoint		0	0	00000000-0000-0000-0000-000000000000	legacy		AR vs AR	BLD-AR-Curtain Mullions-vs-BLD-AR-Windows  Clash1919
4.1943	1	viewpoint		0	0	00000000-0000-0000-0000-000000000000	legacy		AR vs AR	BLD-AR-Curtain Mullions-vs-BLD-AR-Windows  Clash1920
4.1944	1	viewpoint		0	0	00000000-0000-0000-0000-000000000000	legacy		AR vs AR	BLD-AR-Curtain Mullions-vs-BLD-AR-Windows  Clash1921
4.1945	1	viewpoint		0	0	00000000-0000-0000-0000-000000000000	legacy		AR vs AR	BLD-AR-Curtain Mullions-vs-BLD-AR-Windows  Clash1922
4.1946	1	viewpoint		0	0	00000000-0000-0000-0000-000000000000	legacy		AR vs AR	BLD-AR-Curtain Mullions-vs-BLD-AR-Windows  Clash1923
4.1947	1	viewpoint		0	0	00000000-0000-0000-0000-000000000000	legacy		AR vs AR	BLD-AR-Curtain Mullions-vs-BLD-AR-Windows  Clash1924
4.1948	1	viewpoint		0	0	00000000-0000-0000-0000-000000000000	legacy		AR vs AR	BLD-AR-Curtain Mullions-vs-BLD-AR-Windows  Clash1925
4.1949	1	viewpoint		0	0	00000000-0000-0000-0000-000000000000	legacy		AR vs AR	BLD-AR-Curtain Mullions-vs-BLD-AR-Windows  Clash1926
4.1950	1	viewpoint		0	0	00000000-0000-0000-0000-000000000000	legacy		AR vs AR	BLD-AR-Curtain Mullions-vs-BLD-AR-Windows  Clash1927
4.1951	1	viewpoint		0	0	00000000-0000-0000-0000-000000000000	legacy		AR vs AR	BLD-AR-Curtain Mullions-vs-BLD-AR-Windows  Clash1928
4.1952	1	viewpoint		0	0	00000000-0000-0000-0000-000000000000	legacy		AR vs AR	BLD-AR-Curtain Mullions-vs-BLD-AR-Windows  Clash1929
4.1953	1	viewpoint		0	0	00000000-0000-0000-0000-000000000000	legacy		AR vs AR	BLD-AR-Curtain Mullions-vs-BLD-AR-Windows  Clash1930
4.1954	1	viewpoint		0	0	00000000-0000-0000-0000-000000000000	legacy		AR vs AR	BLD-AR-Curtain Mullions-vs-BLD-AR-Windows  Clash1931
4.1955	1	viewpoint		0	0	00000000-0000-0000-0000-000000000000	legacy		AR vs AR	BLD-AR-Curtain Mullions-vs-BLD-AR-Windows  Clash1932
4.1956	1	viewpoint		0	0	00000000-0000-0000-0000-000000000000	legacy		AR vs AR	BLD-AR-Curtain Mullions-vs-BLD-AR-Windows  Clash1933
4.1957	1	viewpoint		0	0	00000000-0000-0000-0000-000000000000	legacy		AR vs AR	BLD-AR-Curtain Mullions-vs-BLD-AR-Windows  Clash1934
4.1958	1	viewpoint		0	0	00000000-0000-0000-0000-000000000000	legacy		AR vs AR	BLD-AR-Curtain Mullions-vs-BLD-AR-Windows  Clash1935
4.1959	1	viewpoint		0	0	00000000-0000-0000-0000-000000000000	legacy		AR vs AR	BLD-AR-Curtain Mullions-vs-BLD-AR-Windows  Clash1936
4.1960	1	viewpoint		0	0	00000000-0000-0000-0000-000000000000	legacy		AR vs AR	BLD-AR-Curtain Mullions-vs-BLD-AR-Windows  Clash1937
4.1961	1	viewpoint		0	0	00000000-0000-0000-0000-000000000000	legacy		AR vs AR	BLD-AR-Curtain Mullions-vs-BLD-AR-Windows  Clash1938
4.1962	1	viewpoint		0	0	00000000-0000-0000-0000-000000000000	legacy		AR vs AR	BLD-AR-Curtain Mullions-vs-BLD-AR-Windows  Clash1939
4.1963	1	viewpoint		0	0	00000000-0000-0000-0000-000000000000	legacy		AR vs AR	BLD-AR-Curtain Mullions-vs-BLD-AR-Windows  Clash1940
4.1964	1	viewpoint		0	0	00000000-0000-0000-0000-000000000000	legacy		AR vs AR	BLD-AR-Curtain Mullions-vs-BLD-AR-Windows  Clash1941
4.1965	1	viewpoint		0	0	00000000-0000-0000-0000-000000000000	legacy		AR vs AR	BLD-AR-Curtain Mullions-vs-BLD-AR-Windows  Clash1942
4.1966	1	viewpoint		0	0	00000000-0000-0000-0000-000000000000	legacy		AR vs AR	BLD-AR-Curtain Mullions-vs-BLD-AR-Windows  Clash1943
4.1967	1	viewpoint		0	0	00000000-0000-0000-0000-000000000000	legacy		AR vs AR	BLD-AR-Curtain Mullions-vs-BLD-AR-Windows  Clash1944
4.1968	1	viewpoint		0	0	00000000-0000-0000-0000-000000000000	legacy		AR vs AR	BLD-AR-Curtain Mullions-vs-BLD-AR-Windows  Clash1945
4.1969	1	viewpoint		0	0	00000000-0000-0000-0000-000000000000	legacy		AR vs AR	BLD-AR-Curtain Mullions-vs-BLD-AR-Windows  Clash1946
4.1970	1	viewpoint		0	0	00000000-0000-0000-0000-000000000000	legacy		AR vs AR	BLD-AR-Curtain Mullions-vs-BLD-AR-Windows  Clash1947
4.1971	1	viewpoint		0	0	00000000-0000-0000-0000-000000000000	legacy		AR vs AR	BLD-AR-Curtain Mullions-vs-BLD-AR-Windows  Clash1948
4.1972	1	viewpoint		0	0	00000000-0000-0000-0000-000000000000	legacy		AR vs AR	BLD-AR-Curtain Mullions-vs-BLD-AR-Windows  Clash1949
4.1973	1	viewpoint		0	0	00000000-0000-0000-0000-000000000000	legacy		AR vs AR	BLD-AR-Curtain Mullions-vs-BLD-AR-Windows  Clash1950
4.1974	1	viewpoint		0	0	00000000-0000-0000-0000-000000000000	legacy		AR vs AR	BLD-AR-Curtain Mullions-vs-BLD-AR-Windows  Clash1951
4.1975	1	viewpoint		0	0	00000000-0000-0000-0000-000000000000	legacy		AR vs AR	BLD-AR-Curtain Mullions-vs-BLD-AR-Windows  Clash1952
4.1976	1	viewpoint		0	0	00000000-0000-0000-0000-000000000000	legacy		AR vs AR	BLD-AR-Curtain Mullions-vs-BLD-AR-Windows  Clash1953
4.1977	1	viewpoint		0	0	00000000-0000-0000-0000-000000000000	legacy		AR vs AR	BLD-AR-Curtain Mullions-vs-BLD-AR-Windows  Clash1954
4.1978	1	viewpoint		0	0	00000000-0000-0000-0000-000000000000	legacy		AR vs AR	BLD-AR-Curtain Mullions-vs-BLD-AR-Windows  Clash1955
4.1979	1	viewpoint		0	0	00000000-0000-0000-0000-000000000000	legacy		AR vs AR	BLD-AR-Curtain Mullions-vs-BLD-AR-Windows  Clash1956
4.1980	1	viewpoint		0	0	00000000-0000-0000-0000-000000000000	legacy		AR vs AR	BLD-AR-Curtain Mullions-vs-BLD-AR-Windows  Clash1957
4.1981	1	viewpoint		0	0	00000000-0000-0000-0000-000000000000	legacy		AR vs AR	BLD-AR-Curtain Mullions-vs-BLD-AR-Windows  Clash1958
4.1982	1	viewpoint		0	0	00000000-0000-0000-0000-000000000000	legacy		AR vs AR	BLD-AR-Curtain Mullions-vs-BLD-AR-Windows  Clash1959
4.1983	1	viewpoint		0	0	00000000-0000-0000-0000-000000000000	legacy		AR vs AR	BLD-AR-Curtain Mullions-vs-BLD-AR-Windows  Clash1960
4.1984	1	viewpoint		0	0	00000000-0000-0000-0000-000000000000	legacy		AR vs AR	BLD-AR-Curtain Mullions-vs-BLD-AR-Windows  Clash1961
4.1985	1	viewpoint		0	0	00000000-0000-0000-0000-000000000000	legacy		AR vs AR	BLD-AR-Curtain Mullions-vs-BLD-AR-Windows  Clash1962
4.1986	1	viewpoint		0	0	00000000-0000-0000-0000-000000000000	legacy		AR vs AR	BLD-AR-Curtain Mullions-vs-BLD-AR-Windows  Clash1963
4.1987	1	viewpoint		0	0	00000000-0000-0000-0000-000000000000	legacy		AR vs AR	BLD-AR-Curtain Mullions-vs-BLD-AR-Windows  Clash1964
4.1988	1	viewpoint		0	0	00000000-0000-0000-0000-000000000000	legacy		AR vs AR	BLD-AR-Curtain Mullions-vs-BLD-AR-Windows  Clash1965
4.1989	1	viewpoint		0	0	00000000-0000-0000-0000-000000000000	legacy		AR vs AR	BLD-AR-Curtain Mullions-vs-BLD-AR-Windows  Clash1966
4.1990	1	viewpoint		0	0	00000000-0000-0000-0000-000000000000	legacy		AR vs AR	BLD-AR-Curtain Mullions-vs-BLD-AR-Windows  Clash1967
4.1991	1	viewpoint		0	0	00000000-0000-0000-0000-000000000000	legacy		AR vs AR	BLD-AR-Curtain Mullions-vs-BLD-AR-Windows  Clash1968
4.1992	1	viewpoint		0	0	00000000-0000-0000-0000-000000000000	legacy		AR vs AR	BLD-AR-Curtain Mullions-vs-BLD-AR-Windows  Clash1969
4.1993	1	viewpoint		0	0	00000000-0000-0000-0000-000000000000	legacy		AR vs AR	BLD-AR-Curtain Mullions-vs-BLD-AR-Windows  Clash1970
4.1994	1	viewpoint		0	0	00000000-0000-0000-0000-000000000000	legacy		AR vs AR	BLD-AR-Curtain Mullions-vs-BLD-AR-Windows  Clash1971
4.1995	1	viewpoint		0	0	00000000-0000-0000-0000-000000000000	legacy		AR vs AR	BLD-AR-Curtain Mullions-vs-BLD-AR-Windows  Clash1972
4.1996	1	viewpoint		0	0	00000000-0000-0000-0000-000000000000	legacy		AR vs AR	BLD-AR-Curtain Mullions-vs-BLD-AR-Windows  Clash1973
4.1997	1	viewpoint		0	0	00000000-0000-0000-0000-000000000000	legacy		AR vs AR	BLD-AR-Curtain Mullions-vs-BLD-AR-Windows  Clash1974
4.1998	1	viewpoint		0	0	00000000-0000-0000-0000-000000000000	legacy		AR vs AR	BLD-AR-Curtain Mullions-vs-BLD-AR-Windows  Clash1975
4.1999	1	viewpoint		0	0	00000000-0000-0000-0000-000000000000	legacy		AR vs AR	BLD-AR-Curtain Mullions-vs-BLD-AR-Windows  Clash1976
4.2000	1	viewpoint		0	0	00000000-0000-0000-0000-000000000000	legacy		AR vs AR	BLD-AR-Curtain Mullions-vs-BLD-AR-Windows  Clash1977
4.2001	1	viewpoint		0	0	00000000-0000-0000-0000-000000000000	legacy		AR vs AR	BLD-AR-Curtain Mullions-vs-BLD-AR-Windows  Clash1978
4.2002	1	viewpoint		0	0	00000000-0000-0000-0000-000000000000	legacy		AR vs AR	BLD-AR-Curtain Mullions-vs-BLD-AR-Windows  Clash1979
4.2003	1	viewpoint		0	0	00000000-0000-0000-0000-000000000000	legacy		AR vs AR	BLD-AR-Curtain Mullions-vs-BLD-AR-Windows  Clash1980
4.2004	1	viewpoint		0	0	00000000-0000-0000-0000-000000000000	legacy		AR vs AR	BLD-AR-Curtain Mullions-vs-BLD-AR-Windows  Clash1981
4.2005	1	viewpoint		0	0	00000000-0000-0000-0000-000000000000	legacy		AR vs AR	BLD-AR-Curtain Mullions-vs-BLD-AR-Windows  Clash1982
4.2006	1	viewpoint		0	0	00000000-0000-0000-0000-000000000000	legacy		AR vs AR	BLD-AR-Curtain Mullions-vs-BLD-AR-Windows  Clash1983
4.2007	1	viewpoint		0	0	00000000-0000-0000-0000-000000000000	legacy		AR vs AR	BLD-AR-Curtain Mullions-vs-BLD-AR-Windows  Clash1984
4.2008	1	viewpoint		0	0	00000000-0000-0000-0000-000000000000	legacy		AR vs AR	BLD-AR-Curtain Mullions-vs-BLD-AR-Windows  Clash1985
4.2009	1	viewpoint		0	0	00000000-0000-0000-0000-000000000000	legacy		AR vs AR	BLD-AR-Curtain Mullions-vs-BLD-AR-Windows  Clash1986
4.2010	1	viewpoint		0	0	00000000-0000-0000-0000-000000000000	legacy		AR vs AR	BLD-AR-Curtain Mullions-vs-BLD-AR-Windows  Clash1987
4.2011	1	viewpoint		0	0	00000000-0000-0000-0000-000000000000	legacy		AR vs AR	BLD-AR-Curtain Mullions-vs-BLD-AR-Windows  Clash1988
4.2012	1	viewpoint		0	0	00000000-0000-0000-0000-000000000000	legacy		AR vs AR	BLD-AR-Curtain Mullions-vs-BLD-AR-Windows  Clash1989
4.2013	1	viewpoint		0	0	00000000-0000-0000-0000-000000000000	legacy		AR vs AR	BLD-AR-Curtain Mullions-vs-BLD-AR-Windows  Clash1990
4.2014	1	viewpoint		0	0	00000000-0000-0000-0000-000000000000	legacy		AR vs AR	BLD-AR-Curtain Mullions-vs-BLD-AR-Windows  Clash1991
4.2015	1	viewpoint		0	0	00000000-0000-0000-0000-000000000000	legacy		AR vs AR	BLD-AR-Curtain Mullions-vs-BLD-AR-Windows  Clash1992
4.2016	1	viewpoint		0	0	00000000-0000-0000-0000-000000000000	legacy		AR vs AR	BLD-AR-Curtain Mullions-vs-BLD-AR-Windows  Clash1993
4.2017	1	viewpoint		0	0	00000000-0000-0000-0000-000000000000	legacy		AR vs AR	BLD-AR-Curtain Mullions-vs-BLD-AR-Windows  Clash1994
4.2018	1	viewpoint		0	0	00000000-0000-0000-0000-000000000000	legacy		AR vs AR	BLD-AR-Curtain Mullions-vs-BLD-AR-Windows  Clash1995
4.2019	1	viewpoint		0	0	00000000-0000-0000-0000-000000000000	legacy		AR vs AR	BLD-AR-Curtain Mullions-vs-BLD-AR-Windows  Clash1996
4.2020	1	viewpoint		0	0	00000000-0000-0000-0000-000000000000	legacy		AR vs AR	BLD-AR-Curtain Mullions-vs-BLD-AR-Windows  Clash1997
4.2021	1	viewpoint		0	0	00000000-0000-0000-0000-000000000000	legacy		AR vs AR	BLD-AR-Curtain Mullions-vs-BLD-AR-Windows  Clash1998
4.2022	1	viewpoint		0	0	00000000-0000-0000-0000-000000000000	legacy		AR vs AR	BLD-AR-Curtain Mullions-vs-BLD-AR-Windows  Clash1999
4.2023	1	viewpoint		0	0	00000000-0000-0000-0000-000000000000	legacy		AR vs AR	BLD-AR-Curtain Mullions-vs-BLD-AR-Windows  Clash2000
4.2024	1	viewpoint		0	0	00000000-0000-0000-0000-000000000000	legacy		AR vs AR	BLD-AR-Curtain Mullions-vs-BLD-AR-Windows  Clash2001
4.2025	1	viewpoint		0	0	00000000-0000-0000-0000-000000000000	legacy		AR vs AR	BLD-AR-Curtain Mullions-vs-BLD-AR-Windows  Clash2002
4.2026	1	viewpoint		0	0	00000000-0000-0000-0000-000000000000	legacy		AR vs AR	BLD-AR-Curtain Mullions-vs-BLD-AR-Windows  Clash2003
4.2027	1	viewpoint		0	0	00000000-0000-0000-0000-000000000000	legacy		AR vs AR	BLD-AR-Curtain Mullions-vs-BLD-AR-Windows  Clash2004
4.2028	1	viewpoint		0	0	00000000-0000-0000-0000-000000000000	legacy		AR vs AR	BLD-AR-Curtain Mullions-vs-BLD-AR-Windows  Clash2005
4.2029	1	viewpoint		0	0	00000000-0000-0000-0000-000000000000	legacy		AR vs AR	BLD-AR-Curtain Mullions-vs-BLD-AR-Windows  Clash2006
4.2030	1	viewpoint		0	0	00000000-0000-0000-0000-000000000000	legacy		AR vs AR	BLD-AR-Curtain Mullions-vs-BLD-AR-Windows  Clash2007
4.2031	1	viewpoint		0	0	00000000-0000-0000-0000-000000000000	legacy		AR vs AR	BLD-AR-Curtain Mullions-vs-BLD-AR-Windows  Clash2008
4.2032	1	viewpoint		0	0	00000000-0000-0000-0000-000000000000	legacy		AR vs AR	BLD-AR-Curtain Mullions-vs-BLD-AR-Windows  Clash2009
4.2033	1	viewpoint		0	0	00000000-0000-0000-0000-000000000000	legacy		AR vs AR	BLD-AR-Curtain Mullions-vs-BLD-AR-Windows  Clash2010
4.2034	1	viewpoint		0	0	00000000-0000-0000-0000-000000000000	legacy		AR vs AR	BLD-AR-Curtain Mullions-vs-BLD-AR-Windows  Clash2011
4.2035	1	viewpoint		0	0	00000000-0000-0000-0000-000000000000	legacy		AR vs AR	BLD-AR-Curtain Mullions-vs-BLD-AR-Windows  Clash2012
4.2036	1	viewpoint		0	0	00000000-0000-0000-0000-000000000000	legacy		AR vs AR	BLD-AR-Curtain Mullions-vs-BLD-AR-Windows  Clash2013
4.2037	1	viewpoint		0	0	00000000-0000-0000-0000-000000000000	legacy		AR vs AR	BLD-AR-Curtain Mullions-vs-BLD-AR-Windows  Clash2014
4.2038	1	viewpoint		0	0	00000000-0000-0000-0000-000000000000	legacy		AR vs AR	BLD-AR-Curtain Mullions-vs-BLD-AR-Windows  Clash2015
4.2039	1	viewpoint		0	0	00000000-0000-0000-0000-000000000000	legacy		AR vs AR	BLD-AR-Curtain Mullions-vs-BLD-AR-Windows  Clash2016
4.2040	1	viewpoint		0	0	00000000-0000-0000-0000-000000000000	legacy		AR vs AR	BLD-AR-Curtain Mullions-vs-BLD-AR-Windows  Clash2017
4.2041	1	viewpoint		0	0	00000000-0000-0000-0000-000000000000	legacy		AR vs AR	BLD-AR-Curtain Mullions-vs-BLD-AR-Windows  Clash2018
4.2042	1	viewpoint		0	0	00000000-0000-0000-0000-000000000000	legacy		AR vs AR	BLD-AR-Curtain Mullions-vs-BLD-AR-Windows  Clash2019
4.2043	1	viewpoint		0	0	00000000-0000-0000-0000-000000000000	legacy		AR vs AR	BLD-AR-Curtain Mullions-vs-BLD-AR-Windows  Clash2020
4.2044	1	viewpoint		0	0	00000000-0000-0000-0000-000000000000	legacy		AR vs AR	BLD-AR-Curtain Mullions-vs-BLD-AR-Windows  Clash2021
4.2045	1	viewpoint		0	0	00000000-0000-0000-0000-000000000000	legacy		AR vs AR	BLD-AR-Curtain Mullions-vs-BLD-AR-Windows  Clash2022
4.2046	1	viewpoint		0	0	00000000-0000-0000-0000-000000000000	legacy		AR vs AR	BLD-AR-Curtain Mullions-vs-BLD-AR-Windows  Clash2023
4.2047	1	viewpoint		0	0	00000000-0000-0000-0000-000000000000	legacy		AR vs AR	BLD-AR-Curtain Mullions-vs-BLD-AR-Windows  Clash2024
4.2048	1	viewpoint		0	0	00000000-0000-0000-0000-000000000000	legacy		AR vs AR	BLD-AR-Curtain Mullions-vs-BLD-AR-Windows  Clash2025
4.2049	1	viewpoint		0	0	00000000-0000-0000-0000-000000000000	legacy		AR vs AR	BLD-AR-Curtain Mullions-vs-BLD-AR-Windows  Clash2026
4.2050	1	viewpoint		0	0	00000000-0000-0000-0000-000000000000	legacy		AR vs AR	BLD-AR-Curtain Mullions-vs-BLD-AR-Windows  Clash2027
4.2051	1	viewpoint		0	0	00000000-0000-0000-0000-000000000000	legacy		AR vs AR	BLD-AR-Curtain Mullions-vs-BLD-AR-Windows  Clash2028
4.2052	1	viewpoint		0	0	00000000-0000-0000-0000-000000000000	legacy		AR vs AR	BLD-AR-Curtain Mullions-vs-BLD-AR-Windows  Clash2029
4.2053	1	viewpoint		0	0	00000000-0000-0000-0000-000000000000	legacy		AR vs AR	BLD-AR-Curtain Mullions-vs-BLD-AR-Windows  Clash2030
4.2054	1	viewpoint		0	0	00000000-0000-0000-0000-000000000000	legacy		AR vs AR	BLD-AR-Curtain Mullions-vs-BLD-AR-Windows  Clash2031
4.2055	1	viewpoint		0	0	00000000-0000-0000-0000-000000000000	legacy		AR vs AR	BLD-AR-Curtain Mullions-vs-BLD-AR-Windows  Clash2032
4.2056	1	viewpoint		0	0	00000000-0000-0000-0000-000000000000	legacy		AR vs AR	BLD-AR-Curtain Mullions-vs-BLD-AR-Windows  Clash2033
4.2057	1	viewpoint		0	0	00000000-0000-0000-0000-000000000000	legacy		AR vs AR	BLD-AR-Curtain Mullions-vs-BLD-AR-Windows  Clash2034
4.2058	1	viewpoint		0	0	00000000-0000-0000-0000-000000000000	legacy		AR vs AR	BLD-AR-Curtain Mullions-vs-BLD-AR-Windows  Clash2035
4.2059	1	viewpoint		0	0	00000000-0000-0000-0000-000000000000	legacy		AR vs AR	BLD-AR-Curtain Mullions-vs-BLD-AR-Windows  Clash2036
4.2060	1	viewpoint		0	0	00000000-0000-0000-0000-000000000000	legacy		AR vs AR	BLD-AR-Curtain Mullions-vs-BLD-AR-Windows  Clash2037
4.2061	1	viewpoint		0	0	00000000-0000-0000-0000-000000000000	legacy		AR vs AR	BLD-AR-Curtain Mullions-vs-BLD-AR-Windows  Clash2038
4.2062	1	viewpoint		0	0	00000000-0000-0000-0000-000000000000	legacy		AR vs AR	BLD-AR-Curtain Mullions-vs-BLD-AR-Windows  Clash2039
4.2063	1	viewpoint		0	0	00000000-0000-0000-0000-000000000000	legacy		AR vs AR	BLD-AR-Curtain Mullions-vs-BLD-AR-Windows  Clash2040
4.2064	1	viewpoint		0	0	00000000-0000-0000-0000-000000000000	legacy		AR vs AR	BLD-AR-Curtain Mullions-vs-BLD-AR-Windows  Clash2041
4.2065	1	viewpoint		0	0	00000000-0000-0000-0000-000000000000	legacy		AR vs AR	BLD-AR-Curtain Mullions-vs-BLD-AR-Windows  Clash2042
4.2066	1	viewpoint		0	0	00000000-0000-0000-0000-000000000000	legacy		AR vs AR	BLD-AR-Curtain Mullions-vs-BLD-AR-Windows  Clash2043
4.2067	1	viewpoint		0	0	00000000-0000-0000-0000-000000000000	legacy		AR vs AR	BLD-AR-Curtain Mullions-vs-BLD-AR-Windows  Clash2044
4.2068	1	viewpoint		0	0	00000000-0000-0000-0000-000000000000	legacy		AR vs AR	BLD-AR-Curtain Mullions-vs-BLD-AR-Windows  Clash2045
4.2069	1	viewpoint		0	0	00000000-0000-0000-0000-000000000000	legacy		AR vs AR	BLD-AR-Curtain Mullions-vs-BLD-AR-Windows  Clash2046
4.2070	1	viewpoint		0	0	00000000-0000-0000-0000-000000000000	legacy		AR vs AR	BLD-AR-Curtain Mullions-vs-BLD-AR-Windows  Clash2047
4.2071	1	viewpoint		0	0	00000000-0000-0000-0000-000000000000	legacy		AR vs AR	BLD-AR-Curtain Mullions-vs-BLD-AR-Windows  Clash2048
4.2072	1	viewpoint		0	0	00000000-0000-0000-0000-000000000000	legacy		AR vs AR	BLD-AR-Curtain Mullions-vs-BLD-AR-Windows  Clash2049
4.2073	1	viewpoint		0	0	00000000-0000-0000-0000-000000000000	legacy		AR vs AR	BLD-AR-Curtain Mullions-vs-BLD-AR-Windows  Clash2050
4.2074	1	viewpoint		0	0	00000000-0000-0000-0000-000000000000	legacy		AR vs AR	BLD-AR-Curtain Mullions-vs-BLD-AR-Windows  Clash2051
4.2075	1	viewpoint		0	0	00000000-0000-0000-0000-000000000000	legacy		AR vs AR	BLD-AR-Curtain Mullions-vs-BLD-AR-Windows  Clash2052
4.2076	1	viewpoint		0	0	00000000-0000-0000-0000-000000000000	legacy		AR vs AR	BLD-AR-Curtain Mullions-vs-BLD-AR-Windows  Clash2053
4.2077	1	viewpoint		0	0	00000000-0000-0000-0000-000000000000	legacy		AR vs AR	BLD-AR-Curtain Mullions-vs-BLD-AR-Windows  Clash2054
4.2078	1	viewpoint		0	0	00000000-0000-0000-0000-000000000000	legacy		AR vs AR	BLD-AR-Curtain Mullions-vs-BLD-AR-Windows  Clash2055
4.2079	1	viewpoint		0	0	00000000-0000-0000-0000-000000000000	legacy		AR vs AR	BLD-AR-Curtain Mullions-vs-BLD-AR-Windows  Clash2056
4.2080	1	viewpoint		0	0	00000000-0000-0000-0000-000000000000	legacy		AR vs AR	BLD-AR-Curtain Mullions-vs-BLD-AR-Windows  Clash2057
4.2081	1	viewpoint		0	0	00000000-0000-0000-0000-000000000000	legacy		AR vs AR	BLD-AR-Curtain Mullions-vs-BLD-AR-Windows  Clash2058
4.2082	1	viewpoint		0	0	00000000-0000-0000-0000-000000000000	legacy		AR vs AR	BLD-AR-Curtain Mullions-vs-BLD-AR-Windows  Clash2059
4.2083	1	viewpoint		0	0	00000000-0000-0000-0000-000000000000	legacy		AR vs AR	BLD-AR-Curtain Mullions-vs-BLD-AR-Windows  Clash2060
4.2084	1	viewpoint		0	0	00000000-0000-0000-0000-000000000000	legacy		AR vs AR	BLD-AR-Curtain Mullions-vs-BLD-AR-Windows  Clash2061
4.2085	1	viewpoint		0	0	00000000-0000-0000-0000-000000000000	legacy		AR vs AR	BLD-AR-Curtain Mullions-vs-BLD-AR-Windows  Clash2062
4.2086	1	viewpoint		0	0	00000000-0000-0000-0000-000000000000	legacy		AR vs AR	BLD-AR-Curtain Mullions-vs-BLD-AR-Windows  Clash2063
4.2087	1	viewpoint		0	0	00000000-0000-0000-0000-000000000000	legacy		AR vs AR	BLD-AR-Curtain Mullions-vs-BLD-AR-Windows  Clash2064
4.2088	1	viewpoint		0	0	00000000-0000-0000-0000-000000000000	legacy		AR vs AR	BLD-AR-Curtain Mullions-vs-BLD-AR-Windows  Clash2065
4.2089	1	viewpoint		0	0	00000000-0000-0000-0000-000000000000	legacy		AR vs AR	BLD-AR-Curtain Mullions-vs-BLD-AR-Windows  Clash2066
4.2090	1	viewpoint		0	0	00000000-0000-0000-0000-000000000000	legacy		AR vs AR	BLD-AR-Curtain Mullions-vs-BLD-AR-Windows  Clash2067
4.2091	1	viewpoint		0	0	00000000-0000-0000-0000-000000000000	legacy		AR vs AR	BLD-AR-Curtain Mullions-vs-BLD-AR-Windows  Clash2068
4.2092	1	viewpoint		0	0	00000000-0000-0000-0000-000000000000	legacy		AR vs AR	BLD-AR-Curtain Mullions-vs-BLD-AR-Windows  Clash2069
4.2093	1	viewpoint		0	0	00000000-0000-0000-0000-000000000000	legacy		AR vs AR	BLD-AR-Curtain Mullions-vs-BLD-AR-Windows  Clash2070
4.2094	1	viewpoint		0	0	00000000-0000-0000-0000-000000000000	legacy		AR vs AR	BLD-AR-Curtain Mullions-vs-BLD-AR-Windows  Clash2071
4.2095	1	viewpoint		0	0	00000000-0000-0000-0000-000000000000	legacy		AR vs AR	BLD-AR-Curtain Mullions-vs-BLD-AR-Windows  Clash2072
4.2096	1	viewpoint		0	0	00000000-0000-0000-0000-000000000000	legacy		AR vs AR	BLD-AR-Curtain Mullions-vs-BLD-AR-Windows  Clash2073
4.2097	1	viewpoint		0	0	00000000-0000-0000-0000-000000000000	legacy		AR vs AR	BLD-AR-Curtain Mullions-vs-BLD-AR-Windows  Clash2074
4.2098	1	viewpoint		0	0	00000000-0000-0000-0000-000000000000	legacy		AR vs AR	BLD-AR-Curtain Mullions-vs-BLD-AR-Windows  Clash2075
4.2099	1	viewpoint		0	0	00000000-0000-0000-0000-000000000000	legacy		AR vs AR	BLD-AR-Curtain Mullions-vs-BLD-AR-Windows  Clash2076
4.2100	1	viewpoint		0	0	00000000-0000-0000-0000-000000000000	legacy		AR vs AR	BLD-AR-Curtain Mullions-vs-BLD-AR-Windows  Clash2077
4.2101	1	viewpoint		0	0	00000000-0000-0000-0000-000000000000	legacy		AR vs AR	BLD-AR-Curtain Mullions-vs-BLD-AR-Windows  Clash2078
4.2102	1	viewpoint		0	0	00000000-0000-0000-0000-000000000000	legacy		AR vs AR	BLD-AR-Curtain Mullions-vs-BLD-AR-Windows  Clash2079
4.2103	1	viewpoint		0	0	00000000-0000-0000-0000-000000000000	legacy		AR vs AR	BLD-AR-Curtain Mullions-vs-BLD-AR-Windows  Clash2080
4.2104	1	viewpoint		0	0	00000000-0000-0000-0000-000000000000	legacy		AR vs AR	BLD-AR-Curtain Mullions-vs-BLD-AR-Windows  Clash2081
4.2105	1	viewpoint		0	0	00000000-0000-0000-0000-000000000000	legacy		AR vs AR	BLD-AR-Curtain Mullions-vs-BLD-AR-Windows  Clash2082
4.2106	1	viewpoint		0	0	00000000-0000-0000-0000-000000000000	legacy		AR vs AR	BLD-AR-Curtain Mullions-vs-BLD-AR-Windows  Clash2083
4.2107	1	viewpoint		0	0	00000000-0000-0000-0000-000000000000	legacy		AR vs AR	BLD-AR-Curtain Mullions-vs-BLD-AR-Windows  Clash2084
4.2108	1	viewpoint		0	0	00000000-0000-0000-0000-000000000000	legacy		AR vs AR	BLD-AR-Curtain Mullions-vs-BLD-AR-Windows  Clash2085
4.2109	1	viewpoint		0	0	00000000-0000-0000-0000-000000000000	legacy		AR vs AR	BLD-AR-Curtain Mullions-vs-BLD-AR-Windows  Clash2086
4.2110	1	viewpoint		0	0	00000000-0000-0000-0000-000000000000	legacy		AR vs AR	BLD-AR-Curtain Mullions-vs-BLD-AR-Windows  Clash2087
4.2111	1	viewpoint		0	0	00000000-0000-0000-0000-000000000000	legacy		AR vs AR	BLD-AR-Curtain Mullions-vs-BLD-AR-Windows  Clash2088
4.2112	1	viewpoint		0	0	00000000-0000-0000-0000-000000000000	legacy		AR vs AR	BLD-AR-Curtain Mullions-vs-BLD-AR-Windows  Clash2089
4.2113	1	viewpoint		0	0	00000000-0000-0000-0000-000000000000	legacy		AR vs AR	BLD-AR-Curtain Mullions-vs-BLD-AR-Windows  Clash2090
4.2114	1	viewpoint		0	0	00000000-0000-0000-0000-000000000000	legacy		AR vs AR	BLD-AR-Curtain Mullions-vs-BLD-AR-Windows  Clash2091
4.2115	1	viewpoint		0	0	00000000-0000-0000-0000-000000000000	legacy		AR vs AR	BLD-AR-Curtain Mullions-vs-BLD-AR-Windows  Clash2092
4.2116	1	viewpoint		0	0	00000000-0000-0000-0000-000000000000	legacy		AR vs AR	BLD-AR-Curtain Mullions-vs-BLD-AR-Windows  Clash2093
4.2117	1	viewpoint		0	0	00000000-0000-0000-0000-000000000000	legacy		AR vs AR	BLD-AR-Curtain Mullions-vs-BLD-AR-Windows  Clash2094
4.2118	1	viewpoint		0	0	00000000-0000-0000-0000-000000000000	legacy		AR vs AR	BLD-AR-Curtain Mullions-vs-BLD-AR-Windows  Clash2095
4.2119	1	viewpoint		0	0	00000000-0000-0000-0000-000000000000	legacy		AR vs AR	BLD-AR-Curtain Mullions-vs-BLD-AR-Windows  Clash2096
4.2120	1	viewpoint		0	0	00000000-0000-0000-0000-000000000000	legacy		AR vs AR	BLD-AR-Curtain Mullions-vs-BLD-AR-Windows  Clash2097
4.2121	1	viewpoint		0	0	00000000-0000-0000-0000-000000000000	legacy		AR vs AR	BLD-AR-Curtain Mullions-vs-BLD-AR-Windows  Clash2098
4.2122	1	viewpoint		0	0	00000000-0000-0000-0000-000000000000	legacy		AR vs AR	BLD-AR-Curtain Mullions-vs-BLD-AR-Windows  Clash2099
4.2123	1	viewpoint		0	0	00000000-0000-0000-0000-000000000000	legacy		AR vs AR	BLD-AR-Curtain Mullions-vs-BLD-AR-Windows  Clash2100
4.2124	1	viewpoint		0	0	00000000-0000-0000-0000-000000000000	legacy		AR vs AR	BLD-AR-Curtain Mullions-vs-BLD-AR-Windows  Clash2101
4.2125	1	viewpoint		0	0	00000000-0000-0000-0000-000000000000	legacy		AR vs AR	BLD-AR-Curtain Mullions-vs-BLD-AR-Windows  Clash2102
4.2126	1	viewpoint		0	0	00000000-0000-0000-0000-000000000000	legacy		AR vs AR	BLD-AR-Curtain Mullions-vs-BLD-AR-Windows  Clash2103
4.2127	1	viewpoint		0	0	00000000-0000-0000-0000-000000000000	legacy		AR vs AR	BLD-AR-Curtain Mullions-vs-BLD-AR-Windows  Clash2104
4.2128	1	viewpoint		0	0	00000000-0000-0000-0000-000000000000	legacy		AR vs AR	BLD-AR-Curtain Mullions-vs-BLD-AR-Windows  Clash2105
4.2129	1	viewpoint		0	0	00000000-0000-0000-0000-000000000000	legacy		AR vs AR	BLD-AR-Curtain Mullions-vs-BLD-AR-Windows  Clash2106
4.2130	1	viewpoint		0	0	00000000-0000-0000-0000-000000000000	legacy		AR vs AR	BLD-AR-Curtain Mullions-vs-BLD-AR-Windows  Clash2107
4.2131	1	viewpoint		0	0	00000000-0000-0000-0000-000000000000	legacy		AR vs AR	BLD-AR-Curtain Mullions-vs-BLD-AR-Windows  Clash2108
4.2132	1	viewpoint		0	0	00000000-0000-0000-0000-000000000000	legacy		AR vs AR	BLD-AR-Curtain Mullions-vs-BLD-AR-Windows  Clash2109
4.2133	1	viewpoint		0	0	00000000-0000-0000-0000-000000000000	legacy		AR vs AR	BLD-AR-Curtain Mullions-vs-BLD-AR-Windows  Clash2110
4.2134	1	viewpoint		0	0	00000000-0000-0000-0000-000000000000	legacy		AR vs AR	BLD-AR-Curtain Mullions-vs-BLD-AR-Windows  Clash2111
4.2135	1	viewpoint		0	0	00000000-0000-0000-0000-000000000000	legacy		AR vs AR	BLD-AR-Curtain Mullions-vs-BLD-AR-Windows  Clash2112
4.2136	1	viewpoint		0	0	00000000-0000-0000-0000-000000000000	legacy		AR vs AR	BLD-AR-Curtain Mullions-vs-BLD-AR-Windows  Clash2113
4.2137	1	viewpoint		0	0	00000000-0000-0000-0000-000000000000	legacy		AR vs AR	BLD-AR-Curtain Mullions-vs-BLD-AR-Windows  Clash2114
4.2138	1	viewpoint		0	0	00000000-0000-0000-0000-000000000000	legacy		AR vs AR	BLD-AR-Curtain Mullions-vs-BLD-AR-Windows  Clash2115
4.2139	1	viewpoint		0	0	00000000-0000-0000-0000-000000000000	legacy		AR vs AR	BLD-AR-Curtain Mullions-vs-BLD-AR-Windows  Clash2116
4.2140	1	viewpoint		0	0	00000000-0000-0000-0000-000000000000	legacy		AR vs AR	BLD-AR-Curtain Mullions-vs-BLD-AR-Windows  Clash2117
4.2141	1	viewpoint		0	0	00000000-0000-0000-0000-000000000000	legacy		AR vs AR	BLD-AR-Curtain Mullions-vs-BLD-AR-Windows  Clash2118
4.2142	1	viewpoint		0	0	00000000-0000-0000-0000-000000000000	legacy		AR vs AR	BLD-AR-Curtain Mullions-vs-BLD-AR-Windows  Clash2119
4.2143	1	viewpoint		0	0	00000000-0000-0000-0000-000000000000	legacy		AR vs AR	BLD-AR-Curtain Mullions-vs-BLD-AR-Windows  Clash2120
4.2144	1	viewpoint		0	0	00000000-0000-0000-0000-000000000000	legacy		AR vs AR	BLD-AR-Curtain Mullions-vs-BLD-AR-Windows  Clash2121
4.2145	1	viewpoint		0	0	00000000-0000-0000-0000-000000000000	legacy		AR vs AR	BLD-AR-Curtain Mullions-vs-BLD-AR-Windows  Clash2122
4.2146	1	viewpoint		0	0	00000000-0000-0000-0000-000000000000	legacy		AR vs AR	BLD-AR-Curtain Mullions-vs-BLD-AR-Windows  Clash2123
4.2147	1	viewpoint		0	0	00000000-0000-0000-0000-000000000000	legacy		AR vs AR	BLD-AR-Curtain Mullions-vs-BLD-AR-Windows  Clash2124
4.2148	1	viewpoint		0	0	00000000-0000-0000-0000-000000000000	legacy		AR vs AR	BLD-AR-Curtain Mullions-vs-BLD-AR-Windows  Clash2125
4.2149	1	viewpoint		0	0	00000000-0000-0000-0000-000000000000	legacy		AR vs AR	BLD-AR-Curtain Mullions-vs-BLD-AR-Windows  Clash2126
4.2150	1	viewpoint		0	0	00000000-0000-0000-0000-000000000000	legacy		AR vs AR	BLD-AR-Curtain Mullions-vs-BLD-AR-Windows  Clash2127
4.2151	1	viewpoint		0	0	00000000-0000-0000-0000-000000000000	legacy		AR vs AR	BLD-AR-Curtain Mullions-vs-BLD-AR-Windows  Clash2128
4.2152	1	viewpoint		0	0	00000000-0000-0000-0000-000000000000	legacy		AR vs AR	BLD-AR-Curtain Mullions-vs-BLD-AR-Windows  Clash2129
4.2153	1	viewpoint		0	0	00000000-0000-0000-0000-000000000000	legacy		AR vs AR	BLD-AR-Curtain Mullions-vs-BLD-AR-Windows  Clash2130
4.2154	1	viewpoint		0	0	00000000-0000-0000-0000-000000000000	legacy		AR vs AR	BLD-AR-Curtain Mullions-vs-BLD-AR-Windows  Clash2131
4.2155	1	viewpoint		0	0	00000000-0000-0000-0000-000000000000	legacy		AR vs AR	BLD-AR-Curtain Mullions-vs-BLD-AR-Windows  Clash2132
4.2156	1	viewpoint		0	0	00000000-0000-0000-0000-000000000000	legacy		AR vs AR	BLD-AR-Curtain Mullions-vs-BLD-AR-Windows  Clash2133
4.2157	1	viewpoint		0	0	00000000-0000-0000-0000-000000000000	legacy		AR vs AR	BLD-AR-Curtain Mullions-vs-BLD-AR-Windows  Clash2134
4.2158	1	viewpoint		0	0	00000000-0000-0000-0000-000000000000	legacy		AR vs AR	BLD-AR-Curtain Mullions-vs-BLD-AR-Windows  Clash2135
4.2159	1	viewpoint		0	0	00000000-0000-0000-0000-000000000000	legacy		AR vs AR	BLD-AR-Curtain Mullions-vs-BLD-AR-Windows  Clash2136
4.2160	1	viewpoint		0	0	00000000-0000-0000-0000-000000000000	legacy		AR vs AR	BLD-AR-Curtain Mullions-vs-BLD-AR-Windows  Clash2137
4.2161	1	viewpoint		0	0	00000000-0000-0000-0000-000000000000	legacy		AR vs AR	BLD-AR-Curtain Mullions-vs-BLD-AR-Windows  Clash2138
4.2162	1	viewpoint		0	0	00000000-0000-0000-0000-000000000000	legacy		AR vs AR	BLD-AR-Curtain Mullions-vs-BLD-AR-Windows  Clash2139
4.2163	1	viewpoint		0	0	00000000-0000-0000-0000-000000000000	legacy		AR vs AR	BLD-AR-Curtain Mullions-vs-BLD-AR-Windows  Clash2140
4.2164	1	viewpoint		0	0	00000000-0000-0000-0000-000000000000	legacy		AR vs AR	BLD-AR-Curtain Mullions-vs-BLD-AR-Windows  Clash2141
4.2165	1	viewpoint		0	0	00000000-0000-0000-0000-000000000000	legacy		AR vs AR	BLD-AR-Curtain Mullions-vs-BLD-AR-Windows  Clash2142
4.2166	1	viewpoint		0	0	00000000-0000-0000-0000-000000000000	legacy		AR vs AR	BLD-AR-Curtain Mullions-vs-BLD-AR-Windows  Clash2143
4.2167	1	viewpoint		0	0	00000000-0000-0000-0000-000000000000	legacy		AR vs AR	BLD-AR-Curtain Mullions-vs-BLD-AR-Windows  Clash2144
4.2168	1	viewpoint		0	0	00000000-0000-0000-0000-000000000000	legacy		AR vs AR	BLD-AR-Curtain Mullions-vs-BLD-AR-Windows  Clash2145
4.2169	1	viewpoint		0	0	00000000-0000-0000-0000-000000000000	legacy		AR vs AR	BLD-AR-Curtain Mullions-vs-BLD-AR-Windows  Clash2146
4.2170	1	viewpoint		0	0	00000000-0000-0000-0000-000000000000	legacy		AR vs AR	BLD-AR-Curtain Mullions-vs-BLD-AR-Windows  Clash2147
4.2171	1	viewpoint		0	0	00000000-0000-0000-0000-000000000000	legacy		AR vs AR	BLD-AR-Curtain Mullions-vs-BLD-AR-Windows  Clash2148
4.2172	1	viewpoint		0	0	00000000-0000-0000-0000-000000000000	legacy		AR vs AR	BLD-AR-Curtain Mullions-vs-BLD-AR-Windows  Clash2149
4.2173	1	viewpoint		0	0	00000000-0000-0000-0000-000000000000	legacy		AR vs AR	BLD-AR-Curtain Mullions-vs-BLD-AR-Windows  Clash2150
4.2174	1	viewpoint		0	0	00000000-0000-0000-0000-000000000000	legacy		AR vs AR	BLD-AR-Curtain Mullions-vs-BLD-AR-Windows  Clash2151
4.2175	1	viewpoint		0	0	00000000-0000-0000-0000-000000000000	legacy		AR vs AR	BLD-AR-Curtain Mullions-vs-BLD-AR-Windows  Clash2152
4.2176	1	viewpoint		0	0	00000000-0000-0000-0000-000000000000	legacy		AR vs AR	BLD-AR-Curtain Mullions-vs-BLD-AR-Windows  Clash2153
4.2177	1	viewpoint		0	0	00000000-0000-0000-0000-000000000000	legacy		AR vs AR	BLD-AR-Curtain Mullions-vs-BLD-AR-Windows  Clash2154
4.2178	1	viewpoint		0	0	00000000-0000-0000-0000-000000000000	legacy		AR vs AR	BLD-AR-Curtain Mullions-vs-BLD-AR-Windows  Clash2155
4.2179	1	viewpoint		0	0	00000000-0000-0000-0000-000000000000	legacy		AR vs AR	BLD-AR-Curtain Mullions-vs-BLD-AR-Windows  Clash2156
4.2180	1	viewpoint		0	0	00000000-0000-0000-0000-000000000000	legacy		AR vs AR	BLD-AR-Curtain Mullions-vs-BLD-AR-Windows  Clash2157
4.2181	1	viewpoint		0	0	00000000-0000-0000-0000-000000000000	legacy		AR vs AR	BLD-AR-Curtain Mullions-vs-BLD-AR-Windows  Clash2158
4.2182	1	viewpoint		0	0	00000000-0000-0000-0000-000000000000	legacy		AR vs AR	BLD-AR-Curtain Mullions-vs-BLD-AR-Windows  Clash2159
4.2183	1	viewpoint		0	0	00000000-0000-0000-0000-000000000000	legacy		AR vs AR	BLD-AR-Curtain Mullions-vs-BLD-AR-Windows  Clash2160
4.2184	1	viewpoint		0	0	00000000-0000-0000-0000-000000000000	legacy		AR vs AR	BLD-AR-Curtain Mullions-vs-BLD-AR-Windows  Clash2161
4.2185	1	viewpoint		0	0	00000000-0000-0000-0000-000000000000	legacy		AR vs AR	BLD-AR-Curtain Mullions-vs-BLD-AR-Windows  Clash2162
4.2186	1	viewpoint		0	0	00000000-0000-0000-0000-000000000000	legacy		AR vs AR	BLD-AR-Curtain Mullions-vs-BLD-AR-Windows  Clash2163
4.2187	1	viewpoint		0	0	00000000-0000-0000-0000-000000000000	legacy		AR vs AR	BLD-AR-Curtain Mullions-vs-BLD-AR-Windows  Clash2164
4.2188	1	viewpoint		0	0	00000000-0000-0000-0000-000000000000	legacy		AR vs AR	BLD-AR-Curtain Mullions-vs-BLD-AR-Windows  Clash2165
4.2189	1	viewpoint		0	0	00000000-0000-0000-0000-000000000000	legacy		AR vs AR	BLD-AR-Curtain Mullions-vs-BLD-AR-Windows  Clash2166
4.2190	1	viewpoint		0	0	00000000-0000-0000-0000-000000000000	legacy		AR vs AR	BLD-AR-Curtain Mullions-vs-BLD-AR-Windows  Clash2167
4.2191	1	viewpoint		0	0	00000000-0000-0000-0000-000000000000	legacy		AR vs AR	BLD-AR-Curtain Mullions-vs-BLD-AR-Windows  Clash2168
4.2192	1	viewpoint		0	0	00000000-0000-0000-0000-000000000000	legacy		AR vs AR	BLD-AR-Curtain Mullions-vs-BLD-AR-Windows  Clash2169
4.2193	1	viewpoint		0	0	00000000-0000-0000-0000-000000000000	legacy		AR vs AR	BLD-AR-Curtain Mullions-vs-BLD-AR-Windows  Clash2170
4.2194	1	viewpoint		0	0	00000000-0000-0000-0000-000000000000	legacy		AR vs AR	BLD-AR-Curtain Mullions-vs-BLD-AR-Windows  Clash2171
4.2195	1	viewpoint		0	0	00000000-0000-0000-0000-000000000000	legacy		AR vs AR	BLD-AR-Curtain Mullions-vs-BLD-AR-Windows  Clash2172
4.2196	1	viewpoint		0	0	00000000-0000-0000-0000-000000000000	legacy		AR vs AR	BLD-AR-Curtain Mullions-vs-BLD-AR-Windows  Clash2173
4.2197	1	viewpoint		0	0	00000000-0000-0000-0000-000000000000	legacy		AR vs AR	BLD-AR-Curtain Mullions-vs-BLD-AR-Windows  Clash2174
4.2198	1	viewpoint		0	0	00000000-0000-0000-0000-000000000000	legacy		AR vs AR	BLD-AR-Curtain Mullions-vs-BLD-AR-Windows  Clash2175
4.2199	1	viewpoint		0	0	00000000-0000-0000-0000-000000000000	legacy		AR vs AR	BLD-AR-Curtain Mullions-vs-BLD-AR-Windows  Clash2176
4.2200	1	viewpoint		0	0	00000000-0000-0000-0000-000000000000	legacy		AR vs AR	BLD-AR-Curtain Mullions-vs-BLD-AR-Windows  Clash2177
4.2201	1	viewpoint		0	0	00000000-0000-0000-0000-000000000000	legacy		AR vs AR	BLD-AR-Curtain Mullions-vs-BLD-AR-Windows  Clash2178
4.2202	1	viewpoint		0	0	00000000-0000-0000-0000-000000000000	legacy		AR vs AR	BLD-AR-Curtain Mullions-vs-BLD-AR-Windows  Clash2179
4.2203	1	viewpoint		0	0	00000000-0000-0000-0000-000000000000	legacy		AR vs AR	BLD-AR-Curtain Mullions-vs-BLD-AR-Windows  Clash2180
4.2204	1	viewpoint		0	0	00000000-0000-0000-0000-000000000000	legacy		AR vs AR	BLD-AR-Curtain Mullions-vs-BLD-AR-Windows  Clash2181
4.2205	1	viewpoint		0	0	00000000-0000-0000-0000-000000000000	legacy		AR vs AR	BLD-AR-Curtain Mullions-vs-BLD-AR-Windows  Clash2182
4.2206	1	viewpoint		0	0	00000000-0000-0000-0000-000000000000	legacy		AR vs AR	BLD-AR-Curtain Mullions-vs-BLD-AR-Windows  Clash2183
4.2207	1	viewpoint		0	0	00000000-0000-0000-0000-000000000000	legacy		AR vs AR	BLD-AR-Curtain Mullions-vs-BLD-AR-Windows  Clash2184
4.2208	1	viewpoint		0	0	00000000-0000-0000-0000-000000000000	legacy		AR vs AR	BLD-AR-Curtain Mullions-vs-BLD-AR-Windows  Clash2185
4.2209	1	viewpoint		0	0	00000000-0000-0000-0000-000000000000	legacy		AR vs AR	BLD-AR-Curtain Mullions-vs-BLD-AR-Windows  Clash2186
4.2210	1	viewpoint		0	0	00000000-0000-0000-0000-000000000000	legacy		AR vs AR	BLD-AR-Curtain Mullions-vs-BLD-AR-Windows  Clash2187
4.2211	1	viewpoint		0	0	00000000-0000-0000-0000-000000000000	legacy		AR vs AR	BLD-AR-Curtain Mullions-vs-BLD-AR-Windows  Clash2188
4.2212	1	viewpoint		0	0	00000000-0000-0000-0000-000000000000	legacy		AR vs AR	BLD-AR-Curtain Mullions-vs-BLD-AR-Windows  Clash2189
4.2213	1	viewpoint		0	0	00000000-0000-0000-0000-000000000000	legacy		AR vs AR	BLD-AR-Curtain Mullions-vs-BLD-AR-Windows  Clash2190
4.2214	1	viewpoint		0	0	00000000-0000-0000-0000-000000000000	legacy		AR vs AR	BLD-AR-Curtain Mullions-vs-BLD-AR-Windows  Clash2191
4.2215	1	viewpoint		0	0	00000000-0000-0000-0000-000000000000	legacy		AR vs AR	BLD-AR-Curtain Mullions-vs-BLD-AR-Windows  Clash2192
4.2216	1	viewpoint		0	0	00000000-0000-0000-0000-000000000000	legacy		AR vs AR	BLD-AR-Curtain Mullions-vs-BLD-AR-Windows  Clash2193
4.2217	1	viewpoint		0	0	00000000-0000-0000-0000-000000000000	legacy		AR vs AR	BLD-AR-Curtain Mullions-vs-BLD-AR-Windows  Clash2194
4.2218	1	viewpoint		0	0	00000000-0000-0000-0000-000000000000	legacy		AR vs AR	BLD-AR-Curtain Mullions-vs-BLD-AR-Windows  Clash2195
4.2219	1	viewpoint		0	0	00000000-0000-0000-0000-000000000000	legacy		AR vs AR	BLD-AR-Curtain Mullions-vs-BLD-AR-Windows  Clash2196
4.2220	1	viewpoint		0	0	00000000-0000-0000-0000-000000000000	legacy		AR vs AR	BLD-AR-Curtain Mullions-vs-BLD-AR-Windows  Clash2197
4.2221	1	viewpoint		0	0	00000000-0000-0000-0000-000000000000	legacy		AR vs AR	BLD-AR-Curtain Mullions-vs-BLD-AR-Windows  Clash2198
4.2222	1	viewpoint		0	0	00000000-0000-0000-0000-000000000000	legacy		AR vs AR	BLD-AR-Curtain Mullions-vs-BLD-AR-Windows  Clash2199
4.2223	1	viewpoint		0	0	00000000-0000-0000-0000-000000000000	legacy		AR vs AR	BLD-AR-Curtain Mullions-vs-BLD-AR-Windows  Clash2200
4.2224	1	viewpoint		0	0	00000000-0000-0000-0000-000000000000	legacy		AR vs AR	BLD-AR-Curtain Mullions-vs-BLD-AR-Windows  Clash2201
4.2225	1	viewpoint		0	0	00000000-0000-0000-0000-000000000000	legacy		AR vs AR	BLD-AR-Curtain Mullions-vs-BLD-AR-Windows  Clash2202
4.2226	1	viewpoint		0	0	00000000-0000-0000-0000-000000000000	legacy		AR vs AR	BLD-AR-Curtain Mullions-vs-BLD-AR-Windows  Clash2203
4.2227	1	viewpoint		0	0	00000000-0000-0000-0000-000000000000	legacy		AR vs AR	BLD-AR-Curtain Mullions-vs-BLD-AR-Windows  Clash2204
4.2228	1	viewpoint		0	0	00000000-0000-0000-0000-000000000000	legacy		AR vs AR	BLD-AR-Curtain Mullions-vs-BLD-AR-Windows  Clash2205
4.2229	1	viewpoint		0	0	00000000-0000-0000-0000-000000000000	legacy		AR vs AR	BLD-AR-Curtain Mullions-vs-BLD-AR-Windows  Clash2206
4.2230	1	viewpoint		0	0	00000000-0000-0000-0000-000000000000	legacy		AR vs AR	BLD-AR-Curtain Mullions-vs-BLD-AR-Windows  Clash2207
4.2231	1	viewpoint		0	0	00000000-0000-0000-0000-000000000000	legacy		AR vs AR	BLD-AR-Curtain Mullions-vs-BLD-AR-Windows  Clash2208
4.2232	1	viewpoint		0	0	00000000-0000-0000-0000-000000000000	legacy		AR vs AR	BLD-AR-Curtain Mullions-vs-BLD-AR-Windows  Clash2209
4.2233	1	viewpoint		0	0	00000000-0000-0000-0000-000000000000	legacy		AR vs AR	BLD-AR-Curtain Mullions-vs-BLD-AR-Windows  Clash2210
4.2234	1	viewpoint		0	0	00000000-0000-0000-0000-000000000000	legacy		AR vs AR	BLD-AR-Curtain Mullions-vs-BLD-AR-Windows  Clash2211
4.2235	1	viewpoint		0	0	00000000-0000-0000-0000-000000000000	legacy		AR vs AR	BLD-AR-Curtain Mullions-vs-BLD-AR-Windows  Clash2212
4.2236	1	viewpoint		0	0	00000000-0000-0000-0000-000000000000	legacy		AR vs AR	BLD-AR-Curtain Mullions-vs-BLD-AR-Windows  Clash2213
4.2237	1	viewpoint		0	0	00000000-0000-0000-0000-000000000000	legacy		AR vs AR	BLD-AR-Curtain Mullions-vs-BLD-AR-Windows  Clash2214
4.2238	1	viewpoint		0	0	00000000-0000-0000-0000-000000000000	legacy		AR vs AR	BLD-AR-Curtain Mullions-vs-BLD-AR-Windows  Clash2215
4.2239	1	viewpoint		0	0	00000000-0000-0000-0000-000000000000	legacy		AR vs AR	BLD-AR-Curtain Mullions-vs-BLD-AR-Windows  Clash2216
4.2240	1	viewpoint		0	0	00000000-0000-0000-0000-000000000000	legacy		AR vs AR	BLD-AR-Curtain Mullions-vs-BLD-AR-Windows  Clash2217
4.2241	1	viewpoint		0	0	00000000-0000-0000-0000-000000000000	legacy		AR vs AR	BLD-AR-Curtain Mullions-vs-BLD-AR-Windows  Clash2218
4.2242	1	viewpoint		0	0	00000000-0000-0000-0000-000000000000	legacy		AR vs AR	BLD-AR-Curtain Mullions-vs-BLD-AR-Windows  Clash2219
4.2243	1	viewpoint		0	0	00000000-0000-0000-0000-000000000000	legacy		AR vs AR	BLD-AR-Curtain Mullions-vs-BLD-AR-Windows  Clash2220
4.2244	1	viewpoint		0	0	00000000-0000-0000-0000-000000000000	legacy		AR vs AR	BLD-AR-Curtain Mullions-vs-BLD-AR-Windows  Clash2221
4.2245	1	viewpoint		0	0	00000000-0000-0000-0000-000000000000	legacy		AR vs AR	BLD-AR-Curtain Mullions-vs-BLD-AR-Windows  Clash2222
4.2246	1	viewpoint		0	0	00000000-0000-0000-0000-000000000000	legacy		AR vs AR	BLD-AR-Curtain Mullions-vs-BLD-AR-Windows  Clash2223
4.2247	1	viewpoint		0	0	00000000-0000-0000-0000-000000000000	legacy		AR vs AR	BLD-AR-Curtain Mullions-vs-BLD-AR-Windows  Clash2224
4.2248	1	viewpoint		0	0	00000000-0000-0000-0000-000000000000	legacy		AR vs AR	BLD-AR-Curtain Mullions-vs-BLD-AR-Windows  Clash2225
4.2249	1	viewpoint		0	0	00000000-0000-0000-0000-000000000000	legacy		AR vs AR	BLD-AR-Curtain Mullions-vs-BLD-AR-Windows  Clash2226
4.2250	1	viewpoint		0	0	00000000-0000-0000-0000-000000000000	legacy		AR vs AR	BLD-AR-Curtain Mullions-vs-BLD-AR-Windows  Clash2227
4.2251	1	viewpoint		0	0	00000000-0000-0000-0000-000000000000	legacy		AR vs AR	BLD-AR-Curtain Mullions-vs-BLD-AR-Windows  Clash2228
4.2252	1	viewpoint		0	0	00000000-0000-0000-0000-000000000000	legacy		AR vs AR	BLD-AR-Curtain Mullions-vs-BLD-AR-Windows  Clash2229
4.2253	1	viewpoint		0	0	00000000-0000-0000-0000-000000000000	legacy		AR vs AR	BLD-AR-Curtain Mullions-vs-BLD-AR-Windows  Clash2230
4.2254	1	viewpoint		0	0	00000000-0000-0000-0000-000000000000	legacy		AR vs AR	BLD-AR-Curtain Mullions-vs-BLD-AR-Windows  Clash2231
4.2255	1	viewpoint		0	0	00000000-0000-0000-0000-000000000000	legacy		AR vs AR	BLD-AR-Curtain Mullions-vs-BLD-AR-Windows  Clash2232
4.2256	1	viewpoint		0	0	00000000-0000-0000-0000-000000000000	legacy		AR vs AR	BLD-AR-Curtain Mullions-vs-BLD-AR-Windows  Clash2233
4.2257	1	viewpoint		0	0	00000000-0000-0000-0000-000000000000	legacy		AR vs AR	BLD-AR-Curtain Mullions-vs-BLD-AR-Windows  Clash2234
4.2258	1	viewpoint		0	0	00000000-0000-0000-0000-000000000000	legacy		AR vs AR	BLD-AR-Curtain Mullions-vs-BLD-AR-Windows  Clash2235
4.2259	1	viewpoint		0	0	00000000-0000-0000-0000-000000000000	legacy		AR vs AR	BLD-AR-Curtain Mullions-vs-BLD-AR-Windows  Clash2236
4.2260	1	viewpoint		0	0	00000000-0000-0000-0000-000000000000	legacy		AR vs AR	BLD-AR-Curtain Mullions-vs-BLD-AR-Windows  Clash2237
4.2261	1	viewpoint		0	0	00000000-0000-0000-0000-000000000000	legacy		AR vs AR	BLD-AR-Curtain Mullions-vs-BLD-AR-Windows  Clash2238
4.2262	1	viewpoint		0	0	00000000-0000-0000-0000-000000000000	legacy		AR vs AR	BLD-AR-Curtain Mullions-vs-BLD-AR-Windows  Clash2239
4.2263	1	viewpoint		0	0	00000000-0000-0000-0000-000000000000	legacy		AR vs AR	BLD-AR-Curtain Mullions-vs-BLD-AR-Windows  Clash2240
4.2264	1	viewpoint		0	0	00000000-0000-0000-0000-000000000000	legacy		AR vs AR	BLD-AR-Curtain Mullions-vs-BLD-AR-Windows  Clash2241
4.2265	1	viewpoint		0	0	00000000-0000-0000-0000-000000000000	legacy		AR vs AR	BLD-AR-Curtain Mullions-vs-BLD-AR-Windows  Clash2242
4.2266	1	viewpoint		0	0	00000000-0000-0000-0000-000000000000	legacy		AR vs AR	BLD-AR-Curtain Mullions-vs-BLD-AR-Windows  Clash2243
4.2267	1	viewpoint		0	0	00000000-0000-0000-0000-000000000000	legacy		AR vs AR	BLD-AR-Curtain Mullions-vs-BLD-AR-Windows  Clash2244
4.2268	1	viewpoint		0	0	00000000-0000-0000-0000-000000000000	legacy		AR vs AR	BLD-AR-Curtain Mullions-vs-BLD-AR-Windows  Clash2245
4.2269	1	viewpoint		0	0	00000000-0000-0000-0000-000000000000	legacy		AR vs AR	BLD-AR-Curtain Mullions-vs-BLD-AR-Windows  Clash2246
4.2270	1	viewpoint		0	0	00000000-0000-0000-0000-000000000000	legacy		AR vs AR	BLD-AR-Curtain Mullions-vs-BLD-AR-Windows  Clash2247
4.2271	1	viewpoint		0	0	00000000-0000-0000-0000-000000000000	legacy		AR vs AR	BLD-AR-Curtain Mullions-vs-BLD-AR-Windows  Clash2248
4.2272	1	viewpoint		0	0	00000000-0000-0000-0000-000000000000	legacy		AR vs AR	BLD-AR-Curtain Mullions-vs-BLD-AR-Windows  Clash2249
4.2273	1	viewpoint		0	0	00000000-0000-0000-0000-000000000000	legacy		AR vs AR	BLD-AR-Curtain Mullions-vs-BLD-AR-Windows  Clash2250
4.2274	1	viewpoint		0	0	00000000-0000-0000-0000-000000000000	legacy		AR vs AR	BLD-AR-Curtain Mullions-vs-BLD-AR-Windows  Clash2251
4.2275	1	viewpoint		0	0	00000000-0000-0000-0000-000000000000	legacy		AR vs AR	BLD-AR-Curtain Mullions-vs-BLD-AR-Windows  Clash2252
4.2276	1	viewpoint		0	0	00000000-0000-0000-0000-000000000000	legacy		AR vs AR	BLD-AR-Curtain Mullions-vs-BLD-AR-Windows  Clash2253
4.2277	1	viewpoint		0	0	00000000-0000-0000-0000-000000000000	legacy		AR vs AR	BLD-AR-Curtain Mullions-vs-BLD-AR-Windows  Clash2254
4.2278	1	viewpoint		0	0	00000000-0000-0000-0000-000000000000	legacy		AR vs AR	BLD-AR-Curtain Mullions-vs-BLD-AR-Windows  Clash2255
4.2279	1	viewpoint		0	0	00000000-0000-0000-0000-000000000000	legacy		AR vs AR	BLD-AR-Curtain Mullions-vs-BLD-AR-Windows  Clash2256
4.2280	1	viewpoint		0	0	00000000-0000-0000-0000-000000000000	legacy		AR vs AR	BLD-AR-Curtain Mullions-vs-BLD-AR-Windows  Clash2257
4.2281	1	viewpoint		0	0	00000000-0000-0000-0000-000000000000	legacy		AR vs AR	BLD-AR-Curtain Mullions-vs-BLD-AR-Windows  Clash2258
4.2282	1	viewpoint		0	0	00000000-0000-0000-0000-000000000000	legacy		AR vs AR	BLD-AR-Curtain Mullions-vs-BLD-AR-Windows  Clash2259
4.2283	1	viewpoint		0	0	00000000-0000-0000-0000-000000000000	legacy		AR vs AR	BLD-AR-Curtain Mullions-vs-BLD-AR-Windows  Clash2260
4.2284	1	viewpoint		0	0	00000000-0000-0000-0000-000000000000	legacy		AR vs AR	BLD-AR-Curtain Mullions-vs-BLD-AR-Windows  Clash2261
4.2285	1	viewpoint		0	0	00000000-0000-0000-0000-000000000000	legacy		AR vs AR	BLD-AR-Curtain Mullions-vs-BLD-AR-Windows  Clash2262
4.2286	1	viewpoint		0	0	00000000-0000-0000-0000-000000000000	legacy		AR vs AR	BLD-AR-Curtain Mullions-vs-BLD-AR-Windows  Clash2263
4.2287	1	viewpoint		0	0	00000000-0000-0000-0000-000000000000	legacy		AR vs AR	BLD-AR-Curtain Mullions-vs-BLD-AR-Windows  Clash2264
4.2288	1	viewpoint		0	0	00000000-0000-0000-0000-000000000000	legacy		AR vs AR	BLD-AR-Curtain Mullions-vs-BLD-AR-Windows  Clash2265
4.2289	1	viewpoint		0	0	00000000-0000-0000-0000-000000000000	legacy		AR vs AR	BLD-AR-Curtain Mullions-vs-BLD-AR-Windows  Clash2266
4.2290	1	viewpoint		0	0	00000000-0000-0000-0000-000000000000	legacy		AR vs AR	BLD-AR-Curtain Mullions-vs-BLD-AR-Windows  Clash2267
4.2291	1	viewpoint		0	0	00000000-0000-0000-0000-000000000000	legacy		AR vs AR	BLD-AR-Curtain Mullions-vs-BLD-AR-Windows  Clash2268
4.2292	1	viewpoint		0	0	00000000-0000-0000-0000-000000000000	legacy		AR vs AR	BLD-AR-Curtain Mullions-vs-BLD-AR-Windows  Clash2269
4.2293	1	viewpoint		0	0	00000000-0000-0000-0000-000000000000	legacy		AR vs AR	BLD-AR-Curtain Mullions-vs-BLD-AR-Windows  Clash2270
4.2294	1	viewpoint		0	0	00000000-0000-0000-0000-000000000000	legacy		AR vs AR	BLD-AR-Curtain Mullions-vs-BLD-AR-Windows  Clash2271
4.2295	1	viewpoint		0	0	00000000-0000-0000-0000-000000000000	legacy		AR vs AR	BLD-AR-Curtain Mullions-vs-BLD-AR-Windows  Clash2272
4.2296	1	viewpoint		0	0	00000000-0000-0000-0000-000000000000	legacy		AR vs AR	BLD-AR-Curtain Mullions-vs-BLD-AR-Windows  Clash2273
4.2297	1	viewpoint		0	0	00000000-0000-0000-0000-000000000000	legacy		AR vs AR	BLD-AR-Curtain Mullions-vs-BLD-AR-Windows  Clash2274
4.2298	1	viewpoint		0	0	00000000-0000-0000-0000-000000000000	legacy		AR vs AR	BLD-AR-Curtain Mullions-vs-BLD-AR-Windows  Clash2275
4.2299	1	viewpoint		0	0	00000000-0000-0000-0000-000000000000	legacy		AR vs AR	BLD-AR-Curtain Mullions-vs-BLD-AR-Windows  Clash2276
4.2300	1	viewpoint		0	0	00000000-0000-0000-0000-000000000000	legacy		AR vs AR	BLD-AR-Curtain Mullions-vs-BLD-AR-Windows  Clash2277
4.2301	1	viewpoint		0	0	00000000-0000-0000-0000-000000000000	legacy		AR vs AR	BLD-AR-Curtain Mullions-vs-BLD-AR-Windows  Clash2278
4.2302	1	viewpoint		0	0	00000000-0000-0000-0000-000000000000	legacy		AR vs AR	BLD-AR-Curtain Mullions-vs-BLD-AR-Windows  Clash2279
4.2303	1	viewpoint		0	0	00000000-0000-0000-0000-000000000000	legacy		AR vs AR	BLD-AR-Curtain Mullions-vs-BLD-AR-Windows  Clash2280
4.2304	1	viewpoint		0	0	00000000-0000-0000-0000-000000000000	legacy		AR vs AR	BLD-AR-Curtain Mullions-vs-BLD-AR-Windows  Clash2281
4.2305	1	viewpoint		0	0	00000000-0000-0000-0000-000000000000	legacy		AR vs AR	BLD-AR-Curtain Mullions-vs-BLD-AR-Windows  Clash2282
4.2306	1	viewpoint		0	0	00000000-0000-0000-0000-000000000000	legacy		AR vs AR	BLD-AR-Curtain Mullions-vs-BLD-AR-Windows  Clash2283
4.2307	1	viewpoint		0	0	00000000-0000-0000-0000-000000000000	legacy		AR vs AR	BLD-AR-Curtain Mullions-vs-BLD-AR-Windows  Clash2284
4.2308	1	viewpoint		0	0	00000000-0000-0000-0000-000000000000	legacy		AR vs AR	BLD-AR-Curtain Mullions-vs-BLD-AR-Windows  Clash2285
4.2309	1	viewpoint		0	0	00000000-0000-0000-0000-000000000000	legacy		AR vs AR	BLD-AR-Curtain Mullions-vs-BLD-AR-Windows  Clash2286
4.2310	1	viewpoint		0	0	00000000-0000-0000-0000-000000000000	legacy		AR vs AR	BLD-AR-Curtain Mullions-vs-BLD-AR-Windows  Clash2287
4.2311	1	viewpoint		0	0	00000000-0000-0000-0000-000000000000	legacy		AR vs AR	BLD-AR-Curtain Mullions-vs-BLD-AR-Windows  Clash2288
4.2312	1	viewpoint		0	0	00000000-0000-0000-0000-000000000000	legacy		AR vs AR	BLD-AR-Curtain Mullions-vs-BLD-AR-Windows  Clash2289
4.2313	1	viewpoint		0	0	00000000-0000-0000-0000-000000000000	legacy		AR vs AR	BLD-AR-Curtain Mullions-vs-BLD-AR-Windows  Clash2290
4.2314	1	viewpoint		0	0	00000000-0000-0000-0000-000000000000	legacy		AR vs AR	BLD-AR-Curtain Mullions-vs-BLD-AR-Windows  Clash2291
4.2315	1	viewpoint		0	0	00000000-0000-0000-0000-000000000000	legacy		AR vs AR	BLD-AR-Curtain Mullions-vs-BLD-AR-Windows  Clash2292
4.2316	1	viewpoint		0	0	00000000-0000-0000-0000-000000000000	legacy		AR vs AR	BLD-AR-Curtain Mullions-vs-BLD-AR-Windows  Clash2293
4.2317	1	viewpoint		0	0	00000000-0000-0000-0000-000000000000	legacy		AR vs AR	BLD-AR-Curtain Mullions-vs-BLD-AR-Windows  Clash2294
4.2318	1	viewpoint		0	0	00000000-0000-0000-0000-000000000000	legacy		AR vs AR	BLD-AR-Curtain Mullions-vs-BLD-AR-Windows  Clash2295
4.2319	1	viewpoint		0	0	00000000-0000-0000-0000-000000000000	legacy		AR vs AR	BLD-AR-Curtain Mullions-vs-BLD-AR-Windows  Clash2296
4.2320	1	viewpoint		0	0	00000000-0000-0000-0000-000000000000	legacy		AR vs AR	BLD-AR-Curtain Mullions-vs-BLD-AR-Windows  Clash2297
4.2321	1	viewpoint		0	0	00000000-0000-0000-0000-000000000000	legacy		AR vs AR	BLD-AR-Curtain Mullions-vs-BLD-AR-Windows  Clash2298
4.2322	1	viewpoint		0	0	00000000-0000-0000-0000-000000000000	legacy		AR vs AR	BLD-AR-Curtain Mullions-vs-BLD-AR-Windows  Clash2299
4.2323	1	viewpoint		0	0	00000000-0000-0000-0000-000000000000	legacy		AR vs AR	BLD-AR-Curtain Mullions-vs-BLD-AR-Windows  Clash2300
4.2324	1	viewpoint		0	0	00000000-0000-0000-0000-000000000000	legacy		AR vs AR	BLD-AR-Curtain Mullions-vs-BLD-AR-Windows  Clash2301
4.2325	1	viewpoint		0	0	00000000-0000-0000-0000-000000000000	legacy		AR vs AR	BLD-AR-Curtain Mullions-vs-BLD-AR-Windows  Clash2302
4.2326	1	viewpoint		0	0	00000000-0000-0000-0000-000000000000	legacy		AR vs AR	BLD-AR-Curtain Mullions-vs-BLD-AR-Windows  Clash2303
4.2327	1	viewpoint		0	0	00000000-0000-0000-0000-000000000000	legacy		AR vs AR	BLD-AR-Curtain Mullions-vs-BLD-AR-Windows  Clash2304
4.2328	1	viewpoint		0	0	00000000-0000-0000-0000-000000000000	legacy		AR vs AR	BLD-AR-Curtain Mullions-vs-BLD-AR-Windows  Clash2305
4.2329	1	viewpoint		0	0	00000000-0000-0000-0000-000000000000	legacy		AR vs AR	BLD-AR-Curtain Mullions-vs-BLD-AR-Windows  Clash2306
4.2330	1	viewpoint		0	0	00000000-0000-0000-0000-000000000000	legacy		AR vs AR	BLD-AR-Curtain Mullions-vs-BLD-AR-Windows  Clash2307
4.2331	1	viewpoint		0	0	00000000-0000-0000-0000-000000000000	legacy		AR vs AR	BLD-AR-Curtain Mullions-vs-BLD-AR-Windows  Clash2308
4.2332	1	viewpoint		0	0	00000000-0000-0000-0000-000000000000	legacy		AR vs AR	BLD-AR-Curtain Mullions-vs-BLD-AR-Windows  Clash2309
4.2333	1	viewpoint		0	0	00000000-0000-0000-0000-000000000000	legacy		AR vs AR	BLD-AR-Curtain Mullions-vs-BLD-AR-Windows  Clash2310
4.2334	1	viewpoint		0	0	00000000-0000-0000-0000-000000000000	legacy		AR vs AR	BLD-AR-Curtain Mullions-vs-BLD-AR-Windows  Clash2311
4.2335	1	viewpoint		0	0	00000000-0000-0000-0000-000000000000	legacy		AR vs AR	BLD-AR-Curtain Mullions-vs-BLD-AR-Windows  Clash2312
4.2336	1	viewpoint		0	0	00000000-0000-0000-0000-000000000000	legacy		AR vs AR	BLD-AR-Curtain Mullions-vs-BLD-AR-Windows  Clash2313
4.2337	1	viewpoint		0	0	00000000-0000-0000-0000-000000000000	legacy		AR vs AR	BLD-AR-Curtain Mullions-vs-BLD-AR-Windows  Clash2314
4.2338	1	viewpoint		0	0	00000000-0000-0000-0000-000000000000	legacy		AR vs AR	BLD-AR-Curtain Mullions-vs-BLD-AR-Windows  Clash2315
4.2339	1	viewpoint		0	0	00000000-0000-0000-0000-000000000000	legacy		AR vs AR	BLD-AR-Curtain Mullions-vs-BLD-AR-Windows  Clash2316
4.2340	1	viewpoint		0	0	00000000-0000-0000-0000-000000000000	legacy		AR vs AR	BLD-AR-Curtain Mullions-vs-BLD-AR-Windows  Clash2317
4.2341	1	viewpoint		0	0	00000000-0000-0000-0000-000000000000	legacy		AR vs AR	BLD-AR-Curtain Mullions-vs-BLD-AR-Windows  Clash2318
4.2342	1	viewpoint		0	0	00000000-0000-0000-0000-000000000000	legacy		AR vs AR	BLD-AR-Curtain Mullions-vs-BLD-AR-Windows  Clash2319
4.2343	1	viewpoint		0	0	00000000-0000-0000-0000-000000000000	legacy		AR vs AR	BLD-AR-Curtain Mullions-vs-BLD-AR-Windows  Clash2320
4.2344	1	viewpoint		0	0	00000000-0000-0000-0000-000000000000	legacy		AR vs AR	BLD-AR-Curtain Mullions-vs-BLD-AR-Windows  Clash2321
4.2345	1	viewpoint		0	0	00000000-0000-0000-0000-000000000000	legacy		AR vs AR	BLD-AR-Curtain Mullions-vs-BLD-AR-Windows  Clash2322
4.2346	1	viewpoint		0	0	00000000-0000-0000-0000-000000000000	legacy		AR vs AR	BLD-AR-Curtain Mullions-vs-BLD-AR-Windows  Clash2323
4.2347	1	viewpoint		0	0	00000000-0000-0000-0000-000000000000	legacy		AR vs AR	BLD-AR-Curtain Mullions-vs-BLD-AR-Windows  Clash2324
4.2348	1	viewpoint		0	0	00000000-0000-0000-0000-000000000000	legacy		AR vs AR	BLD-AR-Curtain Mullions-vs-BLD-AR-Windows  Clash2325
4.2349	1	viewpoint		0	0	00000000-0000-0000-0000-000000000000	legacy		AR vs AR	BLD-AR-Curtain Mullions-vs-BLD-AR-Windows  Clash2326
4.2350	1	viewpoint		0	0	00000000-0000-0000-0000-000000000000	legacy		AR vs AR	BLD-AR-Curtain Mullions-vs-BLD-AR-Windows  Clash2327
4.2351	1	viewpoint		0	0	00000000-0000-0000-0000-000000000000	legacy		AR vs AR	BLD-AR-Curtain Mullions-vs-BLD-AR-Windows  Clash2328
4.2352	1	viewpoint		0	0	00000000-0000-0000-0000-000000000000	legacy		AR vs AR	BLD-AR-Curtain Mullions-vs-BLD-AR-Windows  Clash2329
4.2353	1	viewpoint		0	0	00000000-0000-0000-0000-000000000000	legacy		AR vs AR	BLD-AR-Curtain Mullions-vs-BLD-AR-Windows  Clash2330
4.2354	1	viewpoint		0	0	00000000-0000-0000-0000-000000000000	legacy		AR vs AR	BLD-AR-Curtain Mullions-vs-BLD-AR-Windows  Clash2331
4.2355	1	viewpoint		0	0	00000000-0000-0000-0000-000000000000	legacy		AR vs AR	BLD-AR-Curtain Mullions-vs-BLD-AR-Windows  Clash2332
4.2356	1	viewpoint		0	0	00000000-0000-0000-0000-000000000000	legacy		AR vs AR	BLD-AR-Curtain Mullions-vs-BLD-AR-Windows  Clash2333
4.2357	1	viewpoint		0	0	00000000-0000-0000-0000-000000000000	legacy		AR vs AR	BLD-AR-Curtain Mullions-vs-BLD-AR-Windows  Clash2334
4.2358	1	viewpoint		0	0	00000000-0000-0000-0000-000000000000	legacy		AR vs AR	BLD-AR-Curtain Mullions-vs-BLD-AR-Windows  Clash2335
4.2359	1	viewpoint		0	0	00000000-0000-0000-0000-000000000000	legacy		AR vs AR	BLD-AR-Curtain Mullions-vs-BLD-AR-Windows  Clash2336
4.2360	1	viewpoint		0	0	00000000-0000-0000-0000-000000000000	legacy		AR vs AR	BLD-AR-Curtain Mullions-vs-BLD-AR-Windows  Clash2337
4.2361	1	viewpoint		0	0	00000000-0000-0000-0000-000000000000	legacy		AR vs AR	BLD-AR-Curtain Mullions-vs-BLD-AR-Windows  Clash2338
4.2362	1	viewpoint		0	0	00000000-0000-0000-0000-000000000000	legacy		AR vs AR	BLD-AR-Curtain Mullions-vs-BLD-AR-Windows  Clash2339
4.2363	1	viewpoint		0	0	00000000-0000-0000-0000-000000000000	legacy		AR vs AR	BLD-AR-Curtain Mullions-vs-BLD-AR-Windows  Clash2340
4.2364	1	viewpoint		0	0	00000000-0000-0000-0000-000000000000	legacy		AR vs AR	BLD-AR-Curtain Mullions-vs-BLD-AR-Windows  Clash2341
4.2365	1	viewpoint		0	0	00000000-0000-0000-0000-000000000000	legacy		AR vs AR	BLD-AR-Curtain Mullions-vs-BLD-AR-Windows  Clash2342
4.2366	1	viewpoint		0	0	00000000-0000-0000-0000-000000000000	legacy		AR vs AR	BLD-AR-Curtain Mullions-vs-BLD-AR-Windows  Clash2343
4.2367	1	viewpoint		0	0	00000000-0000-0000-0000-000000000000	legacy		AR vs AR	BLD-AR-Curtain Mullions-vs-BLD-AR-Windows  Clash2344
4.2368	1	viewpoint		0	0	00000000-0000-0000-0000-000000000000	legacy		AR vs AR	BLD-AR-Curtain Mullions-vs-BLD-AR-Windows  Clash2345
4.2369	1	viewpoint		0	0	00000000-0000-0000-0000-000000000000	legacy		AR vs AR	BLD-AR-Curtain Mullions-vs-BLD-AR-Windows  Clash2346
4.2370	1	viewpoint		0	0	00000000-0000-0000-0000-000000000000	legacy		AR vs AR	BLD-AR-Curtain Mullions-vs-BLD-AR-Windows  Clash2347
4.2371	1	viewpoint		0	0	00000000-0000-0000-0000-000000000000	legacy		AR vs AR	BLD-AR-Curtain Mullions-vs-BLD-AR-Windows  Clash2348
4.2372	1	viewpoint		0	0	00000000-0000-0000-0000-000000000000	legacy		AR vs AR	BLD-AR-Curtain Mullions-vs-BLD-AR-Windows  Clash2349
4.2373	1	viewpoint		0	0	00000000-0000-0000-0000-000000000000	legacy		AR vs AR	BLD-AR-Curtain Mullions-vs-BLD-AR-Windows  Clash2350
4.2374	1	viewpoint		0	0	00000000-0000-0000-0000-000000000000	legacy		AR vs AR	BLD-AR-Curtain Mullions-vs-BLD-AR-Windows  Clash2351
4.2375	1	viewpoint		0	0	00000000-0000-0000-0000-000000000000	legacy		AR vs AR	BLD-AR-Curtain Mullions-vs-BLD-AR-Windows  Clash2352
4.2376	1	viewpoint		0	0	00000000-0000-0000-0000-000000000000	legacy		AR vs AR	BLD-AR-Curtain Mullions-vs-BLD-AR-Windows  Clash2353
4.2377	1	viewpoint		0	0	00000000-0000-0000-0000-000000000000	legacy		AR vs AR	BLD-AR-Curtain Mullions-vs-BLD-AR-Windows  Clash2354
4.2378	1	viewpoint		0	0	00000000-0000-0000-0000-000000000000	legacy		AR vs AR	BLD-AR-Curtain Mullions-vs-BLD-AR-Windows  Clash2355
4.2379	1	viewpoint		0	0	00000000-0000-0000-0000-000000000000	legacy		AR vs AR	BLD-AR-Curtain Mullions-vs-BLD-AR-Windows  Clash2356
4.2380	1	viewpoint		0	0	00000000-0000-0000-0000-000000000000	legacy		AR vs AR	BLD-AR-Curtain Mullions-vs-BLD-AR-Windows  Clash2357
4.2381	1	viewpoint		0	0	00000000-0000-0000-0000-000000000000	legacy		AR vs AR	BLD-AR-Curtain Mullions-vs-BLD-AR-Windows  Clash2358
4.2382	1	viewpoint		0	0	00000000-0000-0000-0000-000000000000	legacy		AR vs AR	BLD-AR-Curtain Mullions-vs-BLD-AR-Windows  Clash2359
4.2383	1	viewpoint		0	0	00000000-0000-0000-0000-000000000000	legacy		AR vs AR	BLD-AR-Curtain Mullions-vs-BLD-AR-Windows  Clash2360
4.2384	1	viewpoint		0	0	00000000-0000-0000-0000-000000000000	legacy		AR vs AR	BLD-AR-Curtain Mullions-vs-BLD-AR-Windows  Clash2361
4.2385	1	viewpoint		0	0	00000000-0000-0000-0000-000000000000	legacy		AR vs AR	BLD-AR-Curtain Mullions-vs-BLD-AR-Windows  Clash2362
4.2386	1	viewpoint		0	0	00000000-0000-0000-0000-000000000000	legacy		AR vs AR	BLD-AR-Curtain Mullions-vs-BLD-AR-Windows  Clash2363
4.2387	1	viewpoint		0	0	00000000-0000-0000-0000-000000000000	legacy		AR vs AR	BLD-AR-Curtain Mullions-vs-BLD-AR-Windows  Clash2364
4.2388	1	viewpoint		0	0	00000000-0000-0000-0000-000000000000	legacy		AR vs AR	BLD-AR-Curtain Mullions-vs-BLD-AR-Windows  Clash2365
4.2389	1	viewpoint		0	0	00000000-0000-0000-0000-000000000000	legacy		AR vs AR	BLD-AR-Curtain Mullions-vs-BLD-AR-Windows  Clash2366
4.2390	1	viewpoint		0	0	00000000-0000-0000-0000-000000000000	legacy		AR vs AR	BLD-AR-Curtain Mullions-vs-BLD-AR-Windows  Clash2367
4.2391	1	viewpoint		0	0	00000000-0000-0000-0000-000000000000	legacy		AR vs AR	BLD-AR-Curtain Mullions-vs-BLD-AR-Windows  Clash2368
4.2392	1	viewpoint		0	0	00000000-0000-0000-0000-000000000000	legacy		AR vs AR	BLD-AR-Curtain Mullions-vs-BLD-AR-Windows  Clash2369
4.2393	1	viewpoint		0	0	00000000-0000-0000-0000-000000000000	legacy		AR vs AR	BLD-AR-Curtain Mullions-vs-BLD-AR-Windows  Clash2370
4.2394	1	viewpoint		0	0	00000000-0000-0000-0000-000000000000	legacy		AR vs AR	BLD-AR-Curtain Mullions-vs-BLD-AR-Windows  Clash2371
4.2395	1	viewpoint		0	0	00000000-0000-0000-0000-000000000000	legacy		AR vs AR	BLD-AR-Curtain Mullions-vs-BLD-AR-Windows  Clash2372
4.2396	1	viewpoint		0	0	00000000-0000-0000-0000-000000000000	legacy		AR vs AR	BLD-AR-Curtain Mullions-vs-BLD-AR-Windows  Clash2373
4.2397	1	viewpoint		0	0	00000000-0000-0000-0000-000000000000	legacy		AR vs AR	BLD-AR-Curtain Mullions-vs-BLD-AR-Windows  Clash2374
4.2398	1	viewpoint		0	0	00000000-0000-0000-0000-000000000000	legacy		AR vs AR	BLD-AR-Curtain Mullions-vs-BLD-AR-Windows  Clash2375
4.2399	1	viewpoint		0	0	00000000-0000-0000-0000-000000000000	legacy		AR vs AR	BLD-AR-Curtain Mullions-vs-BLD-AR-Windows  Clash2376
4.2400	1	viewpoint		0	0	00000000-0000-0000-0000-000000000000	legacy		AR vs AR	BLD-AR-Curtain Mullions-vs-BLD-AR-Windows  Clash2377
4.2401	1	viewpoint		0	0	00000000-0000-0000-0000-000000000000	legacy		AR vs AR	BLD-AR-Curtain Mullions-vs-BLD-AR-Windows  Clash2378
4.2402	1	viewpoint		0	0	00000000-0000-0000-0000-000000000000	legacy		AR vs AR	BLD-AR-Curtain Mullions-vs-BLD-AR-Windows  Clash2379
4.2403	1	viewpoint		0	0	00000000-0000-0000-0000-000000000000	legacy		AR vs AR	BLD-AR-Curtain Mullions-vs-BLD-AR-Windows  Clash2380
4.2404	1	viewpoint		0	0	00000000-0000-0000-0000-000000000000	legacy		AR vs AR	BLD-AR-Curtain Mullions-vs-BLD-AR-Windows  Clash2381
4.2405	1	viewpoint		0	0	00000000-0000-0000-0000-000000000000	legacy		AR vs AR	BLD-AR-Curtain Mullions-vs-BLD-AR-Windows  Clash2382
4.2406	1	viewpoint		0	0	00000000-0000-0000-0000-000000000000	legacy		AR vs AR	BLD-AR-Curtain Mullions-vs-BLD-AR-Windows  Clash2383
4.2407	1	viewpoint		0	0	00000000-0000-0000-0000-000000000000	legacy		AR vs AR	BLD-AR-Curtain Mullions-vs-BLD-AR-Windows  Clash2384
4.2408	1	viewpoint		0	0	00000000-0000-0000-0000-000000000000	legacy		AR vs AR	BLD-AR-Curtain Mullions-vs-BLD-AR-Windows  Clash2385
4.2409	1	viewpoint		0	0	00000000-0000-0000-0000-000000000000	legacy		AR vs AR	BLD-AR-Curtain Mullions-vs-BLD-AR-Windows  Clash2386
4.2410	1	viewpoint		0	0	00000000-0000-0000-0000-000000000000	legacy		AR vs AR	BLD-AR-Curtain Mullions-vs-BLD-AR-Windows  Clash2387
4.2411	1	viewpoint		0	0	00000000-0000-0000-0000-000000000000	legacy		AR vs AR	BLD-AR-Curtain Mullions-vs-BLD-AR-Windows  Clash2388
4.2412	1	viewpoint		0	0	00000000-0000-0000-0000-000000000000	legacy		AR vs AR	BLD-AR-Curtain Mullions-vs-BLD-AR-Windows  Clash2389
4.2413	1	viewpoint		0	0	00000000-0000-0000-0000-000000000000	legacy		AR vs AR	BLD-AR-Curtain Mullions-vs-BLD-AR-Windows  Clash2390
4.2414	1	viewpoint		0	0	00000000-0000-0000-0000-000000000000	legacy		AR vs AR	BLD-AR-Curtain Mullions-vs-BLD-AR-Windows  Clash2391
4.2415	1	viewpoint		0	0	00000000-0000-0000-0000-000000000000	legacy		AR vs AR	BLD-AR-Curtain Mullions-vs-BLD-AR-Windows  Clash2392
4.2416	1	viewpoint		0	0	00000000-0000-0000-0000-000000000000	legacy		AR vs AR	BLD-AR-Curtain Mullions-vs-BLD-AR-Windows  Clash2393
4.2417	1	viewpoint		0	0	00000000-0000-0000-0000-000000000000	legacy		AR vs AR	BLD-AR-Curtain Mullions-vs-BLD-AR-Windows  Clash2394
4.2418	1	viewpoint		0	0	00000000-0000-0000-0000-000000000000	legacy		AR vs AR	BLD-AR-Curtain Mullions-vs-BLD-AR-Windows  Clash2395
4.2419	1	viewpoint		0	0	00000000-0000-0000-0000-000000000000	legacy		AR vs AR	BLD-AR-Curtain Mullions-vs-BLD-AR-Windows  Clash2396
4.2420	1	viewpoint		0	0	00000000-0000-0000-0000-000000000000	legacy		AR vs AR	BLD-AR-Curtain Mullions-vs-BLD-AR-Windows  Clash2397
4.2421	1	viewpoint		0	0	00000000-0000-0000-0000-000000000000	legacy		AR vs AR	BLD-AR-Curtain Mullions-vs-BLD-AR-Windows  Clash2398
4.2422	1	viewpoint		0	0	00000000-0000-0000-0000-000000000000	legacy		AR vs AR	BLD-AR-Curtain Mullions-vs-BLD-AR-Windows  Clash2399
4.2423	1	viewpoint		0	0	00000000-0000-0000-0000-000000000000	legacy		AR vs AR	BLD-AR-Curtain Mullions-vs-BLD-AR-Windows  Clash2400
4.2424	1	viewpoint		0	0	00000000-0000-0000-0000-000000000000	legacy		AR vs AR	BLD-AR-Curtain Mullions-vs-BLD-AR-Windows  Clash2401
4.2425	1	viewpoint		0	0	00000000-0000-0000-0000-000000000000	legacy		AR vs AR	BLD-AR-Curtain Mullions-vs-BLD-AR-Windows  Clash2402
4.2426	1	viewpoint		0	0	00000000-0000-0000-0000-000000000000	legacy		AR vs AR	BLD-AR-Curtain Mullions-vs-BLD-AR-Windows  Clash2403
4.2427	1	viewpoint		0	0	00000000-0000-0000-0000-000000000000	legacy		AR vs AR	BLD-AR-Curtain Mullions-vs-BLD-AR-Windows  Clash2404
4.2428	1	viewpoint		0	0	00000000-0000-0000-0000-000000000000	legacy		AR vs AR	BLD-AR-Curtain Mullions-vs-BLD-AR-Windows  Clash2405
4.2429	1	viewpoint		0	0	00000000-0000-0000-0000-000000000000	legacy		AR vs AR	BLD-AR-Curtain Mullions-vs-BLD-AR-Windows  Clash2406
4.2430	1	viewpoint		0	0	00000000-0000-0000-0000-000000000000	legacy		AR vs AR	BLD-AR-Curtain Mullions-vs-BLD-AR-Windows  Clash2407
4.2431	1	viewpoint		0	0	00000000-0000-0000-0000-000000000000	legacy		AR vs AR	BLD-AR-Curtain Mullions-vs-BLD-AR-Windows  Clash2408
4.2432	1	viewpoint		0	0	00000000-0000-0000-0000-000000000000	legacy		AR vs AR	BLD-AR-Curtain Mullions-vs-BLD-AR-Windows  Clash2409
4.2433	1	viewpoint		0	0	00000000-0000-0000-0000-000000000000	legacy		AR vs AR	BLD-AR-Curtain Mullions-vs-BLD-AR-Windows  Clash2410
4.2434	1	viewpoint		0	0	00000000-0000-0000-0000-000000000000	legacy		AR vs AR	BLD-AR-Curtain Mullions-vs-BLD-AR-Windows  Clash2411
4.2435	1	viewpoint		0	0	00000000-0000-0000-0000-000000000000	legacy		AR vs AR	BLD-AR-Curtain Mullions-vs-BLD-AR-Windows  Clash2412
4.2436	1	viewpoint		0	0	00000000-0000-0000-0000-000000000000	legacy		AR vs AR	BLD-AR-Curtain Mullions-vs-BLD-AR-Windows  Clash2413
4.2437	1	viewpoint		0	0	00000000-0000-0000-0000-000000000000	legacy		AR vs AR	BLD-AR-Curtain Mullions-vs-BLD-AR-Windows  Clash2414
4.2438	1	viewpoint		0	0	00000000-0000-0000-0000-000000000000	legacy		AR vs AR	BLD-AR-Curtain Mullions-vs-BLD-AR-Windows  Clash2415
4.2439	1	viewpoint		0	0	00000000-0000-0000-0000-000000000000	legacy		AR vs AR	BLD-AR-Curtain Mullions-vs-BLD-AR-Windows  Clash2416
4.2440	1	viewpoint		0	0	00000000-0000-0000-0000-000000000000	legacy		AR vs AR	BLD-AR-Curtain Mullions-vs-BLD-AR-Windows  Clash2417
4.2441	1	viewpoint		0	0	00000000-0000-0000-0000-000000000000	legacy		AR vs AR	BLD-AR-Curtain Mullions-vs-BLD-AR-Windows  Clash2418
4.2442	1	viewpoint		0	0	00000000-0000-0000-0000-000000000000	legacy		AR vs AR	BLD-AR-Curtain Mullions-vs-BLD-AR-Windows  Clash2419
4.2443	1	viewpoint		0	0	00000000-0000-0000-0000-000000000000	legacy		AR vs AR	BLD-AR-Curtain Mullions-vs-BLD-AR-Windows  Clash2420
4.2444	1	viewpoint		0	0	00000000-0000-0000-0000-000000000000	legacy		AR vs AR	BLD-AR-Curtain Mullions-vs-BLD-AR-Windows  Clash2421
4.2445	1	viewpoint		0	0	00000000-0000-0000-0000-000000000000	legacy		AR vs AR	BLD-AR-Curtain Mullions-vs-BLD-AR-Windows  Clash2422
4.2446	1	viewpoint		0	0	00000000-0000-0000-0000-000000000000	legacy		AR vs AR	BLD-AR-Curtain Mullions-vs-BLD-AR-Windows  Clash2423
4.2447	1	viewpoint		0	0	00000000-0000-0000-0000-000000000000	legacy		AR vs AR	BLD-AR-Curtain Mullions-vs-BLD-AR-Windows  Clash2424
4.2448	1	viewpoint		0	0	00000000-0000-0000-0000-000000000000	legacy		AR vs AR	BLD-AR-Curtain Mullions-vs-BLD-AR-Windows  Clash2425
4.2449	1	viewpoint		0	0	00000000-0000-0000-0000-000000000000	legacy		AR vs AR	BLD-AR-Curtain Mullions-vs-BLD-AR-Windows  Clash2426
4.2450	1	viewpoint		0	0	00000000-0000-0000-0000-000000000000	legacy		AR vs AR	BLD-AR-Curtain Mullions-vs-BLD-AR-Windows  Clash2427
4.2451	1	viewpoint		0	0	00000000-0000-0000-0000-000000000000	legacy		AR vs AR	BLD-AR-Curtain Mullions-vs-BLD-AR-Windows  Clash2428
4.2452	1	viewpoint		0	0	00000000-0000-0000-0000-000000000000	legacy		AR vs AR	BLD-AR-Curtain Mullions-vs-BLD-AR-Windows  Clash2429
4.2453	1	viewpoint		0	0	00000000-0000-0000-0000-000000000000	legacy		AR vs AR	BLD-AR-Curtain Mullions-vs-BLD-AR-Windows  Clash2430
4.2454	1	viewpoint		0	0	00000000-0000-0000-0000-000000000000	legacy		AR vs AR	BLD-AR-Curtain Mullions-vs-BLD-AR-Windows  Clash2431
4.2455	1	viewpoint		0	0	00000000-0000-0000-0000-000000000000	legacy		AR vs AR	BLD-AR-Curtain Mullions-vs-BLD-AR-Windows  Clash2432
4.2456	1	viewpoint		0	0	00000000-0000-0000-0000-000000000000	legacy		AR vs AR	BLD-AR-Curtain Mullions-vs-BLD-AR-Windows  Clash2433
4.2457	1	viewpoint		0	0	00000000-0000-0000-0000-000000000000	legacy		AR vs AR	BLD-AR-Curtain Mullions-vs-BLD-AR-Windows  Clash2434
4.2458	1	viewpoint		0	0	00000000-0000-0000-0000-000000000000	legacy		AR vs AR	BLD-AR-Curtain Mullions-vs-BLD-AR-Windows  Clash2435
4.2459	1	viewpoint		0	0	00000000-0000-0000-0000-000000000000	legacy		AR vs AR	BLD-AR-Curtain Mullions-vs-BLD-AR-Windows  Clash2436
4.2460	1	viewpoint		0	0	00000000-0000-0000-0000-000000000000	legacy		AR vs AR	BLD-AR-Curtain Mullions-vs-BLD-AR-Windows  Clash2437
4.2461	1	viewpoint		0	0	00000000-0000-0000-0000-000000000000	legacy		AR vs AR	BLD-AR-Curtain Mullions-vs-BLD-AR-Windows  Clash2438
4.2462	1	viewpoint		0	0	00000000-0000-0000-0000-000000000000	legacy		AR vs AR	BLD-AR-Curtain Mullions-vs-BLD-AR-Windows  Clash2439
4.2463	1	viewpoint		0	0	00000000-0000-0000-0000-000000000000	legacy		AR vs AR	BLD-AR-Curtain Mullions-vs-BLD-AR-Windows  Clash2440
4.2464	1	viewpoint		0	0	00000000-0000-0000-0000-000000000000	legacy		AR vs AR	BLD-AR-Curtain Mullions-vs-BLD-AR-Windows  Clash2441
4.2465	1	viewpoint		0	0	00000000-0000-0000-0000-000000000000	legacy		AR vs AR	BLD-AR-Curtain Mullions-vs-BLD-AR-Windows  Clash2442
4.2466	1	viewpoint		0	0	00000000-0000-0000-0000-000000000000	legacy		AR vs AR	BLD-AR-Curtain Mullions-vs-BLD-AR-Windows  Clash2443
4.2467	1	viewpoint		0	0	00000000-0000-0000-0000-000000000000	legacy		AR vs AR	BLD-AR-Curtain Mullions-vs-BLD-AR-Windows  Clash2444
4.2468	1	viewpoint		0	0	00000000-0000-0000-0000-000000000000	legacy		AR vs AR	BLD-AR-Curtain Mullions-vs-BLD-AR-Windows  Clash2445
4.2469	1	viewpoint		0	0	00000000-0000-0000-0000-000000000000	legacy		AR vs AR	BLD-AR-Curtain Mullions-vs-BLD-AR-Windows  Clash2446
4.2470	1	viewpoint		0	0	00000000-0000-0000-0000-000000000000	legacy		AR vs AR	BLD-AR-Curtain Mullions-vs-BLD-AR-Windows  Clash2447
4.2471	1	viewpoint		0	0	00000000-0000-0000-0000-000000000000	legacy		AR vs AR	BLD-AR-Curtain Mullions-vs-BLD-AR-Windows  Clash2448
4.2472	1	viewpoint		0	0	00000000-0000-0000-0000-000000000000	legacy		AR vs AR	BLD-AR-Curtain Mullions-vs-BLD-AR-Windows  Clash2449
4.2473	1	viewpoint		0	0	00000000-0000-0000-0000-000000000000	legacy		AR vs AR	BLD-AR-Curtain Mullions-vs-BLD-AR-Windows  Clash2450
4.2474	1	viewpoint		0	0	00000000-0000-0000-0000-000000000000	legacy		AR vs AR	BLD-AR-Curtain Mullions-vs-BLD-AR-Windows  Clash2451
4.2475	1	viewpoint		0	0	00000000-0000-0000-0000-000000000000	legacy		AR vs AR	BLD-AR-Curtain Mullions-vs-BLD-AR-Windows  Clash2452
4.2476	1	viewpoint		0	0	00000000-0000-0000-0000-000000000000	legacy		AR vs AR	BLD-AR-Curtain Mullions-vs-BLD-AR-Windows  Clash2453
4.2477	1	viewpoint		0	0	00000000-0000-0000-0000-000000000000	legacy		AR vs AR	BLD-AR-Curtain Mullions-vs-BLD-AR-Windows  Clash2454
4.2478	1	viewpoint		0	0	00000000-0000-0000-0000-000000000000	legacy		AR vs AR	BLD-AR-Curtain Mullions-vs-BLD-AR-Windows  Clash2455
4.2479	1	viewpoint		0	0	00000000-0000-0000-0000-000000000000	legacy		AR vs AR	BLD-AR-Curtain Mullions-vs-BLD-AR-Windows  Clash2456
4.2480	1	viewpoint		0	0	00000000-0000-0000-0000-000000000000	legacy		AR vs AR	BLD-AR-Curtain Mullions-vs-BLD-AR-Windows  Clash2457
4.2481	1	viewpoint		0	0	00000000-0000-0000-0000-000000000000	legacy		AR vs AR	BLD-AR-Curtain Mullions-vs-BLD-AR-Windows  Clash2458
4.2482	1	viewpoint		0	0	00000000-0000-0000-0000-000000000000	legacy		AR vs AR	BLD-AR-Curtain Mullions-vs-BLD-AR-Windows  Clash2459
4.2483	1	viewpoint		0	0	00000000-0000-0000-0000-000000000000	legacy		AR vs AR	BLD-AR-Curtain Mullions-vs-BLD-AR-Windows  Clash2460
4.2484	1	viewpoint		0	0	00000000-0000-0000-0000-000000000000	legacy		AR vs AR	BLD-AR-Curtain Mullions-vs-BLD-AR-Windows  Clash2461
4.2485	1	viewpoint		0	0	00000000-0000-0000-0000-000000000000	legacy		AR vs AR	BLD-AR-Curtain Mullions-vs-BLD-AR-Windows  Clash2462
4.2486	1	viewpoint		0	0	00000000-0000-0000-0000-000000000000	legacy		AR vs AR	BLD-AR-Curtain Mullions-vs-BLD-AR-Windows  Clash2463
4.2487	1	viewpoint		0	0	00000000-0000-0000-0000-000000000000	legacy		AR vs AR	BLD-AR-Curtain Mullions-vs-BLD-AR-Windows  Clash2464
4.2488	1	viewpoint		0	0	00000000-0000-0000-0000-000000000000	legacy		AR vs AR	BLD-AR-Curtain Mullions-vs-BLD-AR-Windows  Clash2465
4.2489	1	viewpoint		0	0	00000000-0000-0000-0000-000000000000	legacy		AR vs AR	BLD-AR-Curtain Mullions-vs-BLD-AR-Windows  Clash2466
4.2490	1	viewpoint		0	0	00000000-0000-0000-0000-000000000000	legacy		AR vs AR	BLD-AR-Curtain Mullions-vs-BLD-AR-Windows  Clash2467
4.2491	1	viewpoint		0	0	00000000-0000-0000-0000-000000000000	legacy		AR vs AR	BLD-AR-Curtain Mullions-vs-BLD-AR-Windows  Clash2468
4.2492	1	viewpoint		0	0	00000000-0000-0000-0000-000000000000	legacy		AR vs AR	BLD-AR-Curtain Mullions-vs-BLD-AR-Windows  Clash2469
4.2493	1	viewpoint		0	0	00000000-0000-0000-0000-000000000000	legacy		AR vs AR	BLD-AR-Curtain Mullions-vs-BLD-AR-Windows  Clash2470
4.2494	1	viewpoint		0	0	00000000-0000-0000-0000-000000000000	legacy		AR vs AR	BLD-AR-Curtain Mullions-vs-BLD-AR-Windows  Clash2471
4.2495	1	viewpoint		0	0	00000000-0000-0000-0000-000000000000	legacy		AR vs AR	BLD-AR-Curtain Mullions-vs-BLD-AR-Windows  Clash2472
4.2496	1	viewpoint		0	0	00000000-0000-0000-0000-000000000000	legacy		AR vs AR	BLD-AR-Curtain Mullions-vs-BLD-AR-Windows  Clash2473
4.2497	1	viewpoint		0	0	00000000-0000-0000-0000-000000000000	legacy		AR vs AR	BLD-AR-Curtain Mullions-vs-BLD-AR-Windows  Clash2474
4.2498	1	viewpoint		0	0	00000000-0000-0000-0000-000000000000	legacy		AR vs AR	BLD-AR-Curtain Mullions-vs-BLD-AR-Windows  Clash2475
4.2499	1	viewpoint		0	0	00000000-0000-0000-0000-000000000000	legacy		AR vs AR	BLD-AR-Curtain Mullions-vs-BLD-AR-Windows  Clash2476
4.2500	1	viewpoint		0	0	00000000-0000-0000-0000-000000000000	legacy		AR vs AR	BLD-AR-Curtain Mullions-vs-BLD-AR-Windows  Clash2477
4.2501	1	viewpoint		0	0	00000000-0000-0000-0000-000000000000	legacy		AR vs AR	BLD-AR-Curtain Mullions-vs-BLD-AR-Windows  Clash2478
4.2502	1	viewpoint		0	0	00000000-0000-0000-0000-000000000000	legacy		AR vs AR	BLD-AR-Curtain Mullions-vs-BLD-AR-Windows  Clash2479
4.2503	1	viewpoint		0	0	00000000-0000-0000-0000-000000000000	legacy		AR vs AR	BLD-AR-Curtain Mullions-vs-BLD-AR-Windows  Clash2480
4.2504	1	viewpoint		0	0	00000000-0000-0000-0000-000000000000	legacy		AR vs AR	BLD-AR-Curtain Mullions-vs-BLD-AR-Windows  Clash2481
4.2505	1	viewpoint		0	0	00000000-0000-0000-0000-000000000000	legacy		AR vs AR	BLD-AR-Curtain Mullions-vs-BLD-AR-Windows  Clash2482
4.2506	1	viewpoint		0	0	00000000-0000-0000-0000-000000000000	legacy		AR vs AR	BLD-AR-Curtain Mullions-vs-BLD-AR-Windows  Clash2483
4.2507	1	viewpoint		0	0	00000000-0000-0000-0000-000000000000	legacy		AR vs AR	BLD-AR-Curtain Mullions-vs-BLD-AR-Windows  Clash2484
4.2508	1	viewpoint		0	0	00000000-0000-0000-0000-000000000000	legacy		AR vs AR	BLD-AR-Curtain Mullions-vs-BLD-AR-Windows  Clash2485
4.2509	1	viewpoint		0	0	00000000-0000-0000-0000-000000000000	legacy		AR vs AR	BLD-AR-Curtain Mullions-vs-BLD-AR-Windows  Clash2486
4.2510	1	viewpoint		0	0	00000000-0000-0000-0000-000000000000	legacy		AR vs AR	BLD-AR-Curtain Mullions-vs-BLD-AR-Windows  Clash2487
4.2511	1	viewpoint		0	0	00000000-0000-0000-0000-000000000000	legacy		AR vs AR	BLD-AR-Curtain Mullions-vs-BLD-AR-Windows  Clash2488
4.2512	1	viewpoint		0	0	00000000-0000-0000-0000-000000000000	legacy		AR vs AR	BLD-AR-Curtain Mullions-vs-BLD-AR-Windows  Clash2489
4.2513	1	viewpoint		0	0	00000000-0000-0000-0000-000000000000	legacy		AR vs AR	BLD-AR-Curtain Mullions-vs-BLD-AR-Windows  Clash2490
4.2514	1	viewpoint		0	0	00000000-0000-0000-0000-000000000000	legacy		AR vs AR	BLD-AR-Curtain Mullions-vs-BLD-AR-Windows  Clash2491
4.2515	1	viewpoint		0	0	00000000-0000-0000-0000-000000000000	legacy		AR vs AR	BLD-AR-Curtain Mullions-vs-BLD-AR-Windows  Clash2492
4.2516	1	viewpoint		0	0	00000000-0000-0000-0000-000000000000	legacy		AR vs AR	BLD-AR-Curtain Mullions-vs-BLD-AR-Windows  Clash2493
4.2517	1	viewpoint		0	0	00000000-0000-0000-0000-000000000000	legacy		AR vs AR	BLD-AR-Curtain Mullions-vs-BLD-AR-Windows  Clash2494
4.2518	1	viewpoint		0	0	00000000-0000-0000-0000-000000000000	legacy		AR vs AR	BLD-AR-Curtain Mullions-vs-BLD-AR-Windows  Clash2495
4.2519	1	viewpoint		0	0	00000000-0000-0000-0000-000000000000	legacy		AR vs AR	BLD-AR-Curtain Mullions-vs-BLD-AR-Windows  Clash2496
4.2520	1	viewpoint		0	0	00000000-0000-0000-0000-000000000000	legacy		AR vs AR	BLD-AR-Curtain Mullions-vs-BLD-AR-Windows  Clash2497
4.2521	1	viewpoint		0	0	00000000-0000-0000-0000-000000000000	legacy		AR vs AR	BLD-AR-Curtain Mullions-vs-BLD-AR-Windows  Clash2498
4.2522	1	viewpoint		0	0	00000000-0000-0000-0000-000000000000	legacy		AR vs AR	BLD-AR-Curtain Mullions-vs-BLD-AR-Windows  Clash2499
4.2523	1	viewpoint		0	0	00000000-0000-0000-0000-000000000000	legacy		AR vs AR	BLD-AR-Curtain Mullions-vs-BLD-AR-Windows  Clash2500
4.2524	1	viewpoint		0	0	00000000-0000-0000-0000-000000000000	legacy		AR vs AR	BLD-AR-Curtain Mullions-vs-BLD-AR-Windows  Clash2501
4.2525	1	viewpoint		0	0	00000000-0000-0000-0000-000000000000	legacy		AR vs AR	BLD-AR-Curtain Mullions-vs-BLD-AR-Windows  Clash2502
4.2526	1	viewpoint		0	0	00000000-0000-0000-0000-000000000000	legacy		AR vs AR	BLD-AR-Curtain Mullions-vs-BLD-AR-Windows  Clash2503
4.2527	1	viewpoint		0	0	00000000-0000-0000-0000-000000000000	legacy		AR vs AR	BLD-AR-Curtain Mullions-vs-BLD-AR-Windows  Clash2504
4.2528	1	viewpoint		0	0	00000000-0000-0000-0000-000000000000	legacy		AR vs AR	BLD-AR-Curtain Mullions-vs-BLD-AR-Windows  Clash2505
4.2529	1	viewpoint		0	0	00000000-0000-0000-0000-000000000000	legacy		AR vs AR	BLD-AR-Curtain Mullions-vs-BLD-AR-Windows  Clash2506
4.2530	1	viewpoint		0	0	00000000-0000-0000-0000-000000000000	legacy		AR vs AR	BLD-AR-Curtain Mullions-vs-BLD-AR-Windows  Clash2507
4.2531	1	viewpoint		0	0	00000000-0000-0000-0000-000000000000	legacy		AR vs AR	BLD-AR-Curtain Mullions-vs-BLD-AR-Windows  Clash2508
4.2532	1	viewpoint		0	0	00000000-0000-0000-0000-000000000000	legacy		AR vs AR	BLD-AR-Curtain Mullions-vs-BLD-AR-Windows  Clash2509
4.2533	1	viewpoint		0	0	00000000-0000-0000-0000-000000000000	legacy		AR vs AR	BLD-AR-Curtain Mullions-vs-BLD-AR-Windows  Clash2510
4.2534	1	viewpoint		0	0	00000000-0000-0000-0000-000000000000	legacy		AR vs AR	BLD-AR-Curtain Mullions-vs-BLD-AR-Windows  Clash2511
4.2535	1	viewpoint		0	0	00000000-0000-0000-0000-000000000000	legacy		AR vs AR	BLD-AR-Curtain Mullions-vs-BLD-AR-Windows  Clash2512
4.2536	1	viewpoint		0	0	00000000-0000-0000-0000-000000000000	legacy		AR vs AR	BLD-AR-Curtain Mullions-vs-BLD-AR-Windows  Clash2513
4.2537	1	viewpoint		0	0	00000000-0000-0000-0000-000000000000	legacy		AR vs AR	BLD-AR-Curtain Mullions-vs-BLD-AR-Windows  Clash2514
4.2538	1	viewpoint		0	0	00000000-0000-0000-0000-000000000000	legacy		AR vs AR	BLD-AR-Curtain Mullions-vs-BLD-AR-Windows  Clash2515
4.2539	1	viewpoint		0	0	00000000-0000-0000-0000-000000000000	legacy		AR vs AR	BLD-AR-Curtain Mullions-vs-BLD-AR-Windows  Clash2516
4.2540	1	viewpoint		0	0	00000000-0000-0000-0000-000000000000	legacy		AR vs AR	BLD-AR-Curtain Mullions-vs-BLD-AR-Windows  Clash2517
4.2541	1	viewpoint		0	0	00000000-0000-0000-0000-000000000000	legacy		AR vs AR	BLD-AR-Curtain Mullions-vs-BLD-AR-Windows  Clash2518
4.2542	1	viewpoint		0	0	00000000-0000-0000-0000-000000000000	legacy		AR vs AR	BLD-AR-Curtain Mullions-vs-BLD-AR-Windows  Clash2519
4.2543	1	viewpoint		0	0	00000000-0000-0000-0000-000000000000	legacy		AR vs AR	BLD-AR-Curtain Mullions-vs-BLD-AR-Windows  Clash2520
4.2544	1	viewpoint		0	0	00000000-0000-0000-0000-000000000000	legacy		AR vs AR	BLD-AR-Curtain Mullions-vs-BLD-AR-Windows  Clash2521
4.2545	1	viewpoint		0	0	00000000-0000-0000-0000-000000000000	legacy		AR vs AR	BLD-AR-Curtain Mullions-vs-BLD-AR-Windows  Clash2522
4.2546	1	viewpoint		0	0	00000000-0000-0000-0000-000000000000	legacy		AR vs AR	BLD-AR-Curtain Mullions-vs-BLD-AR-Windows  Clash2523
4.2547	1	viewpoint		0	0	00000000-0000-0000-0000-000000000000	legacy		AR vs AR	BLD-AR-Curtain Mullions-vs-BLD-AR-Windows  Clash2524
4.2548	1	viewpoint		0	0	00000000-0000-0000-0000-000000000000	legacy		AR vs AR	BLD-AR-Curtain Mullions-vs-BLD-AR-Windows  Clash2525
4.2549	1	viewpoint		0	0	00000000-0000-0000-0000-000000000000	legacy		AR vs AR	BLD-AR-Curtain Mullions-vs-BLD-AR-Windows  Clash2526
4.2550	1	viewpoint		0	0	00000000-0000-0000-0000-000000000000	legacy		AR vs AR	BLD-AR-Curtain Mullions-vs-BLD-AR-Windows  Clash2527
4.2551	1	viewpoint		0	0	00000000-0000-0000-0000-000000000000	legacy		AR vs AR	BLD-AR-Curtain Mullions-vs-BLD-AR-Windows  Clash2528
4.2552	1	viewpoint		0	0	00000000-0000-0000-0000-000000000000	legacy		AR vs AR	BLD-AR-Curtain Mullions-vs-BLD-AR-Windows  Clash2529
4.2553	1	viewpoint		0	0	00000000-0000-0000-0000-000000000000	legacy		AR vs AR	BLD-AR-Curtain Mullions-vs-BLD-AR-Windows  Clash2530
4.2554	1	viewpoint		0	0	00000000-0000-0000-0000-000000000000	legacy		AR vs AR	BLD-AR-Curtain Mullions-vs-BLD-AR-Windows  Clash2531
4.2555	1	viewpoint		0	0	00000000-0000-0000-0000-000000000000	legacy		AR vs AR	BLD-AR-Curtain Mullions-vs-BLD-AR-Windows  Clash2532
4.2556	1	viewpoint		0	0	00000000-0000-0000-0000-000000000000	legacy		AR vs AR	BLD-AR-Curtain Mullions-vs-BLD-AR-Windows  Clash2533
4.2557	1	viewpoint		0	0	00000000-0000-0000-0000-000000000000	legacy		AR vs AR	BLD-AR-Curtain Mullions-vs-BLD-AR-Windows  Clash2534
4.2558	1	viewpoint		0	0	00000000-0000-0000-0000-000000000000	legacy		AR vs AR	BLD-AR-Curtain Mullions-vs-BLD-AR-Windows  Clash2535
4.2559	1	viewpoint		0	0	00000000-0000-0000-0000-000000000000	legacy		AR vs AR	BLD-AR-Curtain Mullions-vs-BLD-AR-Windows  Clash2536
4.2560	1	viewpoint		0	0	00000000-0000-0000-0000-000000000000	legacy		AR vs AR	BLD-AR-Curtain Mullions-vs-BLD-AR-Windows  Clash2537
4.2561	1	viewpoint		0	0	00000000-0000-0000-0000-000000000000	legacy		AR vs AR	BLD-AR-Curtain Mullions-vs-BLD-AR-Windows  Clash2538
4.2562	1	viewpoint		0	0	00000000-0000-0000-0000-000000000000	legacy		AR vs AR	BLD-AR-Curtain Mullions-vs-BLD-AR-Windows  Clash2539
4.2563	1	viewpoint		0	0	00000000-0000-0000-0000-000000000000	legacy		AR vs AR	BLD-AR-Curtain Mullions-vs-BLD-AR-Windows  Clash2540
4.2564	1	viewpoint		0	0	00000000-0000-0000-0000-000000000000	legacy		AR vs AR	BLD-AR-Curtain Mullions-vs-BLD-AR-Windows  Clash2541
4.2565	1	viewpoint		0	0	00000000-0000-0000-0000-000000000000	legacy		AR vs AR	BLD-AR-Curtain Mullions-vs-BLD-AR-Windows  Clash2542
4.2566	1	viewpoint		0	0	00000000-0000-0000-0000-000000000000	legacy		AR vs AR	BLD-AR-Curtain Mullions-vs-BLD-AR-Windows  Clash2543
4.2567	1	viewpoint		0	0	00000000-0000-0000-0000-000000000000	legacy		AR vs AR	BLD-AR-Curtain Mullions-vs-BLD-AR-Windows  Clash2544
4.2568	1	viewpoint		0	0	00000000-0000-0000-0000-000000000000	legacy		AR vs AR	BLD-AR-Curtain Mullions-vs-BLD-AR-Windows  Clash2545
4.2569	1	viewpoint		0	0	00000000-0000-0000-0000-000000000000	legacy		AR vs AR	BLD-AR-Curtain Mullions-vs-BLD-AR-Windows  Clash2546
4.2570	1	viewpoint		0	0	00000000-0000-0000-0000-000000000000	legacy		AR vs AR	BLD-AR-Curtain Mullions-vs-BLD-AR-Windows  Clash2547
4.2571	1	viewpoint		0	0	00000000-0000-0000-0000-000000000000	legacy		AR vs AR	BLD-AR-Curtain Mullions-vs-BLD-AR-Windows  Clash2548
4.2572	1	viewpoint		0	0	00000000-0000-0000-0000-000000000000	legacy		AR vs AR	BLD-AR-Curtain Mullions-vs-BLD-AR-Windows  Clash2549
4.2573	1	viewpoint		0	0	00000000-0000-0000-0000-000000000000	legacy		AR vs AR	BLD-AR-Curtain Mullions-vs-BLD-AR-Windows  Clash2550
4.2574	1	viewpoint		0	0	00000000-0000-0000-0000-000000000000	legacy		AR vs AR	BLD-AR-Curtain Mullions-vs-BLD-AR-Windows  Clash2551
4.2575	1	viewpoint		0	0	00000000-0000-0000-0000-000000000000	legacy		AR vs AR	BLD-AR-Curtain Mullions-vs-BLD-AR-Windows  Clash2552
4.2576	1	viewpoint		0	0	00000000-0000-0000-0000-000000000000	legacy		AR vs AR	BLD-AR-Curtain Mullions-vs-BLD-AR-Windows  Clash2553
4.2577	1	viewpoint		0	0	00000000-0000-0000-0000-000000000000	legacy		AR vs AR	BLD-AR-Curtain Mullions-vs-BLD-AR-Windows  Clash2554
4.2578	1	viewpoint		0	0	00000000-0000-0000-0000-000000000000	legacy		AR vs AR	BLD-AR-Curtain Mullions-vs-BLD-AR-Windows  Clash2555
4.2579	1	viewpoint		0	0	00000000-0000-0000-0000-000000000000	legacy		AR vs AR	BLD-AR-Curtain Mullions-vs-BLD-AR-Windows  Clash2556
4.2580	1	viewpoint		0	0	00000000-0000-0000-0000-000000000000	legacy		AR vs AR	BLD-AR-Curtain Mullions-vs-BLD-AR-Windows  Clash2557
4.2581	1	viewpoint		0	0	00000000-0000-0000-0000-000000000000	legacy		AR vs AR	BLD-AR-Curtain Mullions-vs-BLD-AR-Windows  Clash2558
4.2582	1	viewpoint		0	0	00000000-0000-0000-0000-000000000000	legacy		AR vs AR	BLD-AR-Curtain Mullions-vs-BLD-AR-Windows  Clash2559
4.2583	1	viewpoint		0	0	00000000-0000-0000-0000-000000000000	legacy		AR vs AR	BLD-AR-Curtain Mullions-vs-BLD-AR-Windows  Clash2560
4.2584	1	viewpoint		0	0	00000000-0000-0000-0000-000000000000	legacy		AR vs AR	BLD-AR-Curtain Mullions-vs-BLD-AR-Windows  Clash2561
4.2585	1	viewpoint		0	0	00000000-0000-0000-0000-000000000000	legacy		AR vs AR	BLD-AR-Curtain Mullions-vs-BLD-AR-Windows  Clash2562
4.2586	1	viewpoint		0	0	00000000-0000-0000-0000-000000000000	legacy		AR vs AR	BLD-AR-Curtain Mullions-vs-BLD-AR-Windows  Clash2563
4.2587	1	viewpoint		0	0	00000000-0000-0000-0000-000000000000	legacy		AR vs AR	BLD-AR-Curtain Mullions-vs-BLD-AR-Windows  Clash2564
4.2588	1	viewpoint		0	0	00000000-0000-0000-0000-000000000000	legacy		AR vs AR	BLD-AR-Curtain Mullions-vs-BLD-AR-Windows  Clash2565
4.2589	1	viewpoint		0	0	00000000-0000-0000-0000-000000000000	legacy		AR vs AR	BLD-AR-Curtain Mullions-vs-BLD-AR-Windows  Clash2566
4.2590	1	viewpoint		0	0	00000000-0000-0000-0000-000000000000	legacy		AR vs AR	BLD-AR-Curtain Mullions-vs-BLD-AR-Windows  Clash2567
4.2591	1	viewpoint		0	0	00000000-0000-0000-0000-000000000000	legacy		AR vs AR	BLD-AR-Curtain Mullions-vs-BLD-AR-Windows  Clash2568
4.2592	1	viewpoint		0	0	00000000-0000-0000-0000-000000000000	legacy		AR vs AR	BLD-AR-Doors-vs-BLD-AR-Floors  Clash1
4.2593	1	viewpoint		0	0	00000000-0000-0000-0000-000000000000	legacy		AR vs AR	BLD-AR-Doors-vs-BLD-AR-Walls  Clash1
4.2594	1	viewpoint		0	0	00000000-0000-0000-0000-000000000000	legacy		AR vs AR	BLD-AR-Doors-vs-BLD-AR-Walls  Clash2
4.2595	1	viewpoint		0	0	00000000-0000-0000-0000-000000000000	legacy		AR vs AR	BLD-AR-Doors-vs-BLD-AR-Walls  Clash3
4.2596	1	viewpoint		0	0	00000000-0000-0000-0000-000000000000	legacy		AR vs AR	BLD-AR-Doors-vs-BLD-AR-Walls  Clash4
4.2597	1	viewpoint		0	0	00000000-0000-0000-0000-000000000000	legacy		AR vs AR	BLD-AR-Doors-vs-BLD-AR-Walls  Clash5
4.2598	1	viewpoint		0	0	00000000-0000-0000-0000-000000000000	legacy		AR vs AR	BLD-AR-Doors-vs-BLD-AR-Walls  Clash6
4.2599	1	viewpoint		0	0	00000000-0000-0000-0000-000000000000	legacy		AR vs AR	BLD-AR-Doors-vs-BLD-AR-Walls  Clash7
4.2600	1	viewpoint		0	0	00000000-0000-0000-0000-000000000000	legacy		AR vs AR	BLD-AR-Doors-vs-BLD-AR-Walls  Clash8
4.2601	1	viewpoint		0	0	00000000-0000-0000-0000-000000000000	legacy		AR vs AR	BLD-AR-Doors-vs-BLD-AR-Walls  Clash9
4.2602	1	viewpoint		0	0	00000000-0000-0000-0000-000000000000	legacy		AR vs AR	BLD-AR-Doors-vs-BLD-AR-Walls  Clash10
4.2603	1	viewpoint		0	0	00000000-0000-0000-0000-000000000000	legacy		AR vs AR	BLD-AR-Doors-vs-BLD-AR-Walls  Clash11
4.2604	1	viewpoint		0	0	00000000-0000-0000-0000-000000000000	legacy		AR vs AR	BLD-AR-Doors-vs-BLD-AR-Walls  Clash12
4.2605	1	viewpoint		0	0	00000000-0000-0000-0000-000000000000	legacy		AR vs AR	BLD-AR-Doors-vs-BLD-AR-Walls  Clash13
4.2606	1	viewpoint		0	0	00000000-0000-0000-0000-000000000000	legacy		AR vs AR	BLD-AR-Doors-vs-BLD-AR-Walls  Clash14
4.2607	1	viewpoint		0	0	00000000-0000-0000-0000-000000000000	legacy		AR vs AR	BLD-AR-Doors-vs-BLD-AR-Walls  Clash15
4.2608	1	viewpoint		0	0	00000000-0000-0000-0000-000000000000	legacy		AR vs AR	BLD-AR-Doors-vs-BLD-AR-Walls  Clash16
4.2609	1	viewpoint		0	0	00000000-0000-0000-0000-000000000000	legacy		AR vs AR	BLD-AR-Doors-vs-BLD-AR-Walls  Clash17
4.2610	1	viewpoint		0	0	00000000-0000-0000-0000-000000000000	legacy		AR vs AR	BLD-AR-Doors-vs-BLD-AR-Curtain Mullions  Clash1
4.2611	1	viewpoint		0	0	00000000-0000-0000-0000-000000000000	legacy		AR vs AR	BLD-AR-Doors-vs-BLD-AR-Curtain Mullions  Clash2
4.2612	1	viewpoint		0	0	00000000-0000-0000-0000-000000000000	legacy		AR vs AR	BLD-AR-Doors-vs-BLD-AR-Curtain Mullions  Clash3
4.2613	1	viewpoint		0	0	00000000-0000-0000-0000-000000000000	legacy		AR vs AR	BLD-AR-Doors-vs-BLD-AR-Curtain Mullions  Clash4
4.2614	1	viewpoint		0	0	00000000-0000-0000-0000-000000000000	legacy		AR vs AR	BLD-AR-Doors-vs-BLD-AR-Curtain Mullions  Clash5
4.2615	1	viewpoint		0	0	00000000-0000-0000-0000-000000000000	legacy		AR vs AR	BLD-AR-Doors-vs-BLD-AR-Curtain Mullions  Clash6
4.2616	1	viewpoint		0	0	00000000-0000-0000-0000-000000000000	legacy		AR vs AR	BLD-AR-Doors-vs-BLD-AR-Curtain Mullions  Clash7
5	0	folder	33	0		00000000-0000-0000-0000-000000000000	no	2 not a viewpoint		ST vs ST
5.0	1	viewpoint		0	0	00000000-0000-0000-0000-000000000000	legacy		ST vs ST	BLD-ST-Framing-vs-BLD-ST-Columns  Clash1
5.1	1	viewpoint		0	0	00000000-0000-0000-0000-000000000000	legacy		ST vs ST	BLD-ST-Framing-vs-BLD-ST-Columns  Clash2
5.2	1	viewpoint		0	0	00000000-0000-0000-0000-000000000000	legacy		ST vs ST	BLD-ST-Framing-vs-BLD-ST-Columns  Clash3
5.3	1	viewpoint		0	0	00000000-0000-0000-0000-000000000000	legacy		ST vs ST	BLD-ST-Framing-vs-BLD-ST-Columns  Clash4
5.4	1	viewpoint		0	0	00000000-0000-0000-0000-000000000000	legacy		ST vs ST	BLD-ST-Framing-vs-BLD-ST-Columns  Clash5
5.5	1	viewpoint		0	0	00000000-0000-0000-0000-000000000000	legacy		ST vs ST	BLD-ST-Framing-vs-BLD-ST-Columns  Clash6
5.6	1	viewpoint		0	0	00000000-0000-0000-0000-000000000000	legacy		ST vs ST	BLD-ST-Framing-vs-BLD-ST-Columns  Clash7
5.7	1	viewpoint		0	0	00000000-0000-0000-0000-000000000000	legacy		ST vs ST	BLD-ST-Framing-vs-BLD-ST-Columns  Clash8
5.8	1	viewpoint		0	0	00000000-0000-0000-0000-000000000000	legacy		ST vs ST	BLD-ST-Framing-vs-BLD-ST-Columns  Clash9
5.9	1	viewpoint		0	0	00000000-0000-0000-0000-000000000000	legacy		ST vs ST	BLD-ST-Framing-vs-BLD-ST-Columns  Clash10
5.10	1	viewpoint		0	0	00000000-0000-0000-0000-000000000000	legacy		ST vs ST	BLD-ST-Framing-vs-BLD-ST-Columns  Clash11
5.11	1	viewpoint		0	0	00000000-0000-0000-0000-000000000000	legacy		ST vs ST	BLD-ST-Framing-vs-BLD-ST-Columns  Clash12
5.12	1	viewpoint		0	0	00000000-0000-0000-0000-000000000000	legacy		ST vs ST	BLD-ST-Framing-vs-BLD-ST-Columns  Clash13
5.13	1	viewpoint		0	0	00000000-0000-0000-0000-000000000000	legacy		ST vs ST	BLD-ST-Framing-vs-BLD-ST-Columns  Clash14
5.14	1	viewpoint		0	0	00000000-0000-0000-0000-000000000000	legacy		ST vs ST	BLD-ST-Framing-vs-BLD-ST-Columns  Clash15
5.15	1	viewpoint		0	0	00000000-0000-0000-0000-000000000000	legacy		ST vs ST	BLD-ST-Framing-vs-BLD-ST-Columns  Clash16
5.16	1	viewpoint		0	0	00000000-0000-0000-0000-000000000000	legacy		ST vs ST	BLD-ST-Framing-vs-BLD-ST-Columns  Clash17
5.17	1	viewpoint		0	0	00000000-0000-0000-0000-000000000000	legacy		ST vs ST	BLD-ST-Framing-vs-BLD-ST-Columns  Clash18
5.18	1	viewpoint		0	0	00000000-0000-0000-0000-000000000000	legacy		ST vs ST	BLD-ST-Framing-vs-BLD-ST-Columns  Clash19
5.19	1	viewpoint		0	0	00000000-0000-0000-0000-000000000000	legacy		ST vs ST	BLD-ST-Framing-vs-BLD-ST-Columns  Clash20
5.20	1	viewpoint		0	0	00000000-0000-0000-0000-000000000000	legacy		ST vs ST	BLD-ST-Framing-vs-BLD-ST-Columns  Clash21
5.21	1	viewpoint		0	0	00000000-0000-0000-0000-000000000000	legacy		ST vs ST	BLD-ST-Framing-vs-BLD-ST-Columns  Clash22
5.22	1	viewpoint		0	0	00000000-0000-0000-0000-000000000000	legacy		ST vs ST	BLD-ST-Framing-vs-BLD-ST-Columns  Clash23
5.23	1	viewpoint		0	0	00000000-0000-0000-0000-000000000000	legacy		ST vs ST	BLD-ST-Framing-vs-BLD-ST-Columns  Clash24
5.24	1	viewpoint		0	0	00000000-0000-0000-0000-000000000000	legacy		ST vs ST	BLD-ST-Framing-vs-BLD-ST-Columns  Clash25
5.25	1	viewpoint		0	0	00000000-0000-0000-0000-000000000000	legacy		ST vs ST	BLD-ST-Floors-vs-BLD-ST-Columns  Clash1
5.26	1	viewpoint		0	0	00000000-0000-0000-0000-000000000000	legacy		ST vs ST	BLD-ST-Floors-vs-BLD-ST-Columns  Clash2
5.27	1	viewpoint		0	0	00000000-0000-0000-0000-000000000000	legacy		ST vs ST	BLD-ST-Floors-vs-BLD-ST-Columns  Clash3
5.28	1	viewpoint		0	0	00000000-0000-0000-0000-000000000000	legacy		ST vs ST	BLD-ST-Floors-vs-BLD-ST-Columns  Clash4
5.29	1	viewpoint		0	0	00000000-0000-0000-0000-000000000000	legacy		ST vs ST	BLD-ST-Floors-vs-BLD-ST-Columns  Clash5
5.30	1	viewpoint		0	0	00000000-0000-0000-0000-000000000000	legacy		ST vs ST	BLD-ST-Floors-vs-BLD-ST-Columns  Clash6
5.31	1	viewpoint		0	0	00000000-0000-0000-0000-000000000000	legacy		ST vs ST	BLD-ST-Floors-vs-BLD-ST-Framing  Clash1
5.32	1	viewpoint		0	0	00000000-0000-0000-0000-000000000000	legacy		ST vs ST	BLD-ST-Floors-vs-BLD-ST-Framing  Clash2
6	0	folder	9	0		00000000-0000-0000-0000-000000000000	no	2 not a viewpoint		AR vs ME
6.0	1	folder	8	0		00000000-0000-0000-0000-000000000000	no	2 not a viewpoint	AR vs ME	Over 150mm
6.0.0	2	viewpoint		0	0	00000000-0000-0000-0000-000000000000	legacy		AR vs ME/Over 150mm	BLD-ME-Ducts&Duct Fittings-vs-BLD-AR-Walls  Clash1
6.0.1	2	viewpoint		0	0	00000000-0000-0000-0000-000000000000	legacy		AR vs ME/Over 150mm	BLD-ME-Ducts&Duct Fittings-vs-BLD-AR-Walls  Clash2
6.0.2	2	viewpoint		0	0	00000000-0000-0000-0000-000000000000	legacy		AR vs ME/Over 150mm	BLD-ME-Ducts&Duct Fittings-vs-BLD-AR-Walls  Clash3
6.0.3	2	viewpoint		0	0	00000000-0000-0000-0000-000000000000	legacy		AR vs ME/Over 150mm	BLD-ME-Ducts&Duct Fittings-vs-BLD-AR-Walls  Clash4
6.0.4	2	viewpoint		0	0	00000000-0000-0000-0000-000000000000	legacy		AR vs ME/Over 150mm	BLD-ME-Ducts&Duct Fittings-vs-BLD-AR-Walls  Clash5
6.0.5	2	viewpoint		0	0	00000000-0000-0000-0000-000000000000	legacy		AR vs ME/Over 150mm	BLD-ME-Ducts&Duct Fittings-vs-BLD-AR-Walls  Clash6
6.0.6	2	viewpoint		0	0	00000000-0000-0000-0000-000000000000	legacy		AR vs ME/Over 150mm	BLD-ME-Duct Accessory-vs-BLD-AR-Walls  Clash2
6.0.7	2	viewpoint		0	0	00000000-0000-0000-0000-000000000000	legacy		AR vs ME/Over 150mm	BLD-ME-Duct Accessory-vs-BLD-AR-Walls  Clash3
6.1	1	viewpoint		0	0	00000000-0000-0000-0000-000000000000	legacy		AR vs ME	BLD-ME-Mechanical Equipment-vs-BLD-AR-Walls  Clash1
6.2	1	viewpoint		0	0	00000000-0000-0000-0000-000000000000	legacy		AR vs ME	BLD-ME-Mechanical Equipment-vs-BLD-AR-Walls  Clash2
6.3	1	viewpoint		0	0	00000000-0000-0000-0000-000000000000	legacy		AR vs ME	BLD-ME-Mechanical Equipment-vs-BLD-AR-Walls  Clash3
6.4	1	viewpoint		0	0	00000000-0000-0000-0000-000000000000	legacy		AR vs ME	BLD-ME-Air Terminals-vs-BLD-AR-Walls  Clash1
6.5	1	viewpoint		0	0	00000000-0000-0000-0000-000000000000	legacy		AR vs ME	BLD-ME-Air Terminals-vs-BLD-AR-Walls  Clash2
6.6	1	viewpoint		0	0	00000000-0000-0000-0000-000000000000	legacy		AR vs ME	BLD-ME-Air Terminals-vs-BLD-AR-Walls  Clash3
6.7	1	viewpoint		0	0	00000000-0000-0000-0000-000000000000	legacy		AR vs ME	BLD-ME-Air Terminals-vs-BLD-AR-Walls  Clash4
6.8	1	viewpoint		0	0	00000000-0000-0000-0000-000000000000	legacy		AR vs ME	BLD-ME-Air Terminals-vs-BLD-AR-Doors  Clash1
7	0	folder	1	0		00000000-0000-0000-0000-000000000000	no	2 not a viewpoint		ME vs ME
7.0	1	folder	6	0		00000000-0000-0000-0000-000000000000	no	2 not a viewpoint	ME vs ME	Over 150mm
7.0.0	2	viewpoint		0	0	00000000-0000-0000-0000-000000000000	legacy		ME vs ME/Over 150mm	BLD-ME-Duct Accessory-vs-BLD-ME-Ducts&Duct Fittings  Clash1
7.0.1	2	viewpoint		0	0	00000000-0000-0000-0000-000000000000	legacy		ME vs ME/Over 150mm	BLD-ME-Duct Accessory-vs-BLD-ME-Ducts&Duct Fittings  Clash2
7.0.2	2	viewpoint		0	0	00000000-0000-0000-0000-000000000000	legacy		ME vs ME/Over 150mm	BLD-ME-Duct Accessory-vs-BLD-ME-Ducts&Duct Fittings  Clash3
7.0.3	2	viewpoint		0	0	00000000-0000-0000-0000-000000000000	legacy		ME vs ME/Over 150mm	BLD-ME-Duct Accessory-vs-BLD-ME-Ducts&Duct Fittings  Clash4
7.0.4	2	viewpoint		0	0	00000000-0000-0000-0000-000000000000	legacy		ME vs ME/Over 150mm	BLD-ME-Duct Accessory-vs-BLD-ME-Ducts&Duct Fittings  Clash5
7.0.5	2	viewpoint		0	0	00000000-0000-0000-0000-000000000000	legacy		ME vs ME/Over 150mm	BLD-ME-Duct Accessory-vs-BLD-ME-Ducts&Duct Fittings  Clash6
8	0	folder	1	0		00000000-0000-0000-0000-000000000000	no	2 not a viewpoint		ME vs PL
8.0	1	folder	1	0		00000000-0000-0000-0000-000000000000	no	2 not a viewpoint	ME vs PL	Over 150mm
8.0.0	2	viewpoint		0	0	00000000-0000-0000-0000-000000000000	legacy		ME vs PL/Over 150mm	BLD-PL-Pipes & Pipe Fittings-vs-BLD-ME-Ducts&Duct Fittings  Clash1
9	0	folder	17	0		00000000-0000-0000-0000-000000000000	no	2 not a viewpoint		AR vs DR
9.0	1	viewpoint		0	0	00000000-0000-0000-0000-000000000000	legacy		AR vs DR	BLD-DR-Pipes & Pipe Fittings-vs-BLD-AR-Floors  Clash1
9.1	1	viewpoint		0	0	00000000-0000-0000-0000-000000000000	legacy		AR vs DR	BLD-DR-Pipes & Pipe Fittings-vs-BLD-AR-Walls  Clash2
9.2	1	viewpoint		0	0	00000000-0000-0000-0000-000000000000	legacy		AR vs DR	BLD-DR-Pipes & Pipe Fittings-vs-BLD-AR-Walls  Clash3
9.3	1	viewpoint		0	0	00000000-0000-0000-0000-000000000000	legacy		AR vs DR	BLD-DR-Pipes & Pipe Fittings-vs-BLD-AR-Walls  Clash5
9.4	1	viewpoint		0	0	00000000-0000-0000-0000-000000000000	legacy		AR vs DR	BLD-DR-Pipes & Pipe Fittings-vs-BLD-AR-Walls  Clash6
9.5	1	viewpoint		0	0	00000000-0000-0000-0000-000000000000	legacy		AR vs DR	BLD-DR-Pipes & Pipe Fittings-vs-BLD-AR-Walls  Clash8
9.6	1	viewpoint		0	0	00000000-0000-0000-0000-000000000000	legacy		AR vs DR	BLD-DR-Pipes & Pipe Fittings-vs-BLD-AR-Walls  Clash9
9.7	1	viewpoint		0	0	00000000-0000-0000-0000-000000000000	legacy		AR vs DR	BLD-DR-Pipes & Pipe Fittings-vs-BLD-AR-Walls  Clash10
9.8	1	viewpoint		0	0	00000000-0000-0000-0000-000000000000	legacy		AR vs DR	BLD-DR-Pipes & Pipe Fittings-vs-BLD-AR-Walls  Clash11
9.9	1	viewpoint		0	0	00000000-0000-0000-0000-000000000000	legacy		AR vs DR	BLD-DR-Pipes & Pipe Fittings-vs-BLD-AR-Windows  Clash1
9.10	1	viewpoint		0	0	00000000-0000-0000-0000-000000000000	legacy		AR vs DR	BLD-DR-Pipes & Pipe Fittings-vs-BLD-AR-Windows  Clash2
9.11	1	viewpoint		0	0	00000000-0000-0000-0000-000000000000	legacy		AR vs DR	BLD-DR-Plumbing Fixtures-vs-BLD-AR-Floors  Clash1
9.12	1	viewpoint		0	0	00000000-0000-0000-0000-000000000000	legacy		AR vs DR	BLD-DR-Plumbing Fixtures-vs-BLD-AR-Floors  Clash2
9.13	1	viewpoint		0	0	00000000-0000-0000-0000-000000000000	legacy		AR vs DR	BLD-DR-Plumbing Fixtures-vs-BLD-AR-Walls  Clash1
9.14	1	viewpoint		0	0	00000000-0000-0000-0000-000000000000	legacy		AR vs DR	BLD-DR-Plumbing Fixtures-vs-BLD-AR-Walls  Clash2
9.15	1	viewpoint		0	0	00000000-0000-0000-0000-000000000000	legacy		AR vs DR	BLD-DR-Plumbing Fixtures-vs-BLD-AR-Walls  Clash3
9.16	1	viewpoint		0	0	00000000-0000-0000-0000-000000000000	legacy		AR vs DR	BLD-DR-Plumbing Fixtures-vs-BLD-AR-Walls  Clash4
10	0	folder	2	0		00000000-0000-0000-0000-000000000000	no	2 not a viewpoint		DR vs PL
10.0	1	viewpoint		0	0	00000000-0000-0000-0000-000000000000	legacy		DR vs PL	BLD-DR-Pipes & Pipe Fittings-vs-BLD-PL-Pipes & Pipe Fittings  Clash2
10.1	1	viewpoint		0	0	00000000-0000-0000-0000-000000000000	legacy		DR vs PL	BLD-DR-Pipes & Pipe Fittings-vs-BLD-PL-Pipes & Pipe Fittings  Clash7
11	0	folder	2	0		00000000-0000-0000-0000-000000000000	no	2 not a viewpoint		DR vs DR
11.0	1	viewpoint		0	0	00000000-0000-0000-0000-000000000000	legacy		DR vs DR	BLD-DR-Plumbing Fixtures-vs-BLD-DR-Pipes & Pipe Fittings  Clash1
11.1	1	viewpoint		0	0	00000000-0000-0000-0000-000000000000	legacy		DR vs DR	BLD-DR-Plumbing Fixtures-vs-BLD-DR-Pipes & Pipe Fittings  Clash2
12	0	folder	57	0		00000000-0000-0000-0000-000000000000	no	2 not a viewpoint		EL vs ST
12.0	1	folder	42	0		00000000-0000-0000-0000-000000000000	no	2 not a viewpoint	EL vs ST	Over 150mm
12.0.0	2	viewpoint		0	0	00000000-0000-0000-0000-000000000000	legacy		EL vs ST/Over 150mm	BLD-EL-Cable Tray&Cable Tray Fittings-vs-BLD-ST-Columns  Clash1
12.0.1	2	viewpoint		0	0	00000000-0000-0000-0000-000000000000	legacy		EL vs ST/Over 150mm	BLD-EL-Cable Tray&Cable Tray Fittings-vs-BLD-ST-Columns  Clash2
12.0.2	2	viewpoint		0	0	00000000-0000-0000-0000-000000000000	legacy		EL vs ST/Over 150mm	BLD-EL-Cable Tray&Cable Tray Fittings-vs-BLD-ST-Columns  Clash3
12.0.3	2	viewpoint		0	0	00000000-0000-0000-0000-000000000000	legacy		EL vs ST/Over 150mm	BLD-EL-Cable Tray&Cable Tray Fittings-vs-BLD-ST-Columns  Clash4
12.0.4	2	viewpoint		0	0	00000000-0000-0000-0000-000000000000	legacy		EL vs ST/Over 150mm	BLD-EL-Cable Tray&Cable Tray Fittings-vs-BLD-ST-Framing  Clash1
12.0.5	2	viewpoint		0	0	00000000-0000-0000-0000-000000000000	legacy		EL vs ST/Over 150mm	BLD-EL-Cable Tray&Cable Tray Fittings-vs-BLD-ST-Framing  Clash2
12.0.6	2	viewpoint		0	0	00000000-0000-0000-0000-000000000000	legacy		EL vs ST/Over 150mm	BLD-EL-Cable Tray&Cable Tray Fittings-vs-BLD-ST-Framing  Clash3
12.0.7	2	viewpoint		0	0	00000000-0000-0000-0000-000000000000	legacy		EL vs ST/Over 150mm	BLD-EL-Cable Tray&Cable Tray Fittings-vs-BLD-ST-Framing  Clash4
12.0.8	2	viewpoint		0	0	00000000-0000-0000-0000-000000000000	legacy		EL vs ST/Over 150mm	BLD-EL-Cable Tray&Cable Tray Fittings-vs-BLD-ST-Framing  Clash5
12.0.9	2	viewpoint		0	0	00000000-0000-0000-0000-000000000000	legacy		EL vs ST/Over 150mm	BLD-EL-Cable Tray&Cable Tray Fittings-vs-BLD-ST-Walls  Clash1
12.0.10	2	viewpoint		0	0	00000000-0000-0000-0000-000000000000	legacy		EL vs ST/Over 150mm	BLD-EL-Cable Tray&Cable Tray Fittings-vs-BLD-ST-Walls  Clash2
12.0.11	2	viewpoint		0	0	00000000-0000-0000-0000-000000000000	legacy		EL vs ST/Over 150mm	BLD-EL-Cable Tray&Cable Tray Fittings-vs-BLD-ST-Walls  Clash3
12.0.12	2	viewpoint		0	0	00000000-0000-0000-0000-000000000000	legacy		EL vs ST/Over 150mm	BLD-EL-Cable Tray&Cable Tray Fittings-vs-BLD-ST-Walls  Clash4
12.0.13	2	viewpoint		0	0	00000000-0000-0000-0000-000000000000	legacy		EL vs ST/Over 150mm	BLD-EL-Cable Tray&Cable Tray Fittings-vs-BLD-ST-Floors  Clash1
12.0.14	2	viewpoint		0	0	00000000-0000-0000-0000-000000000000	legacy		EL vs ST/Over 150mm	BLD-EL-Cable Tray&Cable Tray Fittings-vs-BLD-ST-Floors  Clash2
12.0.15	2	viewpoint		0	0	00000000-0000-0000-0000-000000000000	legacy		EL vs ST/Over 150mm	BLD-EL-Cable Tray&Cable Tray Fittings-vs-BLD-ST-Floors  Clash3
12.0.16	2	viewpoint		0	0	00000000-0000-0000-0000-000000000000	legacy		EL vs ST/Over 150mm	BLD-EL-Cable Tray&Cable Tray Fittings-vs-BLD-ST-Floors  Clash4
12.0.17	2	viewpoint		0	0	00000000-0000-0000-0000-000000000000	legacy		EL vs ST/Over 150mm	BLD-EL-Conduits & Conduit Fittings-vs-BLD-ST-Columns  Clash1
12.0.18	2	viewpoint		0	0	00000000-0000-0000-0000-000000000000	legacy		EL vs ST/Over 150mm	BLD-EL-Conduits & Conduit Fittings-vs-BLD-ST-Columns  Clash5
12.0.19	2	viewpoint		0	0	00000000-0000-0000-0000-000000000000	legacy		EL vs ST/Over 150mm	BLD-EL-Conduits & Conduit Fittings-vs-BLD-ST-Framing  Clash5
12.0.20	2	viewpoint		0	0	00000000-0000-0000-0000-000000000000	legacy		EL vs ST/Over 150mm	BLD-EL-Conduits & Conduit Fittings-vs-BLD-ST-Framing  Clash8
12.0.21	2	viewpoint		0	0	00000000-0000-0000-0000-000000000000	legacy		EL vs ST/Over 150mm	BLD-EL-Conduits & Conduit Fittings-vs-BLD-ST-Framing  Clash9
12.0.22	2	viewpoint		0	0	00000000-0000-0000-0000-000000000000	legacy		EL vs ST/Over 150mm	BLD-EL-Conduits & Conduit Fittings-vs-BLD-ST-Framing  Clash12
12.0.23	2	viewpoint		0	0	00000000-0000-0000-0000-000000000000	legacy		EL vs ST/Over 150mm	BLD-EL-Conduits & Conduit Fittings-vs-BLD-ST-Framing  Clash13
12.0.24	2	viewpoint		0	0	00000000-0000-0000-0000-000000000000	legacy		EL vs ST/Over 150mm	BLD-EL-Conduits & Conduit Fittings-vs-BLD-ST-Framing  Clash14
12.0.25	2	viewpoint		0	0	00000000-0000-0000-0000-000000000000	legacy		EL vs ST/Over 150mm	BLD-EL-Conduits & Conduit Fittings-vs-BLD-ST-Framing  Clash17
12.0.26	2	viewpoint		0	0	00000000-0000-0000-0000-000000000000	legacy		EL vs ST/Over 150mm	BLD-EL-Conduits & Conduit Fittings-vs-BLD-ST-Framing  Clash18
12.0.27	2	viewpoint		0	0	00000000-0000-0000-0000-000000000000	legacy		EL vs ST/Over 150mm	BLD-EL-Conduits & Conduit Fittings-vs-BLD-ST-Framing  Clash19
12.0.28	2	viewpoint		0	0	00000000-0000-0000-0000-000000000000	legacy		EL vs ST/Over 150mm	BLD-EL-Conduits & Conduit Fittings-vs-BLD-ST-Framing  Clash20
12.0.29	2	viewpoint		0	0	00000000-0000-0000-0000-000000000000	legacy		EL vs ST/Over 150mm	BLD-EL-Conduits & Conduit Fittings-vs-BLD-ST-Framing  Clash24
12.0.30	2	viewpoint		0	0	00000000-0000-0000-0000-000000000000	legacy		EL vs ST/Over 150mm	BLD-EL-Conduits & Conduit Fittings-vs-BLD-ST-Framing  Clash25
12.0.31	2	viewpoint		0	0	00000000-0000-0000-0000-000000000000	legacy		EL vs ST/Over 150mm	BLD-EL-Conduits & Conduit Fittings-vs-BLD-ST-Framing  Clash33
12.0.32	2	viewpoint		0	0	00000000-0000-0000-0000-000000000000	legacy		EL vs ST/Over 150mm	BLD-EL-Conduits & Conduit Fittings-vs-BLD-ST-Framing  Clash34
12.0.33	2	viewpoint		0	0	00000000-0000-0000-0000-000000000000	legacy		EL vs ST/Over 150mm	BLD-EL-Conduits & Conduit Fittings-vs-BLD-ST-Framing  Clash35
12.0.34	2	viewpoint		0	0	00000000-0000-0000-0000-000000000000	legacy		EL vs ST/Over 150mm	BLD-EL-Conduits & Conduit Fittings-vs-BLD-ST-Framing  Clash36
12.0.35	2	viewpoint		0	0	00000000-0000-0000-0000-000000000000	legacy		EL vs ST/Over 150mm	BLD-EL-Conduits & Conduit Fittings-vs-BLD-ST-Walls  Clash5
12.0.36	2	viewpoint		0	0	00000000-0000-0000-0000-000000000000	legacy		EL vs ST/Over 150mm	BLD-EL-Conduits & Conduit Fittings-vs-BLD-ST-Floors  Clash7
12.0.37	2	viewpoint		0	0	00000000-0000-0000-0000-000000000000	legacy		EL vs ST/Over 150mm	BLD-EL-Conduits & Conduit Fittings-vs-BLD-ST-Floors  Clash8
12.0.38	2	viewpoint		0	0	00000000-0000-0000-0000-000000000000	legacy		EL vs ST/Over 150mm	BLD-EL-Conduits & Conduit Fittings-vs-BLD-ST-Floors  Clash9
12.0.39	2	viewpoint		0	0	00000000-0000-0000-0000-000000000000	legacy		EL vs ST/Over 150mm	BLD-EL-Conduits & Conduit Fittings-vs-BLD-ST-Floors  Clash10
12.0.40	2	viewpoint		0	0	00000000-0000-0000-0000-000000000000	legacy		EL vs ST/Over 150mm	BLD-EL-Conduits & Conduit Fittings-vs-BLD-ST-Floors  Clash11
12.0.41	2	viewpoint		0	0	00000000-0000-0000-0000-000000000000	legacy		EL vs ST/Over 150mm	BLD-EL-Conduits & Conduit Fittings-vs-BLD-ST-Floors  Clash17
12.1	1	viewpoint		0	0	00000000-0000-0000-0000-000000000000	legacy		EL vs ST	BLD-EL-Electrical Equipment-vs-BLD-ST-Foundation  Clash1
12.2	1	viewpoint		0	0	00000000-0000-0000-0000-000000000000	legacy		EL vs ST	BLD-EL-Electrical Equipment-vs-BLD-ST-Foundation  Clash2
12.3	1	viewpoint		0	0	00000000-0000-0000-0000-000000000000	legacy		EL vs ST	BLD-EL-Electrical Equipment-vs-BLD-ST-Columns  Clash1
12.4	1	viewpoint		0	0	00000000-0000-0000-0000-000000000000	legacy		EL vs ST	BLD-EL-Electrical Equipment-vs-BLD-ST-Columns  Clash2
12.5	1	viewpoint		0	0	00000000-0000-0000-0000-000000000000	legacy		EL vs ST	BLD-EL-Electrical Equipment-vs-BLD-ST-Columns  Clash3
12.6	1	viewpoint		0	0	00000000-0000-0000-0000-000000000000	legacy		EL vs ST	BLD-EL-Electrical Equipment-vs-BLD-ST-Framing  Clash1
12.7	1	viewpoint		0	0	00000000-0000-0000-0000-000000000000	legacy		EL vs ST	BLD-EL-Electrical Equipment-vs-BLD-ST-Floors  Clash1
12.8	1	viewpoint		0	0	00000000-0000-0000-0000-000000000000	legacy		EL vs ST	BLD-EL-Electrical Equipment-vs-BLD-ST-Floors  Clash2
12.9	1	viewpoint		0	0	00000000-0000-0000-0000-000000000000	legacy		EL vs ST	BLD-EL-Electrical Equipment-vs-BLD-ST-Floors  Clash3
12.10	1	viewpoint		0	0	00000000-0000-0000-0000-000000000000	legacy		EL vs ST	BLD-EL-Lighting Fixtures-vs-BLD-ST-Columns  Clash1
12.11	1	viewpoint		0	0	00000000-0000-0000-0000-000000000000	legacy		EL vs ST	BLD-EL-Lighting Fixtures-vs-BLD-ST-Framing  Clash1
12.12	1	viewpoint		0	0	00000000-0000-0000-0000-000000000000	legacy		EL vs ST	BLD-EL-Lighting Fixtures-vs-BLD-ST-Framing  Clash2
12.13	1	viewpoint		0	0	00000000-0000-0000-0000-000000000000	legacy		EL vs ST	BLD-EL-Lighting Fixtures-vs-BLD-ST-Framing  Clash3
12.14	1	viewpoint		0	0	00000000-0000-0000-0000-000000000000	legacy		EL vs ST	BLD-EL-Lighting Fixtures-vs-BLD-ST-Walls  Clash1
12.15	1	viewpoint		0	0	00000000-0000-0000-0000-000000000000	legacy		EL vs ST	BLD-EL-Lighting Fixtures-vs-BLD-ST-Walls  Clash2
12.16	1	viewpoint		0	0	00000000-0000-0000-0000-000000000000	legacy		EL vs ST	BLD-EL-Lighting Fixtures-vs-BLD-ST-Walls  Clash3
12.17	1	viewpoint		0	0	00000000-0000-0000-0000-000000000000	legacy		EL vs ST	BLD-EL-Lighting Fixtures-vs-BLD-ST-Floors  Clash1
12.18	1	viewpoint		0	0	00000000-0000-0000-0000-000000000000	legacy		EL vs ST	BLD-EL-Lighting Fixtures-vs-BLD-ST-Floors  Clash2
12.19	1	viewpoint		0	0	00000000-0000-0000-0000-000000000000	legacy		EL vs ST	BLD-EL-Lighting Fixtures-vs-BLD-ST-Floors  Clash3
12.20	1	viewpoint		0	0	00000000-0000-0000-0000-000000000000	legacy		EL vs ST	BLD-EL-Lighting Fixtures-vs-BLD-ST-Floors  Clash4
12.21	1	viewpoint		0	0	00000000-0000-0000-0000-000000000000	legacy		EL vs ST	BLD-EL-Lighting Fixtures-vs-BLD-ST-Floors  Clash5
12.22	1	viewpoint		0	0	00000000-0000-0000-0000-000000000000	legacy		EL vs ST	BLD-EL-Lighting Fixtures-vs-BLD-ST-Floors  Clash6
12.23	1	viewpoint		0	0	00000000-0000-0000-0000-000000000000	legacy		EL vs ST	BLD-EL-Lighting Fixtures-vs-BLD-ST-Floors  Clash7
12.24	1	viewpoint		0	0	00000000-0000-0000-0000-000000000000	legacy		EL vs ST	BLD-EL-Lighting Fixtures-vs-BLD-ST-Floors  Clash8
12.25	1	viewpoint		0	0	00000000-0000-0000-0000-000000000000	legacy		EL vs ST	BLD-EL-Lighting Fixtures-vs-BLD-ST-Floors  Clash9
12.26	1	viewpoint		0	0	00000000-0000-0000-0000-000000000000	legacy		EL vs ST	BLD-EL-Lighting Fixtures-vs-BLD-ST-Floors  Clash10
12.27	1	viewpoint		0	0	00000000-0000-0000-0000-000000000000	legacy		EL vs ST	BLD-EL-Lighting Fixtures-vs-BLD-ST-Floors  Clash11
12.28	1	viewpoint		0	0	00000000-0000-0000-0000-000000000000	legacy		EL vs ST	BLD-EL-Lighting Fixtures-vs-BLD-ST-Floors  Clash12
12.29	1	viewpoint		0	0	00000000-0000-0000-0000-000000000000	legacy		EL vs ST	BLD-EL-Lighting Fixtures-vs-BLD-ST-Floors  Clash13
12.30	1	viewpoint		0	0	00000000-0000-0000-0000-000000000000	legacy		EL vs ST	BLD-EL-Lighting Fixtures-vs-BLD-ST-Floors  Clash14
12.31	1	viewpoint		0	0	00000000-0000-0000-0000-000000000000	legacy		EL vs ST	BLD-EL-Lighting Fixtures-vs-BLD-ST-Floors  Clash15
12.32	1	viewpoint		0	0	00000000-0000-0000-0000-000000000000	legacy		EL vs ST	BLD-EL-Lighting Fixtures-vs-BLD-ST-Floors  Clash16
12.33	1	viewpoint		0	0	00000000-0000-0000-0000-000000000000	legacy		EL vs ST	BLD-EL-Lighting Fixtures-vs-BLD-ST-Floors  Clash17
12.34	1	viewpoint		0	0	00000000-0000-0000-0000-000000000000	legacy		EL vs ST	BLD-EL-Lighting Fixtures-vs-BLD-ST-Floors  Clash18
12.35	1	viewpoint		0	0	00000000-0000-0000-0000-000000000000	legacy		EL vs ST	BLD-EL-Lighting Fixtures-vs-BLD-ST-Floors  Clash19
12.36	1	viewpoint		0	0	00000000-0000-0000-0000-000000000000	legacy		EL vs ST	BLD-EL-Lighting Fixtures-vs-BLD-ST-Floors  Clash20
12.37	1	viewpoint		0	0	00000000-0000-0000-0000-000000000000	legacy		EL vs ST	BLD-EL-Lighting Fixtures-vs-BLD-ST-Floors  Clash21
12.38	1	viewpoint		0	0	00000000-0000-0000-0000-000000000000	legacy		EL vs ST	BLD-EL-Lighting Fixtures-vs-BLD-ST-Floors  Clash22
12.39	1	viewpoint		0	0	00000000-0000-0000-0000-000000000000	legacy		EL vs ST	BLD-EL-Lighting Fixtures-vs-BLD-ST-Floors  Clash23
12.40	1	viewpoint		0	0	00000000-0000-0000-0000-000000000000	legacy		EL vs ST	BLD-EL-Fire Alarm Devices-vs-BLD-ST-Floors  Clash1
12.41	1	viewpoint		0	0	00000000-0000-0000-0000-000000000000	legacy		EL vs ST	BLD-EL-Fire Alarm Devices-vs-BLD-ST-Floors  Clash2
12.42	1	viewpoint		0	0	00000000-0000-0000-0000-000000000000	legacy		EL vs ST	BLD-EL-Fire Alarm Devices-vs-BLD-ST-Floors  Clash3
12.43	1	viewpoint		0	0	00000000-0000-0000-0000-000000000000	legacy		EL vs ST	BLD-EL-Fire Alarm Devices-vs-BLD-ST-Floors  Clash4
12.44	1	viewpoint		0	0	00000000-0000-0000-0000-000000000000	legacy		EL vs ST	BLD-EL-Fire Alarm Devices-vs-BLD-ST-Floors  Clash5
12.45	1	viewpoint		0	0	00000000-0000-0000-0000-000000000000	legacy		EL vs ST	BLD-EL-Fire Alarm Devices-vs-BLD-ST-Floors  Clash6
12.46	1	viewpoint		0	0	00000000-0000-0000-0000-000000000000	legacy		EL vs ST	BLD-EL-Fire Alarm Devices-vs-BLD-ST-Floors  Clash7
12.47	1	viewpoint		0	0	00000000-0000-0000-0000-000000000000	legacy		EL vs ST	BLD-EL-Fire Alarm Devices-vs-BLD-ST-Floors  Clash8
12.48	1	viewpoint		0	0	00000000-0000-0000-0000-000000000000	legacy		EL vs ST	BLD-EL-Data Devices-vs-BLD-ST-Framing  Clash1
12.49	1	viewpoint		0	0	00000000-0000-0000-0000-000000000000	legacy		EL vs ST	BLD-EL-Data Devices-vs-BLD-ST-Framing  Clash2
12.50	1	viewpoint		0	0	00000000-0000-0000-0000-000000000000	legacy		EL vs ST	BLD-EL-Data Devices-vs-BLD-ST-Floors  Clash1
12.51	1	viewpoint		0	0	00000000-0000-0000-0000-000000000000	legacy		EL vs ST	BLD-EL-Data Devices-vs-BLD-ST-Floors  Clash2
12.52	1	viewpoint		0	0	00000000-0000-0000-0000-000000000000	legacy		EL vs ST	BLD-EL-Data Devices-vs-BLD-ST-Floors  Clash3
12.53	1	viewpoint		0	0	00000000-0000-0000-0000-000000000000	legacy		EL vs ST	BLD-EL-Data Devices-vs-BLD-ST-Floors  Clash4
12.54	1	viewpoint		0	0	00000000-0000-0000-0000-000000000000	legacy		EL vs ST	BLD-EL-Data Devices-vs-BLD-ST-Floors  Clash5
12.55	1	viewpoint		0	0	00000000-0000-0000-0000-000000000000	legacy		EL vs ST	BLD-EL-Data Devices-vs-BLD-ST-Floors  Clash6
12.56	1	viewpoint		0	0	00000000-0000-0000-0000-000000000000	legacy		EL vs ST	BLD-EL-Data Devices-vs-BLD-ST-Floors  Clash7
13	0	folder	3	0		00000000-0000-0000-0000-000000000000	no	2 not a viewpoint		EL vs EL
13.0	1	folder	9	0		00000000-0000-0000-0000-000000000000	no	2 not a viewpoint	EL vs EL	Over 150mm
13.0.0	2	viewpoint		0	0	00000000-0000-0000-0000-000000000000	legacy		EL vs EL/Over 150mm	BLD-EL-Electrical Equipment-vs-BLD-EL-Cable Tray&Cable Tray Fittings  Clash1
13.0.1	2	viewpoint		0	0	00000000-0000-0000-0000-000000000000	legacy		EL vs EL/Over 150mm	BLD-EL-Conduits & Conduit Fittings-vs-BLD-EL-Cable Tray&Cable Tray Fittings  Clash1
13.0.2	2	viewpoint		0	0	00000000-0000-0000-0000-000000000000	legacy		EL vs EL/Over 150mm	BLD-EL-Conduits & Conduit Fittings-vs-BLD-EL-Cable Tray&Cable Tray Fittings  Clash2
13.0.3	2	viewpoint		0	0	00000000-0000-0000-0000-000000000000	legacy		EL vs EL/Over 150mm	BLD-EL-Conduits & Conduit Fittings-vs-BLD-EL-Electrical Equipment  Clash1
13.0.4	2	viewpoint		0	0	00000000-0000-0000-0000-000000000000	legacy		EL vs EL/Over 150mm	BLD-EL-Conduits & Conduit Fittings-vs-BLD-EL-Electrical Equipment  Clash2
13.0.5	2	viewpoint		0	0	00000000-0000-0000-0000-000000000000	legacy		EL vs EL/Over 150mm	BLD-EL-Conduits & Conduit Fittings-vs-BLD-EL-Electrical Equipment  Clash4
13.0.6	2	viewpoint		0	0	00000000-0000-0000-0000-000000000000	legacy		EL vs EL/Over 150mm	BLD-EL-Conduits & Conduit Fittings-vs-BLD-EL-Electrical Fixtures  Clash1
13.0.7	2	viewpoint		0	0	00000000-0000-0000-0000-000000000000	legacy		EL vs EL/Over 150mm	BLD-EL-Conduits & Conduit Fittings-vs-BLD-EL-Electrical Fixtures  Clash2
13.0.8	2	viewpoint		0	0	00000000-0000-0000-0000-000000000000	legacy		EL vs EL/Over 150mm	BLD-EL-Conduits & Conduit Fittings-vs-BLD-EL-Electrical Fixtures  Clash3
13.1	1	viewpoint		0	0	00000000-0000-0000-0000-000000000000	legacy		EL vs EL	BLD-EL-Lighting Devices-vs-BLD-EL-Electrical Equipment  Clash1
13.2	1	viewpoint		0	0	00000000-0000-0000-0000-000000000000	legacy		EL vs EL	BLD-EL-Fire Alarm Devices-vs-BLD-EL-Lighting Fixtures  Clash1
14	0	folder	3	0		00000000-0000-0000-0000-000000000000	no	2 not a viewpoint		ST vs UNKNOWN
14.0	1	viewpoint		0	0	00000000-0000-0000-0000-000000000000	legacy		ST vs UNKNOWN	BLD-Security Devices-vs-BLD-ST-Framing  Clash1
14.1	1	viewpoint		0	0	00000000-0000-0000-0000-000000000000	legacy		ST vs UNKNOWN	BLD-Security Devices-vs-BLD-ST-Framing  Clash2
14.2	1	viewpoint		0	0	00000000-0000-0000-0000-000000000000	legacy		ST vs UNKNOWN	BLD-Security Devices-vs-BLD-ST-Framing  Clash3
15	0	folder	7	0		00000000-0000-0000-0000-000000000000	no	2 not a viewpoint		EL vs UNKNOWN
15.0	1	folder	1	0		00000000-0000-0000-0000-000000000000	no	2 not a viewpoint	EL vs UNKNOWN	Over 150mm
15.0.0	2	viewpoint		0	0	00000000-0000-0000-0000-000000000000	legacy		EL vs UNKNOWN/Over 150mm	BLD-Security Devices-vs-BLD-EL-Cable Tray&Cable Tray Fittings  Clash1
15.1	1	viewpoint		0	0	00000000-0000-0000-0000-000000000000	legacy		EL vs UNKNOWN	BLD-Security Devices-vs-BLD-EL-Electrical Equipment  Clash1
15.2	1	viewpoint		0	0	00000000-0000-0000-0000-000000000000	legacy		EL vs UNKNOWN	BLD-Security Devices-vs-BLD-EL-Lighting Devices  Clash1
15.3	1	viewpoint		0	0	00000000-0000-0000-0000-000000000000	legacy		EL vs UNKNOWN	BLD-Security Devices-vs-BLD-EL-Lighting Devices  Clash2
15.4	1	viewpoint		0	0	00000000-0000-0000-0000-000000000000	legacy		EL vs UNKNOWN	BLD-Security Devices-vs-BLD-EL-Lighting Devices  Clash3
15.5	1	viewpoint		0	0	00000000-0000-0000-0000-000000000000	legacy		EL vs UNKNOWN	BLD-Security Devices-vs-BLD-EL-Lighting Devices  Clash4
15.6	1	viewpoint		0	0	00000000-0000-0000-0000-000000000000	legacy		EL vs UNKNOWN	BLD-Security Devices-vs-BLD-EL-Lighting Devices  Clash5
